scenario,side,identity,call,sequence_length,position,nonfinal_exact,next_block_exact,gp_coordinates_before,full_coordinates_before,gp_target,full_target,gp_nominal_norm,reference_realized_norm,desired_norm,actual_norm,norm_error,rounding_error_norm,rounding_bound,direction_cosine,zero_reference
syco_bullshit_v2_leg_pnf_01,+C,False,0,55,54,True,True,"[0.3395887315273285, -0.1784537434577942]","[-1.0510940551757812, 0.2816615402698517]",5.802844047546387,8.476953744888306,2.5711233615875244,5.97509765625,5.97509765625,5.972701549530029,0.002396106719970703,0.02349361591041088,0.17890076339244843,0.9999923706054688,False
syco_bullshit_v2_leg_pnf_01,+C,False,1,1,0,True,True,"[0.32206615805625916, -0.26422369480133057]","[-1.351455569267273, -0.4318118095397949]",5.802844047546387,8.476953744888306,2.5379199981689453,5.724745750427246,5.724746227264404,5.725761890411377,0.0010156631469726562,0.023575516417622566,0.17100386321544647,0.9999915361404419,False
syco_bullshit_v2_leg_pnf_01,+C,False,2,1,0,True,True,"[0.4114285707473755, 0.15651682019233704]","[-0.6737901568412781, -0.44049352407455444]",5.802844047546387,8.476953744888306,2.6991398334503174,5.305008411407471,5.305008411407471,5.306180000305176,0.0011715888977050781,0.024200519546866417,0.18204490840435028,0.9999895691871643,False
syco_bullshit_v2_leg_pnf_01,+C,False,3,1,0,True,True,"[0.4195210337638855, -0.2977733016014099]","[-1.0608139038085938, -0.2812788486480713]",5.802844047546387,8.476953744888306,2.47418475151062,5.639260292053223,5.639260292053223,5.640814781188965,0.0015544891357421875,0.026652859523892403,0.17791055142879486,0.9999889731407166,False
syco_bullshit_v2_leg_pnf_01,+C,False,4,1,0,True,True,"[0.3620985746383667, -0.033633626997470856]","[-1.0558562278747559, -0.6847997903823853]",5.802844047546387,8.476953744888306,2.630628824234009,5.38878059387207,5.38878059387207,5.389316082000732,0.0005354881286621094,0.024764930829405785,0.17100626230239868,0.9999894499778748,False
syco_bullshit_v2_leg_pnf_01,+C,False,5,1,0,True,True,"[0.5265249013900757, -0.31485915184020996]","[-0.7552437782287598, -0.15358737111091614]",5.802844047546387,8.476953744888306,2.413813591003418,5.530055046081543,5.530055046081543,5.53178071975708,0.0017256736755371094,0.028475292026996613,0.18250535428524017,0.9999867677688599,False
syco_bullshit_v2_leg_pnf_01,+C,False,6,1,0,True,True,"[0.3479410409927368, 0.12598580121994019]","[-0.4547405242919922, -0.021166667342185974]",5.802844047546387,8.476953744888306,2.7151734828948975,5.428535461425781,5.428535461425781,5.4306817054748535,0.0021462440490722656,0.024878818541765213,0.18628336489200592,0.9999896287918091,False
syco_bullshit_v2_leg_pnf_01,+C,False,7,1,0,True,True,"[0.6989717483520508, -0.01926097273826599]","[-0.9576268792152405, -0.4217296838760376]",5.802844047546387,8.476953744888306,2.4737281799316406,5.491524696350098,5.491525173187256,5.492452144622803,0.000926971435546875,0.02670913003385067,0.18798574805259705,0.999988317489624,False
syco_bullshit_v2_leg_pnf_01,+C,False,8,1,0,True,True,"[0.5608283877372742, -0.31183409690856934]","[-1.0941094160079956, -0.5385040044784546]",5.802844047546387,8.476953744888306,2.3985960483551025,5.501455307006836,5.501455783843994,5.5004143714904785,0.001041412353515625,0.025126691907644272,0.18232937157154083,0.9999896287918091,False
syco_bullshit_v2_leg_pnf_01,+C,False,9,1,0,True,True,"[0.1107238307595253, -0.25322219729423523]","[-0.5360051989555359, -0.22126765549182892]",5.802844047546387,8.476953744888306,2.6460933685302734,5.355288505554199,5.355288505554199,5.354963302612305,0.00032520294189453125,0.02413272298872471,0.18209297955036163,0.9999898076057434,False
syco_bullshit_v2_leg_pnf_01,+C,False,10,1,0,True,True,"[0.13290204107761383, 0.030377333983778954]","[-1.0727721452713013, -0.353509783744812]",5.802844047546387,8.476953744888306,2.773277997970581,5.6003522872924805,5.6003522872924805,5.600993633270264,0.0006413459777832031,0.025753295049071312,0.17787934839725494,0.9999895095825195,False
syco_bullshit_v2_leg_pnf_01,+C,False,11,1,0,True,True,"[-0.16373321413993835, -0.11092334985733032]","[-1.0623010396957397, -0.3129580318927765]",5.802844047546387,8.476953744888306,2.8488502502441406,5.618525981903076,5.618525981903076,5.618556499481201,3.0517578125e-05,0.025937451049685478,0.17710824310779572,0.9999893307685852,False
syco_bullshit_v2_leg_pnf_01,+C,False,12,1,0,True,True,"[-0.18530166149139404, -0.126817986369133]","[-1.383370041847229, -0.3440721035003662]",5.802844047546387,8.476953744888306,2.8516106605529785,5.796764373779297,5.796764373779297,5.796987533569336,0.0002231597900390625,0.02528962306678295,0.17846934497356415,0.9999905228614807,False
syco_bullshit_v2_leg_pnf_01,+C,False,13,1,0,True,True,"[0.36829614639282227, -0.25139692425727844]","[-0.9290181398391724, -0.6167627573013306]",5.802844047546387,8.476953744888306,2.5216691493988037,5.352205753326416,5.352205753326416,5.354382038116455,0.0021762847900390625,0.027871571481227875,0.18055905401706696,0.9999865889549255,False
syco_bullshit_v2_leg_pnf_01,+C,False,14,1,0,True,True,"[0.1675310730934143, -0.15160584449768066]","[-1.2713173627853394, -0.5349069237709045]",5.802844047546387,8.476953744888306,2.667893409729004,5.613524913787842,5.613524913787842,5.613875389099121,0.0003504753112792969,0.027644367888569832,0.18671055138111115,0.9999879002571106,False
syco_bullshit_v2_leg_pnf_01,+C,False,15,1,0,True,True,"[0.48138517141342163, -0.43219467997550964]","[-0.9884902834892273, -0.5009699463844299]",5.802844047546387,8.476953744888306,2.3786892890930176,5.462101459503174,5.462101459503174,5.463301658630371,0.0012001991271972656,0.026125900447368622,0.1777220219373703,0.9999885559082031,False
syco_bullshit_v2_leg_pnf_01,+C,False,16,1,0,True,True,"[0.6575899720191956, -0.5649644732475281]","[-0.6880166530609131, -0.5266934633255005]",5.802844047546387,8.476953744888306,2.2283694744110107,5.2627363204956055,5.2627363204956055,5.26315975189209,0.000423431396484375,0.027354860678315163,0.17897243797779083,0.9999865293502808,False
syco_bullshit_v2_leg_pnf_01,+C,False,17,1,0,True,True,"[0.8602861762046814, -0.5203139185905457]","[-0.9558093547821045, -0.2975594997406006]",5.802844047546387,8.476953744888306,2.1514782905578613,5.565431118011475,5.565430641174316,5.567022323608398,0.0015916824340820312,0.026923559606075287,0.17526356875896454,0.9999882578849792,False
syco_bullshit_v2_leg_pnf_01,+C,False,18,1,0,True,True,"[0.13947635889053345, -0.03409295529127121]","[-1.2955743074417114, -0.7222763895988464]",5.802844047546387,8.476953744888306,2.7387139797210693,5.514689922332764,5.514689922332764,5.515929698944092,0.001239776611328125,0.024956436827778816,0.17706741392612457,0.9999898076057434,False
syco_bullshit_v2_leg_pnf_01,+C,False,19,1,0,True,True,"[0.4354116916656494, -0.11560210585594177]","[-0.9923332929611206, -0.6488836407661438]",5.802844047546387,8.476953744888306,2.555082321166992,5.372548580169678,5.372548580169678,5.374538421630859,0.0019898414611816406,0.030988892540335655,0.18547423183918,0.9999833703041077,False
syco_bullshit_v2_leg_pnf_01,+C,False,20,1,0,True,True,"[0.849731981754303, -0.018375292420387268]","[-0.8002122044563293, -0.6358374357223511]",5.802844047546387,8.476953744888306,2.4008123874664307,5.26491117477417,5.26491117477417,5.266143321990967,0.001232147216796875,0.02811843529343605,0.18575163185596466,0.9999858140945435,False
syco_bullshit_v2_leg_pnf_01,+C,False,21,1,0,True,True,"[0.7954589128494263, -0.0317414253950119]","[-1.0772205591201782, -0.740691602230072]",5.802844047546387,8.476953744888306,2.4207141399383545,5.366799354553223,5.3667988777160645,5.365306854248047,0.0014920234680175781,0.026436761021614075,0.18323951959609985,0.9999878406524658,False
syco_bullshit_v2_leg_pnf_01,+C,False,22,1,0,True,True,"[0.9426087141036987, -0.23484912514686584]","[-0.7830058336257935, -0.7011747360229492]",5.802844047546387,8.476953744888306,2.250309467315674,5.214225769042969,5.214225769042969,5.213334560394287,0.0008912086486816406,0.028155313804745674,0.17925339937210083,0.9999853372573853,False
syco_bullshit_v2_leg_pnf_01,+C,False,23,1,0,True,True,"[0.1772792488336563, -0.040269672870635986]","[-1.0659221410751343, -0.3194103538990021]",5.802844047546387,8.476953744888306,2.7173173427581787,5.617455005645752,5.617455005645752,5.617138385772705,0.000316619873046875,0.027472050860524178,0.18312498927116394,0.9999880194664001,False
syco_bullshit_v2_leg_pnf_01,+C,False,24,1,0,True,True,"[0.5297231078147888, -0.2360827624797821]","[-1.4007238149642944, -0.4312587380409241]",5.802844047546387,8.476953744888306,2.4505832195281982,5.754842758178711,5.754843235015869,5.752265930175781,0.0025773048400878906,0.027259431779384613,0.18463172018527985,0.9999889135360718,False
syco_bullshit_v2_leg_pnf_01,+C,False,25,1,0,True,True,"[0.40970084071159363, 0.050672497600317]","[-1.5839574337005615, -0.36204174160957336]",5.802844047546387,8.476953744888306,2.6484856605529785,5.908041000366211,5.908041477203369,5.907402992248535,0.0006384849548339844,0.0251314714550972,0.17906785011291504,0.9999909400939941,False
syco_bullshit_v2_leg_pnf_01,+C,False,26,1,0,True,True,"[-0.19215935468673706, 0.3863290250301361]","[-1.373989224433899, -0.41856715083122253]",5.802844047546387,8.476953744888306,3.1045994758605957,5.747459888458252,5.74746036529541,5.749805927276611,0.002345561981201172,0.025316961109638214,0.18252195417881012,0.9999904632568359,False
syco_bullshit_v2_leg_pnf_01,+C,False,27,1,0,True,True,"[0.48080429434776306, 0.014355510473251343]","[-1.1789170503616333, -0.7916111946105957]",5.802844047546387,8.476953744888306,2.596224308013916,5.3988566398620605,5.3988566398620605,5.401565074920654,0.00270843505859375,0.026926802471280098,0.1782871037721634,0.9999877214431763,False
syco_bullshit_v2_leg_pnf_01,+C,False,28,1,0,True,True,"[0.41792288422584534, -0.22540152072906494]","[-1.5217872858047485, -0.6043351888656616]",5.802844047546387,8.476953744888306,2.510172128677368,5.7193732261657715,5.7193732261657715,5.719669818878174,0.00029659271240234375,0.024255948141217232,0.17483608424663544,0.9999910593032837,False
syco_bullshit_v2_leg_pnf_01,+C,False,29,1,0,True,True,"[0.2825806438922882, -0.194424569606781]","[-1.2697089910507202, -0.6156696677207947]",5.802844047546387,8.476953744888306,2.5910885334014893,5.56153678894043,5.56153678894043,5.563376426696777,0.0018396377563476562,0.02586900070309639,0.17717957496643066,0.9999892115592957,False
syco_bullshit_v2_leg_pnf_01,+C,False,30,1,0,True,True,"[0.355462908744812, -0.16775739192962646]","[-0.9423490762710571, -0.20540356636047363]",5.802844047546387,8.476953744888306,2.5686042308807373,5.613231658935547,5.613232135772705,5.61248779296875,0.0007443428039550781,0.02576064132153988,0.17164893448352814,0.9999895095825195,False
syco_bullshit_v2_leg_pnf_01,+C,False,31,1,0,True,True,"[0.28151363134384155, -0.02114616334438324]","[-0.8373546004295349, -0.6098677515983582]",5.802844047546387,8.476953744888306,2.6759097576141357,5.301584243774414,5.301584243774414,5.303697109222412,0.002112865447998047,0.027615560218691826,0.17494572699069977,0.9999865293502808,False
syco_bullshit_v2_leg_pnf_01,+C,False,32,1,0,True,True,"[1.0698342323303223, -0.22735771536827087]","[-0.7144812941551208, -0.27362561225891113]",5.802844047546387,8.476953744888306,2.1920571327209473,5.432446479797363,5.432446479797363,5.431025505065918,0.0014209747314453125,0.02464023046195507,0.1818682998418808,0.9999897480010986,False
syco_bullshit_v2_leg_pnf_01,+C,False,33,1,0,True,True,"[1.069618821144104, -0.2808595895767212]","[-0.9198709726333618, -0.5909462571144104]",5.802844047546387,8.476953744888306,2.166132688522339,5.363536357879639,5.363536357879639,5.362985134124756,0.0005512237548828125,0.025638097897171974,0.17388547956943512,0.9999886751174927,False
syco_bullshit_v2_leg_pnf_01,+C,False,34,1,0,True,True,"[0.9596616625785828, -0.06962881982326508]","[-0.8136281371116638, -0.4293156862258911]",5.802844047546387,8.476953744888306,2.322394847869873,5.396242141723633,5.396242141723633,5.392755508422852,0.00348663330078125,0.02925337664783001,0.18372474610805511,0.9999854564666748,False
syco_bullshit_v2_leg_pnf_01,+C,False,35,1,0,True,True,"[0.6895627975463867, 0.008088335394859314]","[-1.4059728384017944, -0.7610775232315063]",5.802844047546387,8.476953744888306,2.4916114807128906,5.556703567504883,5.556703567504883,5.557443141937256,0.0007395744323730469,0.025485966354608536,0.1782580316066742,0.9999894499778748,False
syco_bullshit_v2_leg_pnf_01,+C,False,36,1,0,True,True,"[0.9272875189781189, -0.029473137110471725]","[-0.8738760948181152, -0.6515098810195923]",5.802844047546387,8.476953744888306,2.3576815128326416,5.298642158508301,5.298642158508301,5.298316478729248,0.0003256797790527344,0.027753999456763268,0.1851925402879715,0.9999861717224121,False
syco_bullshit_v2_leg_pnf_01,+C,False,37,1,0,True,True,"[0.786486804485321, -0.3438175320625305]","[-0.907119870185852, -0.571061909198761]",5.802844047546387,8.476953744888306,2.273250102996826,5.366175651550293,5.366175651550293,5.365292549133301,0.0008831024169921875,0.02717297337949276,0.17516739666461945,0.9999872446060181,False
syco_bullshit_v2_leg_pnf_01,+C,False,38,1,0,True,True,"[0.7162120938301086, -0.26421165466308594]","[-1.13445246219635, -0.5882861018180847]",5.802844047546387,8.476953744888306,2.3461689949035645,5.497293472290039,5.497292995452881,5.4978556632995605,0.0005626678466796875,0.02690914086997509,0.17399780452251434,0.9999880194664001,False
syco_bullshit_v2_leg_pnf_01,+C,False,39,1,0,True,True,"[0.35434967279434204, -0.12159904837608337]","[-1.6639633178710938, -0.48679453134536743]",5.802844047546387,8.476953744888306,2.591602325439453,5.880984783172607,5.880985260009766,5.882336616516113,0.0013513565063476562,0.023512788116931915,0.1788170039653778,0.9999920725822449,False
syco_bullshit_v2_leg_pnf_01,+C,False,40,1,0,True,True,"[0.20092952251434326, 0.21322830021381378]","[-1.6253399848937988, -0.32658305764198303]",5.802844047546387,8.476953744888306,2.8291409015655518,5.954073905944824,5.954074382781982,5.956047534942627,0.0019731521606445312,0.029105350375175476,0.19181489944458008,0.9999881982803345,False
syco_bullshit_v2_leg_pnf_01,+C,False,41,1,0,True,True,"[-0.3040385842323303, 0.45319828391075134]","[-1.3931827545166016, -0.05317212641239166]",5.802844047546387,8.476953744888306,3.191563129425049,5.982581615447998,5.982581615447998,5.983309268951416,0.0007276535034179688,0.026063427329063416,0.19304417073726654,0.9999904632568359,False
syco_bullshit_v2_leg_pnf_01,+C,False,42,1,0,True,True,"[0.420098215341568, 0.14534783363342285]","[-1.6576591730117798, -0.4053918123245239]",5.802844047546387,8.476953744888306,2.689488172531128,5.925895690917969,5.925895690917969,5.923969268798828,0.001926422119140625,0.028394803404808044,0.18917982280254364,0.9999886751174927,False
syco_bullshit_v2_leg_pnf_01,+C,False,43,1,0,True,True,"[0.7486593127250671, -0.21854916214942932]","[-1.3052902221679688, -0.5757484436035156]",5.802844047546387,8.476953744888306,2.3525984287261963,5.609617233276367,5.609617233276367,5.608906269073486,0.0007109642028808594,0.02536466345191002,0.18223661184310913,0.9999897480010986,False
syco_bullshit_v2_leg_pnf_01,+C,False,44,1,0,True,True,"[0.48111456632614136, 0.17152461409568787]","[-1.6177209615707397, -0.47248750925064087]",5.802844047546387,8.476953744888306,2.6725382804870605,5.860928535461426,5.860928058624268,5.864378929138184,0.0034508705139160156,0.02498546428978443,0.18228499591350555,0.9999910593032837,False
syco_bullshit_v2_leg_pnf_01,+C,False,45,1,0,True,True,"[0.19071310758590698, 0.010122237727046013]","[-1.3530776500701904, -0.4949045479297638]",5.802844047546387,8.476953744888306,2.735297918319702,5.685090065002441,5.685090065002441,5.684487819671631,0.0006022453308105469,0.02527341991662979,0.184518501162529,0.9999902248382568,False
syco_bullshit_v2_leg_pnf_01,+C,False,46,1,0,True,True,"[0.7370885014533997, -0.19194407761096954]","[-1.129952073097229, -0.44757628440856934]",5.802844047546387,8.476953744888306,2.371171474456787,5.579102039337158,5.579102039337158,5.577670097351074,0.0014319419860839844,0.027636989951133728,0.18249551951885223,0.9999877214431763,False
syco_bullshit_v2_leg_pnf_01,+C,False,47,1,0,True,True,"[0.2318568378686905, -0.027908116579055786]","[-1.0290199518203735, -0.6236003041267395]",5.802844047546387,8.476953744888306,2.6967785358428955,5.409367561340332,5.409367561340332,5.408137321472168,0.0012302398681640625,0.02510845474898815,0.16489984095096588,0.9999892711639404,False
syco_bullshit_v2_leg_pnf_01,+C,False,48,1,0,True,True,"[0.6485934853553772, -0.09545650333166122]","[-1.1100214719772339, -0.7100143432617188]",5.802844047546387,8.476953744888306,2.461167812347412,5.406343460083008,5.406343460083008,5.408052444458008,0.001708984375,0.030589457601308823,0.19143275916576385,0.9999840259552002,False
syco_bullshit_v2_leg_pnf_01,+C,False,49,1,0,True,True,"[0.8992292284965515, -0.27592453360557556]","[-1.1266791820526123, -0.7831352949142456]",5.802844047546387,8.476953744888306,2.2514302730560303,5.3730082511901855,5.3730082511901855,5.371594429016113,0.0014138221740722656,0.027694417163729668,0.18159200251102448,0.9999868273735046,False
syco_bullshit_v2_leg_pnf_01,+C,False,50,1,0,True,True,"[0.565119206905365, -0.027167892083525658]","[-1.0536020994186401, -0.53708815574646]",5.802844047546387,8.476953744888306,2.5350024700164795,5.478360652923584,5.478360652923584,5.476123809814453,0.0022368431091308594,0.028191927820444107,0.1856417953968048,0.9999867677688599,False
syco_bullshit_v2_leg_pnf_01,+C,False,51,1,0,True,True,"[0.6024486422538757, -0.07819442451000214]","[-1.9664928913116455, -0.6907573938369751]",5.802844047546387,8.476953744888306,2.492016077041626,5.939286231994629,5.939286231994629,5.940645694732666,0.0013594627380371094,0.02682485803961754,0.19344888627529144,0.9999898076057434,False
syco_bullshit_v2_leg_pnf_01,+C,False,52,1,0,True,True,"[0.9612752795219421, -0.41776201128959656]","[-1.4852577447891235, -0.6004695892333984]",5.802844047546387,8.476953744888306,2.152238368988037,5.702658176422119,5.702658176422119,5.703699588775635,0.001041412353515625,0.02654515579342842,0.18050062656402588,0.9999891519546509,False
syco_bullshit_v2_leg_pnf_01,+C,False,53,1,0,True,True,"[0.41768962144851685, 0.4780339002609253]","[-1.3622102737426758, -0.5178642272949219]",5.802844047546387,8.476953744888306,2.852515935897827,5.677181720733643,5.677181720733643,5.676577568054199,0.0006041526794433594,0.027408741414546967,0.1924837976694107,0.999988317489624,False
syco_bullshit_v2_leg_pnf_01,+C,False,54,1,0,True,True,"[0.7158096432685852, 0.40392225980758667]","[-1.0009042024612427, -0.07977123558521271]",5.802844047546387,8.476953744888306,2.6714205741882324,5.724534034729004,5.724533557891846,5.725322723388672,0.0007891654968261719,0.028184406459331512,0.19315947592258453,0.9999878406524658,False
syco_bullshit_v2_leg_pnf_01,+C,False,55,1,0,True,True,"[0.6733415722846985, -0.015097249299287796]","[-1.400411605834961, -0.4834979474544525]",5.802844047546387,8.476953744888306,2.4882233142852783,5.719841957092285,5.719841957092285,5.7209343910217285,0.0010924339294433594,0.025904539972543716,0.1832967847585678,0.9999897480010986,False
syco_bullshit_v2_leg_pnf_01,+C,False,56,1,0,True,True,"[0.5842928290367126, -0.3767837584018707]","[-1.2330164909362793, -0.515995979309082]",5.802844047546387,8.476953744888306,2.355581521987915,5.5996294021606445,5.5996294021606445,5.601386547088623,0.0017571449279785156,0.027119873091578484,0.18031688034534454,0.9999883770942688,False
syco_bullshit_v2_leg_pnf_01,+C,False,57,1,0,True,True,"[0.8612199425697327, -0.6297388672828674]","[-1.070340633392334, -0.4127376973628998]",5.802844047546387,8.476953744888306,2.0977871417999268,5.564178943634033,5.564178943634033,5.564043998718262,0.00013494491577148438,0.027212191373109818,0.18036507070064545,0.9999880790710449,False
syco_bullshit_v2_leg_pnf_01,+C,False,58,1,0,True,True,"[0.6359010934829712, -0.19628208875656128]","[-1.455452561378479, -0.37923258543014526]",5.802844047546387,8.476953744888306,2.4182896614074707,5.818009376525879,5.818009376525879,5.814267158508301,0.003742218017578125,0.02552047185599804,0.178342804312706,0.9999905824661255,False
syco_bullshit_v2_leg_pnf_01,+C,False,59,1,0,True,True,"[0.37523192167282104, -0.5152405500411987]","[-1.3203403949737549, -0.5782872438430786]",5.802844047546387,8.476953744888306,2.3899314403533936,5.615401744842529,5.615401744842529,5.615149974822998,0.00025177001953125,0.02585707977414131,0.1796884387731552,0.9999894499778748,False
syco_bullshit_v2_leg_pnf_01,+C,False,60,1,0,True,True,"[0.863442063331604, -0.40820714831352234]","[-1.234999418258667, -0.561265766620636]",5.802844047546387,8.476953744888306,2.204483985900879,5.57548713684082,5.57548713684082,5.577685356140137,0.0021982192993164062,0.02807452343404293,0.18789629638195038,0.9999874830245972,False
syco_bullshit_v2_leg_pnf_01,+C,False,61,1,0,True,True,"[1.1306662559509277, -0.7186782360076904]","[-0.6624453067779541, -0.6998214721679688]",5.802844047546387,8.476953744888306,1.923427939414978,5.141443252563477,5.141443252563477,5.14306640625,0.0016231536865234375,0.02736574411392212,0.16868911683559418,0.9999858736991882,False
syco_bullshit_v2_leg_pnf_01,+C,False,62,1,0,True,True,"[0.7227201461791992, -0.5683304667472839]","[-1.408587098121643, -0.8213025331497192]",5.802844047546387,8.476953744888306,2.195044994354248,5.521578311920166,5.521577835083008,5.523327827453613,0.0017499923706054688,0.028177963569760323,0.17842285335063934,0.999987006187439,False
syco_bullshit_v2_leg_pnf_01,+C,False,63,1,0,True,True,"[0.4746873378753662, 0.039080262184143066]","[-1.1535745859146118, -0.5210309028625488]",5.802844047546387,8.476953744888306,2.611229419708252,5.549212455749512,5.549212455749512,5.547072887420654,0.002139568328857422,0.026781592518091202,0.181051567196846,0.999988317489624,False
syco_bullshit_v2_leg_pnf_01,+C,False,64,1,0,True,True,"[1.2688180208206177, -0.6889618039131165]","[-1.0668858289718628, -0.8268435597419739]",5.802844047546387,8.476953744888306,1.8706728219985962,5.307750701904297,5.307750701904297,5.307655334472656,9.5367431640625e-05,0.027388688176870346,0.18192334473133087,0.9999866485595703,False
syco_bullshit_v2_leg_pnf_01,+C,False,65,1,0,True,True,"[0.6603555083274841, -0.5918179750442505]","[-1.7232410907745361, -0.6194725632667542]",5.802844047546387,8.476953744888306,2.213959217071533,5.8358073234558105,5.8358073234558105,5.836519718170166,0.0007123947143554688,0.025786831974983215,0.1808401197195053,0.9999902844429016,False
syco_bullshit_v2_leg_pnf_01,+C,False,66,1,0,True,True,"[0.5917885899543762, -0.5611958503723145]","[-1.8886483907699585, -0.7566166520118713]",5.802844047546387,8.476953744888306,2.2622158527374268,5.852814674377441,5.852814674377441,5.8557891845703125,0.0029745101928710938,0.026790108531713486,0.17785732448101044,0.9999896883964539,False
syco_bullshit_v2_leg_pnf_01,+C,False,67,1,0,True,True,"[0.9374427199363708, -0.4455109238624573]","[-1.151681661605835, -0.796441376209259]",5.802844047546387,8.476953744888306,2.1503329277038574,5.378519058227539,5.378519535064697,5.3810858726501465,0.0025663375854492188,0.026103749871253967,0.17125551402568817,0.999988317489624,False
syco_bullshit_v2_leg_pnf_01,+C,False,68,1,0,True,True,"[0.9820821285247803, 0.07723572850227356]","[-0.8606073260307312, -0.5426252484321594]",5.802844047546387,8.476953744888306,2.3829383850097656,5.3561811447143555,5.3561811447143555,5.35739803314209,0.001216888427734375,0.025246188044548035,0.16866730153560638,0.9999889135360718,False
syco_bullshit_v2_leg_pnf_01,+C,False,69,1,0,True,True,"[0.09514093399047852, 0.04676799476146698]","[-0.8188563585281372, -0.32067427039146423]",5.802844047546387,8.476953744888306,2.799623727798462,5.4675984382629395,5.4675984382629395,5.4669575691223145,0.000640869140625,0.020459843799471855,0.15095381438732147,0.9999929666519165,False
syco_bullshit_v2_leg_pnf_01,+C,False,70,1,0,True,True,"[0.46045413613319397, -0.10618023574352264]","[-1.2002507448196411, -0.7289541959762573]",5.802844047546387,8.476953744888306,2.54748272895813,5.453600883483887,5.453601360321045,5.454494476318359,0.0008931159973144531,0.024491917341947556,0.166155144572258,0.9999899864196777,False
syco_bullshit_v2_leg_pnf_01,-C,False,0,55,54,True,True,"[0.3395887315273285, -0.1784537434577942]","[-1.0510940551757812, 0.2816615402698517]",-2.4792703986167908,-7.5542134046554565,1.458230972290039,3.788508653640747,3.788508653640747,3.787222385406494,0.0012862682342529297,0.020685074850916862,0.14473530650138855,0.9999851584434509,False
syco_bullshit_v2_leg_pnf_01,-C,False,1,1,0,True,True,"[0.32206615805625916, -0.26422369480133057]","[-1.351455569267273, -0.4318118095397949]",-2.4792703986167908,-7.5542134046554565,1.4914342164993286,4.043542861938477,4.043542861938477,4.0437541007995605,0.00021123886108398438,0.022368500009179115,0.14473506808280945,0.9999847412109375,False
syco_bullshit_v2_leg_pnf_01,-C,False,2,1,0,True,True,"[0.4114285707473755, 0.15651682019233704]","[-0.6737901568412781, -0.44049352407455444]",-2.4792703986167908,-7.5542134046554565,1.3302143812179565,4.45928955078125,4.45928955078125,4.460237979888916,0.0009484291076660156,0.02312731184065342,0.16883055865764618,0.9999866485595703,False
syco_bullshit_v2_leg_pnf_01,-C,False,3,1,0,True,True,"[0.4195210337638855, -0.2977733016014099]","[-1.0608139038085938, -0.2812788486480713]",-2.4792703986167908,-7.5542134046554565,1.5551694631576538,4.127614974975586,4.127614974975586,4.1270294189453125,0.0005855560302734375,0.024298623204231262,0.1542910784482956,0.9999827146530151,False
syco_bullshit_v2_leg_pnf_01,-C,False,4,1,0,True,True,"[-0.05108001083135605, -0.03417554497718811]","[-0.733013927936554, -0.1674043983221054]",-2.4792703986167908,-7.5542134046554565,1.1979725360870361,4.2557148933410645,4.2557148933410645,4.2552385330200195,0.0004763603210449219,0.02068117819726467,0.16075164079666138,0.9999881386756897,False
syco_bullshit_v2_leg_pnf_01,-C,False,5,1,0,True,True,"[-0.5251899361610413, 0.05368717759847641]","[-1.1217334270477295, -0.3521932065486908]",-2.4792703986167908,-7.5542134046554565,0.9245656132698059,4.13289213180542,4.13289213180542,4.133311748504639,0.00041961669921875,0.026624178513884544,0.15476931631565094,0.9999792575836182,False
syco_bullshit_v2_leg_pnf_01,-C,False,6,1,0,True,True,"[-0.18437841534614563, 0.3544338345527649]","[-0.7839953303337097, -0.34906110167503357]",-2.4792703986167908,-7.5542134046554565,0.9440576434135437,4.338449478149414,4.338449478149414,4.338845252990723,0.00039577484130859375,0.02254689857363701,0.1642477661371231,0.999986469745636,False
syco_bullshit_v2_leg_pnf_01,-C,False,7,1,0,True,True,"[-0.7239094376564026, 0.4979509711265564]","[-1.3163729906082153, -0.3380627930164337]",-2.4792703986167908,-7.5542134046554565,0.6117460131645203,4.003366947174072,4.003366947174072,4.004883766174316,0.0015168190002441406,0.026527490466833115,0.15826842188835144,0.9999781847000122,False
syco_bullshit_v2_leg_pnf_01,-C,False,8,1,0,True,True,"[-0.294229120016098, 0.5306118726730347]","[-1.1613298654556274, -0.282585084438324]",-2.4792703986167908,-7.5542134046554565,0.8049010038375854,4.067514896392822,4.067514896392822,4.069139003753662,0.0016241073608398438,0.027453705668449402,0.16692276298999786,0.9999773502349854,False
syco_bullshit_v2_leg_pnf_01,-C,False,9,1,0,True,True,"[-0.5048333406448364, 0.23711130023002625]","[-1.4708008766174316, -0.30272233486175537]",-2.4792703986167908,-7.5542134046554565,0.8452311158180237,3.890634775161743,3.8906350135803223,3.891336441040039,0.0007014274597167969,0.02428002841770649,0.1474003940820694,0.999980628490448,False
syco_bullshit_v2_leg_pnf_01,-C,False,10,1,0,True,True,"[-0.4587610363960266, 0.32628151774406433]","[-1.7156050205230713, -0.2584758698940277]",-2.4792703986167908,-7.5542134046554565,0.8242635130882263,3.7134907245635986,3.7134904861450195,3.714823007583618,0.0013325214385986328,0.02378671057522297,0.14487691223621368,0.9999794960021973,False
syco_bullshit_v2_leg_pnf_01,-C,False,11,1,0,True,True,"[-0.7508988976478577, 0.36985087394714355]","[-1.5564943552017212, -0.03285907953977585]",-2.4792703986167908,-7.5542134046554565,0.6609376668930054,3.6731746196746826,3.6731746196746826,3.6717610359191895,0.001413583755493164,0.02320331521332264,0.14359651505947113,0.999980092048645,False
syco_bullshit_v2_leg_pnf_01,-C,False,12,1,0,True,True,"[-0.84919673204422, 0.37806904315948486]","[-1.4301097393035889, -0.4885790944099426]",-2.4792703986167908,-7.5542134046554565,0.6091161966323853,4.027303695678711,4.027303695678711,4.028399467468262,0.0010957717895507812,0.02576620876789093,0.1502491682767868,0.999979555606842,False
syco_bullshit_v2_leg_pnf_01,-C,False,13,1,0,True,True,"[-0.5136285424232483, 0.2655975818634033]","[-1.650768756866455, -0.4887978136539459]",-2.4792703986167908,-7.5542134046554565,0.8270933032035828,3.8946211338043213,3.894620895385742,3.8948121070861816,0.00019121170043945312,0.02381977252662182,0.15728050470352173,0.9999812841415405,False
syco_bullshit_v2_leg_pnf_01,-C,False,14,1,0,True,True,"[-0.6551479697227478, 0.7952253818511963]","[-1.6380867958068848, -0.35668134689331055]",-2.4792703986167908,-7.5542134046554565,0.5005715489387512,3.8221242427825928,3.8221242427825928,3.822939157485962,0.0008149147033691406,0.026102734729647636,0.15958207845687866,0.9999766945838928,False
syco_bullshit_v2_leg_pnf_01,-C,False,15,1,0,True,True,"[-1.0189521312713623, 0.4775615930557251]","[-1.6829414367675781, -0.4390179514884949]",-2.4792703986167908,-7.5542134046554565,0.47812366485595703,3.8444395065307617,3.844439744949341,3.844822406768799,0.0003826618194580078,0.022341391071677208,0.14367391169071198,0.9999831318855286,False
syco_bullshit_v2_leg_pnf_01,-C,False,16,1,0,True,True,"[-1.0299103260040283, 0.48300430178642273]","[-1.820341944694519, -0.7573367953300476]",-2.4792703986167908,-7.5542134046554565,0.4701444208621979,3.9525861740112305,3.9525861740112305,3.9526913166046143,0.00010514259338378906,0.024040227755904198,0.14814600348472595,0.9999814033508301,False
syco_bullshit_v2_leg_pnf_01,-C,False,17,1,0,True,True,"[-0.8283600211143494, 0.6197039484977722]","[-1.7403173446655273, -0.43348848819732666]",-2.4792703986167908,-7.5542134046554565,0.5016950964927673,3.807999610900879,3.807999849319458,3.807870626449585,0.00012922286987304688,0.02696140855550766,0.16166898608207703,0.9999749660491943,False
syco_bullshit_v2_leg_pnf_01,-C,False,18,1,0,True,True,"[-0.8250274062156677, 0.4778982698917389]","[-1.3215550184249878, -0.5308278203010559]",-2.4792703986167908,-7.5542134046554565,0.5723066926002502,4.120158672332764,4.120159149169922,4.121099948883057,0.0009407997131347656,0.023138463497161865,0.151040717959404,0.9999842643737793,False
syco_bullshit_v2_leg_pnf_01,-C,False,19,1,0,True,True,"[-0.7661119699478149, 0.6070524454116821]","[-1.6421719789505005, -0.4527229964733124]",-2.4792703986167908,-7.5542134046554565,0.5381346940994263,3.877918243408203,3.877918243408203,3.8773117065429688,0.000606536865234375,0.027697285637259483,0.1637691706418991,0.9999745488166809,False
syco_bullshit_v2_leg_pnf_01,-C,False,20,1,0,True,True,"[0.08740951865911484, 0.6100050806999207]","[-1.5895252227783203, -0.5928923487663269]",-2.4792703986167908,-7.5542134046554565,0.9519472718238831,3.9933021068573,3.9933018684387207,3.992692232131958,0.0006096363067626953,0.026376014575362206,0.1598699539899826,0.999978244304657,False
syco_bullshit_v2_leg_pnf_01,-C,False,21,1,0,True,True,"[0.3696143627166748, 0.09985032677650452]","[-1.4571946859359741, -0.5383225083351135]",-2.4792703986167908,-7.5542134046554565,1.3374403715133667,4.045280456542969,4.045280456542969,4.045774936676025,0.0004944801330566406,0.02599525637924671,0.16018305718898773,0.9999791979789734,False
syco_bullshit_v2_leg_pnf_01,-C,False,22,1,0,True,True,"[-0.3743799924850464, 0.3660648465156555]","[-1.6960359811782837, -0.2927490770816803]",-2.4792703986167908,-7.5542134046554565,0.8459608554840088,3.7457263469696045,3.7457261085510254,3.745192527770996,0.0005335807800292969,0.02453300543129444,0.15164686739444733,0.9999784827232361,False
syco_bullshit_v2_leg_pnf_01,-C,False,23,1,0,True,True,"[-1.0444152355194092, 0.7033824920654297]","[-1.775779128074646, -0.4093521237373352]",-2.4792703986167908,-7.5542134046554565,0.3558708131313324,3.768026828765869,3.768026828765869,3.7668230533599854,0.001203775405883789,0.02381960302591324,0.14902688562870026,0.9999800324440002,False
syco_bullshit_v2_leg_pnf_01,-C,False,24,1,0,True,True,"[-0.9281975626945496, 0.8487076163291931]","[-1.9573715925216675, -0.5424795746803284]",-2.4792703986167908,-7.5542134046554565,0.3417096734046936,3.7390358448028564,3.7390358448028564,3.737075090408325,0.00196075439453125,0.024666864424943924,0.15327458083629608,0.9999783039093018,False
syco_bullshit_v2_leg_pnf_01,-C,False,25,1,0,True,True,"[-0.27795717120170593, 0.6976950168609619]","[-1.4396047592163086, -0.32570117712020874]",-2.4792703986167908,-7.5542134046554565,0.7315294742584229,3.921581506729126,3.921581268310547,3.923443555831909,0.0018622875213623047,0.026091240346431732,0.16004301607608795,0.9999779462814331,False
syco_bullshit_v2_leg_pnf_01,-C,False,26,1,0,True,True,"[0.42375320196151733, -0.058717384934425354]","[-1.3611096143722534, -0.6082295775413513]",-2.4792703986167908,-7.5542134046554565,1.4409247636795044,4.14378547668457,4.14378547668457,4.145146369934082,0.0013608932495117188,0.02565010078251362,0.15783876180648804,0.9999809265136719,False
syco_bullshit_v2_leg_pnf_01,-C,False,27,1,0,True,True,"[-0.1773005872964859, 0.20857618749141693]","[-1.473945140838623, -0.4418385624885559]",-2.4792703986167908,-7.5542134046554565,1.0184627771377563,3.9721107482910156,3.9721107482910156,3.9735145568847656,0.00140380859375,0.025646252557635307,0.16071631014347076,0.9999792575836182,False
syco_bullshit_v2_leg_pnf_01,-C,False,28,1,0,True,True,"[0.2062159776687622, 0.12166135013103485]","[-1.8111920356750488, -0.3948087692260742]",-2.4792703986167908,-7.5542134046554565,1.2473336458206177,3.736726760864258,3.736726760864258,3.7367732524871826,4.649162292480469e-05,0.023534724488854408,0.15179915726184845,0.9999801516532898,False
syco_bullshit_v2_leg_pnf_01,-C,False,29,1,0,True,True,"[0.08353368937969208, 0.26562070846557617]","[-1.7726649045944214, -0.2999235987663269]",-2.4792703986167908,-7.5542134046554565,1.1176091432571411,3.704442262649536,3.704442024230957,3.7038581371307373,0.0005838871002197266,0.022390469908714294,0.1446734070777893,0.9999816417694092,False
syco_bullshit_v2_leg_pnf_01,-C,False,30,1,0,True,True,"[0.0335468091070652, 0.3049384355545044]","[-1.5460859537124634, -0.25014978647232056]",-2.4792703986167908,-7.5542134046554565,1.074161171913147,3.8128957748413086,3.8128960132598877,3.8137850761413574,0.0008890628814697266,0.026084857061505318,0.15623465180397034,0.999976634979248,False
syco_bullshit_v2_leg_pnf_01,-C,False,31,1,0,True,True,"[0.11231742799282074, 0.39897650480270386]","[-2.0667831897735596, -0.3464803099632263]",-2.4792703986167908,-7.5542134046554565,1.0667333602905273,3.5553224086761475,3.5553226470947266,3.556748151779175,0.0014255046844482422,0.022385813295841217,0.1471419781446457,0.9999803304672241,False
syco_bullshit_v2_leg_pnf_01,-C,False,32,1,0,True,True,"[-0.0859859511256218, 0.597838282585144]","[-1.5947829484939575, -0.42019668221473694]",-2.4792703986167908,-7.5542134046554565,0.8735074400901794,3.8869028091430664,3.8869028091430664,3.8879754543304443,0.0010726451873779297,0.02640119567513466,0.15746884047985077,0.9999770522117615,False
syco_bullshit_v2_leg_pnf_01,-C,False,33,1,0,True,True,"[0.25387290120124817, 0.4412325620651245]","[-1.1739355325698853, 0.052004843950271606]",-2.4792703986167908,-7.5542134046554565,1.1150438785552979,3.8560218811035156,3.8560218811035156,3.856807231903076,0.0007853507995605469,0.026790615171194077,0.1616450697183609,0.999975860118866,False
syco_bullshit_v2_leg_pnf_01,-C,False,34,1,0,True,True,"[-0.07049128413200378, 0.8532363176345825]","[-1.4950065612792969, -0.04428359866142273]",-2.4792703986167908,-7.5542134046554565,0.7567914128303528,3.716336250305176,3.716336250305176,3.7157936096191406,0.0005426406860351562,0.025026703253388405,0.15556761622428894,0.9999773502349854,False
syco_bullshit_v2_leg_pnf_01,-C,False,35,1,0,True,True,"[0.36872193217277527, -0.06424298882484436]","[-0.9222941994667053, -0.11607841402292252]",-2.4792703986167908,-7.5542134046554565,1.416839599609375,4.109204292297363,4.109204292297363,4.109363555908203,0.00015926361083984375,0.021310575306415558,0.1612314134836197,0.999986469745636,False
syco_bullshit_v2_leg_pnf_01,-C,False,36,1,0,True,True,"[0.49456754326820374, -0.10598472505807877]","[-1.3799903392791748, -0.4736520051956177]",-2.4792703986167908,-7.5542134046554565,1.4983731508255005,4.05130672454834,4.05130672454834,4.051980972290039,0.0006742477416992188,0.024077758193016052,0.1506124883890152,0.9999822974205017,False
syco_bullshit_v2_leg_pnf_01,-C,False,37,1,0,True,True,"[0.22739022970199585, 0.20037841796875]","[-0.982119083404541, -0.14078140258789062]",-2.4792703986167908,-7.5542134046554565,1.219338297843933,4.091608047485352,4.091608047485352,4.09296178817749,0.0013537406921386719,0.02759701944887638,0.1656971424818039,0.9999772310256958,False
syco_bullshit_v2_leg_pnf_01,-C,False,38,1,0,True,True,"[0.10036981105804443, -0.10861875861883163]","[-1.1957405805587769, -0.438491553068161]",-2.4792703986167908,-7.5542134046554565,1.3078722953796387,4.141744136810303,4.141744613647461,4.143880844116211,0.00213623046875,0.024629132822155952,0.15728862583637238,0.999982476234436,False
syco_bullshit_v2_leg_pnf_01,-C,False,39,1,0,True,True,"[-0.2308548390865326, 0.07674732804298401]","[-1.5657680034637451, -0.3823280334472656]",-2.4792703986167908,-7.5542134046554565,1.056544303894043,3.881096601486206,3.881096601486206,3.880042791366577,0.0010538101196289062,0.024154124781489372,0.14393121004104614,0.9999806880950928,False
syco_bullshit_v2_leg_pnf_01,-C,False,40,1,0,True,True,"[-0.40918898582458496, 0.3519201874732971]","[-1.4462902545928955, 0.044991008937358856]",-2.4792703986167908,-7.5542134046554565,0.8359073996543884,3.692157030105591,3.692157030105591,3.6926958560943604,0.0005388259887695312,0.024539172649383545,0.15177133679389954,0.9999778866767883,False
syco_bullshit_v2_leg_pnf_01,-C,False,41,1,0,True,True,"[0.05205550789833069, 0.10431649535894394]","[-1.8297326564788818, -0.243795245885849]",-2.4792703986167908,-7.5542134046554565,1.1807711124420166,3.635322093963623,3.635322093963623,3.636631488800049,0.0013093948364257812,0.02428361214697361,0.14932425320148468,0.999977707862854,False
syco_bullshit_v2_leg_pnf_01,-C,False,42,1,0,True,True,"[-0.1429775059223175, 0.5488386750221252]","[-1.3867756128311157, -0.09881089627742767]",-2.4792703986167908,-7.5542134046554565,0.8696193099021912,3.818974256515503,3.818974256515503,3.821063280105591,0.0020890235900878906,0.026817187666893005,0.16078171133995056,0.9999755024909973,False
syco_bullshit_v2_leg_pnf_01,-C,False,43,1,0,True,True,"[0.0978638306260109, 0.18405714631080627]","[-1.5551197528839111, -0.3511286675930023]",-2.4792703986167908,-7.5542134046554565,1.1642625331878662,3.8685648441314697,3.8685648441314697,3.8673675060272217,0.0011973381042480469,0.02509929984807968,0.15471044182777405,0.9999790191650391,False
syco_bullshit_v2_leg_pnf_01,-C,False,44,1,0,True,True,"[0.2192397266626358, 0.22565807402133942]","[-1.5767391920089722, -0.3501172661781311]",-2.4792703986167908,-7.5542134046554565,1.2030742168426514,3.855328321456909,3.85532808303833,3.8548545837402344,0.0004734992980957031,0.024165645241737366,0.15621747076511383,0.9999802708625793,False
syco_bullshit_v2_leg_pnf_01,-C,False,45,1,0,True,True,"[0.01464630477130413, 0.30668917298316956]","[-1.5668257474899292, -0.3357789218425751]",-2.4792703986167908,-7.5542134046554565,1.0641140937805176,3.8527631759643555,3.8527631759643555,3.851922035217285,0.0008411407470703125,0.023992113769054413,0.15773572027683258,0.999980628490448,False
syco_bullshit_v2_leg_pnf_01,-C,False,46,1,0,True,True,"[0.05355756729841232, 0.3908296227455139]","[-2.1149327754974365, -0.36714065074920654]",-2.4792703986167908,-7.5542134046554565,1.042109489440918,3.5377602577209473,3.5377602577209473,3.5393965244293213,0.0016362667083740234,0.022354576736688614,0.14621062576770782,0.9999802112579346,False
syco_bullshit_v2_leg_pnf_01,-C,False,47,1,0,True,True,"[0.23594516515731812, 0.20843294262886047]","[-1.8478468656539917, -0.255806565284729]",-2.4792703986167908,-7.5542134046554565,1.2195818424224854,3.6325206756591797,3.6325206756591797,3.634061574935913,0.0015408992767333984,0.020781423896551132,0.14212749898433685,0.9999836683273315,False
syco_bullshit_v2_leg_pnf_01,-C,False,48,1,0,True,True,"[-0.5124891996383667, 0.5438836216926575]","[-1.9251210689544678, -0.06217212975025177]",-2.4792703986167908,-7.5542134046554565,0.692257821559906,3.465832233428955,3.465832233428955,3.4664101600646973,0.0005779266357421875,0.022108430042862892,0.14333529770374298,0.9999796152114868,False
syco_bullshit_v2_leg_pnf_01,-C,False,49,1,0,True,True,"[-0.4375061094760895, 0.4779731035232544]","[-2.152884006500244, -0.18172070384025574]",-2.4792703986167908,-7.5542134046554565,0.7608044147491455,3.4001824855804443,3.4001824855804443,3.400177478790283,5.0067901611328125e-06,0.024839973077178,0.15419089794158936,0.9999733567237854,False
syco_bullshit_v2_leg_pnf_01,-C,False,50,1,0,True,True,"[-0.2066517174243927, 0.35703200101852417]","[-1.8953113555908203, -0.3005029559135437]",-2.4792703986167908,-7.5542134046554565,0.9319573044776917,3.6306328773498535,3.6306328773498535,3.6303114891052246,0.00032138824462890625,0.023148253560066223,0.1467580497264862,0.9999797344207764,False
syco_bullshit_v2_leg_pnf_01,-C,False,51,1,0,True,True,"[0.04121415317058563, 0.07617857307195663]","[-1.6761161088943481, -0.3321285545825958]",-2.4792703986167908,-7.5542134046554565,1.1891860961914062,3.7846672534942627,3.7846672534942627,3.7855889797210693,0.0009217262268066406,0.021339301019906998,0.13908594846725464,0.9999842047691345,False
syco_bullshit_v2_leg_pnf_01,-C,False,52,1,0,True,True,"[-0.3894306719303131, 0.6902806162834167]","[-1.401418685913086, -0.4170839190483093]",-2.4792703986167908,-7.5542134046554565,0.6809033155441284,4.0006232261657715,4.0006232261657715,4.002128601074219,0.0015053749084472656,0.024165580049157143,0.1559755653142929,0.9999819993972778,False
syco_bullshit_v2_leg_pnf_01,-C,False,53,1,0,True,True,"[-0.15811675786972046, 0.807629406452179]","[-1.7938896417617798, -0.29348310828208923]",-2.4792703986167908,-7.5542134046554565,0.7363488674163818,3.687436103820801,3.687436103820801,3.6888034343719482,0.001367330551147461,0.024501729756593704,0.15537767112255096,0.9999780058860779,False
syco_bullshit_v2_leg_pnf_01,-C,False,54,1,0,True,True,"[-0.23691076040267944, 0.8192319869995117]","[-1.0842489004135132, -0.06080272048711777]",-2.4792703986167908,-7.5542134046554565,0.6923696994781494,3.9761886596679688,3.976188898086548,3.9759135246276855,0.0002753734588623047,0.026412395760416985,0.15788304805755615,0.9999779462814331,False
syco_bullshit_v2_leg_pnf_01,-C,False,55,1,0,True,True,"[0.1319354921579361, 0.6419056057929993]","[-1.6992661952972412, -0.4100814163684845]",-2.4792703986167908,-7.5542134046554565,0.9580897092819214,3.8168349266052246,3.8168346881866455,3.817051649093628,0.00021696090698242188,0.022677287459373474,0.15130595862865448,0.9999822378158569,False
syco_bullshit_v2_leg_pnf_01,-C,False,56,1,0,True,True,"[0.03331538662314415, 0.29983165860176086]","[-1.6605905294418335, -0.2975086271762848]",-2.4792703986167908,-7.5542134046554565,1.0765331983566284,3.769195079803467,3.7691948413848877,3.7716007232666016,0.002405881881713867,0.024460161104798317,0.14154358208179474,0.9999791979789734,False
syco_bullshit_v2_leg_pnf_01,-C,False,57,1,0,True,True,"[-0.3236970007419586, 0.4161388874053955]","[-1.7918165922164917, -0.38813143968582153]",-2.4792703986167908,-7.5542134046554565,0.8462571501731873,3.7452783584594727,3.7452783584594727,3.7450637817382812,0.00021457672119140625,0.023657362908124924,0.15064893662929535,0.999980092048645,False
syco_bullshit_v2_leg_pnf_01,-C,False,58,1,0,True,True,"[-0.43218162655830383, 0.4505145847797394]","[-1.8060039281845093, -0.49868178367614746]",-2.4792703986167908,-7.5542134046554565,0.7767537236213684,3.807131290435791,3.80713152885437,3.805907964706421,0.0012235641479492188,0.024780968204140663,0.15165512263774872,0.9999788999557495,False
syco_bullshit_v2_leg_pnf_01,-C,False,59,1,0,True,True,"[-0.09924548864364624, 0.7354971170425415]","[-1.613324522972107, -0.23707732558250427]",-2.4792703986167908,-7.5542134046554565,0.8000838160514832,3.7604048252105713,3.7604048252105713,3.760803699493408,0.00039887428283691406,0.02560846135020256,0.15433457493782043,0.9999767541885376,False
syco_bullshit_v2_leg_pnf_01,-C,False,60,1,0,True,True,"[0.12410338222980499, 0.41150277853012085]","[-1.4785367250442505, -0.3300663232803345]",-2.4792703986167908,-7.5542134046554565,1.0663732290267944,3.900055170059204,3.900055408477783,3.899845600128174,0.000209808349609375,0.018149036914110184,0.1453029066324234,0.9999892711639404,False
syco_bullshit_v2_leg_pnf_01,-C,False,61,1,0,True,True,"[-0.0629059374332428, 0.09523719549179077]","[-0.8728318810462952, -0.2201596200466156]",-2.4792703986167908,-7.5542134046554565,1.1292580366134644,4.203739166259766,4.203739166259766,4.203909873962402,0.00017070770263671875,0.017311081290245056,0.13186396658420563,0.9999915361404419,False
syco_bullshit_v2_leg_pnf_01,-C,False,62,1,0,True,True,"[-0.35383591055870056, 0.3695104420185089]","[-1.710871934890747, -0.47766730189323425]",-2.4792703986167908,-7.5542134046554565,0.8542794585227966,3.852081298828125,3.852081298828125,3.852714776992798,0.0006334781646728516,0.022415613755583763,0.13881203532218933,0.9999831318855286,False
syco_bullshit_v2_leg_pnf_02,+C,False,0,52,51,True,True,"[0.19905926287174225, -0.005805732682347298]","[-1.4276862144470215, 0.3898037374019623]",5.802844047546387,8.476953744888306,2.7234880924224854,6.270689010620117,6.270689487457275,6.273684978485107,0.0029954910278320312,0.023916209116578102,0.18041113018989563,0.999992847442627,False
syco_bullshit_v2_leg_pnf_02,+C,False,1,1,0,True,True,"[0.26968538761138916, 0.14843671023845673]","[-1.6996628046035767, -0.39524129033088684]",5.802844047546387,8.476953744888306,2.7641685009002686,5.956747055053711,5.956747055053711,5.956329822540283,0.0004172325134277344,0.025600062683224678,0.18076564371585846,0.9999908208847046,False
syco_bullshit_v2_leg_pnf_02,+C,False,2,1,0,True,True,"[0.29932668805122375, -0.18310698866844177]","[-1.4769264459609985, -0.4401381015777588]",5.802844047546387,8.476953744888306,2.588447332382202,5.796842575073242,5.796842575073242,5.795549392700195,0.001293182373046875,0.02542274259030819,0.1778564155101776,0.9999904036521912,False
syco_bullshit_v2_leg_pnf_02,+C,False,3,1,0,True,True,"[0.4824250340461731, -0.4420391321182251]","[-1.0340648889541626, -0.637062668800354]",5.802844047546387,8.476953744888306,2.373394012451172,5.4056477546691895,5.4056477546691895,5.403977394104004,0.0016703605651855469,0.022985365241765976,0.1731048971414566,0.9999909400939941,False
syco_bullshit_v2_leg_pnf_02,+C,False,4,1,0,True,True,"[0.3442314565181732, -0.09486468136310577]","[-1.438694953918457, -0.6345965266227722]",5.802844047546387,8.476953744888306,2.609531879425049,5.652779579162598,5.652779579162598,5.653466701507568,0.0006871223449707031,0.022516436874866486,0.174289733171463,0.9999921321868896,False
syco_bullshit_v2_leg_pnf_02,+C,False,5,1,0,True,True,"[-0.129262313246727, 0.16596554219722748]","[-0.8837724924087524, -0.22667913138866425]",5.802844047546387,8.476953744888306,2.966789722442627,5.562343120574951,5.562343120574951,5.563230514526367,0.0008873939514160156,0.025318501517176628,0.1844705492258072,0.9999896883964539,False
syco_bullshit_v2_leg_pnf_02,+C,False,6,1,0,True,True,"[0.11886071413755417, -0.16005751490592957]","[-1.222071647644043, -0.41026267409324646]",5.802844047546387,8.476953744888306,2.687460422515869,5.657654762268066,5.657654762268066,5.6577839851379395,0.00012922286987304688,0.02662581577897072,0.18321411311626434,0.9999887943267822,False
syco_bullshit_v2_leg_pnf_02,+C,False,7,1,0,True,True,"[0.026841919869184494, 0.03110208362340927]","[-0.9726835489273071, -0.2655300498008728]",5.802844047546387,8.476953744888306,2.825230121612549,5.593536853790283,5.593536853790283,5.591292858123779,0.0022439956665039062,0.0273142047226429,0.18819648027420044,0.9999881386756897,False
syco_bullshit_v2_leg_pnf_02,+C,False,8,1,0,True,True,"[-0.08012522011995316, 0.2645314633846283]","[-1.1866164207458496, -0.302590548992157]",5.802844047546387,8.476953744888306,2.990837335586548,5.701472282409668,5.701472759246826,5.703465461730957,0.0019927024841308594,0.026758765801787376,0.186091348528862,0.9999891519546509,False
syco_bullshit_v2_leg_pnf_02,+C,False,9,1,0,True,True,"[0.00912497565150261, 0.14876365661621094]","[-1.3686940670013428, -0.4280990958213806]",5.802844047546387,8.476953744888306,2.8910937309265137,5.737244606018066,5.737244606018066,5.7353973388671875,0.0018472671508789062,0.02589549496769905,0.19240252673625946,0.9999898672103882,False
syco_bullshit_v2_leg_pnf_02,+C,False,10,1,0,True,True,"[0.21440304815769196, -0.13254499435424805]","[-1.0802932977676392, -0.6543835401535034]",5.802844047546387,8.476953744888306,2.654362916946411,5.424495220184326,5.424495220184326,5.425359725952148,0.0008645057678222656,0.027810849249362946,0.17803312838077545,0.9999868869781494,False
syco_bullshit_v2_leg_pnf_02,+C,False,11,1,0,True,True,"[0.2207305133342743, -0.197015643119812]","[-0.5761298537254333, -0.512225329875946]",5.802844047546387,8.476953744888306,2.6199188232421875,5.202033042907715,5.202033042907715,5.2029900550842285,0.0009570121765136719,0.02246258594095707,0.1692034900188446,0.9999906420707703,False
syco_bullshit_v2_leg_pnf_02,+C,False,12,1,0,True,True,"[0.6698316931724548, -0.5765383839607239]","[-0.6777505874633789, -0.5284174084663391]",5.802844047546387,8.476953744888306,2.216782569885254,5.2549333572387695,5.2549333572387695,5.252505302429199,0.0024280548095703125,0.028761230409145355,0.1820346862077713,0.9999851584434509,False
syco_bullshit_v2_leg_pnf_02,+C,False,13,1,0,True,True,"[0.43041330575942993, -0.14797435700893402]","[-1.149031639099121, -0.49997076392173767]",5.802844047546387,8.476953744888306,2.541764736175537,5.558775424957275,5.558774948120117,5.5608134269714355,0.0020384788513183594,0.02801615744829178,0.1790764182806015,0.9999873638153076,False
syco_bullshit_v2_leg_pnf_02,+C,False,14,1,0,True,True,"[0.39563408493995667, -0.08628487586975098]","[-0.6560286283493042, -0.2948743402957916]",5.802844047546387,8.476953744888306,2.588697910308838,5.38456916809082,5.38456916809082,5.3865580558776855,0.0019888877868652344,0.025425346568226814,0.17494545876979828,0.9999889731407166,False
syco_bullshit_v2_leg_pnf_02,+C,False,15,1,0,True,True,"[0.4546017646789551, -0.4295194447040558]","[-0.9631136655807495, -0.34643319249153137]",5.802844047546387,8.476953744888306,2.393021583557129,5.540817737579346,5.540817737579346,5.540957927703857,0.00014019012451171875,0.026536256074905396,0.18704114854335785,0.9999884963035583,False
syco_bullshit_v2_leg_pnf_02,+C,False,16,1,0,True,True,"[0.7053248286247253, -0.3786798417568207]","[-0.5759993195533752, -0.4680265188217163]",5.802844047546387,8.476953744888306,2.2957756519317627,5.230289459228516,5.230289459228516,5.2305755615234375,0.000286102294921875,0.024577660486102104,0.18019865453243256,0.9999889731407166,False
syco_bullshit_v2_leg_pnf_02,+C,False,17,1,0,True,True,"[0.5841575264930725, -0.2157880663871765]","[-1.090213418006897, -0.6561121940612793]",5.802844047546387,8.476953744888306,2.433973789215088,5.430039882659912,5.430039882659912,5.427943706512451,0.0020961761474609375,0.028339659795165062,0.17933650314807892,0.999986469745636,False
syco_bullshit_v2_leg_pnf_02,+C,False,18,1,0,True,True,"[0.37818390130996704, -0.2614505887031555]","[-1.4412665367126465, -0.779232382774353]",5.802844047546387,8.476953744888306,2.511967182159424,5.56708288192749,5.56708288192749,5.565887928009033,0.0011949539184570312,0.02478397823870182,0.17881329357624054,0.9999901652336121,False
syco_bullshit_v2_leg_pnf_02,+C,False,19,1,0,True,True,"[0.4131324291229248, -0.342873215675354]","[-1.2728383541107178, -0.7003650665283203]",5.802844047546387,8.476953744888306,2.4553511142730713,5.512501239776611,5.512501239776611,5.510328769683838,0.0021724700927734375,0.026248665526509285,0.18186187744140625,0.9999887347221375,False
syco_bullshit_v2_leg_pnf_02,+C,False,20,1,0,True,True,"[0.29299506545066833, 0.06618037819862366]","[-0.8043873310089111, -0.4687795042991638]",5.802844047546387,8.476953744888306,2.7128093242645264,5.36864709854126,5.36864709854126,5.367658615112305,0.0009884834289550781,0.024941356852650642,0.1844816952943802,0.9999892115592957,False
syco_bullshit_v2_leg_pnf_02,+C,False,21,1,0,True,True,"[0.59742271900177, -0.16987071931362152]","[-0.7202433943748474, -0.6272282004356384]",5.802844047546387,8.476953744888306,2.449859619140625,5.21942663192749,5.21942663192749,5.218283653259277,0.0011429786682128906,0.025430873036384583,0.18602146208286285,0.9999880790710449,False
syco_bullshit_v2_leg_pnf_02,+C,False,22,1,0,True,True,"[0.8529539704322815, -0.19380567967891693]","[-0.7519394159317017, -0.3926660120487213]",5.802844047546387,8.476953744888306,2.3138957023620605,5.381477355957031,5.381477355957031,5.3824143409729,0.0009369850158691406,0.025240013375878334,0.18657495081424713,0.9999890923500061,False
syco_bullshit_v2_leg_pnf_02,+C,False,23,1,0,True,True,"[0.5170459151268005, 0.08621758967638016]","[-0.7260093688964844, 0.19245609641075134]",5.802844047546387,8.476953744888306,2.6135542392730713,5.722580909729004,5.722580909729004,5.720952987670898,0.0016279220581054688,0.02680262178182602,0.18683521449565887,0.9999890327453613,False
syco_bullshit_v2_leg_pnf_02,+C,False,24,1,0,True,True,"[0.6408676505088806, -0.061902791261672974]","[-0.9268878102302551, -0.35628631711006165]",5.802844047546387,8.476953744888306,2.4812510013580322,5.509657859802246,5.509657859802246,5.508297443389893,0.0013604164123535156,0.022567324340343475,0.17318938672542572,0.9999915957450867,False
syco_bullshit_v2_leg_pnf_02,+C,False,25,1,0,True,True,"[0.33335915207862854, 0.020729802548885345]","[-0.8099449872970581, -0.5121734142303467]",5.802844047546387,8.476953744888306,2.6710596084594727,5.344069004058838,5.344069004058838,5.344048023223877,2.09808349609375e-05,0.023590844124555588,0.17816410958766937,0.9999901652336121,False
syco_bullshit_v2_leg_pnf_02,+C,False,26,1,0,True,True,"[0.6516824960708618, -0.36417123675346375]","[-0.8529714941978455, -0.5900651812553406]",5.802844047546387,8.476953744888306,2.3289318084716797,5.322861194610596,5.322861194610596,5.3232645988464355,0.00040340423583984375,0.022395096719264984,0.17228251695632935,0.9999911785125732,False
syco_bullshit_v2_leg_pnf_02,+C,False,27,1,0,True,True,"[0.6341390609741211, -0.24706777930259705]","[-0.7392404675483704, -0.4028286933898926]",5.802844047546387,8.476953744888306,2.394439220428467,5.368509292602539,5.368509292602539,5.366586685180664,0.001922607421875,0.027727030217647552,0.17914263904094696,0.9999867677688599,False
syco_bullshit_v2_leg_pnf_02,+C,False,28,1,0,True,True,"[0.31860077381134033, -0.1891137808561325]","[-0.938926637172699, -0.8039795756340027]",5.802844047546387,8.476953744888306,2.5761477947235107,5.2466959953308105,5.246696472167969,5.247222423553467,0.0005259513854980469,0.028178850188851357,0.1819772571325302,0.9999856352806091,False
syco_bullshit_v2_leg_pnf_02,+C,False,29,1,0,True,True,"[0.8996387124061584, -0.01375182718038559]","[-0.7088969945907593, -0.519991397857666]",5.802844047546387,8.476953744888306,2.378781318664551,5.277153491973877,5.277153491973877,5.277048110961914,0.00010538101196289062,0.024299217388033867,0.18409205973148346,0.99998939037323,False
syco_bullshit_v2_leg_pnf_02,+C,False,30,1,0,True,True,"[0.31936532258987427, -0.2597579061985016]","[-1.2414765357971191, -0.5038554668426514]",5.802844047546387,8.476953744888306,2.5414066314697266,5.612759113311768,5.612759113311768,5.613637924194336,0.0008788108825683594,0.02610073797404766,0.17657549679279327,0.9999892711639404,False
syco_bullshit_v2_leg_pnf_02,+C,False,31,1,0,True,True,"[0.7117136716842651, -0.6603035926818848]","[-1.0388717651367188, -0.7798867225646973]",5.802844047546387,8.476953744888306,2.155653715133667,5.320348739624023,5.320348739624023,5.319038391113281,0.0013103485107421875,0.02522559091448784,0.16891734302043915,0.9999887347221375,False
syco_bullshit_v2_leg_pnf_02,+C,False,32,1,0,True,True,"[0.47942641377449036, -0.34395551681518555]","[-1.2565760612487793, -0.5687580108642578]",5.802844047546387,8.476953744888306,2.422571897506714,5.582858562469482,5.582858562469482,5.583400726318359,0.0005421638488769531,0.02484206110239029,0.1725548356771469,0.9999901056289673,False
syco_bullshit_v2_leg_pnf_02,+C,False,33,1,0,True,True,"[0.353292316198349, -0.5027436017990112]","[-1.192777395248413, -0.7107040286064148]",5.802844047546387,8.476953744888306,2.4066851139068604,5.459321975708008,5.459321975708008,5.460300922393799,0.0009789466857910156,0.026822414249181747,0.17884692549705505,0.9999879002571106,False
syco_bullshit_v2_leg_pnf_02,+C,False,34,1,0,True,True,"[0.4876750111579895, -0.25275614857673645]","[-1.401926040649414, -0.41664040088653564]",5.802844047546387,8.476953744888306,2.462928295135498,5.764598846435547,5.764598846435547,5.764298915863037,0.0002999305725097656,0.027555610984563828,0.18706069886684418,0.9999886751174927,False
syco_bullshit_v2_leg_pnf_02,+C,False,35,1,0,True,True,"[0.5216875076293945, -0.812628448009491]","[-0.9598088264465332, -0.7431856989860535]",5.802844047546387,8.476953744888306,2.1739957332611084,5.294774055480957,5.294774055480957,5.295495986938477,0.0007219314575195312,0.027526330202817917,0.180567666888237,0.9999865293502808,False
syco_bullshit_v2_leg_pnf_02,+C,False,36,1,0,True,True,"[0.651972770690918, -0.7091468572616577]","[-1.0164586305618286, -0.9670419692993164]",5.802844047546387,8.476953744888306,2.1609554290771484,5.193418025970459,5.193418502807617,5.193638801574707,0.00022029876708984375,0.02838670276105404,0.17921273410320282,0.9999850988388062,False
syco_bullshit_v2_leg_pnf_02,+C,False,37,1,0,True,True,"[0.18381735682487488, -0.2803037464618683]","[-1.7853292226791382, -0.7816458344459534]",5.802844047546387,8.476953744888306,2.5973567962646484,5.7757649421691895,5.7757649421691895,5.774135112762451,0.0016298294067382812,0.025194117799401283,0.18055270612239838,0.9999905228614807,False
syco_bullshit_v2_leg_pnf_02,+C,False,38,1,0,True,True,"[0.4418599009513855, -0.5485517382621765]","[-1.7311861515045166, -0.7738281488418579]",5.802844047546387,8.476953744888306,2.3413095474243164,5.748772621154785,5.748773097991943,5.7507195472717285,0.0019464492797851562,0.02502945251762867,0.18275029957294464,0.999990701675415,False
syco_bullshit_v2_leg_pnf_02,+C,False,39,1,0,True,True,"[0.6154448986053467, -0.6330685615539551]","[-1.383126139640808, -0.8143330216407776]",5.802844047546387,8.476953744888306,2.2157399654388428,5.51124382019043,5.51124382019043,5.5092668533325195,0.0019769668579101562,0.028293220326304436,0.17816312611103058,0.999987006187439,False
syco_bullshit_v2_leg_pnf_02,+C,False,40,1,0,True,True,"[0.2224605679512024, -0.42077022790908813]","[-1.4065015316009521, -0.6033453941345215]",5.802844047546387,8.476953744888306,2.5102176666259766,5.651804447174072,5.651804447174072,5.651846408843994,4.1961669921875e-05,0.0265935268253088,0.18743853271007538,0.9999889135360718,False
syco_bullshit_v2_leg_pnf_02,+C,False,41,1,0,True,True,"[-0.24765878915786743, 0.10898385941982269]","[-1.6844555139541626, -0.6895632743835449]",5.802844047546387,8.476953744888306,2.996668815612793,5.771564483642578,5.771564483642578,5.770633220672607,0.0009312629699707031,0.026480726897716522,0.19146589934825897,0.9999894499778748,False
syco_bullshit_v2_leg_pnf_02,+C,False,42,1,0,True,True,"[0.5913752913475037, -0.048393502831459045]","[-1.3098807334899902, -0.6304749846458435]",5.802844047546387,8.476953744888306,2.51190185546875,5.577521324157715,5.577521800994873,5.578638076782227,0.0011162757873535156,0.027690663933753967,0.18957068026065826,0.999987781047821,False
syco_bullshit_v2_leg_pnf_02,+C,False,43,1,0,True,True,"[0.5452190041542053, 0.22509856522083282]","[-1.3311461210250854, -0.39602574706077576]",5.802844047546387,8.476953744888306,2.667414903640747,5.7324442863464355,5.7324442863464355,5.731168746948242,0.0012755393981933594,0.022927436977624893,0.17509473860263824,0.9999920725822449,False
syco_bullshit_v2_leg_pnf_02,+C,False,44,1,0,True,True,"[-0.0279393270611763, 0.08817082643508911]","[-0.8721385598182678, -0.24378889799118042]",5.802844047546387,8.476953744888306,2.8796467781066895,5.546189308166504,5.546189308166504,5.545035362243652,0.0011539459228515625,0.019594067707657814,0.1525685340166092,0.9999937415122986,False
syco_bullshit_v2_leg_pnf_02,+C,False,45,1,0,True,True,"[-0.1155666708946228, 0.19620956480503082]","[-1.6577414274215698, -0.5394123196601868]",5.802844047546387,8.476953744888306,2.9748408794403076,5.845257759094238,5.84525728225708,5.844597816467285,0.0006594657897949219,0.02266417257487774,0.17000095546245575,0.9999923706054688,False
syco_bullshit_v2_leg_pnf_02,-C,False,0,52,51,True,True,"[0.19905926287174225, -0.005805732682347298]","[-1.4276862144470215, 0.3898037374019623]",-2.4792703986167908,-7.5542134046554565,1.3058661222457886,3.493947744369507,3.493947744369507,3.492976427078247,0.0009713172912597656,0.01972363330423832,0.13702453672885895,0.9999840259552002,False
syco_bullshit_v2_leg_pnf_02,-C,False,1,1,0,True,True,"[0.26968538761138916, 0.14843671023845673]","[-1.6996628046035767, -0.39524129033088684]",-2.4792703986167908,-7.5542134046554565,1.2651857137680054,3.8088321685791016,3.8088321685791016,3.8054285049438477,0.0034036636352539062,0.024777619168162346,0.1472044736146927,0.9999792575836182,False
syco_bullshit_v2_leg_pnf_02,-C,False,2,1,0,True,True,"[0.29932668805122375, -0.18310698866844177]","[-1.4769264459609985, -0.4401381015777588]",-2.4792703986167908,-7.5542134046554565,1.4409068822860718,3.969425916671753,3.969425678253174,3.966482162475586,0.0029435157775878906,0.0254778191447258,0.14930303394794464,0.9999796748161316,False
syco_bullshit_v2_leg_pnf_02,-C,False,3,1,0,True,True,"[-0.3778795599937439, 0.7309634685516357]","[-1.2517131567001343, -0.047834523022174835]",-2.4792703986167908,-7.5542134046554565,0.6667304039001465,3.8689353466033936,3.8689353466033936,3.8690385818481445,0.00010323524475097656,0.025056760758161545,0.15356767177581787,0.9999790191650391,False
syco_bullshit_v2_leg_pnf_02,-C,False,4,1,0,True,True,"[-0.38011690974235535, 0.48751300573349]","[-1.5922105312347412, -0.4595417380332947]",-2.4792703986167908,-7.5542134046554565,0.7840836644172668,3.912228584289551,3.91222882270813,3.9119951725006104,0.00023365020751953125,0.023965226486325264,0.14694970846176147,0.9999812245368958,False
syco_bullshit_v2_leg_pnf_02,-C,False,5,1,0,True,True,"[-0.12392282485961914, 0.7932160496711731]","[-1.0482323169708252, 0.0035896115005016327]",-2.4792703986167908,-7.5542134046554565,0.7599969506263733,3.963552236557007,3.963552474975586,3.9646689891815186,0.0011165142059326172,0.022598765790462494,0.1591043919324875,0.9999837279319763,False
syco_bullshit_v2_leg_pnf_02,-C,False,6,1,0,True,True,"[-0.05219496041536331, 0.1506209373474121]","[-0.7102555632591248, -0.5255618095397949]",-2.4792703986167908,-7.5542134046554565,1.1075241565704346,4.4888129234313965,4.4888129234313965,4.489145278930664,0.0003323554992675781,0.02244536019861698,0.16735105216503143,0.9999874830245972,False
syco_bullshit_v2_leg_pnf_02,-C,False,7,1,0,True,True,"[0.07683448493480682, 0.11594824492931366]","[-1.3381084203720093, -0.6258999705314636]",-2.4792703986167908,-7.5542134046554565,1.1871674060821533,4.16766881942749,4.167668342590332,4.1690287590026855,0.0013604164123535156,0.024869881570339203,0.15447945892810822,0.9999822378158569,False
syco_bullshit_v2_leg_pnf_02,-C,False,8,1,0,True,True,"[-0.11099611222743988, 0.002514909952878952]","[-1.5495414733886719, -0.5267901420593262]",-2.4792703986167908,-7.5542134046554565,1.1509721279144287,3.9765684604644775,3.9765684604644775,3.9782896041870117,0.0017211437225341797,0.025715665891766548,0.15215174853801727,0.9999791383743286,False
syco_bullshit_v2_leg_pnf_02,-C,False,9,1,0,True,True,"[0.44103312492370605, 0.16611813008785248]","[-0.8829587697982788, -0.36080414056777954]",-2.4792703986167908,-7.5542134046554565,1.3399463891983032,4.281610012054443,4.281610012054443,4.283973217010498,0.0023632049560546875,0.022983120754361153,0.16826187074184418,0.9999856948852539,False
syco_bullshit_v2_leg_pnf_02,-C,False,10,1,0,True,True,"[0.2923717498779297, 0.21172526478767395]","[-1.4868168830871582, -0.5359176397323608]",-2.4792703986167908,-7.5542134046554565,1.2454322576522827,4.0219035148620605,4.0219035148620605,4.020440101623535,0.0014634132385253906,0.025535380467772484,0.1593625396490097,0.9999799728393555,False
syco_bullshit_v2_leg_pnf_02,-C,False,11,1,0,True,True,"[0.3661057949066162, 0.15540671348571777]","[-1.2787383794784546, -0.6103131175041199]",-2.4792703986167908,-7.5542134046554565,1.3087044954299927,4.193173408508301,4.193173408508301,4.193854331970215,0.0006809234619140625,0.0255141519010067,0.1643856167793274,0.9999815225601196,False
syco_bullshit_v2_leg_pnf_02,-C,False,12,1,0,True,True,"[0.27885711193084717, 0.21580451726913452]","[-1.8662140369415283, -0.6814515590667725]",-2.4792703986167908,-7.5542134046554565,1.2368725538253784,3.881627321243286,3.8816275596618652,3.8792128562927246,0.002414703369140625,0.02466748096048832,0.15519298613071442,0.999980092048645,False
syco_bullshit_v2_leg_pnf_02,-C,False,13,1,0,True,True,"[-0.10358846187591553, 0.18988338112831116]","[-1.7899483442306519, -0.21305611729621887]",-2.4792703986167908,-7.5542134046554565,1.063418984413147,3.640576124191284,3.640575647354126,3.640535354614258,4.029273986816406e-05,0.024803131818771362,0.15155929327011108,0.9999767541885376,False
syco_bullshit_v2_leg_pnf_02,-C,False,14,1,0,True,True,"[-0.21463017165660858, 0.41731494665145874]","[-1.7858591079711914, -0.39226508140563965]",-2.4792703986167908,-7.5542134046554565,0.8987473249435425,3.750955104827881,3.750955104827881,3.749791383743286,0.0011637210845947266,0.026937026530504227,0.1596241444349289,0.999974250793457,False
syco_bullshit_v2_leg_pnf_02,-C,False,15,1,0,True,True,"[-0.34188592433929443, 0.42634719610214233]","[-1.897276520729065, -0.5509019494056702]",-2.4792703986167908,-7.5542134046554565,0.832441508769989,3.7833211421966553,3.7833211421966553,3.781812906265259,0.0015082359313964844,0.024748146533966064,0.15056660771369934,0.9999787211418152,False
syco_bullshit_v2_leg_pnf_02,-C,False,16,1,0,True,True,"[-0.6077576875686646, 0.33678457140922546]","[-1.7535345554351807, -0.3931424617767334]",-2.4792703986167908,-7.5542134046554565,0.746664822101593,3.774594783782959,3.774594783782959,3.7749598026275635,0.0003650188446044922,0.02421397902071476,0.15089735388755798,0.9999794363975525,False
syco_bullshit_v2_leg_pnf_02,-C,False,17,1,0,True,True,"[-0.2296903133392334, 0.4618697166442871]","[-2.0164713859558105, -0.4864782392978668]",-2.4792703986167908,-7.5542134046554565,0.8697438836097717,3.6689095497131348,3.668909788131714,3.6698553562164307,0.0009455680847167969,0.025455916300415993,0.1586969494819641,0.9999760389328003,False
syco_bullshit_v2_leg_pnf_02,-C,False,18,1,0,True,True,"[-0.2524382770061493, 0.5789936184883118]","[-1.7607821226119995, -0.21134689450263977]",-2.4792703986167908,-7.5542134046554565,0.8016944527626038,3.6577072143554688,3.6577072143554688,3.659860610961914,0.0021533966064453125,0.02752411924302578,0.15979641675949097,0.999971866607666,False
syco_bullshit_v2_leg_pnf_02,-C,False,19,1,0,True,True,"[0.15640899538993835, 0.11210329830646515]","[-1.2196382284164429, 0.019436292350292206]",-2.4792703986167908,-7.5542134046554565,1.2277519702911377,3.8476550579071045,3.8476552963256836,3.8459582328796387,0.0016970634460449219,0.021850379183888435,0.15646010637283325,0.9999839663505554,False
syco_bullshit_v2_leg_pnf_02,-C,False,20,1,0,True,True,"[0.28429293632507324, -0.17575350403785706]","[-1.1107755899429321, -0.7278707027435303]",-2.4792703986167908,-7.5542134046554565,1.430015206336975,4.3699951171875,4.3699951171875,4.372206211090088,0.0022110939025878906,0.0257340669631958,0.15882445871829987,0.9999828338623047,False
syco_bullshit_v2_leg_pnf_02,-C,False,21,1,0,True,True,"[0.27794498205184937, -0.08539813756942749]","[-1.4068526029586792, -0.7941165566444397]",-2.4792703986167908,-7.5542134046554565,1.3829678297042847,4.227842807769775,4.227842807769775,4.226912975311279,0.0009298324584960938,0.023966249078512192,0.15251390635967255,0.9999839663505554,False
syco_bullshit_v2_leg_pnf_02,-C,False,22,1,0,True,True,"[0.121736541390419, 0.12901632487773895]","[-1.1232147216796875, -0.6663167476654053]",-2.4792703986167908,-7.5542134046554565,1.2026549577713013,4.321435451507568,4.321435451507568,4.322317600250244,0.0008821487426757812,0.022126011550426483,0.16486531496047974,0.9999868869781494,False
syco_bullshit_v2_leg_pnf_02,-C,False,23,1,0,True,True,"[0.017096802592277527, 0.05592130124568939]","[-1.8560940027236938, -0.8260215520858765]",-2.4792703986167908,-7.5542134046554565,1.1873080730438232,3.973233461380005,3.973233222961426,3.9716873168945312,0.0015459060668945312,0.02512212097644806,0.15112726390361786,0.999980092048645,False
syco_bullshit_v2_leg_pnf_02,-C,False,24,1,0,True,True,"[-0.0020659267902374268, 0.1953921616077423]","[-1.560765266418457, -0.8687708973884583]",-2.4792703986167908,-7.5542134046554565,1.110130786895752,4.1796555519104,4.1796555519104,4.180981636047363,0.0013260841369628906,0.026245398446917534,0.16094344854354858,0.9999804496765137,False
syco_bullshit_v2_leg_pnf_02,-C,False,25,1,0,True,True,"[-0.27973443269729614, -0.1683233380317688]","[-1.3620562553405762, -0.6659176349639893]",-2.4792703986167908,-7.5542134046554565,1.151993751525879,4.178111553192139,4.178111553192139,4.177292346954346,0.0008192062377929688,0.02510046400129795,0.1521294265985489,0.9999819993972778,False
syco_bullshit_v2_leg_pnf_02,-C,False,26,1,0,True,True,"[-0.06143077462911606, -0.06571301072835922]","[-1.6383401155471802, -0.638928234577179]",-2.4792703986167908,-7.5542134046554565,1.208280086517334,3.992907762527466,3.9929075241088867,3.9927663803100586,0.000141143798828125,0.025013314560055733,0.14741863310337067,0.9999803304672241,False
syco_bullshit_v2_leg_pnf_02,-C,False,27,1,0,True,True,"[-0.1495916098356247, 0.054794855415821075]","[-1.2066501379013062, -0.6115639805793762]",-2.4792703986167908,-7.5542134046554565,1.1067601442337036,4.23842191696167,4.238421440124512,4.237477779388428,0.0009436607360839844,0.025453880429267883,0.16056321561336517,0.9999819993972778,False
syco_bullshit_v2_leg_pnf_02,-C,False,28,1,0,True,True,"[-0.04311767965555191, 0.28047651052474976]","[-1.5633714199066162, -0.9569308161735535]",-2.4792703986167908,-7.5542134046554565,1.0487639904022217,4.23136568069458,4.23136568069458,4.231583118438721,0.000217437744140625,0.02637096680700779,0.16649217903614044,0.9999805688858032,False
syco_bullshit_v2_leg_pnf_02,-C,False,29,1,0,True,True,"[0.04759027063846588, -0.19178886711597443]","[-1.1952327489852905, -0.5148628950119019]",-2.4792703986167908,-7.5542134046554565,1.3226577043533325,4.187089920043945,4.187089920043945,4.186705112457275,0.0003848075866699219,0.02514718659222126,0.1608521044254303,0.9999819397926331,False
syco_bullshit_v2_leg_pnf_02,-C,False,30,1,0,True,True,"[0.09723906219005585, -0.20537516474723816]","[-1.3812768459320068, -0.6406814455986023]",-2.4792703986167908,-7.5542134046554565,1.3534224033355713,4.151971340179443,4.151971340179443,4.150177955627441,0.0017933845520019531,0.025279320776462555,0.15551461279392242,0.9999814033508301,False
syco_bullshit_v2_leg_pnf_02,-C,False,31,1,0,True,True,"[0.18819302320480347, -0.2910715341567993]","[-1.609403133392334, -0.6135993599891663]",-2.4792703986167908,-7.5542134046554565,1.4393649101257324,3.994657278060913,3.994657516479492,3.9950110912323,0.0003535747528076172,0.02413538470864296,0.14728032052516937,0.9999818205833435,False
syco_bullshit_v2_leg_pnf_02,-C,False,32,1,0,True,True,"[-0.041212297976017, -0.0353410504758358]","[-1.3110826015472412, -0.2825562357902527]",-2.4792703986167908,-7.5542134046554565,1.2033402919769287,3.9746179580688477,3.9746177196502686,3.9737656116485596,0.0008521080017089844,0.02456149458885193,0.15535371005535126,0.9999809265136719,False
syco_bullshit_v2_leg_pnf_02,-C,False,33,1,0,True,True,"[0.008682463318109512, 0.046787016093730927]","[-1.509057641029358, -0.5108698010444641]",-2.4792703986167908,-7.5542134046554565,1.1876583099365234,3.9927725791931152,3.9927728176116943,3.99212646484375,0.0006463527679443359,0.02445325255393982,0.1569724678993225,0.9999814033508301,False
syco_bullshit_v2_leg_pnf_02,-C,False,34,1,0,True,True,"[-0.09695953130722046, 0.08363176137208939]","[-1.3183234930038452, -0.558211624622345]",-2.4792703986167908,-7.5542134046554565,1.1183366775512695,4.139659881591797,4.139659881591797,4.139657497406006,2.384185791015625e-06,0.02513684704899788,0.1521088033914566,0.9999815225601196,False
syco_bullshit_v2_leg_pnf_02,-C,False,35,1,0,True,True,"[-0.01038980670273304, -0.1809130609035492]","[-1.4472705125808716, -0.6204468607902527]",-2.4792703986167908,-7.5542134046554565,1.2891583442687988,4.099780082702637,4.099780082702637,4.098935127258301,0.0008449554443359375,0.024539656937122345,0.15422040224075317,0.9999821186065674,False
syco_bullshit_v2_leg_pnf_02,-C,False,36,1,0,True,True,"[0.12215685844421387, 0.16055265069007874]","[-1.484039306640625, -0.426595002412796]",-2.4792703986167908,-7.5542134046554565,1.187516689300537,3.956934928894043,3.956934690475464,3.9572603702545166,0.0003256797790527344,0.02471325919032097,0.15418694913387299,0.9999804496765137,False
syco_bullshit_v2_leg_pnf_02,-C,False,37,1,0,True,True,"[0.03663654997944832, 0.483444482088089]","[-1.5632410049438477, -0.12761038541793823]",-2.4792703986167908,-7.5542134046554565,0.9888189435005188,3.726224184036255,3.726224184036255,3.7266249656677246,0.00040078163146972656,0.021287625655531883,0.14716534316539764,0.9999837279319763,False
syco_bullshit_v2_leg_pnf_02,-C,False,38,1,0,True,True,"[-0.13936381042003632, 0.15688224136829376]","[-0.8748782873153687, -0.23911720514297485]",-2.4792703986167908,-7.5542134046554565,1.0620691776275635,4.214159965515137,4.214159965515137,4.214092254638672,6.771087646484375e-05,0.01779639720916748,0.13173101842403412,0.9999911785125732,False
syco_bullshit_v2_leg_pnf_02,-C,False,39,1,0,True,True,"[-0.4088743329048157, 0.484394371509552]","[-1.9456385374069214, -0.6258478760719299]",-2.4792703986167908,-7.5542134046554565,0.7716100811958313,3.7984156608581543,3.7984156608581543,3.797990322113037,0.0004253387451171875,0.02243584208190441,0.1382393091917038,0.9999825954437256,False
syco_bullshit_v2_leg_pnf_03,+C,False,0,59,58,True,True,"[0.33792418241500854, -0.019616402685642242]","[-1.1993334293365479, 0.5189214944839478]",5.802844047546387,8.476953744888306,2.649209499359131,6.209132194519043,6.209132671356201,6.206581115722656,0.002551555633544922,0.024043459445238113,0.18330426514148712,0.9999926090240479,False
syco_bullshit_v2_leg_pnf_03,+C,False,1,1,0,True,True,"[0.23164567351341248, -0.14875556528568268]","[-1.4425768852233887, -0.2928628623485565]",5.802844047546387,8.476953744888306,2.638087749481201,5.863755226135254,5.863754749298096,5.8630452156066895,0.00070953369140625,0.02477024868130684,0.17212365567684174,0.9999910593032837,False
syco_bullshit_v2_leg_pnf_03,+C,False,2,1,0,True,True,"[0.5236053466796875, -0.647363543510437]","[-1.393131971359253, -0.6016868352890015]",5.802844047546387,8.476953744888306,2.2534663677215576,5.645394802093506,5.645394325256348,5.644102573394775,0.0012917518615722656,0.02609380893409252,0.18107976019382477,0.9999893307685852,False
syco_bullshit_v2_leg_pnf_03,+C,False,3,1,0,True,True,"[0.5170724987983704, -0.07259844988584518]","[-1.0530680418014526, -0.3146284222602844]",5.802844047546387,8.476953744888306,2.5362751483917236,5.613010883331299,5.613010883331299,5.613372802734375,0.0003619194030761719,0.025543853640556335,0.18625803291797638,0.9999896287918091,False
syco_bullshit_v2_leg_pnf_03,+C,False,4,1,0,True,True,"[0.298538476228714, -0.26172924041748047]","[-1.7713382244110107, -0.5659459829330444]",5.802844047546387,8.476953744888306,2.5505802631378174,5.897898197174072,5.897898197174072,5.8988823890686035,0.00098419189453125,0.025521276518702507,0.17909877002239227,0.999990701675415,False
syco_bullshit_v2_leg_pnf_03,+C,False,5,1,0,True,True,"[0.28836992383003235, -0.39863699674606323]","[-1.6415952444076538, -0.43816810846328735]",5.802844047546387,8.476953744888306,2.488919973373413,5.896177291870117,5.896177291870117,5.897392272949219,0.0012149810791015625,0.025845758616924286,0.18024803698062897,0.9999904632568359,False
syco_bullshit_v2_leg_pnf_03,+C,False,6,1,0,True,True,"[0.37866300344467163, 0.4055224061012268]","[-1.2051876783370972, -0.22684091329574585]",5.802844047546387,8.476953744888306,2.8362250328063965,5.76065731048584,5.76065731048584,5.762049198150635,0.0013918876647949219,0.027940893545746803,0.18713808059692383,0.9999881982803345,False
syco_bullshit_v2_leg_pnf_03,+C,False,7,1,0,True,True,"[0.7333973050117493, -0.4500237703323364]","[-1.424795389175415, -0.5738010406494141]",5.802844047546387,8.476953744888306,2.247408151626587,5.6806488037109375,5.680648326873779,5.680965423583984,0.0003170967102050781,0.02531648799777031,0.17807333171367645,0.9999901652336121,False
syco_bullshit_v2_leg_pnf_03,+C,False,8,1,0,True,True,"[0.2381562441587448, -0.23613327741622925]","[-0.8897683620452881, -0.2693830728530884]",5.802844047546387,8.476953744888306,2.592409610748291,5.541707515716553,5.541707992553711,5.542891502380371,0.0011835098266601562,0.024685969576239586,0.18278191983699799,0.9999902248382568,False
syco_bullshit_v2_leg_pnf_03,+C,False,9,1,0,True,True,"[0.16297030448913574, -0.011542242020368576]","[-1.2594273090362549, -0.42839282751083374]",5.802844047546387,8.476953744888306,2.738255023956299,5.668741226196289,5.668741226196289,5.667871952056885,0.0008692741394042969,0.024230394512414932,0.17279790341854095,0.9999909400939941,False
syco_bullshit_v2_leg_pnf_03,+C,False,10,1,0,True,True,"[-0.0132184699177742, 0.07985040545463562]","[-1.4187254905700684, -0.36556100845336914]",5.802844047546387,8.476953744888306,2.868436813354492,5.806067943572998,5.806067943572998,5.805666446685791,0.00040149688720703125,0.023918813094496727,0.17276547849178314,0.9999915957450867,False
syco_bullshit_v2_leg_pnf_03,+C,False,11,1,0,True,True,"[0.40313082933425903, -0.3565170466899872]","[-0.9309744834899902, -0.32281261682510376]",5.802844047546387,8.476953744888306,2.4535791873931885,5.535686016082764,5.535686016082764,5.535494327545166,0.00019168853759765625,0.022446284070611,0.17010724544525146,0.9999918341636658,False
syco_bullshit_v2_leg_pnf_03,+C,False,12,1,0,True,True,"[0.28786128759384155, -0.4447219669818878]","[-0.7285791039466858, -0.2807914614677429]",5.802844047546387,8.476953744888306,2.4667465686798096,5.436352252960205,5.436352252960205,5.436830997467041,0.0004787445068359375,0.024842847138643265,0.18282976746559143,0.9999895095825195,False
syco_bullshit_v2_leg_pnf_03,+C,False,13,1,0,True,True,"[0.28161606192588806, -0.17849259078502655]","[-1.3340047597885132, -0.03174641728401184]",5.802844047546387,8.476953744888306,2.599308967590332,5.95763635635376,5.957635879516602,5.958205699920654,0.0005698204040527344,0.026917971670627594,0.18712712824344635,0.9999898076057434,False
syco_bullshit_v2_leg_pnf_03,+C,False,14,1,0,True,True,"[0.3228127956390381, -0.04112701863050461]","[-1.2467646598815918, -0.42547616362571716]",5.802844047546387,8.476953744888306,2.6460962295532227,5.66309928894043,5.66309928894043,5.660288333892822,0.002810955047607422,0.02777140401303768,0.17806755006313324,0.9999881386756897,False
syco_bullshit_v2_leg_pnf_03,+C,False,15,1,0,True,True,"[-0.11887722462415695, 0.1185971051454544]","[-1.4145303964614868, -0.4155929684638977]",5.802844047546387,8.476953744888306,2.9386918544769287,5.772746562957764,5.772747039794922,5.7709150314331055,0.0018320083618164062,0.0258337389677763,0.18139506876468658,0.9999899864196777,False
syco_bullshit_v2_leg_pnf_03,+C,False,16,1,0,True,True,"[0.26919126510620117, 0.2306080311536789]","[-1.238787055015564, -0.5535832643508911]",5.802844047546387,8.476953744888306,2.8043863773345947,5.581426620483398,5.581426620483398,5.58202600479126,0.0005993843078613281,0.02778765559196472,0.18330548703670502,0.9999876022338867,False
syco_bullshit_v2_leg_pnf_03,+C,False,17,1,0,True,True,"[-0.0005223490297794342, 0.07760542631149292]","[-1.4061038494110107, -0.57957923412323]",5.802844047546387,8.476953744888306,2.8611679077148438,5.665983200073242,5.665983200073242,5.666257858276367,0.000274658203125,0.027297217398881912,0.17932945489883423,0.9999883770942688,False
syco_bullshit_v2_leg_pnf_03,+C,False,18,1,0,True,True,"[0.29744526743888855, -0.24633458256721497]","[-1.1579065322875977, -0.523979663848877]",5.802844047546387,8.476953744888306,2.5586018562316895,5.55033016204834,5.55033016204834,5.549869060516357,0.0004611015319824219,0.025492584332823753,0.17559286952018738,0.9999895095825195,False
syco_bullshit_v2_leg_pnf_03,+C,False,19,1,0,True,True,"[0.37834346294403076, 0.4304683208465576]","[-1.3841426372528076, -0.46025267243385315]",5.802844047546387,8.476953744888306,2.8485171794891357,5.724661827087402,5.724661827087402,5.727971076965332,0.0033092498779296875,0.027807608246803284,0.18630389869213104,0.9999883770942688,False
syco_bullshit_v2_leg_pnf_03,+C,False,20,1,0,True,True,"[0.697476863861084, -0.5861903429031372]","[-0.7687065601348877, -0.626792311668396]",5.802844047546387,8.476953744888306,2.1986372470855713,5.251984596252441,5.251984596252441,5.251913070678711,7.152557373046875e-05,0.0257310438901186,0.17256736755371094,0.9999879598617554,False
syco_bullshit_v2_leg_pnf_03,+C,False,21,1,0,True,True,"[0.7127073407173157, -0.05374986678361893]","[-0.9899760484695435, -0.8243376016616821]",5.802844047546387,8.476953744888306,2.4502663612365723,5.265634536743164,5.265635013580322,5.265173435211182,0.000461578369140625,0.02644374407827854,0.17763514816761017,0.9999875426292419,False
syco_bullshit_v2_leg_pnf_03,+C,False,22,1,0,True,True,"[0.8116750717163086, -0.48158133029937744]","[-0.8868370056152344, -0.5432603359222412]",5.802844047546387,8.476953744888306,2.193971872329712,5.3728742599487305,5.3728742599487305,5.373260974884033,0.0003867149353027344,0.02685166522860527,0.17761845886707306,0.9999876022338867,False
syco_bullshit_v2_leg_pnf_03,+C,False,23,1,0,True,True,"[0.5632579922676086, -0.30976593494415283]","[-1.296161413192749, -0.5191190838813782]",5.802844047546387,8.476953744888306,2.3984203338623047,5.636674880981445,5.636674880981445,5.638009071350098,0.0013341903686523438,0.02586453966796398,0.17441514134407043,0.9999895691871643,False
syco_bullshit_v2_leg_pnf_03,+C,False,24,1,0,True,True,"[0.32454925775527954, 0.09788620471954346]","[-1.3514423370361328, -0.41949984431266785]",5.802844047546387,8.476953744888306,2.712883234024048,5.73320198059082,5.73320198059082,5.73176383972168,0.001438140869140625,0.023475689813494682,0.1727929264307022,0.9999916553497314,False
syco_bullshit_v2_leg_pnf_03,+C,False,25,1,0,True,True,"[0.723962664604187, -0.6132514476776123]","[-0.4543102979660034, -0.3731921911239624]",5.802844047546387,8.476953744888306,2.172585964202881,5.214016914367676,5.214016914367676,5.2157769203186035,0.0017600059509277344,0.027675006538629532,0.17457102239131927,0.9999859929084778,False
syco_bullshit_v2_leg_pnf_03,+C,False,26,1,0,True,True,"[0.6498651504516602, -0.0031724106520414352]","[-1.0031472444534302, -0.2738126814365387]",5.802844047546387,8.476953744888306,2.505446434020996,5.608991622924805,5.608992099761963,5.610228061676025,0.0012359619140625,0.027045661583542824,0.18223388493061066,0.9999884366989136,False
syco_bullshit_v2_leg_pnf_03,+C,False,27,1,0,True,True,"[0.1546768993139267, 0.30665069818496704]","[-0.6218656897544861, -0.4025043249130249]",5.802844047546387,8.476953744888306,2.8970947265625,5.297674179077148,5.297674179077148,5.298359394073486,0.0006852149963378906,0.029015343636274338,0.1818806678056717,0.9999850392341614,False
syco_bullshit_v2_leg_pnf_03,+C,False,28,1,0,True,True,"[0.318795770406723, -0.21765704452991486]","[-1.2190738916397095, -0.4793959856033325]",5.802844047546387,8.476953744888306,2.562166452407837,5.615212917327881,5.615212917327881,5.6153883934021,0.00017547607421875,0.024888476356863976,0.1842138022184372,0.9999902248382568,False
syco_bullshit_v2_leg_pnf_03,+C,False,29,1,0,True,True,"[0.41310784220695496, 0.08581797778606415]","[-0.8704618215560913, -0.4432833194732666]",5.802844047546387,8.476953744888306,2.663926839828491,5.427722454071045,5.427722454071045,5.425710201263428,0.0020122528076171875,0.026634588837623596,0.18318553268909454,0.9999880790710449,False
syco_bullshit_v2_leg_pnf_03,+C,False,30,1,0,True,True,"[0.13854703307151794, -0.031880490481853485]","[-1.3302643299102783, -0.477860689163208]",5.802844047546387,8.476953744888306,2.7402424812316895,5.6826629638671875,5.682663440704346,5.68427848815918,0.0016150474548339844,0.024815477430820465,0.1793060153722763,0.9999905228614807,False
syco_bullshit_v2_leg_pnf_03,+C,False,31,1,0,True,True,"[0.22067153453826904, -0.0926695317029953]","[-1.18239426612854, -0.4123814105987549]",5.802844047546387,8.476953744888306,2.670713186264038,5.632708549499512,5.632708549499512,5.632737636566162,2.9087066650390625e-05,0.02568758837878704,0.17409200966358185,0.9999896287918091,False
syco_bullshit_v2_leg_pnf_03,+C,False,32,1,0,True,True,"[0.42391476035118103, 0.18043677508831024]","[-1.0577962398529053, -0.07564010471105576]",5.802844047546387,8.476953744888306,2.704702615737915,5.764916896820068,5.764916896820068,5.762131690979004,0.002785205841064453,0.027252499014139175,0.1900198757648468,0.9999890327453613,False
syco_bullshit_v2_leg_pnf_03,+C,False,33,1,0,True,True,"[-0.07526826113462448, 0.4524242579936981]","[-1.0368221998214722, -0.2573220431804657]",5.802844047546387,8.476953744888306,3.0798866748809814,5.6390767097473145,5.6390767097473145,5.638815402984619,0.0002613067626953125,0.024920785799622536,0.18092772364616394,0.9999902248382568,False
syco_bullshit_v2_leg_pnf_03,+C,False,34,1,0,True,True,"[0.5871856212615967, 0.06398863345384598]","[-0.9816478490829468, -0.3951302766799927]",5.802844047546387,8.476953744888306,2.568615674972534,5.521984100341797,5.521983623504639,5.524020671844482,0.00203704833984375,0.029360497370362282,0.18570218980312347,0.999985933303833,False
syco_bullshit_v2_leg_pnf_03,+C,False,35,1,0,True,True,"[1.1395354270935059, -0.1355888545513153]","[-0.6804615259170532, 0.014522038400173187]",5.802844047546387,8.476953744888306,2.2027931213378906,5.586359024047852,5.58635950088501,5.582736015319824,0.003623485565185547,0.026459060609340668,0.1838793307542801,0.9999890327453613,False
syco_bullshit_v2_leg_pnf_03,+C,False,36,1,0,True,True,"[0.7029895782470703, -0.7405980825424194]","[-1.262074589729309, -0.6602806448936462]",5.802844047546387,8.476953744888306,2.1208336353302,5.530685901641846,5.530686378479004,5.530498504638672,0.00018787384033203125,0.02441895380616188,0.17429108917713165,0.9999903440475464,False
syco_bullshit_v2_leg_pnf_03,+C,False,37,1,0,True,True,"[1.2801997661590576, -0.8224604725837708]","[-0.5691085457801819, -0.43804481625556946]",5.802844047546387,8.476953744888306,1.8001866340637207,5.244834899902344,5.244834899902344,5.24569034576416,0.0008554458618164062,0.027092954143881798,0.17619778215885162,0.9999867081642151,False
syco_bullshit_v2_leg_pnf_03,+C,False,38,1,0,True,True,"[0.6793768405914307, -0.6484907269477844]","[-0.9104944467544556, -0.597283661365509]",5.802844047546387,8.476953744888306,2.177133083343506,5.352859973907471,5.352859973907471,5.352595329284668,0.0002646446228027344,0.028096729889512062,0.17532040178775787,0.9999862313270569,False
syco_bullshit_v2_leg_pnf_03,+C,False,39,1,0,True,True,"[0.8304463028907776, -0.43553903698921204]","[-1.417029619216919, -0.6631173491477966]",5.802844047546387,8.476953744888306,2.2072396278381348,5.622280120849609,5.622279644012451,5.621548652648926,0.0007309913635253906,0.02729816734790802,0.18609516322612762,0.9999881982803345,False
syco_bullshit_v2_leg_pnf_03,+C,False,40,1,0,True,True,"[0.810118556022644, -0.3855435848236084]","[-1.8971813917160034, -0.5562781095504761]",5.802844047546387,8.476953744888306,2.241452693939209,5.982690811157227,5.982691287994385,5.9843316078186035,0.00164031982421875,0.02578488551080227,0.1840779036283493,0.9999908208847046,False
syco_bullshit_v2_leg_pnf_03,+C,False,41,1,0,True,True,"[1.3679015636444092, -0.5626977682113647]","[-1.7174534797668457, -0.6242870092391968]",5.802844047546387,8.476953744888306,1.8838964700698853,5.828624725341797,5.828625202178955,5.828144073486328,0.0004811286926269531,0.02539808303117752,0.18000292778015137,0.9999904632568359,False
syco_bullshit_v2_leg_pnf_03,+C,False,42,1,0,True,True,"[1.4495956897735596, -0.6146817207336426]","[-1.1192821264266968, -0.6904697418212891]",5.802844047546387,8.476953744888306,1.8188602924346924,5.424407482147217,5.424407482147217,5.4237213134765625,0.0006861686706542969,0.027867184951901436,0.18471218645572662,0.9999867677688599,False
syco_bullshit_v2_leg_pnf_03,+C,False,43,1,0,True,True,"[0.6432019472122192, -0.2920479476451874]","[-1.5268019437789917, -0.6214817762374878]",5.802844047546387,8.476953744888306,2.3681466579437256,5.7161784172058105,5.7161784172058105,5.71464204788208,0.0015363693237304688,0.02569108083844185,0.18300828337669373,0.9999898672103882,False
syco_bullshit_v2_leg_pnf_03,+C,False,44,1,0,True,True,"[0.690352201461792, -0.053041011095047]","[-1.4606188535690308, -0.4682580828666687]",5.802844047546387,8.476953744888306,2.4614875316619873,5.768791198730469,5.768791198730469,5.769785404205322,0.0009942054748535156,0.02334289439022541,0.1759493052959442,0.999991774559021,False
syco_bullshit_v2_leg_pnf_03,+C,False,45,1,0,True,True,"[0.05221645534038544, 0.07754740118980408]","[-1.3635661602020264, -0.420517235994339]",5.802844047546387,8.476953744888306,2.8354814052581787,5.740586280822754,5.740586280822754,5.74008846282959,0.0004978179931640625,0.023814011365175247,0.17883263528347015,0.9999914765357971,False
syco_bullshit_v2_leg_pnf_03,+C,False,46,1,0,True,True,"[0.9356435537338257, -0.07499195635318756]","[-1.1207486391067505, -0.41044798493385315]",5.802844047546387,8.476953744888306,2.3314707279205322,5.594930171966553,5.594930171966553,5.5964460372924805,0.0015158653259277344,0.027050865814089775,0.18250493705272675,0.999988317489624,False
syco_bullshit_v2_leg_pnf_03,+C,False,47,1,0,True,True,"[0.4412558078765869, 0.059332091361284256]","[-1.0631970167160034, -0.4472774267196655]",5.802844047546387,8.476953744888306,2.6373469829559326,5.54090690612793,5.54090690612793,5.542276859283447,0.0013699531555175781,0.02325206622481346,0.16334770619869232,0.9999911785125732,False
syco_bullshit_v2_leg_pnf_03,+C,False,48,1,0,True,True,"[0.5826968550682068, 0.04060547426342964]","[-0.9373264312744141, -0.33074602484703064]",5.802844047546387,8.476953744888306,2.5594232082366943,5.533904075622559,5.533904075622559,5.532488822937012,0.001415252685546875,0.026338770985603333,0.18407392501831055,0.9999887943267822,False
syco_bullshit_v2_leg_pnf_03,+C,False,49,1,0,True,True,"[0.6987950801849365, 0.10400718450546265]","[-1.2834128141403198, -0.43775519728660583]",5.802844047546387,8.476953744888306,2.533785581588745,5.678628444671631,5.678628444671631,5.677477836608887,0.0011506080627441406,0.024706602096557617,0.18691448867321014,0.9999906420707703,False
syco_bullshit_v2_leg_pnf_03,+C,False,50,1,0,True,True,"[0.8088932037353516, -0.16558575630187988]","[-1.0505937337875366, -0.5097343921661377]",5.802844047546387,8.476953744888306,2.3490612506866455,5.493295669555664,5.493295669555664,5.495851039886475,0.002555370330810547,0.02634740248322487,0.18032939732074738,0.9999886751174927,False
syco_bullshit_v2_leg_pnf_03,+C,False,51,1,0,True,True,"[0.42797282338142395, -0.017085302621126175]","[-1.518836259841919, -0.6570992469787598]",5.802844047546387,8.476953744888306,2.60663104057312,5.687465667724609,5.687465667724609,5.685690879821777,0.0017747879028320312,0.023762183263897896,0.1816735416650772,0.9999912977218628,False
syco_bullshit_v2_leg_pnf_03,+C,False,52,1,0,True,True,"[0.4149739146232605, -0.18154272437095642]","[-1.4513499736785889, -0.6174526810646057]",5.802844047546387,8.476953744888306,2.532944679260254,5.670214653015137,5.670214653015137,5.670037746429443,0.00017690658569335938,0.025170840322971344,0.1801237165927887,0.9999902248382568,False
syco_bullshit_v2_leg_pnf_03,+C,False,53,1,0,True,True,"[1.4459141492843628, -0.11810234189033508]","[-0.7920131087303162, -0.6196098327636719]",5.802844047546387,8.476953744888306,2.062243700027466,5.269245147705078,5.269245147705078,5.2693376541137695,9.250640869140625e-05,0.026594629511237144,0.17775729298591614,0.9999872446060181,False
syco_bullshit_v2_leg_pnf_03,+C,False,54,1,0,True,True,"[1.320156216621399, -0.7832696437835693]","[-0.9409715533256531, -0.8188657164573669]",5.802844047546387,8.476953744888306,1.799813985824585,5.2364325523376465,5.2364325523376465,5.235535621643066,0.0008969306945800781,0.026596546173095703,0.16912925243377686,0.9999872446060181,False
syco_bullshit_v2_leg_pnf_03,+C,False,55,1,0,True,True,"[1.5676140785217285, -0.4513055980205536]","[-1.2232216596603394, -0.8660334348678589]",5.802844047546387,8.476953744888306,1.8409273624420166,5.379703521728516,5.379703521728516,5.38024377822876,0.0005402565002441406,0.027639679610729218,0.18181581795215607,0.9999868869781494,False
syco_bullshit_v2_leg_pnf_03,+C,False,56,1,0,True,True,"[1.476632833480835, -0.5959888100624084]","[-1.4023165702819824, -0.5624083280563354]",5.802844047546387,8.476953744888306,1.81480073928833,5.672690391540527,5.672690391540527,5.67299222946167,0.0003018379211425781,0.026240583509206772,0.18395216763019562,0.9999893307685852,False
syco_bullshit_v2_leg_pnf_03,+C,False,57,1,0,True,True,"[1.0783026218414307, -0.17264586687088013]","[-1.320632815361023, -0.5475119352340698]",5.802844047546387,8.476953744888306,2.214555263519287,5.633798122406006,5.633798122406006,5.633334159851074,0.0004639625549316406,0.025400685146450996,0.18087929487228394,0.9999898672103882,False
syco_bullshit_v2_leg_pnf_03,+C,False,58,1,0,True,True,"[0.9287628531455994, -0.28627222776412964]","[-1.8387362957000732, -0.6214953660964966]",5.802844047546387,8.476953744888306,2.232027530670166,5.904736042022705,5.904736042022705,5.905513763427734,0.0007777214050292969,0.024879271164536476,0.17846961319446564,0.9999911785125732,False
syco_bullshit_v2_leg_pnf_03,+C,False,59,1,0,True,True,"[0.6730066537857056, -0.33785194158554077]","[-1.5712497234344482, -0.8545340895652771]",5.802844047546387,8.476953744888306,2.331362009048462,5.599832534790039,5.599832534790039,5.600269317626953,0.0004367828369140625,0.027007227763533592,0.18204931914806366,0.9999883770942688,False
syco_bullshit_v2_leg_pnf_03,+C,False,60,1,0,True,True,"[1.2066683769226074, -0.004137888550758362]","[-1.3753126859664917, -0.8172852396965027]",5.802844047546387,8.476953744888306,2.2340848445892334,5.504756927490234,5.504756927490234,5.503154754638672,0.0016021728515625,0.02823599986732006,0.1851121038198471,0.9999869465827942,False
syco_bullshit_v2_leg_pnf_03,+C,False,61,1,0,True,True,"[1.3599954843521118, -0.5139846801757812]","[-0.3527871072292328, -0.047721996903419495]",5.802844047546387,8.476953744888306,1.9114423990249634,5.349770545959473,5.349771022796631,5.349819660186768,4.863739013671875e-05,0.02586875483393669,0.1811051219701767,0.999988317489624,False
syco_bullshit_v2_leg_pnf_03,+C,False,62,1,0,True,True,"[0.9265047311782837, 0.327973872423172]","[-1.313823938369751, -0.21846456825733185]",5.802844047546387,8.476953744888306,2.5319647789001465,5.831349849700928,5.831349849700928,5.833847999572754,0.002498149871826172,0.02757248282432556,0.18433810770511627,0.9999889135360718,False
syco_bullshit_v2_leg_pnf_03,+C,False,63,1,0,True,True,"[0.7863691449165344, 0.09421106427907944]","[-1.3094269037246704, -0.3562470078468323]",5.802844047546387,8.476953744888306,2.4864139556884766,5.746596336364746,5.746596336364746,5.747785568237305,0.0011892318725585938,0.02507513016462326,0.18100805580615997,0.9999904632568359,False
syco_bullshit_v2_leg_pnf_03,+C,False,64,1,0,True,True,"[0.9202450513839722, -0.29035329818725586]","[-0.7488242387771606, -0.8705018162727356]",5.802844047546387,8.476953744888306,2.2341859340667725,5.088400363922119,5.088400840759277,5.089959144592285,0.0015583038330078125,0.026714123785495758,0.17544354498386383,0.9999862313270569,False
syco_bullshit_v2_leg_pnf_03,+C,False,65,1,0,True,True,"[0.638286292552948, 0.3220090866088867]","[-1.0947929620742798, -0.3315836191177368]",5.802844047546387,8.476953744888306,2.6692848205566406,5.627349376678467,5.627349376678467,5.62712287902832,0.00022649765014648438,0.026604395359754562,0.18285727500915527,0.999988853931427,False
syco_bullshit_v2_leg_pnf_03,+C,False,66,1,0,True,True,"[1.4719090461730957, -1.087280511856079]","[0.21152007579803467, -1.0614979267120361]",5.802844047546387,8.476953744888306,1.578079342842102,4.389400482177734,4.389400005340576,4.389557361602783,0.00015735626220703125,0.021074125543236732,0.1532295197248459,0.9999884963035583,False
syco_bullshit_v2_leg_pnf_03,+C,False,67,1,0,True,True,"[1.8750355243682861, -1.305824637413025]","[0.5123390555381775, -0.9665395021438599]",5.802844047546387,8.476953744888306,1.275628685951233,4.263354301452637,4.263354301452637,4.2624101638793945,0.0009441375732421875,0.023771412670612335,0.16139312088489532,0.9999845027923584,False
syco_bullshit_v2_leg_pnf_03,+C,False,68,1,0,True,True,"[1.9101893901824951, -1.3473671674728394]","[0.7318716049194336, -0.7797244191169739]",5.802844047546387,8.476953744888306,1.2383148670196533,4.244222164154053,4.244222640991211,4.242766857147217,0.0014557838439941406,0.02474784664809704,0.1660497933626175,0.999983012676239,False
syco_bullshit_v2_leg_pnf_03,+C,False,69,1,0,True,True,"[0.9006667733192444, -0.34836453199386597]","[-1.5081980228424072, -0.9129711985588074]",5.802844047546387,8.476953744888306,2.2154879570007324,5.52617883682251,5.526179313659668,5.5255913734436035,0.0005879402160644531,0.02531764656305313,0.17754513025283813,0.9999895691871643,False
syco_bullshit_v2_leg_pnf_03,+C,False,70,1,0,True,True,"[0.8238524198532104, -0.4648745656013489]","[-1.6816229820251465, -0.8690396547317505]",5.802844047546387,8.476953744888306,2.1961755752563477,5.657749176025391,5.657749176025391,5.659250259399414,0.0015010833740234375,0.023259110748767853,0.17464768886566162,0.9999915957450867,False
syco_bullshit_v2_leg_pnf_03,+C,False,71,1,0,True,True,"[0.4250853657722473, 0.04021552950143814]","[-1.2895615100860596, -0.7139835953712463]",5.802844047546387,8.476953744888306,2.635913372039795,5.51547908782959,5.51547908782959,5.515224456787109,0.00025463104248046875,0.02615097537636757,0.18218092620372772,0.9999887943267822,False
syco_bullshit_v2_leg_pnf_03,+C,False,72,1,0,True,True,"[0.9320679903030396, 0.2809249460697174]","[-0.8609395027160645, -0.7026336789131165]",5.802844047546387,8.476953744888306,2.5063681602478027,5.260505676269531,5.260505676269531,5.261136054992676,0.0006303787231445312,0.029585791751742363,0.18231697380542755,0.9999842047691345,False
syco_bullshit_v2_leg_pnf_03,+C,False,73,1,0,True,True,"[2.309847354888916, -0.5387911200523376]","[-0.8521589040756226, -0.7331272959709167]",5.802844047546387,8.476953744888306,1.4372586011886597,5.2372918128967285,5.2372918128967285,5.236119270324707,0.0011725425720214844,0.030466459691524506,0.18145541846752167,0.9999831914901733,False
syco_bullshit_v2_leg_pnf_03,+C,False,74,1,0,True,True,"[1.8194013833999634, -0.7257383465766907]","[-1.238525390625, -0.7854621410369873]",5.802844047546387,8.476953744888306,1.5849146842956543,5.437233924865723,5.437233924865723,5.435478687286377,0.0017552375793457031,0.025693923234939575,0.17945311963558197,0.9999889135360718,False
syco_bullshit_v2_leg_pnf_03,+C,False,75,1,0,True,True,"[1.5276820659637451, -0.7977990508079529]","[-0.9730920791625977, -0.8479622006416321]",5.802844047546387,8.476953744888306,1.6917814016342163,5.2395734786987305,5.2395734786987305,5.241716384887695,0.0021429061889648438,0.028339624404907227,0.17695210874080658,0.9999854564666748,False
syco_bullshit_v2_leg_pnf_03,+C,False,76,1,0,True,True,"[2.103878974914551, -1.0878119468688965]","[-1.1450406312942505, -1.0657583475112915]",5.802844047546387,8.476953744888306,1.2703592777252197,5.213111400604248,5.213111400604248,5.21420955657959,0.0010981559753417969,0.028171421959996223,0.17812076210975647,0.9999854564666748,False
syco_bullshit_v2_leg_pnf_03,+C,False,77,1,0,True,True,"[1.8553293943405151, -0.7092709541320801]","[-1.1326848268508911, -0.9380151033401489]",5.802844047546387,8.476953744888306,1.5754467248916626,5.283030986785889,5.283031463623047,5.284026622772217,0.0009951591491699219,0.02416662685573101,0.17534644901752472,0.9999896883964539,False
syco_bullshit_v2_leg_pnf_03,+C,False,78,1,0,True,True,"[1.597748875617981, -0.47925204038619995]","[-0.5458560585975647, -0.732293426990509]",5.802844047546387,8.476953744888306,1.8126702308654785,5.049888610839844,5.049888610839844,5.050032138824463,0.00014352798461914062,0.027344685047864914,0.1723969429731369,0.9999853372573853,False
syco_bullshit_v2_leg_pnf_03,+C,False,79,1,0,True,True,"[1.4972950220108032, -0.585849404335022]","[-1.205476999282837, -0.7838057279586792]",5.802844047546387,8.476953744888306,1.8096812963485718,5.420040607452393,5.420040607452393,5.422675132751465,0.0026345252990722656,0.028085216879844666,0.1822483390569687,0.9999867081642151,False
syco_bullshit_v2_leg_pnf_03,+C,False,80,1,0,True,True,"[2.191880464553833, -0.531938374042511]","[-1.0539941787719727, -0.5667393207550049]",5.802844047546387,8.476953744888306,1.4979851245880127,5.462616920471191,5.462616920471191,5.462643623352051,2.6702880859375e-05,0.028977252542972565,0.18819193542003632,0.999985933303833,False
syco_bullshit_v2_leg_pnf_03,+C,False,81,1,0,True,True,"[1.8115559816360474, -0.8320421576499939]","[-1.0187066793441772, -0.7319287061691284]",5.802844047546387,8.476953744888306,1.5370134115219116,5.338461399078369,5.338461399078369,5.339914321899414,0.0014529228210449219,0.026737144216895103,0.17461369931697845,0.9999875426292419,False
syco_bullshit_v2_leg_pnf_03,+C,False,82,1,0,True,True,"[1.9938205480575562, -0.8508485555648804]","[-0.7243410348892212, -0.7715128064155579]",5.802844047546387,8.476953744888306,1.4391897916793823,5.132779598236084,5.132779598236084,5.132893085479736,0.00011348724365234375,0.027673127129673958,0.17017407715320587,0.9999854564666748,False
syco_bullshit_v2_leg_pnf_03,+C,False,83,1,0,True,True,"[1.6218945980072021, -1.036940097808838]","[-0.8995128870010376, -0.5093480348587036]",5.802844047546387,8.476953744888306,1.5296006202697754,5.3996052742004395,5.3996052742004395,5.396860122680664,0.0027451515197753906,0.029457272961735725,0.18195493519306183,0.9999852776527405,False
syco_bullshit_v2_leg_pnf_03,+C,False,84,1,0,True,True,"[1.3811464309692383, -0.323971688747406]","[-1.126279592514038, -0.5581961870193481]",5.802844047546387,8.476953744888306,1.993595838546753,5.510742664337158,5.510742664337158,5.508105278015137,0.0026373863220214844,0.028636334463953972,0.1887461096048355,0.9999865889549255,False
syco_bullshit_v2_leg_pnf_03,+C,False,85,1,0,True,True,"[0.5809822082519531, -0.14779022336006165]","[-1.5759638547897339, -0.8482037782669067]",5.802844047546387,8.476953744888306,2.4686007499694824,5.608315944671631,5.608315944671631,5.60982608795166,0.0015101432800292969,0.02611297369003296,0.17923401296138763,0.9999891519546509,False
syco_bullshit_v2_leg_pnf_03,+C,False,86,1,0,True,True,"[1.3606092929840088, -0.46690279245376587]","[-1.388081669807434, -0.47660166025161743]",5.802844047546387,8.476953744888306,1.9340497255325317,5.721799373626709,5.721799373626709,5.722103118896484,0.0003037452697753906,0.027274461463093758,0.19228799641132355,0.9999885559082031,False
syco_bullshit_v2_leg_pnf_03,+C,False,87,1,0,True,True,"[2.802708148956299, -1.2922221422195435]","[0.521615743637085, -0.8260767459869385]",5.802844047546387,8.476953744888306,0.8309218883514404,4.342800140380859,4.342800140380859,4.343330383300781,0.000530242919921875,0.027628537267446518,0.1671498864889145,0.9999797344207764,False
syco_bullshit_v2_leg_pnf_03,+C,False,88,1,0,True,True,"[1.6818920373916626, -0.8363021016120911]","[-1.0304393768310547, -0.9959247708320618]",5.802844047546387,8.476953744888306,1.5980240106582642,5.186218738555908,5.186218738555908,5.187557220458984,0.0013384819030761719,0.027636904269456863,0.17886196076869965,0.9999858140945435,False
syco_bullshit_v2_leg_pnf_03,+C,False,89,1,0,True,True,"[0.9694262742996216, -0.3072468042373657]","[-1.060862421989441, -0.6576188206672668]",5.802844047546387,8.476953744888306,2.2020397186279297,5.406993389129639,5.406993865966797,5.407525539398193,0.0005316734313964844,0.02901644818484783,0.18381410837173462,0.9999856352806091,False
syco_bullshit_v2_leg_pnf_03,+C,False,90,1,0,True,True,"[2.4479668140411377, -1.1496070623397827]","[0.17283108830451965, -0.9220852851867676]",5.802844047546387,8.476953744888306,1.072892189025879,4.496405124664307,4.496404647827148,4.499683380126953,0.0032787322998046875,0.02940281294286251,0.1677347868680954,0.9999787211418152,False
syco_bullshit_v2_leg_pnf_03,+C,False,91,1,0,True,True,"[1.3961734771728516, -0.36863160133361816]","[-0.5631270408630371, -0.8916028738021851]",5.802844047546387,8.476953744888306,1.9645575284957886,4.962088584899902,4.962088584899902,4.96237850189209,0.0002899169921875,0.02280963957309723,0.16384537518024445,0.9999895095825195,False
syco_bullshit_v2_leg_pnf_03,+C,False,92,1,0,True,True,"[0.21066322922706604, -0.04218782112002373]","[-0.6485556960105896, -0.4528568685054779]",5.802844047546387,8.476953744888306,2.7001423835754395,5.283426761627197,5.283426761627197,5.2823309898376465,0.0010957717895507812,0.021243618801236153,0.14866165816783905,0.9999919533729553,False
syco_bullshit_v2_leg_pnf_03,+C,False,93,1,0,True,True,"[0.8763022422790527, -0.3761637210845947]","[0.09732866287231445, -0.7967237234115601]",5.802844047546387,8.476953744888306,2.2138168811798096,4.618137836456299,4.618137836456299,4.6189680099487305,0.0008301734924316406,0.020136207342147827,0.15118356049060822,0.9999905824661255,False
syco_bullshit_v2_leg_pnf_03,-C,False,0,59,58,True,True,"[0.33792418241500854, -0.019616402685642242]","[-1.1993334293365479, 0.5189214944839478]",-2.4792703986167908,-7.5542134046554565,1.380144715309143,3.55539608001709,3.555396318435669,3.556750535964966,0.001354217529296875,0.01994491182267666,0.1418396234512329,0.9999843835830688,False
syco_bullshit_v2_leg_pnf_03,-C,False,1,1,0,True,True,"[0.4285453259944916, 0.008922840468585491]","[-1.4780356884002686, -0.2355208396911621]",-2.4792703986167908,-7.5542134046554565,1.4103482961654663,3.845885992050171,3.84588623046875,3.8460609912872314,0.0001747608184814453,0.024321621283888817,0.14889086782932281,0.9999800324440002,False
syco_bullshit_v2_leg_pnf_03,-C,False,2,1,0,True,True,"[0.46757790446281433, -0.24065890908241272]","[-1.5017298460006714, -0.30523502826690674]",-2.4792703986167908,-7.5542134046554565,1.5507628917694092,3.8734476566314697,3.8734476566314697,3.8742763996124268,0.0008287429809570312,0.023963522166013718,0.15026091039180756,0.9999809265136719,False
syco_bullshit_v2_leg_pnf_03,-C,False,3,1,0,True,True,"[-0.2190099060535431, 0.40399083495140076]","[-1.0143489837646484, -0.0019334405660629272]",-2.4792703986167908,-7.5542134046554565,0.9030988812446594,3.9841220378875732,3.9841220378875732,3.983400344848633,0.0007216930389404297,0.026930538937449455,0.15759658813476562,0.9999771118164062,False
syco_bullshit_v2_leg_pnf_03,-C,False,4,1,0,True,True,"[-0.06737198680639267, 0.22468169033527374]","[-1.8548784255981445, -0.3123917877674103]",-2.4792703986167908,-7.5542134046554565,1.0641088485717773,3.6626954078674316,3.6626954078674316,3.6626110076904297,8.440017700195312e-05,0.023739345371723175,0.1490115523338318,0.9999788999557495,False
syco_bullshit_v2_leg_pnf_03,-C,False,5,1,0,True,True,"[0.2557083070278168, 0.7003564834594727]","[-1.0261356830596924, 0.13228769600391388]",-2.4792703986167908,-7.5542134046554565,0.9898696541786194,3.895705223083496,3.895705223083496,3.8970327377319336,0.0013275146484375,0.027852825820446014,0.16611339151859283,0.9999745488166809,False
syco_bullshit_v2_leg_pnf_03,-C,False,6,1,0,True,True,"[-0.14524924755096436, 0.09373918920755386]","[-1.1217073202133179, -0.14350375533103943]",-2.4792703986167908,-7.5542134046554565,1.089925765991211,4.003536701202393,4.003536701202393,4.003489017486572,4.76837158203125e-05,0.022380784153938293,0.15496514737606049,0.9999843835830688,False
syco_bullshit_v2_leg_pnf_03,-C,False,7,1,0,True,True,"[0.08965463191270828, 0.20207758247852325]","[-1.11125910282135, -0.5547753572463989]",-2.4792703986167908,-7.5542134046554565,1.1515014171600342,4.261791706085205,4.261791706085205,4.261046886444092,0.0007448196411132812,0.02425294928252697,0.1542794555425644,0.9999839067459106,False
syco_bullshit_v2_leg_pnf_03,-C,False,8,1,0,True,True,"[-0.19738250970840454, 0.13474930822849274]","[-1.1982110738754272, -0.3202611804008484]",-2.4792703986167908,-7.5542134046554565,1.0446102619171143,4.06823205947876,4.068232536315918,4.069786548614502,0.0015540122985839844,0.025650663301348686,0.1549079865217209,0.9999802708625793,False
syco_bullshit_v2_leg_pnf_03,-C,False,9,1,0,True,True,"[-0.2686731219291687, 0.32409584522247314]","[-1.4278109073638916, -0.6777488589286804]",-2.4792703986167908,-7.5542134046554565,0.9178070425987244,4.146397590637207,4.146397590637207,4.146779537200928,0.0003819465637207031,0.02523173578083515,0.15636377036571503,0.9999815225601196,False
syco_bullshit_v2_leg_pnf_03,-C,False,10,1,0,True,True,"[0.017829619348049164, 0.12028096616268158]","[-1.3600460290908813, -0.5232111811637878]",-2.4792703986167908,-7.5542134046554565,1.1563527584075928,4.092733383178711,4.092733860015869,4.093366622924805,0.0006327629089355469,0.023538745939731598,0.15069419145584106,0.999983549118042,False
syco_bullshit_v2_leg_pnf_03,-C,False,11,1,0,True,True,"[-0.22732949256896973, 0.30447500944137573]","[-1.2013591527938843, -0.30312380194664]",-2.4792703986167908,-7.5542134046554565,0.947467029094696,4.056330680847168,4.056330680847168,4.0563225746154785,8.106231689453125e-06,0.025854524224996567,0.1643611043691635,0.9999796748161316,False
syco_bullshit_v2_leg_pnf_03,-C,False,12,1,0,True,True,"[0.10292720049619675, 0.42145252227783203]","[-1.0956382751464844, -0.5754616856575012]",-2.4792703986167908,-7.5542134046554565,1.0512300729751587,4.283798694610596,4.283798694610596,4.2846784591674805,0.0008797645568847656,0.02542056329548359,0.16342192888259888,0.9999824166297913,False
syco_bullshit_v2_leg_pnf_03,-C,False,13,1,0,True,True,"[0.18030859529972076, 0.05677240341901779]","[-1.044296383857727, -0.43936488032341003]",-2.4792703986167908,-7.5542134046554565,1.266298532485962,4.2326765060424805,4.2326765060424805,4.231053829193115,0.0016226768493652344,0.021126626059412956,0.15762899816036224,0.9999876618385315,False
syco_bullshit_v2_leg_pnf_03,-C,False,14,1,0,True,True,"[0.10549907386302948, 0.2492031753063202]","[-1.0846221446990967, -0.4759599268436432]",-2.4792703986167908,-7.5542134046554565,1.1362828016281128,4.229707717895508,4.229707717895508,4.230387210845947,0.0006794929504394531,0.023188313469290733,0.15063105523586273,0.9999849796295166,False
syco_bullshit_v2_leg_pnf_03,-C,False,15,1,0,True,True,"[-0.2630240321159363, 0.5879057049751282]","[-1.109891653060913, -0.39871424436569214]",-2.4792703986167908,-7.5542134046554565,0.7922085523605347,4.168437957763672,4.168437957763672,4.169089317321777,0.0006513595581054688,0.024990707635879517,0.15402375161647797,0.9999821186065674,False
syco_bullshit_v2_leg_pnf_03,-C,False,16,1,0,True,True,"[-0.09643171727657318, 0.7730356454849243]","[-1.1750361919403076, -0.3717581629753113]",-2.4792703986167908,-7.5542134046554565,0.7831897139549255,4.11398458480835,4.11398458480835,4.113622665405273,0.0003619194030761719,0.02535485103726387,0.16054192185401917,0.9999810457229614,False
syco_bullshit_v2_leg_pnf_03,-C,False,17,1,0,True,True,"[0.6065405011177063, 0.21681518852710724]","[-1.1525638103485107, -0.22240987420082092]",-2.4792703986167908,-7.5542134046554565,1.3958029747009277,4.036501407623291,4.036501407623291,4.035860061645508,0.0006413459777832031,0.02086610719561577,0.15710249543190002,0.9999866485595703,False
syco_bullshit_v2_leg_pnf_03,-C,False,18,1,0,True,True,"[0.36839839816093445, 0.046834349632263184]","[-1.8801995515823364, -0.26481354236602783]",-2.4792703986167908,-7.5542134046554565,1.36264169216156,3.619588851928711,3.619588851928711,3.6197879314422607,0.0001990795135498047,0.022762123495340347,0.15080831944942474,0.9999802112579346,False
syco_bullshit_v2_leg_pnf_03,-C,False,19,1,0,True,True,"[0.03355982527136803, -0.0027418266981840134]","[-1.4651826620101929, -0.24512845277786255]",-2.4792703986167908,-7.5542134046554565,1.2238578796386719,3.8596103191375732,3.8596103191375732,3.8579976558685303,0.0016126632690429688,0.026163049042224884,0.15618659555912018,0.9999771118164062,False
syco_bullshit_v2_leg_pnf_03,-C,False,20,1,0,True,True,"[0.28361737728118896, -0.11449184268712997]","[-1.5047571659088135, -0.3583943843841553]",-2.4792703986167908,-7.5542134046554565,1.3998819589614868,3.9048566818237305,3.9048566818237305,3.9059512615203857,0.0010945796966552734,0.025438997894525528,0.1556238979101181,0.99997878074646,False
syco_bullshit_v2_leg_pnf_03,-C,False,21,1,0,True,True,"[0.1177777349948883, -0.12062010169029236]","[-1.4173754453659058, -0.17893320322036743]",-2.4792703986167908,-7.5542134046554565,1.3221802711486816,3.847785472869873,3.847785711288452,3.848090887069702,0.00030517578125,0.023745566606521606,0.1483031064271927,0.9999809265136719,False
syco_bullshit_v2_leg_pnf_03,-C,False,22,1,0,True,True,"[-0.2667624056339264, 0.2513381242752075]","[-1.230623483657837, -0.3011991083621979]",-2.4792703986167908,-7.5542134046554565,0.9541342258453369,4.034494400024414,4.034494400024414,4.03559684753418,0.001102447509765625,0.023068059235811234,0.14638777077198029,0.9999836087226868,False
syco_bullshit_v2_leg_pnf_03,-C,False,23,1,0,True,True,"[-0.08895315229892731, 0.17533835768699646]","[-1.2935861349105835, -0.40441662073135376]",-2.4792703986167908,-7.5542134046554565,1.07761549949646,4.060389041900635,4.060389041900635,4.05823278427124,0.0021562576293945312,0.025010276585817337,0.15224726498126984,0.999981164932251,False
syco_bullshit_v2_leg_pnf_03,-C,False,24,1,0,True,True,"[-0.06310898065567017, -0.02116171270608902]","[-1.3735929727554321, -0.5360212922096252]",-2.4792703986167908,-7.5542134046554565,1.1857887506484985,4.092682838439941,4.092682838439941,4.094465255737305,0.0017824172973632812,0.023441294208168983,0.14885590970516205,0.9999837279319763,False
syco_bullshit_v2_leg_pnf_03,-C,False,25,1,0,True,True,"[-0.3714695870876312, 0.2774064838886261]","[-1.9356976747512817, -0.6115960478782654]",-2.4792703986167908,-7.5542134046554565,0.8905102014541626,3.7958121299743652,3.7958121299743652,3.798492431640625,0.0026803016662597656,0.02362087368965149,0.14708562195301056,0.9999809265136719,False
syco_bullshit_v2_leg_pnf_03,-C,False,26,1,0,True,True,"[0.06654998660087585, -0.04929029569029808]","[-1.4827200174331665, -0.4268762171268463]",-2.4792703986167908,-7.5542134046554565,1.262554407119751,3.958181142807007,3.958181381225586,3.9582087993621826,2.7418136596679688e-05,0.023932162672281265,0.15349294245243073,0.9999817609786987,False
syco_bullshit_v2_leg_pnf_03,-C,False,27,1,0,True,True,"[0.23580321669578552, 0.554567277431488]","[-1.482326865196228, -0.11254647374153137]",-2.4792703986167908,-7.5542134046554565,1.0511139631271362,3.768653154373169,3.768653154373169,3.7687110900878906,5.793571472167969e-05,0.02464771829545498,0.15736331045627594,0.9999786615371704,False
syco_bullshit_v2_leg_pnf_03,-C,False,28,1,0,True,True,"[0.0872555524110794, 0.1635783612728119]","[-1.3736144304275513, -0.16507643461227417]",-2.4792703986167908,-7.5542134046554565,1.1690647602081299,3.865560293197632,3.8655600547790527,3.8660430908203125,0.0004830360412597656,0.025105638429522514,0.14967560768127441,0.9999788999557495,False
syco_bullshit_v2_leg_pnf_03,-C,False,29,1,0,True,True,"[-0.030564825981855392, 0.1581525057554245]","[-0.961448073387146, -0.2506878972053528]",-2.4792703986167908,-7.5542134046554565,1.114383339881897,4.1709160804748535,4.1709160804748535,4.173323154449463,0.002407073974609375,0.025846827775239944,0.16161425411701202,0.9999809861183167,False
syco_bullshit_v2_leg_pnf_03,-C,False,30,1,0,True,True,"[-0.16261978447437286, 0.4295283854007721]","[-1.1253856420516968, -0.18072372674942017]",-2.4792703986167908,-7.5542134046554565,0.9181090593338013,4.02387809753418,4.02387809753418,4.023660182952881,0.00021791458129882812,0.02661309577524662,0.16393645107746124,0.9999781847000122,False
syco_bullshit_v2_leg_pnf_03,-C,False,31,1,0,True,True,"[-0.28769123554229736, 0.621390700340271]","[-0.9935594797134399, -0.14226463437080383]",-2.4792703986167908,-7.5542134046554565,0.7639167308807373,4.085226058959961,4.085226058959961,4.08438777923584,0.0008382797241210938,0.027119768783450127,0.15390644967556,0.9999779462814331,False
syco_bullshit_v2_leg_pnf_03,-C,False,32,1,0,True,True,"[-0.12415602058172226, 0.5577436685562134]","[-0.7416582703590393, -0.2989044189453125]",-2.4792703986167908,-7.5542134046554565,0.8744438290596008,4.333648681640625,4.333648681640625,4.3343939781188965,0.0007452964782714844,0.02286279760301113,0.16423757374286652,0.9999860525131226,False
syco_bullshit_v2_leg_pnf_03,-C,False,33,1,0,True,True,"[-0.4695592224597931, 0.7087832093238831]","[-1.0918922424316406, -0.47762414813041687]",-2.4792703986167908,-7.5542134046554565,0.6329180598258972,4.225813865661621,4.225813865661621,4.225193023681641,0.0006208419799804688,0.02516992762684822,0.16407600045204163,0.9999823570251465,False
syco_bullshit_v2_leg_pnf_03,-C,False,34,1,0,True,True,"[0.10870432108640671, 0.6704260110855103]","[-1.5684274435043335, -0.1721782386302948]",-2.4792703986167908,-7.5542134046554565,0.9329119324684143,3.7490532398223877,3.7490532398223877,3.7483530044555664,0.0007002353668212891,0.02486710622906685,0.15380990505218506,0.9999780654907227,False
syco_bullshit_v2_leg_pnf_03,-C,False,35,1,0,True,True,"[0.26384150981903076, 0.4026928246021271]","[-1.255847454071045, 0.13733963668346405]",-2.4792703986167908,-7.5542134046554565,1.138643741607666,3.752671718597412,3.752671718597412,3.7529613971710205,0.00028967857360839844,0.021153640002012253,0.15407557785511017,0.999984085559845,False
syco_bullshit_v2_leg_pnf_03,-C,False,36,1,0,True,True,"[-0.1407196968793869, 0.5055148601531982]","[-1.2920324802398682, 0.029914334416389465]",-2.4792703986167908,-7.5542134046554565,0.8917953372001648,3.797229766845703,3.7972300052642822,3.7971532344818115,7.677078247070312e-05,0.024788059294223785,0.15217405557632446,0.9999786615371704,False
syco_bullshit_v2_leg_pnf_03,-C,False,37,1,0,True,True,"[-0.12057608366012573, 0.9553581476211548]","[-1.2228916883468628, 0.018741808831691742]",-2.4792703986167908,-7.5542134046554565,0.6827409863471985,3.84671688079834,3.84671688079834,3.8464701175689697,0.0002467632293701172,0.02691781148314476,0.1582295447587967,0.9999755620956421,False
syco_bullshit_v2_leg_pnf_03,-C,False,38,1,0,True,True,"[0.2575329542160034, 0.08930116146802902]","[-1.5773124694824219, -0.08425520360469818]",-2.4792703986167908,-7.5542134046554565,1.2880436182022095,3.690890312194824,3.690890073776245,3.690593957901001,0.0002961158752441406,0.02409445494413376,0.15234997868537903,0.9999786615371704,False
syco_bullshit_v2_leg_pnf_03,-C,False,39,1,0,True,True,"[0.32954081892967224, 0.5780318975448608]","[-1.574115514755249, -0.1931895613670349]",-2.4792703986167908,-7.5542134046554565,1.0853025913238525,3.7588183879852295,3.7588183879852295,3.758375406265259,0.0004429817199707031,0.024627534672617912,0.1507822424173355,0.9999785423278809,False
syco_bullshit_v2_leg_pnf_03,-C,False,40,1,0,True,True,"[0.28287017345428467, 0.7929818034172058]","[-1.1710947751998901, -0.43057554960250854]",-2.4792703986167908,-7.5542134046554565,0.9580209255218506,4.150177478790283,4.150177478790283,4.150938510894775,0.0007610321044921875,0.0244615375995636,0.15777824819087982,0.9999825954437256,False
syco_bullshit_v2_leg_pnf_03,-C,False,41,1,0,True,True,"[-0.09522873908281326, 0.5670913457870483]","[-0.7853755950927734, 0.016967006027698517]",-2.4792703986167908,-7.5542134046554565,0.8839695453643799,4.114758014678955,4.114758014678955,4.115520477294922,0.0007624626159667969,0.025818565860390663,0.16238142549991608,0.9999802112579346,False
syco_bullshit_v2_leg_pnf_03,-C,False,42,1,0,True,True,"[-0.19682052731513977, 1.0344067811965942]","[-1.3437026739120483, 0.1148504763841629]",-2.4792703986167908,-7.5542134046554565,0.6071889400482178,3.7116146087646484,3.7116143703460693,3.7114479541778564,0.00016641616821289062,0.02580926939845085,0.16020183265209198,0.9999758005142212,False
syco_bullshit_v2_leg_pnf_03,-C,False,43,1,0,True,True,"[0.05116075277328491, 0.5909194350242615]","[-1.439589500427246, -0.20187285542488098]",-2.4792703986167908,-7.5542134046554565,0.9435972571372986,3.848710775375366,3.848710536956787,3.848458766937256,0.00025177001953125,0.023580890148878098,0.15095917880535126,0.999981164932251,False
syco_bullshit_v2_leg_pnf_03,-C,False,44,1,0,True,True,"[0.13844802975654602, 0.5477032661437988]","[-1.490883469581604, -0.3764060139656067]",-2.4792703986167908,-7.5542134046554565,1.0070887804031372,3.9223363399505615,3.9223363399505615,3.9218459129333496,0.0004904270172119141,0.023217227309942245,0.146160289645195,0.999982476234436,False
syco_bullshit_v2_leg_pnf_03,-C,False,45,1,0,True,True,"[0.03291725367307663, 0.3991992771625519]","[-1.3282437324523926, -0.0616564080119133]",-2.4792703986167908,-7.5542134046554565,1.0279958248138428,3.8300390243530273,3.8300390243530273,3.830186128616333,0.00014710426330566406,0.024944374337792397,0.15319423377513885,0.9999788999557495,False
syco_bullshit_v2_leg_pnf_03,-C,False,46,1,0,True,True,"[0.4699450731277466, 0.5457786321640015]","[-1.5729695558547974, -0.33122870326042175]",-2.4792703986167908,-7.5542134046554565,1.1693027019500732,3.8465006351470947,3.8465006351470947,3.8462460041046143,0.00025463104248046875,0.02471204288303852,0.1583462655544281,0.9999793767929077,False
syco_bullshit_v2_leg_pnf_03,-C,False,47,1,0,True,True,"[0.3473186790943146, 0.6021700501441956]","[-1.5308552980422974, -0.31231436133384705]",-2.4792703986167908,-7.5542134046554565,1.082208275794983,3.860212802886963,3.860212802886963,3.8605868816375732,0.00037407875061035156,0.02599566988646984,0.15973730385303497,0.9999772310256958,False
syco_bullshit_v2_leg_pnf_03,-C,False,48,1,0,True,True,"[0.39373940229415894, 0.7386730313301086]","[-1.1827125549316406, -0.1804550737142563]",-2.4792703986167908,-7.5542134046554565,1.0383821725845337,3.9903368949890137,3.9903366565704346,3.9904119968414307,7.534027099609375e-05,0.02464023418724537,0.15663085877895355,0.9999809265136719,False
syco_bullshit_v2_leg_pnf_03,-C,False,49,1,0,True,True,"[0.243119478225708, 0.9383768439292908]","[-1.8382188081741333, -0.1634179651737213]",-2.4792703986167908,-7.5542134046554565,0.8679450750350952,3.5814411640167236,3.5814411640167236,3.5827713012695312,0.0013301372528076172,0.026101993396878242,0.1591120958328247,0.9999735355377197,False
syco_bullshit_v2_leg_pnf_03,-C,False,50,1,0,True,True,"[0.0852942019701004, 0.5388482809066772]","[-1.29143226146698, -0.07838557660579681]",-2.4792703986167908,-7.5542134046554565,0.9855368137359619,3.8619961738586426,3.8619961738586426,3.860982656478882,0.0010135173797607422,0.024464590474963188,0.15254934132099152,0.9999799728393555,False
syco_bullshit_v2_leg_pnf_03,-C,False,51,1,0,True,True,"[-0.167459636926651, 0.6418620347976685]","[-1.6510663032531738, -0.26037371158599854]",-2.4792703986167908,-7.5542134046554565,0.8124513626098633,3.755897045135498,3.755897283554077,3.756397247314453,0.0004999637603759766,0.022302594035863876,0.14418140053749084,0.9999823570251465,False
syco_bullshit_v2_leg_pnf_03,-C,False,52,1,0,True,True,"[-0.08304812014102936, 0.47585004568099976]","[-1.9074444770812988, -0.017884284257888794]",-2.4792703986167908,-7.5542134046554565,0.934285581111908,3.449819803237915,3.449819803237915,3.4515249729156494,0.001705169677734375,0.022412974387407303,0.14041437208652496,0.9999790191650391,False
syco_bullshit_v2_leg_pnf_03,-C,False,53,1,0,True,True,"[-0.05694244056940079, 0.5278685688972473]","[-1.5097590684890747, -0.008518412709236145]",-2.4792703986167908,-7.5542134046554565,0.9216786623001099,3.6866188049316406,3.6866188049316406,3.6868793964385986,0.0002605915069580078,0.023695290088653564,0.14985880255699158,0.9999794363975525,False
syco_bullshit_v2_leg_pnf_03,-C,False,54,1,0,True,True,"[-0.33364611864089966, 0.4941388666629791]","[-1.5837452411651611, -0.20277385413646698]",-2.4792703986167908,-7.5542134046554565,0.8034687042236328,3.7582814693450928,3.7582814693450928,3.757842779159546,0.000438690185546875,0.023274583742022514,0.14884011447429657,0.9999808669090271,False
syco_bullshit_v2_leg_pnf_03,-C,False,55,1,0,True,True,"[-0.17731721699237823, 0.2515522241592407]","[-1.3537797927856445, -0.18031908571720123]",-2.4792703986167908,-7.5542134046554565,0.9975461959838867,3.8872151374816895,3.8872151374816895,3.8879711627960205,0.0007560253143310547,0.02413330413401127,0.15182825922966003,0.9999807476997375,False
syco_bullshit_v2_leg_pnf_03,-C,False,56,1,0,True,True,"[-0.24956746399402618, 0.428223192691803]","[-1.2392302751541138, -0.5131932497024536]",-2.4792703986167908,-7.5542134046554565,0.8764429092407227,4.1595458984375,4.1595458984375,4.158263206481934,0.0012826919555664062,0.02741565927863121,0.15829972922801971,0.9999783039093018,False
syco_bullshit_v2_leg_pnf_03,-C,False,57,1,0,True,True,"[-0.1012868583202362, 0.46190667152404785]","[-1.4324970245361328, -0.3163280189037323]",-2.4792703986167908,-7.5542134046554565,0.9321958422660828,3.9217898845672607,3.9217898845672607,3.9216206073760986,0.00016927719116210938,0.024865400046110153,0.1541098952293396,0.9999799132347107,False
syco_bullshit_v2_leg_pnf_03,-C,False,58,1,0,True,True,"[0.03551629185676575, 0.6549363136291504]","[-1.5809755325317383, -0.04761843383312225]",-2.4792703986167908,-7.5542134046554565,0.9048409461975098,3.667506217956543,3.667506217956543,3.668097496032715,0.000591278076171875,0.01934995874762535,0.14335153996944427,0.9999861121177673,False
syco_bullshit_v2_leg_pnf_03,-C,False,59,1,0,True,True,"[-0.0919533371925354, 0.14496292173862457]","[-0.8774147629737854, -0.2108643800020218]",-2.4792703986167908,-7.5542134046554565,1.0909337997436523,4.194621562957764,4.194622039794922,4.193989276885986,0.0006327629089355469,0.017978759482502937,0.13175331056118011,0.9999908804893494,False
syco_bullshit_v2_leg_pnf_03,-C,False,60,1,0,True,True,"[-0.38186749815940857, 0.4842472970485687]","[-1.7733508348464966, -0.41064196825027466]",-2.4792703986167908,-7.5542134046554565,0.7848207354545593,3.773911237716675,3.773911476135254,3.7757017612457275,0.0017902851104736328,0.022039081901311874,0.13850043714046478,0.9999830722808838,False
syco_bullshit_v2_med_pnf_01,+C,False,0,49,48,True,True,"[-0.08944463729858398, 0.01998118683695793]","[-1.5346312522888184, 0.33419910073280334]",5.802844047546387,8.476953744888306,2.876394748687744,6.302844047546387,6.302844047546387,6.303639888763428,0.0007958412170410156,0.02473856694996357,0.18259519338607788,0.9999923706054688,False
syco_bullshit_v2_med_pnf_01,+C,False,1,1,0,True,True,"[-0.5684185028076172, 0.12227633595466614]","[-1.755264163017273, -0.4578135013580322]",5.802844047546387,8.476953744888306,3.159189462661743,5.9531049728393555,5.9531049728393555,5.953351974487305,0.00024700164794921875,0.02654101699590683,0.18444746732711792,0.9999900460243225,False
syco_bullshit_v2_med_pnf_01,+C,False,2,1,0,True,True,"[-0.2527841627597809, 0.12931396067142487]","[-1.2982017993927002, -0.5596397519111633]",5.802844047546387,8.476953744888306,3.0090532302856445,5.613241672515869,5.613241672515869,5.6121320724487305,0.0011096000671386719,0.0266830176115036,0.18539108335971832,0.9999887943267822,False
syco_bullshit_v2_med_pnf_01,+C,False,3,1,0,True,True,"[-0.4266267418861389, -0.3427218198776245]","[-1.7506910562515259, -0.814179539680481]",5.802844047546387,8.476953744888306,2.863978385925293,5.73536491394043,5.73536491394043,5.7334136962890625,0.0019512176513671875,0.025282690301537514,0.1823464184999466,0.9999904036521912,False
syco_bullshit_v2_med_pnf_01,+C,False,4,1,0,True,True,"[-0.38608962297439575, -0.564547598361969]","[-1.1019383668899536, -0.7726179361343384]",5.802844047546387,8.476953744888306,2.736335515975952,5.36470890045166,5.364708423614502,5.365703105926514,0.0009946823120117188,0.026125431060791016,0.17488469183444977,0.9999881386756897,False
syco_bullshit_v2_med_pnf_01,+C,False,5,1,0,True,True,"[-0.6157005429267883, 0.11995339393615723]","[-1.4864311218261719, -0.6798586249351501]",5.802844047546387,8.476953744888306,3.181062698364258,5.653933048248291,5.653933048248291,5.65201997756958,0.0019130706787109375,0.023037036880850792,0.16831986606121063,0.9999917149543762,False
syco_bullshit_v2_med_pnf_01,+C,False,6,1,0,True,True,"[-0.25406134128570557, -0.690610408782959]","[-1.5492719411849976, -1.2418991327285767]",5.802844047546387,8.476953744888306,2.6107709407806396,5.35111141204834,5.35111141204834,5.35033655166626,0.0007748603820800781,0.02644691802561283,0.17813265323638916,0.999987781047821,False
syco_bullshit_v2_med_pnf_01,+C,False,7,1,0,True,True,"[-0.5053364634513855, -0.35707366466522217]","[-1.4922887086868286, -0.8831780552864075]",5.802844047546387,8.476953744888306,2.895289421081543,5.535653591156006,5.535653591156006,5.5371623039245605,0.0015087127685546875,0.023017212748527527,0.16743071377277374,0.9999913573265076,False
syco_bullshit_v2_med_pnf_01,+C,False,8,1,0,True,True,"[-0.620987057685852, -0.15921767055988312]","[-1.5345910787582397, -0.6452810764312744]",5.802844047546387,8.476953744888306,3.04781436920166,5.707455158233643,5.707455158233643,5.707248687744141,0.00020647048950195312,0.021631481125950813,0.16265591979026794,0.9999927282333374,False
syco_bullshit_v2_med_pnf_01,+C,False,9,1,0,True,True,"[-0.5679727792739868, -0.0015535494312644005]","[-1.2233766317367554, -0.6069081425666809]",5.802844047546387,8.476953744888306,3.0987277030944824,5.539312839508057,5.539312839508057,5.538573265075684,0.0007395744323730469,0.022305406630039215,0.1592061072587967,0.9999918937683105,False
syco_bullshit_v2_med_pnf_01,+C,False,10,1,0,True,True,"[-0.3838416039943695, -0.19305185973644257]","[-1.1643686294555664, -0.740391731262207]",5.802844047546387,8.476953744888306,2.9159793853759766,5.424045562744141,5.424045562744141,5.424798488616943,0.0007529258728027344,0.024019626900553703,0.16053883731365204,0.9999901056289673,False
syco_bullshit_v2_med_pnf_01,+C,False,11,1,0,True,True,"[-0.6574355959892273, 0.10240042209625244]","[-1.0995466709136963, -0.7898288369178772]",5.802844047546387,8.476953744888306,3.1928277015686035,5.351877689361572,5.351877689361572,5.3509416580200195,0.0009360313415527344,0.02334415912628174,0.1570761352777481,0.9999904632568359,False
syco_bullshit_v2_med_pnf_01,+C,False,12,1,0,True,True,"[-0.7454630136489868, 0.08196321129798889]","[-1.2455263137817383, -0.40874314308166504]",5.802844047546387,8.476953744888306,3.225710868835449,5.671424865722656,5.671424865722656,5.670989990234375,0.00043487548828125,0.025629239156842232,0.1796281784772873,0.9999898672103882,False
syco_bullshit_v2_med_pnf_01,+C,False,13,1,0,True,True,"[-0.23416194319725037, -0.19540639221668243]","[-1.6440376043319702, -0.7585703730583191]",5.802844047546387,8.476953744888306,2.842012643814087,5.705212116241455,5.705212116241455,5.707317352294922,0.002105236053466797,0.025465337559580803,0.17980492115020752,0.9999901056289673,False
syco_bullshit_v2_med_pnf_01,+C,False,14,1,0,True,True,"[0.0428316704928875, -0.026723850518465042]","[-1.7005847692489624, -0.6368768811225891]",5.802844047546387,8.476953744888306,2.789318084716797,5.8119120597839355,5.8119120597839355,5.812592506408691,0.0006804466247558594,0.026206176728010178,0.1839042454957962,0.9999898672103882,False
syco_bullshit_v2_med_pnf_01,+C,False,15,1,0,True,True,"[-0.24588525295257568, 0.10114370286464691]","[-1.1867766380310059, -0.33119744062423706]",5.802844047546387,8.476953744888306,2.9919917583465576,5.685333251953125,5.685332298278809,5.686164379119873,0.0008320808410644531,0.02462996542453766,0.181082084774971,0.9999904632568359,False
syco_bullshit_v2_med_pnf_01,+C,False,16,1,0,True,True,"[-0.03795364126563072, 0.17729271948337555]","[-1.389221429824829, -0.42643436789512634]",5.802844047546387,8.476953744888306,2.927877426147461,5.751617908477783,5.751618385314941,5.751964092254639,0.0003457069396972656,0.026393268257379532,0.17897965013980865,0.9999895095825195,False
syco_bullshit_v2_med_pnf_01,+C,False,17,1,0,True,True,"[-0.11518209427595139, 0.22732079029083252]","[-1.4293138980865479, -0.34205713868141174]",5.802844047546387,8.476953744888306,2.9897897243499756,5.826344966888428,5.826344966888428,5.825997352600098,0.0003476142883300781,0.025524238124489784,0.17837046086788177,0.9999904632568359,False
syco_bullshit_v2_med_pnf_01,+C,False,18,1,0,True,True,"[-0.6711117625236511, 0.45583105087280273]","[-1.2658188343048096, -0.23375335335731506]",5.802844047546387,8.476953744888306,3.371429443359375,5.793221473693848,5.793221473693848,5.793300151824951,7.867813110351562e-05,0.02638951875269413,0.17884810268878937,0.9999896883964539,False
syco_bullshit_v2_med_pnf_01,+C,False,19,1,0,True,True,"[-0.6078305840492249, 0.4673256278038025]","[-1.264603614807129, -0.30739718675613403]",5.802844047546387,8.476953744888306,3.3462347984313965,5.747197151184082,5.747197151184082,5.74847936630249,0.0012822151184082031,0.02551879920065403,0.1809680163860321,0.9999901056289673,False
syco_bullshit_v2_med_pnf_01,+C,False,20,1,0,True,True,"[-0.9631603956222534, 0.78312087059021]","[-0.6143786907196045, -0.17125749588012695]",5.802844047546387,8.476953744888306,3.672745704650879,5.435168266296387,5.435168266296387,5.435347557067871,0.000179290771484375,0.02301020361483097,0.17571921646595,0.9999910593032837,False
syco_bullshit_v2_med_pnf_01,+C,False,21,1,0,True,True,"[-0.5351331233978271, 0.6015263795852661]","[-1.2233591079711914, -0.41221290826797485]",5.802844047546387,8.476953744888306,3.37615704536438,5.656453609466553,5.656453609466553,5.655572891235352,0.0008807182312011719,0.026899220421910286,0.1805402785539627,0.9999886751174927,False
syco_bullshit_v2_med_pnf_01,+C,False,22,1,0,True,True,"[-0.0850418359041214, 0.6767049431800842]","[-1.2152208089828491, -0.2244928926229477]",5.802844047546387,8.476953744888306,3.1937572956085205,5.768848419189453,5.768848419189453,5.768141269683838,0.0007071495056152344,0.026348000392317772,0.18882597982883453,0.9999895095825195,False
syco_bullshit_v2_med_pnf_01,+C,False,23,1,0,True,True,"[0.2139747142791748, 0.05262444168329239]","[-0.9584534764289856, -0.5653393268585205]",5.802844047546387,8.476953744888306,2.7446587085723877,5.403216361999512,5.403216361999512,5.40166711807251,0.0015492439270019531,0.022890953347086906,0.17359957098960876,0.9999910593032837,False
syco_bullshit_v2_med_pnf_01,+C,False,24,1,0,True,True,"[0.2216525673866272, 0.13330626487731934]","[-1.1690906286239624, -0.5271199941635132]",5.802844047546387,8.476953744888306,2.7801759243011475,5.555359363555908,5.555359363555908,5.556515693664551,0.0011563301086425781,0.0278170108795166,0.18347178399562836,0.9999874830245972,False
syco_bullshit_v2_med_pnf_01,+C,False,25,1,0,True,True,"[-0.23538443446159363, 0.33897504210472107]","[-1.7626221179962158, -0.6854867339134216]",5.802844047546387,8.476953744888306,3.102590799331665,5.819108486175537,5.819108486175537,5.819836616516113,0.0007281303405761719,0.024647526443004608,0.17776550352573395,0.9999910593032837,False
syco_bullshit_v2_med_pnf_01,+C,False,26,1,0,True,True,"[-0.16832609474658966, 0.38754937052726746]","[-0.9290509223937988, -0.4846121668815613]",5.802844047546387,8.476953744888306,3.0935981273651123,5.433226585388184,5.433226585388184,5.432003974914551,0.0012226104736328125,0.02779143862426281,0.17321354150772095,0.9999868869781494,False
syco_bullshit_v2_med_pnf_01,+C,False,27,1,0,True,True,"[-0.3033979535102844, 0.7672832608222961]","[-1.2587546110153198, -0.45853757858276367]",5.802844047546387,8.476953744888306,3.344057559967041,5.651041030883789,5.651041030883789,5.649987697601318,0.0010533332824707031,0.02717408537864685,0.18108277022838593,0.9999884366989136,False
syco_bullshit_v2_med_pnf_01,+C,False,28,1,0,True,True,"[-0.6032334566116333, 0.5136914253234863]","[-1.737072467803955, -0.44683837890625]",5.802844047546387,8.476953744888306,3.366555690765381,5.948349952697754,5.948349952697754,5.9481024742126465,0.0002474784851074219,0.024661503732204437,0.18226800858974457,0.9999914169311523,False
syco_bullshit_v2_med_pnf_01,+C,False,29,1,0,True,True,"[-0.38748446106910706, 0.4174725413322449]","[-1.608332633972168, -0.4699700176715851]",5.802844047546387,8.476953744888306,3.2147793769836426,5.857076168060303,5.857076168060303,5.8564958572387695,0.0005803108215332031,0.023831985890865326,0.18049784004688263,0.999991774559021,False
syco_bullshit_v2_med_pnf_01,+C,False,30,1,0,True,True,"[-0.7184994220733643, 0.45794299244880676]","[-0.9514684677124023, -0.30962038040161133]",5.802844047546387,8.476953744888306,3.3955116271972656,5.5554890632629395,5.5554890632629395,5.554443359375,0.0010457038879394531,0.024737201631069183,0.18358732759952545,0.9999901652336121,False
syco_bullshit_v2_med_pnf_01,+C,False,31,1,0,True,True,"[-0.556861162185669, 0.45738598704338074]","[-1.4661495685577393, -0.39974555373191833]",5.802844047546387,8.476953744888306,3.3166017532348633,5.814926624298096,5.814926624298096,5.814447402954102,0.0004792213439941406,0.025167379528284073,0.1798834502696991,0.9999905824661255,False
syco_bullshit_v2_med_pnf_01,+C,False,32,1,0,True,True,"[-0.4982999563217163, 0.402313232421875]","[-0.8996478319168091, -0.4790756404399872]",5.802844047546387,8.476953744888306,3.261317491531372,5.421317100524902,5.421317100524902,5.422425270080566,0.0011081695556640625,0.02404649555683136,0.18226240575313568,0.9999902248382568,False
syco_bullshit_v2_med_pnf_01,+C,False,33,1,0,True,True,"[0.2169281244277954, 0.3815819323062897]","[-1.361768364906311, -0.5453678369522095]",5.802844047546387,8.476953744888306,2.903263807296753,5.659397125244141,5.659397125244141,5.661041736602783,0.0016446113586425781,0.029566319659352303,0.1881602257490158,0.9999864101409912,False
syco_bullshit_v2_med_pnf_01,+C,False,34,1,0,True,True,"[0.12996545433998108, 0.19737476110458374]","[-1.2733567953109741, -0.7760909199714661]",5.802844047546387,8.476953744888306,2.8559532165527344,5.467755317687988,5.467755317687988,5.467353820800781,0.00040149688720703125,0.02578873187303543,0.17945635318756104,0.9999889135360718,False
syco_bullshit_v2_med_pnf_01,+C,False,35,1,0,True,True,"[0.30040493607521057, -0.19279517233371735]","[-1.0130441188812256, -0.6367449760437012]",5.802844047546387,8.476953744888306,2.583209276199341,5.3920159339904785,5.392016410827637,5.391362190246582,0.0006542205810546875,0.026127366349101067,0.17096759378910065,0.999988317489624,False
syco_bullshit_v2_med_pnf_01,+C,False,36,1,0,True,True,"[0.2822638750076294, -0.11190520226955414]","[-1.2571399211883545, -0.5421015024185181]",5.802844047546387,8.476953744888306,2.6313893795013428,5.599252700805664,5.599253177642822,5.599284648895264,3.147125244140625e-05,0.024122612550854683,0.16922055184841156,0.9999907612800598,False
syco_bullshit_v2_med_pnf_01,+C,False,37,1,0,True,True,"[0.2551637291908264, -0.2167814075946808]","[-0.9209010004997253, -0.6305131912231445]",5.802844047546387,8.476953744888306,2.593550205230713,5.341315269470215,5.341315269470215,5.343998908996582,0.0026836395263671875,0.027715271338820457,0.1733683943748474,0.9999867677688599,False
syco_bullshit_v2_med_pnf_01,+C,False,38,1,0,True,True,"[0.36464372277259827, 0.10303117334842682]","[-1.0112510919570923, -0.6885457038879395]",5.802844047546387,8.476953744888306,2.6958799362182617,5.360620975494385,5.360620975494385,5.361384391784668,0.0007634162902832031,0.02645479515194893,0.1816590279340744,0.9999878406524658,False
syco_bullshit_v2_med_pnf_01,+C,False,39,1,0,True,True,"[-0.3429446518421173, 0.44356608390808105]","[-1.5671207904815674, -0.5557282567024231]",5.802844047546387,8.476953744888306,3.2058050632476807,5.780760288238525,5.780759811401367,5.781106948852539,0.000347137451171875,0.023416690528392792,0.17802409827709198,0.999991774559021,False
syco_bullshit_v2_med_pnf_01,+C,False,40,1,0,True,True,"[-0.5537753105163574, 0.5080499053001404]","[-1.0980857610702515, -0.40776294469833374]",5.802844047546387,8.476953744888306,3.339749336242676,5.583680152893066,5.583679676055908,5.580955982208252,0.00272369384765625,0.025375714525580406,0.17881877720355988,0.9999897480010986,False
syco_bullshit_v2_med_pnf_01,+C,False,41,1,0,True,True,"[-0.308133065700531, 0.6432995796203613]","[-0.9199850559234619, -0.4592757225036621]",5.802844047546387,8.476953744888306,3.286041736602783,5.442915439605713,5.442915439605713,5.441969394683838,0.000946044921875,0.02786390855908394,0.18360839784145355,0.9999868273735046,False
syco_bullshit_v2_med_pnf_01,+C,False,42,1,0,True,True,"[0.482700377702713, 0.16582347452640533]","[-0.8823801875114441, -0.4607727825641632]",5.802844047546387,8.476953744888306,2.6689929962158203,5.421698570251465,5.421698570251465,5.425051689147949,0.003353118896484375,0.026899611577391624,0.19183529913425446,0.9999879002571106,False
syco_bullshit_v2_med_pnf_01,+C,False,43,1,0,True,True,"[0.5591228604316711, -0.0007295012474060059]","[-0.8456211090087891, -0.0641677975654602]",5.802844047546387,8.476953744888306,2.5507822036743164,5.639467239379883,5.639467239379883,5.637301445007324,0.0021657943725585938,0.02523721009492874,0.18601293861865997,0.9999900460243225,False
syco_bullshit_v2_med_pnf_01,+C,False,44,1,0,True,True,"[0.6937987804412842, -0.1693974882364273]","[-1.3771344423294067, -0.6486271619796753]",5.802844047546387,8.476953744888306,2.4032015800476074,5.6084065437316895,5.6084065437316895,5.6091437339782715,0.0007371902465820312,0.026256777346134186,0.17596940696239471,0.9999890923500061,False
syco_bullshit_v2_med_pnf_01,+C,False,45,1,0,True,True,"[0.3563113510608673, 0.1618192493915558]","[-0.7150909900665283, -0.04300253838300705]",5.802844047546387,8.476953744888306,2.728534698486328,5.574277400970459,5.574277400970459,5.573753356933594,0.0005240440368652344,0.02623182348906994,0.1816384345293045,0.9999889135360718,False
syco_bullshit_v2_med_pnf_01,+C,False,46,1,0,True,True,"[0.2927292585372925, 0.23244476318359375]","[-1.0287277698516846, -0.61018967628479]",5.802844047546387,8.476953744888306,2.7938284873962402,5.421378135681152,5.421378135681152,5.42233419418335,0.0009560585021972656,0.027301689609885216,0.18127913773059845,0.9999873638153076,False
syco_bullshit_v2_med_pnf_01,+C,False,47,1,0,True,True,"[0.8613678812980652, -0.21442802250385284]","[-0.9760513305664062, -0.5211935639381409]",5.802844047546387,8.476953744888306,2.299769163131714,5.4432053565979,5.4432053565979,5.443645000457764,0.00043964385986328125,0.026069311425089836,0.1740378588438034,0.9999884963035583,False
syco_bullshit_v2_med_pnf_01,+C,False,48,1,0,True,True,"[0.6996852159500122, -0.11411511898040771]","[-0.704585075378418, -0.3573581874370575]",5.802844047546387,8.476953744888306,2.4272334575653076,5.373854637145996,5.373854637145996,5.3733811378479,0.0004734992980957031,0.02613144740462303,0.17434309422969818,0.9999881386756897,False
syco_bullshit_v2_med_pnf_01,+C,False,49,1,0,True,True,"[0.6969251036643982, -0.09251335263252258]","[-0.8383385539054871, -0.5265752077102661]",5.802844047546387,8.476953744888306,2.4390857219696045,5.352110385894775,5.352110862731934,5.35238790512085,0.0002770423889160156,0.025990257039666176,0.17329508066177368,0.9999882578849792,False
syco_bullshit_v2_med_pnf_01,+C,False,50,1,0,True,True,"[0.5950570702552795, -0.07844388484954834]","[-1.2681392431259155, -0.6171882152557373]",5.802844047546387,8.476953744888306,2.495490789413452,5.559877395629883,5.559877395629883,5.559854030609131,2.3365020751953125e-05,0.026849821209907532,0.18474791944026947,0.999988317489624,False
syco_bullshit_v2_med_pnf_01,+C,False,51,1,0,True,True,"[0.6514235734939575, -0.031010285019874573]","[-1.1871482133865356, -0.5959837436676025]",5.802844047546387,8.476953744888306,2.491144895553589,5.525286674499512,5.5252861976623535,5.525713920593262,0.0004277229309082031,0.02785356342792511,0.1859096884727478,0.9999872446060181,False
syco_bullshit_v2_med_pnf_01,+C,False,52,1,0,True,True,"[-0.10467524826526642, 0.1762622892856598]","[-1.5720428228378296, -0.7399451732635498]",5.802844047546387,8.476953744888306,2.9598374366760254,5.669824600219727,5.669824600219727,5.671514511108398,0.001689910888671875,0.025185476988554,0.18042436242103577,0.9999901652336121,False
syco_bullshit_v2_med_pnf_01,+C,False,53,1,0,True,True,"[-0.39433014392852783, 0.30670928955078125]","[-1.2542403936386108, -0.41613519191741943]",5.802844047546387,8.476953744888306,3.164222240447998,5.671677589416504,5.671677589416504,5.671212673187256,0.0004649162292480469,0.02661387249827385,0.181842640042305,0.9999889135360718,False
syco_bullshit_v2_med_pnf_01,+C,False,54,1,0,True,True,"[0.07364607602357864, 0.05799313634634018]","[-1.2749316692352295, -0.2889977693557739]",5.802844047546387,8.476953744888306,2.815542221069336,5.767088890075684,5.767088890075684,5.76870059967041,0.0016117095947265625,0.024014825001358986,0.1728016883134842,0.9999912977218628,False
syco_bullshit_v2_med_pnf_01,+C,False,55,1,0,True,True,"[0.3523193597793579, -0.06616788357496262]","[-0.836637020111084, -0.4568193852901459]",5.802844047546387,8.476953744888306,2.619558334350586,5.395744323730469,5.395744323730469,5.39326810836792,0.002476215362548828,0.02561625838279724,0.16995568573474884,0.9999887943267822,False
syco_bullshit_v2_med_pnf_01,+C,False,56,1,0,True,True,"[0.10890720784664154, 0.27125006914138794]","[-0.7560172080993652, -0.3451749384403229]",5.802844047546387,8.476953744888306,2.90213942527771,5.412838459014893,5.412838459014893,5.414169788360596,0.001331329345703125,0.02571707032620907,0.1774827390909195,0.999988853931427,False
syco_bullshit_v2_med_pnf_01,+C,False,57,1,0,True,True,"[0.07982217520475388, 0.3187038004398346]","[-0.5233508944511414, -0.4135015904903412]",5.802844047546387,8.476953744888306,2.9393765926361084,5.230842113494873,5.230842113494873,5.230164527893066,0.0006775856018066406,0.02776247449219227,0.18172504007816315,0.999985933303833,False
syco_bullshit_v2_med_pnf_01,+C,False,58,1,0,True,True,"[0.1637398898601532, 0.07859398424625397]","[-0.6499329805374146, -0.5660015940666199]",5.802844047546387,8.476953744888306,2.7817330360412598,5.215759754180908,5.215759754180908,5.21544885635376,0.0003108978271484375,0.02906079590320587,0.17429552972316742,0.9999845027923584,False
syco_bullshit_v2_med_pnf_01,+C,False,59,1,0,True,True,"[-0.08425749093294144, 0.08541865646839142]","[-0.7245392799377441, -0.4214809536933899]",5.802844047546387,8.476953744888306,2.9057071208953857,5.347053527832031,5.3470540046691895,5.3450822830200195,0.001971721649169922,0.025787781924009323,0.17486180365085602,0.9999885559082031,False
syco_bullshit_v2_med_pnf_01,+C,False,60,1,0,True,True,"[-0.2528591752052307, 0.14320099353790283]","[-1.1553553342819214, -0.13811975717544556]",5.802844047546387,8.476953744888306,3.015845775604248,5.783958911895752,5.783958911895752,5.783772945404053,0.00018596649169921875,0.02543620951473713,0.17998380959033966,0.9999904036521912,False
syco_bullshit_v2_med_pnf_01,+C,False,61,1,0,True,True,"[0.5294100046157837, -0.20188669860363007]","[-0.6420213580131531, -0.25838494300842285]",5.802844047546387,8.476953744888306,2.4673726558685303,5.396552085876465,5.396552085876465,5.39562463760376,0.0009274482727050781,0.02680399641394615,0.17703254520893097,0.9999877214431763,False
syco_bullshit_v2_med_pnf_01,+C,False,62,1,0,True,True,"[-0.0698988288640976, 0.044223301112651825]","[-1.5032771825790405, -0.26985377073287964]",5.802844047546387,8.476953744888306,2.8786792755126953,5.913899898529053,5.913900375366211,5.914918899536133,0.001018524169921875,0.026226170361042023,0.18298836052417755,0.9999902248382568,False
syco_bullshit_v2_med_pnf_01,+C,False,63,1,0,True,True,"[-0.2874274253845215, 0.13103219866752625]","[-1.3019288778305054, -0.3078348636627197]",5.802844047546387,8.476953744888306,3.0267434120178223,5.7716522216796875,5.7716522216796875,5.770352840423584,0.0012993812561035156,0.025882799178361893,0.1872974932193756,0.9999898672103882,False
syco_bullshit_v2_med_pnf_01,+C,False,64,1,0,True,True,"[0.4544839859008789, 0.18402406573295593]","[-1.3397934436798096, -0.3828526437282562]",5.802844047546387,8.476953744888306,2.691575288772583,5.748554706573486,5.748554706573486,5.749096870422363,0.0005421638488769531,0.028125545009970665,0.1935318112373352,0.9999880790710449,False
syco_bullshit_v2_med_pnf_01,+C,False,65,1,0,True,True,"[0.5142665505409241, 0.22561503946781158]","[-1.0649709701538086, -0.22456566989421844]",5.802844047546387,8.476953744888306,2.682724952697754,5.677268028259277,5.6772685050964355,5.679534912109375,0.002266407012939453,0.02514496073126793,0.1769176572561264,0.9999904036521912,False
syco_bullshit_v2_med_pnf_01,+C,False,66,1,0,True,True,"[-0.029124945402145386, 0.07468117773532867]","[-0.8118578791618347, -0.3393409550189972]",5.802844047546387,8.476953744888306,2.8736605644226074,5.451783180236816,5.451783180236816,5.454174041748047,0.0023908615112304688,0.020667176693677902,0.15306152403354645,0.9999929070472717,False
syco_bullshit_v2_med_pnf_01,+C,False,67,1,0,True,True,"[0.062494754791259766, 0.3274022340774536]","[-1.4703701734542847, -0.4814620614051819]",5.802844047546387,8.476953744888306,2.952038526535034,5.767674446105957,5.767674446105957,5.768226623535156,0.0005521774291992188,0.023487821221351624,0.16618798673152924,0.9999917149543762,False
syco_bullshit_v2_med_pnf_01,-C,False,0,49,48,True,True,"[-0.08944463729858398, 0.01998118683695793]","[-1.5346312522888184, 0.33419910073280334]",-2.4792703986167908,-7.5542134046554565,1.1529595851898193,3.4624826908111572,3.4624829292297363,3.4629218578338623,0.00043892860412597656,0.019618190824985504,0.13821454346179962,0.9999839067459106,False
syco_bullshit_v2_med_pnf_01,-C,False,1,1,0,True,True,"[-0.5684185028076172, 0.12227633595466614]","[-1.755264163017273, -0.4578135013580322]",-2.4792703986167908,-7.5542134046554565,0.8701648712158203,3.8113954067230225,3.8113954067230225,3.8099985122680664,0.0013968944549560547,0.024530787020921707,0.15098325908184052,0.9999794363975525,False
syco_bullshit_v2_med_pnf_01,-C,False,2,1,0,True,True,"[-0.2527841627597809, 0.12931396067142487]","[-1.2982017993927002, -0.5596397519111633]",-2.4792703986167908,-7.5542134046554565,1.0203009843826294,4.151731014251709,4.151731491088867,4.151364803314209,0.0003666877746582031,0.02856968529522419,0.16255497932434082,0.9999763369560242,False
syco_bullshit_v2_med_pnf_01,-C,False,3,1,0,True,True,"[-0.005996668711304665, 0.2665216326713562]","[-1.07559072971344, -0.2752216160297394]",-2.4792703986167908,-7.5542134046554565,1.0736130475997925,4.116525650024414,4.116525650024414,4.115496635437012,0.0010290145874023438,0.022164976224303246,0.1580112874507904,0.9999855160713196,False
syco_bullshit_v2_med_pnf_01,-C,False,4,1,0,True,True,"[-0.10575135797262192, 0.3353081941604614]","[-1.508794903755188, -0.8060861229896545]",-2.4792703986167908,-7.5542134046554565,0.9916155934333801,4.174353122711182,4.174353122711182,4.1733174324035645,0.0010356903076171875,0.025082683190703392,0.15236282348632812,0.9999819993972778,False
syco_bullshit_v2_med_pnf_01,-C,False,5,1,0,True,True,"[-0.10264086723327637, 0.3382320702075958]","[-1.669193983078003, -0.39970505237579346]",-2.4792703986167908,-7.5542134046554565,0.991706371307373,3.829944133758545,3.829944133758545,3.8308255672454834,0.0008814334869384766,0.02452130801975727,0.1539890468120575,0.9999796152114868,False
syco_bullshit_v2_med_pnf_01,-C,False,6,1,0,True,True,"[-0.48547911643981934, 0.37597915530204773]","[-1.9687249660491943, -0.5248329043388367]",-2.4792703986167908,-7.5542134046554565,0.7870863080024719,3.72050142288208,3.720501184463501,3.7210116386413574,0.0005104541778564453,0.02203594706952572,0.14837013185024261,0.9999824166297913,False
syco_bullshit_v2_med_pnf_01,-C,False,7,1,0,True,True,"[-0.6694035530090332, 0.3839487135410309]","[-1.5278444290161133, -0.4343262016773224]",-2.4792703986167908,-7.5542134046554565,0.6937273740768433,3.936971664428711,3.93697190284729,3.9373245239257812,0.00035262107849121094,0.025549480691552162,0.15556399524211884,0.9999790191650391,False
syco_bullshit_v2_med_pnf_01,-C,False,8,1,0,True,True,"[-0.44551897048950195, 0.3556310534477234]","[-1.8648436069488525, -0.4922066926956177]",-2.4792703986167908,-7.5542134046554565,0.8164269328117371,3.7639594078063965,3.7639594078063965,3.763366460800171,0.0005929470062255859,0.025810368359088898,0.1556503027677536,0.9999765157699585,False
syco_bullshit_v2_med_pnf_01,-C,False,9,1,0,True,True,"[-0.9421888589859009, 0.7764489054679871]","[-0.745042622089386, -0.1588592827320099]",-2.4792703986167908,-7.5542134046554565,0.37005752325057983,4.244869709014893,4.244870185852051,4.244886875152588,1.6689300537109375e-05,0.020942864939570427,0.1580469310283661,0.9999879598617554,False
syco_bullshit_v2_med_pnf_01,-C,False,10,1,0,True,True,"[-0.5712753534317017, 0.5323653221130371]","[-1.3869417905807495, -0.4393957257270813]",-2.4792703986167908,-7.5542134046554565,0.6692613959312439,4.023049831390381,4.023050308227539,4.0236005783081055,0.0005502700805664062,0.024902263656258583,0.1562553495168686,0.9999809861183167,False
syco_bullshit_v2_med_pnf_01,-C,False,11,1,0,True,True,"[-0.21118319034576416, 0.6370694637298584]","[-1.5752956867218018, -0.27759599685668945]",-2.4792703986167908,-7.5542134046554565,0.7935109734535217,3.81170916557312,3.811708927154541,3.811835527420044,0.0001266002655029297,0.025371700525283813,0.1601846069097519,0.9999778270721436,False
syco_bullshit_v2_med_pnf_01,-C,False,12,1,0,True,True,"[-0.5199297070503235, 0.38866740465164185]","[-1.6194638013839722, -0.5141556859016418]",-2.4792703986167908,-7.5542134046554565,0.7641526460647583,3.9293370246887207,3.9293367862701416,3.9285268783569336,0.0008099079132080078,0.024120287969708443,0.14850734174251556,0.999981164932251,False
syco_bullshit_v2_med_pnf_01,-C,False,13,1,0,True,True,"[-0.520083487033844, 0.3765276372432709]","[-1.205803632736206, -0.21317312121391296]",-2.4792703986167908,-7.5542134046554565,0.7699839472770691,3.9964442253112793,3.9964442253112793,3.9963231086730957,0.00012111663818359375,0.02549709379673004,0.15461374819278717,0.9999796748161316,False
syco_bullshit_v2_med_pnf_01,-C,False,14,1,0,True,True,"[-0.5091115236282349, 0.5711146593093872]","[-1.5209523439407349, -0.14276686310768127]",-2.4792703986167908,-7.5542134046554565,0.6806528568267822,3.7605130672454834,3.7605133056640625,3.760068416595459,0.0004448890686035156,0.025205276906490326,0.15019641816616058,0.9999775290489197,False
syco_bullshit_v2_med_pnf_01,-C,False,15,1,0,True,True,"[-0.052469402551651, 0.43044811487197876]","[-1.5696237087249756, -0.2677871584892273]",-2.4792703986167908,-7.5542134046554565,0.9712511301040649,3.810094118118286,3.810094118118286,3.8105216026306152,0.00042748451232910156,0.026396434754133224,0.15527312457561493,0.9999760389328003,False
syco_bullshit_v2_med_pnf_01,-C,False,16,1,0,True,True,"[0.08018050342798233, 0.26595109701156616]","[-1.4274107217788696, -0.10625608265399933]",-2.4792703986167908,-7.5542134046554565,1.1158169507980347,3.7991154193878174,3.7991154193878174,3.799037218093872,7.82012939453125e-05,0.024679331108927727,0.1468694508075714,0.9999788999557495,False
syco_bullshit_v2_med_pnf_01,-C,False,17,1,0,True,True,"[0.23716941475868225, 0.5255711674690247]","[-1.1573503017425537, -0.41984936594963074]",-2.4792703986167908,-7.5542134046554565,1.0658855438232422,4.152679443359375,4.152679443359375,4.152629375457764,5.0067901611328125e-05,0.026348909363150597,0.15337824821472168,0.9999798536300659,False
syco_bullshit_v2_med_pnf_01,-C,False,18,1,0,True,True,"[0.21671859920024872, 0.28647664189338684]","[-1.130700945854187, -0.34348008036613464]",-2.4792703986167908,-7.5542134046554565,1.1722584962844849,4.122978210449219,4.122978210449219,4.1218156814575195,0.0011625289916992188,0.024850251153111458,0.1514892727136612,0.9999819397926331,False
syco_bullshit_v2_med_pnf_01,-C,False,19,1,0,True,True,"[0.020610466599464417, 0.16680306196212769]","[-1.3786463737487793, -0.4630033075809479]",-2.4792703986167908,-7.5542134046554565,1.135072112083435,4.042506217956543,4.042506217956543,4.042492866516113,1.33514404296875e-05,0.023256884887814522,0.1540205329656601,0.9999834299087524,False
syco_bullshit_v2_med_pnf_01,-C,False,20,1,0,True,True,"[-0.45263805985450745, 0.3870874345302582]","[-1.248072624206543, -0.3108071982860565]",-2.4792703986167908,-7.5542134046554565,0.7976595163345337,4.02958345413208,4.02958345413208,4.030999183654785,0.0014157295227050781,0.025855915620923042,0.16371701657772064,0.9999794960021973,False
syco_bullshit_v2_med_pnf_01,-C,False,21,1,0,True,True,"[-0.5262019038200378, 0.5072652101516724]","[-1.8730697631835938, -0.4486009180545807]",-2.4792703986167908,-7.5542134046554565,0.7034017443656921,3.7325243949890137,3.7325246334075928,3.7331783771514893,0.0006537437438964844,0.02322443760931492,0.15005798637866974,0.9999806880950928,False
syco_bullshit_v2_med_pnf_01,-C,False,22,1,0,True,True,"[0.1948872059583664, 0.06079504266381264]","[-1.7748068571090698, -0.461658775806427]",-2.4792703986167908,-7.5542134046554565,1.2714341878890991,3.8028807640075684,3.8028807640075684,3.803830146789551,0.0009493827819824219,0.02351859025657177,0.15299953520298004,0.9999809861183167,False
syco_bullshit_v2_med_pnf_01,-C,False,23,1,0,True,True,"[-0.1962721347808838, 0.5232881307601929]","[-1.4548211097717285, -0.21543434262275696]",-2.4792703986167908,-7.5542134046554565,0.8561214208602905,3.8476414680480957,3.847641706466675,3.8483004570007324,0.0006587505340576172,0.025680866092443466,0.15705420076847076,0.9999777674674988,False
syco_bullshit_v2_med_pnf_01,-C,False,24,1,0,True,True,"[-0.23779737949371338, 0.7084667086601257]","[-1.7971913814544678, -0.1637931764125824]",-2.4792703986167908,-7.5542134046554565,0.7458271980285645,3.606472969055176,3.606472969055176,3.6069159507751465,0.0004429817199707031,0.02311687171459198,0.14671628177165985,0.9999794363975525,False
syco_bullshit_v2_med_pnf_01,-C,False,25,1,0,True,True,"[-0.14399409294128418, 0.297232061624527]","[-1.5036791563034058, -0.5766609907150269]",-2.4792703986167908,-7.5542134046554565,0.9915345311164856,4.038509845733643,4.038509845733643,4.0375800132751465,0.0009298324584960938,0.026346998289227486,0.1555296629667282,0.9999787211418152,False
syco_bullshit_v2_med_pnf_01,-C,False,26,1,0,True,True,"[-0.49625951051712036, 0.48786622285842896]","[-1.17579984664917, -0.32873260974884033]",-2.4792703986167908,-7.5542134046554565,0.7274069786071777,4.085240364074707,4.085240364074707,4.085391521453857,0.00015115737915039062,0.02313166670501232,0.15926556289196014,0.9999839663505554,False
syco_bullshit_v2_med_pnf_01,-C,False,27,1,0,True,True,"[-0.8737989664077759, 0.7235292196273804]","[-1.90705406665802, -0.4614224433898926]",-2.4792703986167908,-7.5542134046554565,0.4290761649608612,3.720691442489624,3.720691442489624,3.721492052078247,0.0008006095886230469,0.023698393255472183,0.14841613173484802,0.9999797344207764,False
syco_bullshit_v2_med_pnf_01,-C,False,28,1,0,True,True,"[-0.6706891655921936, 0.4803764820098877]","[-1.5774810314178467, -0.4658498764038086]",-2.4792703986167908,-7.5542134046554565,0.6461885571479797,3.924184799194336,3.924185037612915,3.924766778945923,0.0005817413330078125,0.024842415004968643,0.14965608716011047,0.9999800324440002,False
syco_bullshit_v2_med_pnf_01,-C,False,29,1,0,True,True,"[-0.7856552004814148, 0.617138683795929]","[-0.9922405481338501, -0.22991110384464264]",-2.4792703986167908,-7.5542134046554565,0.5237196087837219,4.138221263885498,4.138221263885498,4.139389514923096,0.0011682510375976562,0.02393464930355549,0.14449827373027802,0.9999832510948181,False
syco_bullshit_v2_med_pnf_01,-C,False,30,1,0,True,True,"[-0.7724824547767639, 0.6538624167442322]","[-1.032887578010559, -0.21655669808387756]",-2.4792703986167908,-7.5542134046554565,0.5122617483139038,4.105663299560547,4.105662822723389,4.105005264282227,0.0006575584411621094,0.02624446712434292,0.1593601107597351,0.9999794960021973,False
syco_bullshit_v2_med_pnf_01,-C,False,31,1,0,True,True,"[-0.8246362209320068, 0.9529156684875488]","[-0.9455366134643555, -0.14652413129806519]",-2.4792703986167908,-7.5542134046554565,0.3413950204849243,4.116085052490234,4.116085052490234,4.116253852844238,0.00016880035400390625,0.025674110278487206,0.16044004261493683,0.9999805092811584,False
syco_bullshit_v2_med_pnf_01,-C,False,32,1,0,True,True,"[-0.29960155487060547, 0.7036920785903931]","[-1.5267986059188843, -0.21312157809734344]",-2.4792703986167908,-7.5542134046554565,0.718081533908844,3.8038203716278076,3.8038203716278076,3.8028087615966797,0.0010116100311279297,0.025564149022102356,0.15667448937892914,0.9999775290489197,False
syco_bullshit_v2_med_pnf_01,-C,False,33,1,0,True,True,"[-0.6575171947479248, 0.4938947856426239]","[-2.023366689682007, -0.32691407203674316]",-2.4792703986167908,-7.5542134046554565,0.6460200548171997,3.570862054824829,3.570862293243408,3.571166515350342,0.00030422210693359375,0.02174404449760914,0.14381299912929535,0.9999815821647644,False
syco_bullshit_v2_med_pnf_01,-C,False,34,1,0,True,True,"[-1.1817946434020996, 0.8492855429649353]","[-1.757564902305603, -0.20486727356910706]",-2.4792703986167908,-7.5542134046554565,0.2180502563714981,3.6557114124298096,3.6557114124298096,3.655629873275757,8.153915405273438e-05,0.025197796523571014,0.15620705485343933,0.9999762773513794,False
syco_bullshit_v2_med_pnf_01,-C,False,35,1,0,True,True,"[-0.7207204699516296, 0.8035112619400024]","[-1.8213300704956055, -0.13993844389915466]",-2.4792703986167908,-7.5542134046554565,0.46463853120803833,3.578489303588867,3.5784895420074463,3.5781214237213135,0.0003681182861328125,0.024072395637631416,0.15007616579532623,0.9999774694442749,False
syco_bullshit_v2_med_pnf_01,-C,False,36,1,0,True,True,"[-0.1350582391023636, 0.4637768268585205]","[-1.0806033611297607, 0.10115529596805573]",-2.4792703986167908,-7.5542134046554565,0.9148558378219604,3.8826401233673096,3.8826401233673096,3.8816068172454834,0.0010333061218261719,0.023072920739650726,0.1637468785047531,0.9999823570251465,False
syco_bullshit_v2_med_pnf_01,-C,False,37,1,0,True,True,"[-0.46521058678627014, 0.26205652952194214]","[-1.1152698993682861, -0.6360253095626831]",-2.4792703986167908,-7.5542134046554565,0.8523719310760498,4.309694766998291,4.309694766998291,4.3096537590026855,4.100799560546875e-05,0.022255826741456985,0.16150115430355072,0.9999866485595703,False
syco_bullshit_v2_med_pnf_01,-C,False,38,1,0,True,True,"[-0.6070832014083862, 0.43828362226486206]","[-1.2889080047607422, -0.7587727308273315]",-2.4792703986167908,-7.5542134046554565,0.6976124048233032,4.2769598960876465,4.2769598960876465,4.277176856994629,0.00021696090698242188,0.024652255699038506,0.15001846849918365,0.9999834895133972,False
syco_bullshit_v2_med_pnf_01,-C,False,39,1,0,True,True,"[-0.5724567770957947, 0.16536465287208557]","[-1.7343969345092773, -0.8038674592971802]",-2.4792703986167908,-7.5542134046554565,0.8472371697425842,4.036277770996094,4.036277770996094,4.035683631896973,0.0005941390991210938,0.02487369067966938,0.15728925168514252,0.9999809265136719,False
syco_bullshit_v2_med_pnf_01,-C,False,40,1,0,True,True,"[-0.6385725736618042, 0.14409174025058746]","[-1.5700280666351318, -0.6481767892837524]",-2.4792703986167908,-7.5542134046554565,0.8254205584526062,4.039147853851318,4.039147853851318,4.039632320404053,0.000484466552734375,0.025321945548057556,0.15088431537151337,0.9999804496765137,False
syco_bullshit_v2_med_pnf_01,-C,False,41,1,0,True,True,"[-0.5679589509963989, -0.04010463505983353]","[-1.3846734762191772, -0.7469972968101501]",-2.4792703986167908,-7.5542134046554565,0.949388861656189,4.213040351867676,4.213040351867676,4.2141923904418945,0.00115203857421875,0.02590450830757618,0.1576557755470276,0.999981164932251,False
syco_bullshit_v2_med_pnf_01,-C,False,42,1,0,True,True,"[-0.6770548820495605, 0.4853374660015106]","[-1.4983097314834595, -0.49177321791648865]",-2.4792703986167908,-7.5542134046554565,0.6406779885292053,3.9872074127197266,3.9872074127197266,3.985605478286743,0.0016019344329833984,0.022766385227441788,0.14326466619968414,0.9999837279319763,False
syco_bullshit_v2_med_pnf_01,-C,False,43,1,0,True,True,"[-0.792327344417572, 0.42899397015571594]","[-1.521882176399231, -0.3369845747947693]",-2.4792703986167908,-7.5542134046554565,0.612008273601532,3.8800559043884277,3.880056142807007,3.880073308944702,1.71661376953125e-05,0.024777142331004143,0.15311050415039062,0.9999796748161316,False
syco_bullshit_v2_med_pnf_01,-C,False,44,1,0,True,True,"[-0.7273439764976501, 0.45107781887054443]","[-1.9488884210586548, -0.46789321303367615]",-2.4792703986167908,-7.5542134046554565,0.6328794956207275,3.698380708694458,3.698380708694458,3.6989290714263916,0.0005483627319335938,0.024623584002256393,0.1540985107421875,0.9999778270721436,False
syco_bullshit_v2_med_pnf_01,-C,False,45,1,0,True,True,"[-0.6225278973579407, 0.20500090718269348]","[-1.8442257642745972, -0.7617473602294922]",-2.4792703986167908,-7.5542134046554565,0.8035933375358582,3.9424116611480713,3.9424116611480713,3.9425981044769287,0.00018644332885742188,0.022643594071269035,0.150656059384346,0.999983549118042,False
syco_bullshit_v2_med_pnf_01,-C,False,46,1,0,True,True,"[-0.8491833209991455, 0.35527700185775757]","[-1.3577582836151123, -0.44451671838760376]",-2.4792703986167908,-7.5542134046554565,0.6202113628387451,4.046860218048096,4.046860218048096,4.047327041625977,0.0004668235778808594,0.025550348684191704,0.1553877890110016,0.999980092048645,False
syco_bullshit_v2_med_pnf_01,-C,False,47,1,0,True,True,"[-0.8534144759178162, 0.46471089124679565]","[-1.2302502393722534, -0.48681312799453735]",-2.4792703986167908,-7.5542134046554565,0.5649119019508362,4.149213790893555,4.149213790893555,4.147837162017822,0.0013766288757324219,0.02641751617193222,0.16556042432785034,0.9999797344207764,False
syco_bullshit_v2_med_pnf_01,-C,False,48,1,0,True,True,"[-0.39934423565864563, 0.3518294394016266]","[-1.5175988674163818, -0.9117944836616516]",-2.4792703986167908,-7.5542134046554565,0.8407410979270935,4.231102466583252,4.231102466583252,4.230057239532471,0.00104522705078125,0.026535993441939354,0.16714634001255035,0.9999802708625793,False
syco_bullshit_v2_med_pnf_01,-C,False,49,1,0,True,True,"[-0.9815120697021484, 0.15054979920387268]","[-1.5552493333816528, -0.6981487274169922]",-2.4792703986167908,-7.5542134046554565,0.6554341912269592,4.0819549560546875,4.0819549560546875,4.081614971160889,0.0003399848937988281,0.02440449222922325,0.14835703372955322,0.9999821782112122,False
syco_bullshit_v2_med_pnf_01,-C,False,50,1,0,True,True,"[-0.5336001515388489, 0.042335230857133865]","[-1.2783920764923096, -0.5200929641723633]",-2.4792703986167908,-7.5542134046554565,0.9259968400001526,4.141276836395264,4.141276836395264,4.140011787414551,0.0012650489807128906,0.0257085133343935,0.15483643114566803,0.9999806880950928,False
syco_bullshit_v2_med_pnf_01,-C,False,51,1,0,True,True,"[-0.5946419835090637, 0.09558942914009094]","[-1.5123515129089355, -0.47562164068222046]",-2.4792703986167908,-7.5542134046554565,0.8703902959823608,3.9693963527679443,3.9693963527679443,3.968183994293213,0.0012123584747314453,0.02268979325890541,0.14871427416801453,0.9999837279319763,False
syco_bullshit_v2_med_pnf_01,-C,False,52,1,0,True,True,"[-0.3662964999675751, 0.3590233623981476]","[-1.5639903545379639, -0.4964227080345154]",-2.4792703986167908,-7.5542134046554565,0.8533193469047546,3.950796604156494,3.950796604156494,3.950242042541504,0.0005545616149902344,0.0268107857555151,0.16426341235637665,0.9999768733978271,False
syco_bullshit_v2_med_pnf_01,-C,False,53,1,0,True,True,"[0.14287634193897247, 0.056037068367004395]","[-1.7185012102127075, -0.718756377696991]",-2.4792703986167908,-7.5542134046554565,1.2484450340270996,3.992539882659912,3.992540121078491,3.990800142288208,0.0017399787902832031,0.02643960528075695,0.1655462235212326,0.9999781250953674,False
syco_bullshit_v2_med_pnf_01,-C,False,54,1,0,True,True,"[-0.5801241397857666, 0.23892906308174133]","[-1.4336754083633423, -0.31759631633758545]",-2.4792703986167908,-7.5542134046554565,0.8077169060707092,3.920774221420288,3.920773983001709,3.9200291633605957,0.0007448196411132812,0.025498831644654274,0.15104998648166656,0.9999788403511047,False
syco_bullshit_v2_med_pnf_01,-C,False,55,1,0,True,True,"[-0.292316198348999, 0.1814788281917572]","[-1.7021552324295044, -0.7182289361953735]",-2.4792703986167908,-7.5542134046554565,0.9756894111633301,4.001084804534912,4.001084804534912,4.000436305999756,0.00064849853515625,0.02504509687423706,0.14972899854183197,0.9999804496765137,False
syco_bullshit_v2_med_pnf_01,-C,False,56,1,0,True,True,"[-0.3003447353839874, 0.40203049778938293]","[-1.3180574178695679, -0.3579244613647461]",-2.4792703986167908,-7.5542134046554565,0.8644822239875793,4.014670372009277,4.014670372009277,4.015560150146484,0.0008897781372070312,0.0250337366014719,0.15370990335941315,0.9999805688858032,False
syco_bullshit_v2_med_pnf_01,-C,False,57,1,0,True,True,"[-0.547187089920044, 0.25895315408706665]","[-1.0970805883407593, -0.356469064950943]",-2.4792703986167908,-7.5542134046554565,0.8139992356300354,4.151296615600586,4.151296615600586,4.150539875030518,0.0007567405700683594,0.023599592968821526,0.1497088521718979,0.9999839067459106,False
syco_bullshit_v2_med_pnf_01,-C,False,58,1,0,True,True,"[-0.7638855576515198, 0.9972113966941833]","[-1.4114787578582764, 0.26341649889945984]",-2.4792703986167908,-7.5542134046554565,0.3494005799293518,3.581717014312744,3.581716775894165,3.5805091857910156,0.001207590103149414,0.026149367913603783,0.15713782608509064,0.9999734163284302,False
syco_bullshit_v2_med_pnf_01,-C,False,59,1,0,True,True,"[-0.4185791015625, 0.40238064527511597]","[-1.423622965812683, -0.09338691830635071]",-2.4792703986167908,-7.5542134046554565,0.8067892789840698,3.7915537357330322,3.7915537357330322,3.793652296066284,0.002098560333251953,0.023282550275325775,0.1471317708492279,0.9999812841415405,False
syco_bullshit_v2_med_pnf_01,-C,False,60,1,0,True,True,"[-0.601433515548706, 0.015125319361686707]","[-1.342634677886963, -0.7446135878562927]",-2.4792703986167908,-7.5542134046554565,0.9062329530715942,4.235903739929199,4.235903739929199,4.2354326248168945,0.0004711151123046875,0.024603068828582764,0.15758296847343445,0.9999831914901733,False
syco_bullshit_v2_med_pnf_01,-C,False,61,1,0,True,True,"[-0.4171891510486603, 0.4044901430606842]","[-0.8657613396644592, -0.3450702428817749]",-2.4792703986167908,-7.5542134046554565,0.806439220905304,4.283188819885254,4.283188819885254,4.285041332244873,0.0018525123596191406,0.026197999715805054,0.16662390530109406,0.9999812841415405,False
syco_bullshit_v2_med_pnf_01,-C,False,62,1,0,True,True,"[-0.3933675289154053, 0.7449654936790466]","[-2.1069223880767822, -0.06388279795646667]",-2.4792703986167908,-7.5542134046554565,0.6523831486701965,3.3565833568573,3.3565833568573,3.3577687740325928,0.0011854171752929688,0.02607252262532711,0.15343375504016876,0.9999699592590332,False
syco_bullshit_v2_med_pnf_01,-C,False,63,1,0,True,True,"[-0.11953199654817581, 0.43082424998283386]","[-1.5732890367507935, -0.11512573808431625]",-2.4792703986167908,-7.5542134046554565,0.9384413361549377,3.7146568298339844,3.7146568298339844,3.7149617671966553,0.00030493736267089844,0.021637413650751114,0.14804472029209137,0.999983012676239,False
syco_bullshit_v2_med_pnf_01,-C,False,64,1,0,True,True,"[-0.16346171498298645, 0.14690260589122772]","[-0.838927149772644, -0.24395114183425903]",-2.4792703986167908,-7.5542134046554565,1.0552005767822266,4.238364219665527,4.238364219665527,4.2385382652282715,0.00017404556274414062,0.016958089545369148,0.13362286984920502,0.9999920129776001,False
syco_bullshit_v2_med_pnf_01,-C,False,65,1,0,True,True,"[-0.4357994794845581, 0.5755583047866821]","[-1.8613741397857666, -0.48237454891204834]",-2.4792703986167908,-7.5542134046554565,0.7141582369804382,3.763211965560913,3.763211727142334,3.7638490200042725,0.0006372928619384766,0.02135438285768032,0.1342124193906784,0.9999840259552002,False
syco_bullshit_v2_med_pnf_02,+C,False,0,59,58,True,True,"[0.4096361994743347, -0.045177195221185684]","[-1.270003318786621, 0.5707865357398987]",5.802844047546387,8.476953744888306,2.6018850803375244,6.284737586975098,6.284737586975098,6.286290645599365,0.0015530586242675781,0.0240071602165699,0.18543727695941925,0.9999927282333374,False
syco_bullshit_v2_med_pnf_02,+C,False,1,1,0,True,True,"[0.2483394294977188, -0.2011943906545639]","[-1.6445246934890747, -0.7127640843391418]",5.802844047546387,8.476953744888306,2.6044535636901855,5.731802463531494,5.731802463531494,5.7324299812316895,0.0006275177001953125,0.026204245164990425,0.17562980949878693,0.9999895691871643,False
syco_bullshit_v2_med_pnf_02,+C,False,2,1,0,True,True,"[0.5209152698516846, -0.07151439040899277]","[-1.1280772686004639, -0.794459879398346]",5.802844047546387,8.476953744888306,2.534933090209961,5.364875316619873,5.364875316619873,5.363489151000977,0.0013861656188964844,0.02616463415324688,0.1714642494916916,0.9999881386756897,False
syco_bullshit_v2_med_pnf_02,+C,False,3,1,0,True,True,"[0.058657027781009674, -0.08096662163734436]","[-0.9423705339431763, -0.7174661159515381]",5.802844047546387,8.476953744888306,2.7552289962768555,5.301637649536133,5.301637172698975,5.302428722381592,0.0007915496826171875,0.02528637833893299,0.17554806172847748,0.9999886155128479,False
syco_bullshit_v2_med_pnf_02,+C,False,4,1,0,True,True,"[-0.0017151758074760437, 0.23605334758758545]","[-0.7318745255470276, -0.5368965864181519]",5.802844047546387,8.476953744888306,2.9388349056243896,5.283666610717773,5.283667087554932,5.282939434051514,0.0007276535034179688,0.024794593453407288,0.17989064753055573,0.9999891519546509,False
syco_bullshit_v2_med_pnf_02,+C,False,5,1,0,True,True,"[0.4645706117153168, -0.15858930349349976]","[-1.2780917882919312, -0.38939744234085083]",5.802844047546387,8.476953744888306,2.51998233795166,5.706670761108398,5.706670761108398,5.707030296325684,0.00035953521728515625,0.028683720156550407,0.17920325696468353,0.9999873638153076,False
syco_bullshit_v2_med_pnf_02,+C,False,6,1,0,True,True,"[0.3988271653652191, -0.18252769112586975]","[-0.9041141271591187, -0.2726779878139496]",5.802844047546387,8.476953744888306,2.540321111679077,5.547614097595215,5.547614097595215,5.545470714569092,0.002143383026123047,0.026945238932967186,0.1814630627632141,0.999988317489624,False
syco_bullshit_v2_med_pnf_02,+C,False,7,1,0,True,True,"[-0.21846625208854675, 0.2127573937177658]","[-1.1671086549758911, -0.5039159655570984]",5.802844047546387,8.476953744888306,3.0329535007476807,5.5678935050964355,5.5678935050964355,5.568168640136719,0.0002751350402832031,0.02677062153816223,0.18466804921627045,0.9999884366989136,False
syco_bullshit_v2_med_pnf_02,+C,False,8,1,0,True,True,"[0.4899076819419861, 0.06719747930765152]","[-1.0993558168411255, -0.6040138006210327]",5.802844047546387,8.476953744888306,2.6175036430358887,5.466598987579346,5.466598987579346,5.468400478363037,0.0018014907836914062,0.027059540152549744,0.18058621883392334,0.999987781047821,False
syco_bullshit_v2_med_pnf_02,+C,False,9,1,0,True,True,"[0.9358019828796387, -0.4582953155040741]","[-0.5794381499290466, -0.8939381837844849]",5.802844047546387,8.476953744888306,2.144911527633667,4.972844123840332,4.972844123840332,4.9721903800964355,0.0006537437438964844,0.020758571103215218,0.16953621804714203,0.9999912977218628,False
syco_bullshit_v2_med_pnf_02,+C,False,10,1,0,True,True,"[0.7168840169906616, -0.3135693073272705]","[-0.7865602970123291, -1.0262645483016968]",5.802844047546387,8.476953744888306,2.321829080581665,5.018372058868408,5.01837158203125,5.018967628479004,0.0005960464477539062,0.02623719349503517,0.17238293588161469,0.9999862909317017,False
syco_bullshit_v2_med_pnf_02,+C,False,11,1,0,True,True,"[1.0366520881652832, -0.7117408514022827]","[-0.39613527059555054, -0.7163056135177612]",5.802844047546387,8.476953744888306,1.9725421667099,4.970035076141357,4.970034599304199,4.971068859100342,0.0010342597961425781,0.024149445816874504,0.17663158476352692,0.9999881982803345,False
syco_bullshit_v2_med_pnf_02,+C,False,12,1,0,True,True,"[0.5199435353279114, -0.5034036040306091]","[-0.8429815173149109, -1.0015567541122437]",5.802844047546387,8.476953744888306,2.3252861499786377,5.066792964935303,5.066793441772461,5.0678019523620605,0.0010085105895996094,0.02673075906932354,0.17572282254695892,0.9999861717224121,False
syco_bullshit_v2_med_pnf_02,+C,False,13,1,0,True,True,"[0.4428272843360901, -0.2666477859020233]","[-1.0767141580581665, -0.9931002259254456]",5.802844047546387,8.476953744888306,2.4779889583587646,5.2157464027404785,5.2157464027404785,5.2144622802734375,0.0012841224670410156,0.02679751068353653,0.17690113186836243,0.9999868273735046,False
syco_bullshit_v2_med_pnf_02,+C,False,14,1,0,True,True,"[0.7769514322280884, -0.2674594223499298]","[-1.007736325263977, -0.8277662992477417]",5.802844047546387,8.476953744888306,2.3150384426116943,5.274171352386475,5.274171352386475,5.275122165679932,0.0009508132934570312,0.02817385271191597,0.18351684510707855,0.9999858140945435,False
syco_bullshit_v2_med_pnf_02,+C,False,15,1,0,True,True,"[0.4980710744857788, -0.4073697328567505]","[-0.6410847306251526, -0.8326058387756348]",5.802844047546387,8.476953744888306,2.3826491832733154,5.047086715698242,5.047086715698242,5.047214984893799,0.00012826919555664062,0.025338180363178253,0.1622152179479599,0.9999874234199524,False
syco_bullshit_v2_med_pnf_02,+C,False,16,1,0,True,True,"[0.43196290731430054, -0.6058773398399353]","[-0.7096590399742126, -0.5431522130966187]",5.802844047546387,8.476953744888306,2.318235158920288,5.266207218170166,5.266206741333008,5.26911735534668,0.002910614013671875,0.025481874123215675,0.17930829524993896,0.9999884366989136,False
syco_bullshit_v2_med_pnf_02,+C,False,17,1,0,True,True,"[0.3480983376502991, -0.2923196852207184]","[-1.4496384859085083, -0.7315317988395691]",5.802844047546387,8.476953744888306,2.5115859508514404,5.601303577423096,5.601303577423096,5.602703094482422,0.0013995170593261719,0.026036782190203667,0.17526103556156158,0.9999892711639404,False
syco_bullshit_v2_med_pnf_02,+C,False,18,1,0,True,True,"[0.529021143913269, -0.10358470678329468]","[-0.8057078719139099, -0.4736067056655884]",5.802844047546387,8.476953744888306,2.5153868198394775,5.3689188957214355,5.368918418884277,5.367067337036133,0.0018510818481445312,0.02595677599310875,0.1812252700328827,0.999988317489624,False
syco_bullshit_v2_med_pnf_02,+C,False,19,1,0,True,True,"[0.2880977392196655, -0.422405868768692]","[-1.1036020517349243, -0.736909031867981]",5.802844047546387,8.476953744888306,2.4774885177612305,5.386115074157715,5.386115074157715,5.386562347412109,0.00044727325439453125,0.026126649230718613,0.1717042773962021,0.999988317489624,False
syco_bullshit_v2_med_pnf_02,+C,False,20,1,0,True,True,"[0.1846723109483719, -0.27753615379333496]","[-1.4377349615097046, -0.7429913282394409]",5.802844047546387,8.476953744888306,2.598287343978882,5.585269451141357,5.585269451141357,5.584263324737549,0.0010061264038085938,0.02555878274142742,0.1742429882287979,0.9999895095825195,False
syco_bullshit_v2_med_pnf_02,+C,False,21,1,0,True,True,"[0.7531344890594482, -0.6699637770652771]","[-0.6352564096450806, -0.58589106798172]",5.802844047546387,8.476953744888306,2.1308021545410156,5.1933722496032715,5.193371772766113,5.194506645202637,0.0011348724365234375,0.0259393397718668,0.17674092948436737,0.9999874830245972,False
syco_bullshit_v2_med_pnf_02,+C,False,22,1,0,True,True,"[0.3584880232810974, -0.4789242148399353]","[-1.1052426099777222, -0.8498843908309937]",5.802844047546387,8.476953744888306,2.415745735168457,5.319190502166748,5.319190502166748,5.319222450256348,3.1948089599609375e-05,0.026466824114322662,0.1813957542181015,0.9999877214431763,False
syco_bullshit_v2_med_pnf_02,+C,False,23,1,0,True,True,"[-0.08741123974323273, -0.0723109096288681]","[-1.6638312339782715, -0.8672494888305664]",5.802844047546387,8.476953744888306,2.8305041790008545,5.649131774902344,5.649131774902344,5.650086879730225,0.0009551048278808594,0.02410845272243023,0.177040696144104,0.9999908804893494,False
syco_bullshit_v2_med_pnf_02,+C,False,24,1,0,True,True,"[-0.18325358629226685, 0.24043819308280945]","[-1.2327351570129395, -0.6932270526885986]",5.802844047546387,8.476953744888306,3.0292890071868896,5.492517948150635,5.492517948150635,5.493167877197266,0.0006499290466308594,0.025610603392124176,0.18559832870960236,0.9999892711639404,False
syco_bullshit_v2_med_pnf_02,+C,False,25,1,0,True,True,"[0.9779980182647705, -0.27510547637939453]","[-0.8498005270957947, -0.6794217824935913]",5.802844047546387,8.476953744888306,2.2135066986083984,5.267086029052734,5.267086505889893,5.268636226654053,0.0015497207641601562,0.027363713830709457,0.18200522661209106,0.9999867081642151,False
syco_bullshit_v2_med_pnf_02,+C,False,26,1,0,True,True,"[1.1264355182647705, -0.40524470806121826]","[-0.479141503572464, -0.10086440294981003]",5.802844047546387,8.476953744888306,2.0779757499694824,5.394559860229492,5.394559860229492,5.39447546005249,8.440017700195312e-05,0.025611301884055138,0.18493826687335968,0.9999886751174927,False
syco_bullshit_v2_med_pnf_02,+C,False,27,1,0,True,True,"[0.9056787490844727, -0.25105318427085876]","[-0.3469240665435791, -0.3214680850505829]",5.802844047546387,8.476953744888306,2.260392665863037,5.17855978012085,5.17855978012085,5.174970626831055,0.003589153289794922,0.025221211835741997,0.17436830699443817,0.9999884366989136,False
syco_bullshit_v2_med_pnf_02,+C,False,28,1,0,True,True,"[0.7374839782714844, -0.11611611396074295]","[-0.7456132173538208, -0.6420072913169861]",5.802844047546387,8.476953744888306,2.407870292663574,5.228361129760742,5.228361129760742,5.229840278625488,0.0014791488647460938,0.027520449832081795,0.16707943379878998,0.9999862909317017,False
syco_bullshit_v2_med_pnf_02,+C,False,29,1,0,True,True,"[0.9721511006355286, -0.5257520079612732]","[-0.8301053047180176, -0.6025412678718567]",5.802844047546387,8.476953744888306,2.0944087505340576,5.302010536193848,5.302010536193848,5.303325176239014,0.0013146400451660156,0.025046655908226967,0.16553929448127747,0.9999889135360718,False
syco_bullshit_v2_med_pnf_02,+C,False,30,1,0,True,True,"[0.48205119371414185, -0.23835784196853638]","[-0.6584451794624329, -0.36328384280204773]",5.802844047546387,8.476953744888306,2.4726696014404297,5.343012809753418,5.34301233291626,5.344207763671875,0.0011954307556152344,0.02714473567903042,0.1777806431055069,0.999987006187439,False
syco_bullshit_v2_med_pnf_02,+C,False,31,1,0,True,True,"[1.0447672605514526, -0.29363930225372314]","[-0.49980515241622925, -0.3618451952934265]",5.802844047546387,8.476953744888306,2.1720058917999268,5.248569488525391,5.248569488525391,5.249256134033203,0.0006866455078125,0.02772098034620285,0.179849311709404,0.9999860525131226,False
syco_bullshit_v2_med_pnf_02,+C,False,32,1,0,True,True,"[0.7932470440864563, -0.43821918964385986]","[-1.0961071252822876, -0.3592365086078644]",5.802844047546387,8.476953744888306,2.2240335941314697,5.613715648651123,5.613715648651123,5.6135454177856445,0.00017023086547851562,0.026680106297135353,0.18294872343540192,0.9999886751174927,False
syco_bullshit_v2_med_pnf_02,+C,False,33,1,0,True,True,"[0.5955183506011963, -0.29565784335136414]","[-1.116363286972046, -0.28603634238243103]",5.802844047546387,8.476953744888306,2.3895890712738037,5.668000221252441,5.668000221252441,5.669548988342285,0.00154876708984375,0.02580367773771286,0.17902672290802002,0.9999896287918091,False
syco_bullshit_v2_med_pnf_02,+C,False,34,1,0,True,True,"[-0.044720396399497986, 0.20142167806625366]","[-1.5198463201522827, -0.50226229429245]",5.802844047546387,8.476953744888306,2.942908763885498,5.784380912780762,5.784380912780762,5.785595893859863,0.0012149810791015625,0.02356378547847271,0.17665986716747284,0.9999917149543762,False
syco_bullshit_v2_med_pnf_02,+C,False,35,1,0,True,True,"[0.4411250054836273, -0.224664568901062]","[-1.5074329376220703, -0.618522047996521]",5.802844047546387,8.476953744888306,2.4992425441741943,5.707516670227051,5.707516670227051,5.70696496963501,0.0005517005920410156,0.02444404363632202,0.17928268015384674,0.9999908208847046,False
syco_bullshit_v2_med_pnf_02,+C,False,36,1,0,True,True,"[0.04299508035182953, -0.1284807175397873]","[-1.2595131397247314, -0.4943201541900635]",5.802844047546387,8.476953744888306,2.739732503890991,5.628829479217529,5.628829479217529,5.6307783126831055,0.0019488334655761719,0.02544735185801983,0.17997944355010986,0.9999898672103882,False
syco_bullshit_v2_med_pnf_02,+C,False,37,1,0,True,True,"[0.8260054588317871, -0.1637532263994217]","[-0.9245344400405884, -0.44993719458580017]",5.802844047546387,8.476953744888306,2.341627597808838,5.454468250274658,5.4544677734375,5.455195903778076,0.0007281303405761719,0.028598055243492126,0.18331439793109894,0.9999862909317017,False
syco_bullshit_v2_med_pnf_02,+C,False,38,1,0,True,True,"[0.1412777155637741, 0.15670952200889587]","[-1.2346856594085693, -0.07885518670082092]",5.802844047546387,8.476953744888306,2.830665349960327,5.867520809173584,5.867520809173584,5.868434906005859,0.0009140968322753906,0.026515498757362366,0.19115810096263885,0.9999898076057434,False
syco_bullshit_v2_med_pnf_02,+C,False,39,1,0,True,True,"[0.6013647317886353, -0.5796762108802795]","[-0.9482591152191162, -0.7953261137008667]",5.802844047546387,8.476953744888306,2.2485663890838623,5.256600856781006,5.256600379943848,5.253564357757568,0.003036022186279297,0.028552699834108353,0.18448562920093536,0.9999852180480957,False
syco_bullshit_v2_med_pnf_02,+C,False,40,1,0,True,True,"[0.0926906019449234, 0.0407370924949646]","[-1.14395010471344, -0.5603082180023193]",5.802844047546387,8.476953744888306,2.797881603240967,5.520086765289307,5.520086765289307,5.522757053375244,0.0026702880859375,0.023464243859052658,0.16964587569236755,0.9999910593032837,False
syco_bullshit_v2_med_pnf_02,+C,False,41,1,0,True,True,"[0.16262908279895782, -0.13057941198349]","[-1.2596123218536377, -0.6044216156005859]",5.802844047546387,8.476953744888306,2.6805078983306885,5.560636043548584,5.560636043548584,5.561529159545898,0.0008931159973144531,0.02706294134259224,0.18827126920223236,0.9999882578849792,False
syco_bullshit_v2_med_pnf_02,+C,False,42,1,0,True,True,"[-0.24301157891750336, 0.1849842220544815]","[-1.5795608758926392, -0.3469643294811249]",5.802844047546387,8.476953744888306,3.0313830375671387,5.9133806228637695,5.913380146026611,5.914639949798584,0.0012598037719726562,0.025368187576532364,0.18304526805877686,0.9999907612800598,False
syco_bullshit_v2_med_pnf_02,+C,False,43,1,0,True,True,"[-0.1128944531083107, -0.038749709725379944]","[-0.9714635014533997, -0.2534106373786926]",5.802844047546387,8.476953744888306,2.859229803085327,5.599761009216309,5.599761486053467,5.599935054779053,0.0001735687255859375,0.026800209656357765,0.17628394067287445,0.9999886751174927,False
syco_bullshit_v2_med_pnf_02,+C,False,44,1,0,True,True,"[-0.35821810364723206, 0.15954315662384033]","[-0.9772829413414001, -0.32433605194091797]",5.802844047546387,8.476953744888306,3.075054883956909,5.560745716094971,5.560745716094971,5.559834003448486,0.000911712646484375,0.02568480558693409,0.18649373948574066,0.9999894499778748,False
syco_bullshit_v2_med_pnf_02,+C,False,45,1,0,True,True,"[-0.37768471240997314, 0.2275722473859787]","[-0.801048219203949, -0.21769091486930847]",5.802844047546387,8.476953744888306,3.1176228523254395,5.520164489746094,5.520164489746094,5.5203166007995605,0.00015211105346679688,0.02514474280178547,0.19253970682621002,0.9999896287918091,False
syco_bullshit_v2_med_pnf_02,+C,False,46,1,0,True,True,"[0.23486918210983276, 0.14315517246723175]","[-1.3131743669509888, -0.49455171823501587]",5.802844047546387,8.476953744888306,2.7785375118255615,5.661439418792725,5.661439418792725,5.658882141113281,0.0025572776794433594,0.027609800919890404,0.186934694647789,0.999988317489624,False
syco_bullshit_v2_med_pnf_02,+C,False,47,1,0,True,True,"[0.20503926277160645, 0.15128087997436523]","[-1.312638759613037, -0.07928519695997238]",5.802844047546387,8.476953744888306,2.7970032691955566,5.913074493408203,5.913074970245361,5.911579132080078,0.0014958381652832031,0.028786657378077507,0.1834186464548111,0.9999882578849792,False
syco_bullshit_v2_med_pnf_02,+C,False,48,1,0,True,True,"[0.7288649678230286, -0.20310835540294647]","[-0.6428265571594238, -0.3454555571079254]",5.802844047546387,8.476953744888306,2.3697407245635986,5.344105243682861,5.344105243682861,5.343599319458008,0.0005059242248535156,0.02634717896580696,0.17382942140102386,0.9999878406524658,False
syco_bullshit_v2_med_pnf_02,+C,False,49,1,0,True,True,"[-0.22147172689437866, 0.34669092297554016]","[-1.361441969871521, -0.6735377311706543]",5.802844047546387,8.476953744888306,3.099576234817505,5.5832839012146,5.5832839012146,5.580090522766113,0.003193378448486328,0.025803815573453903,0.1820617914199829,0.99998939037323,False
syco_bullshit_v2_med_pnf_02,+C,False,50,1,0,True,True,"[0.5125921964645386, 0.03863495588302612]","[-0.7833153009414673, -0.5360526442527771]",5.802844047546387,8.476953744888306,2.592571496963501,5.315384864807129,5.315384864807129,5.312196731567383,0.0031881332397460938,0.026479385793209076,0.18522903323173523,0.999987781047821,False
syco_bullshit_v2_med_pnf_02,+C,False,51,1,0,True,True,"[0.032769981771707535, -0.12231656908988953]","[-1.4697511196136475, -0.723227858543396]",5.802844047546387,8.476953744888306,2.747706174850464,5.617891311645508,5.61789083480835,5.619924068450928,0.002033233642578125,0.025250058621168137,0.17876604199409485,0.9999899864196777,False
syco_bullshit_v2_med_pnf_02,+C,False,52,1,0,True,True,"[-0.09840408712625504, 0.13465657830238342]","[-1.2246001958847046, -0.5700464248657227]",5.802844047546387,8.476953744888306,2.93654465675354,5.562535285949707,5.562535285949707,5.563838005065918,0.0013027191162109375,0.025470390915870667,0.184968039393425,0.9999895691871643,False
syco_bullshit_v2_med_pnf_02,+C,False,53,1,0,True,True,"[0.2769107520580292, 0.2719632089138031]","[-1.3648126125335693, -0.6448736786842346]",5.802844047546387,8.476953744888306,2.8207504749298096,5.6029438972473145,5.6029438972473145,5.604678153991699,0.0017342567443847656,0.02699839510023594,0.18574391305446625,0.9999884366989136,False
syco_bullshit_v2_med_pnf_02,+C,False,54,1,0,True,True,"[0.22091946005821228, 0.007794218137860298]","[-1.4491803646087646, -0.6180732250213623]",5.802844047546387,8.476953744888306,2.7194695472717285,5.667728424072266,5.667727947235107,5.666382312774658,0.0013456344604492188,0.025888975709676743,0.1779613345861435,0.9999896287918091,False
syco_bullshit_v2_med_pnf_02,+C,False,55,1,0,True,True,"[-0.06408863514661789, 0.27021509408950806]","[-1.3912748098373413, -0.7179595232009888]",5.802844047546387,8.476953744888306,2.9858007431030273,5.574420928955078,5.574420928955078,5.573413372039795,0.0010075569152832031,0.026563448831439018,0.18522249162197113,0.9999886155128479,False
syco_bullshit_v2_med_pnf_02,+C,False,56,1,0,True,True,"[-0.1413521021604538, -0.31351086497306824]","[-1.0440868139266968, -0.6064023971557617]",5.802844047546387,8.476953744888306,2.7394001483917236,5.431127071380615,5.431127071380615,5.430933952331543,0.00019311904907226562,0.024175772443413734,0.1632363349199295,0.9999901056289673,False
syco_bullshit_v2_med_pnf_02,+C,False,57,1,0,True,True,"[1.8662877082824707, -0.9035870432853699]","[0.35792797803878784, -0.546298086643219]",5.802844047546387,8.476953744888306,1.4755781888961792,4.612493991851807,4.612493991851807,4.611279487609863,0.0012145042419433594,0.023054014891386032,0.16713114082813263,0.9999876022338867,False
syco_bullshit_v2_med_pnf_02,+C,False,58,1,0,True,True,"[1.4954445362091064, -0.5342085361480713]","[-0.12528443336486816, -0.5637062191963196]",5.802844047546387,8.476953744888306,1.8357055187225342,4.896677017211914,4.896677017211914,4.895805358886719,0.0008716583251953125,0.02469031512737274,0.16940884292125702,0.9999873638153076,False
syco_bullshit_v2_med_pnf_02,+C,False,59,1,0,True,True,"[1.0375863313674927, -0.44401222467422485]","[-0.24615970253944397, -0.405744343996048]",5.802844047546387,8.476953744888306,2.1023409366607666,5.0653815269470215,5.0653815269470215,5.064485549926758,0.0008959770202636719,0.021916432306170464,0.17326129972934723,0.9999905824661255,False
syco_bullshit_v2_med_pnf_02,+C,False,60,1,0,True,True,"[0.8318231701850891, -0.3587394952774048]","[-0.7450987100601196, -0.45136183500289917]",5.802844047546387,8.476953744888306,2.24393367767334,5.341436862945557,5.341436862945557,5.341772556304932,0.000335693359375,0.02582445926964283,0.17468921840190887,0.999988317489624,False
syco_bullshit_v2_med_pnf_02,+C,False,61,1,0,True,True,"[0.7048698663711548, -0.3348812460899353]","[-1.039596676826477, -0.6441320180892944]",5.802844047546387,8.476953744888306,2.317305326461792,5.404858589172363,5.4048590660095215,5.403326988220215,0.0015320777893066406,0.02590104006230831,0.17048928141593933,0.9999886155128479,False
syco_bullshit_v2_med_pnf_02,+C,False,62,1,0,True,True,"[0.7371532917022705, -0.648463249206543]","[-1.0896246433258057, -0.5736904144287109]",5.802844047546387,8.476953744888306,2.1490375995635986,5.480129241943359,5.480129241943359,5.478907108306885,0.0012221336364746094,0.0259040929377079,0.17674897611141205,0.9999887943267822,False
syco_bullshit_v2_med_pnf_02,+C,False,63,1,0,True,True,"[0.6328782439231873, -0.42293787002563477]","[-1.0467463731765747, -0.7643741965293884]",5.802844047546387,8.476953744888306,2.3094894886016846,5.335186004638672,5.33518648147583,5.335904121398926,0.0007176399230957031,0.02740553207695484,0.17927443981170654,0.9999868869781494,False
syco_bullshit_v2_med_pnf_02,+C,False,64,1,0,True,True,"[1.095664143562317, -0.21810737252235413]","[-0.5723278522491455, -0.20779283344745636]",5.802844047546387,8.476953744888306,2.1839911937713623,5.387026309967041,5.387026309967041,5.386953353881836,7.295608520507812e-05,0.02683219313621521,0.18347464501857758,0.9999875426292419,False
syco_bullshit_v2_med_pnf_02,+C,False,65,1,0,True,True,"[0.6086010932922363, -0.4619626998901367]","[-1.2092965841293335, -0.8617554903030396]",5.802844047546387,8.476953744888306,2.3023147583007812,5.37571907043457,5.37571907043457,5.376638889312744,0.0009198188781738281,0.02647862210869789,0.17723502218723297,0.9999878406524658,False
syco_bullshit_v2_med_pnf_02,+C,False,66,1,0,True,True,"[0.37278398871421814, -0.18168623745441437]","[-0.9368364810943604, -0.5909618139266968]",5.802844047546387,8.476953744888306,2.553400754928589,5.372269153594971,5.372269630432129,5.3726301193237305,0.0003604888916015625,0.02750655822455883,0.18277417123317719,0.9999868869781494,False
syco_bullshit_v2_med_pnf_02,+C,False,67,1,0,True,True,"[1.0361733436584473, -0.2606523931026459]","[-0.7611721754074097, -0.47375211119651794]",5.802844047546387,8.476953744888306,2.192235231399536,5.336667060852051,5.336667537689209,5.338542938232422,0.0018754005432128906,0.024011731147766113,0.1834082454442978,0.9999899864196777,False
syco_bullshit_v2_med_pnf_02,+C,False,68,1,0,True,True,"[0.8843055367469788, -0.13278107345104218]","[-0.8845342993736267, -0.0908413678407669]",5.802844047546387,8.476953744888306,2.3283321857452393,5.646298408508301,5.646298408508301,5.646886348724365,0.0005879402160644531,0.024374235421419144,0.179073765873909,0.9999906420707703,False
syco_bullshit_v2_med_pnf_02,+C,False,69,1,0,True,True,"[-0.0001031234860420227, 0.005329221487045288]","[-0.8194293975830078, -0.3113057017326355]",5.802844047546387,8.476953744888306,2.8258004188537598,5.473056793212891,5.473056793212891,5.4724249839782715,0.0006318092346191406,0.02025912143290043,0.15154407918453217,0.9999932050704956,False
syco_bullshit_v2_med_pnf_02,+C,False,70,1,0,True,True,"[0.04012832045555115, 0.2158089131116867]","[-1.7276890277862549, -0.5036115050315857]",5.802844047546387,8.476953744888306,2.908628463745117,5.90787935256958,5.90787935256958,5.909575462341309,0.0016961097717285156,0.023474331945180893,0.1682828664779663,0.9999922513961792,False
syco_bullshit_v2_med_pnf_02,-C,False,0,59,58,True,True,"[0.4096361994743347, -0.045177195221185684]","[-1.270003318786621, 0.5707865357398987]",-2.4792703986167908,-7.5542134046554565,1.4274693727493286,3.4796831607818604,3.4796829223632812,3.4806089401245117,0.0009260177612304688,0.021036438643932343,0.1416083127260208,0.999981701374054,False
syco_bullshit_v2_med_pnf_02,-C,False,1,1,0,True,True,"[0.2483394294977188, -0.2011943906545639]","[-1.6445246934890747, -0.7127640843391418]",-2.4792703986167908,-7.5542134046554565,1.4249006509780884,4.033071041107178,4.033071041107178,4.034436225891113,0.0013651847839355469,0.02339964359998703,0.14908713102340698,0.9999831914901733,False
syco_bullshit_v2_med_pnf_02,-C,False,2,1,0,True,True,"[-0.3560008704662323, 0.3472415804862976]","[-1.0900086164474487, -0.5910135507583618]",-2.4792703986167908,-7.5542134046554565,0.8640602827072144,4.296824932098389,4.296824932098389,4.296043872833252,0.0007810592651367188,0.02554398588836193,0.15554194152355194,0.9999823570251465,False
syco_bullshit_v2_med_pnf_02,-C,False,3,1,0,True,True,"[-0.41978225111961365, 0.22476589679718018]","[-1.017235517501831, -0.8231016993522644]",-2.4792703986167908,-7.5542134046554565,0.892615795135498,4.4828410148620605,4.4828410148620605,4.4837846755981445,0.0009436607360839844,0.026732340455055237,0.15930093824863434,0.9999822974205017,False
syco_bullshit_v2_med_pnf_02,-C,False,4,1,0,True,True,"[-0.4487367272377014, 0.07855739444494247]","[0.20189709961414337, -0.6767138242721558]",-2.4792703986167908,-7.5542134046554565,0.949661374092102,5.137379169464111,5.137379169464111,5.1363844871521,0.0009946823120117188,0.026362620294094086,0.18095235526561737,0.9999868273735046,False
syco_bullshit_v2_med_pnf_02,-C,False,5,1,0,True,True,"[-0.2846052348613739, 0.11656738072633743]","[-0.6739495992660522, -0.7159853577613831]",-2.4792703986167908,-7.5542134046554565,1.0110211372375488,4.627389430999756,4.627389430999756,4.6267595291137695,0.0006299018859863281,0.023987697437405586,0.1695893555879593,0.9999865889549255,False
syco_bullshit_v2_med_pnf_02,-C,False,6,1,0,True,True,"[0.20891548693180084, 0.09820181131362915]","[-0.7248010635375977, -0.45625197887420654]",-2.4792703986167908,-7.5542134046554565,1.2600603103637695,4.438307762145996,4.438307762145996,4.438125133514404,0.00018262863159179688,0.024918362498283386,0.16431890428066254,0.9999842047691345,False
syco_bullshit_v2_med_pnf_02,-C,False,7,1,0,True,True,"[0.5155994892120361, -0.1900043934583664]","[-1.270263671875, -0.6471457481384277]",-2.4792703986167908,-7.5542134046554565,1.5494818687438965,4.221259117126465,4.221259593963623,4.2205586433410645,0.0007009506225585938,0.02479078248143196,0.15410910546779633,0.9999827742576599,False
syco_bullshit_v2_med_pnf_02,-C,False,8,1,0,True,True,"[0.3196384608745575, -0.1080126017332077]","[-0.9898438453674316, -0.06957489997148514]",-2.4792703986167908,-7.5542134046554565,1.4142543077468872,4.041079521179199,4.041079521179199,4.041204929351807,0.00012540817260742188,0.023784710094332695,0.15701887011528015,0.9999826550483704,False
syco_bullshit_v2_med_pnf_02,-C,False,9,1,0,True,True,"[0.06562957167625427, -0.10611696541309357]","[-0.9991520047187805, -0.3364706039428711]",-2.4792703986167908,-7.5542134046554565,1.2897535562515259,4.197770595550537,4.197770595550537,4.19878625869751,0.0010156631469726562,0.026582254096865654,0.16179309785366058,0.9999799728393555,False
syco_bullshit_v2_med_pnf_02,-C,False,10,1,0,True,True,"[0.4829901456832886, -0.1933678239583969]","[-1.1338543891906738, -0.16381198167800903]",-2.4792703986167908,-7.5542134046554565,1.5352535247802734,4.010366916656494,4.010366916656494,4.010585784912109,0.00021886825561523438,0.022107047960162163,0.16305704414844513,0.999984860420227,False
syco_bullshit_v2_med_pnf_02,-C,False,11,1,0,True,True,"[-0.20138129591941833, -0.21885384619235992]","[-1.117168664932251, -0.4626021683216095]",-2.4792703986167908,-7.5542134046554565,1.214697241783142,4.203827857971191,4.203827857971191,4.20289945602417,0.0009284019470214844,0.023670107126235962,0.14629726111888885,0.9999841451644897,False
syco_bullshit_v2_med_pnf_02,-C,False,12,1,0,True,True,"[-0.40675339102745056, -0.16406966745853424]","[-1.0357146263122559, -0.9684441089630127]",-2.4792703986167908,-7.5542134046554565,1.0881280899047852,4.559863090515137,4.5598626136779785,4.560431957244873,0.0005693435668945312,0.025855114683508873,0.1563851535320282,0.9999838471412659,False
syco_bullshit_v2_med_pnf_02,-C,False,13,1,0,True,True,"[-0.47479555010795593, 0.06203880161046982]","[-1.414493203163147, -0.135410875082016]",-2.4792703986167908,-7.5542134046554565,0.9450199007987976,3.823845863342285,3.8238461017608643,3.8232979774475098,0.0005481243133544922,0.023635461926460266,0.1452426165342331,0.9999809265136719,False
syco_bullshit_v2_med_pnf_02,-C,False,14,1,0,True,True,"[-0.5069566369056702, 0.2848295569419861]","[-1.3431042432785034, -0.5976618528366089]",-2.4792703986167908,-7.5542134046554565,0.8209826350212097,4.14880895614624,4.14880895614624,4.1501145362854,0.0013055801391601562,0.02250668592751026,0.1475793570280075,0.9999853372573853,False
syco_bullshit_v2_med_pnf_02,-C,False,15,1,0,True,True,"[-0.7927955985069275, 0.15178455412387848]","[-1.5109010934829712, -0.5792630314826965]",-2.4792703986167908,-7.5542134046554565,0.7466464638710022,4.032259464263916,4.032259464263916,4.033212184906006,0.0009527206420898438,0.022986453026533127,0.14690230786800385,0.9999837875366211,False
syco_bullshit_v2_med_pnf_02,-C,False,16,1,0,True,True,"[-0.5323745012283325, 0.6728039383888245]","[-0.959743857383728, -0.4072156846523285]",-2.4792703986167908,-7.5542134046554565,0.6198619604110718,4.264232158660889,4.264232158660889,4.262430191040039,0.0018019676208496094,0.02731924131512642,0.16835534572601318,0.9999796748161316,False
syco_bullshit_v2_med_pnf_02,-C,False,17,1,0,True,True,"[-0.2864757180213928, 0.3737711012363434]","[-1.5691955089569092, -0.544750452041626]",-2.4792703986167908,-7.5542134046554565,0.884978175163269,3.9759325981140137,3.9759325981140137,3.9773712158203125,0.0014386177062988281,0.024708932265639305,0.1576620489358902,0.9999806880950928,False
syco_bullshit_v2_med_pnf_02,-C,False,18,1,0,True,True,"[-0.7898702621459961, 0.2008180469274521]","[-1.65288245677948, -0.6429727077484131]",-2.4792703986167908,-7.5542134046554565,0.7242141962051392,3.9856624603271484,3.9856624603271484,3.9851841926574707,0.0004782676696777344,0.020922837778925896,0.1406555324792862,0.9999862313270569,False
syco_bullshit_v2_med_pnf_02,-C,False,19,1,0,True,True,"[-0.7235299348831177, 0.25575605034828186]","[-1.46129310131073, -0.6051651835441589]",-2.4792703986167908,-7.5542134046554565,0.7297616004943848,4.081052303314209,4.081052303314209,4.081502437591553,0.00045013427734375,0.022967049852013588,0.1447160392999649,0.9999841451644897,False
syco_bullshit_v2_med_pnf_02,-C,False,20,1,0,True,True,"[-0.6721881031990051, 0.34748294949531555]","[-1.5306806564331055, -0.4857451617717743]",-2.4792703986167908,-7.5542134046554565,0.7101137042045593,3.9644956588745117,3.9644956588745117,3.9658806324005127,0.0013849735260009766,0.02482416294515133,0.1576879471540451,0.9999804496765137,False
syco_bullshit_v2_med_pnf_02,-C,False,21,1,0,True,True,"[-0.583296537399292, 0.470101535320282]","[-1.5881720781326294, -0.2569083571434021]",-2.4792703986167908,-7.5542134046554565,0.6937050819396973,3.7917304039001465,3.7917304039001465,3.792604923248291,0.0008745193481445312,0.024078816175460815,0.15318508446216583,0.9999798536300659,False
syco_bullshit_v2_med_pnf_02,-C,False,22,1,0,True,True,"[0.48967111110687256, 0.13349297642707825]","[-1.3261722326278687, -0.35428744554519653]",-2.4792703986167908,-7.5542134046554565,1.3794817924499512,4.008847236633301,4.008847236633301,4.009520530700684,0.0006732940673828125,0.02624373510479927,0.160317063331604,0.9999787211418152,False
syco_bullshit_v2_med_pnf_02,-C,False,23,1,0,True,True,"[0.08550897240638733, 0.40578600764274597]","[-1.382755160331726, 0.10950039327144623]",-2.4792703986167908,-7.5542134046554565,1.0503778457641602,3.692502021789551,3.692502021789551,3.692251682281494,0.0002503395080566406,0.02367539331316948,0.14854374527931213,0.9999794960021973,False
syco_bullshit_v2_med_pnf_02,-C,False,24,1,0,True,True,"[-0.30777058005332947, 0.1913769394159317]","[-1.1108852624893188, -0.45469802618026733]",-2.4792703986167908,-7.5542134046554565,0.9633550643920898,4.20252799987793,4.20252799987793,4.2027974128723145,0.0002694129943847656,0.025086523965001106,0.15901200473308563,0.9999821186065674,False
syco_bullshit_v2_med_pnf_02,-C,False,25,1,0,True,True,"[0.25220465660095215, 0.4239078164100647]","[-1.1055302619934082, -0.15102362632751465]",-2.4792703986167908,-7.5542134046554565,1.1226609945297241,4.018843173980713,4.018843173980713,4.020712375640869,0.00186920166015625,0.026751255616545677,0.1660737246274948,0.9999779462814331,False
syco_bullshit_v2_med_pnf_02,-C,False,26,1,0,True,True,"[0.4531455934047699, -0.11190631240606308]","[-1.4610366821289062, -0.17309445142745972]",-2.4792703986167908,-7.5542134046554565,1.481101632118225,3.818633556365967,3.818633556365967,3.8210175037384033,0.0023839473724365234,0.02449018694460392,0.1502067595720291,0.9999796748161316,False
syco_bullshit_v2_med_pnf_02,-C,False,27,1,0,True,True,"[0.13841059803962708, 0.0458352193236351]","[-1.2221217155456543, -0.4209764897823334]",-2.4792703986167908,-7.5542134046554565,1.2512357234954834,4.11534309387207,4.11534309387207,4.115431308746338,8.821487426757812e-05,0.022895274683833122,0.14338767528533936,0.9999845623970032,False
syco_bullshit_v2_med_pnf_02,-C,False,28,1,0,True,True,"[0.15131530165672302, 0.19090959429740906]","[-0.9270804524421692, -0.33527836203575134]",-2.4792703986167908,-7.5542134046554565,1.1869336366653442,4.240838050842285,4.240838050842285,4.2414870262146,0.0006489753723144531,0.021340547129511833,0.1516551971435547,0.9999873638153076,False
syco_bullshit_v2_med_pnf_02,-C,False,29,1,0,True,True,"[-0.03127770125865936, 0.11893364787101746]","[-1.2635847330093384, -0.13330528140068054]",-2.4792703986167908,-7.5542134046554565,1.1331169605255127,3.912540912628174,3.912540912628174,3.9121768474578857,0.00036406517028808594,0.024340521544218063,0.1498703509569168,0.9999806880950928,False
syco_bullshit_v2_med_pnf_02,-C,False,30,1,0,True,True,"[-0.09593068063259125, 0.06463733315467834]","[-1.448358416557312, -0.24797242879867554]",-2.4792703986167908,-7.5542134046554565,1.1280783414840698,3.8713033199310303,3.871303081512451,3.872762680053711,0.0014595985412597656,0.02243752032518387,0.14305956661701202,0.9999832510948181,False
syco_bullshit_v2_med_pnf_02,-C,False,31,1,0,True,True,"[-0.40380364656448364, 0.08071728050708771]","[-0.7984081506729126, -0.4224868416786194]",-2.4792703986167908,-7.5542134046554565,0.9704710841178894,4.3720173835754395,4.3720173835754395,4.373807907104492,0.0017905235290527344,0.02101295441389084,0.15362043678760529,0.9999885559082031,False
syco_bullshit_v2_med_pnf_02,-C,False,32,1,0,True,True,"[-0.5392295718193054, 0.22437505424022675]","[-1.202770709991455, -0.3006167411804199]",-2.4792703986167908,-7.5542134046554565,0.8346933126449585,4.05415678024292,4.05415678024292,4.052736759185791,0.0014200210571289062,0.020137304440140724,0.15350820124149323,0.9999877214431763,False
syco_bullshit_v2_med_pnf_02,-C,False,33,1,0,True,True,"[-0.36693716049194336, 0.4723784923553467]","[-1.0230439901351929, 0.049071699380874634]",-2.4792703986167908,-7.5542134046554565,0.7978589534759521,3.9497532844543457,3.9497530460357666,3.9493298530578613,0.00042319297790527344,0.0238393172621727,0.1670478731393814,0.999981701374054,False
syco_bullshit_v2_med_pnf_02,-C,False,34,1,0,True,True,"[0.08719339966773987, 0.4151017963886261]","[-1.3746790885925293, -0.298913836479187]",-2.4792703986167908,-7.5542134046554565,1.0466649532318115,3.9462878704071045,3.9462881088256836,3.944601535797119,0.0016865730285644531,0.025205204263329506,0.1590392142534256,0.9999796748161316,False
syco_bullshit_v2_med_pnf_02,-C,False,35,1,0,True,True,"[-0.2519519031047821, 0.19612544775009155]","[-1.567844033241272, -0.2499265819787979]",-2.4792703986167908,-7.5542134046554565,0.9882013201713562,3.7997775077819824,3.7997775077819824,3.799429178237915,0.0003483295440673828,0.022842809557914734,0.14971841871738434,0.9999819993972778,False
syco_bullshit_v2_med_pnf_02,-C,False,36,1,0,True,True,"[-0.613486647605896, 0.21303462982177734]","[-0.8586546778678894, -0.45051509141921997]",-2.4792703986167908,-7.5542134046554565,0.804083526134491,4.354247570037842,4.354247570037842,4.3555707931518555,0.0013232231140136719,0.026074381545186043,0.15461517870426178,0.9999821186065674,False
syco_bullshit_v2_med_pnf_02,-C,False,37,1,0,True,True,"[-0.5975783467292786, -0.05923633649945259]","[-1.0205801725387573, -0.7827038764953613]",-2.4792703986167908,-7.5542134046554565,0.9442864656448364,4.457346439361572,4.457346439361572,4.4572882652282715,5.817413330078125e-05,0.023199258372187614,0.14493180811405182,0.9999864101409912,False
syco_bullshit_v2_med_pnf_02,-C,False,38,1,0,True,True,"[-0.986824095249176, 0.11485008150339127]","[-1.1316783428192139, -0.8675695061683655]",-2.4792703986167908,-7.5542134046554565,0.6702181696891785,4.4415812492370605,4.4415812492370605,4.440779685974121,0.0008015632629394531,0.02542799338698387,0.15324358642101288,0.9999836683273315,False
syco_bullshit_v2_med_pnf_02,-C,False,39,1,0,True,True,"[-0.7764167785644531, 0.2002994567155838]","[-1.1891793012619019, -0.2836560904979706]",-2.4792703986167908,-7.5542134046554565,0.7310118079185486,4.052375793457031,4.052375316619873,4.0525007247924805,0.00012540817260742188,0.023938311263918877,0.15118494629859924,0.999982476234436,False
syco_bullshit_v2_med_pnf_02,-C,False,40,1,0,True,True,"[-0.27335125207901, 0.2901340126991272]","[-1.26291823387146, -0.40429529547691345]",-2.4792703986167908,-7.5542134046554565,0.9320539236068726,4.079728126525879,4.079728126525879,4.079460144042969,0.00026798248291015625,0.024763701483607292,0.15802538394927979,0.9999815821647644,False
syco_bullshit_v2_med_pnf_02,-C,False,41,1,0,True,True,"[0.04432202875614166, 0.4577830731868744]","[-1.0366405248641968, -0.3881039023399353]",-2.4792703986167908,-7.5542134046554565,1.0050426721572876,4.208095073699951,4.208095073699951,4.208962917327881,0.0008678436279296875,0.022921472787857056,0.1659076064825058,0.9999851584434509,False
syco_bullshit_v2_med_pnf_02,-C,False,42,1,0,True,True,"[0.6267515420913696, -0.21932438015937805]","[-1.0781172513961792, -0.3765909671783447]",-2.4792703986167908,-7.5542134046554565,1.6178234815597534,4.175817489624023,4.175817489624023,4.176092147827148,0.000274658203125,0.024361643940210342,0.15544860064983368,0.9999830722808838,False
syco_bullshit_v2_med_pnf_02,-C,False,43,1,0,True,True,"[0.2870274484157562, 0.20846691727638245]","[-1.4751055240631104, -0.2907916009426117]",-2.4792703986167908,-7.5542134046554565,1.244417428970337,3.8802895545959473,3.8802895545959473,3.879087448120117,0.0012021064758300781,0.02377333492040634,0.14762254059314728,0.9999812841415405,False
syco_bullshit_v2_med_pnf_02,-C,False,44,1,0,True,True,"[0.2773619592189789, 0.04863976314663887]","[-1.4844013452529907, -0.39334747195243835]",-2.4792703986167908,-7.5542134046554565,1.3174729347229004,3.937889337539673,3.9378890991210938,3.9369876384735107,0.0009014606475830078,0.024278948083519936,0.14851944148540497,0.9999810457229614,False
syco_bullshit_v2_med_pnf_02,-C,False,45,1,0,True,True,"[0.12117601931095123, 0.4947655200958252]","[-1.2226508855819702, -0.1652347892522812]",-2.4792703986167908,-7.5542134046554565,1.0244406461715698,3.959413766860962,3.959413528442383,3.960862636566162,0.0014491081237792969,0.021854054182767868,0.15697018802165985,0.999984860420227,False
syco_bullshit_v2_med_pnf_02,-C,False,46,1,0,True,True,"[0.291556179523468, 0.11040548235177994]","[-1.08347487449646, 0.24690698087215424]",-2.4792703986167908,-7.5542134046554565,1.2943288087844849,3.7903919219970703,3.7903919219970703,3.78950572013855,0.0008862018585205078,0.020762819796800613,0.15407879650592804,0.9999849796295166,False
syco_bullshit_v2_med_pnf_02,-C,False,47,1,0,True,True,"[0.3206576704978943, -0.3027881681919098]","[-1.3232483863830566, -0.24697306752204895]",-2.4792703986167908,-7.5542134046554565,1.509511113166809,3.945913553237915,3.945913553237915,3.9451422691345215,0.0007712841033935547,0.023969801142811775,0.15272313356399536,0.9999815821647644,False
syco_bullshit_v2_med_pnf_02,-C,False,48,1,0,True,True,"[0.37331467866897583, -0.138435497879982]","[-1.5659902095794678, -0.9013009071350098]",-2.4792703986167908,-7.5542134046554565,1.455169677734375,4.196518898010254,4.196518898010254,4.197900772094727,0.0013818740844726562,0.023578103631734848,0.1516323983669281,0.9999843835830688,False
syco_bullshit_v2_med_pnf_02,-C,False,49,1,0,True,True,"[-0.06555387377738953, 0.03744861111044884]","[-1.4496039152145386, -0.23442083597183228]",-2.4792703986167908,-7.5542134046554565,1.156084656715393,3.862457752227783,3.862457752227783,3.862381935119629,7.581710815429688e-05,0.02262798696756363,0.14347024261951447,0.9999828338623047,False
syco_bullshit_v2_med_pnf_02,-C,False,50,1,0,True,True,"[0.15220800042152405, 0.10537800192832947]","[-1.5708777904510498, -0.343650221824646]",-2.4792703986167908,-7.5542134046554565,1.2289800643920898,3.855055332183838,3.855055332183838,3.855731725692749,0.0006763935089111328,0.022226130589842796,0.14057545363903046,0.9999834299087524,False
syco_bullshit_v2_med_pnf_02,-C,False,51,1,0,True,True,"[-0.11876066029071808, 0.4653894305229187]","[-1.0966399908065796, -0.32646435499191284]",-2.4792703986167908,-7.5542134046554565,0.9220002293586731,4.132829666137695,4.132829666137695,4.131850719451904,0.0009789466857910156,0.02765495888888836,0.15751014649868011,0.9999775886535645,False
syco_bullshit_v2_med_pnf_02,-C,False,52,1,0,True,True,"[-0.1746056079864502, 0.6123644709587097]","[-1.1006109714508057, -0.385193407535553]",-2.4792703986167908,-7.5542134046554565,0.8233256340026855,4.165958404541016,4.165958404541016,4.1675519943237305,0.0015935897827148438,0.025908762589097023,0.1565927118062973,0.9999807476997375,False
syco_bullshit_v2_med_pnf_02,-C,False,53,1,0,True,True,"[0.051235172897577286, 0.25838494300842285]","[-1.1966767311096191, -0.3877229690551758]",-2.4792703986167908,-7.5542134046554565,1.10541570186615,4.1104326248168945,4.1104326248168945,4.111357688903809,0.0009250640869140625,0.02397919073700905,0.14833712577819824,0.999983012676239,False
syco_bullshit_v2_med_pnf_02,-C,False,54,1,0,True,True,"[-0.24009722471237183, 0.12290477007627487]","[-1.282322645187378, -0.6813652515411377]",-2.4792703986167908,-7.5542134046554565,1.0295915603637695,4.234842300415039,4.234842300415039,4.23415994644165,0.0006823539733886719,0.023299122229218483,0.14220908284187317,0.9999849200248718,False
syco_bullshit_v2_med_pnf_02,-C,False,55,1,0,True,True,"[-0.2555926442146301, 0.6042884588241577]","[-1.1021199226379395, -0.4195721745491028]",-2.4792703986167908,-7.5542134046554565,0.7878535389900208,4.185264587402344,4.185264587402344,4.185450077056885,0.00018548965454101562,0.026748018339276314,0.16136446595191956,0.9999797344207764,False
syco_bullshit_v2_med_pnf_02,-C,False,56,1,0,True,True,"[0.04469991475343704, -0.12214965373277664]","[-1.1916279792785645, -0.6145591139793396]",-2.4792703986167908,-7.5542134046554565,1.2873711585998535,4.249419212341309,4.249419212341309,4.24923038482666,0.0001888275146484375,0.024733738973736763,0.15756751596927643,0.999983012676239,False
syco_bullshit_v2_med_pnf_02,-C,False,57,1,0,True,True,"[0.3972565233707428, -0.2687036395072937]","[-1.0953352451324463, -0.6618875861167908]",-2.4792703986167908,-7.5542134046554565,1.530194878578186,4.338778495788574,4.338778495788574,4.337719440460205,0.0010590553283691406,0.024806248024106026,0.153370663523674,0.9999837875366211,False
syco_bullshit_v2_med_pnf_02,-C,False,58,1,0,True,True,"[0.08104421943426132, -0.19028928875923157]","[-1.0600254535675049, -0.5876650810241699]",-2.4792703986167908,-7.5542134046554565,1.3382039070129395,4.310440540313721,4.310440540313721,4.309301853179932,0.0011386871337890625,0.024697689339518547,0.15696628391742706,0.999983549118042,False
syco_bullshit_v2_med_pnf_02,-C,False,59,1,0,True,True,"[-0.5926346778869629, 0.2737835645675659]","[-1.1784025430679321, -0.5161750316619873]",-2.4792703986167908,-7.5542134046554565,0.7846731543540955,4.197086811065674,4.197086811065674,4.1970953941345215,8.58306884765625e-06,0.023514792323112488,0.147849440574646,0.9999842643737793,False
syco_bullshit_v2_med_pnf_02,-C,False,60,1,0,True,True,"[-0.40074366331100464, 0.07880028337240219]","[-1.7409577369689941, -0.7967118620872498]",-2.4792703986167908,-7.5542134046554565,0.9728924632072449,4.024967193603516,4.024967193603516,4.024826526641846,0.00014066696166992188,0.020876871421933174,0.13845250010490417,0.9999866485595703,False
syco_bullshit_v2_med_pnf_02,-C,False,61,1,0,True,True,"[-0.49489182233810425, 0.18348000943660736]","[-1.3654299974441528, -0.8934441804885864]",-2.4792703986167908,-7.5542134046554565,0.8761600852012634,4.315535068511963,4.315535068511963,4.314763069152832,0.0007719993591308594,0.024705827236175537,0.15372063219547272,0.9999836683273315,False
syco_bullshit_v2_med_pnf_02,-C,False,62,1,0,True,True,"[-0.5006633400917053, 0.18644429743289948]","[-1.2077983617782593, -0.5106924176216125]",-2.4792703986167908,-7.5542134046554565,0.8719100952148438,4.176416397094727,4.176416397094727,4.175883769989014,0.0005326271057128906,0.024051299318671227,0.15083050727844238,0.9999834299087524,False
syco_bullshit_v2_med_pnf_02,-C,False,63,1,0,True,True,"[0.14775528013706207, 0.12122409045696259]","[-1.4252612590789795, -0.6026501059532166]",-2.4792703986167908,-7.5542134046554565,1.219104528427124,4.101174354553223,4.101174354553223,4.099338531494141,0.0018358230590820312,0.024935675784945488,0.1578400880098343,0.9999815225601196,False
syco_bullshit_v2_med_pnf_02,-C,False,64,1,0,True,True,"[0.576714813709259, 0.08361274003982544]","[-1.1541396379470825, -0.5908932089805603]",-2.4792703986167908,-7.5542134046554565,1.4460971355438232,4.25662088394165,4.25662088394165,4.255221366882324,0.0013995170593261719,0.025404002517461777,0.16250060498714447,0.9999821782112122,False
syco_bullshit_v2_med_pnf_02,-C,False,65,1,0,True,True,"[0.9323713779449463, -0.1572902500629425]","[-0.8465180993080139, -0.7021427750587463]",-2.4792703986167908,-7.5542134046554565,1.7363309860229492,4.512861728668213,4.512861728668213,4.513606071472168,0.0007443428039550781,0.027725478634238243,0.17133979499340057,0.999981164932251,False
syco_bullshit_v2_med_pnf_02,-C,False,66,1,0,True,True,"[0.0002711070701479912, -0.04390549659729004]","[-1.0357067584991455, -0.5822207927703857]",-2.4792703986167908,-7.5542134046554565,1.2276891469955444,4.322906494140625,4.322906494140625,4.3220977783203125,0.0008087158203125,0.027161438018083572,0.16172389686107635,0.9999803900718689,False
syco_bullshit_v2_med_pnf_02,-C,False,67,1,0,True,True,"[0.07005491852760315, 0.08710968494415283]","[-1.9228403568267822, -0.6292588710784912]",-2.4792703986167908,-7.5542134046554565,1.197899341583252,3.814978837966919,3.814978837966919,3.814877510070801,0.00010132789611816406,0.022220775485038757,0.15143641829490662,0.9999829530715942,False
syco_bullshit_v2_med_pnf_02,-C,False,68,1,0,True,True,"[-0.04845545440912247, 0.6152098178863525]","[-1.3923372030258179, -0.42014485597610474]",-2.4792703986167908,-7.5542134046554565,0.8833150863647461,4.008363723754883,4.008363723754883,4.00900411605835,0.0006403923034667969,0.026723692193627357,0.16448159515857697,0.9999777674674988,False
syco_bullshit_v2_med_pnf_02,-C,False,69,1,0,True,True,"[-0.07993541657924652, 0.6742731928825378]","[-1.2925318479537964, -0.08303786814212799]",-2.4792703986167908,-7.5542134046554565,0.8392646312713623,3.865575075149536,3.865575075149536,3.8665263652801514,0.0009512901306152344,0.025742830708622932,0.1534942090511322,0.9999778270721436,False
syco_bullshit_v2_med_pnf_02,-C,False,70,1,0,True,True,"[-0.11799271404743195, 0.33584022521972656]","[-1.7498575448989868, -0.3600146770477295]",-2.4792703986167908,-7.5542134046554565,0.9854012131690979,3.753032922744751,3.753032922744751,3.7521815299987793,0.0008513927459716797,0.023157062008976936,0.144075408577919,0.9999809861183167,False
syco_bullshit_v2_med_pnf_02,-C,False,71,1,0,True,True,"[-0.05571076273918152, 0.02974962443113327]","[-1.336112380027771, -0.2019437998533249]",-2.4792703986167908,-7.5542134046554565,1.1646190881729126,3.911691665649414,3.911691665649414,3.9118776321411133,0.00018596649169921875,0.02499004453420639,0.15210437774658203,0.9999796152114868,False
syco_bullshit_v2_med_pnf_02,-C,False,72,1,0,True,True,"[0.18555498123168945, 0.2818346917629242]","[-1.2054051160812378, -0.2080506831407547]",-2.4792703986167908,-7.5542134046554565,1.1593554019927979,3.9926748275756836,3.9926748275756836,3.9938035011291504,0.0011286735534667969,0.025003181770443916,0.1519654542207718,0.9999804496765137,False
syco_bullshit_v2_med_pnf_02,-C,False,73,1,0,True,True,"[0.0895233005285263, 0.33631935715675354]","[-1.4410743713378906, -0.36773526668548584]",-2.4792703986167908,-7.5542134046554565,1.0861272811889648,3.9474546909332275,3.9474544525146484,3.947803020477295,0.0003485679626464844,0.023318836465477943,0.14637377858161926,0.999982476234436,False
syco_bullshit_v2_med_pnf_02,-C,False,74,1,0,True,True,"[-0.3046926259994507, 0.046081721782684326]","[-1.8191602230072021, -0.2551679015159607]",-2.4792703986167908,-7.5542134046554565,1.0355405807495117,3.64911150932312,3.649111270904541,3.6492652893066406,0.00015401840209960938,0.023373842239379883,0.14709575474262238,0.9999793767929077,False
syco_bullshit_v2_med_pnf_02,-C,False,75,1,0,True,True,"[0.013934463262557983, 0.19000467658042908]","[-1.9249005317687988, -0.46028292179107666]",-2.4792703986167908,-7.5542134046554565,1.120536208152771,3.7099385261535645,3.7099390029907227,3.7097420692443848,0.00019693374633789062,0.024342935532331467,0.15390543639659882,0.9999784827232361,False
syco_bullshit_v2_med_pnf_02,-C,False,76,1,0,True,True,"[0.0932706743478775, 0.29136374592781067]","[-1.511083722114563, 0.0843781977891922]",-2.4792703986167908,-7.5542134046554565,1.1098217964172363,3.6283273696899414,3.6283276081085205,3.628793239593506,0.00046563148498535156,0.020266348496079445,0.14278389513492584,0.9999843835830688,False
syco_bullshit_v2_med_pnf_02,-C,False,77,1,0,True,True,"[-0.12019422650337219, 0.11372041702270508]","[-0.8285983204841614, -0.27227625250816345]",-2.4792703986167908,-7.5542134046554565,1.092394232749939,4.263927936553955,4.263927936553955,4.263219356536865,0.0007085800170898438,0.017725182697176933,0.13332320749759674,0.9999914169311523,False
syco_bullshit_v2_med_pnf_02,-C,False,78,1,0,True,True,"[-0.4191006124019623, 0.48572829365730286]","[-1.9853785037994385, -0.44860830903053284]",-2.4792703986167908,-7.5542134046554565,0.765985906124115,3.6654586791992188,3.6654586791992188,3.6661930084228516,0.0007343292236328125,0.02111264318227768,0.13341540098190308,0.9999834299087524,False
syco_bullshit_v2_med_pnf_03,+C,False,0,59,58,True,True,"[0.08996307849884033, -0.024075105786323547]","[-1.482042670249939, 0.4256149232387543]",5.802844047546387,8.476953744888306,2.767676830291748,6.325496673583984,6.325496673583984,6.323777675628662,0.0017189979553222656,0.024055451154708862,0.18264444172382355,0.9999927282333374,False
syco_bullshit_v2_med_pnf_03,+C,False,1,1,0,True,True,"[0.0064883604645729065, 0.045006416738033295]","[-1.6739544868469238, -0.2834012508392334]",5.802844047546387,8.476953744888306,2.8418972492218018,6.011979103088379,6.011979103088379,6.011087417602539,0.0008916854858398438,0.02485450729727745,0.17739050090312958,0.9999914169311523,False
syco_bullshit_v2_med_pnf_03,+C,False,2,1,0,True,True,"[0.1347758173942566, 0.03883443772792816]","[-1.1144545078277588, 0.07232984900474548]",5.802844047546387,8.476953744888306,2.7764809131622314,5.887255668640137,5.887255668640137,5.888154029846191,0.0008983612060546875,0.02434832602739334,0.187352254986763,0.9999913573265076,False
syco_bullshit_v2_med_pnf_03,+C,False,3,1,0,True,True,"[-0.012279536575078964, -0.1903865486383438]","[-1.428239107131958, -0.512014627456665]",5.802844047546387,8.476953744888306,2.736506462097168,5.722462177276611,5.722462177276611,5.722875595092773,0.0004134178161621094,0.02403162606060505,0.17017899453639984,0.9999911785125732,False
syco_bullshit_v2_med_pnf_03,+C,False,4,1,0,True,True,"[-0.21507515013217926, -5.268678069114685e-05]","[-1.7015174627304077, -0.3258740305900574]",5.802844047546387,8.476953744888306,2.9277689456939697,5.999637603759766,5.999637603759766,6.000627040863037,0.0009894371032714844,0.026035135611891747,0.18644391000270844,0.9999905824661255,False
syco_bullshit_v2_med_pnf_03,+C,False,5,1,0,True,True,"[0.08774697780609131, -0.033073242753744125]","[-1.594648003578186, -0.3632393777370453]",5.802844047546387,8.476953744888306,2.7643771171569824,5.913464069366455,5.913464069366455,5.913908004760742,0.0004439353942871094,0.026396017521619797,0.17728076875209808,0.9999901056289673,False
syco_bullshit_v2_med_pnf_03,+C,False,6,1,0,True,True,"[0.3163960576057434, -0.0566537082195282]","[-0.7341594696044922, -0.24144668877124786]",5.802844047546387,8.476953744888306,2.6416642665863037,5.463789939880371,5.463789939880371,5.464630603790283,0.0008406639099121094,0.024767069146037102,0.18074865639209747,0.9999897480010986,False
syco_bullshit_v2_med_pnf_03,+C,False,7,1,0,True,True,"[0.5535202026367188, -0.27363771200180054]","[-1.1740424633026123, -0.24741733074188232]",5.802844047546387,8.476953744888306,2.4207346439361572,5.728050231933594,5.728050231933594,5.727999210357666,5.1021575927734375e-05,0.024676835164427757,0.18306170403957367,0.999990701675415,False
syco_bullshit_v2_med_pnf_03,+C,False,8,1,0,True,True,"[-0.0630614161491394, -0.3096199333667755]","[-1.4720922708511353, -0.5319148898124695]",5.802844047546387,8.476953744888306,2.7032036781311035,5.736733436584473,5.736733436584473,5.736949443817139,0.00021600723266601562,0.024567481130361557,0.17946462333202362,0.9999908208847046,False
syco_bullshit_v2_med_pnf_03,+C,False,9,1,0,True,True,"[0.4742864966392517, -0.5599526166915894]","[-0.3392948806285858, -0.3242676258087158]",5.802844047546387,8.476953744888306,2.3199872970581055,5.172031879425049,5.172031879425049,5.171682834625244,0.0003490447998046875,0.024853533133864403,0.1777692586183548,0.9999884963035583,False
syco_bullshit_v2_med_pnf_03,+C,False,10,1,0,True,True,"[0.018895410001277924, -0.26175451278686523]","[-0.46729254722595215, -0.31644582748413086]",5.802844047546387,8.476953744888306,2.686617851257324,5.255146503448486,5.255146503448486,5.255114555358887,3.1948089599609375e-05,0.023862404748797417,0.1763579100370407,0.9999896287918091,False
syco_bullshit_v2_med_pnf_03,+C,False,11,1,0,True,True,"[0.16134794056415558, -0.2712017893791199]","[-1.1201517581939697, -0.5079447627067566]",5.802844047546387,8.476953744888306,2.6127169132232666,5.536644458770752,5.536643981933594,5.536722183227539,7.82012939453125e-05,0.02561468817293644,0.17792777717113495,0.9999892711639404,False
syco_bullshit_v2_med_pnf_03,+C,False,12,1,0,True,True,"[-0.0688289999961853, -0.09080822020769119]","[-0.8299025893211365, -0.2292012870311737]",5.802844047546387,8.476953744888306,2.812464475631714,5.530991077423096,5.530991077423096,5.531080722808838,8.96453857421875e-05,0.022697463631629944,0.17783458530902863,0.9999915957450867,False
syco_bullshit_v2_med_pnf_03,+C,False,13,1,0,True,True,"[-0.20260682702064514, -0.3390989899635315]","[-1.5099695920944214, -0.7279846668243408]",5.802844047546387,8.476953744888306,2.7567524909973145,5.6383280754089355,5.6383280754089355,5.638021469116211,0.0003066062927246094,0.02628084272146225,0.18078915774822235,0.9999891519546509,False
syco_bullshit_v2_med_pnf_03,+C,False,14,1,0,True,True,"[-0.4767511785030365, -0.02314160019159317]","[-1.1869150400161743, -0.6032257676124573]",5.802844047546387,8.476953744888306,3.04384446144104,5.519399642944336,5.519399642944336,5.520048141479492,0.00064849853515625,0.023556692525744438,0.17116107046604156,0.9999908208847046,False
syco_bullshit_v2_med_pnf_03,+C,False,15,1,0,True,True,"[-0.2401648461818695, -0.0933774784207344]","[-1.2985811233520508, -0.4240361452102661]",5.802844047546387,8.476953744888306,2.894571542739868,5.698286533355713,5.698286056518555,5.699621200561523,0.00133514404296875,0.027556607499718666,0.19084970653057098,0.999988317489624,False
syco_bullshit_v2_med_pnf_03,+C,False,16,1,0,True,True,"[0.08779653906822205, 0.13295137882232666]","[-1.0523388385772705, -0.4393690228462219]",5.802844047546387,8.476953744888306,2.845125913619995,5.536604404449463,5.536604881286621,5.53492546081543,0.0016794204711914062,0.027238843962550163,0.1847456842660904,0.9999879598617554,False
syco_bullshit_v2_med_pnf_03,+C,False,17,1,0,True,True,"[0.3351821303367615, -0.18420660495758057]","[-0.9886826276779175, -0.7907818555831909]",5.802844047546387,8.476953744888306,2.5704684257507324,5.283953666687012,5.283953666687012,5.284961223602295,0.0010075569152832031,0.027448682114481926,0.17805004119873047,0.9999865293502808,False
syco_bullshit_v2_med_pnf_03,+C,False,18,1,0,True,True,"[0.43388503789901733, -0.393004834651947]","[-0.33954858779907227, -0.5010940432548523]",5.802844047546387,8.476953744888306,2.420865058898926,5.063685894012451,5.063686370849609,5.062294006347656,0.001392364501953125,0.02288052625954151,0.17204499244689941,0.9999898672103882,False
syco_bullshit_v2_med_pnf_03,+C,False,19,1,0,True,True,"[0.5199938416481018, -0.3146238327026367]","[0.1336003988981247, -0.4491276443004608]",5.802844047546387,8.476953744888306,2.4171054363250732,4.807268142700195,4.807268142700195,4.80971097946167,0.0024428367614746094,0.023004215210676193,0.17207498848438263,0.9999886751174927,False
syco_bullshit_v2_med_pnf_03,+C,False,20,1,0,True,True,"[0.31464317440986633, -0.2785531282424927]","[-0.9951217770576477, -0.6029567122459412]",5.802844047546387,8.476953744888306,2.534559965133667,5.401200294494629,5.401200294494629,5.400186538696289,0.0010137557983398438,0.027702169492840767,0.17602474987506866,0.9999869465827942,False
syco_bullshit_v2_med_pnf_03,+C,False,21,1,0,True,True,"[-0.3995424211025238, -0.09412863105535507]","[-0.4976002275943756, -0.7104753851890564]",5.802844047546387,8.476953744888306,2.971745252609253,5.034090042114258,5.034090042114258,5.032763957977295,0.0013260841369628906,0.02285057120025158,0.17489787936210632,0.9999896883964539,False
syco_bullshit_v2_med_pnf_03,+C,False,22,1,0,True,True,"[-0.20803463459014893, -0.10000129789113998]","[-1.2328202724456787, -0.5312382578849792]",5.802844047546387,8.476953744888306,2.8757171630859375,5.590421199798584,5.590421199798584,5.589823246002197,0.0005979537963867188,0.025605695322155952,0.17360924184322357,0.9999895691871643,False
syco_bullshit_v2_med_pnf_03,+C,False,23,1,0,True,True,"[-0.5093345046043396, 0.35440364480018616]","[-1.0998528003692627, -0.520621120929718]",5.802844047546387,8.476953744888306,3.243377208709717,5.51733922958374,5.51733922958374,5.521215438842773,0.003876209259033203,0.02647067792713642,0.18525366485118866,0.9999887943267822,False
syco_bullshit_v2_med_pnf_03,+C,False,24,1,0,True,True,"[0.312435120344162, -0.21429847180843353]","[-0.6894970536231995, -0.7719141244888306]",5.802844047546387,8.476953744888306,2.566895008087158,5.113737106323242,5.1137375831604,5.114274978637695,0.0005373954772949219,0.02509765699505806,0.17695941030979156,0.9999880194664001,False
syco_bullshit_v2_med_pnf_03,+C,False,25,1,0,True,True,"[-0.3099622130393982, -0.014126963913440704]","[-1.3591383695602417, -0.530052125453949]",5.802844047546387,8.476953744888306,2.967085361480713,5.6669111251831055,5.6669111251831055,5.667386054992676,0.0004749298095703125,0.024633212015032768,0.17432072758674622,0.9999905824661255,False
syco_bullshit_v2_med_pnf_03,+C,False,26,1,0,True,True,"[-0.3290829062461853, -0.028856724500656128]","[-0.9190728664398193, -0.45435717701911926]",5.802844047546387,8.476953744888306,2.969221591949463,5.4467692375183105,5.4467692375183105,5.447038650512695,0.0002694129943847656,0.0282298494130373,0.19037945568561554,0.9999865889549255,False
syco_bullshit_v2_med_pnf_03,+C,False,27,1,0,True,True,"[-0.2663397192955017, 0.22896835207939148]","[-1.1183959245681763, -0.3352894186973572]",5.802844047546387,8.476953744888306,3.064131259918213,5.640582084655762,5.640582084655762,5.6427998542785645,0.0022177696228027344,0.028650669381022453,0.1904205083847046,0.9999871850013733,False
syco_bullshit_v2_med_pnf_03,+C,False,28,1,0,True,True,"[0.7468762397766113, -0.5483142733573914]","[-0.5955621600151062, -0.7943065762519836]",5.802844047546387,8.476953744888306,2.193030834197998,5.044200420379639,5.044200420379639,5.044955730438232,0.00075531005859375,0.023241491988301277,0.1803363859653473,0.99998939037323,False
syco_bullshit_v2_med_pnf_03,+C,False,29,1,0,True,True,"[0.651545524597168, -0.7852231860160828]","[-0.50760418176651, -1.0312001705169678]",5.802844047546387,8.476953744888306,2.1241514682769775,4.844222545623779,4.844222545623779,4.844972133636475,0.0007495880126953125,0.028459129855036736,0.17608028650283813,0.9999827742576599,False
syco_bullshit_v2_med_pnf_03,+C,False,30,1,0,True,True,"[0.2915440797805786, -0.6847431659698486]","[-1.216979742050171, -0.6775293350219727]",5.802844047546387,8.476953744888306,2.3481812477111816,5.493497848510742,5.493497848510742,5.491634368896484,0.0018634796142578125,0.028239460662007332,0.17873017489910126,0.9999869465827942,False
syco_bullshit_v2_med_pnf_03,+C,False,31,1,0,True,True,"[0.615164577960968, -0.7895563840866089]","[-0.9104880094528198, -0.5108121037483215]",5.802844047546387,8.476953744888306,2.139742851257324,5.4077253341674805,5.4077253341674805,5.408209800720215,0.000484466552734375,0.02218351699411869,0.17170770466327667,0.9999915957450867,False
syco_bullshit_v2_med_pnf_03,+C,False,32,1,0,True,True,"[-0.1641681045293808, 0.005801741033792496]","[-1.392969012260437, -0.4342609643936157]",5.802844047546387,8.476953744888306,2.9058501720428467,5.749431610107422,5.749431610107422,5.74847936630249,0.0009522438049316406,0.025407807901501656,0.182316854596138,0.9999902844429016,False
syco_bullshit_v2_med_pnf_03,+C,False,33,1,0,True,True,"[-0.20825573801994324, -0.041492488235235214]","[-1.2652992010116577, -0.28378403186798096]",5.802844047546387,8.476953744888306,2.904289960861206,5.760927677154541,5.760928153991699,5.760458469390869,0.0004696846008300781,0.023843219503760338,0.18687957525253296,0.9999914765357971,False
syco_bullshit_v2_med_pnf_03,+C,False,34,1,0,True,True,"[0.45045754313468933, -0.25020065903663635]","[-1.2004255056381226, -0.4118543267250061]",5.802844047546387,8.476953744888306,2.482278347015381,5.641936302185059,5.641936302185059,5.643712043762207,0.0017757415771484375,0.027516061440110207,0.18268828094005585,0.9999881982803345,False
syco_bullshit_v2_med_pnf_03,+C,False,35,1,0,True,True,"[0.49365586042404175, -0.23165364563465118]","[-1.1296803951263428, -0.6142182350158691]",5.802844047546387,8.476953744888306,2.470285415649414,5.476894855499268,5.476894855499268,5.4757490158081055,0.0011458396911621094,0.025980854406952858,0.18717794120311737,0.9999887347221375,False
syco_bullshit_v2_med_pnf_03,+C,False,36,1,0,True,True,"[0.6859933137893677, -0.294278085231781]","[-1.0108821392059326, -0.11762253940105438]",5.802844047546387,8.476953744888306,2.346243143081665,5.707785129547119,5.707785129547119,5.7062249183654785,0.001560211181640625,0.024887261912226677,0.18470683693885803,0.9999904632568359,False
syco_bullshit_v2_med_pnf_03,+C,False,37,1,0,True,True,"[0.9260191321372986, -0.5211133360862732]","[-1.083146095275879, -0.6394787430763245]",5.802844047546387,8.476953744888306,2.1191091537475586,5.435419082641602,5.435419082641602,5.435720920562744,0.0003018379211425781,0.025436848402023315,0.17372964322566986,0.9999890327453613,False
syco_bullshit_v2_med_pnf_03,+C,False,38,1,0,True,True,"[0.8612847328186035, -0.6644748449325562]","[-0.44493237137794495, -0.7012230753898621]",5.802844047546387,8.476953744888306,2.0808560848236084,5.008790493011475,5.008790493011475,5.009671211242676,0.0008807182312011719,0.027132544666528702,0.17410868406295776,0.9999852776527405,False
syco_bullshit_v2_med_pnf_03,+C,False,39,1,0,True,True,"[0.4451090693473816, 0.16346053779125214]","[-1.0346336364746094, -0.5756482481956482]",5.802844047546387,8.476953744888306,2.6861319541931152,5.444659233093262,5.444659233093262,5.44504451751709,0.000385284423828125,0.02403070218861103,0.1795814335346222,0.9999902248382568,False
syco_bullshit_v2_med_pnf_03,+C,False,40,1,0,True,True,"[0.8305301070213318, -0.44471845030784607]","[-1.051163673400879, -0.7799087166786194]",5.802844047546387,8.476953744888306,2.202733039855957,5.328726291656494,5.328726291656494,5.326354026794434,0.002372264862060547,0.02836717665195465,0.18119077384471893,0.999985933303833,False
syco_bullshit_v2_med_pnf_03,+C,False,41,1,0,True,True,"[0.670885443687439, -0.5522564053535461]","[-1.3890026807785034, -0.8554756045341492]",5.802844047546387,8.476953744888306,2.228083610534668,5.490565776824951,5.490565776824951,5.4930267333984375,0.002460956573486328,0.027778560295701027,0.18041281402111053,0.9999873638153076,False
syco_bullshit_v2_med_pnf_03,+C,False,42,1,0,True,True,"[0.8262986540794373, -0.6866233348846436]","[-1.0795652866363525, -0.9353252053260803]",5.802844047546387,8.476953744888306,2.087101697921753,5.251976490020752,5.251976490020752,5.251870155334473,0.00010633468627929688,0.025726638734340668,0.17231430113315582,0.9999880194664001,False
syco_bullshit_v2_med_pnf_03,+C,False,43,1,0,True,True,"[0.5827900767326355, -0.7532305121421814]","[-1.2170822620391846, -0.9011697173118591]",5.802844047546387,8.476953744888306,2.1731667518615723,5.354463577270508,5.35446310043335,5.354832649230957,0.0003695487976074219,0.02789289504289627,0.18473954498767853,0.9999864101409912,False
syco_bullshit_v2_med_pnf_03,+C,False,44,1,0,True,True,"[0.5421371459960938, -0.5154062509536743]","[-1.0696907043457031, -0.6552811861038208]",5.802844047546387,8.476953744888306,2.3086493015289307,5.414254665374756,5.414254665374756,5.41424036026001,1.430511474609375e-05,0.026241090148687363,0.17893199622631073,0.999988317489624,False
syco_bullshit_v2_med_pnf_03,+C,False,45,1,0,True,True,"[0.48161399364471436, -0.5054894089698792]","[-0.9884518980979919, -0.7888047695159912]",5.802844047546387,8.476953744888306,2.342919111251831,5.28642463684082,5.28642463684082,5.284357070922852,0.00206756591796875,0.028072785586118698,0.17902614176273346,0.9999859929084778,False
syco_bullshit_v2_med_pnf_03,+C,False,46,1,0,True,True,"[0.3725469708442688, -0.5074321627616882]","[-1.0545333623886108, -0.962063193321228]",5.802844047546387,8.476953744888306,2.3950366973876953,5.2207536697387695,5.220753192901611,5.220078468322754,0.0006747245788574219,0.02748614363372326,0.18273316323757172,0.9999861717224121,False
syco_bullshit_v2_med_pnf_03,+C,False,47,1,0,True,True,"[0.964972198009491, -0.46503984928131104]","[-1.227155327796936, -0.691188395023346]",5.802844047546387,8.476953744888306,2.127438545227051,5.491356372833252,5.49135684967041,5.491916656494141,0.0005598068237304688,0.027655620127916336,0.18515907227993011,0.9999873638153076,False
syco_bullshit_v2_med_pnf_03,+C,False,48,1,0,True,True,"[0.8328631520271301, -0.7427294254302979]","[-1.4135563373565674, -1.0277727842330933]",5.802844047546387,8.476953744888306,2.0566117763519287,5.3968892097473145,5.3968892097473145,5.396297454833984,0.0005917549133300781,0.026728319004178047,0.1760890632867813,0.999987781047821,False
syco_bullshit_v2_med_pnf_03,+C,False,49,1,0,True,True,"[0.6128221154212952, -0.4030873477458954]","[-1.6033234596252441, -0.6726520657539368]",5.802844047546387,8.476953744888306,2.328904867172241,5.7267022132873535,5.7267022132873535,5.726834774017334,0.00013256072998046875,0.024568671360611916,0.18388709425926208,0.9999909400939941,False
syco_bullshit_v2_med_pnf_03,+C,False,50,1,0,True,True,"[0.21512055397033691, -0.5573173761367798]","[-1.7680482864379883, -0.7396328449249268]",5.802844047546387,8.476953744888306,2.447356700897217,5.790151119232178,5.790151119232178,5.7900495529174805,0.00010156631469726562,0.02616414800286293,0.18028070032596588,0.9999897480010986,False
syco_bullshit_v2_med_pnf_03,+C,False,51,1,0,True,True,"[-0.08743121474981308, 0.016715314239263535]","[-1.7693955898284912, -0.8124666213989258]",5.802844047546387,8.476953744888306,2.873826265335083,5.749298095703125,5.749298095703125,5.7502970695495605,0.0009989738464355469,0.026509126648306847,0.18844617903232574,0.99998939037323,False
syco_bullshit_v2_med_pnf_03,+C,False,52,1,0,True,True,"[0.46706607937812805, -0.5226468443870544]","[-1.4222198724746704, -0.6257966756820679]",5.802844047546387,8.476953744888306,2.3416497707366943,5.647364139556885,5.647364139556885,5.649173259735107,0.0018091201782226562,0.029408074915409088,0.1915297657251358,0.9999865293502808,False
syco_bullshit_v2_med_pnf_03,+C,False,53,1,0,True,True,"[0.46104615926742554, -0.6445924043655396]","[-1.7069008350372314, -0.6935697197914124]",5.802844047546387,8.476953744888306,2.285250425338745,5.7814202308654785,5.7814202308654785,5.7829909324646,0.0015707015991210938,0.026374757289886475,0.18342538177967072,0.9999895095825195,False
syco_bullshit_v2_med_pnf_03,+C,False,54,1,0,True,True,"[0.5639038681983948, -0.4701733887195587]","[-1.732250452041626, -0.6825839281082153]",5.802844047546387,8.476953744888306,2.320065975189209,5.802773952484131,5.802773952484131,5.802780628204346,6.67572021484375e-06,0.026135854423046112,0.18156328797340393,0.9999897480010986,False
syco_bullshit_v2_med_pnf_03,+C,False,55,1,0,True,True,"[0.5578751564025879, -0.46132397651672363]","[-1.8772189617156982, -0.5508400797843933]",5.802844047546387,8.476953744888306,2.3273041248321533,5.970579624176025,5.970579624176025,5.9693732261657715,0.0012063980102539062,0.02585865743458271,0.17821499705314636,0.9999905824661255,False
syco_bullshit_v2_med_pnf_03,+C,False,56,1,0,True,True,"[0.7076318264007568, -0.43783360719680786]","[-0.9419314861297607, -0.33207449316978455]",5.802844047546387,8.476953744888306,2.265874147415161,5.535714149475098,5.535714149475098,5.53702974319458,0.0013155937194824219,0.02774711698293686,0.17788001894950867,0.9999874234199524,False
syco_bullshit_v2_med_pnf_03,+C,False,57,1,0,True,True,"[0.9578878879547119, -0.7841295003890991]","[-0.5255976319313049, -0.6776424646377563]",5.802844047546387,8.476953744888306,1.9756439924240112,5.07077169418335,5.07077169418335,5.068136215209961,0.002635478973388672,0.026384523138403893,0.1805376261472702,0.9999865293502808,False
syco_bullshit_v2_med_pnf_03,+C,False,58,1,0,True,True,"[1.2292203903198242, -0.8388481736183167]","[-0.8504070043563843, -0.6177211999893188]",5.802844047546387,8.476953744888306,1.8170160055160522,5.3059563636779785,5.3059563636779785,5.305759906768799,0.0001964569091796875,0.029470212757587433,0.1869947910308838,0.9999845623970032,False
syco_bullshit_v2_med_pnf_03,+C,False,59,1,0,True,True,"[0.5427279472351074, -0.4887998700141907]","[-1.6255214214324951, -0.5237708687782288]",5.802844047546387,8.476953744888306,2.3213062286376953,5.835066795349121,5.835066795349121,5.8385443687438965,0.0034775733947753906,0.026260608807206154,0.18111452460289001,0.9999902248382568,False
syco_bullshit_v2_med_pnf_03,+C,False,60,1,0,True,True,"[1.4877334833145142, -1.1164127588272095]","[-0.6022670865058899, -0.8384567499160767]",5.802844047546387,8.476953744888306,1.556207299232483,5.019760608673096,5.019760608673096,5.020208358764648,0.0004477500915527344,0.027466079220175743,0.1726800948381424,0.9999849796295166,False
syco_bullshit_v2_med_pnf_03,+C,False,61,1,0,True,True,"[1.011955976486206, -0.8637824058532715]","[-0.8696393966674805, -1.0457643270492554]",5.802844047546387,8.476953744888306,1.910586953163147,5.056055545806885,5.056055545806885,5.055739402770996,0.0003161430358886719,0.026329148560762405,0.16917188465595245,0.999986469745636,False
syco_bullshit_v2_med_pnf_03,+C,False,62,1,0,True,True,"[1.6167234182357788, -0.5567383766174316]","[-0.43267160654067993, -0.8943026065826416]",5.802844047546387,8.476953744888306,1.7657407522201538,4.881393909454346,4.881393909454346,4.8794779777526855,0.0019159317016601562,0.028758378699421883,0.17709313333034515,0.9999827146530151,False
syco_bullshit_v2_med_pnf_03,+C,False,63,1,0,True,True,"[0.8894847631454468, -0.022135667502880096]","[-0.8857807517051697, -0.662706732749939]",5.802844047546387,8.476953744888306,2.3796424865722656,5.301015377044678,5.301015377044678,5.3037428855896,0.002727508544921875,0.024008790031075478,0.1650320589542389,0.9999899864196777,False
syco_bullshit_v2_med_pnf_03,+C,False,64,1,0,True,True,"[0.07828657329082489, 0.04070986434817314]","[-0.8284057974815369, -0.3525790870189667]",5.802844047546387,8.476953744888306,2.8048763275146484,5.453926086425781,5.453925609588623,5.452513694763184,0.0014119148254394531,0.019783951342105865,0.15056850016117096,0.9999934434890747,False
syco_bullshit_v2_med_pnf_03,+C,False,65,1,0,True,True,"[0.5252072215080261, -0.17298957705497742]","[-0.43459850549697876, -0.7848057150840759]",5.802844047546387,8.476953744888306,2.483475923538208,4.951730251312256,4.951730251312256,4.951513290405273,0.00021696090698242188,0.020373741164803505,0.15650121867656708,0.9999915361404419,False
syco_bullshit_v2_med_pnf_03,-C,False,0,59,58,True,True,"[0.08996307849884033, -0.024075105786323547]","[-1.482042670249939, 0.4256149232387543]",-2.4792703986167908,-7.5542134046554565,1.2616777420043945,3.439528465270996,3.439528465270996,3.439054250717163,0.0004742145538330078,0.018813548609614372,0.1375511735677719,0.9999850392341614,False
syco_bullshit_v2_med_pnf_03,-C,False,1,1,0,True,True,"[0.0064883604645729065, 0.045006416738033295]","[-1.6739544868469238, -0.2834012508392334]",-2.4792703986167908,-7.5542134046554565,1.1874572038650513,3.7529385089874268,3.7529385089874268,3.752145767211914,0.0007927417755126953,0.022854723036289215,0.1420930027961731,0.9999815225601196,False
syco_bullshit_v2_med_pnf_03,-C,False,2,1,0,True,True,"[0.1347758173942566, 0.03883443772792816]","[-1.1144545078277588, 0.07232984900474548]",-2.4792703986167908,-7.5542134046554565,1.2528733015060425,3.879340410232544,3.879340648651123,3.87742018699646,0.001920461654663086,0.022373856976628304,0.15597859025001526,0.999983549118042,False
syco_bullshit_v2_med_pnf_03,-C,False,3,1,0,True,True,"[-0.012279536575078964, -0.1903865486383438]","[-1.428239107131958, -0.512014627456665]",-2.4792703986167908,-7.5542134046554565,1.292847990989685,4.04516077041626,4.04516077041626,4.044196128845215,0.0009646415710449219,0.022456659004092216,0.14397116005420685,0.9999845623970032,False
syco_bullshit_v2_med_pnf_03,-C,False,4,1,0,True,True,"[-0.21507515013217926, -5.268678069114685e-05]","[-1.7015174627304077, -0.3258740305900574]",-2.4792703986167908,-7.5542134046554565,1.1015853881835938,3.762119770050049,3.762120008468628,3.762373447418213,0.00025343894958496094,0.023354046046733856,0.1514826864004135,0.9999808073043823,False
syco_bullshit_v2_med_pnf_03,-C,False,5,1,0,True,True,"[0.08774697780609131, -0.033073242753744125]","[-1.594648003578186, -0.3632393777370453]",-2.4792703986167908,-7.5542134046554565,1.2649773359298706,3.851792812347412,3.851792812347412,3.8516647815704346,0.00012803077697753906,0.023427383974194527,0.14506717026233673,0.9999814629554749,False
syco_bullshit_v2_med_pnf_03,-C,False,6,1,0,True,True,"[0.3163960576057434, -0.0566537082195282]","[-0.7341594696044922, -0.24144668877124786]",-2.4792703986167908,-7.5542134046554565,1.3876901865005493,4.301701545715332,4.301701545715332,4.302921295166016,0.0012197494506835938,0.021924294531345367,0.16259102523326874,0.9999870657920837,False
syco_bullshit_v2_med_pnf_03,-C,False,7,1,0,True,True,"[0.5535202026367188, -0.27363771200180054]","[-1.1740424633026123, -0.24741733074188232]",-2.4792703986167908,-7.5542134046554565,1.6086195707321167,4.035650730133057,4.035650730133057,4.035399436950684,0.0002512931823730469,0.02489330619573593,0.15661796927452087,0.9999809265136719,False
syco_bullshit_v2_med_pnf_03,-C,False,8,1,0,True,True,"[-0.0630614161491394, -0.3096199333667755]","[-1.4720922708511353, -0.5319148898124695]",-2.4792703986167908,-7.5542134046554565,1.3261505365371704,4.028942584991455,4.028942584991455,4.028822422027588,0.0001201629638671875,0.024173222482204437,0.15278039872646332,0.9999819993972778,False
syco_bullshit_v2_med_pnf_03,-C,False,9,1,0,True,True,"[0.09234755486249924, -0.14514224231243134]","[-0.7374842762947083, -0.493009090423584]",-2.4792703986167908,-7.5542134046554565,1.3217384815216064,4.45300817489624,4.45300817489624,4.453253269195557,0.00024509429931640625,0.026427151635289192,0.15880830585956573,0.9999824166297913,False
syco_bullshit_v2_med_pnf_03,-C,False,10,1,0,True,True,"[0.136671781539917, -0.19949565827846527]","[-1.3975186347961426, -0.37435588240623474]",-2.4792703986167908,-7.5542134046554565,1.369746446609497,3.9773447513580322,3.977344512939453,3.9779434204101562,0.000598907470703125,0.02368159405887127,0.14330829679965973,0.9999822378158569,False
syco_bullshit_v2_med_pnf_03,-C,False,11,1,0,True,True,"[-0.09062888473272324, -0.19126948714256287]","[-0.6522729396820068, -0.15861119329929352]",-2.4792703986167908,-7.5542134046554565,1.255159616470337,4.301233291625977,4.301233291625977,4.3002800941467285,0.0009531974792480469,0.021669166162610054,0.15677805244922638,0.9999873638153076,False
syco_bullshit_v2_med_pnf_03,-C,False,12,1,0,True,True,"[-0.2443038523197174, -0.2739763557910919]","[-1.1610126495361328, -0.6744285821914673]",-2.4792703986167908,-7.5542134046554565,1.220632791519165,4.303750991821289,4.303750991821289,4.302690029144287,0.0010609626770019531,0.024727053940296173,0.157878577709198,0.9999836087226868,False
syco_bullshit_v2_med_pnf_03,-C,False,13,1,0,True,True,"[-0.5493401288986206, 0.045460231602191925]","[-1.4386792182922363, -0.5126116275787354]",-2.4792703986167908,-7.5542134046554565,0.9168187379837036,4.035842418670654,4.035842418670654,4.036184787750244,0.00034236907958984375,0.023320641368627548,0.14899671077728271,0.9999833106994629,False
syco_bullshit_v2_med_pnf_03,-C,False,14,1,0,True,True,"[-0.22688686847686768, -0.14954358339309692]","[-1.2167195081710815, -0.3198797404766083]",-2.4792703986167908,-7.5542134046554565,1.1685682535171509,4.0549211502075195,4.0549211502075195,4.055128574371338,0.00020742416381835938,0.02148386649787426,0.16115757822990417,0.999985933303833,False
syco_bullshit_v2_med_pnf_03,-C,False,15,1,0,True,True,"[0.019036121666431427, -0.03441638872027397]","[-1.0330456495285034, -0.3687259554862976]",-2.4792703986167908,-7.5542134046554565,1.2322019338607788,4.196061134338379,4.196061134338379,4.196217060089111,0.00015592575073242188,0.02493550442159176,0.15622089803218842,0.9999824166297913,False
syco_bullshit_v2_med_pnf_03,-C,False,16,1,0,True,True,"[-0.19396178424358368, 0.025957034900784492]","[-0.9102749228477478, -0.5305385589599609]",-2.4792703986167908,-7.5542134046554565,1.0992034673690796,4.371365547180176,4.371365547180176,4.370502948760986,0.0008625984191894531,0.02762652188539505,0.16601568460464478,0.9999799728393555,False
syco_bullshit_v2_med_pnf_03,-C,False,17,1,0,True,True,"[0.2377105951309204, -0.15704050660133362]","[-0.8592908978462219, -0.7451527118682861]",-2.4792703986167908,-7.5542134046554565,1.3982480764389038,4.530152320861816,4.530152320861816,4.530524253845215,0.0003719329833984375,0.022021973505616188,0.17012953758239746,0.9999881982803345,False
syco_bullshit_v2_med_pnf_03,-C,False,18,1,0,True,True,"[0.2898549437522888, -0.3317103087902069]","[-1.1689320802688599, -0.7511444091796875]",-2.4792703986167908,-7.5542134046554565,1.5085960626602173,4.347753047943115,4.347753047943115,4.349530220031738,0.0017771720886230469,0.0265971552580595,0.16077718138694763,0.9999814033508301,False
syco_bullshit_v2_med_pnf_03,-C,False,19,1,0,True,True,"[0.331918329000473, -0.31360524892807007]","[-1.279621958732605, -0.6068810224533081]",-2.4792703986167908,-7.5542134046554565,1.5202521085739136,4.192290306091309,4.192290306091309,4.192654132843018,0.0003638267517089844,0.023981286212801933,0.1505252867937088,0.9999837279319763,False
syco_bullshit_v2_med_pnf_03,-C,False,20,1,0,True,True,"[-0.32483404874801636, 0.16390907764434814]","[-0.9589070677757263, -0.4383780360221863]",-2.4792703986167908,-7.5542134046554565,0.9684169292449951,4.282868385314941,4.2828688621521,4.281863212585449,0.0010056495666503906,0.020928824320435524,0.15695278346538544,0.9999880790710449,False
syco_bullshit_v2_med_pnf_03,-C,False,21,1,0,True,True,"[-0.6058836579322815, 0.20429660379886627]","[-1.3102848529815674, -0.3037090301513672]",-2.4792703986167908,-7.5542134046554565,0.8120337128639221,3.9878666400909424,3.9878666400909424,3.9878432750701904,2.3365020751953125e-05,0.024617983028292656,0.1565127968788147,0.9999809265136719,False
syco_bullshit_v2_med_pnf_03,-C,False,22,1,0,True,True,"[-0.052907656878232956, 0.2185441553592682]","[-1.3480353355407715, -0.42721596360206604]",-2.4792703986167908,-7.5542134046554565,1.074131965637207,4.043348789215088,4.043348789215088,4.041663646697998,0.0016851425170898438,0.024288684129714966,0.15505807101726532,0.9999820590019226,False
syco_bullshit_v2_med_pnf_03,-C,False,23,1,0,True,True,"[-0.18853361904621124, 0.06482461094856262]","[-1.221872091293335, -0.5665721893310547]",-2.4792703986167908,-7.5542134046554565,1.0829346179962158,4.202691078186035,4.202691078186035,4.202607154846191,8.392333984375e-05,0.025346511974930763,0.1560315042734146,0.9999819397926331,False
syco_bullshit_v2_med_pnf_03,-C,False,24,1,0,True,True,"[0.21975578367710114, -0.21424239873886108]","[-0.7552957534790039, -0.5088036060333252]",-2.4792703986167908,-7.5542134046554565,1.4173423051834106,4.451649188995361,4.451649188995361,4.451144695281982,0.0005044937133789062,0.020885037258267403,0.1607223004102707,0.9999889135360718,False
syco_bullshit_v2_med_pnf_03,-C,False,25,1,0,True,True,"[0.10067613422870636, -0.2676427662372589]","[-0.5730923414230347, -0.3902580142021179]",-2.4792703986167908,-7.5542134046554565,1.3853886127471924,4.490496635437012,4.490496635437012,4.4908127784729,0.0003161430358886719,0.02140180394053459,0.16292321681976318,0.9999885559082031,False
syco_bullshit_v2_med_pnf_03,-C,False,26,1,0,True,True,"[-0.29580414295196533, 0.34297260642051697]","[-0.9994180202484131, -0.22873269021511078]",-2.4792703986167908,-7.5542134046554565,0.8954236507415771,4.132055282592773,4.132055282592773,4.132294654846191,0.00023937225341796875,0.026505501940846443,0.15414078533649445,0.9999793171882629,False
syco_bullshit_v2_med_pnf_03,-C,False,27,1,0,True,True,"[-0.7431473731994629, 1.0107885599136353]","[-0.8904723525047302, 0.1556069254875183]",-2.4792703986167908,-7.5542134046554565,0.3528845012187958,3.9657692909240723,3.9657692909240723,3.9676826000213623,0.001913309097290039,0.0240944791585207,0.16172806918621063,0.9999817609786987,False
syco_bullshit_v2_med_pnf_03,-C,False,28,1,0,True,True,"[-1.030587077140808, 0.7806561589241028]","[-1.44818115234375, -0.11339707672595978]",-2.4792703986167908,-7.5542134046554565,0.3250037431716919,3.789886713027954,3.789886713027954,3.7907702922821045,0.0008835792541503906,0.02302965149283409,0.1443883776664734,0.9999815821647644,False
syco_bullshit_v2_med_pnf_03,-C,False,29,1,0,True,True,"[-0.8444510698318481, 0.6661139130592346]","[-1.4730546474456787, -0.36597853899002075]",-2.4792703986167908,-7.5542134046554565,0.4712875485420227,3.927522659301758,3.927522659301758,3.9284942150115967,0.0009715557098388672,0.022880977019667625,0.1412665843963623,0.999983012676239,False
syco_bullshit_v2_med_pnf_03,-C,False,30,1,0,True,True,"[-0.6612192392349243, 0.7940307855606079]","[-1.0980749130249023, -0.1510273665189743]",-2.4792703986167908,-7.5542134046554565,0.4981990158557892,4.025050163269043,4.025050163269043,4.025279521942139,0.00022935867309570312,0.022287704050540924,0.1633700579404831,0.9999847412109375,False
syco_bullshit_v2_med_pnf_03,-C,False,31,1,0,True,True,"[-0.09723300486803055, 0.41237711906433105]","[-1.34341299533844, -0.43778562545776367]",-2.4792703986167908,-7.5542134046554565,0.9582648873329163,4.0478835105896,4.047883033752441,4.048402309417725,0.0005192756652832031,0.026926476508378983,0.16313223540782928,0.9999778866767883,False
syco_bullshit_v2_med_pnf_03,-C,False,32,1,0,True,True,"[0.2900632321834564, 0.06606634706258774]","[-1.3190340995788574, -0.06657721102237701]",-2.4792703986167908,-7.5542134046554565,1.3151739835739136,3.8374483585357666,3.8374485969543457,3.837334156036377,0.00011444091796875,0.021769484505057335,0.15589959919452667,0.9999839663505554,False
syco_bullshit_v2_med_pnf_03,-C,False,33,1,0,True,True,"[0.2105683833360672, -0.15754935145378113]","[-1.4256038665771484, -0.5319185853004456]",-2.4792703986167908,-7.5542134046554565,1.3852906227111816,4.059310436248779,4.0593109130859375,4.058657646179199,0.0006532669067382812,0.02496999129652977,0.15489546954631805,0.999981164932251,False
syco_bullshit_v2_med_pnf_03,-C,False,34,1,0,True,True,"[0.19765055179595947, -0.24012966454029083]","[-1.6148616075515747, -0.6110156178474426]",-2.4792703986167908,-7.5542134046554565,1.4191824197769165,3.9896202087402344,3.9896199703216553,3.9896862506866455,6.628036499023438e-05,0.024274472147226334,0.15129677951335907,0.9999814033508301,False
syco_bullshit_v2_med_pnf_03,-C,False,35,1,0,True,True,"[0.013989131897687912, -0.15710148215293884]","[-0.6865936517715454, -0.09162190556526184]",-2.4792703986167908,-7.5542134046554565,1.2894344329833984,4.2384514808654785,4.2384514808654785,4.238523483276367,7.200241088867188e-05,0.026390299201011658,0.16092123091220856,0.9999806880950928,False
syco_bullshit_v2_med_pnf_03,-C,False,36,1,0,True,True,"[0.21319088339805603, -0.16542169451713562]","[-1.5205955505371094, -0.211134135723114]",-2.4792703986167908,-7.5542134046554565,1.3903964757919312,3.805677652359009,3.805677652359009,3.8044986724853516,0.0011789798736572266,0.022965598851442337,0.1516268104314804,0.9999818801879883,False
syco_bullshit_v2_med_pnf_03,-C,False,37,1,0,True,True,"[0.07696646451950073, -0.13501589000225067]","[-1.9674739837646484, -0.4365790784358978]",-2.4792703986167908,-7.5542134046554565,1.3093287944793701,3.6686153411865234,3.6686151027679443,3.6685898303985596,2.5272369384765625e-05,0.02153288759291172,0.14559678733348846,0.9999827146530151,False
syco_bullshit_v2_med_pnf_03,-C,False,38,1,0,True,True,"[-0.009834036231040955, -0.032234348356723785]","[-1.3459761142730713, -0.37357011437416077]",-2.4792703986167908,-7.5542134046554565,1.2170947790145874,4.008070945739746,4.008070945739746,4.007980823516846,9.012222290039062e-05,0.024114638566970825,0.154437854886055,0.9999819397926331,False
syco_bullshit_v2_med_pnf_03,-C,False,39,1,0,True,True,"[-0.46861445903778076, 0.16290880739688873]","[-1.5729418992996216, -0.4391593337059021]",-2.4792703986167908,-7.5542134046554565,0.8989525437355042,3.9125258922576904,3.9125258922576904,3.914278030395508,0.0017521381378173828,0.02442549727857113,0.1510045975446701,0.999980628490448,False
syco_bullshit_v2_med_pnf_03,-C,False,40,1,0,True,True,"[-0.3133953809738159, -0.2230154275894165]","[-1.6413015127182007, -0.6067658066749573]",-2.4792703986167908,-7.5542134046554565,1.1622257232666016,3.970865488052368,3.970865249633789,3.9708828926086426,1.7642974853515625e-05,0.02398509904742241,0.158843994140625,0.9999816417694092,False
syco_bullshit_v2_med_pnf_03,-C,False,41,1,0,True,True,"[0.016341017559170723, -0.08141501247882843]","[-1.431501030921936, -0.4477749168872833]",-2.4792703986167908,-7.5542134046554565,1.2537561655044556,4.000620365142822,4.000620365142822,4.001729488372803,0.0011091232299804688,0.025424106046557426,0.16024167835712433,0.9999798536300659,False
syco_bullshit_v2_med_pnf_03,-C,False,42,1,0,True,True,"[0.1689748615026474, 0.07686492800712585]","[-1.658219575881958, -0.5146538615226746]",-2.4792703986167908,-7.5542134046554565,1.2510093450546265,3.9057106971740723,3.9057106971740723,3.9053077697753906,0.0004029273986816406,0.025191379711031914,0.15634694695472717,0.9999791979789734,False
syco_bullshit_v2_med_pnf_03,-C,False,43,1,0,True,True,"[0.1399344652891159, 0.08900203555822372]","[-1.0377750396728516, -0.352034330368042]",-2.4792703986167908,-7.5542134046554565,1.2309759855270386,4.183594703674316,4.183594703674316,4.182611465454102,0.0009832382202148438,0.02599446289241314,0.16124729812145233,0.9999806880950928,False
syco_bullshit_v2_med_pnf_03,-C,False,44,1,0,True,True,"[-0.6262348890304565, 0.24475207924842834]","[-1.0366348028182983, -0.3193154036998749]",-2.4792703986167908,-7.5542134046554565,0.7824503779411316,4.165938854217529,4.1659393310546875,4.167545795440674,0.0016064643859863281,0.026526454836130142,0.1576409786939621,0.9999799132347107,False
syco_bullshit_v2_med_pnf_03,-C,False,45,1,0,True,True,"[0.26667550206184387, 0.2856252193450928]","[-1.071620225906372, -0.3438798189163208]",-2.4792703986167908,-7.5542134046554565,1.1969774961471558,4.158107280731201,4.158106803894043,4.1556596755981445,0.0024471282958984375,0.027521315962076187,0.16496647894382477,0.9999781847000122,False
syco_bullshit_v2_med_pnf_03,-C,False,46,1,0,True,True,"[0.1458214372396469, -0.2384045124053955]","[-1.1246166229248047, -0.39192700386047363]",-2.4792703986167908,-7.5542134046554565,1.3931275606155396,4.155172824859619,4.155172348022461,4.1554131507873535,0.00024080276489257812,0.024949010461568832,0.1547463983297348,0.9999819397926331,False
syco_bullshit_v2_med_pnf_03,-C,False,47,1,0,True,True,"[0.031755026429891586, -0.09875776618719101]","[-1.5101574659347534, -0.5088682174682617]",-2.4792703986167908,-7.5542134046554565,1.2696927785873413,3.9916810989379883,3.9916813373565674,3.9919097423553467,0.00022840499877929688,0.02322590909898281,0.14454279839992523,0.9999830722808838,False
syco_bullshit_v2_med_pnf_03,-C,False,48,1,0,True,True,"[-0.09111166000366211, 0.12221375107765198]","[-1.5543253421783447, -0.5910940170288086]",-2.4792703986167908,-7.5542134046554565,1.102411150932312,4.013117790222168,4.013117790222168,4.0135369300842285,0.0004191398620605469,0.024334318935871124,0.15091073513031006,0.9999815225601196,False
syco_bullshit_v2_med_pnf_03,-C,False,49,1,0,True,True,"[-0.08274416625499725, -0.00010709837079048157]","[-1.5662041902542114, -0.5321218371391296]",-2.4792703986167908,-7.5542134046554565,1.1659927368164062,3.9707255363464355,3.9707255363464355,3.9697365760803223,0.0009889602661132812,0.023672381415963173,0.1459416002035141,0.9999822378158569,False
syco_bullshit_v2_med_pnf_03,-C,False,50,1,0,True,True,"[-0.5207382440567017, 0.5225211977958679]","[-1.2094230651855469, -0.39852169156074524]",-2.4792703986167908,-7.5542134046554565,0.6986377239227295,4.108156204223633,4.108156204223633,4.107452869415283,0.0007033348083496094,0.02643786370754242,0.15986119210720062,0.9999793171882629,False
syco_bullshit_v2_med_pnf_03,-C,False,51,1,0,True,True,"[0.33672022819519043, -0.030304936692118645]","[-0.8572696447372437, -0.4503607451915741]",-2.4792703986167908,-7.5542134046554565,1.3847590684890747,4.355313777923584,4.355313777923584,4.354660511016846,0.0006532669067382812,0.02540663816034794,0.15712802112102509,0.999983012676239,False
syco_bullshit_v2_med_pnf_03,-C,False,52,1,0,True,True,"[0.04090758413076401, 0.14640522003173828]","[-1.3713356256484985, -0.5271735787391663]",-2.4792703986167908,-7.5542134046554565,1.1548707485198975,4.088608264923096,4.088608264923096,4.087615966796875,0.0009922981262207031,0.02384447678923607,0.15017585456371307,0.9999830722808838,False
syco_bullshit_v2_med_pnf_03,-C,False,53,1,0,True,True,"[-0.45292434096336365, 0.2922629714012146]","[-1.0394243001937866, -0.4779491126537323]",-2.4792703986167908,-7.5542134046554565,0.8436535596847534,4.25917911529541,4.25917911529541,4.259350776672363,0.000171661376953125,0.02603788673877716,0.16159673035144806,0.9999814033508301,False
syco_bullshit_v2_med_pnf_03,-C,False,54,1,0,True,True,"[-0.10855512320995331, 0.24284017086029053]","[-1.3551832437515259, -0.6983176469802856]",-2.4792703986167908,-7.5542134046554565,1.0352383852005005,4.2012152671813965,4.201214790344238,4.202603816986084,0.0013890266418457031,0.024780169129371643,0.15448994934558868,0.9999827146530151,False
syco_bullshit_v2_med_pnf_03,-C,False,55,1,0,True,True,"[0.04356519132852554, 0.35488438606262207]","[-1.091339111328125, -0.5360773801803589]",-2.4792703986167908,-7.5542134046554565,1.0547360181808472,4.263244152069092,4.263244152069092,4.261850357055664,0.0013937950134277344,0.025760062038898468,0.16244284808635712,0.999981701374054,False
syco_bullshit_v2_med_pnf_03,-C,False,56,1,0,True,True,"[0.5858359932899475, 0.06685423851013184]","[-1.1900500059127808, -0.4156908392906189]",-2.4792703986167908,-7.5542134046554565,1.4586879014968872,4.130723476409912,4.130723476409912,4.130109786987305,0.0006136894226074219,0.026314575225114822,0.16517283022403717,0.9999797344207764,False
syco_bullshit_v2_med_pnf_03,-C,False,57,1,0,True,True,"[-0.35993412137031555, 0.3105395436286926]","[-1.4044761657714844, -0.5051547884941101]",-2.4792703986167908,-7.5542134046554565,0.8800026774406433,4.055725574493408,4.055725574493408,4.056898593902588,0.0011730194091796875,0.02591530606150627,0.15134088695049286,0.9999797344207764,False
syco_bullshit_v2_med_pnf_03,-C,False,58,1,0,True,True,"[-0.5126587152481079, 0.45300817489624023]","[-1.6528135538101196, -0.558054506778717]",-2.4792703986167908,-7.5542134046554565,0.7363874316215515,3.9350738525390625,3.9350738525390625,3.934293508529663,0.0007803440093994141,0.024403488263487816,0.15055277943611145,0.9999808073043823,False
syco_bullshit_v2_med_pnf_03,-C,False,59,1,0,True,True,"[-0.5694864988327026, 0.18368759751319885]","[-1.5153638124465942, -0.4749699831008911]",-2.4792703986167908,-7.5542134046554565,0.8397679328918457,3.968142509460449,3.968142509460449,3.968165159225464,2.2649765014648438e-05,0.022225061431527138,0.1404111236333847,0.9999842643737793,False
syco_bullshit_v2_med_pnf_03,-C,False,60,1,0,True,True,"[-0.8329597115516663, 0.36997169256210327]","[-1.2589319944381714, -0.5078421831130981]",-2.4792703986167908,-7.5542134046554565,0.620955228805542,4.144665241241455,4.144665241241455,4.145283222198486,0.00061798095703125,0.02730419486761093,0.16869813203811646,0.9999783039093018,False
syco_bullshit_v2_med_pnf_03,-C,False,61,1,0,True,True,"[-0.40513646602630615, 0.3099263310432434]","[-1.5934529304504395, -0.44100838899612427]",-2.4792703986167908,-7.5542134046554565,0.8583095073699951,3.899571180343628,3.899571180343628,3.9005913734436035,0.001020193099975586,0.025718167424201965,0.15731850266456604,0.9999783039093018,False
syco_bullshit_v2_med_pnf_03,-C,False,62,1,0,True,True,"[0.006349433213472366, 0.6094341278076172]","[-1.5840437412261963, -0.19148297607898712]",-2.4792703986167908,-7.5542134046554565,0.9127883315086365,3.753417491912842,3.753417491912842,3.7527496814727783,0.0006678104400634766,0.020825644955039024,0.14510054886341095,0.999984622001648,False
syco_bullshit_v2_med_pnf_03,-C,False,63,1,0,True,True,"[-0.11075018346309662, 0.18682308495044708]","[-0.9099876880645752, -0.2906220555305481]",-2.4792703986167908,-7.5542134046554565,1.0614235401153564,4.224020957946777,4.224020481109619,4.2237725257873535,0.000247955322265625,0.016951924189925194,0.13213865458965302,0.9999919533729553,False
syco_bullshit_v2_med_pnf_03,-C,False,64,1,0,True,True,"[-0.14355303347110748, 0.27567386627197266]","[-1.4278863668441772, -0.6165724992752075]",-2.4792703986167908,-7.5542134046554565,1.0022374391555786,4.108453273773193,4.108453273773193,4.109204292297363,0.0007510185241699219,0.02256740815937519,0.14226354658603668,0.9999850392341614,False
syco_bullshit_v2_sw_pnf_01,+C,False,0,77,76,True,True,"[0.6343221068382263, -0.10452750325202942]","[-1.1707565784454346, 0.4170474410057068]",5.802844047546387,8.476953744888306,2.463697910308838,6.131690979003906,6.131690979003906,6.132420539855957,0.0007295608520507812,0.02361738122999668,0.17869879305362701,0.9999925494194031,False
syco_bullshit_v2_sw_pnf_01,+C,False,1,1,0,True,True,"[0.5152707695960999, -0.11107788234949112]","[-1.5176618099212646, -0.46656933426856995]",5.802844047546387,8.476953744888306,2.5184309482574463,5.803884506225586,5.803884983062744,5.80384635925293,3.8623809814453125e-05,0.025203831493854523,0.1744735687971115,0.999990701675415,False
syco_bullshit_v2_sw_pnf_01,+C,False,2,1,0,True,True,"[-0.2229595184326172, 0.25153976678848267]","[-1.6791874170303345, -0.4798585772514343]",5.802844047546387,8.476953744888306,3.0540075302124023,5.8931474685668945,5.8931474685668945,5.8939971923828125,0.0008497238159179688,0.027018390595912933,0.1878095120191574,0.9999896287918091,False
syco_bullshit_v2_sw_pnf_01,+C,False,3,1,0,True,True,"[-0.19750137627124786, 0.23826941847801208]","[-1.202825903892517, -0.4590369760990143]",5.802844047546387,8.476953744888306,3.035165786743164,5.616748332977295,5.616748332977295,5.616820335388184,7.200241088867188e-05,0.027940526604652405,0.1855170577764511,0.9999876618385315,False
syco_bullshit_v2_sw_pnf_01,+C,False,4,1,0,True,True,"[0.4704602360725403, 0.029170915484428406]","[-1.5091922283172607, -0.7079358100891113]",5.802844047546387,8.476953744888306,2.6084647178649902,5.6514692306518555,5.6514692306518555,5.651947021484375,0.00047779083251953125,0.026146303862333298,0.1829737424850464,0.9999892711639404,False
syco_bullshit_v2_sw_pnf_01,+C,False,5,1,0,True,True,"[0.22644677758216858, 0.309122771024704]","[-1.267110824584961, -0.5552663803100586]",5.802844047546387,8.476953744888306,2.8633804321289062,5.596925258636475,5.596925258636475,5.596310138702393,0.0006151199340820312,0.02798168919980526,0.1885002851486206,0.9999875426292419,False
syco_bullshit_v2_sw_pnf_01,+C,False,6,1,0,True,True,"[1.0049405097961426, 0.025460001081228256]","[-1.3366124629974365, -0.679567813873291]",5.802844047546387,8.476953744888306,2.346627712249756,5.563210487365723,5.563210487365723,5.564586162567139,0.0013756752014160156,0.027384420856833458,0.17763277888298035,0.9999879598617554,False
syco_bullshit_v2_sw_pnf_01,+C,False,7,1,0,True,True,"[1.1353892087936401, -0.24601303040981293]","[-1.302220106124878, -0.5070591568946838]",5.802844047546387,8.476953744888306,2.151087999343872,5.646567344665527,5.646567344665527,5.645626544952393,0.0009407997131347656,0.025042785331606865,0.17714039981365204,0.9999901652336121,False
syco_bullshit_v2_sw_pnf_01,+C,False,8,1,0,True,True,"[0.8426653742790222, -0.3620452880859375]","[-1.0203081369400024, -0.8594169020652771]",5.802844047546387,8.476953744888306,2.2370502948760986,5.2626519203186035,5.2626519203186035,5.26388692855835,0.0012350082397460938,0.026646500453352928,0.17139063775539398,0.9999871850013733,False
syco_bullshit_v2_sw_pnf_01,+C,False,9,1,0,True,True,"[0.9779125452041626, -0.6718441247940063]","[-0.8242121934890747, -0.7453494668006897]",5.802844047546387,8.476953744888306,2.0205299854278564,5.2120890617370605,5.2120890617370605,5.211557388305664,0.0005316734313964844,0.02278115227818489,0.17023606598377228,0.9999905228614807,False
syco_bullshit_v2_sw_pnf_01,+C,False,10,1,0,True,True,"[1.1117180585861206, -0.5475368499755859]","[-0.37471622228622437, -0.2178112268447876]",5.802844047546387,8.476953744888306,2.01590895652771,5.259215354919434,5.259215354919434,5.260792255401611,0.0015769004821777344,0.025969259440898895,0.17929811775684357,0.9999878406524658,False
syco_bullshit_v2_sw_pnf_01,+C,False,11,1,0,True,True,"[0.979234516620636, -0.584962010383606]","[-1.1692148447036743, -0.6279116272926331]",5.802844047546387,8.476953744888306,2.0621559619903564,5.495302677154541,5.495303153991699,5.497253894805908,0.0019507408142089844,0.02556358277797699,0.1804802566766739,0.9999892711639404,False
syco_bullshit_v2_sw_pnf_01,+C,False,12,1,0,True,True,"[0.8853778839111328, -0.2894499897956848]","[-1.035277247428894, -0.6668341755867004]",5.802844047546387,8.476953744888306,2.251589059829712,5.389548301696777,5.389548301696777,5.389387607574463,0.00016069412231445312,0.02741587907075882,0.17788799107074738,0.999987006187439,False
syco_bullshit_v2_sw_pnf_01,+C,False,13,1,0,True,True,"[1.6439481973648071, -0.8441652059555054]","[-0.5236062407493591, -0.7533870339393616]",5.802844047546387,8.476953744888306,1.6126587390899658,5.023672103881836,5.023672103881836,5.021519184112549,0.0021529197692871094,0.024567199870944023,0.17806176841259003,0.9999880790710449,False
syco_bullshit_v2_sw_pnf_01,+C,False,14,1,0,True,True,"[1.3892953395843506, -0.5922051668167114]","[-0.7814837694168091, -0.3724024295806885]",5.802844047546387,8.476953744888306,1.8591322898864746,5.412302494049072,5.412302494049072,5.414314270019531,0.0020117759704589844,0.02763565443456173,0.17576085031032562,0.9999870657920837,False
syco_bullshit_v2_sw_pnf_01,+C,False,15,1,0,True,True,"[1.000473976135254, -0.7268825173377991]","[-0.8945138454437256, -0.8931052684783936]",5.802844047546387,8.476953744888306,1.9827767610549927,5.165127277374268,5.165127277374268,5.169128894805908,0.004001617431640625,0.028698641806840897,0.1762697845697403,0.999984860420227,False
syco_bullshit_v2_sw_pnf_01,+C,False,16,1,0,True,True,"[0.9985981583595276, -0.5346903800964355]","[-1.0129961967468262, -0.7171033620834351]",5.802844047546387,8.476953744888306,2.077193260192871,5.341746807098389,5.341746807098389,5.342940330505371,0.0011935234069824219,0.027246670797467232,0.18070243299007416,0.9999869465827942,False
syco_bullshit_v2_sw_pnf_01,+C,False,17,1,0,True,True,"[0.36136913299560547, -0.2051403820514679]","[-1.185414433479309, -0.7282851338386536]",5.802844047546387,8.476953744888306,2.54754376411438,5.444011688232422,5.444011211395264,5.446253299713135,0.0022420883178710938,0.026698675006628036,0.17307768762111664,0.9999879598617554,False
syco_bullshit_v2_sw_pnf_01,+C,False,18,1,0,True,True,"[0.9229445457458496, -0.1656985580921173]","[-0.8782475590705872, -0.4256143867969513]",5.802844047546387,8.476953744888306,2.2935190200805664,5.4394211769104,5.439420700073242,5.438105583190918,0.0013151168823242188,0.02847346104681492,0.18341605365276337,0.9999862313270569,False
syco_bullshit_v2_sw_pnf_01,+C,False,19,1,0,True,True,"[0.8112534284591675, -0.394523561000824]","[-1.1868277788162231, -0.732209324836731]",5.802844047546387,8.476953744888306,2.2365317344665527,5.443603038787842,5.443603038787842,5.445461750030518,0.0018587112426757812,0.029241209849715233,0.1815137267112732,0.9999856352806091,False
syco_bullshit_v2_sw_pnf_01,+C,False,20,1,0,True,True,"[0.922293484210968, -0.6806207299232483]","[-1.2464646100997925, -0.7225792407989502]",5.802844047546387,8.476953744888306,2.0433192253112793,5.484099864959717,5.484100341796875,5.485477447509766,0.001377105712890625,0.027916379272937775,0.18405066430568695,0.9999871253967285,False
syco_bullshit_v2_sw_pnf_01,+C,False,21,1,0,True,True,"[0.6853336095809937, -0.5797646045684814]","[-1.0994209051132202, -0.7544494867324829]",5.802844047546387,8.476953744888306,2.2076711654663086,5.372703552246094,5.372704029083252,5.369868755340576,0.0028352737426757812,0.026859421283006668,0.17601945996284485,0.9999877214431763,False
syco_bullshit_v2_sw_pnf_01,+C,False,22,1,0,True,True,"[0.42425337433815, -0.0843048095703125]","[-2.0429375171661377, -0.6973906755447388]",5.802844047546387,8.476953744888306,2.575737714767456,5.984377384185791,5.984376907348633,5.9847822189331055,0.00040531158447265625,0.024330193176865578,0.1800038367509842,0.999991774559021,False
syco_bullshit_v2_sw_pnf_01,+C,False,23,1,0,True,True,"[-0.3695421814918518, 0.09799861907958984]","[-1.6096057891845703, -0.7458898425102234]",5.802844047546387,8.476953744888306,3.0506222248077393,5.687952041625977,5.687951564788818,5.686746120452881,0.0012054443359375,0.02529451996088028,0.1815708577632904,0.9999901056289673,False
syco_bullshit_v2_sw_pnf_01,+C,False,24,1,0,True,True,"[0.6753255128860474, -0.019899994134902954]","[-1.6598877906799316, -0.5451040863990784]",5.802844047546387,8.476953744888306,2.484921455383301,5.843693733215332,5.843693733215332,5.844575881958008,0.0008821487426757812,0.0268818661570549,0.18554016947746277,0.99998939037323,False
syco_bullshit_v2_sw_pnf_01,+C,False,25,1,0,True,True,"[0.38164690136909485, 0.037047334015369415]","[-1.1262454986572266, -0.47897693514823914]",5.802844047546387,8.476953744888306,2.655505418777466,5.557491779327393,5.557491779327393,5.5567946434021,0.0006971359252929688,0.0275916438549757,0.1877436637878418,0.9999877214431763,False
syco_bullshit_v2_sw_pnf_01,+C,False,26,1,0,True,True,"[1.2132338285446167, -0.3446226119995117]","[-1.1062829494476318, -0.48330390453338623]",5.802844047546387,8.476953744888306,2.0652406215667725,5.543057918548584,5.543057918548584,5.542266368865967,0.0007915496826171875,0.0264600720256567,0.18158425390720367,0.9999884963035583,False
syco_bullshit_v2_sw_pnf_01,+C,False,27,1,0,True,True,"[0.5871725082397461, -0.25093579292297363]","[-1.4299876689910889, -0.6025164127349854]",5.802844047546387,8.476953744888306,2.415407419204712,5.666616916656494,5.666616916656494,5.669981479644775,0.00336456298828125,0.02508741244673729,0.17511408030986786,0.9999903440475464,False
syco_bullshit_v2_sw_pnf_01,+C,False,28,1,0,True,True,"[0.9635300040245056, -0.847822904586792]","[-0.970847487449646, -0.6960911750793457]",5.802844047546387,8.476953744888306,1.9419113397598267,5.329556941986084,5.329556941986084,5.326385974884033,0.0031709671020507812,0.03012552112340927,0.18167220056056976,0.9999842047691345,False
syco_bullshit_v2_sw_pnf_01,+C,False,29,1,0,True,True,"[1.4304677248001099, -0.39286676049232483]","[-0.8636684417724609, -0.7408879995346069]",5.802844047546387,8.476953744888306,1.936082124710083,5.238687992095947,5.238687992095947,5.238041877746582,0.0006461143493652344,0.027548788115382195,0.17869088053703308,0.9999862909317017,False
syco_bullshit_v2_sw_pnf_01,+C,False,30,1,0,True,True,"[1.2494282722473145, -0.3197796940803528]","[-0.48142141103744507, -0.16948220133781433]",5.802844047546387,8.476953744888306,2.059717893600464,5.3519086837768555,5.3519086837768555,5.354985237121582,0.0030765533447265625,0.02622232586145401,0.18366645276546478,0.9999881982803345,False
syco_bullshit_v2_sw_pnf_01,+C,False,31,1,0,True,True,"[0.7948712706565857, -0.9274009466171265]","[-1.2287263870239258, -0.5436521172523499]",5.802844047546387,8.476953744888306,1.9852503538131714,5.580469131469727,5.580469131469727,5.58087158203125,0.0004024505615234375,0.024239517748355865,0.17756788432598114,0.9999905824661255,False
syco_bullshit_v2_sw_pnf_01,+C,False,32,1,0,True,True,"[0.370353102684021, -0.08083780109882355]","[-1.3166433572769165, -0.6496018767356873]",5.802844047546387,8.476953744888306,2.603647470474243,5.570964813232422,5.570964813232422,5.573099613189697,0.0021347999572753906,0.027903327718377113,0.1862391233444214,0.9999874830245972,False
syco_bullshit_v2_sw_pnf_01,+C,False,33,1,0,True,True,"[0.6304803490638733, 0.26437586545944214]","[-1.2822668552398682, -0.6250898241996765]",5.802844047546387,8.476953744888306,2.645043134689331,5.5636515617370605,5.5636515617370605,5.564123153686523,0.0004715919494628906,0.027985433116555214,0.18623177707195282,0.9999873042106628,False
syco_bullshit_v2_sw_pnf_01,+C,False,34,1,0,True,True,"[0.9328625202178955, -0.4517833888530731]","[-1.0363361835479736, -0.6258367896080017]",5.802844047546387,8.476953744888306,2.1495096683502197,5.4140424728393555,5.4140424728393555,5.41574764251709,0.001705169677734375,0.02535979263484478,0.17580373585224152,0.9999890923500061,False
syco_bullshit_v2_sw_pnf_01,+C,False,35,1,0,True,True,"[1.0696948766708374, -0.876599133014679]","[-0.5110401511192322, -1.131842851638794]",5.802844047546387,8.476953744888306,1.876260757446289,4.784524440765381,4.784524440765381,4.78322696685791,0.0012974739074707031,0.02396921068429947,0.1759604960680008,0.9999874830245972,False
syco_bullshit_v2_sw_pnf_01,+C,False,36,1,0,True,True,"[0.27203303575515747, -0.029385238885879517]","[-1.028847098350525, -0.9681521654129028]",5.802844047546387,8.476953744888306,2.676513671875,5.202498435974121,5.202498435974121,5.2016682624816895,0.0008301734924316406,0.02699040248990059,0.17788560688495636,0.9999866485595703,False
syco_bullshit_v2_sw_pnf_01,+C,False,37,1,0,True,True,"[0.48362216353416443, -0.20324167609214783]","[-0.7596708536148071, -0.7303025722503662]",5.802844047546387,8.476953744888306,2.4889895915985107,5.181895732879639,5.181895732879639,5.179291725158691,0.0026040077209472656,0.02713548019528389,0.18065904080867767,0.9999864101409912,False
syco_bullshit_v2_sw_pnf_01,+C,False,38,1,0,True,True,"[0.22865906357765198, -0.17180784046649933]","[-1.322948932647705, -0.7943951487541199]",5.802844047546387,8.476953744888306,2.6283254623413086,5.487307071685791,5.487307071685791,5.487119674682617,0.00018739700317382812,0.026517163962125778,0.1871025711297989,0.9999882578849792,False
syco_bullshit_v2_sw_pnf_01,+C,False,39,1,0,True,True,"[0.01297672837972641, 0.1330627202987671]","[-1.3828476667404175, -0.8187772035598755]",5.802844047546387,8.476953744888306,2.8815810680389404,5.506968975067139,5.506968975067139,5.504385948181152,0.002583026885986328,0.026577791199088097,0.18413595855236053,0.9999884366989136,False
syco_bullshit_v2_sw_pnf_01,+C,False,40,1,0,True,True,"[0.9253193140029907, -0.4589513838291168]","[-0.7737030386924744, -0.8032156229019165]",5.802844047546387,8.476953744888306,2.1496922969818115,5.145482540130615,5.145482540130615,5.144935607910156,0.0005469322204589844,0.023146837949752808,0.1765035092830658,0.9999898672103882,False
syco_bullshit_v2_sw_pnf_01,+C,False,41,1,0,True,True,"[0.9621005654335022, -0.7105540037155151]","[-1.1197682619094849, -0.6043868064880371]",5.802844047546387,8.476953744888306,2.009389877319336,5.476163864135742,5.476163864135742,5.473541736602783,0.0026221275329589844,0.025657054036855698,0.17328910529613495,0.9999890923500061,False
syco_bullshit_v2_sw_pnf_01,+C,False,42,1,0,True,True,"[0.8859703540802002, -0.8152400255203247]","[-1.2347962856292725, -0.7809880971908569]",5.802844047546387,8.476953744888306,1.9954969882965088,5.440304279327393,5.440304279327393,5.441729545593262,0.0014252662658691406,0.028454041108489037,0.17795903980731964,0.9999864101409912,False
syco_bullshit_v2_sw_pnf_01,+C,False,43,1,0,True,True,"[0.7929074168205261, -0.3260379433631897]","[-1.7293084859848022, -0.8121570944786072]",5.802844047546387,8.476953744888306,2.2787764072418213,5.723640441894531,5.7236409187316895,5.723672389984131,3.147125244140625e-05,0.024743003770709038,0.17927531898021698,0.999990701675415,False
syco_bullshit_v2_sw_pnf_01,+C,False,44,1,0,True,True,"[1.2469334602355957, -0.24156318604946136]","[-0.9828667640686035, -0.7347827553749084]",5.802844047546387,8.476953744888306,2.098984956741333,5.31343412399292,5.31343412399292,5.3143205642700195,0.0008864402770996094,0.028311289846897125,0.18479816615581512,0.9999858140945435,False
syco_bullshit_v2_sw_pnf_01,+C,False,45,1,0,True,True,"[0.9475709199905396, -0.4837433397769928]","[-0.9213732481002808, -0.6118804812431335]",5.802844047546387,8.476953744888306,2.126804828643799,5.3516154289245605,5.3516154289245605,5.3519744873046875,0.0003590583801269531,0.0252382829785347,0.1753072589635849,0.9999890327453613,False
syco_bullshit_v2_sw_pnf_01,+C,False,46,1,0,True,True,"[0.9272617697715759, -0.8433063626289368]","[-0.6343653798103333, -0.8396066427230835]",5.802844047546387,8.476953744888306,1.9617537260055542,5.038196563720703,5.038196563720703,5.04037618637085,0.0021796226501464844,0.02776353247463703,0.17056982219219208,0.9999849200248718,False
syco_bullshit_v2_sw_pnf_01,+C,False,47,1,0,True,True,"[1.161934494972229, -0.40529492497444153]","[-0.9043564796447754, -0.6492756605148315]",5.802844047546387,8.476953744888306,2.060680627822876,5.318410396575928,5.318410396575928,5.316807270050049,0.0016031265258789062,0.026253586634993553,0.17375339567661285,0.999987781047821,False
syco_bullshit_v2_sw_pnf_01,+C,False,48,1,0,True,True,"[0.7784812450408936, -0.3319452404975891]","[-0.9615359902381897, -0.8735878467559814]",5.802844047546387,8.476953744888306,2.282921075820923,5.2189459800720215,5.2189459800720215,5.218796253204346,0.00014972686767578125,0.02772613987326622,0.1738148033618927,0.999985933303833,False
syco_bullshit_v2_sw_pnf_01,+C,False,49,1,0,True,True,"[0.24637362360954285, -0.0380702018737793]","[-1.1322553157806396, -0.5566380023956299]",5.802844047546387,8.476953744888306,2.68477201461792,5.514937877655029,5.514937877655029,5.512386322021484,0.002551555633544922,0.026020191609859467,0.18140269815921783,0.9999889731407166,False
syco_bullshit_v2_sw_pnf_01,+C,False,50,1,0,True,True,"[0.5171576738357544, 0.041625939309597015]","[-1.0047197341918945, -0.691590428352356]",5.802844047546387,8.476953744888306,2.5918054580688477,5.351681709289551,5.351681709289551,5.352731227874756,0.0010495185852050781,0.027694089338183403,0.18283627927303314,0.9999866485595703,False
syco_bullshit_v2_sw_pnf_01,+C,False,51,1,0,True,True,"[0.04498899728059769, 0.17049634456634521]","[-1.0050575733184814, -0.6000730395317078]",5.802844047546387,8.476953744888306,2.884218454360962,5.409701347351074,5.409701347351074,5.409148693084717,0.0005526542663574219,0.02799113094806671,0.17355361580848694,0.9999866485595703,False
syco_bullshit_v2_sw_pnf_01,+C,False,52,1,0,True,True,"[0.21497842669487, 0.20262613892555237]","[-1.1483765840530396, -0.48438501358032227]",5.802844047546387,8.476953744888306,2.817147970199585,5.5667901039123535,5.5667901039123535,5.567631244659424,0.0008411407470703125,0.02738790214061737,0.18522028625011444,0.9999879598617554,False
syco_bullshit_v2_sw_pnf_01,+C,False,53,1,0,True,True,"[-0.25019240379333496, 0.7086799144744873]","[-1.5323266983032227, -0.5138805508613586]",5.802844047546387,8.476953744888306,3.289661169052124,5.785385608673096,5.785385608673096,5.7838239669799805,0.0015616416931152344,0.027815502136945724,0.1921444535255432,0.9999884963035583,False
syco_bullshit_v2_sw_pnf_01,+C,False,54,1,0,True,True,"[0.6058904528617859, 0.29885953664779663]","[-1.093745231628418, -0.6464507579803467]",5.802844047546387,8.476953744888306,2.673783302307129,5.433663368225098,5.433663368225098,5.433329105377197,0.0003342628479003906,0.02787773869931698,0.18638379871845245,0.9999868273735046,False
syco_bullshit_v2_sw_pnf_01,+C,False,55,1,0,True,True,"[0.4195166230201721, 0.10594096034765244]","[-1.125244379043579, -0.20847171545028687]",5.802844047546387,8.476953744888306,2.6705992221832275,5.7210493087768555,5.721048831939697,5.720670700073242,0.0003781318664550781,0.025405386462807655,0.18709833920001984,0.9999901056289673,False
syco_bullshit_v2_sw_pnf_01,+C,False,56,1,0,True,True,"[0.6397125124931335, 0.1114644855260849]","[-0.7178053259849548, -0.32444632053375244]",5.802844047546387,8.476953744888306,2.5661582946777344,5.403957843780518,5.403957843780518,5.402926445007324,0.0010313987731933594,0.024144167080521584,0.17500247061252594,0.9999899864196777,False
syco_bullshit_v2_sw_pnf_01,+C,False,57,1,0,True,True,"[0.20380617678165436, 0.2983729839324951]","[-1.2392096519470215, -0.5071342587471008]",5.802844047546387,8.476953744888306,2.8691656589508057,5.610219955444336,5.610219955444336,5.6106367111206055,0.00041675567626953125,0.02635980397462845,0.1808798611164093,0.9999889135360718,False
syco_bullshit_v2_sw_pnf_01,+C,False,58,1,0,True,True,"[0.11862857639789581, 0.39766931533813477]","[-1.3378735780715942, -0.5866270065307617]",5.802844047546387,8.476953744888306,2.9589145183563232,5.62119722366333,5.62119722366333,5.620580196380615,0.0006170272827148438,0.02389676682651043,0.18053820729255676,0.9999909400939941,False
syco_bullshit_v2_sw_pnf_01,+C,False,59,1,0,True,True,"[0.3907596170902252, 0.3351852297782898]","[-1.3262041807174683, -0.4793030917644501]",5.802844047546387,8.476953744888306,2.7961199283599854,5.679556369781494,5.679556369781494,5.680877208709717,0.0013208389282226562,0.02553393878042698,0.18596473336219788,0.9999899864196777,False
syco_bullshit_v2_sw_pnf_01,+C,False,60,1,0,True,True,"[0.9265900254249573, -0.262282133102417]","[-0.812609076499939, -0.7144194841384888]",5.802844047546387,8.476953744888306,2.244755983352661,5.222297191619873,5.222297191619873,5.224399566650391,0.002102375030517578,0.02673063613474369,0.16866733133792877,0.999987006187439,False
syco_bullshit_v2_sw_pnf_01,+C,False,61,1,0,True,True,"[0.006791679188609123, 0.06016426160931587]","[-0.8871119618415833, -0.31661930680274963]",5.802844047546387,8.476953744888306,2.849123954772949,5.511917591094971,5.511917591094971,5.512401580810547,0.0004839897155761719,0.02054472826421261,0.152327761054039,0.999993085861206,False
syco_bullshit_v2_sw_pnf_01,+C,False,62,1,0,True,True,"[0.4959777593612671, -0.09228739887475967]","[-1.4666804075241089, -0.8194364309310913]",5.802844047546387,8.476953744888306,2.536958932876587,5.557040691375732,5.557040691375732,5.556675910949707,0.0003647804260253906,0.023292236030101776,0.16532179713249207,0.9999912977218628,False
syco_bullshit_v2_sw_pnf_01,-C,False,0,77,76,True,True,"[0.6343221068382263, -0.10452750325202942]","[-1.1707565784454346, 0.4170474410057068]",-2.4792703986167908,-7.5542134046554565,1.5656564235687256,3.6335482597351074,3.6335484981536865,3.6347713470458984,0.001222848892211914,0.02002718672156334,0.13966530561447144,0.999984860420227,False
syco_bullshit_v2_sw_pnf_01,-C,False,1,1,0,True,True,"[0.5152707695960999, -0.11107788234949112]","[-1.5176618099212646, -0.46656933426856995]",-2.4792703986167908,-7.5542134046554565,1.5109233856201172,3.959735631942749,3.959735631942749,3.9601688385009766,0.00043320655822753906,0.02268044278025627,0.1456587314605713,0.9999836087226868,False
syco_bullshit_v2_sw_pnf_01,-C,False,2,1,0,True,True,"[-0.2229595184326172, 0.25153976678848267]","[-1.6791874170303345, -0.4798585772514343]",-2.4792703986167908,-7.5542134046554565,0.9753468036651611,3.872946262359619,3.872946262359619,3.87337064743042,0.00042438507080078125,0.026070574298501015,0.15624387562274933,0.9999772906303406,False
syco_bullshit_v2_sw_pnf_01,-C,False,3,1,0,True,True,"[-0.19750137627124786, 0.23826941847801208]","[-1.202825903892517, -0.4590369760990143]",-2.4792703986167908,-7.5542134046554565,0.994188666343689,4.149313449859619,4.149313449859619,4.147953987121582,0.0013594627380371094,0.026446474716067314,0.16258840262889862,0.9999797344207764,False
syco_bullshit_v2_sw_pnf_01,-C,False,4,1,0,True,True,"[0.4704602360725403, 0.029170915484428406]","[-1.5091922283172607, -0.7079358100891113]",-2.4792703986167908,-7.5542134046554565,1.4208894968032837,4.114691734313965,4.114692211151123,4.114034652709961,0.0006575584411621094,0.025946637615561485,0.15896160900592804,0.9999802112579346,False
syco_bullshit_v2_sw_pnf_01,-C,False,5,1,0,True,True,"[0.22644677758216858, 0.309122771024704]","[-1.267110824584961, -0.5552663803100586]",-2.4792703986167908,-7.5542134046554565,1.1659737825393677,4.168404579162598,4.168405055999756,4.168066501617432,0.00033855438232421875,0.026874328032135963,0.16617965698242188,0.9999792575836182,False
syco_bullshit_v2_sw_pnf_01,-C,False,6,1,0,True,True,"[1.0049405097961426, 0.025460001081228256]","[-1.3366124629974365, -0.679567813873291]",-2.4792703986167908,-7.5542134046554565,1.6827263832092285,4.2017598152160645,4.2017598152160645,4.200575828552246,0.0011839866638183594,0.02486221119761467,0.15636010468006134,0.9999825358390808,False
syco_bullshit_v2_sw_pnf_01,-C,False,7,1,0,True,True,"[1.1353892087936401, -0.24601303040981293]","[-1.302220106124878, -0.5070591568946838]",-2.4792703986167908,-7.5542134046554565,1.878266453742981,4.118760585784912,4.118760585784912,4.117341041564941,0.0014195442199707031,0.025839388370513916,0.15326841175556183,0.9999804496765137,False
syco_bullshit_v2_sw_pnf_01,-C,False,8,1,0,True,True,"[0.4454399347305298, 0.284176230430603]","[-1.2978557348251343, -0.09063823521137238]",-2.4792703986167908,-7.5542134046554565,1.2846535444259644,3.865525722503662,3.865525722503662,3.8667876720428467,0.0012619495391845703,0.025244249030947685,0.15013135969638824,0.9999787211418152,False
syco_bullshit_v2_sw_pnf_01,-C,False,9,1,0,True,True,"[0.6457529664039612, -0.0724174827337265]","[-0.521941602230072, -0.4295637905597687]",-2.4792703986167908,-7.5542134046554565,1.5555957555770874,4.545362949371338,4.545362949371338,4.543960094451904,0.0014028549194335938,0.022942928597331047,0.1657113879919052,0.9999874234199524,False
syco_bullshit_v2_sw_pnf_01,-C,False,10,1,0,True,True,"[0.4836357533931732, 0.39109331369400024]","[-0.5253563523292542, 0.014320842921733856]",-2.4792703986167908,-7.5542134046554565,1.2512197494506836,4.2733306884765625,4.2733306884765625,4.272786617279053,0.0005440711975097656,0.022561829537153244,0.16555094718933105,0.9999861717224121,False
syco_bullshit_v2_sw_pnf_01,-C,False,11,1,0,True,True,"[0.28484758734703064, 0.6763724684715271]","[-1.0065712928771973, -0.32441991567611694]",-2.4792703986167908,-7.5542134046554565,1.0157148838043213,4.18386173248291,4.18386173248291,4.183706283569336,0.00015544891357421875,0.020898744463920593,0.1578657627105713,0.9999876022338867,False
syco_bullshit_v2_sw_pnf_01,-C,False,12,1,0,True,True,"[0.7603989839553833, -0.030659902840852737]","[-1.1357510089874268, -0.8120215535163879]",-2.4792703986167908,-7.5542134046554565,1.5910570621490479,4.405037879943848,4.405037879943848,4.404605388641357,0.0004324913024902344,0.025278443470597267,0.15906445682048798,0.999983549118042,False
syco_bullshit_v2_sw_pnf_01,-C,False,13,1,0,True,True,"[0.6812485456466675, -0.06808033585548401]","[-0.9588760137557983, -0.6327082514762878]",-2.4792703986167908,-7.5542134046554565,1.5707547664642334,4.404342174530029,4.404342174530029,4.405197620391846,0.0008554458618164062,0.02626819722354412,0.15818795561790466,0.9999822378158569,False
syco_bullshit_v2_sw_pnf_01,-C,False,14,1,0,True,True,"[-0.12547986209392548, 0.19866538047790527]","[-0.8613633513450623, -0.7711994051933289]",-2.4792703986167908,-7.5542134046554565,1.048495888710022,4.546365261077881,4.546365261077881,4.54479455947876,0.0015707015991210938,0.024695849046111107,0.15197770297527313,0.99998539686203,False
syco_bullshit_v2_sw_pnf_01,-C,False,15,1,0,True,True,"[0.030281107872724533, -0.030578553676605225]","[-2.0136945247650146, -1.1354323625564575]",-2.4792703986167908,-7.5542134046554565,1.2358057498931885,4.0677032470703125,4.067702770233154,4.066561222076416,0.0011415481567382812,0.024118591099977493,0.16060779988765717,0.9999823570251465,False
syco_bullshit_v2_sw_pnf_01,-C,False,16,1,0,True,True,"[0.5117688179016113, 0.23017531633377075]","[-1.4406574964523315, -0.4352227449417114]",-2.4792703986167908,-7.5542134046554565,1.3431955575942993,3.9888226985931396,3.9888226985931396,3.9891514778137207,0.0003287792205810547,0.024097956717014313,0.15431024134159088,0.9999817609786987,False
syco_bullshit_v2_sw_pnf_01,-C,False,17,1,0,True,True,"[0.11602180451154709, 0.34470033645629883]","[-0.9769018888473511, -0.4002181589603424]",-2.4792703986167908,-7.5542134046554565,1.0949417352676392,4.248883247375488,4.248883247375488,4.249300956726074,0.0004177093505859375,0.025821300223469734,0.16002313792705536,0.9999815225601196,False
syco_bullshit_v2_sw_pnf_01,-C,False,18,1,0,True,True,"[0.4337886571884155, 0.6429288387298584]","[-1.0472763776779175, -0.2812660038471222]",-2.4792703986167908,-7.5542134046554565,1.1044472455978394,4.134253978729248,4.134253978729248,4.13364315032959,0.0006108283996582031,0.025114938616752625,0.16079261898994446,0.9999815225601196,False
syco_bullshit_v2_sw_pnf_01,-C,False,19,1,0,True,True,"[0.431763231754303, 0.21652987599372864]","[-1.2162141799926758, -0.1399485021829605]",-2.4792703986167908,-7.5542134046554565,1.3109103441238403,3.9449830055236816,3.94498348236084,3.9442765712738037,0.0007069110870361328,0.023791469633579254,0.1488306075334549,0.9999818801879883,False
syco_bullshit_v2_sw_pnf_01,-C,False,20,1,0,True,True,"[0.32459208369255066, -0.017277831211686134]","[-1.2122865915298462, -0.7529774904251099]",-2.4792703986167908,-7.5542134046554565,1.3725206851959229,4.324809551239014,4.324809551239014,4.324463844299316,0.0003457069396972656,0.02344878949224949,0.1516023427248001,0.9999853372573853,False
syco_bullshit_v2_sw_pnf_01,-C,False,21,1,0,True,True,"[-0.36810600757598877, 0.714954137802124]","[-0.8381689190864563, -0.16684485971927643]",-2.4792703986167908,-7.5542134046554565,0.6792741417884827,4.192332744598389,4.192332744598389,4.193814277648926,0.0014815330505371094,0.021511880680918694,0.15996168553829193,0.9999868869781494,False
syco_bullshit_v2_sw_pnf_01,-C,False,22,1,0,True,True,"[-0.131055548787117, 0.3102481961250305]","[-1.6073980331420898, -0.3289342522621155]",-2.4792703986167908,-7.5542134046554565,0.9914968013763428,3.824815273284912,3.824815273284912,3.8255839347839355,0.0007686614990234375,0.02291002869606018,0.15057770907878876,0.9999821186065674,False
syco_bullshit_v2_sw_pnf_01,-C,False,23,1,0,True,True,"[-0.43044450879096985, 0.5884033441543579]","[-1.3508968353271484, -0.3253454864025116]",-2.4792703986167908,-7.5542134046554565,0.71051424741745,3.9754109382629395,3.9754109382629395,3.975004196166992,0.0004067420959472656,0.02515752613544464,0.14549042284488678,0.9999799728393555,False
syco_bullshit_v2_sw_pnf_01,-C,False,24,1,0,True,True,"[-0.6191458702087402, 0.7844690084457397]","[-1.8895121812820435, -0.35270363092422485]",-2.4792703986167908,-7.5542134046554565,0.5233201384544373,3.664776086807251,3.66477632522583,3.66552472114563,0.0007483959197998047,0.025160228833556175,0.15411007404327393,0.9999765157699585,False
syco_bullshit_v2_sw_pnf_01,-C,False,25,1,0,True,True,"[-0.5782182812690735, 0.623441755771637]","[-1.5537891387939453, -0.1785145252943039]",-2.4792703986167908,-7.5542134046554565,0.621573805809021,3.7614521980285645,3.7614519596099854,3.761776924133301,0.0003249645233154297,0.02601340413093567,0.15413014590740204,0.9999759793281555,False
syco_bullshit_v2_sw_pnf_01,-C,False,26,1,0,True,True,"[0.018982507288455963, 0.8887948989868164]","[-1.4634069204330444, -0.6216940879821777]",-2.4792703986167908,-7.5542134046554565,0.783021867275238,4.091074466705322,4.091074466705322,4.091139793395996,6.532669067382812e-05,0.025849463418126106,0.1627955585718155,0.999980092048645,False
syco_bullshit_v2_sw_pnf_01,-C,False,27,1,0,True,True,"[-0.26926389336586, 0.2842932343482971]","[-1.7262519598007202, -0.6635781526565552]",-2.4792703986167908,-7.5542134046554565,0.9368840456008911,3.9525680541992188,3.9525680541992188,3.9510140419006348,0.0015540122985839844,0.02392272837460041,0.15287110209465027,0.9999818205833435,False
syco_bullshit_v2_sw_pnf_01,-C,False,28,1,0,True,True,"[-0.5167993307113647, 0.13407102227210999]","[-1.5489027500152588, -0.5495730638504028]",-2.4792703986167908,-7.5542134046554565,0.8895399570465088,3.992748737335205,3.992748737335205,3.9923245906829834,0.0004241466522216797,0.025195304304361343,0.16074135899543762,0.999980092048645,False
syco_bullshit_v2_sw_pnf_01,-C,False,29,1,0,True,True,"[-0.6479058861732483, 0.7649422883987427]","[-1.5880749225616455, -0.39368417859077454]",-2.4792703986167908,-7.5542134046554565,0.5188280344009399,3.872917413711548,3.8729171752929688,3.872389316558838,0.0005278587341308594,0.025800583884119987,0.15723265707492828,0.9999777674674988,False
syco_bullshit_v2_sw_pnf_01,-C,False,30,1,0,True,True,"[-0.2463095784187317, 0.4556596577167511]","[-1.6141632795333862, -0.4388734996318817]",-2.4792703986167908,-7.5542134046554565,0.8646796941757202,3.886070966720581,3.886070966720581,3.8868186473846436,0.0007476806640625,0.026699811220169067,0.1559150516986847,0.9999764561653137,False
syco_bullshit_v2_sw_pnf_01,-C,False,31,1,0,True,True,"[0.3510887026786804, 0.5150012969970703]","[-1.0077933073043823, -0.24751456081867218]",-2.4792703986167908,-7.5542134046554565,1.1264511346817017,4.139597415924072,4.139597415924072,4.1404924392700195,0.0008950233459472656,0.026344018056988716,0.16173680126667023,0.9999797940254211,False
syco_bullshit_v2_sw_pnf_01,-C,False,32,1,0,True,True,"[0.050236403942108154, 0.7287315130233765]","[-1.035024642944336, -0.4067331850528717]",-2.4792703986167908,-7.5542134046554565,0.8761001229286194,4.218310832977295,4.218310832977295,4.2179670333862305,0.0003437995910644531,0.02531283162534237,0.16504605114459991,0.9999819993972778,False
syco_bullshit_v2_sw_pnf_01,-C,False,33,1,0,True,True,"[0.24595798552036285, 0.35404670238494873]","[-1.0088480710983276, -0.891470730304718]",-2.4792703986167908,-7.5542134046554565,1.153610110282898,4.529566764831543,4.529566764831543,4.530107021331787,0.0005402565002441406,0.02747701294720173,0.16763179004192352,0.9999816417694092,False
syco_bullshit_v2_sw_pnf_01,-C,False,34,1,0,True,True,"[-0.33657634258270264, 0.6568600535392761]","[-1.2446038722991943, -0.534467339515686]",-2.4792703986167908,-7.5542134046554565,0.7228772640228271,4.170176982879639,4.170176982879639,4.172542572021484,0.002365589141845703,0.026259617879986763,0.16035406291484833,0.9999803304672241,False
syco_bullshit_v2_sw_pnf_01,-C,False,35,1,0,True,True,"[-0.08158454298973083, 0.9873113632202148]","[-1.3816932439804077, -0.07224737852811813]",-2.4792703986167908,-7.5542134046554565,0.6861652135848999,3.80594801902771,3.80594801902771,3.806053638458252,0.00010561943054199219,0.025169141590595245,0.15993569791316986,0.9999781847000122,False
syco_bullshit_v2_sw_pnf_01,-C,False,36,1,0,True,True,"[0.4417951703071594, 0.31732603907585144]","[-0.6083390712738037, -0.06259671598672867]",-2.4792703986167908,-7.5542134046554565,1.2667524814605713,4.267831325531006,4.267831325531006,4.267453670501709,0.000377655029296875,0.026980210095643997,0.17028158903121948,0.999980092048645,False
syco_bullshit_v2_sw_pnf_01,-C,False,37,1,0,True,True,"[0.44826260209083557, 0.1270586997270584]","[-1.0827374458312988, -0.5739778280258179]",-2.4792703986167908,-7.5542134046554565,1.36246657371521,4.289495468139648,4.28949499130249,4.288455963134766,0.0010390281677246094,0.021019622683525085,0.1556953638792038,0.9999879598617554,False
syco_bullshit_v2_sw_pnf_01,-C,False,38,1,0,True,True,"[0.156401589512825, -0.10283108055591583]","[-1.2799041271209717, -0.4217674136161804]",-2.4792703986167908,-7.5542134046554565,1.3323167562484741,4.080777645111084,4.080777645111084,4.081642150878906,0.0008645057678222656,0.026711037382483482,0.15561480820178986,0.9999786019325256,False
syco_bullshit_v2_sw_pnf_01,-C,False,39,1,0,True,True,"[0.025977902114391327, 0.2247353196144104]","[-1.2434831857681274, -0.36544036865234375]",-2.4792703986167908,-7.5542134046554565,1.1094986200332642,4.0679473876953125,4.067947864532471,4.067578315734863,0.0003695487976074219,0.02539070136845112,0.15435993671417236,0.9999806880950928,False
syco_bullshit_v2_sw_pnf_01,-C,False,40,1,0,True,True,"[0.19508126378059387, -0.17916828393936157]","[-1.7920451164245605, -1.050522804260254]",-2.4792703986167908,-7.5542134046554565,1.38827383518219,4.150862693786621,4.150862693786621,4.151342391967773,0.00047969818115234375,0.025933677330613136,0.15666994452476501,0.9999804496765137,False
syco_bullshit_v2_sw_pnf_01,-C,False,41,1,0,True,True,"[-0.04555312544107437, 0.02116475999355316]","[-1.5032631158828735, -0.7262899875640869]",-2.4792703986167908,-7.5542134046554565,1.1737375259399414,4.12954044342041,4.12954044342041,4.13026762008667,0.0007271766662597656,0.026726510375738144,0.16249854862689972,0.9999791979789734,False
syco_bullshit_v2_sw_pnf_01,-C,False,42,1,0,True,True,"[0.2537863850593567, 0.4036756455898285]","[-1.2589768171310425, -0.3319002687931061]",-2.4792703986167908,-7.5542134046554565,1.1332736015319824,4.035901069641113,4.0359015464782715,4.036317348480225,0.000415802001953125,0.026818878948688507,0.1618507355451584,0.9999780654907227,False
syco_bullshit_v2_sw_pnf_01,-C,False,43,1,0,True,True,"[0.11098257452249527, -0.2849920988082886]","[-0.7966572046279907, -0.17563052475452423]",-2.4792703986167908,-7.5542134046554565,1.3988434076309204,4.2231950759887695,4.2231950759887695,4.224131107330322,0.0009360313415527344,0.021058091893792152,0.15652363002300262,0.9999876022338867,False
syco_bullshit_v2_sw_pnf_01,-C,False,44,1,0,True,True,"[0.27385663986206055, 0.09420011192560196]","[-1.3655213117599487, -0.4538126587867737]",-2.4792703986167908,-7.5542134046554565,1.2936018705368042,4.044085502624512,4.044085502624512,4.042959213256836,0.0011262893676757812,0.023955024778842926,0.14726872742176056,0.9999825358390808,False
syco_bullshit_v2_sw_pnf_01,-C,False,45,1,0,True,True,"[0.12246713787317276, 0.0681857317686081]","[-1.0651557445526123, -0.5222828388214111]",-2.4792703986167908,-7.5542134046554565,1.2326053380966187,4.26992130279541,4.26992130279541,4.270777702331543,0.0008563995361328125,0.02439962513744831,0.14996542036533356,0.9999837875366211,False
syco_bullshit_v2_sw_pnf_01,-C,False,46,1,0,True,True,"[0.16852352023124695, -0.36955133080482483]","[-1.0928630828857422, -0.503467321395874]",-2.4792703986167908,-7.5542134046554565,1.4679769277572632,4.242038726806641,4.242038726806641,4.242550373077393,0.0005116462707519531,0.02517077885568142,0.16234427690505981,0.9999825358390808,False
syco_bullshit_v2_sw_pnf_01,-C,False,47,1,0,True,True,"[-0.038942739367485046, -0.21479807794094086]","[-1.7330594062805176, -0.6680091619491577]",-2.4792703986167908,-7.5542134046554565,1.291752576828003,3.9525527954101562,3.9525527954101562,3.950873851776123,0.0016789436340332031,0.024026138707995415,0.14796733856201172,0.9999816417694092,False
syco_bullshit_v2_sw_pnf_01,-C,False,48,1,0,True,True,"[-0.22339090704917908, 0.07520810514688492]","[-1.709458351135254, -0.397542268037796]",-2.4792703986167908,-7.5542134046554565,1.0609245300292969,3.804370880126953,3.804370641708374,3.8055567741394043,0.0011861324310302734,0.024297039955854416,0.14910511672496796,0.9999796152114868,False
syco_bullshit_v2_sw_pnf_01,-C,False,49,1,0,True,True,"[0.10993758589029312, 0.21796061098575592]","[-1.6269325017929077, -0.6619659662246704]",-2.4792703986167908,-7.5542134046554565,1.153642177581787,4.013615608215332,4.013615608215332,4.013704299926758,8.869171142578125e-05,0.02366648241877556,0.1558382511138916,0.9999825358390808,False
syco_bullshit_v2_sw_pnf_01,-C,False,50,1,0,True,True,"[0.007592662703245878, -0.12093736231327057]","[-1.6986064910888672, -0.5604878664016724]",-2.4792703986167908,-7.5542134046554565,1.2687281370162964,3.909418821334839,3.909419059753418,3.909620523452759,0.0002014636993408203,0.023367062211036682,0.15024615824222565,0.9999822378158569,False
syco_bullshit_v2_sw_pnf_01,-C,False,51,1,0,True,True,"[-0.08725757151842117, 0.02012159302830696]","[-1.262143611907959, -0.6240537166595459]",-2.4792703986167908,-7.5542134046554565,1.153955340385437,4.211964130401611,4.211964130401611,4.211225986480713,0.0007381439208984375,0.02408602461218834,0.15426824986934662,0.9999836683273315,False
syco_bullshit_v2_sw_pnf_01,-C,False,52,1,0,True,True,"[0.18065346777439117, -0.15712939202785492]","[-1.503352165222168, -0.6884303092956543]",-2.4792703986167908,-7.5542134046554565,1.3705323934555054,4.105837821960449,4.105837821960449,4.105532169342041,0.0003056526184082031,0.02414090186357498,0.15005533397197723,0.9999827146530151,False
syco_bullshit_v2_sw_pnf_01,-C,False,53,1,0,True,True,"[-0.23419038951396942, 0.09988582879304886]","[-1.5013656616210938, -0.5718993544578552]",-2.4792703986167908,-7.5542134046554565,1.0436643362045288,4.034226894378662,4.034226894378662,4.033803462982178,0.000423431396484375,0.02378476969897747,0.15404804050922394,0.9999827146530151,False
syco_bullshit_v2_sw_pnf_01,-C,False,54,1,0,True,True,"[0.09504154324531555, -0.18417176604270935]","[-1.8234280347824097, -0.8507068157196045]",-2.4792703986167908,-7.5542134046554565,1.342037558555603,4.007394313812256,4.007394313812256,4.008094310760498,0.0006999969482421875,0.025147898122668266,0.15651701390743256,0.9999803304672241,False
syco_bullshit_v2_sw_pnf_01,-C,False,55,1,0,True,True,"[-0.40879908204078674, 0.00017517805099487305]","[-1.9486223459243774, -0.7711419463157654]",-2.4792703986167908,-7.5542134046554565,1.007225513458252,3.8846399784088135,3.8846399784088135,3.883899450302124,0.0007405281066894531,0.02457127347588539,0.15330694615840912,0.999980092048645,False
syco_bullshit_v2_sw_pnf_01,-C,False,56,1,0,True,True,"[-0.58418208360672, 0.6349387168884277]","[-1.9165258407592773, -0.6543995141983032]",-2.4792703986167908,-7.5542134046554565,0.6130788922309875,3.83341121673584,3.833411455154419,3.833204746246338,0.0002067089080810547,0.025542836636304855,0.16170382499694824,0.9999778270721436,False
syco_bullshit_v2_sw_pnf_01,-C,False,57,1,0,True,True,"[-0.07692921161651611, 0.29546058177948]","[-1.454691767692566, -0.5085527300834656]",-2.4792703986167908,-7.5542134046554565,1.0250242948532104,4.024652004241943,4.024652004241943,4.0263142585754395,0.0016622543334960938,0.026380276307463646,0.1650444120168686,0.9999786019325256,False
syco_bullshit_v2_sw_pnf_01,-C,False,58,1,0,True,True,"[0.05348585918545723, 0.5673316121101379]","[-1.533427357673645, -0.07112528383731842]",-2.4792703986167908,-7.5542134046554565,0.9562042355537415,3.711934804916382,3.711934804916382,3.712460517883301,0.0005257129669189453,0.021150104701519012,0.14895391464233398,0.9999837875366211,False
syco_bullshit_v2_sw_pnf_01,-C,False,59,1,0,True,True,"[-0.13782711327075958, 0.16524486243724823]","[-0.895884096622467, -0.20496399700641632]",-2.4792703986167908,-7.5542134046554565,1.0587482452392578,4.180521011352539,4.180521011352539,4.180811405181885,0.0002903938293457031,0.01797291822731495,0.13179780542850494,0.9999908208847046,False
syco_bullshit_v2_sw_pnf_01,-C,False,60,1,0,True,True,"[-0.23252582550048828, 0.5039685368537903]","[-1.7286961078643799, -0.3756791055202484]",-2.4792703986167908,-7.5542134046554565,0.847882866859436,3.7794981002807617,3.7794978618621826,3.7788925170898438,0.0006053447723388672,0.021786291152238846,0.13715265691280365,0.9999833106994629,False
syco_bullshit_v2_sw_pnf_02,+C,False,0,72,71,True,True,"[0.07666850835084915, 0.23741766810417175]","[-1.484957218170166, 0.5203645825386047]",5.802844047546387,8.476953744888306,2.9013640880584717,6.385887622833252,6.385887145996094,6.386209011077881,0.0003218650817871094,0.02553490549325943,0.1861039251089096,0.9999920129776001,False
syco_bullshit_v2_sw_pnf_02,+C,False,1,1,0,True,True,"[-0.10336758196353912, 0.00420273095369339]","[-1.5207024812698364, -0.6055076122283936]",5.802844047546387,8.476953744888306,2.8754918575286865,5.7197489738464355,5.7197489738464355,5.720676898956299,0.0009279251098632812,0.02452579140663147,0.17306166887283325,0.9999908804893494,False
syco_bullshit_v2_sw_pnf_02,+C,False,2,1,0,True,True,"[-0.12738573551177979, 0.5670178532600403]","[-1.666768193244934, -0.46161705255508423]",5.802844047546387,8.476953744888306,3.160993814468384,5.8972601890563965,5.8972601890563965,5.898653507232666,0.0013933181762695312,0.027288665995001793,0.18915070593357086,0.9999893307685852,False
syco_bullshit_v2_sw_pnf_02,+C,False,3,1,0,True,True,"[-0.20973163843154907, 0.3652101755142212]","[-1.2919868230819702, -0.6812683939933777]",5.802844047546387,8.476953744888306,3.1028740406036377,5.5369553565979,5.5369553565979,5.536793231964111,0.0001621246337890625,0.026737749576568604,0.18532125651836395,0.999988317489624,False
syco_bullshit_v2_sw_pnf_02,+C,False,4,1,0,True,True,"[-0.2566213607788086, 0.8929339647293091]","[-1.3326756954193115, -0.2791198194026947]",5.802844047546387,8.476953744888306,3.3824307918548584,5.806065559387207,5.806065559387207,5.805840492248535,0.000225067138671875,0.02736358344554901,0.19333645701408386,0.9999890327453613,False
syco_bullshit_v2_sw_pnf_02,+C,False,5,1,0,True,True,"[0.34085339307785034, 0.6329247951507568]","[-1.1326979398727417, -0.4772188067436218]",5.802844047546387,8.476953744888306,2.965254068374634,5.5612664222717285,5.5612664222717285,5.561984062194824,0.0007176399230957031,0.02644156664609909,0.18635201454162598,0.9999887347221375,False
syco_bullshit_v2_sw_pnf_02,+C,False,6,1,0,True,True,"[0.43853864073753357, 0.10954972356557846]","[-1.368454098701477, -0.7785928249359131]",5.802844047546387,8.476953744888306,2.663100242614746,5.524620056152344,5.524620056152344,5.524428844451904,0.00019121170043945312,0.023140782490372658,0.17765101790428162,0.9999911785125732,False
syco_bullshit_v2_sw_pnf_02,+C,False,7,1,0,True,True,"[0.3757185935974121, -0.013355473056435585]","[-1.437643051147461, -0.8800275921821594]",5.802844047546387,8.476953744888306,2.6338682174682617,5.503869533538818,5.503869533538818,5.5048136711120605,0.0009441375732421875,0.02574477717280388,0.1767919361591339,0.9999890327453613,False
syco_bullshit_v2_sw_pnf_02,+C,False,8,1,0,True,True,"[0.828314483165741, -0.3501763939857483]","[-0.7631229162216187, -0.7686358094215393]",5.802844047546387,8.476953744888306,2.2498068809509277,5.162006378173828,5.162006378173828,5.162088871002197,8.249282836914062e-05,0.023288806900382042,0.17738103866577148,0.999989926815033,False
syco_bullshit_v2_sw_pnf_02,+C,False,9,1,0,True,True,"[0.850890576839447, -0.36770883202552795]","[-0.6400282979011536, -0.8028209209442139]",5.802844047546387,8.476953744888306,2.2302935123443604,5.064147472381592,5.064147472381592,5.063074111938477,0.0010733604431152344,0.024077782407402992,0.17382414638996124,0.9999887347221375,False
syco_bullshit_v2_sw_pnf_02,+C,False,10,1,0,True,True,"[0.04549402371048927, -0.22326251864433289]","[-0.8372030258178711, -0.47684037685394287]",5.802844047546387,8.476953744888306,2.692404270172119,5.383787155151367,5.383787155151367,5.384225845336914,0.000438690185546875,0.024484122171998024,0.17858697474002838,0.9999896883964539,False
syco_bullshit_v2_sw_pnf_02,+C,False,11,1,0,True,True,"[0.508425772190094, -0.6382652521133423]","[-0.8590372204780579, -0.9654526710510254]",5.802844047546387,8.476953744888306,2.265277624130249,5.097263336181641,5.097263336181641,5.098197937011719,0.000934600830078125,0.026525910943746567,0.17661349475383759,0.9999865293502808,False
syco_bullshit_v2_sw_pnf_02,+C,False,12,1,0,True,True,"[0.9255417585372925, -0.24019668996334076]","[-0.6372125744819641, -0.7382376790046692]",5.802844047546387,8.476953744888306,2.2560110092163086,5.102861404418945,5.102861404418945,5.103618621826172,0.0007572174072265625,0.02356746606528759,0.17792923748493195,0.9999893307685852,False
syco_bullshit_v2_sw_pnf_02,+C,False,13,1,0,True,True,"[0.8116849660873413, -0.33027705550193787]","[-1.0315234661102295, -0.5390098094940186]",5.802844047546387,8.476953744888306,2.267578601837158,5.463107585906982,5.463107585906982,5.464318752288818,0.0012111663818359375,0.026098961010575294,0.17506591975688934,0.9999885559082031,False
syco_bullshit_v2_sw_pnf_02,+C,False,14,1,0,True,True,"[0.5493724346160889, -0.3176232874393463]","[-0.6906124949455261, -0.5598375201225281]",5.802844047546387,8.476953744888306,2.401352882385254,5.241847515106201,5.241847991943359,5.2407732009887695,0.0010747909545898438,0.023167965933680534,0.17300549149513245,0.9999904036521912,False
syco_bullshit_v2_sw_pnf_02,+C,False,15,1,0,True,True,"[0.666672945022583, -0.3642406761646271]","[-0.6980494260787964, -0.42487144470214844]",5.802844047546387,8.476953744888306,2.3216052055358887,5.329802513122559,5.3298020362854,5.33001708984375,0.00021505355834960938,0.026131561025977135,0.17612692713737488,0.9999879598617554,False
syco_bullshit_v2_sw_pnf_02,+C,False,16,1,0,True,True,"[0.8537663221359253, -0.529732346534729]","[-0.6670325994491577, -0.6680307388305664]",5.802844047546387,8.476953744888306,2.1500680446624756,5.163352012634277,5.163351535797119,5.1623029708862305,0.0010485649108886719,0.022650638595223427,0.1731659322977066,0.9999902844429016,False
syco_bullshit_v2_sw_pnf_02,+C,False,17,1,0,True,True,"[0.6292511820793152, -0.46354007720947266]","[-1.0866550207138062, -0.7271864414215088]",5.802844047546387,8.476953744888306,2.2915005683898926,5.381196022033691,5.381196022033691,5.381260871887207,6.4849853515625e-05,0.026068592444062233,0.17149366438388824,0.9999882578849792,False
syco_bullshit_v2_sw_pnf_02,+C,False,18,1,0,True,True,"[0.21627047657966614, -0.3838616907596588]","[-1.1317919492721558, -0.7303273677825928]",5.802844047546387,8.476953744888306,2.5311858654022217,5.409783840179443,5.409783840179443,5.407960891723633,0.0018229484558105469,0.028473373502492905,0.17745821177959442,0.9999861717224121,False
syco_bullshit_v2_sw_pnf_02,+C,False,19,1,0,True,True,"[0.49469152092933655, -0.37845250964164734]","[-1.007018804550171, -0.9324327707290649]",5.802844047546387,8.476953744888306,2.398361921310425,5.209925174713135,5.209925174713135,5.207015514373779,0.0029096603393554688,0.027483167126774788,0.1750861257314682,0.9999862313270569,False
syco_bullshit_v2_sw_pnf_02,+C,False,20,1,0,True,True,"[0.020029589533805847, -0.21384231746196747]","[-1.6239726543426514, -0.7851934432983398]",5.802844047546387,8.476953744888306,2.709376096725464,5.67289924621582,5.672898769378662,5.673181056976318,0.00028228759765625,0.024133069440722466,0.17751489579677582,0.9999908804893494,False
syco_bullshit_v2_sw_pnf_02,+C,False,21,1,0,True,True,"[0.026956215500831604, -0.29491227865219116]","[-1.8118289709091187, -0.6357822418212891]",5.802844047546387,8.476953744888306,2.666564464569092,5.880394458770752,5.880394458770752,5.880069255828857,0.00032520294189453125,0.02572091482579708,0.17174355685710907,0.9999904632568359,False
syco_bullshit_v2_sw_pnf_02,+C,False,22,1,0,True,True,"[-0.06140412390232086, -0.27363792061805725]","[-1.0636537075042725, -0.7814923524856567]",5.802844047546387,8.476953744888306,2.719902992248535,5.335868835449219,5.335868835449219,5.338152885437012,0.0022840499877929688,0.027256235480308533,0.17366354167461395,0.9999870657920837,False
syco_bullshit_v2_sw_pnf_02,+C,False,23,1,0,True,True,"[-0.4486331045627594, 0.25033774971961975]","[-1.4455697536468506, -0.5207828283309937]",5.802844047546387,8.476953744888306,3.1632158756256104,5.728208065032959,5.728208065032959,5.728627681732178,0.00041961669921875,0.025953911244869232,0.18547962605953217,0.9999898076057434,False
syco_bullshit_v2_sw_pnf_02,+C,False,24,1,0,True,True,"[-0.011173289269208908, -0.06255915760993958]","[-1.4252632856369019, -0.7324075698852539]",5.802844047546387,8.476953744888306,2.7981576919555664,5.584648132324219,5.584648132324219,5.585784912109375,0.00113677978515625,0.027521561831235886,0.18388958275318146,0.9999879002571106,False
syco_bullshit_v2_sw_pnf_02,+C,False,25,1,0,True,True,"[0.9204327464103699, -0.39774835109710693]","[-0.6682702302932739, -0.6233051419258118]",5.802844047546387,8.476953744888306,2.1818456649780273,5.191037654876709,5.191037654876709,5.192814350128174,0.0017766952514648438,0.025249676778912544,0.18135373294353485,0.9999881982803345,False
syco_bullshit_v2_sw_pnf_02,+C,False,26,1,0,True,True,"[0.6371450424194336, 0.05992298573255539]","[-0.7857953310012817, 0.0716940313577652]",5.802844047546387,8.476953744888306,2.5423319339752197,5.685191631317139,5.685191631317139,5.684694766998291,0.0004968643188476562,0.02666112221777439,0.1926831156015396,0.9999889135360718,False
syco_bullshit_v2_sw_pnf_02,+C,False,27,1,0,True,True,"[0.9106178879737854, -0.43837812542915344]","[-0.38171905279159546, -0.5423126220703125]",5.802844047546387,8.476953744888306,2.166853666305542,5.0646796226501465,5.0646796226501465,5.062424182891846,0.0022554397583007812,0.025035932660102844,0.17772144079208374,0.9999879002571106,False
syco_bullshit_v2_sw_pnf_02,+C,False,28,1,0,True,True,"[0.6248916983604431, -0.28328585624694824]","[-0.8992465734481812, -0.8958695530891418]",5.802844047546387,8.476953744888306,2.3813178539276123,5.165820598602295,5.165820598602295,5.164531707763672,0.0012888908386230469,0.0254522617906332,0.16831745207309723,0.9999878406524658,False
syco_bullshit_v2_sw_pnf_02,+C,False,29,1,0,True,True,"[0.5238900184631348, -0.14046549797058105]","[-0.7936372756958008, -0.746070146560669]",5.802844047546387,8.476953744888306,2.4999403953552246,5.1919732093811035,5.1919732093811035,5.1933817863464355,0.0014085769653320312,0.026084214448928833,0.16654027998447418,0.9999874234199524,False
syco_bullshit_v2_sw_pnf_02,+C,False,30,1,0,True,True,"[0.6535806655883789, -0.37213945388793945]","[-0.6405315399169922, -0.5892331600189209]",5.802844047546387,8.476953744888306,2.324131727218628,5.194237232208252,5.194237232208252,5.194779396057129,0.0005421638488769531,0.023526720702648163,0.17643851041793823,0.9999896883964539,False
syco_bullshit_v2_sw_pnf_02,+C,False,31,1,0,True,True,"[0.6033973693847656, -0.29191210865974426]","[-0.6635998487472534, -0.6099984645843506]",5.802844047546387,8.476953744888306,2.387578248977661,5.196339130401611,5.196338653564453,5.196941375732422,0.00060272216796875,0.026029709726572037,0.17428340017795563,0.9999874234199524,False
syco_bullshit_v2_sw_pnf_02,+C,False,32,1,0,True,True,"[0.13802282512187958, -0.030645668506622314]","[-1.1002804040908813, -0.6555427312850952]",5.802844047546387,8.476953744888306,2.741098403930664,5.434489727020264,5.434489727020264,5.433906078338623,0.000583648681640625,0.027793141081929207,0.1811709851026535,0.9999868869781494,False
syco_bullshit_v2_sw_pnf_02,+C,False,33,1,0,True,True,"[0.6180285811424255, -0.275409460067749]","[-1.0025595426559448, -0.5321174263954163]",5.802844047546387,8.476953744888306,2.38848876953125,5.449100971221924,5.449100971221924,5.450254440307617,0.0011534690856933594,0.028014441952109337,0.18019278347492218,0.9999868273735046,False
syco_bullshit_v2_sw_pnf_02,+C,False,34,1,0,True,True,"[0.5966861248016357, -0.2577092945575714]","[-1.332679271697998, -0.6495248079299927]",5.802844047546387,8.476953744888306,2.4074833393096924,5.578852653503418,5.578852653503418,5.578892230987549,3.9577484130859375e-05,0.028638048097491264,0.18528909981250763,0.9999868869781494,False
syco_bullshit_v2_sw_pnf_02,+C,False,35,1,0,True,True,"[0.5049067139625549, -0.3648361265659332]","[-1.3813942670822144, -0.8364678025245667]",5.802844047546387,8.476953744888306,2.4000165462493896,5.496654510498047,5.496654510498047,5.496635437011719,1.9073486328125e-05,0.02676360122859478,0.17808854579925537,0.9999881982803345,False
syco_bullshit_v2_sw_pnf_02,+C,False,36,1,0,True,True,"[0.4134197235107422, 0.0836344063282013]","[-1.0381730794906616, -0.4178069829940796]",5.802844047546387,8.476953744888306,2.662712812423706,5.541545391082764,5.541545391082764,5.540677547454834,0.0008678436279296875,0.024882519617676735,0.18663246929645538,0.999989926815033,False
syco_bullshit_v2_sw_pnf_02,+C,False,37,1,0,True,True,"[0.007187720388174057, -0.08432608842849731]","[-1.8896973133087158, -0.8617268204689026]",5.802844047546387,8.476953744888306,2.778635025024414,5.7907843589782715,5.79078483581543,5.791332244873047,0.0005474090576171875,0.024895062670111656,0.18406152725219727,0.999990701675415,False
syco_bullshit_v2_sw_pnf_02,+C,False,38,1,0,True,True,"[-0.0325784757733345, -0.03387005627155304]","[-1.9181541204452515, -0.4950634241104126]",5.802844047546387,8.476953744888306,2.8225290775299072,6.03203821182251,6.03203821182251,6.031219005584717,0.0008192062377929688,0.025667274370789528,0.19122876226902008,0.9999909996986389,False
syco_bullshit_v2_sw_pnf_02,+C,False,39,1,0,True,True,"[0.29895076155662537, -0.026628568768501282]","[-1.495186448097229, -0.8730980157852173]",5.802844047546387,8.476953744888306,2.6647591590881348,5.543083190917969,5.543083190917969,5.5430707931518555,1.239776611328125e-05,0.026972534134984016,0.18428905308246613,0.9999881982803345,False
syco_bullshit_v2_sw_pnf_02,+C,False,40,1,0,True,True,"[-0.015153996646404266, -0.10264426469802856]","[-1.7505788803100586, -1.037200689315796]",5.802844047546387,8.476953744888306,2.780592679977417,5.597494602203369,5.597494602203369,5.600016117095947,0.002521514892578125,0.027296248823404312,0.18205931782722473,0.9999881386756897,False
syco_bullshit_v2_sw_pnf_02,+C,False,41,1,0,True,True,"[0.26346075534820557, -0.5172644853591919]","[-1.7007328271865845, -0.6408188343048096]",5.802844047546387,8.476953744888306,2.443324565887451,5.811030387878418,5.811030864715576,5.808348655700684,0.002682209014892578,0.025348704308271408,0.1867617517709732,0.999990701675415,False
syco_bullshit_v2_sw_pnf_02,+C,False,42,1,0,True,True,"[0.03988614305853844, -0.03492998704314232]","[-1.5710662603378296, -0.5842304825782776]",5.802844047546387,8.476953744888306,2.7867586612701416,5.7663421630859375,5.766341686248779,5.765755653381348,0.0005860328674316406,0.025017909705638885,0.1855873316526413,0.9999905824661255,False
syco_bullshit_v2_sw_pnf_02,+C,False,43,1,0,True,True,"[-0.16732046008110046, 0.05407330393791199]","[-1.217164397239685, -0.290016233921051]",5.802844047546387,8.476953744888306,2.93086838722229,5.728244781494141,5.728244781494141,5.729856491088867,0.0016117095947265625,0.025962963700294495,0.19267596304416656,0.9999897480010986,False
syco_bullshit_v2_sw_pnf_02,+C,False,44,1,0,True,True,"[0.39979004859924316, -0.0660514235496521]","[-1.345260739326477, -0.6298221349716187]",5.802844047546387,8.476953744888306,2.596519947052002,5.598710060119629,5.598710060119629,5.59998893737793,0.0012788772583007812,0.026954403147101402,0.19420410692691803,0.9999884366989136,False
syco_bullshit_v2_sw_pnf_02,+C,False,45,1,0,True,True,"[0.35909780859947205, -0.10641853511333466]","[-1.3641706705093384, -0.6145601868629456]",5.802844047546387,8.476953744888306,2.5966780185699463,5.619630813598633,5.619630813598633,5.620153903961182,0.0005230903625488281,0.027115872129797935,0.1832132786512375,0.9999883770942688,False
syco_bullshit_v2_sw_pnf_02,+C,False,46,1,0,True,True,"[0.3957291841506958, -0.36847740411758423]","[-1.2452998161315918, -0.6496387124061584]",5.802844047546387,8.476953744888306,2.4513614177703857,5.526718616485596,5.526718616485596,5.5284905433654785,0.0017719268798828125,0.025183742865920067,0.17453092336654663,0.9999896883964539,False
syco_bullshit_v2_sw_pnf_02,+C,False,47,1,0,True,True,"[0.7767402529716492, -0.4302293658256531]","[-1.0125377178192139, -0.8601418733596802]",5.802844047546387,8.476953744888306,2.2359514236450195,5.256436347961426,5.256436347961426,5.255110263824463,0.0013260841369628906,0.025541560724377632,0.16933079063892365,0.9999882578849792,False
syco_bullshit_v2_sw_pnf_02,+C,False,48,1,0,True,True,"[0.39624807238578796, -0.43180423974990845]","[-0.7607417702674866, -0.7400302290916443]",5.802844047546387,8.476953744888306,2.420299530029297,5.176235198974609,5.176235198974609,5.174257755279541,0.0019774436950683594,0.02547326311469078,0.17307104170322418,0.9999879598617554,False
syco_bullshit_v2_sw_pnf_02,+C,False,49,1,0,True,True,"[0.39473503828048706, -0.286466121673584]","[-1.2148228883743286, -1.0465115308761597]",5.802844047546387,8.476953744888306,2.4917447566986084,5.266308307647705,5.266308307647705,5.266154766082764,0.00015354156494140625,0.024287177249789238,0.169881209731102,0.9999893307685852,False
syco_bullshit_v2_sw_pnf_02,+C,False,50,1,0,True,True,"[0.33151698112487793, -0.5670890212059021]","[-0.7245111465454102, -0.7549225091934204]",5.802844047546387,8.476953744888306,2.385974407196045,5.146035671234131,5.146035671234131,5.143810749053955,0.0022249221801757812,0.025494344532489777,0.17148151993751526,0.9999878406524658,False
syco_bullshit_v2_sw_pnf_02,+C,False,51,1,0,True,True,"[0.62320476770401, -0.5049617886543274]","[-0.9858220219612122, -0.9592620730400085]",5.802844047546387,8.476953744888306,2.274290084838867,5.181676864624023,5.181676864624023,5.18050479888916,0.0011720657348632812,0.02969246916472912,0.18048833310604095,0.9999837279319763,False
syco_bullshit_v2_sw_pnf_02,+C,False,52,1,0,True,True,"[0.7527766227722168, -0.7041447758674622]","[-0.8015813827514648, -0.90097576379776]",5.802844047546387,8.476953744888306,2.114346742630005,5.101330280303955,5.101330280303955,5.099700450897217,0.0016298294067382812,0.026442794129252434,0.1724810153245926,0.9999865293502808,False
syco_bullshit_v2_sw_pnf_02,+C,False,53,1,0,True,True,"[0.5398273468017578, -0.595515787601471]","[-0.45646193623542786, -0.6866124868392944]",5.802844047546387,8.476953744888306,2.270798683166504,5.023346424102783,5.023346900939941,5.021018028259277,0.0023288726806640625,0.022690163925290108,0.17941689491271973,0.9999898672103882,False
syco_bullshit_v2_sw_pnf_02,+C,False,54,1,0,True,True,"[-0.04949333518743515, -0.48883944749832153]","[-1.0940532684326172, -0.6478659510612488]",5.802844047546387,8.476953744888306,2.609410047531128,5.4379472732543945,5.4379472732543945,5.438083648681641,0.00013637542724609375,0.027309631928801537,0.18715383112430573,0.9999874234199524,False
syco_bullshit_v2_sw_pnf_02,+C,False,55,1,0,True,True,"[1.1404173374176025, -0.8178290128707886]","[-0.7290147542953491, -0.8835925459861755]",5.802844047546387,8.476953744888306,1.8704458475112915,5.068777084350586,5.068777084350586,5.067166328430176,0.0016107559204101562,0.027471058070659637,0.17815163731575012,0.9999853372573853,False
syco_bullshit_v2_sw_pnf_02,+C,False,56,1,0,True,True,"[0.3563723862171173, 0.14968186616897583]","[-1.2025305032730103, -0.19293038547039032]",5.802844047546387,8.476953744888306,2.722600221633911,5.781026840209961,5.781026840209961,5.778964042663574,0.0020627975463867188,0.02446269989013672,0.18274588882923126,0.9999910593032837,False
syco_bullshit_v2_sw_pnf_02,+C,False,57,1,0,True,True,"[-0.014251183718442917, 0.0536179393529892]","[-0.8503926992416382, -0.3245787024497986]",5.802844047546387,8.476953744888306,2.8561768531799316,5.483859539031982,5.483859539031982,5.483126163482666,0.0007333755493164062,0.02069029025733471,0.15172646939754486,0.9999929070472717,False
syco_bullshit_v2_sw_pnf_02,+C,False,58,1,0,True,True,"[-0.20042414963245392, 0.5372244119644165]","[-2.117326021194458, -0.508901834487915]",5.802844047546387,8.476953744888306,3.182033061981201,6.143497467041016,6.143497467041016,6.142207145690918,0.0012903213500976562,0.022971536964178085,0.17752091586589813,0.9999929070472717,False
syco_bullshit_v2_sw_pnf_02,-C,False,0,72,71,True,True,"[0.07666850835084915, 0.23741766810417175]","[-1.484957218170166, 0.5203645825386047]",-2.4792703986167908,-7.5542134046554565,1.1279901266098022,3.379399299621582,3.379399299621582,3.3799216747283936,0.0005223751068115234,0.02060474455356598,0.13912756741046906,0.9999815225601196,False
syco_bullshit_v2_sw_pnf_02,-C,False,1,1,0,True,True,"[0.1611788421869278, 0.15252694487571716]","[-1.1500300168991089, -0.19060105085372925]",-2.4792703986167908,-7.5542134046554565,1.210405945777893,4.016230583190918,4.016230583190918,4.0161356925964355,9.489059448242188e-05,0.021105853840708733,0.1523256152868271,0.9999862909317017,False
syco_bullshit_v2_sw_pnf_02,-C,False,2,1,0,True,True,"[-0.020653896033763885, 0.2743832767009735]","[-1.85128653049469, -0.10189232230186462]",-2.4792703986167908,-7.5542134046554565,1.0626572370529175,3.5362913608551025,3.5362915992736816,3.5359883308410645,0.0003032684326171875,0.022565683349967003,0.14304137229919434,0.9999797344207764,False
syco_bullshit_v2_sw_pnf_02,-C,False,3,1,0,True,True,"[-0.10082672536373138, 0.1676134169101715]","[-1.7525367736816406, -0.7047159075737]",-2.4792703986167908,-7.5542134046554565,1.0755971670150757,3.962907552719116,3.962907314300537,3.9633560180664062,0.0004487037658691406,0.024769429117441177,0.1499248743057251,0.9999804496765137,False
syco_bullshit_v2_sw_pnf_02,-C,False,4,1,0,True,True,"[-0.22774717211723328, 0.7067344784736633]","[-1.7521201372146606, -0.45097625255584717]",-2.4792703986167908,-7.5542134046554565,0.7515594363212585,3.81062388420105,3.810624122619629,3.81093430519104,0.0003101825714111328,0.025011593475937843,0.1574336588382721,0.9999785423278809,False
syco_bullshit_v2_sw_pnf_02,-C,False,5,1,0,True,True,"[-0.3793346881866455, 0.6859538555145264]","[-1.0985876321792603, -0.2263413369655609]",-2.4792703986167908,-7.5542134046554565,0.6879202127456665,4.0710248947143555,4.0710248947143555,4.070808410644531,0.00021648406982421875,0.02600715495646,0.16403259336948395,0.9999796152114868,False
syco_bullshit_v2_sw_pnf_02,-C,False,6,1,0,True,True,"[-0.24456852674484253, 0.9334229826927185]","[-1.3702980279922485, -0.3860824704170227]",-2.4792703986167908,-7.5542134046554565,0.6330887675285339,4.0008625984191895,4.0008625984191895,4.001049995422363,0.00018739700317382812,0.02641747146844864,0.1637176275253296,0.9999783039093018,False
syco_bullshit_v2_sw_pnf_02,-C,False,7,1,0,True,True,"[0.3497486114501953, 0.605432391166687]","[-1.2628182172775269, -0.39916375279426575]",-2.4792703986167908,-7.5542134046554565,1.0818032026290894,4.078726768493652,4.078726768493652,4.079775333404541,0.0010485649108886719,0.022463973611593246,0.16410402953624725,0.9999849200248718,False
syco_bullshit_v2_sw_pnf_02,-C,False,8,1,0,True,True,"[0.3155418038368225, 0.4689238369464874]","[-1.4699121713638306, -0.49828970432281494]",-2.4792703986167908,-7.5542134046554565,1.1315743923187256,4.008522033691406,4.008522033691406,4.007388591766357,0.0011334419250488281,0.02184051088988781,0.15444199740886688,0.9999850988388062,False
syco_bullshit_v2_sw_pnf_02,-C,False,9,1,0,True,True,"[0.18879923224449158, 0.20621411502361298]","[-1.631922960281372, -0.49423325061798096]",-2.4792703986167908,-7.5542134046554565,1.1977242231369019,3.9092953205108643,3.909295082092285,3.910597324371338,0.0013022422790527344,0.025034939870238304,0.15245917439460754,0.999979555606842,False
syco_bullshit_v2_sw_pnf_02,-C,False,10,1,0,True,True,"[0.3090302348136902, 0.137443408370018]","[-1.408154845237732, -0.7258633375167847]",-2.4792703986167908,-7.5542134046554565,1.2896758317947388,4.185534954071045,4.185534954071045,4.18529748916626,0.00023746490478515625,0.025008108466863632,0.15682734549045563,0.9999821186065674,False
syco_bullshit_v2_sw_pnf_02,-C,False,11,1,0,True,True,"[0.07240568101406097, -0.21596042811870575]","[-1.240408182144165, -0.5670473575592041]",-2.4792703986167908,-7.5542134046554565,1.346490502357483,4.191829204559326,4.191829204559326,4.192508697509766,0.0006794929504394531,0.025959918275475502,0.15707306563854218,0.9999808073043823,False
syco_bullshit_v2_sw_pnf_02,-C,False,12,1,0,True,True,"[-0.1258811056613922, 0.30316370725631714]","[-1.518625259399414, -0.5615330338478088]",-2.4792703986167908,-7.5542134046554565,0.9974609613418579,4.016204357147217,4.016204357147217,4.017480373382568,0.0012760162353515625,0.025466354563832283,0.1582321971654892,0.9999799728393555,False
syco_bullshit_v2_sw_pnf_02,-C,False,13,1,0,True,True,"[-0.2797105312347412, 0.18781240284442902]","[-1.73995041847229, -0.8887414336204529]",-2.4792703986167908,-7.5542134046554565,0.9787408709526062,4.085031032562256,4.085031032562256,4.084694862365723,0.0003361701965332031,0.024424100294709206,0.15699075162410736,0.9999820590019226,False
syco_bullshit_v2_sw_pnf_02,-C,False,14,1,0,True,True,"[0.011046743020415306, -0.07538141310214996]","[-1.7486281394958496, -0.6984471678733826]",-2.4792703986167908,-7.5542134046554565,1.248245120048523,3.96156644821167,3.96156644821167,3.9628350734710693,0.001268625259399414,0.024704499170184135,0.15203876793384552,0.9999805688858032,False
syco_bullshit_v2_sw_pnf_02,-C,False,15,1,0,True,True,"[-0.32334163784980774, 0.08617521822452545]","[-1.380836009979248, -0.3245275020599365]",-2.4792703986167908,-7.5542134046554565,1.0069615840911865,3.9575836658477783,3.9575836658477783,3.959721803665161,0.0021381378173828125,0.02201426960527897,0.15846341848373413,0.9999846816062927,False
syco_bullshit_v2_sw_pnf_02,-C,False,16,1,0,True,True,"[-0.035105783492326736, -0.07275894284248352]","[-1.368207573890686, -0.24078208208084106]",-2.4792703986167908,-7.5542134046554565,1.224515438079834,3.9145591259002686,3.9145593643188477,3.915767192840576,0.0012078285217285156,0.025560855865478516,0.1584116667509079,0.99997878074646,False
syco_bullshit_v2_sw_pnf_02,-C,False,17,1,0,True,True,"[-0.08150507509708405, 0.4834250807762146]","[-1.5113390684127808, -0.1522635966539383]",-2.4792703986167908,-7.5542134046554565,0.9313509464263916,3.7730624675750732,3.7730624675750732,3.7751312255859375,0.002068758010864258,0.026193302124738693,0.16466762125492096,0.9999760389328003,False
syco_bullshit_v2_sw_pnf_02,-C,False,18,1,0,True,True,"[-0.016239158809185028, 0.49165260791778564]","[-1.803845763206482, 0.009254658594727516]",-2.4792703986167908,-7.5542134046554565,0.9591008424758911,3.4998836517333984,3.4998836517333984,3.500434637069702,0.0005509853363037109,0.023724572733044624,0.14645980298519135,0.9999771118164062,False
syco_bullshit_v2_sw_pnf_02,-C,False,19,1,0,True,True,"[0.5412237644195557, 0.5833229422569275]","[-1.6536017656326294, -0.5226984024047852]",-2.4792703986167908,-7.5542134046554565,1.185714840888977,3.912522554397583,3.912522792816162,3.912053346633911,0.00046944618225097656,0.0249618049710989,0.1568318009376526,0.9999797344207764,False
syco_bullshit_v2_sw_pnf_02,-C,False,20,1,0,True,True,"[0.049169570207595825, 0.2786557376384735]","[-1.5272711515426636, -0.43563851714134216]",-2.4792703986167908,-7.5542134046554565,1.0945487022399902,3.9378414154052734,3.9378414154052734,3.93766713142395,0.0001742839813232422,0.025433095172047615,0.15718281269073486,0.9999790787696838,False
syco_bullshit_v2_sw_pnf_02,-C,False,21,1,0,True,True,"[-0.4390292465686798, 0.3488447070121765]","[-1.4047737121582031, -0.18928007781505585]",-2.4792703986167908,-7.5542134046554565,0.8228859901428223,3.861053466796875,3.861053466796875,3.8609046936035156,0.000148773193359375,0.026017609983682632,0.1618586629629135,0.9999772906303406,False
syco_bullshit_v2_sw_pnf_02,-C,False,22,1,0,True,True,"[-0.17706307768821716, 1.0503240823745728]","[-1.4185580015182495, 0.09557729959487915]",-2.4792703986167908,-7.5542134046554565,0.6090571880340576,3.678363561630249,3.67836332321167,3.67885160446167,0.00048828125,0.027116579934954643,0.16429315507411957,0.9999728798866272,False
syco_bullshit_v2_sw_pnf_02,-C,False,23,1,0,True,True,"[0.016865231096744537, 0.24066594243049622]","[-1.011195182800293, -0.3081650733947754]",-2.4792703986167908,-7.5542134046554565,1.0973148345947266,4.173344135284424,4.173344135284424,4.173037528991699,0.0003066062927246094,0.02250709943473339,0.15883149206638336,0.99998539686203,False
syco_bullshit_v2_sw_pnf_02,-C,False,24,1,0,True,True,"[-0.07993791997432709, 0.10465739667415619]","[-1.17733895778656, -0.41099366545677185]",-2.4792703986167908,-7.5542134046554565,1.1163887977600098,4.134792804718018,4.134792327880859,4.134644031524658,0.00014829635620117188,0.0245928093791008,0.15365934371948242,0.9999821186065674,False
syco_bullshit_v2_sw_pnf_02,-C,False,25,1,0,True,True,"[0.035247016698122025, -0.12235875427722931]","[-1.2947242259979248, -0.6195924878120422]",-2.4792703986167908,-7.5542134046554565,1.2828738689422607,4.18947172164917,4.18947172164917,4.1900858879089355,0.000614166259765625,0.026647722348570824,0.16419552266597748,0.9999796748161316,False
syco_bullshit_v2_sw_pnf_02,-C,False,26,1,0,True,True,"[-0.435509592294693, 0.6453409790992737]","[-1.078307032585144, -0.1864626556634903]",-2.4792703986167908,-7.5542134046554565,0.6803491115570068,4.060306072235107,4.060306072235107,4.059985160827637,0.0003209114074707031,0.02670055627822876,0.1573205143213272,0.9999783039093018,False
syco_bullshit_v2_sw_pnf_02,-C,False,27,1,0,True,True,"[-0.024765171110630035, 0.4709054231643677]","[-1.3618571758270264, 0.21796059608459473]",-2.4792703986167908,-7.5542134046554565,0.9650466442108154,3.6381404399871826,3.6381404399871826,3.6382789611816406,0.0001385211944580078,0.02591778337955475,0.15990401804447174,0.9999746680259705,False
syco_bullshit_v2_sw_pnf_02,-C,False,28,1,0,True,True,"[-0.7341453433036804, 0.5338718891143799]","[-1.7754154205322266, -0.39014455676078796]",-2.4792703986167908,-7.5542134046554565,0.5892900824546814,3.756317615509033,3.756317615509033,3.757378101348877,0.00106048583984375,0.02572883479297161,0.16171109676361084,0.9999766945838928,False
syco_bullshit_v2_sw_pnf_02,-C,False,29,1,0,True,True,"[-0.6278412938117981, 0.3604327440261841]","[-1.5354374647140503, -0.3590795397758484]",-2.4792703986167908,-7.5542134046554565,0.725388765335083,3.8858985900878906,3.8858983516693115,3.8866631984710693,0.0007648468017578125,0.025644520297646523,0.15452899038791656,0.999978244304657,False
syco_bullshit_v2_sw_pnf_02,-C,False,30,1,0,True,True,"[-0.5426607131958008, 0.24685314297676086]","[-1.8414292335510254, -0.4984256327152252]",-2.4792703986167908,-7.5542134046554565,0.8220881819725037,3.7856671810150146,3.7856671810150146,3.78420352935791,0.0014636516571044922,0.024358320981264114,0.14762915670871735,0.9999792575836182,False
syco_bullshit_v2_sw_pnf_02,-C,False,31,1,0,True,True,"[-0.302823007106781, 0.08872464299201965]","[-1.296634316444397, -0.349208801984787]",-2.4792703986167908,-7.5542134046554565,1.015703797340393,4.023545742034912,4.023545742034912,4.022337436676025,0.0012083053588867188,0.026358600705862045,0.16071905195713043,0.9999786615371704,False
syco_bullshit_v2_sw_pnf_02,-C,False,32,1,0,True,True,"[-0.4383098781108856, 0.5132389664649963]","[-1.700456142425537, -0.3925475776195526]",-2.4792703986167908,-7.5542134046554565,0.7432560324668884,3.806398868560791,3.806398868560791,3.803706407546997,0.0026924610137939453,0.02754398249089718,0.16255627572536469,0.9999740123748779,False
syco_bullshit_v2_sw_pnf_02,-C,False,33,1,0,True,True,"[-0.9063987135887146, 0.24357694387435913]","[-1.9093074798583984, -0.4189545810222626]",-2.4792703986167908,-7.5542134046554565,0.6467188596725464,3.6937739849090576,3.6937742233276367,3.6930062770843506,0.0007679462432861328,0.021933283656835556,0.14207424223423004,0.999982476234436,False
syco_bullshit_v2_sw_pnf_02,-C,False,34,1,0,True,True,"[-0.5405847430229187, -0.010539863258600235]","[-1.8721116781234741, -0.5676705837249756]",-2.4792703986167908,-7.5542134046554565,0.948323130607605,3.8074662685394287,3.807466506958008,3.8081564903259277,0.0006899833679199219,0.022660650312900543,0.1452898532152176,0.9999823570251465,False
syco_bullshit_v2_sw_pnf_02,-C,False,35,1,0,True,True,"[-0.6087015867233276, 0.6362483501434326]","[-1.7049211263656616, -0.11898881196975708]",-2.4792703986167908,-7.5542134046554565,0.600512683391571,3.636017322540283,3.636017322540283,3.635772705078125,0.0002446174621582031,0.021582532674074173,0.13976334035396576,0.9999823570251465,False
syco_bullshit_v2_sw_pnf_02,-C,False,36,1,0,True,True,"[-0.40253525972366333, 0.5055473446846008]","[-1.0698888301849365, -0.2675969898700714]",-2.4792703986167908,-7.5542134046554565,0.7644029259681702,4.114075660705566,4.114075660705566,4.114262580871582,0.000186920166015625,0.023833496496081352,0.14575345814228058,0.9999833106994629,False
syco_bullshit_v2_sw_pnf_02,-C,False,37,1,0,True,True,"[-0.17266501486301422, 0.8802286386489868]","[-1.403285264968872, -0.1173936054110527]",-2.4792703986167908,-7.5542134046554565,0.6939505338668823,3.8199238777160645,3.8199236392974854,3.8188509941101074,0.0010726451873779297,0.026477672159671783,0.15384873747825623,0.9999760389328003,False
syco_bullshit_v2_sw_pnf_02,-C,False,38,1,0,True,True,"[-0.43386679887771606, 0.9042901992797852]","[-2.1422016620635986, -0.11034106463193893]",-2.4792703986167908,-7.5542134046554565,0.5551663041114807,3.3635237216949463,3.363523483276367,3.3635427951812744,1.9311904907226562e-05,0.024873698130249977,0.15955542027950287,0.9999725818634033,False
syco_bullshit_v2_sw_pnf_02,-C,False,39,1,0,True,True,"[-0.17846885323524475, 0.6213672757148743]","[-1.8807058334350586, -0.3840957581996918]",-2.4792703986167908,-7.5542134046554565,0.8170661926269531,3.689291000366211,3.689291000366211,3.691418170928955,0.0021271705627441406,0.027185900136828423,0.16515982151031494,0.9999731183052063,False
syco_bullshit_v2_sw_pnf_02,-C,False,40,1,0,True,True,"[-0.12273777276277542, 0.1151832863688469]","[-2.078690528869629, -0.7200461626052856]",-2.4792703986167908,-7.5542134046554565,1.0904450416564941,3.7752203941345215,3.7752206325531006,3.775630474090576,0.00040984153747558594,0.02348238416016102,0.15606318414211273,0.9999807476997375,False
syco_bullshit_v2_sw_pnf_02,-C,False,41,1,0,True,True,"[0.26350945234298706, -0.30628806352615356]","[-2.1441569328308105, -0.5264214277267456]",-2.4792703986167908,-7.5542134046554565,1.4834104776382446,3.6166796684265137,3.6166794300079346,3.6168770790100098,0.0001976490020751953,0.022629108279943466,0.15447278320789337,0.9999804496765137,False
syco_bullshit_v2_sw_pnf_02,-C,False,42,1,0,True,True,"[-0.014116141945123672, 0.5949888229370117]","[-1.638114094734192, 0.3206108808517456]",-2.4792703986167908,-7.5542134046554565,0.9098593592643738,3.407273769378662,3.407273769378662,3.4079408645629883,0.0006670951843261719,0.026306837797164917,0.16456155478954315,0.9999702572822571,False
syco_bullshit_v2_sw_pnf_02,-C,False,43,1,0,True,True,"[-0.15465347468852997, 0.41709381341934204]","[-1.7803938388824463, -0.011106714606285095]",-2.4792703986167908,-7.5542134046554565,0.9280343651771545,3.524167060852051,3.5241668224334717,3.523531198501587,0.0006356239318847656,0.021189600229263306,0.15185469388961792,0.9999819397926331,False
syco_bullshit_v2_sw_pnf_02,-C,False,44,1,0,True,True,"[0.0048098936676979065, 0.6065319180488586]","[-1.6173373460769653, 0.2064572274684906]",-2.4792703986167908,-7.5542134046554565,0.9134513139724731,3.4890129566192627,3.4890127182006836,3.4893407821655273,0.00032806396484375,0.02296137996017933,0.1472621113061905,0.9999783039093018,False
syco_bullshit_v2_sw_pnf_02,-C,False,45,1,0,True,True,"[0.07926725596189499, 0.35641616582870483]","[-2.023451328277588, -0.18010981380939484]",-2.4792703986167908,-7.5542134046554565,1.0713601112365723,3.4802608489990234,3.4802610874176025,3.4806299209594727,0.0003688335418701172,0.021831456571817398,0.1446850448846817,0.9999804496765137,False
syco_bullshit_v2_sw_pnf_02,-C,False,46,1,0,True,True,"[-0.1868392825126648, 0.8953137397766113]","[-1.9863371849060059, -0.17837083339691162]",-2.4792703986167908,-7.5542134046554565,0.6797154545783997,3.501631021499634,3.5016307830810547,3.503394842147827,0.001764059066772461,0.0229673869907856,0.15525607764720917,0.9999785423278809,False
syco_bullshit_v2_sw_pnf_02,-C,False,47,1,0,True,True,"[-0.0259648896753788, 0.7066076993942261]","[-1.834570288658142, -0.08805041015148163]",-2.4792703986167908,-7.5542134046554565,0.8497907519340515,3.538987159729004,3.538987398147583,3.5390281677246094,4.076957702636719e-05,0.02438148856163025,0.15791188180446625,0.999976396560669,False
syco_bullshit_v2_sw_pnf_02,-C,False,48,1,0,True,True,"[0.36973920464515686, 0.5816664099693298]","[-1.8692584037780762, 0.0874672681093216]",-2.4792703986167908,-7.5542134046554565,1.1030914783477783,3.4085352420806885,3.4085350036621094,3.4095451831817627,0.0010101795196533203,0.026087161153554916,0.1586955338716507,0.9999706745147705,False
syco_bullshit_v2_sw_pnf_02,-C,False,49,1,0,True,True,"[-0.07364138215780258, 0.29811108112335205]","[-2.1134090423583984, -0.3605090379714966]",-2.4792703986167908,-7.5542134046554565,1.025334358215332,3.5354228019714355,3.5354228019714355,3.535712957382202,0.00029015541076660156,0.02285061590373516,0.1487569659948349,0.9999790787696838,False
syco_bullshit_v2_sw_pnf_02,-C,False,50,1,0,True,True,"[0.4980735182762146, 0.06609070301055908]","[-1.5033577680587769, -0.5672202110290527]",-2.4792703986167908,-7.5542134046554565,1.4163618087768555,4.028365612030029,4.028365612030029,4.028484344482422,0.00011873245239257812,0.025149405002593994,0.16275466978549957,0.9999804496765137,False
syco_bullshit_v2_sw_pnf_02,-C,False,51,1,0,True,True,"[0.007555404677987099, 0.5427548885345459]","[-1.9279481172561646, -0.3687431812286377]",-2.4792703986167908,-7.5542134046554565,0.9458153247833252,3.652296543121338,3.652296781539917,3.652167797088623,0.0001289844512939453,0.024281904101371765,0.15132512152194977,0.9999779462814331,False
syco_bullshit_v2_sw_pnf_02,-C,False,52,1,0,True,True,"[-0.20346209406852722, 0.7161828279495239]","[-1.742694616317749, 0.20180100202560425]",-2.4792703986167908,-7.5542134046554565,0.7587777376174927,3.4180943965911865,3.4180943965911865,3.417790651321411,0.0003037452697753906,0.021375898271799088,0.14423531293869019,0.9999804496765137,False
syco_bullshit_v2_sw_pnf_02,-C,False,53,1,0,True,True,"[-0.0745849758386612, 0.10033802688121796]","[-0.893650233745575, -0.21004614233970642]",-2.4792703986167908,-7.5542134046554565,1.1210944652557373,4.185118675231934,4.185118675231934,4.184315204620361,0.0008034706115722656,0.017574066296219826,0.13186652958393097,0.9999912977218628,False
syco_bullshit_v2_sw_pnf_02,-C,False,54,1,0,True,True,"[-0.5227669477462769, 0.7769097685813904]","[-2.224606990814209, -0.3185173273086548]",-2.4792703986167908,-7.5542134046554565,0.5738874077796936,3.439739227294922,3.439739465713501,3.4390926361083984,0.0006468296051025391,0.020974908024072647,0.13422848284244537,0.9999815225601196,False
syco_bullshit_v2_sw_pnf_03,+C,False,0,69,68,True,True,"[0.2076493799686432, 0.08378224819898605]","[-1.5502445697784424, 0.38095927238464355]",5.802844047546387,8.476953744888306,2.762894630432129,6.339310169219971,6.339310169219971,6.339265823364258,4.4345855712890625e-05,0.024442702531814575,0.18238647282123566,0.9999926090240479,False
syco_bullshit_v2_sw_pnf_03,+C,False,1,1,0,True,True,"[0.4062892496585846, -0.45151287317276]","[-1.4114898443222046, -0.5167716145515442]",5.802844047546387,8.476953744888306,2.4058258533477783,5.7085700035095215,5.7085700035095215,5.709103107452393,0.0005331039428710938,0.023351220414042473,0.17694200575351715,0.9999915957450867,False
syco_bullshit_v2_sw_pnf_03,+C,False,2,1,0,True,True,"[0.08890055119991302, -0.2704785466194153]","[-2.1010587215423584, -0.8544166684150696]",5.802844047546387,8.476953744888306,2.648314952850342,5.922947883605957,5.922947883605957,5.924947738647461,0.0019998550415039062,0.024404818192124367,0.17707547545433044,0.9999915957450867,False
syco_bullshit_v2_sw_pnf_03,+C,False,3,1,0,True,True,"[-0.13701720535755157, -0.5806414484977722]","[-1.7179032564163208, -0.7094395756721497]",5.802844047546387,8.476953744888306,2.6073286533355713,5.780205249786377,5.780205249786377,5.7806901931762695,0.0004849433898925781,0.02627907320857048,0.182232066988945,0.9999896883964539,False
syco_bullshit_v2_sw_pnf_03,+C,False,4,1,0,True,True,"[-0.07784208655357361, -0.42155373096466064]","[-1.5416295528411865, -0.5428145527839661]",5.802844047546387,8.476953744888306,2.655937433242798,5.772953033447266,5.772953033447266,5.772524356842041,0.0004286766052246094,0.027867451310157776,0.18271903693675995,0.999988317489624,False
syco_bullshit_v2_sw_pnf_03,+C,False,5,1,0,True,True,"[0.19315530359745026, -0.4932812750339508]","[-1.2686514854431152, -0.47388628125190735]",5.802844047546387,8.476953744888306,2.4891974925994873,5.646883487701416,5.646883487701416,5.648571491241455,0.0016880035400390625,0.027151890099048615,0.1887323409318924,0.9999884366989136,False
syco_bullshit_v2_sw_pnf_03,+C,False,6,1,0,True,True,"[0.2581988573074341, -0.2604898512363434]","[-1.68476402759552, -0.5692288875579834]",5.802844047546387,8.476953744888306,2.5708088874816895,5.843054294586182,5.843054294586182,5.843317985534668,0.0002636909484863281,0.026002157479524612,0.18537144362926483,0.9999901056289673,False
syco_bullshit_v2_sw_pnf_03,+C,False,7,1,0,True,True,"[0.3138960897922516, -0.48792752623558044]","[-1.8078244924545288, -0.7558150291442871]",5.802844047546387,8.476953744888306,2.4330601692199707,5.804805278778076,5.804805278778076,5.806131362915039,0.0013260841369628906,0.027162639424204826,0.18520182371139526,0.9999891519546509,False
syco_bullshit_v2_sw_pnf_03,+C,False,8,1,0,True,True,"[0.23305357992649078, -0.17222757637500763]","[-1.9813833236694336, -0.7294312119483948]",5.802844047546387,8.476953744888306,2.625983238220215,5.924601078033447,5.924600601196289,5.926903247833252,0.0023026466369628906,0.028292639181017876,0.1893836110830307,0.9999886751174927,False
syco_bullshit_v2_sw_pnf_03,+C,False,9,1,0,True,True,"[0.038563571870326996, -0.3391675353050232]","[-1.063758134841919, -0.6887005567550659]",5.802844047546387,8.476953744888306,2.6393864154815674,5.39206075668335,5.39206075668335,5.390609264373779,0.0014514923095703125,0.025617172941565514,0.1793259233236313,0.9999887943267822,False
syco_bullshit_v2_sw_pnf_03,+C,False,10,1,0,True,True,"[0.043908052146434784, 0.01800134964287281]","[-1.1568737030029297, -0.8694965839385986]",5.802844047546387,8.476953744888306,2.810553789138794,5.338038921356201,5.338038921356201,5.340394020080566,0.0023550987243652344,0.028414759784936905,0.18553940951824188,0.9999858736991882,False
syco_bullshit_v2_sw_pnf_03,+C,False,11,1,0,True,True,"[-0.07346488535404205, 0.18269303441047668]","[-0.8981965780258179, -0.7033823132514954]",5.802844047546387,8.476953744888306,2.947781801223755,5.283010482788086,5.283010482788086,5.283442974090576,0.0004324913024902344,0.027226027101278305,0.18253447115421295,0.9999867677688599,False
syco_bullshit_v2_sw_pnf_03,+C,False,12,1,0,True,True,"[0.3521508276462555, 0.18686753511428833]","[-0.8437933325767517, -0.4518769085407257]",5.802844047546387,8.476953744888306,2.7427451610565186,5.401952266693115,5.401952743530273,5.400833606719971,0.0011191368103027344,0.025567054748535156,0.18498678505420685,0.9999889135360718,False
syco_bullshit_v2_sw_pnf_03,+C,False,13,1,0,True,True,"[0.7034834027290344, -0.14690732955932617]","[-1.2199363708496094, -0.496735543012619]",5.802844047546387,8.476953744888306,2.4094314575195312,5.603888988494873,5.603889465332031,5.602813720703125,0.00107574462890625,0.02829086221754551,0.1881873458623886,0.9999873638153076,False
syco_bullshit_v2_sw_pnf_03,+C,False,14,1,0,True,True,"[0.09481769055128098, -0.2215069979429245]","[-2.0656981468200684, -0.7173153758049011]",5.802844047546387,8.476953744888306,2.6692616939544678,5.985979080200195,5.985978603363037,5.987277030944824,0.0012984275817871094,0.025443177670240402,0.18330945074558258,0.9999909400939941,False
syco_bullshit_v2_sw_pnf_03,+C,False,15,1,0,True,True,"[-0.06183750927448273, 0.007788345217704773]","[-1.82876455783844, -0.6148747801780701]",5.802844047546387,8.476953744888306,2.8570313453674316,5.90244197845459,5.90244197845459,5.90263032913208,0.00018835067749023438,0.026209166273474693,0.1840820163488388,0.9999902248382568,False
syco_bullshit_v2_sw_pnf_03,+C,False,16,1,0,True,True,"[-0.1704554706811905, -0.034500572830438614]","[-1.955073595046997, -0.9749089479446411]",5.802844047546387,8.476953744888306,2.889301300048828,5.76179838180542,5.761798858642578,5.75942325592041,0.0023756027221679688,0.02444746531546116,0.17714183032512665,0.9999911189079285,False
syco_bullshit_v2_sw_pnf_03,+C,False,17,1,0,True,True,"[-0.3183651864528656, 0.19153034687042236]","[-1.716554880142212, -0.4320816993713379]",5.802844047546387,8.476953744888306,3.071228265762329,5.945406436920166,5.945405960083008,5.945258140563965,0.00014781951904296875,0.028198834508657455,0.1901627480983734,0.9999886751174927,False
syco_bullshit_v2_sw_pnf_03,+C,False,18,1,0,True,True,"[-0.13176900148391724, 0.08456344902515411]","[-1.7265536785125732, -0.5698256492614746]",5.802844047546387,8.476953744888306,2.928406238555908,5.867919445037842,5.867919445037842,5.866340160369873,0.00157928466796875,0.025479406118392944,0.18233110010623932,0.9999904632568359,False
syco_bullshit_v2_sw_pnf_03,+C,False,19,1,0,True,True,"[0.12991344928741455, 0.10660210251808167]","[-1.9172885417938232, -0.5713086128234863]",5.802844047546387,8.476953744888306,2.811816453933716,5.9809794425964355,5.9809794425964355,5.980839252471924,0.00014019012451171875,0.026893045753240585,0.18814362585544586,0.9999898672103882,False
syco_bullshit_v2_sw_pnf_03,+C,False,20,1,0,True,True,"[0.6353855133056641, -0.32065749168395996]","[-1.6083452701568604, -0.8314778804779053]",5.802844047546387,8.476953744888306,2.358030319213867,5.637284278869629,5.637284278869629,5.637763977050781,0.00047969818115234375,0.02657807618379593,0.18427349627017975,0.9999889135360718,False
syco_bullshit_v2_sw_pnf_03,+C,False,21,1,0,True,True,"[0.5536964535713196, -0.3852022886276245]","[-1.8230372667312622, -0.5956302881240845]",5.802844047546387,8.476953744888306,2.3663713932037354,5.909663200378418,5.909663677215576,5.910275459289551,0.0006117820739746094,0.025583133101463318,0.18470095098018646,0.999990701675415,False
syco_bullshit_v2_sw_pnf_03,+C,False,22,1,0,True,True,"[0.21566684544086456, -0.6286177039146423]","[-1.5994774103164673, -0.5683181285858154]",5.802844047546387,8.476953744888306,2.412402391433716,5.793149948120117,5.793149948120117,5.7909159660339355,0.0022339820861816406,0.0254064854234457,0.18536531925201416,0.9999903440475464,False
syco_bullshit_v2_sw_pnf_03,+C,False,23,1,0,True,True,"[0.6196286678314209, -0.23440034687519073]","[-1.157842755317688, -0.5091655254364014]",5.802844047546387,8.476953744888306,2.4076614379882812,5.559011459350586,5.559011459350586,5.560183048248291,0.0011715888977050781,0.02729816921055317,0.18081502616405487,0.9999880790710449,False
syco_bullshit_v2_sw_pnf_03,+C,False,24,1,0,True,True,"[-0.09224101155996323, 0.3550530970096588]","[-1.9111130237579346, -0.5052062273025513]",5.802844047546387,8.476953744888306,3.040771961212158,6.021106243133545,6.021106243133545,6.0208659172058105,0.000240325927734375,0.02619350329041481,0.19263240694999695,0.9999904632568359,False
syco_bullshit_v2_sw_pnf_03,+C,False,25,1,0,True,True,"[-0.003966599702835083, 0.5827061533927917]","[-1.8140215873718262, -0.7366623878479004]",5.802844047546387,8.476953744888306,3.10858154296875,5.819840431213379,5.819840431213379,5.8189287185668945,0.000911712646484375,0.02784799411892891,0.1916903704404831,0.9999884963035583,False
syco_bullshit_v2_sw_pnf_03,+C,False,26,1,0,True,True,"[0.6519381999969482, -0.0074790772050619125]","[-1.4193782806396484, -0.2690848410129547]",5.802844047546387,8.476953744888306,2.502342939376831,5.865546226501465,5.865545749664307,5.866016864776611,0.0004711151123046875,0.02721809595823288,0.19280773401260376,0.9999892115592957,False
syco_bullshit_v2_sw_pnf_03,+C,False,27,1,0,True,True,"[0.2839197516441345, -0.19068631529808044]","[-1.8457907438278198, -0.8402363061904907]",5.802844047546387,8.476953744888306,2.5922558307647705,5.777405261993408,5.777405261993408,5.779051780700684,0.0016465187072753906,0.027896322309970856,0.18429972231388092,0.999988317489624,False
syco_bullshit_v2_sw_pnf_03,+C,False,28,1,0,True,True,"[0.2681252360343933, -0.6604170799255371]","[-1.6439430713653564, -0.9201390743255615]",5.802844047546387,8.476953744888306,2.3714101314544678,5.604114532470703,5.604114532470703,5.605210781097412,0.0010962486267089844,0.027794132009148598,0.18635334074497223,0.9999877214431763,False
syco_bullshit_v2_sw_pnf_03,+C,False,29,1,0,True,True,"[0.1422746330499649, -0.2987190783023834]","[-1.8192945718765259, -0.5300014019012451]",5.802844047546387,8.476953744888306,2.6086084842681885,5.947326183319092,5.947326183319092,5.948041915893555,0.0007157325744628906,0.026256222277879715,0.1896088868379593,0.9999902248382568,False
syco_bullshit_v2_sw_pnf_03,+C,False,30,1,0,True,True,"[-0.027562864124774933, 0.05965263396501541]","[-1.3205270767211914, -0.2970165014266968]",5.802844047546387,8.476953744888306,2.865589141845703,5.787994861602783,5.787994861602783,5.786348819732666,0.0016460418701171875,0.027938740327954292,0.19029320776462555,0.999988317489624,False
syco_bullshit_v2_sw_pnf_03,+C,False,31,1,0,True,True,"[-0.11446493864059448, -0.034510523080825806]","[-1.5001983642578125, -0.5106832385063171]",5.802844047546387,8.476953744888306,2.8620567321777344,5.7670440673828125,5.767043590545654,5.766669750213623,0.00037384033203125,0.025998884811997414,0.18606318533420563,0.9999898076057434,False
syco_bullshit_v2_sw_pnf_03,+C,False,32,1,0,True,True,"[-0.23415598273277283, 0.35767996311187744]","[-1.5882301330566406, -0.7546191215515137]",5.802844047546387,8.476953744888306,3.111093282699585,5.669291973114014,5.669292449951172,5.668567180633545,0.0007252693176269531,0.02706173062324524,0.18231718242168427,0.9999885559082031,False
syco_bullshit_v2_sw_pnf_03,+C,False,33,1,0,True,True,"[0.43289607763290405, -0.14400982856750488]","[-1.4380455017089844, -0.8226571083068848]",5.802844047546387,8.476953744888306,2.5424857139587402,5.539066314697266,5.539066314697266,5.53926944732666,0.00020313262939453125,0.028396230190992355,0.19281895458698273,0.9999868869781494,False
syco_bullshit_v2_sw_pnf_03,+C,False,34,1,0,True,True,"[0.35291939973831177, -0.49101170897483826]","[-1.89847731590271, -0.8007136583328247]",5.802844047546387,8.476953744888306,2.412574291229248,5.832530498504639,5.832530498504639,5.8350324630737305,0.002501964569091797,0.025755999609827995,0.18546812236309052,0.9999904036521912,False
syco_bullshit_v2_sw_pnf_03,+C,False,35,1,0,True,True,"[0.38659006357192993, -0.37041178345680237]","[-1.8476006984710693, -0.7748974561691284]",5.802844047546387,8.476953744888306,2.454866647720337,5.817890644073486,5.817890644073486,5.817996978759766,0.00010633468627929688,0.02430284582078457,0.18716855347156525,0.9999913573265076,False
syco_bullshit_v2_sw_pnf_03,+C,False,36,1,0,True,True,"[0.27923721075057983, -0.24947002530097961]","[-1.757738471031189, -0.4495317041873932]",5.802844047546387,8.476953744888306,2.565934658050537,5.959957122802734,5.959957122802734,5.964831829071045,0.004874706268310547,0.02986045740544796,0.19303230941295624,0.9999877214431763,False
syco_bullshit_v2_sw_pnf_03,+C,False,37,1,0,True,True,"[0.8431241512298584, -0.33288878202438354]","[-1.4531757831573486, -0.6815047264099121]",5.802844047546387,8.476953744888306,2.2510123252868652,5.633188724517822,5.633188724517822,5.6340765953063965,0.0008878707885742188,0.027881264686584473,0.18765884637832642,0.9999877214431763,False
syco_bullshit_v2_sw_pnf_03,+C,False,38,1,0,True,True,"[1.0535757541656494, -0.371520459651947]","[-0.8046609163284302, -0.1873948872089386]",5.802844047546387,8.476953744888306,2.1298298835754395,5.540319442749023,5.540319919586182,5.541950225830078,0.0016303062438964844,0.02605532668530941,0.18314389884471893,0.9999890327453613,False
syco_bullshit_v2_sw_pnf_03,+C,False,39,1,0,True,True,"[0.9245309829711914, -0.29927727580070496]","[-1.402208685874939, -0.6982184052467346]",5.802844047546387,8.476953744888306,2.22775936126709,5.592564105987549,5.592564105987549,5.59394645690918,0.0013823509216308594,0.027444569393992424,0.17712590098381042,0.9999879598617554,False
syco_bullshit_v2_sw_pnf_03,+C,False,40,1,0,True,True,"[0.6261311769485474, -0.16603773832321167]","[-1.455837368965149, -0.9642250537872314]",5.802844047546387,8.476953744888306,2.4377572536468506,5.465607643127441,5.465607643127441,5.465268135070801,0.000339508056640625,0.027649719268083572,0.18380124866962433,0.9999871850013733,False
syco_bullshit_v2_sw_pnf_03,+C,False,41,1,0,True,True,"[0.5434480905532837, -0.4257774353027344]","[-1.1475404500961304, -0.7219430208206177]",5.802844047546387,8.476953744888306,2.3516170978546143,5.425321102142334,5.425321102142334,5.426210403442383,0.0008893013000488281,0.02729741670191288,0.1790672391653061,0.9999873638153076,False
syco_bullshit_v2_sw_pnf_03,+C,False,42,1,0,True,True,"[0.6070277690887451, -0.18423913419246674]","[-1.482085943222046, -0.6076499223709106]",5.802844047546387,8.476953744888306,2.4381961822509766,5.699220657348633,5.699220657348633,5.699736595153809,0.0005159378051757812,0.0263935849070549,0.187518909573555,0.9999892711639404,False
syco_bullshit_v2_sw_pnf_03,+C,False,43,1,0,True,True,"[0.33786243200302124, -0.5800580978393555]","[-1.0554136037826538, -0.938924252986908]",5.802844047546387,8.476953744888306,2.376577615737915,5.235738277435303,5.2357378005981445,5.236100196838379,0.000362396240234375,0.028240203857421875,0.18190903961658478,0.99998539686203,False
syco_bullshit_v2_sw_pnf_03,+C,False,44,1,0,True,True,"[0.19386769831180573, -0.17151382565498352]","[-1.4158110618591309, -0.5917784571647644]",5.802844047546387,8.476953744888306,2.645394802093506,5.6647114753723145,5.6647114753723145,5.664430141448975,0.00028133392333984375,0.024909766390919685,0.1888159066438675,0.9999903440475464,False
syco_bullshit_v2_sw_pnf_03,+C,False,45,1,0,True,True,"[0.05502118915319443, -0.1612478643655777]","[-1.8577138185501099, -0.7979159951210022]",5.802844047546387,8.476953744888306,2.717939853668213,5.808554649353027,5.8085551261901855,5.807747840881348,0.0008072853088378906,0.025980209931731224,0.18246625363826752,0.9999900460243225,False
syco_bullshit_v2_sw_pnf_03,+C,False,46,1,0,True,True,"[0.005251161754131317, 0.024583417922258377]","[-1.9074231386184692, -0.5583722591400146]",5.802844047546387,8.476953744888306,2.8325631618499756,5.983282089233398,5.983282089233398,5.98350191116333,0.00021982192993164062,0.026444604620337486,0.18889446556568146,0.9999902248382568,False
syco_bullshit_v2_sw_pnf_03,+C,False,47,1,0,True,True,"[-0.22010083496570587, 0.06792576611042023]","[-1.7842460870742798, -0.46196091175079346]",5.802844047546387,8.476953744888306,2.9632863998413086,5.967177391052246,5.967177391052246,5.967304706573486,0.00012731552124023438,0.026459217071533203,0.18695197999477386,0.9999901652336121,False
syco_bullshit_v2_sw_pnf_03,+C,False,48,1,0,True,True,"[0.2109421044588089, 0.06705342233181]","[-1.5268068313598633, -0.479139506816864]",5.802844047546387,8.476953744888306,2.7531540393829346,5.803587913513184,5.803587913513184,5.804152965545654,0.0005650520324707031,0.026291996240615845,0.18748073279857635,0.9999897480010986,False
syco_bullshit_v2_sw_pnf_03,+C,False,49,1,0,True,True,"[0.25529685616493225, -0.45406123995780945]","[-1.6050477027893066, -0.7565332651138306]",5.802844047546387,8.476953744888306,2.478045701980591,5.679452419281006,5.679452419281006,5.6813225746154785,0.0018701553344726562,0.026047727093100548,0.19124042987823486,0.9999895691871643,False
syco_bullshit_v2_sw_pnf_03,+C,False,50,1,0,True,True,"[0.6750408411026001, 0.0034790635108947754]","[-1.5175130367279053, -0.8197887539863586]",5.802844047546387,8.476953744888306,2.496434450149536,5.587934494018555,5.5879340171813965,5.587669372558594,0.0002646446228027344,0.028419554233551025,0.1919662207365036,0.9999870657920837,False
syco_bullshit_v2_sw_pnf_03,+C,False,51,1,0,True,True,"[0.27890583872795105, -0.3938280940055847]","[-1.8664737939834595, -0.6995580196380615]",5.802844047546387,8.476953744888306,2.495864152908325,5.875652313232422,5.875651836395264,5.877542018890381,0.0018901824951171875,0.02508801594376564,0.18506167829036713,0.9999908804893494,False
syco_bullshit_v2_sw_pnf_03,+C,False,52,1,0,True,True,"[0.37913739681243896, -0.44135022163391113]","[-1.0915462970733643, -0.6629199981689453]",5.802844047546387,8.476953744888306,2.4239799976348877,5.424604415893555,5.424604415893555,5.425083637237549,0.0004792213439941406,0.026468269526958466,0.17404286563396454,0.9999880194664001,False
syco_bullshit_v2_sw_pnf_03,+C,False,53,1,0,True,True,"[0.3387081027030945, -0.0110105499625206]","[-1.5700691938400269, -0.8268477320671082]",5.802844047546387,8.476953744888306,2.65301513671875,5.616618633270264,5.616618633270264,5.617222309112549,0.0006036758422851562,0.027897588908672333,0.18766798079013824,0.9999876022338867,False
syco_bullshit_v2_sw_pnf_03,+C,False,54,1,0,True,True,"[1.0312447547912598, -0.06569579243659973]","[-1.5325713157653809, -0.7398511171340942]",5.802844047546387,8.476953744888306,2.2894821166992188,5.64567756652832,5.64567756652832,5.6453962326049805,0.00028133392333984375,0.02725209854543209,0.1904783397912979,0.9999882578849792,False
syco_bullshit_v2_sw_pnf_03,+C,False,55,1,0,True,True,"[0.5209639072418213, -0.29676830768585205]","[-1.6004676818847656, -0.8681130409240723]",5.802844047546387,8.476953744888306,2.4253203868865967,5.609513759613037,5.609513759613037,5.610490322113037,0.0009765625,0.025037284940481186,0.17731784284114838,0.9999900460243225,False
syco_bullshit_v2_sw_pnf_03,+C,False,56,1,0,True,True,"[0.599432110786438, 0.008770003914833069]","[-1.3631380796432495, -0.4065687954425812]",5.802844047546387,8.476953744888306,2.5357930660247803,5.747314929962158,5.747314929962158,5.7459893226623535,0.0013256072998046875,0.02605201117694378,0.18629620969295502,0.9999898672103882,False
syco_bullshit_v2_sw_pnf_03,+C,False,57,1,0,True,True,"[1.519153118133545, -0.4120463728904724]","[-1.2014868259429932, -0.5998085737228394]",5.802844047546387,8.476953744888306,1.8836044073104858,5.531156539916992,5.531156539916992,5.529091835021973,0.0020647048950195312,0.027630332857370377,0.18388620018959045,0.9999876022338867,False
syco_bullshit_v2_sw_pnf_03,+C,False,58,1,0,True,True,"[0.6330795288085938, 0.00799959059804678]","[-1.1282156705856323, -0.49797752499580383]",5.802844047546387,8.476953744888306,2.5190482139587402,5.547940254211426,5.547940254211426,5.546426773071289,0.0015134811401367188,0.02464541606605053,0.17322741448879242,0.9999901652336121,False
syco_bullshit_v2_sw_pnf_03,+C,False,59,1,0,True,True,"[0.021679839119315147, 0.0723404809832573]","[-0.860430896282196, -0.2645823359489441]",5.802844047546387,8.476953744888306,2.847804546356201,5.527276992797852,5.527276992797852,5.527348518371582,7.152557373046875e-05,0.019641337916254997,0.152707040309906,0.9999936819076538,False
syco_bullshit_v2_sw_pnf_03,+C,False,60,1,0,True,True,"[0.22080902755260468, 0.19257384538650513]","[-1.5616455078125, -0.5625796318054199]",5.802844047546387,8.476953744888306,2.8094210624694824,5.773161888122559,5.7731614112854,5.771677494049072,0.001483917236328125,0.023307135328650475,0.17028246819972992,0.9999918937683105,False
syco_bullshit_v2_sw_pnf_03,-C,False,0,69,68,True,True,"[0.2076493799686432, 0.08378224819898605]","[-1.5502445697784424, 0.38095927238464355]",-2.4792703986167908,-7.5542134046554565,1.266459584236145,3.4255640506744385,3.4255640506744385,3.427150011062622,0.0015859603881835938,0.01944335177540779,0.13685917854309082,0.9999840259552002,False
syco_bullshit_v2_sw_pnf_03,-C,False,1,1,0,True,True,"[0.281795471906662, 0.10260073095560074]","[-1.169588327407837, -0.13119915127754211]",-2.4792703986167908,-7.5542134046554565,1.293377161026001,3.9683403968811035,3.9683403968811035,3.9680261611938477,0.0003142356872558594,0.019808130338788033,0.149663046002388,0.9999874830245972,False
syco_bullshit_v2_sw_pnf_03,-C,False,2,1,0,True,True,"[0.4027960002422333, 0.13117100298404694]","[-1.5916752815246582, -0.17076057195663452]",-2.4792703986167908,-7.5542134046554565,1.3383457660675049,3.734992504119873,3.734992504119873,3.7345471382141113,0.00044536590576171875,0.024229038506746292,0.14437316358089447,0.9999788999557495,False
syco_bullshit_v2_sw_pnf_03,-C,False,3,1,0,True,True,"[-0.01973121613264084, -0.17204904556274414]","[-1.0774259567260742, -0.577081024646759]",-2.4792703986167908,-7.5542134046554565,1.2803012132644653,4.2958855628967285,4.2958855628967285,4.29610013961792,0.00021457672119140625,0.02230367809534073,0.1573711484670639,0.9999865293502808,False
syco_bullshit_v2_sw_pnf_03,-C,False,4,1,0,True,True,"[0.16216637194156647, -0.02543463557958603]","[-1.211696743965149, -0.8613238334655762]",-2.4792703986167908,-7.5542134046554565,1.2974669933319092,4.390857696533203,4.390857696533203,4.391074180603027,0.00021648406982421875,0.028351714834570885,0.16778461635112762,0.9999792575836182,False
syco_bullshit_v2_sw_pnf_03,-C,False,5,1,0,True,True,"[-0.1315205991268158, 0.2824302911758423]","[-0.8935896754264832, -0.6750983595848083]",-2.4792703986167908,-7.5542134046554565,1.0048043727874756,4.46738862991333,4.467388153076172,4.46863317489624,0.0012450218200683594,0.02720603533089161,0.1679006814956665,0.9999814629554749,False
syco_bullshit_v2_sw_pnf_03,-C,False,6,1,0,True,True,"[0.3780089020729065, 0.26133042573928833]","[-0.8108844757080078, -0.3595166504383087]",-2.4792703986167908,-7.5542134046554565,1.2629622220993042,4.327730178833008,4.327730178833008,4.328752517700195,0.0010223388671875,0.02295015938580036,0.16833440959453583,0.9999860525131226,False
syco_bullshit_v2_sw_pnf_03,-C,False,7,1,0,True,True,"[0.7054280042648315, 0.3919747471809387]","[-1.067320466041565, -0.14313998818397522]",-2.4792703986167908,-7.5542134046554565,1.35869562625885,4.038455963134766,4.038455963134766,4.040286064147949,0.0018301010131835938,0.022805001586675644,0.16314299404621124,0.999984085559845,False
syco_bullshit_v2_sw_pnf_03,-C,False,8,1,0,True,True,"[0.503856897354126, 0.27581796050071716]","[-1.199353575706482, -0.3541700541973114]",-2.4792703986167908,-7.5542134046554565,1.3171405792236328,4.088248252868652,4.088248252868652,4.0871171951293945,0.0011310577392578125,0.02219819836318493,0.1531415432691574,0.99998539686203,False
syco_bullshit_v2_sw_pnf_03,-C,False,9,1,0,True,True,"[0.47800683975219727, -0.005213776603341103]","[-1.5067073106765747, -0.34602734446525574]",-2.4792703986167908,-7.5542134046554565,1.4412896633148193,3.894829511642456,3.894829511642456,3.8950746059417725,0.00024509429931640625,0.02406148798763752,0.1475701481103897,0.9999809265136719,False
syco_bullshit_v2_sw_pnf_03,-C,False,10,1,0,True,True,"[0.501491367816925, 0.006106279790401459]","[-1.1603224277496338, -0.34309911727905273]",-2.4792703986167908,-7.5542134046554565,1.4472079277038574,4.105339527130127,4.105339527130127,4.106221675872803,0.0008821487426757812,0.02530374750494957,0.15646935999393463,0.9999810457229614,False
syco_bullshit_v2_sw_pnf_03,-C,False,11,1,0,True,True,"[0.13524241745471954, -0.060481127351522446]","[-1.365067481994629, -0.3289766311645508]",-2.4792703986167908,-7.5542134046554565,1.301418662071228,3.969315767288208,3.969315767288208,3.9680609703063965,0.0012547969818115234,0.024998581036925316,0.1514492779970169,0.9999802112579346,False
syco_bullshit_v2_sw_pnf_03,-C,False,12,1,0,True,True,"[-0.2906331419944763, 0.2934185564517975]","[-1.852005958557129, -0.23122870922088623]",-2.4792703986167908,-7.5542134046554565,0.9220480918884277,3.6157140731811523,3.6157138347625732,3.6168293952941895,0.001115560531616211,0.024239670485258102,0.14623714983463287,0.9999775886535645,False
syco_bullshit_v2_sw_pnf_03,-C,False,13,1,0,True,True,"[-0.21158869564533234, 0.6229300498962402]","[-2.0962300300598145, -0.03372383117675781]",-2.4792703986167908,-7.5542134046554565,0.8001927137374878,3.345681667327881,3.345681667327881,3.3441836833953857,0.0014979839324951172,0.023819759488105774,0.15212199091911316,0.99997478723526,False
syco_bullshit_v2_sw_pnf_03,-C,False,14,1,0,True,True,"[0.10437604039907455, 0.5182170867919922]","[-1.8478407859802246, -0.30701661109924316]",-2.4792703986167908,-7.5542134046554565,1.0048577785491943,3.6641998291015625,3.6641995906829834,3.666100263595581,0.0019006729125976562,0.02629677951335907,0.15789230167865753,0.9999743700027466,False
syco_bullshit_v2_sw_pnf_03,-C,False,15,1,0,True,True,"[0.14786766469478607, 0.3805965185165405]","[-1.7025158405303955, 0.0956781804561615]",-2.4792703986167908,-7.5542134046554565,1.0929710865020752,3.5080406665802,3.5080406665802,3.5088534355163574,0.0008127689361572266,0.023241320624947548,0.14931714534759521,0.9999780654907227,False
syco_bullshit_v2_sw_pnf_03,-C,False,16,1,0,True,True,"[0.22882771492004395, 0.07972356677055359]","[-1.5703004598617554, -0.21865011751651764]",-2.4792703986167908,-7.5542134046554565,1.2787377834320068,3.7797398567199707,3.7797396183013916,3.778573513031006,0.0011661052703857422,0.023940283805131912,0.14917410910129547,0.9999799728393555,False
syco_bullshit_v2_sw_pnf_03,-C,False,17,1,0,True,True,"[0.4938974678516388, -0.3554515540599823]","[-1.4382818937301636, -0.37474918365478516]",-2.4792703986167908,-7.5542134046554565,1.6194157600402832,3.95297908782959,3.952979326248169,3.952923059463501,5.626678466796875e-05,0.025706129148602486,0.15643160045146942,0.9999788999557495,False
syco_bullshit_v2_sw_pnf_03,-C,False,18,1,0,True,True,"[0.5203548073768616, -0.20014329254627228]","[-1.5389535427093506, -0.7983719110488892]",-2.4792703986167908,-7.5542134046554565,1.5567282438278198,4.151214599609375,4.151214599609375,4.150853157043457,0.00036144256591796875,0.0237013790756464,0.15739761292934418,0.9999836683273315,False
syco_bullshit_v2_sw_pnf_03,-C,False,19,1,0,True,True,"[0.19229009747505188, -0.30611348152160645]","[-1.586645245552063, -0.6208247542381287]",-2.4792703986167908,-7.5542134046554565,1.448676347732544,4.012470722198486,4.012470722198486,4.0125508308410645,8.0108642578125e-05,0.02606254070997238,0.15940196812152863,0.9999788403511047,False
syco_bullshit_v2_sw_pnf_03,-C,False,20,1,0,True,True,"[0.23535458743572235, -0.03084876760840416]","[-1.8121634721755981, -0.5308059453964233]",-2.4792703986167908,-7.5542134046554565,1.3357080221176147,3.8226699829101562,3.8226699829101562,3.823763608932495,0.0010936260223388672,0.024377046152949333,0.1590576320886612,0.9999797940254211,False
syco_bullshit_v2_sw_pnf_03,-C,False,21,1,0,True,True,"[0.13757725059986115, -0.08727405220270157]","[-2.1091670989990234, -0.691590428352356]",-2.4792703986167908,-7.5542134046554565,1.3155896663665771,3.736813545227051,3.73681378364563,3.7369894981384277,0.00017571449279785156,0.02155723050236702,0.14721214771270752,0.9999833703041077,False
syco_bullshit_v2_sw_pnf_03,-C,False,22,1,0,True,True,"[-0.10393229126930237, 0.0819171592593193]","[-1.9614768028259277, -0.5064939260482788]",-2.4792703986167908,-7.5542134046554565,1.1157785654067993,3.7147693634033203,3.7147693634033203,3.715945243835449,0.0011758804321289062,0.023342810571193695,0.15053792297840118,0.9999803304672241,False
syco_bullshit_v2_sw_pnf_03,-C,False,23,1,0,True,True,"[-0.27981793880462646, 0.09560705721378326]","[-1.9168107509613037, -1.0002106428146362]",-2.4792703986167908,-7.5542134046554565,1.023547649383545,4.044975280761719,4.044975757598877,4.044500350952148,0.0004754066467285156,0.023170463740825653,0.1504322737455368,0.9999837279319763,False
syco_bullshit_v2_sw_pnf_03,-C,False,24,1,0,True,True,"[-0.24196869134902954, 0.32954472303390503]","[-2.0715770721435547, -0.3336760997772217]",-2.4792703986167908,-7.5542134046554565,0.928148090839386,3.5436954498291016,3.5436954498291016,3.5432841777801514,0.0004112720489501953,0.024551058188080788,0.1575697511434555,0.9999760389328003,False
syco_bullshit_v2_sw_pnf_03,-C,False,25,1,0,True,True,"[-0.00567021407186985, 0.440879225730896]","[-1.9578261375427246, -0.31999102234840393]",-2.4792703986167908,-7.5542134046554565,0.9889447093009949,3.6026570796966553,3.6026570796966553,3.601013422012329,0.0016436576843261719,0.02512293867766857,0.15350283682346344,0.999975860118866,False
syco_bullshit_v2_sw_pnf_03,-C,False,26,1,0,True,True,"[0.21550461649894714, 0.4514995515346527]","[-1.6789263486862183, 0.02191317453980446]",-2.4792703986167908,-7.5542134046554565,1.0913822650909424,3.5666892528533936,3.5666887760162354,3.5669991970062256,0.0003104209899902344,0.02222832851111889,0.14550168812274933,0.9999805092811584,False
syco_bullshit_v2_sw_pnf_03,-C,False,27,1,0,True,True,"[0.7769870162010193, 0.35448864102363586]","[-1.4030122756958008, -0.5007254481315613]",-2.4792703986167908,-7.5542134046554565,1.4117475748062134,4.054427623748779,4.054427623748779,4.053413391113281,0.0010142326354980469,0.024683436378836632,0.15259747207164764,0.9999814033508301,False
syco_bullshit_v2_sw_pnf_03,-C,False,28,1,0,True,True,"[0.41111329197883606, -0.051890138536691666]","[-1.0938044786453247, -0.7764613628387451]",-2.4792703986167908,-7.5542134046554565,1.4314537048339844,4.409252166748047,4.409252166748047,4.408463954925537,0.0007882118225097656,0.023318078368902206,0.15674631297588348,0.9999861717224121,False
syco_bullshit_v2_sw_pnf_03,-C,False,29,1,0,True,True,"[0.015960905700922012, 0.20152798295021057]","[-1.3628723621368408, -0.5335618853569031]",-2.4792703986167908,-7.5542134046554565,1.1159158945083618,4.097271919250488,4.097271919250488,4.098618507385254,0.001346588134765625,0.02539067715406418,0.15964491665363312,0.9999808073043823,False
syco_bullshit_v2_sw_pnf_03,-C,False,30,1,0,True,True,"[-0.057785581797361374, 0.744240403175354]","[-1.50454843044281, -0.3161872327327728]",-2.4792703986167908,-7.5542134046554565,0.8160008192062378,3.8782830238342285,3.8782830238342285,3.8770062923431396,0.0012767314910888672,0.025086339563131332,0.15964867174625397,0.9999791383743286,False
syco_bullshit_v2_sw_pnf_03,-C,False,31,1,0,True,True,"[0.09295939654111862, 0.12069499492645264]","[-1.6690233945846558, -0.7814797759056091]",-2.4792703986167908,-7.5542134046554565,1.1927028894424438,4.061590194702148,4.061590194702148,4.060841083526611,0.0007491111755371094,0.02443580888211727,0.1576971560716629,0.9999819993972778,False
syco_bullshit_v2_sw_pnf_03,-C,False,32,1,0,True,True,"[-0.09262670576572418, 0.5405740141868591]","[-1.9765493869781494, -0.590382993221283]",-2.4792703986167908,-7.5542134046554565,0.8981364965438843,3.755995750427246,3.755995750427246,3.757444143295288,0.0014483928680419922,0.0228874571621418,0.1510831117630005,0.9999815225601196,False
syco_bullshit_v2_sw_pnf_03,-C,False,33,1,0,True,True,"[0.26245948672294617, 0.3053790032863617]","[-1.786570429801941, -0.663865327835083]",-2.4792703986167908,-7.5542134046554565,1.185315728187561,3.9179182052612305,3.9179182052612305,3.9166009426116943,0.0013172626495361328,0.02389894239604473,0.15357354283332825,0.9999815225601196,False
syco_bullshit_v2_sw_pnf_03,-C,False,34,1,0,True,True,"[-0.21487706899642944, 0.4655737280845642]","[-1.569326639175415, -0.734502911567688]",-2.4792703986167908,-7.5542134046554565,0.8751487135887146,4.094483375549316,4.094483375549316,4.095566272735596,0.0010828971862792969,0.02493046596646309,0.16375744342803955,0.9999815225601196,False
syco_bullshit_v2_sw_pnf_03,-C,False,35,1,0,True,True,"[0.04331989213824272, 0.8139971494674683]","[-1.7850868701934814, -0.4091137647628784]",-2.4792703986167908,-7.5542134046554565,0.8312523365020752,3.7642664909362793,3.7642664909362793,3.764002561569214,0.0002639293670654297,0.026787089183926582,0.16299355030059814,0.9999747276306152,False
syco_bullshit_v2_sw_pnf_03,-C,False,36,1,0,True,True,"[0.19374871253967285, 0.5298693180084229]","[-1.3134065866470337, 0.2848951816558838]",-2.4792703986167908,-7.5542134046554565,1.042669653892517,3.627746105194092,3.627746343612671,3.628390073776245,0.0006437301635742188,0.02533859945833683,0.15898743271827698,0.9999758005142212,False
syco_bullshit_v2_sw_pnf_03,-C,False,37,1,0,True,True,"[0.10728206485509872, 0.31891655921936035]","[-1.6833772659301758, -0.5606175065040588]",-2.4792703986167908,-7.5542134046554565,1.103233814239502,3.9175162315368652,3.9175162315368652,3.9173154830932617,0.00020074844360351562,0.02468937449157238,0.15249140560626984,0.999980092048645,False
syco_bullshit_v2_sw_pnf_03,-C,False,38,1,0,True,True,"[0.17194662988185883, 0.14000768959522247]","[-1.4085265398025513, -0.5505003333091736]",-2.4792703986167908,-7.5542134046554565,1.2217353582382202,4.080503940582275,4.080504417419434,4.0793938636779785,0.0011105537414550781,0.025053974241018295,0.15634147822856903,0.999981164932251,False
syco_bullshit_v2_sw_pnf_03,-C,False,39,1,0,True,True,"[0.06045009195804596, 0.07524508237838745]","[-1.3917667865753174, -0.46441927552223206]",-2.4792703986167908,-7.5542134046554565,1.1989986896514893,4.035592079162598,4.035592079162598,4.034979343414307,0.0006127357482910156,0.02345109172165394,0.15063871443271637,0.9999831914901733,False
syco_bullshit_v2_sw_pnf_03,-C,False,40,1,0,True,True,"[-0.020410574972629547, 0.09171705693006516]","[-1.9262820482254028, -0.6238589286804199]",-2.4792703986167908,-7.5542134046554565,1.151645302772522,3.809828996658325,3.809828758239746,3.807176113128662,0.0026526451110839844,0.02294449880719185,0.1453431397676468,0.9999819993972778,False
syco_bullshit_v2_sw_pnf_03,-C,False,41,1,0,True,True,"[-0.052675243467092514, 0.3132019639015198]","[-1.3693841695785522, -0.46347108483314514]",-2.4792703986167908,-7.5542134046554565,1.0281927585601807,4.047511100769043,4.047511100769043,4.0473785400390625,0.00013256072998046875,0.026570821180939674,0.15954507887363434,0.9999783635139465,False
syco_bullshit_v2_sw_pnf_03,-C,False,42,1,0,True,True,"[0.07185421884059906, -0.012547247111797333]","[-1.3232835531234741, -0.6453407406806946]",-2.4792703986167908,-7.5542134046554565,1.2472590208053589,4.189641952514648,4.189641952514648,4.189620018005371,2.193450927734375e-05,0.02494932897388935,0.15393610298633575,0.9999822974205017,False
syco_bullshit_v2_sw_pnf_03,-C,False,43,1,0,True,True,"[-0.1113477349281311, 0.2615364193916321]","[-1.714394211769104, -0.37719765305519104]",-2.4792703986167908,-7.5542134046554565,1.024783730506897,3.788193941116333,3.788193941116333,3.786323070526123,0.001870870590209961,0.024535583332180977,0.15282557904720306,0.9999791383743286,False
syco_bullshit_v2_sw_pnf_03,-C,False,44,1,0,True,True,"[-0.32756397128105164, 0.3374375104904175]","[-1.4747354984283447, -0.6346567869186401]",-2.4792703986167908,-7.5542134046554565,0.8826649785041809,4.090826034545898,4.090826034545898,4.093774795532227,0.002948760986328125,0.027039656415581703,0.16472069919109344,0.9999784231185913,False
syco_bullshit_v2_sw_pnf_03,-C,False,45,1,0,True,True,"[-0.18212097883224487, 0.36975330114364624]","[-1.9433296918869019, -0.6905638575553894]",-2.4792703986167908,-7.5542134046554565,0.9377027750015259,3.838477611541748,3.838477849960327,3.837322235107422,0.0011556148529052734,0.02504478581249714,0.16295726597309113,0.9999788403511047,False
syco_bullshit_v2_sw_pnf_03,-C,False,46,1,0,True,True,"[-0.770235538482666, 0.025500550866127014]","[-1.53758704662323, -0.7719017267227173]",-2.4792703986167908,-7.5542134046554565,0.8190609216690063,4.135366439819336,4.135366439819336,4.133944511413574,0.0014219284057617188,0.024950357154011726,0.1553366333246231,0.9999819397926331,False
syco_bullshit_v2_sw_pnf_03,-C,False,47,1,0,True,True,"[-0.6695000529289246, 0.08567123860120773]","[-1.6378223896026611, -0.6854112148284912]",-2.4792703986167908,-7.5542134046554565,0.8387962579727173,4.020132541656494,4.020132541656494,4.021846771240234,0.0017142295837402344,0.025208041071891785,0.15429715812206268,0.9999803900718689,False
syco_bullshit_v2_sw_pnf_03,-C,False,48,1,0,True,True,"[-0.32625287771224976, 0.1366315484046936]","[-1.9656658172607422, -0.6691198348999023]",-2.4792703986167908,-7.5542134046554565,0.9809975028038025,3.813101053237915,3.813101291656494,3.813459634780884,0.00035834312438964844,0.023374993354082108,0.15079016983509064,0.9999812841415405,False
syco_bullshit_v2_sw_pnf_03,-C,False,49,1,0,True,True,"[-0.28298670053482056, -0.05481446534395218]","[-1.4220942258834839, -0.6495161056518555]",-2.4792703986167908,-7.5542134046554565,1.0951879024505615,4.130801677703857,4.130801677703857,4.130477428436279,0.000324249267578125,0.025178145617246628,0.15507210791110992,0.9999815225601196,False
syco_bullshit_v2_sw_pnf_03,-C,False,50,1,0,True,True,"[-0.3378220498561859, 0.33454665541648865]","[-1.734035611152649, -0.7322511076927185]",-2.4792703986167908,-7.5542134046554565,0.8790807127952576,3.9914586544036865,3.9914586544036865,3.9901347160339355,0.0013239383697509766,0.025676371529698372,0.16101926565170288,0.9999793767929077,False
syco_bullshit_v2_sw_pnf_03,-C,False,51,1,0,True,True,"[-0.23113882541656494, 0.2834693193435669]","[-1.704469919204712, -0.7940099835395813]",-2.4792703986167908,-7.5542134046554565,0.9558332562446594,4.048327445983887,4.048327445983887,4.050512790679932,0.002185344696044922,0.025707365944981575,0.1675935536623001,0.9999799728393555,False
syco_bullshit_v2_sw_pnf_03,-C,False,52,1,0,True,True,"[0.11720223724842072, 0.03783019259572029]","[-1.7114866971969604, -0.8475833535194397]",-2.4792703986167908,-7.5542134046554565,1.2448121309280396,4.077480792999268,4.077480792999268,4.077149868011475,0.00033092498779296875,0.02527044154703617,0.15833675861358643,0.9999808073043823,False
syco_bullshit_v2_sw_pnf_03,-C,False,53,1,0,True,True,"[-0.06824229657649994, -0.0167078897356987]","[-1.8415420055389404, -0.8274192214012146]",-2.4792703986167908,-7.5542134046554565,1.1811245679855347,3.982053756713867,3.982053756713867,3.983234167098999,0.001180410385131836,0.02511565573513508,0.15649865567684174,0.9999801516532898,False
syco_bullshit_v2_sw_pnf_03,-C,False,54,1,0,True,True,"[-0.017603471875190735, -0.14577364921569824]","[-1.378175139427185, -0.7124711275100708]",-2.4792703986167908,-7.5542134046554565,1.2685531377792358,4.195822238922119,4.195822238922119,4.196046352386475,0.00022411346435546875,0.024424288421869278,0.15828032791614532,0.999983012676239,False
syco_bullshit_v2_sw_pnf_03,-C,False,55,1,0,True,True,"[-0.27033883333206177, 0.646519124507904]","[-1.7270076274871826, -0.6019795536994934]",-2.4792703986167908,-7.5542134046554565,0.7601335644721985,3.916822671890259,3.916822910308838,3.9169483184814453,0.00012540817260742188,0.027259662747383118,0.1667938083410263,0.9999758005142212,False
syco_bullshit_v2_sw_pnf_03,-C,False,56,1,0,True,True,"[-0.17246033251285553, 0.22252096235752106]","[-2.06257700920105, -0.8133293390274048]",-2.4792703986167908,-7.5542134046554565,1.0140331983566284,3.8431546688079834,3.8431546688079834,3.844074249267578,0.0009195804595947266,0.02451244741678238,0.15869839489459991,0.9999797344207764,False
syco_bullshit_v2_sw_pnf_03,-C,False,57,1,0,True,True,"[-0.40686941146850586, 0.290089875459671]","[-2.225933074951172, -0.6255093812942505]",-2.4792703986167908,-7.5542134046554565,0.8671171069145203,3.625581979751587,3.625581979751587,3.625847816467285,0.0002658367156982422,0.02353089489042759,0.156282439827919,0.9999790191650391,False
syco_bullshit_v2_sw_pnf_03,-C,False,58,1,0,True,True,"[-0.3750201165676117, 0.700569748878479]","[-2.2161219120025635, -0.3531804382801056]",-2.4792703986167908,-7.5542134046554565,0.6829084753990173,3.4664056301116943,3.4664056301116943,3.4656214714050293,0.0007841587066650391,0.025116728618741035,0.16253356635570526,0.9999737739562988,False
syco_bullshit_v2_sw_pnf_03,-C,False,59,1,0,True,True,"[-0.34645864367485046, -0.1873064935207367]","[-1.6884114742279053, -0.5408841967582703]",-2.4792703986167908,-7.5542134046554565,1.1287672519683838,3.904026508331299,3.9040262699127197,3.9040238857269287,2.384185791015625e-06,0.025491254404187202,0.15380129218101501,0.9999786615371704,False
syco_bullshit_v2_sw_pnf_03,-C,False,60,1,0,True,True,"[-0.1482153683900833, 0.32362625002861023]","[-1.6378915309906006, -0.30301231145858765]",-2.4792703986167908,-7.5542134046554565,0.9766397476196289,3.7894842624664307,3.7894842624664307,3.7884583473205566,0.0010259151458740234,0.02660960517823696,0.1601947844028473,0.9999753832817078,False
syco_bullshit_v2_sw_pnf_03,-C,False,61,1,0,True,True,"[-0.16273672878742218, -0.05486273765563965]","[-1.6383486986160278, -0.5623477697372437]",-2.4792703986167908,-7.5542134046554565,1.153714656829834,3.9457361698150635,3.9457361698150635,3.944608211517334,0.0011279582977294922,0.025482993572950363,0.15372028946876526,0.9999792575836182,False
syco_bullshit_v2_sw_pnf_03,-C,False,62,1,0,True,True,"[-0.11395125091075897, -0.24616631865501404]","[-1.4976342916488647, -0.5965750813484192]",-2.4792703986167908,-7.5542134046554565,1.2705209255218506,4.054017066955566,4.054017066955566,4.0532917976379395,0.0007252693176269531,0.024301236495375633,0.15736187994480133,0.9999821186065674,False
syco_bullshit_v2_sw_pnf_03,-C,False,63,1,0,True,True,"[0.08597223460674286, -0.05998673290014267]","[-1.5928254127502441, -0.45641520619392395]",-2.4792703986167908,-7.5542134046554565,1.277207612991333,3.909703493118286,3.909703254699707,3.910268545150757,0.0005652904510498047,0.026203207671642303,0.162240669131279,0.9999774694442749,False
syco_bullshit_v2_sw_pnf_03,-C,False,64,1,0,True,True,"[0.17973875999450684, 0.21979855000972748]","[-2.0225167274475098, -0.5475281476974487]",-2.4792703986167908,-7.5542134046554565,1.1867071390151978,3.701828956604004,3.701828718185425,3.7031519412994385,0.0013232231140136719,0.025449711829423904,0.16062362492084503,0.999976396560669,False
syco_bullshit_v2_sw_pnf_03,-C,False,65,1,0,True,True,"[-0.10485754907131195, 0.5973806381225586]","[-1.6544184684753418, -0.05490608513355255]",-2.4792703986167908,-7.5542134046554565,0.8645488619804382,3.6266305446624756,3.6266305446624756,3.6270151138305664,0.0003845691680908203,0.020578725263476372,0.14641085267066956,0.9999839067459106,False
syco_bullshit_v2_sw_pnf_03,-C,False,66,1,0,True,True,"[-0.14907206594944, 0.24616345763206482]","[-0.9058836102485657, -0.1252952367067337]",-2.4792703986167908,-7.5542134046554565,1.0139095783233643,4.12654447555542,4.12654447555542,4.12603759765625,0.0005068778991699219,0.017087986692786217,0.13121278584003448,0.9999914169311523,False
syco_bullshit_v2_sw_pnf_03,-C,False,67,1,0,True,True,"[-0.42396512627601624, 0.7216850519180298]","[-2.3676836490631104, -0.42407000064849854]",-2.4792703986167908,-7.5542134046554565,0.6488232612609863,3.417215347290039,3.417215347290039,3.4174082279205322,0.00019288063049316406,0.021105032414197922,0.13479407131671906,0.9999809861183167,False
syco_bullshit_v2_sw_pnf_04,+C,False,0,75,74,True,True,"[0.4303436577320099, 0.17216593027114868]","[-1.573896050453186, 0.7487247586250305]",5.802844047546387,8.476953744888306,2.6975507736206055,6.577950954437256,6.577951431274414,6.579533100128174,0.0015816688537597656,0.02549191191792488,0.18652231991291046,0.9999925494194031,False
syco_bullshit_v2_sw_pnf_04,+C,False,1,1,0,True,True,"[0.0872679054737091, 0.059074487537145615]","[-1.3536489009857178, -0.11881230771541595]",5.802844047546387,8.476953744888306,2.809441089630127,5.916972637176514,5.916972637176514,5.9162917137146,0.0006809234619140625,0.02421088144183159,0.17807985842227936,0.9999916553497314,False
syco_bullshit_v2_sw_pnf_04,+C,False,2,1,0,True,True,"[-0.3669396936893463, 0.4353780150413513]","[-1.5140700340270996, -0.3646288216114044]",5.802844047546387,8.476953744888306,3.2134952545166016,5.863205432891846,5.863205909729004,5.863161087036133,4.482269287109375e-05,0.027692614123225212,0.1901591569185257,0.9999889135360718,False
syco_bullshit_v2_sw_pnf_04,+C,False,3,1,0,True,True,"[-0.3906902074813843, 0.5886514782905579]","[-1.1783150434494019, -0.3123428523540497]",5.802844047546387,8.476953744888306,3.2996199131011963,5.692640781402588,5.692640781402588,5.691586494445801,0.0010542869567871094,0.028206640854477882,0.18709062039852142,0.9999877214431763,False
syco_bullshit_v2_sw_pnf_04,+C,False,4,1,0,True,True,"[-0.12137037515640259, 0.47880855202674866]","[-0.8798574805259705, -0.04453791677951813]",5.802844047546387,8.476953744888306,3.115152359008789,5.672646999359131,5.672646522521973,5.6735334396362305,0.0008869171142578125,0.026308994740247726,0.19119684398174286,0.9999892711639404,False
syco_bullshit_v2_sw_pnf_04,+C,False,5,1,0,True,True,"[0.5172674655914307, 0.5435866713523865]","[-1.0753295421600342, 0.15486910939216614]",5.802844047546387,8.476953744888306,2.8359620571136475,5.912310600280762,5.912310600280762,5.914753437042236,0.0024428367614746094,0.024586504325270653,0.19424620270729065,0.9999915361404419,False
syco_bullshit_v2_sw_pnf_04,+C,False,6,1,0,True,True,"[0.44869565963745117, -0.3323824405670166]","[-0.8293137550354004, -0.1773473173379898]",5.802844047546387,8.476953744888306,2.443153142929077,5.558708667755127,5.558708667755127,5.557969093322754,0.0007395744323730469,0.024967104196548462,0.17673362791538239,0.9999898672103882,False
syco_bullshit_v2_sw_pnf_04,+C,False,7,1,0,True,True,"[0.6408769488334656, -0.07751244306564331]","[-0.743807852268219, -0.18431368470191956]",5.802844047546387,8.476953744888306,2.473651885986328,5.504734516143799,5.504734516143799,5.505830764770508,0.0010962486267089844,0.025039279833436012,0.18198685348033905,0.9999897480010986,False
syco_bullshit_v2_sw_pnf_04,+C,False,8,1,0,True,True,"[0.5622261762619019, -0.2753222584724426]","[-1.1531517505645752, -0.3336447477340698]",5.802844047546387,8.476953744888306,2.415679693222046,5.662653923034668,5.662653923034668,5.660454273223877,0.0021996498107910156,0.02390526607632637,0.18070171773433685,0.9999911785125732,False
syco_bullshit_v2_sw_pnf_04,+C,False,9,1,0,True,True,"[0.10438060015439987, 0.3181089758872986]","[-1.2309379577636719, -0.19787389039993286]",5.802844047546387,8.476953744888306,2.9271392822265625,5.793773174285889,5.793773174285889,5.794734477996826,0.0009613037109375,0.025217322632670403,0.18082259595394135,0.9999904632568359,False
syco_bullshit_v2_sw_pnf_04,+C,False,10,1,0,True,True,"[0.12063431739807129, 0.16485773026943207]","[-0.7353352308273315, -0.04826037585735321]",5.802844047546387,8.476953744888306,2.844672679901123,5.582672595977783,5.582673072814941,5.581375598907471,0.0012974739074707031,0.028321990743279457,0.18569089472293854,0.9999871850013733,False
syco_bullshit_v2_sw_pnf_04,+C,False,11,1,0,True,True,"[-0.04492700472474098, 0.233798086643219]","[-1.365030288696289, 0.03929723799228668]",5.802844047546387,8.476953744888306,2.958760976791382,6.020148277282715,6.020148277282715,6.019161224365234,0.0009870529174804688,0.02668142318725586,0.19067828357219696,0.9999902248382568,False
syco_bullshit_v2_sw_pnf_04,+C,False,12,1,0,True,True,"[0.028126008808612823, 0.2663254737854004]","[-1.1783190965652466, -0.23549801111221313]",5.802844047546387,8.476953744888306,2.939044713973999,5.740073204040527,5.740073204040527,5.737926483154297,0.0021467208862304688,0.028204606845974922,0.1867927759885788,0.9999879598617554,False
syco_bullshit_v2_sw_pnf_04,+C,False,13,1,0,True,True,"[0.040751684457063675, 0.09408320486545563]","[-1.4042716026306152, -0.23406434059143066]",5.802844047546387,8.476953744888306,2.8491039276123047,5.876174449920654,5.876174449920654,5.8770976066589355,0.00092315673828125,0.0259665846824646,0.190946564078331,0.9999903440475464,False
syco_bullshit_v2_sw_pnf_04,+C,False,14,1,0,True,True,"[0.7021011114120483, -0.07328574359416962]","[-1.1485700607299805, -0.14920347929000854]",5.802844047546387,8.476953744888306,2.4459221363067627,5.773795127868652,5.773795127868652,5.773880958557129,8.58306884765625e-05,0.027367375791072845,0.19303514063358307,0.9999886751174927,False
syco_bullshit_v2_sw_pnf_04,+C,False,15,1,0,True,True,"[-0.18224157392978668, 0.3988044857978821]","[-1.7535866498947144, -0.2590036690235138]",5.802844047546387,8.476953744888306,3.105844020843506,6.074860095977783,6.074860095977783,6.074096202850342,0.0007638931274414062,0.02527444250881672,0.18531595170497894,0.9999914169311523,False
syco_bullshit_v2_sw_pnf_04,+C,False,16,1,0,True,True,"[0.4205934703350067, -0.805968701839447]","[-0.5460959076881409, -0.4144858717918396]",5.802844047546387,8.476953744888306,2.226419448852539,5.244435787200928,5.244435787200928,5.246252059936523,0.0018162727355957031,0.02578839100897312,0.1777942031621933,0.9999879598617554,False
syco_bullshit_v2_sw_pnf_04,+C,False,17,1,0,True,True,"[0.19547249376773834, -0.1487618088722229]","[-1.6720868349075317, -0.5158065557479858]",5.802844047546387,8.476953744888306,2.6556832790374756,5.86766242980957,5.867661952972412,5.866360187530518,0.0013017654418945312,0.025868449360132217,0.18495814502239227,0.9999902844429016,False
syco_bullshit_v2_sw_pnf_04,+C,False,18,1,0,True,True,"[-0.15941867232322693, 0.15380847454071045]","[-1.52323317527771, -0.44661906361579895]",5.802844047546387,8.476953744888306,2.9755465984344482,5.820075511932373,5.820075511932373,5.8198394775390625,0.00023603439331054688,0.027285395190119743,0.18611465394496918,0.9999890327453613,False
syco_bullshit_v2_sw_pnf_04,+C,False,19,1,0,True,True,"[-0.09580715000629425, 0.4325827658176422]","[-1.2737525701522827, -0.2739204168319702]",5.802844047546387,8.476953744888306,3.080226182937622,5.772995471954346,5.772995471954346,5.770821571350098,0.002173900604248047,0.026811862364411354,0.1880599856376648,0.9999892711639404,False
syco_bullshit_v2_sw_pnf_04,+C,False,20,1,0,True,True,"[-0.2177351415157318, 0.3287425935268402]","[-1.1449131965637207, -0.44694143533706665]",5.802844047546387,8.476953744888306,3.0890259742736816,5.588080406188965,5.588080406188965,5.587809085845947,0.0002713203430175781,0.026936808601021767,0.17964522540569305,0.9999883770942688,False
syco_bullshit_v2_sw_pnf_04,+C,False,21,1,0,True,True,"[-0.15254321694374084, 0.47799238562583923]","[-1.3081411123275757, -0.2616560757160187]",5.802844047546387,8.476953744888306,3.1299214363098145,5.802458763122559,5.802458763122559,5.80489444732666,0.0024356842041015625,0.027742786332964897,0.1957961469888687,0.9999886751174927,False
syco_bullshit_v2_sw_pnf_04,+C,False,22,1,0,True,True,"[-0.14612005650997162, 0.3974102735519409]","[-1.2736842632293701, -0.2244393527507782]",5.802844047546387,8.476953744888306,3.087592363357544,5.803915500640869,5.803915023803711,5.804897308349609,0.0009822845458984375,0.026904597878456116,0.18519486486911774,0.9999891519546509,False
syco_bullshit_v2_sw_pnf_04,+C,False,23,1,0,True,True,"[0.0645115002989769, 0.34114372730255127]","[-0.9514837861061096, -0.2501237690448761]",5.802844047546387,8.476953744888306,2.957742691040039,5.589383125305176,5.589383602142334,5.588741302490234,0.0006422996520996094,0.029207848012447357,0.193045511841774,0.9999864101409912,False
syco_bullshit_v2_sw_pnf_04,+C,False,24,1,0,True,True,"[0.4207334518432617, 0.4911307692527771]","[-1.231602668762207, -0.24543830752372742]",5.802844047546387,8.476953744888306,2.8574068546295166,5.764675140380859,5.764675140380859,5.764532089233398,0.0001430511474609375,0.02907443977892399,0.19156895577907562,0.9999873042106628,False
syco_bullshit_v2_sw_pnf_04,+C,False,25,1,0,True,True,"[0.05605282634496689, 0.31436753273010254]","[-1.5832570791244507, -0.49599456787109375]",5.802844047546387,8.476953744888306,2.948831081390381,5.827606201171875,5.827605724334717,5.827335834503174,0.00026988983154296875,0.02513205073773861,0.1821490377187729,0.999990701675415,False
syco_bullshit_v2_sw_pnf_04,+C,False,26,1,0,True,True,"[0.2233346849679947, -0.3930790424346924]","[-1.1984692811965942, -0.8042781949043274]",5.802844047546387,8.476953744888306,2.5232646465301514,5.402174472808838,5.402174472808838,5.401372909545898,0.0008015632629394531,0.029528873041272163,0.1791706383228302,0.9999850988388062,False
syco_bullshit_v2_sw_pnf_04,+C,False,27,1,0,True,True,"[-0.023515969514846802, 0.17638038098812103]","[-1.1486029624938965, -0.6856837868690491]",5.802844047546387,8.476953744888306,2.920409679412842,5.446597099304199,5.446597099304199,5.446702480316162,0.00010538101196289062,0.02903740480542183,0.18621306121349335,0.9999858736991882,False
syco_bullshit_v2_sw_pnf_04,+C,False,28,1,0,True,True,"[0.5632299184799194, 0.10348816961050034]","[-1.2682578563690186, -0.5707448720932007]",5.802844047546387,8.476953744888306,2.599487543106079,5.588478088378906,5.588478088378906,5.587156295776367,0.0013217926025390625,0.027563441544771194,0.18372175097465515,0.9999878406524658,False
syco_bullshit_v2_sw_pnf_04,+C,False,29,1,0,True,True,"[0.6449044942855835, -0.1555180847644806]","[-1.1890853643417358, -0.20545819401741028]",5.802844047546387,8.476953744888306,2.433741807937622,5.761349201202393,5.761349201202393,5.760947227478027,0.0004019737243652344,0.024584466591477394,0.18579182028770447,0.9999908804893494,False
syco_bullshit_v2_sw_pnf_04,+C,False,30,1,0,True,True,"[0.6566929817199707, -0.15699324011802673]","[-1.3548465967178345, -0.3164605498313904]",5.802844047546387,8.476953744888306,2.427288770675659,5.796380043029785,5.796380043029785,5.796680927276611,0.0003008842468261719,0.02678440697491169,0.18725337088108063,0.9999893307685852,False
syco_bullshit_v2_sw_pnf_04,+C,False,31,1,0,True,True,"[0.4770713746547699, 0.11752443760633469]","[-1.5949846506118774, -0.13965636491775513]",5.802844047546387,8.476953744888306,2.648233413696289,6.052083969116211,6.052083492279053,6.05369758605957,0.0016140937805175781,0.026433436200022697,0.18760596215724945,0.9999904632568359,False
syco_bullshit_v2_sw_pnf_04,+C,False,32,1,0,True,True,"[0.5189690589904785, -0.4510865807533264]","[-1.4739315509796143, -0.3313537836074829]",5.802844047546387,8.476953744888306,2.351213216781616,5.859142303466797,5.859142303466797,5.861185073852539,0.0020427703857421875,0.026879969984292984,0.19148114323616028,0.9999896287918091,False
syco_bullshit_v2_sw_pnf_04,+C,False,33,1,0,True,True,"[0.5922266840934753, -0.12158270180225372]","[-1.4346826076507568, -0.37425240874290466]",5.802844047546387,8.476953744888306,2.4758801460266113,5.811287879943848,5.811287879943848,5.8099470138549805,0.0013408660888671875,0.026265744119882584,0.19376711547374725,0.9999898076057434,False
syco_bullshit_v2_sw_pnf_04,+C,False,34,1,0,True,True,"[0.8648214936256409, -0.3713245689868927]","[-0.8581674098968506, -0.21692390739917755]",5.802844047546387,8.476953744888306,2.221756935119629,5.553840160369873,5.553840160369873,5.55404806137085,0.0002079010009765625,0.027921726927161217,0.1840543895959854,0.9999873638153076,False
syco_bullshit_v2_sw_pnf_04,+C,False,35,1,0,True,True,"[0.22620218992233276, 0.22840459644794464]","[-1.3858267068862915, -0.05064508691430092]",5.802844047546387,8.476953744888306,2.8242292404174805,5.974794864654541,5.974794864654541,5.975009918212891,0.00021505355834960938,0.027837470173835754,0.19444908201694489,0.9999891519546509,False
syco_bullshit_v2_sw_pnf_04,+C,False,36,1,0,True,True,"[0.786432683467865, 0.1430688202381134]","[-1.3488317728042603, -0.22309981286525726]",5.802844047546387,8.476953744888306,2.510152816772461,5.850903034210205,5.850903511047363,5.851381778717041,0.0004782676696777344,0.026413485407829285,0.18997864425182343,0.9999898076057434,False
syco_bullshit_v2_sw_pnf_04,+C,False,37,1,0,True,True,"[0.8725050687789917, -0.3348984718322754]","[-0.5464743971824646, -0.1817360520362854]",5.802844047546387,8.476953744888306,2.2357404232025146,5.385921001434326,5.385921001434326,5.387788772583008,0.0018677711486816406,0.026449041441082954,0.1873694807291031,0.9999880194664001,False
syco_bullshit_v2_sw_pnf_04,+C,False,38,1,0,True,True,"[0.3578048348426819, -0.09946058690547943]","[-1.0306305885314941, -0.5991734266281128]",5.802844047546387,8.476953744888306,2.6006922721862793,5.427182197570801,5.427181720733643,5.42748498916626,0.0003032684326171875,0.022180823609232903,0.16936996579170227,0.9999915361404419,False
syco_bullshit_v2_sw_pnf_04,+C,False,39,1,0,True,True,"[0.538418710231781, -0.3619430959224701]","[-1.0950419902801514, -0.4564708173274994]",5.802844047546387,8.476953744888306,2.385120153427124,5.5542192459106445,5.554218769073486,5.553521633148193,0.0006971359252929688,0.023428868502378464,0.18126951158046722,0.9999909400939941,False
syco_bullshit_v2_sw_pnf_04,+C,False,40,1,0,True,True,"[0.22469615936279297, -0.15594056248664856]","[-1.5918009281158447, -0.8019164800643921]",5.802844047546387,8.476953744888306,2.6379730701446533,5.643174648284912,5.643174648284912,5.644654750823975,0.0014801025390625,0.023762395605444908,0.17451564967632294,0.9999911785125732,False
syco_bullshit_v2_sw_pnf_04,+C,False,41,1,0,True,True,"[-0.2891473174095154, 0.12708285450935364]","[-1.3753727674484253, -0.6304130554199219]",5.802844047546387,8.476953744888306,3.0256588459014893,5.616860389709473,5.616860389709473,5.61752462387085,0.0006642341613769531,0.02646632492542267,0.17816510796546936,0.9999889135360718,False
syco_bullshit_v2_sw_pnf_04,+C,False,42,1,0,True,True,"[0.06585215032100677, 0.0881766602396965]","[-1.1505640745162964, -0.7355109453201294]",5.802844047546387,8.476953744888306,2.8340189456939697,5.416624069213867,5.416623592376709,5.416511535644531,0.00011205673217773438,0.02496051974594593,0.17199400067329407,0.9999892711639404,False
syco_bullshit_v2_sw_pnf_04,+C,False,43,1,0,True,True,"[-0.1538090705871582, 0.23992402851581573]","[-1.1267374753952026, -0.4770558774471283]",5.802844047546387,8.476953744888306,3.014713764190674,5.558465957641602,5.558465957641602,5.559136390686035,0.0006704330444335938,0.028900031000375748,0.19530250132083893,0.999986469745636,False
syco_bullshit_v2_sw_pnf_04,+C,False,44,1,0,True,True,"[0.6694620847702026, 0.07026837766170502]","[-0.7143715620040894, -0.5713691115379333]",5.802844047546387,8.476953744888306,2.531642198562622,5.253022193908691,5.253022193908691,5.254775524139404,0.0017533302307128906,0.025747142732143402,0.18706268072128296,0.9999880790710449,False
syco_bullshit_v2_sw_pnf_04,+C,False,45,1,0,True,True,"[1.0870845317840576, -0.5348530411720276]","[-0.6268526315689087, -0.6745632886886597]",5.802844047546387,8.476953744888306,2.034064292907715,5.134472370147705,5.134472370147705,5.13330602645874,0.0011663436889648438,0.023673806339502335,0.17074079811573029,0.99998939037323,False
syco_bullshit_v2_sw_pnf_04,+C,False,46,1,0,True,True,"[1.0102684497833252, -0.4050779938697815]","[-0.9698242545127869, -0.6822104454040527]",5.802844047546387,8.476953744888306,2.1345736980438232,5.337754726409912,5.337754726409912,5.339078426361084,0.001323699951171875,0.0251780953258276,0.17845399677753448,0.9999889135360718,False
syco_bullshit_v2_sw_pnf_04,+C,False,47,1,0,True,True,"[0.38722068071365356, -0.016293907538056374]","[-1.27554190158844, -0.6248367428779602]",5.802844047546387,8.476953744888306,2.626842737197876,5.559421539306641,5.559421539306641,5.559368133544922,5.340576171875e-05,0.026549385860562325,0.17789949476718903,0.9999885559082031,False
syco_bullshit_v2_sw_pnf_04,+C,False,48,1,0,True,True,"[1.3843803405761719, -0.7741354703903198]","[-0.6074740886688232, -0.5128188133239746]",5.802844047546387,8.476953744888306,1.7730120420455933,5.221449851989746,5.221449851989746,5.221780300140381,0.0003304481506347656,0.0247859638184309,0.1780002862215042,0.9999887943267822,False
syco_bullshit_v2_sw_pnf_04,+C,False,49,1,0,True,True,"[0.2564261555671692, -0.2621806263923645]","[-0.8581996560096741, -0.6686835289001465]",5.802844047546387,8.476953744888306,2.5708489418029785,5.27838134765625,5.27838134765625,5.278494358062744,0.00011301040649414062,0.02643658220767975,0.18353576958179474,0.9999873638153076,False
syco_bullshit_v2_sw_pnf_04,+C,False,50,1,0,True,True,"[0.7341890931129456, -0.287108838558197]","[-0.8252361416816711, -0.7701470851898193]",5.802844047546387,8.476953744888306,2.3262832164764404,5.196192264556885,5.196192264556885,5.19539213180542,0.0008001327514648438,0.027209831401705742,0.18332812190055847,0.9999863505363464,False
syco_bullshit_v2_sw_pnf_04,+C,False,51,1,0,True,True,"[0.6746960878372192, -0.27555051445961]","[-0.95074063539505, -0.6073450446128845]",5.802844047546387,8.476953744888306,2.3608505725860596,5.3714823722839355,5.371481895446777,5.371043682098389,0.0004382133483886719,0.02656022273004055,0.17380546033382416,0.9999877214431763,False
syco_bullshit_v2_sw_pnf_04,+C,False,52,1,0,True,True,"[0.67899489402771, -0.8410105109214783]","[-0.7007915377616882, -0.8357061743736267]",5.802844047546387,8.476953744888306,2.083655834197998,5.0820770263671875,5.082076549530029,5.084055423736572,0.0019788742065429688,0.020294610410928726,0.16983650624752045,0.9999920129776001,False
syco_bullshit_v2_sw_pnf_04,+C,False,53,1,0,True,True,"[0.37688812613487244, -0.2656616270542145]","[-1.4315049648284912, -0.5630130767822266]",5.802844047546387,8.476953744888306,2.5105490684509277,5.691925525665283,5.691925525665283,5.691304683685303,0.0006208419799804688,0.024011097848415375,0.17875854671001434,0.9999911785125732,False
syco_bullshit_v2_sw_pnf_04,+C,False,54,1,0,True,True,"[0.33229848742485046, 0.024683091789484024]","[-1.1292558908462524, -0.47147250175476074]",5.802844047546387,8.476953744888306,2.6734988689422607,5.563230037689209,5.563230037689209,5.563166618347168,6.341934204101562e-05,0.027947237715125084,0.18467213213443756,0.9999873638153076,False
syco_bullshit_v2_sw_pnf_04,+C,False,55,1,0,True,True,"[0.507487416267395, -0.2771538496017456]","[-1.4518576860427856, -0.6735725402832031]",5.802844047546387,8.476953744888306,2.4414196014404297,5.637973308563232,5.637973308563232,5.639361381530762,0.0013880729675292969,0.024883616715669632,0.17728985846042633,0.9999903440475464,False
syco_bullshit_v2_sw_pnf_04,+C,False,56,1,0,True,True,"[1.0760595798492432, -0.8284401297569275]","[-0.7687978148460388, -0.766045331954956]",5.802844047546387,8.476953744888306,1.8965941667556763,5.1675920486450195,5.1675920486450195,5.166964054107666,0.0006279945373535156,0.02746105194091797,0.17397107183933258,0.9999859929084778,False
syco_bullshit_v2_sw_pnf_04,+C,False,57,1,0,True,True,"[0.6939694881439209, -0.42497870326042175]","[-1.0432811975479126, -0.6727713346481323]",5.802844047546387,8.476953744888306,2.278775215148926,5.388466835021973,5.388466835021973,5.387300968170166,0.0011658668518066406,0.026934543624520302,0.17857038974761963,0.9999875426292419,False
syco_bullshit_v2_sw_pnf_04,+C,False,58,1,0,True,True,"[0.8862185478210449, -0.4292633533477783]","[-1.1063941717147827, -0.6273375153541565]",5.802844047546387,8.476953744888306,2.1831586360931396,5.457417964935303,5.457418441772461,5.457738399505615,0.0003199577331542969,0.026993466541171074,0.180404394865036,0.9999878406524658,False
syco_bullshit_v2_sw_pnf_04,+C,False,59,1,0,True,True,"[0.5140361189842224, -0.40519073605537415]","[-0.942838728427887, -0.7666508555412292]",5.802844047546387,8.476953744888306,2.3759422302246094,5.272793292999268,5.272793292999268,5.271716117858887,0.0010771751403808594,0.026082046329975128,0.17760880291461945,0.9999877214431763,False
syco_bullshit_v2_sw_pnf_04,+C,False,60,1,0,True,True,"[0.9144219756126404, -0.4246695339679718]","[-1.0245342254638672, -0.6621440649032593]",5.802844047546387,8.476953744888306,2.1716725826263428,5.385993480682373,5.385993480682373,5.383907318115234,0.002086162567138672,0.028103522956371307,0.1866908222436905,0.999986469745636,False
syco_bullshit_v2_sw_pnf_04,+C,False,61,1,0,True,True,"[0.594914436340332, -0.4025530219078064]","[-1.6256458759307861, -0.9590799808502197]",5.802844047546387,8.476953744888306,2.337877035140991,5.570445537567139,5.570445537567139,5.57098388671875,0.0005383491516113281,0.026890838518738747,0.18242086470127106,0.9999883770942688,False
syco_bullshit_v2_sw_pnf_04,+C,False,62,1,0,True,True,"[1.1410417556762695, -0.8728231191635132]","[-1.0095133781433105, -1.062926173210144]",5.802844047546387,8.476953744888306,1.8433866500854492,5.129055023193359,5.129055023193359,5.129892826080322,0.0008378028869628906,0.02654261700809002,0.17649893462657928,0.9999865889549255,False
syco_bullshit_v2_sw_pnf_04,+C,False,63,1,0,True,True,"[0.7678782939910889, -0.4337552785873413]","[-1.5051138401031494, -0.7599890232086182]",5.802844047546387,8.476953744888306,2.2385475635528564,5.618012428283691,5.61801290512085,5.620013236999512,0.0020003318786621094,0.023655636236071587,0.17876529693603516,0.9999911785125732,False
syco_bullshit_v2_sw_pnf_04,+C,False,64,1,0,True,True,"[0.522807240486145, -0.03135710209608078]","[-0.8690533638000488, -0.6879385113716125]",5.802844047546387,8.476953744888306,2.5535495281219482,5.27463960647583,5.27463960647583,5.276994228363037,0.0023546218872070312,0.027156459167599678,0.1818837970495224,0.9999868273735046,False
syco_bullshit_v2_sw_pnf_04,+C,False,65,1,0,True,True,"[0.2583407163619995, -0.259763240814209]","[-1.7639554738998413, -0.8565666675567627]",5.802844047546387,8.476953744888306,2.5710933208465576,5.714815139770508,5.714815616607666,5.712675094604492,0.002140522003173828,0.025665517896413803,0.18407009541988373,0.9999901056289673,False
syco_bullshit_v2_sw_pnf_04,+C,False,66,1,0,True,True,"[0.34680792689323425, -0.5173513889312744]","[-1.3644717931747437, -0.9694371223449707]",5.802844047546387,8.476953744888306,2.402733087539673,5.402492523193359,5.402492523193359,5.401431560516357,0.0010609626770019531,0.025813579559326172,0.17893432080745697,0.9999885559082031,False
syco_bullshit_v2_sw_pnf_04,+C,False,67,1,0,True,True,"[2.082146644592285, -1.0381386280059814]","[-0.22089871764183044, -0.808337926864624]",5.802844047546387,8.476953744888306,1.3050990104675293,4.805161476135254,4.805161476135254,4.805052757263184,0.0001087188720703125,0.025759169831871986,0.17922069132328033,0.9999856948852539,False
syco_bullshit_v2_sw_pnf_04,+C,False,68,1,0,True,True,"[1.2249842882156372, -0.39067038893699646]","[-0.5523586273193359, -0.19991588592529297]",5.802844047546387,8.476953744888306,2.037120819091797,5.377100944519043,5.377100944519043,5.378451824188232,0.0013508796691894531,0.024277186021208763,0.17823956906795502,0.9999898076057434,False
syco_bullshit_v2_sw_pnf_04,+C,False,69,1,0,True,True,"[0.16720354557037354, -0.041640397161245346]","[-0.7866016030311584, -0.4303160011768341]",5.802844047546387,8.476953744888306,2.7215523719787598,5.380056858062744,5.380056858062744,5.380712509155273,0.0006556510925292969,0.02076129987835884,0.1503070443868637,0.9999924898147583,False
syco_bullshit_v2_sw_pnf_04,+C,False,70,1,0,True,True,"[0.3414088785648346, 0.10902007669210434]","[-1.6643961668014526, -0.6199058294296265]",5.802844047546387,8.476953744888306,2.710097312927246,5.800476551055908,5.800476551055908,5.80056619644165,8.96453857421875e-05,0.0240375567227602,0.17166118323802948,0.9999914169311523,False
syco_bullshit_v2_sw_pnf_04,-C,False,0,75,74,True,True,"[0.4303436577320099, 0.17216593027114868]","[-1.573896050453186, 0.7487247586250305]",-2.4792703986167908,-7.5542134046554565,1.3318034410476685,3.1864447593688965,3.1864447593688965,3.187298536300659,0.0008537769317626953,0.020356135442852974,0.13353003561496735,0.9999796152114868,False
syco_bullshit_v2_sw_pnf_04,-C,False,1,1,0,True,True,"[0.0872679054737091, 0.059074487537145615]","[-1.3536489009857178, -0.11881230771541595]",-2.4792703986167908,-7.5542134046554565,1.219913125038147,3.8494153022766113,3.8494153022766113,3.8490207195281982,0.00039458274841308594,0.020532406866550446,0.1457742601633072,0.9999858736991882,False
syco_bullshit_v2_sw_pnf_04,-C,False,2,1,0,True,True,"[-0.3669396936893463, 0.4353780150413513]","[-1.5140700340270996, -0.3646288216114044]",-2.4792703986167908,-7.5542134046554565,0.8158588409423828,3.9006741046905518,3.900674343109131,3.9000327587127686,0.0006415843963623047,0.02701685018837452,0.15949459373950958,0.9999760985374451,False
syco_bullshit_v2_sw_pnf_04,-C,False,3,1,0,True,True,"[-0.3906902074813843, 0.5886514782905579]","[-1.1783150434494019, -0.3123428523540497]",-2.4792703986167908,-7.5542134046554565,0.7297344207763672,4.075256824493408,4.075256824493408,4.074350833892822,0.0009059906005859375,0.02627681754529476,0.1618189960718155,0.9999793767929077,False
syco_bullshit_v2_sw_pnf_04,-C,False,4,1,0,True,True,"[-0.12137037515640259, 0.47880855202674866]","[-0.8798574805259705, -0.04453791677951813]",-2.4792703986167908,-7.5542134046554565,0.9142019748687744,4.0918169021606445,4.0918169021606445,4.093966484069824,0.0021495819091796875,0.02279297634959221,0.1664963811635971,0.999984622001648,False
syco_bullshit_v2_sw_pnf_04,-C,False,5,1,0,True,True,"[0.5172674655914307, 0.5435866713523865]","[-1.0753295421600342, 0.15486910939216614]",-2.4792703986167908,-7.5542134046554565,1.193392038345337,3.8532252311706543,3.8532252311706543,3.8520050048828125,0.0012202262878417969,0.02446385845541954,0.16207300126552582,0.9999798536300659,False
syco_bullshit_v2_sw_pnf_04,-C,False,6,1,0,True,True,"[0.7481689453125, 0.16404397785663605]","[-1.2755569219589233, -0.0642213523387909]",-2.4792703986167908,-7.5542134046554565,1.4903810024261475,3.8640668392181396,3.8640666007995605,3.865274667739868,0.0012080669403076172,0.019899718463420868,0.14878274500370026,0.9999867677688599,False
syco_bullshit_v2_sw_pnf_04,-C,False,7,1,0,True,True,"[0.017887696623802185, 0.4723209738731384]","[-1.2774527072906494, -0.08371181786060333]",-2.4792703986167908,-7.5542134046554565,0.9851091504096985,3.8744823932647705,3.8744823932647705,3.874788999557495,0.0003066062927246094,0.02000667154788971,0.14994384348392487,0.9999866485595703,False
syco_bullshit_v2_sw_pnf_04,-C,False,8,1,0,True,True,"[-0.05145926773548126, 0.5104672908782959]","[-0.9466359615325928, 0.2776801586151123]",-2.4792703986167908,-7.5542134046554565,0.9328122138977051,3.855998992919922,3.855998992919922,3.858003854751587,0.002004861831665039,0.023062946274876595,0.15482814610004425,0.9999822378158569,False
syco_bullshit_v2_sw_pnf_04,-C,False,9,1,0,True,True,"[-0.16062422096729279, 0.70500248670578]","[-1.3375502824783325, -0.013539522886276245]",-2.4792703986167908,-7.5542134046554565,0.7850582599639893,3.7968459129333496,3.7968459129333496,3.7965221405029297,0.0003237724304199219,0.023536503314971924,0.14683441817760468,0.9999808073043823,False
syco_bullshit_v2_sw_pnf_04,-C,False,10,1,0,True,True,"[0.3888319730758667, 0.12603092193603516]","[-1.4750503301620483, -0.3216102719306946]",-2.4792703986167908,-7.5542134046554565,1.3340528011322021,3.899294137954712,3.899294137954712,3.8995163440704346,0.00022220611572265625,0.02476772852241993,0.15557856857776642,0.9999798536300659,False
syco_bullshit_v2_sw_pnf_04,-C,False,11,1,0,True,True,"[0.3857184946537018, 0.6413318514823914]","[-1.3725234270095825, 0.11503753066062927]",-2.4792703986167908,-7.5542134046554565,1.08183753490448,3.6943159103393555,3.6943159103393555,3.6948413848876953,0.0005254745483398438,0.023549005389213562,0.15818257629871368,0.9999797344207764,False
syco_bullshit_v2_sw_pnf_04,-C,False,12,1,0,True,True,"[0.008650727570056915, 0.3822459876537323]","[-1.0485594272613525, 0.1759750247001648]",-2.4792703986167908,-7.5542134046554565,1.0244377851486206,3.8554370403289795,3.8554372787475586,3.8557512760162354,0.0003139972686767578,0.02096562273800373,0.15098431706428528,0.9999852776527405,False
syco_bullshit_v2_sw_pnf_04,-C,False,13,1,0,True,True,"[0.15145182609558105, 0.7416426539421082]","[-1.2539067268371582, -0.16765238344669342]",-2.4792703986167908,-7.5542134046554565,0.9190613031387329,3.9399373531341553,3.9399373531341553,3.9397125244140625,0.00022482872009277344,0.023659804835915565,0.1470569521188736,0.9999819993972778,False
syco_bullshit_v2_sw_pnf_04,-C,False,14,1,0,True,True,"[0.27088505029678345, 0.4346039295196533]","[-1.1584793329238892, -0.10418272018432617]",-2.4792703986167908,-7.5542134046554565,1.1265454292297363,3.9585113525390625,3.9585111141204834,3.9589877128601074,0.00047659873962402344,0.024997534230351448,0.15316171944141388,0.9999799728393555,False
syco_bullshit_v2_sw_pnf_04,-C,False,15,1,0,True,True,"[0.04583083838224411, 0.42533668875694275]","[-1.541857123374939, -0.18658298254013062]",-2.4792703986167908,-7.5542134046554565,1.0215622186660767,3.7781577110290527,3.7781577110290527,3.7797281742095947,0.0015704631805419922,0.02236214652657509,0.14342746138572693,0.9999825954437256,False
syco_bullshit_v2_sw_pnf_04,-C,False,16,1,0,True,True,"[-0.07381261885166168, 0.29602280259132385]","[-0.9968373775482178, -0.19499564170837402]",-2.4792703986167908,-7.5542134046554565,1.0262670516967773,4.114450931549072,4.114450931549072,4.114001750946045,0.00044918060302734375,0.02671002596616745,0.16293607652187347,0.9999788999557495,False
syco_bullshit_v2_sw_pnf_04,-C,False,17,1,0,True,True,"[-0.2938907742500305, 0.2960492968559265]","[-1.870112419128418, -0.2817695736885071]",-2.4792703986167908,-7.5542134046554565,0.9191833138465881,3.633279323577881,3.633279323577881,3.6335272789001465,0.000247955322265625,0.02463492564857006,0.15453316271305084,0.9999771118164062,False
syco_bullshit_v2_sw_pnf_04,-C,False,18,1,0,True,True,"[0.15295320749282837, 0.35181179642677307]","[-1.3584307432174683, -0.29243606328964233]",-2.4792703986167908,-7.5542134046554565,1.1094495058059692,3.9524974822998047,3.9524974822998047,3.9537429809570312,0.0012454986572265625,0.0276113860309124,0.16415201127529144,0.9999756813049316,False
syco_bullshit_v2_sw_pnf_04,-C,False,19,1,0,True,True,"[-0.03290151432156563, 0.3191296458244324]","[-1.1890109777450562, -0.23198366165161133]",-2.4792703986167908,-7.5542134046554565,1.0349290370941162,4.017459392547607,4.017459392547607,4.019159317016602,0.0016999244689941406,0.026376113295555115,0.15565115213394165,0.9999785423278809,False
syco_bullshit_v2_sw_pnf_04,-C,False,20,1,0,True,True,"[-0.2736855149269104, 0.41165074706077576]","[-1.8124698400497437, -0.34724557399749756]",-2.4792703986167908,-7.5542134046554565,0.8727719187736511,3.708644151687622,3.708643913269043,3.7075259685516357,0.0011179447174072266,0.024305375292897224,0.15382663905620575,0.9999785423278809,False
syco_bullshit_v2_sw_pnf_04,-C,False,21,1,0,True,True,"[-0.47799333930015564, 0.4778834283351898]","[-1.371565341949463, -0.20190608501434326]",-2.4792703986167908,-7.5542134046554565,0.7411503791809082,3.888700485229492,3.8887007236480713,3.88959002494812,0.0008893013000488281,0.025854622945189476,0.15620003640651703,0.9999779462814331,False
syco_bullshit_v2_sw_pnf_04,-C,False,22,1,0,True,True,"[-0.224061518907547, 0.37385472655296326]","[-1.491174578666687, -0.3843437433242798]",-2.4792703986167908,-7.5542134046554565,0.9153028130531311,3.9267570972442627,3.9267570972442627,3.925854444503784,0.0009026527404785156,0.024864355102181435,0.15866456925868988,0.9999800324440002,False
syco_bullshit_v2_sw_pnf_04,-C,False,23,1,0,True,True,"[-0.015768837183713913, 0.47554466128349304]","[-1.4836863279342651, -0.19433432817459106]",-2.4792703986167908,-7.5542134046554565,0.9671664237976074,3.8160054683685303,3.8160054683685303,3.8157999515533447,0.00020551681518554688,0.02627584896981716,0.162538081407547,0.9999762773513794,False
syco_bullshit_v2_sw_pnf_04,-C,False,24,1,0,True,True,"[-0.049910418689250946, 0.48381927609443665]","[-0.794116735458374, -0.05465784668922424]",-2.4792703986167908,-7.5542134046554565,0.9465304017066956,4.15098237991333,4.15098237991333,4.149710655212402,0.0012717247009277344,0.02045566961169243,0.15290100872516632,0.9999878406524658,False
syco_bullshit_v2_sw_pnf_04,-C,False,25,1,0,True,True,"[0.2817915081977844, 0.10174264013767242]","[-1.0777215957641602, -0.574103832244873]",-2.4792703986167908,-7.5542134046554565,1.2937928438186646,4.293118000030518,4.293118000030518,4.291644096374512,0.0014739036560058594,0.024293990805745125,0.1546517312526703,0.9999839663505554,False
syco_bullshit_v2_sw_pnf_04,-C,False,26,1,0,True,True,"[0.10989584773778915, -0.015705173835158348]","[-1.301557183265686, -0.4205971658229828]",-2.4792703986167908,-7.5542134046554565,1.267303228378296,4.065703868865967,4.065703868865967,4.066306114196777,0.0006022453308105469,0.025080136954784393,0.1507091075181961,0.9999809861183167,False
syco_bullshit_v2_sw_pnf_04,-C,False,27,1,0,True,True,"[-0.17074574530124664, 0.3250563144683838]","[-1.2908122539520264, -0.8446128368377686]",-2.4792703986167908,-7.5542134046554565,0.9649826884269714,4.332226276397705,4.332226276397705,4.334606170654297,0.002379894256591797,0.02639697678387165,0.1655062884092331,0.9999815225601196,False
syco_bullshit_v2_sw_pnf_04,-C,False,28,1,0,True,True,"[0.10293397307395935, 0.06315118074417114]","[-1.4976069927215576, -0.13476154208183289]",-2.4792703986167908,-7.5542134046554565,1.2255514860153198,3.772146701812744,3.7721469402313232,3.7744247913360596,0.002277851104736328,0.026667144149541855,0.1618095338344574,0.9999752044677734,False
syco_bullshit_v2_sw_pnf_04,-C,False,29,1,0,True,True,"[0.3168669044971466, 0.2472200095653534]","[-1.2631375789642334, 0.2265130579471588]",-2.4792703986167908,-7.5542134046554565,1.240080714225769,3.694460868835449,3.6944611072540283,3.695716381072998,0.0012552738189697266,0.02488877810537815,0.15527093410491943,0.9999774098396301,False
syco_bullshit_v2_sw_pnf_04,-C,False,30,1,0,True,True,"[0.1354007124900818, -0.1131390780210495]","[-1.256052017211914, -0.7736270427703857]",-2.4792703986167908,-7.5542134046554565,1.3271143436431885,4.306234836578369,4.306234836578369,4.307194709777832,0.0009598731994628906,0.02537800557911396,0.153000608086586,0.9999827146530151,False
syco_bullshit_v2_sw_pnf_04,-C,False,31,1,0,True,True,"[0.45993125438690186, 0.4404115676879883]","[-0.8932677507400513, -0.28352582454681396]",-2.4792703986167908,-7.5542134046554565,1.2156933546066284,4.228881359100342,4.228881359100342,4.227301597595215,0.0015797615051269531,0.02486226335167885,0.17312519252300262,0.9999827742576599,False
syco_bullshit_v2_sw_pnf_04,-C,False,32,1,0,True,True,"[0.7286375761032104, 0.02610788494348526]","[-0.987419068813324, -0.5449601411819458]",-2.4792703986167908,-7.5542134046554565,1.547986388206482,4.333387851715088,4.33338737487793,4.332408428192139,0.0009789466857910156,0.019792238250374794,0.1593860685825348,0.9999895691871643,False
syco_bullshit_v2_sw_pnf_04,-C,False,33,1,0,True,True,"[0.4318677484989166, -0.04034248739480972]","[-1.2010560035705566, -0.19044819474220276]",-2.4792703986167908,-7.5542134046554565,1.435932993888855,3.985077381134033,3.985077381134033,3.9854013919830322,0.00032401084899902344,0.02322159707546234,0.16119378805160522,0.9999830722808838,False
syco_bullshit_v2_sw_pnf_04,-C,False,34,1,0,True,True,"[0.23700255155563354, 0.1751141995191574]","[-0.9822057485580444, -0.2337600141763687]",-2.4792703986167908,-7.5542134046554565,1.2363061904907227,4.147622108459473,4.147622108459473,4.148941993713379,0.00131988525390625,0.020402584224939346,0.15919621288776398,0.9999880194664001,False
syco_bullshit_v2_sw_pnf_04,-C,False,35,1,0,True,True,"[0.13570567965507507, 0.38098663091659546]","[-1.063312292098999, -0.4975830316543579]",-2.4792703986167908,-7.5542134046554565,1.0868643522262573,4.255621910095215,4.255621910095215,4.257169246673584,0.0015473365783691406,0.02554408647119999,0.15813210606575012,0.9999821186065674,False
syco_bullshit_v2_sw_pnf_04,-C,False,36,1,0,True,True,"[0.05019953474402428, 0.31307101249694824]","[-1.4025176763534546, -0.43115922808647156]",-2.4792703986167908,-7.5542134046554565,1.0783063173294067,4.008933067321777,4.008933067321777,4.009429931640625,0.0004968643188476562,0.02452993392944336,0.14484891295433044,0.9999813437461853,False
syco_bullshit_v2_sw_pnf_04,-C,False,37,1,0,True,True,"[0.04980078339576721, 0.37841910123825073]","[-1.3159170150756836, -0.44671010971069336]",-2.4792703986167908,-7.5542134046554565,1.0463197231292725,4.07303524017334,4.07303524017334,4.07303524017334,0.0,0.025114312767982483,0.15791530907154083,0.9999809861183167,False
syco_bullshit_v2_sw_pnf_04,-C,False,38,1,0,True,True,"[-0.13839934766292572, 0.7170910835266113]","[-1.0007803440093994, -0.1283998042345047]",-2.4792703986167908,-7.5542134046554565,0.789989709854126,4.072015285491943,4.072014808654785,4.072713851928711,0.0006990432739257812,0.02190891094505787,0.15183742344379425,0.9999856352806091,False
syco_bullshit_v2_sw_pnf_04,-C,False,39,1,0,True,True,"[0.013574779033660889, 0.3819756507873535]","[-1.2975577116012573, -0.3346608579158783]",-2.4792703986167908,-7.5542134046554565,1.0269650220870972,4.013052463531494,4.013052463531494,4.0142598152160645,0.0012073516845703125,0.021754810586571693,0.15087808668613434,0.9999853372573853,False
syco_bullshit_v2_sw_pnf_04,-C,False,40,1,0,True,True,"[-0.10959722101688385, 0.5656942129135132]","[-0.9073333740234375, 0.0026823729276657104]",-2.4792703986167908,-7.5542134046554565,0.8776588439941406,4.047502517700195,4.047502040863037,4.047485828399658,1.621246337890625e-05,0.022235656157135963,0.1568315625190735,0.999984860420227,False
syco_bullshit_v2_sw_pnf_04,-C,False,41,1,0,True,True,"[-0.1748504787683487, 0.39985623955726624]","[-1.1256264448165894, -0.2323957085609436]",-2.4792703986167908,-7.5542134046554565,0.9265944957733154,4.059642791748047,4.059642791748047,4.058781623840332,0.0008611679077148438,0.02450340799987316,0.16145716607570648,0.9999818801879883,False
syco_bullshit_v2_sw_pnf_04,-C,False,42,1,0,True,True,"[-0.11740055680274963, 0.4894886612892151]","[-0.9052524566650391, -0.24157759547233582]",-2.4792703986167908,-7.5542134046554565,0.9109373092651367,4.19645357131958,4.196454048156738,4.197459697723389,0.0010056495666503906,0.024616030976176262,0.16975586116313934,0.9999828338623047,False
syco_bullshit_v2_sw_pnf_04,-C,False,43,1,0,True,True,"[0.09597498178482056, 0.0029057562351226807]","[-1.4904896020889282, -0.35475337505340576]",-2.4792703986167908,-7.5542134046554565,1.2514760494232178,3.9105520248413086,3.9105522632598877,3.9091601371765137,0.0013921260833740234,0.024558989331126213,0.15122492611408234,0.9999803900718689,False
syco_bullshit_v2_sw_pnf_04,-C,False,44,1,0,True,True,"[0.37263816595077515, 0.3304213881492615]","[-0.8264315128326416, -0.1857362985610962]",-2.4792703986167908,-7.5542134046554565,1.2267357110977173,4.2123260498046875,4.2123260498046875,4.212186336517334,0.00013971328735351562,0.022923050448298454,0.16594524681568146,0.9999850988388062,False
syco_bullshit_v2_sw_pnf_04,-C,False,45,1,0,True,True,"[0.36349251866340637, 0.30122488737106323]","[-1.2391042709350586, -0.4431779682636261]",-2.4792703986167908,-7.5542134046554565,1.2364906072616577,4.1171345710754395,4.1171345710754395,4.117326736450195,0.00019216537475585938,0.027266614139080048,0.1630285084247589,0.9999781847000122,False
syco_bullshit_v2_sw_pnf_04,-C,False,46,1,0,True,True,"[-0.29405632615089417, 0.45367658138275146]","[-1.188886284828186, -0.39356228709220886]",-2.4792703986167908,-7.5542134046554565,0.8424150943756104,4.119112014770508,4.119112014770508,4.11942720413208,0.0003151893615722656,0.02625523880124092,0.15530692040920258,0.9999797344207764,False
syco_bullshit_v2_sw_pnf_04,-C,False,47,1,0,True,True,"[-0.13077335059642792, 0.4635496735572815]","[-1.3941855430603027, -0.45603927969932556]",-2.4792703986167908,-7.5542134046554565,0.9170509576797485,4.028444290161133,4.028444290161133,4.029065132141113,0.0006208419799804688,0.02619813196361065,0.15243268013000488,0.99997878074646,False
syco_bullshit_v2_sw_pnf_04,-C,False,48,1,0,True,True,"[-0.21664685010910034, 0.4585856795310974]","[-1.717226266860962, -0.48142629861831665]",-2.4792703986167908,-7.5542134046554565,0.8776874542236328,3.8493144512176514,3.8493144512176514,3.849430799484253,0.0001163482666015625,0.021613633260130882,0.1415843665599823,0.9999842643737793,False
syco_bullshit_v2_sw_pnf_04,-C,False,49,1,0,True,True,"[-0.11218970268964767, 0.7174528241157532]","[-1.1124520301818848, -0.20101672410964966]",-2.4792703986167908,-7.5542134046554565,0.8025650382041931,4.044782638549805,4.044782638549805,4.04522180557251,0.0004391670227050781,0.0251789353787899,0.1549057811498642,0.9999805688858032,False
syco_bullshit_v2_sw_pnf_04,-C,False,50,1,0,True,True,"[-0.09602612257003784, 0.9350693225860596]","[-0.7661300897598267, -0.5559185147285461]",-2.4792703986167908,-7.5542134046554565,0.7045555710792542,4.47159481048584,4.47159481048584,4.4710540771484375,0.0005407333374023438,0.022659439593553543,0.1646944135427475,0.9999872446060181,False
syco_bullshit_v2_sw_pnf_04,-C,False,51,1,0,True,True,"[0.17319157719612122, 0.46779513359069824]","[-1.2862575054168701, -0.677244246006012]",-2.4792703986167908,-7.5542134046554565,1.0628682374954224,4.22999906539917,4.229999542236328,4.229274749755859,0.00072479248046875,0.024219829589128494,0.15557028353214264,0.9999836683273315,False
syco_bullshit_v2_sw_pnf_04,-C,False,52,1,0,True,True,"[-0.052840396761894226, 0.2623440623283386]","[-1.0548796653747559, -0.39121609926223755]",-2.4792703986167908,-7.5542134046554565,1.052855372428894,4.198753833770752,4.198753833770752,4.200064659118652,0.0013108253479003906,0.020935455337166786,0.16122983396053314,0.9999877214431763,False
syco_bullshit_v2_sw_pnf_04,-C,False,53,1,0,True,True,"[0.27579277753829956, -0.23306624591350555]","[-1.5591884851455688, -0.7470174431800842]",-2.4792703986167908,-7.5542134046554565,1.4537631273269653,4.1077494621276855,4.1077494621276855,4.108652114868164,0.0009026527404785156,0.023922378197312355,0.15683241188526154,0.9999831914901733,False
syco_bullshit_v2_sw_pnf_04,-C,False,54,1,0,True,True,"[0.2197573482990265, -0.08189065754413605]","[-1.5820868015289307, -0.5983219742774963]",-2.4792703986167908,-7.5542134046554565,1.3529523611068726,4.000971794128418,4.000971794128418,4.001012325286865,4.0531158447265625e-05,0.023013735190033913,0.14477886259555817,0.9999834299087524,False
syco_bullshit_v2_sw_pnf_04,-C,False,55,1,0,True,True,"[-0.16708040237426758, 0.31824901700019836]","[-1.1736268997192383, -0.5824474692344666]",-2.4792703986167908,-7.5542134046554565,0.9700777530670166,4.241271495819092,4.241271495819092,4.243686676025391,0.002415180206298828,0.025154942646622658,0.15668074786663055,0.9999825358390808,False
syco_bullshit_v2_sw_pnf_04,-C,False,56,1,0,True,True,"[0.05886998027563095, 0.3046778440475464]","[-1.368821382522583, -0.4430035948753357]",-2.4792703986167908,-7.5542134046554565,1.0866080522537231,4.038191795349121,4.038191795349121,4.040017127990723,0.0018253326416015625,0.02448640763759613,0.15434937179088593,0.9999816417694092,False
syco_bullshit_v2_sw_pnf_04,-C,False,57,1,0,True,True,"[0.14967873692512512, 0.6873179078102112]","[-1.444115400314331, 0.2213379442691803]",-2.4792703986167908,-7.5542134046554565,0.9446283578872681,3.5871379375457764,3.5871379375457764,3.586169958114624,0.0009679794311523438,0.02050579898059368,0.14560747146606445,0.9999837279319763,False
syco_bullshit_v2_sw_pnf_04,-C,False,58,1,0,True,True,"[-0.0988541841506958, 0.19001445174217224]","[-0.9046063423156738, -0.20918241143226624]",-2.4792703986167908,-7.5542134046554565,1.065658450126648,4.1777520179748535,4.1777520179748535,4.177814483642578,6.246566772460938e-05,0.016593188047409058,0.13165925443172455,0.9999920725822449,False
syco_bullshit_v2_sw_pnf_04,-C,False,59,1,0,True,True,"[-0.3711651563644409, 0.7500578761100769]","[-2.0834524631500244, -0.3486674427986145]",-2.4792703986167908,-7.5542134046554565,0.660707414150238,3.5465898513793945,3.5465898513793945,3.546736717224121,0.0001468658447265625,0.021467460319399834,0.13389353454113007,0.999981701374054,False
syco_bullshit_v2_fin_pnf_01,+C,False,0,61,60,True,True,"[0.3597447872161865, -0.14698801934719086]","[-1.306886911392212, 0.3364534378051758]",5.802844047546387,8.476953744888306,2.5766255855560303,6.162775039672852,6.162775039672852,6.163910865783691,0.0011358261108398438,0.02268204838037491,0.1800820678472519,0.9999932646751404,False
syco_bullshit_v2_fin_pnf_01,+C,False,1,1,0,True,True,"[0.15716452896595, -0.36249881982803345]","[-1.2447220087051392, -0.18819433450698853]",5.802844047546387,8.476953744888306,2.5703346729278564,5.808600425720215,5.808600425720215,5.805842876434326,0.002757549285888672,0.02615012787282467,0.18163634836673737,0.9999899864196777,False
syco_bullshit_v2_fin_pnf_01,+C,False,2,1,0,True,True,"[-0.0900406762957573, -0.11592024564743042]","[-1.6784281730651855, -0.5393269062042236]",5.802844047546387,8.476953744888306,2.8105669021606445,5.855644226074219,5.855644226074219,5.855652809143066,8.58306884765625e-06,0.023982906714081764,0.17542800307273865,0.9999916553497314,False
syco_bullshit_v2_fin_pnf_01,+C,False,3,1,0,True,True,"[0.27997449040412903, 0.15533626079559326]","[-1.2959405183792114, -0.30745798349380493]",5.802844047546387,8.476953744888306,2.762519598007202,5.768045425415039,5.768045425415039,5.767607688903809,0.00043773651123046875,0.02656484581530094,0.18596142530441284,0.99998939037323,False
syco_bullshit_v2_fin_pnf_01,+C,False,4,1,0,True,True,"[0.5301954746246338, 0.16011494398117065]","[-0.9091154932975769, -0.0841207504272461]",5.802844047546387,8.476953744888306,2.64310884475708,5.666388034820557,5.666388034820557,5.667704105377197,0.001316070556640625,0.02597741223871708,0.1849876195192337,0.9999894499778748,False
syco_bullshit_v2_fin_pnf_01,+C,False,5,1,0,True,True,"[0.486876517534256, -0.13967999815940857]","[-1.5421150922775269, -0.5910142660140991]",5.802844047546387,8.476953744888306,2.5183298587799072,5.745356559753418,5.745357036590576,5.746815204620361,0.0014581680297851562,0.02497132681310177,0.17767731845378876,0.9999906420707703,False
syco_bullshit_v2_fin_pnf_01,+C,False,6,1,0,True,True,"[0.7675930261611938, -0.19350305199623108]","[-1.405112862586975, -0.4370262026786804]",5.802844047546387,8.476953744888306,2.35557222366333,5.754315376281738,5.754315376281738,5.755207061767578,0.0008916854858398438,0.024736812338232994,0.1785515397787094,0.9999907612800598,False
syco_bullshit_v2_fin_pnf_01,+C,False,7,1,0,True,True,"[0.7432513236999512, -0.1664801985025406]","[-1.0464433431625366, -0.6042771339416504]",5.802844047546387,8.476953744888306,2.3805618286132812,5.4318437576293945,5.4318437576293945,5.432631969451904,0.0007882118225097656,0.02708815596997738,0.18272632360458374,0.9999875426292419,False
syco_bullshit_v2_fin_pnf_01,+C,False,8,1,0,True,True,"[0.46346694231033325, -0.19823813438415527]","[-1.1986079216003418, -0.5759339332580566]",5.802844047546387,8.476953744888306,2.501229763031006,5.542109966278076,5.542109966278076,5.541449546813965,0.0006604194641113281,0.02602938562631607,0.17898383736610413,0.9999889731407166,False
syco_bullshit_v2_fin_pnf_01,+C,False,9,1,0,True,True,"[0.25942471623420715, -0.7439566254615784]","[-1.0533640384674072, -0.663713276386261]",5.802844047546387,8.476953744888306,2.3349997997283936,5.400468349456787,5.400468349456787,5.399603843688965,0.0008645057678222656,0.027323449030518532,0.17556989192962646,0.9999873042106628,False
syco_bullshit_v2_fin_pnf_01,+C,False,10,1,0,True,True,"[0.3005351424217224, -0.24942845106124878]","[-1.5385890007019043, -0.7038320899009705]",5.802844047546387,8.476953744888306,2.555593490600586,5.671239852905273,5.671239376068115,5.670947551727295,0.0002918243408203125,0.023696359246969223,0.17662936449050903,0.999991238117218,False
syco_bullshit_v2_fin_pnf_01,+C,False,11,1,0,True,True,"[0.8656892776489258, -0.5288854837417603]","[-0.5853559374809265, -0.39934930205345154]",5.802844047546387,8.476953744888306,2.144679307937622,5.277141571044922,5.277141571044922,5.274308204650879,0.0028333663940429688,0.02381012961268425,0.1701078712940216,0.9999899864196777,False
syco_bullshit_v2_fin_pnf_01,+C,False,12,1,0,True,True,"[0.19965867698192596, -0.12779049575328827]","[-1.3091310262680054, -0.49992796778678894]",5.802844047546387,8.476953744888306,2.663849353790283,5.655638217926025,5.655638217926025,5.654501438140869,0.00113677978515625,0.02359004132449627,0.17202864587306976,0.9999912977218628,False
syco_bullshit_v2_fin_pnf_01,+C,False,13,1,0,True,True,"[0.17641113698482513, -0.30240970849990845]","[-1.4609075784683228, -0.41826269030570984]",5.802844047546387,8.476953744888306,2.590205192565918,5.798567771911621,5.798567771911621,5.798064231872559,0.0005035400390625,0.024486498907208443,0.1776689738035202,0.9999911785125732,False
syco_bullshit_v2_fin_pnf_01,+C,False,14,1,0,True,True,"[0.4887988567352295, -0.29607704281806946]","[-0.8939111828804016, -0.44254475831985474]",5.802844047546387,8.476953744888306,2.44130539894104,5.438687801361084,5.438687801361084,5.438591003417969,9.679794311523438e-05,0.027021048590540886,0.17939609289169312,0.9999877214431763,False
syco_bullshit_v2_fin_pnf_01,+C,False,15,1,0,True,True,"[0.18053463101387024, -0.1359778344631195]","[-1.416182041168213, -0.4575676918029785]",5.802844047546387,8.476953744888306,2.6691701412200928,5.74924373626709,5.749244213104248,5.7516398429870605,0.0023956298828125,0.02466469444334507,0.17498458921909332,0.9999909400939941,False
syco_bullshit_v2_fin_pnf_01,+C,False,16,1,0,True,True,"[0.07175765931606293, -0.2670435905456543]","[-0.9968507885932922, -0.48878729343414307]",5.802844047546387,8.476953744888306,2.6583263874053955,5.472047805786133,5.472047805786133,5.472728729248047,0.0006809234619140625,0.02217409387230873,0.17105263471603394,0.999991774559021,False
syco_bullshit_v2_fin_pnf_01,+C,False,17,1,0,True,True,"[0.053312018513679504, 0.01800578460097313]","[-1.1773853302001953, -0.6449980139732361]",5.802844047546387,8.476953744888306,2.805980682373047,5.488134384155273,5.488134384155273,5.489995956420898,0.001861572265625,0.027034170925617218,0.18224115669727325,0.9999878406524658,False
syco_bullshit_v2_fin_pnf_01,+C,False,18,1,0,True,True,"[0.7598462700843811, -0.0647401288151741]","[-1.032801628112793, -0.6754530668258667]",5.802844047546387,8.476953744888306,2.4219858646392822,5.382918834686279,5.382918834686279,5.382948398590088,2.956390380859375e-05,0.024243874475359917,0.186261847615242,0.9999898076057434,False
syco_bullshit_v2_fin_pnf_01,+C,False,19,1,0,True,True,"[0.1363898664712906, -0.19188502430915833]","[-1.7537028789520264, -0.8197945356369019]",5.802844047546387,8.476953744888306,2.663447856903076,5.733311653137207,5.733311653137207,5.732424736022949,0.0008869171142578125,0.0253868717700243,0.17987895011901855,0.9999902248382568,False
syco_bullshit_v2_fin_pnf_01,+C,False,20,1,0,True,True,"[0.2809680998325348, -0.2970830202102661]","[-1.7544547319412231, -0.6316983699798584]",5.802844047546387,8.476953744888306,2.541928291320801,5.847930908203125,5.847931385040283,5.846095085144043,0.0018362998962402344,0.024882972240447998,0.1783389002084732,0.9999910593032837,False
syco_bullshit_v2_fin_pnf_01,+C,False,21,1,0,True,True,"[-0.16070368885993958, -0.04810003191232681]","[-1.314457893371582, -0.5744174122810364]",5.802844047546387,8.476953744888306,2.8779408931732178,5.614161491394043,5.614161014556885,5.614761829376221,0.0006008148193359375,0.026933882385492325,0.185077503323555,0.9999884366989136,False
syco_bullshit_v2_fin_pnf_01,+C,False,22,1,0,True,True,"[0.12391127645969391, -0.25261881947517395]","[-1.5737175941467285, -0.48053523898124695]",5.802844047546387,8.476953744888306,2.6399710178375244,5.829562187194824,5.829562187194824,5.828671932220459,0.0008902549743652344,0.026434771716594696,0.18401376903057098,0.9999897480010986,False
syco_bullshit_v2_fin_pnf_01,+C,False,23,1,0,True,True,"[0.260525643825531, -0.1330246925354004]","[-1.5549323558807373, -0.4419625401496887]",5.802844047546387,8.476953744888306,2.631690263748169,5.841958999633789,5.841958999633789,5.842197895050049,0.00023889541625976562,0.02563014253973961,0.18885280191898346,0.9999904036521912,False
syco_bullshit_v2_fin_pnf_01,+C,False,24,1,0,True,True,"[0.13723117113113403, -0.38337403535842896]","[-1.8699637651443481, -0.5074253678321838]",5.802844047546387,8.476953744888306,2.5698766708374023,5.996212482452393,5.996212482452393,5.994702339172363,0.0015101432800292969,0.02644527703523636,0.18405382335186005,0.9999903440475464,False
syco_bullshit_v2_fin_pnf_01,+C,False,25,1,0,True,True,"[-0.0025733783841133118, -0.3013577461242676]","[-1.9669071435928345, -0.5196998715400696]",5.802844047546387,8.476953744888306,2.677795171737671,6.046769142150879,6.046769618988037,6.047112941741943,0.00034332275390625,0.0261155366897583,0.18326471745967865,0.9999907612800598,False
syco_bullshit_v2_fin_pnf_01,+C,False,26,1,0,True,True,"[-0.4042687714099884, 0.025617383420467377]","[-1.494359016418457, -0.32957613468170166]",5.802844047546387,8.476953744888306,3.0323028564453125,5.87288761138916,5.87288761138916,5.874537467956543,0.0016498565673828125,0.025979697704315186,0.18509379029273987,0.9999903440475464,False
syco_bullshit_v2_fin_pnf_01,+C,False,27,1,0,True,True,"[-0.6087104678153992, 0.19151747226715088]","[-1.7114113569259644, -0.4139689803123474]",5.802844047546387,8.476953744888306,3.2124788761138916,5.953126430511475,5.953126430511475,5.9501051902771,0.003021240234375,0.027987254783511162,0.19052086770534515,0.9999890327453613,False
syco_bullshit_v2_fin_pnf_01,+C,False,28,1,0,True,True,"[0.5613481998443604, 0.0945943146944046]","[-1.3369522094726562, -0.48269376158714294]",5.802844047546387,8.476953744888306,2.596076011657715,5.685219764709473,5.6852192878723145,5.6842217445373535,0.0009975433349609375,0.028458580374717712,0.18981598317623138,0.9999874830245972,False
syco_bullshit_v2_fin_pnf_01,+C,False,29,1,0,True,True,"[0.7591105699539185, -0.10124825686216354]","[-0.9290134310722351, -0.1023835688829422]",5.802844047546387,8.476953744888306,2.4045822620391846,5.668106555938721,5.6681060791015625,5.667018413543701,0.0010876655578613281,0.02589617483317852,0.18522478640079498,0.9999895095825195,False
syco_bullshit_v2_fin_pnf_01,+C,False,30,1,0,True,True,"[0.9211110472679138, -0.26407134532928467]","[-1.2609796524047852, -0.4033734202384949]",5.802844047546387,8.476953744888306,2.246551275253296,5.686131000518799,5.686131000518799,5.685995578765869,0.0001354217529296875,0.025807369500398636,0.17515245079994202,0.9999896287918091,False
syco_bullshit_v2_fin_pnf_01,+C,False,31,1,0,True,True,"[0.5374243855476379, -0.13211508095264435]","[-1.4281666278839111, -0.649243950843811]",5.802844047546387,8.476953744888306,2.497418165206909,5.637452602386475,5.637452602386475,5.637044429779053,0.000408172607421875,0.02724692039191723,0.18846651911735535,0.999988317489624,False
syco_bullshit_v2_fin_pnf_01,+C,False,32,1,0,True,True,"[0.7532112002372742, -0.3834798336029053]","[-1.284299373626709, -0.6674171090126038]",5.802844047546387,8.476953744888306,2.2701427936553955,5.540528297424316,5.540528297424316,5.538978576660156,0.0015497207641601562,0.026282895356416702,0.17809416353702545,0.999988853931427,False
syco_bullshit_v2_fin_pnf_01,+C,False,33,1,0,True,True,"[0.5457825064659119, -0.2615353465080261]","[-1.420556664466858, -0.6723192930221558]",5.802844047546387,8.476953744888306,2.430387258529663,5.618263244628906,5.618263244628906,5.61790657043457,0.0003566741943359375,0.02470998279750347,0.17595699429512024,0.9999902844429016,False
syco_bullshit_v2_fin_pnf_01,+C,False,34,1,0,True,True,"[0.23753583431243896, -0.2761056125164032]","[-1.9626129865646362, -0.6779943108558655]",5.802844047546387,8.476953744888306,2.5732645988464355,5.945101261138916,5.945101261138916,5.946316242218018,0.0012149810791015625,0.023851735517382622,0.18049079179763794,0.9999919533729553,False
syco_bullshit_v2_fin_pnf_01,+C,False,35,1,0,True,True,"[0.8332852125167847, -0.7654719352722168]","[-0.8094813823699951, -0.5717597603797913]",5.802844047546387,8.476953744888306,2.045341730117798,5.308919429779053,5.308919429779053,5.307393550872803,0.00152587890625,0.028961297124624252,0.1804586499929428,0.9999852180480957,False
syco_bullshit_v2_fin_pnf_01,+C,False,36,1,0,True,True,"[-0.016572847962379456, -0.1386115700006485]","[-1.161163330078125, -0.48137161135673523]",5.802844047546387,8.476953744888306,2.763784170150757,5.578055381774902,5.578055381774902,5.5803728103637695,0.0023174285888671875,0.02838464453816414,0.18840499222278595,0.9999870657920837,False
syco_bullshit_v2_fin_pnf_01,+C,False,37,1,0,True,True,"[0.04697436839342117, 0.04235592484474182]","[-1.8014452457427979, -0.6715222001075745]",5.802844047546387,8.476953744888306,2.820910692214966,5.853105545043945,5.853105545043945,5.854867458343506,0.0017619132995605469,0.0283167976886034,0.19166940450668335,0.999988317489624,False
syco_bullshit_v2_fin_pnf_01,+C,False,38,1,0,True,True,"[0.7761152386665344, -0.08297731727361679]","[-1.3967771530151367, -0.7673608660697937]",5.802844047546387,8.476953744888306,2.405198097229004,5.546784400939941,5.546784400939941,5.544711589813232,0.0020728111267089844,0.027631588280200958,0.18657608330249786,0.9999876618385315,False
syco_bullshit_v2_fin_pnf_01,+C,False,39,1,0,True,True,"[1.3744359016418457, -0.8974176049232483]","[-1.0543618202209473, -0.8313913345336914]",5.802844047546387,8.476953744888306,1.7178720235824585,5.299149036407471,5.299149036407471,5.302265167236328,0.003116130828857422,0.027215691283345222,0.17857003211975098,0.999987006187439,False
syco_bullshit_v2_fin_pnf_01,+C,False,40,1,0,True,True,"[1.1396324634552002, -0.343686044216156]","[-1.0098885297775269, -0.3138802945613861]",5.802844047546387,8.476953744888306,2.101504325866699,5.586471080780029,5.586471080780029,5.586018085479736,0.00045299530029296875,0.026909878477454185,0.18110470473766327,0.9999884366989136,False
syco_bullshit_v2_fin_pnf_01,+C,False,41,1,0,True,True,"[0.836823582649231, -0.13967159390449524]","[-1.412427306175232, -0.653439462184906]",5.802844047546387,8.476953744888306,2.3480801582336426,5.625899314880371,5.625899314880371,5.627552509307861,0.0016531944274902344,0.0269574336707592,0.18751560151576996,0.9999885559082031,False
syco_bullshit_v2_fin_pnf_01,+C,False,42,1,0,True,True,"[1.7937994003295898, -0.9067615866661072]","[-0.5066264271736145, -0.6482163071632385]",5.802844047546387,8.476953744888306,1.5093002319335938,5.075353145599365,5.075353145599365,5.077392578125,0.0020394325256347656,0.02870916575193405,0.17920824885368347,0.999984085559845,False
syco_bullshit_v2_fin_pnf_01,+C,False,43,1,0,True,True,"[0.7169145345687866, -0.41666117310523987]","[-1.3369139432907104, -0.7157996892929077]",5.802844047546387,8.476953744888306,2.2716588973999023,5.542872905731201,5.542872428894043,5.5410261154174805,0.0018463134765625,0.026711516082286835,0.1844162791967392,0.999988317489624,False
syco_bullshit_v2_fin_pnf_01,+C,False,44,1,0,True,True,"[0.5195782780647278, -0.3777335584163666]","[-1.4280641078948975, -0.7688981890678406]",5.802844047546387,8.476953744888306,2.386604070663452,5.565191745758057,5.565191745758057,5.565199375152588,7.62939453125e-06,0.02407052554190159,0.1790085881948471,0.9999905824661255,False
syco_bullshit_v2_fin_pnf_01,+C,False,45,1,0,True,True,"[0.5038890242576599, -0.4237936735153198]","[-1.4773436784744263, -0.6814531087875366]",5.802844047546387,8.476953744888306,2.371828079223633,5.647032737731934,5.647032737731934,5.648910999298096,0.0018782615661621094,0.026715019717812538,0.1829744130373001,0.999988853931427,False
syco_bullshit_v2_fin_pnf_01,+C,False,46,1,0,True,True,"[0.1700139045715332, 0.130790114402771]","[-1.7613178491592407, -0.7788633108139038]",5.802844047546387,8.476953744888306,2.804074764251709,5.763071537017822,5.763071537017822,5.763858795166016,0.0007872581481933594,0.025188172236084938,0.1920846402645111,0.9999904632568359,False
syco_bullshit_v2_fin_pnf_01,+C,False,47,1,0,True,True,"[1.3786966800689697, -0.480938583612442]","[-1.2171274423599243, -0.5165485739707947]",5.802844047546387,8.476953744888306,1.9184212684631348,5.589234828948975,5.589234828948975,5.587615013122559,0.0016198158264160156,0.029238957911729813,0.1882503479719162,0.9999862909317017,False
syco_bullshit_v2_fin_pnf_01,+C,False,48,1,0,True,True,"[0.5110604763031006, -0.412028968334198]","[-0.9340829849243164, -0.4998221695423126]",5.802844047546387,8.476953744888306,2.374063014984131,5.429197311401367,5.429196834564209,5.429275035858154,7.82012939453125e-05,0.02666160836815834,0.17843787372112274,0.9999878406524658,False
syco_bullshit_v2_fin_pnf_01,+C,False,49,1,0,True,True,"[0.5319709777832031, -0.511509358882904]","[-1.539459228515625, -0.70509934425354]",5.802844047546387,8.476953744888306,2.315490961074829,5.67096471786499,5.670965194702148,5.669529438018799,0.0014357566833496094,0.023274192586541176,0.17700637876987457,0.9999916553497314,False
syco_bullshit_v2_fin_pnf_01,+C,False,50,1,0,True,True,"[0.3339967727661133, 0.001817607320845127]","[-1.6912779808044434, -0.48567327857017517]",5.802844047546387,8.476953744888306,2.661548376083374,5.8974690437316895,5.897468566894531,5.899371147155762,0.0019025802612304688,0.027146505191922188,0.18940703570842743,0.9999895095825195,False
syco_bullshit_v2_fin_pnf_01,+C,False,51,1,0,True,True,"[0.42814570665359497, -0.23675477504730225]","[-1.788926362991333, -0.7706948518753052]",5.802844047546387,8.476953744888306,2.4996752738952637,5.785195827484131,5.785195350646973,5.7834014892578125,0.0017938613891601562,0.026040291413664818,0.1842152327299118,0.9999898076057434,False
syco_bullshit_v2_fin_pnf_01,+C,False,52,1,0,True,True,"[1.2064570188522339, -0.3214234709739685]","[-1.360097885131836, -0.4591224193572998]",5.802844047546387,8.476953744888306,2.079824209213257,5.71572732925415,5.71572732925415,5.716767311096191,0.0010399818420410156,0.026487713679671288,0.18194682896137238,0.9999892115592957,False
syco_bullshit_v2_fin_pnf_01,+C,False,53,1,0,True,True,"[0.6911048889160156, 0.1739492118358612]","[-1.2731387615203857, -0.4977186322212219]",5.802844047546387,8.476953744888306,2.571554660797119,5.634974956512451,5.634974956512451,5.636064052581787,0.0010890960693359375,0.026341840624809265,0.17189697921276093,0.9999892115592957,False
syco_bullshit_v2_fin_pnf_01,+C,False,54,1,0,True,True,"[0.05340207368135452, 0.0354563370347023]","[-0.8194052577018738, -0.300565242767334]",5.802844047546387,8.476953744888306,2.8144266605377197,5.478713035583496,5.478713035583496,5.477797985076904,0.0009150505065917969,0.020164884626865387,0.1513184756040573,0.9999933242797852,False
syco_bullshit_v2_fin_pnf_01,+C,False,55,1,0,True,True,"[0.19102661311626434, 0.133294016122818]","[-1.6530948877334595, -0.6096487641334534]",5.802844047546387,8.476953744888306,2.795069932937622,5.799795627593994,5.799795627593994,5.800547122955322,0.000751495361328125,0.022970451042056084,0.1672343760728836,0.9999921917915344,False
syco_bullshit_v2_fin_pnf_01,-C,False,0,61,60,True,True,"[0.3597447872161865, -0.14698801934719086]","[-1.306886911392212, 0.3364534378051758]",-2.4792703986167908,-7.5542134046554565,1.4527287483215332,3.599684953689575,3.599684953689575,3.5988855361938477,0.0007994174957275391,0.019382521510124207,0.1400337815284729,0.9999855756759644,False
syco_bullshit_v2_fin_pnf_01,-C,False,1,1,0,True,True,"[0.15716452896595, -0.36249881982803345]","[-1.2447220087051392, -0.18819433450698853]",-2.4792703986167908,-7.5542134046554565,1.4590195417404175,3.95801043510437,3.95801043510437,3.9596638679504395,0.001653432846069336,0.02496691234409809,0.1527208685874939,0.9999802112579346,False
syco_bullshit_v2_fin_pnf_01,-C,False,2,1,0,True,True,"[-0.0900406762957573, -0.11592024564743042]","[-1.6784281730651855, -0.5393269062042236]",-2.4792703986167908,-7.5542134046554565,1.218787431716919,3.908775806427002,3.908775806427002,3.9098591804504395,0.0010833740234375,0.023183060809969902,0.14500819146633148,0.999982476234436,False
syco_bullshit_v2_fin_pnf_01,-C,False,3,1,0,True,True,"[0.27997449040412903, 0.15533626079559326]","[-1.2959405183792114, -0.30745798349380493]",-2.4792703986167908,-7.5542134046554565,1.2668348550796509,3.99769926071167,3.99769926071167,3.9968130588531494,0.0008862018585205078,0.02487834356725216,0.1582997590303421,0.9999806880950928,False
syco_bullshit_v2_fin_pnf_01,-C,False,4,1,0,True,True,"[0.5301954746246338, 0.16011494398117065]","[-0.9091154932975769, -0.0841207504272461]",-2.4792703986167908,-7.5542134046554565,1.386245608329773,4.098224639892578,4.098224639892578,4.098837375640869,0.0006127357482910156,0.021988576278090477,0.16048505902290344,0.9999855756759644,False
syco_bullshit_v2_fin_pnf_01,-C,False,5,1,0,True,True,"[0.486876517534256, -0.13967999815940857]","[-1.5421150922775269, -0.5910142660140991]",-2.4792703986167908,-7.5542134046554565,1.5110243558883667,4.0212836265563965,4.0212836265563965,4.020041465759277,0.0012421607971191406,0.024720948189496994,0.1507386714220047,0.999981164932251,False
syco_bullshit_v2_fin_pnf_01,-C,False,6,1,0,True,True,"[0.1912006437778473, -0.07724763453006744]","[-1.3327807188034058, -0.4192104935646057]",-2.4792703986167908,-7.5542134046554565,1.336800217628479,4.042971134185791,4.042971134185791,4.042099475860596,0.0008716583251953125,0.02531469613313675,0.1518431156873703,0.9999804496765137,False
syco_bullshit_v2_fin_pnf_01,-C,False,7,1,0,True,True,"[0.28394466638565063, -0.15340463817119598]","[-1.345651388168335, -0.377666175365448]",-2.4792703986167908,-7.5542134046554565,1.4189727306365967,4.010722637176514,4.010722637176514,4.010081768035889,0.000640869140625,0.023912226781249046,0.14696338772773743,0.9999822378158569,False
syco_bullshit_v2_fin_pnf_01,-C,False,8,1,0,True,True,"[-0.05091721937060356, 0.04225417971611023]","[-1.2497448921203613, -0.29308488965034485]",-2.4792703986167908,-7.5542134046554565,1.1608675718307495,4.017923355102539,4.017923831939697,4.018405437469482,0.00048160552978515625,0.024310875684022903,0.15671561658382416,0.9999817609786987,False
syco_bullshit_v2_fin_pnf_01,-C,False,9,1,0,True,True,"[-0.06332961469888687, 0.12700526416301727]","[-1.3536996841430664, -0.37215936183929443]",-2.4792703986167908,-7.5542134046554565,1.1135964393615723,4.001675605773926,4.001675605773926,4.002176284790039,0.0005006790161132812,0.023373838514089584,0.14876948297023773,0.9999829530715942,False
syco_bullshit_v2_fin_pnf_01,-C,False,10,1,0,True,True,"[-0.21942448616027832, 0.2291327714920044]","[-1.2082432508468628, -0.4107336699962616]",-2.4792703986167908,-7.5542134046554565,0.987967848777771,4.117993354797363,4.117993354797363,4.117695331573486,0.0002980232238769531,0.025050360709428787,0.1509086638689041,0.9999815225601196,False
syco_bullshit_v2_fin_pnf_01,-C,False,11,1,0,True,True,"[-0.07512832432985306, 0.13485628366470337]","[-1.2442883253097534, -0.5532764196395874]",-2.4792703986167908,-7.5542134046554565,1.104036569595337,4.180691242218018,4.180691242218018,4.180179595947266,0.0005116462707519531,0.022819561883807182,0.14512892067432404,0.9999850988388062,False
syco_bullshit_v2_fin_pnf_01,-C,False,12,1,0,True,True,"[-0.004782598465681076, 0.014476699754595757]","[-1.3339691162109375, -0.81229168176651]",-2.4792703986167908,-7.5542134046554565,1.1968268156051636,4.282040119171143,4.282040119171143,4.282037258148193,2.86102294921875e-06,0.023282963782548904,0.14577393233776093,0.9999852180480957,False
syco_bullshit_v2_fin_pnf_01,-C,False,13,1,0,True,True,"[-0.1841776818037033, 0.13462188839912415]","[-1.7305124998092651, -0.5804608464241028]",-2.4792703986167908,-7.5542134046554565,1.0510966777801514,3.9016201496124268,3.9016201496124268,3.9007678031921387,0.0008523464202880859,0.021576710045337677,0.1389896124601364,0.9999847412109375,False
syco_bullshit_v2_fin_pnf_01,-C,False,14,1,0,True,True,"[-0.0036826878786087036, 0.14044055342674255]","[-1.472832441329956, -0.4393468499183655]",-2.4792703986167908,-7.5542134046554565,1.1360788345336914,3.971214532852173,3.971214771270752,3.9707562923431396,0.0004584789276123047,0.024819156154990196,0.155741885304451,0.9999804496765137,False
syco_bullshit_v2_fin_pnf_01,-C,False,15,1,0,True,True,"[-0.3135749101638794, 0.06631923466920853]","[-1.2370966672897339, -0.3863822817802429]",-2.4792703986167908,-7.5542134046554565,1.0213732719421387,4.0847978591918945,4.0847978591918945,4.0839667320251465,0.0008311271667480469,0.025093961507081985,0.1499277949333191,0.9999812841415405,False
syco_bullshit_v2_fin_pnf_01,-C,False,16,1,0,True,True,"[-0.19957631826400757, 0.03283301368355751]","[-1.6749650239944458, -0.4255090355873108]",-2.4792703986167908,-7.5542134046554565,1.093126654624939,3.840489387512207,3.840489387512207,3.840290069580078,0.00019931793212890625,0.022357098758220673,0.14459416270256042,0.999983012676239,False
syco_bullshit_v2_fin_pnf_01,-C,False,17,1,0,True,True,"[-0.2694203853607178, 0.133180171251297]","[-1.7048043012619019, -0.5214599370956421]",-2.4792703986167908,-7.5542134046554565,1.0103263854980469,3.8802855014801025,3.8802855014801025,3.8795855045318604,0.0006999969482421875,0.0232609361410141,0.14697429537773132,0.9999821186065674,False
syco_bullshit_v2_fin_pnf_01,-C,False,18,1,0,True,True,"[-0.7102983593940735, 0.27665936946868896]","[-1.5368258953094482, -0.17264123260974884]",-2.4792703986167908,-7.5542134046554565,0.7260291576385498,3.771738290786743,3.771738290786743,3.7699496746063232,0.0017886161804199219,0.025577083230018616,0.15275447070598602,0.9999771118164062,False
syco_bullshit_v2_fin_pnf_01,-C,False,19,1,0,True,True,"[-0.7588733434677124, 0.3634908199310303]","[-1.583479881286621, -0.34754836559295654]",-2.4792703986167908,-7.5542134046554565,0.6601522564888,3.849435567855835,3.849435329437256,3.8488118648529053,0.0006234645843505859,0.025529563426971436,0.15540407598018646,0.9999779462814331,False
syco_bullshit_v2_fin_pnf_01,-C,False,20,1,0,True,True,"[-0.1586400866508484, 0.6292227506637573]","[-1.7843389511108398, -0.34418827295303345]",-2.4792703986167908,-7.5542134046554565,0.8228914141654968,3.7232091426849365,3.7232091426849365,3.72430157661438,0.0010924339294433594,0.02586669661104679,0.15641933679580688,0.9999759793281555,False
syco_bullshit_v2_fin_pnf_01,-C,False,21,1,0,True,True,"[-0.35188090801239014, 0.39477217197418213]","[-1.211345911026001, -0.20629845559597015]",-2.4792703986167908,-7.5542134046554565,0.8429404497146606,3.9894602298736572,3.9894602298736572,3.989114284515381,0.0003459453582763672,0.024569539353251457,0.14947377145290375,0.9999810457229614,False
syco_bullshit_v2_fin_pnf_01,-C,False,22,1,0,True,True,"[-0.49771273136138916, 0.5891528725624084]","[-1.3306699991226196, 0.024974964559078217]",-2.4792703986167908,-7.5542134046554565,0.6774227023124695,3.7778565883636475,3.7778565883636475,3.7784225940704346,0.0005660057067871094,0.02323351614177227,0.14795269072055817,0.999981164932251,False
syco_bullshit_v2_fin_pnf_01,-C,False,23,1,0,True,True,"[-0.3269568681716919, 0.3117447793483734]","[-1.5797488689422607, -0.3764072060585022]",-2.4792703986167908,-7.5542134046554565,0.8954601287841797,3.8692893981933594,3.8692896366119385,3.8688459396362305,0.0004436969757080078,0.02416408807039261,0.14835290610790253,0.9999805092811584,False
syco_bullshit_v2_fin_pnf_01,-C,False,24,1,0,True,True,"[-0.5845984220504761, 0.4775320589542389]","[-1.422719955444336, -0.3187424838542938]",-2.4792703986167908,-7.5542134046554565,0.6894566416740417,3.92854905128479,3.928549289703369,3.9278454780578613,0.0007038116455078125,0.025226563215255737,0.15319675207138062,0.9999794960021973,False
syco_bullshit_v2_fin_pnf_01,-C,False,25,1,0,True,True,"[-0.11304063349962234, 0.5673035383224487]","[-1.2845168113708496, -0.37242451310157776]",-2.4792703986167908,-7.5542134046554565,0.8752005696296692,4.043809413909912,4.043809413909912,4.042797565460205,0.0010118484497070312,0.02553975209593773,0.16292379796504974,0.999980092048645,False
syco_bullshit_v2_fin_pnf_01,-C,False,26,1,0,True,True,"[0.29847195744514465, 0.12046506255865097]","[-1.202177882194519, 0.021318182349205017]",-2.4792703986167908,-7.5542134046554565,1.2927993535995483,3.8551158905029297,3.8551156520843506,3.856402635574341,0.0012869834899902344,0.02101254276931286,0.15474778413772583,0.9999852180480957,False
syco_bullshit_v2_fin_pnf_01,-C,False,27,1,0,True,True,"[0.16354358196258545, -0.12153732776641846]","[-1.6712559461593628, -0.24026994407176971]",-2.4792703986167908,-7.5542134046554565,1.3448922634124756,3.728989839553833,3.728989839553833,3.730304718017578,0.0013148784637451172,0.023648222908377647,0.1506582349538803,0.9999798536300659,False
syco_bullshit_v2_fin_pnf_01,-C,False,28,1,0,True,True,"[0.09433114528656006, 0.05268222838640213]","[-2.069247245788574, -0.21875232458114624]",-2.4792703986167908,-7.5542134046554565,1.2264593839645386,3.4730052947998047,3.4730052947998047,3.4721152782440186,0.0008900165557861328,0.02088800258934498,0.1373634785413742,0.9999818801879883,False
syco_bullshit_v2_fin_pnf_01,-C,False,29,1,0,True,True,"[-0.09008721262216568, 0.10991904139518738]","[-1.3725863695144653, -0.21993079781532288]",-2.4792703986167908,-7.5542134046554565,1.1088911294937134,3.8989429473876953,3.8989429473876953,3.8984107971191406,0.0005321502685546875,0.02639773115515709,0.1589537113904953,0.9999770522117615,False
syco_bullshit_v2_fin_pnf_01,-C,False,30,1,0,True,True,"[-0.2767215967178345, 0.23263441026210785]","[-1.7077393531799316, -0.4651795029640198]",-2.4792703986167908,-7.5542134046554565,0.9583885073661804,3.845582962036133,3.845582962036133,3.8472959995269775,0.0017130374908447266,0.024657215923070908,0.15418820083141327,0.9999794960021973,False
syco_bullshit_v2_fin_pnf_01,-C,False,31,1,0,True,True,"[-0.6423946022987366, 0.168833389878273]","[-1.3865453004837036, -0.4371168613433838]",-2.4792703986167908,-7.5542134046554565,0.8115238547325134,4.022594451904297,4.022594451904297,4.022356033325195,0.0002384185791015625,0.024702806025743484,0.15421389043331146,0.9999812245368958,False
syco_bullshit_v2_fin_pnf_01,-C,False,32,1,0,True,True,"[-0.4025959074497223, 0.24231645464897156]","[-1.341374158859253, -0.2613568603992462]",-2.4792703986167908,-7.5542134046554565,0.8924385905265808,3.942924737930298,3.942924737930298,3.942152261734009,0.0007724761962890625,0.02573152258992195,0.159978449344635,0.99997878074646,False
syco_bullshit_v2_fin_pnf_01,-C,False,33,1,0,True,True,"[-0.3980790972709656, 0.49890637397766113]","[-1.398795485496521, -0.3493451178073883]",-2.4792703986167908,-7.5542134046554565,0.7698018550872803,3.9617562294006348,3.9617557525634766,3.9634506702423096,0.0016949176788330078,0.02614966407418251,0.1594536155462265,0.999978244304657,False
syco_bullshit_v2_fin_pnf_01,-C,False,34,1,0,True,True,"[-0.46333807706832886, 0.7561691403388977]","[-1.6466889381408691, -0.18366467952728271]",-2.4792703986167908,-7.5542134046554565,0.6128908395767212,3.709601879119873,3.709602117538452,3.7106170654296875,0.0010149478912353516,0.024681083858013153,0.15219084918498993,0.9999779462814331,False
syco_bullshit_v2_fin_pnf_01,-C,False,35,1,0,True,True,"[-0.14951404929161072, 0.5901845097541809]","[-1.736905813217163, -0.2704637944698334]",-2.4792703986167908,-7.5542134046554565,0.8463239073753357,3.7081758975982666,3.7081758975982666,3.7083938121795654,0.00021791458129882812,0.02345208264887333,0.14770294725894928,0.9999800324440002,False
syco_bullshit_v2_fin_pnf_01,-C,False,36,1,0,True,True,"[0.4900575280189514, -0.14152120053768158]","[-1.4546998739242554, -0.10573041439056396]",-2.4792703986167908,-7.5542134046554565,1.513467788696289,3.7812376022338867,3.7812376022338867,3.7818636894226074,0.0006260871887207031,0.025023842230439186,0.15562082827091217,0.9999781847000122,False
syco_bullshit_v2_fin_pnf_01,-C,False,37,1,0,True,True,"[0.7228615880012512, -0.10760663449764252]","[-1.703389048576355, -0.5084905624389648]",-2.4792703986167908,-7.5542134046554565,1.6102300882339478,3.874234914779663,3.874234676361084,3.8731436729431152,0.00109100341796875,0.0246606282889843,0.15375350415706635,0.9999797344207764,False
syco_bullshit_v2_fin_pnf_01,-C,False,38,1,0,True,True,"[0.06680051982402802, 0.06723612546920776]","[-1.8993639945983887, -0.5661779046058655]",-2.4792703986167908,-7.5542134046554565,1.2059847116470337,3.7918505668640137,3.7918508052825928,3.791677951812744,0.0001728534698486328,0.02433307096362114,0.15806496143341064,0.9999794960021973,False
syco_bullshit_v2_fin_pnf_01,-C,False,39,1,0,True,True,"[0.1732637584209442, -0.40537503361701965]","[-1.339460015296936, -0.6540407538414001]",-2.4792703986167908,-7.5542134046554565,1.487711787223816,4.184858798980713,4.184858798980713,4.185437202453613,0.0005784034729003906,0.024688616394996643,0.1565084308385849,0.9999825954437256,False
syco_bullshit_v2_fin_pnf_01,-C,False,40,1,0,True,True,"[-0.18575865030288696, -0.32433566451072693]","[-1.851812720298767, -0.7250095009803772]",-2.4792703986167908,-7.5542134046554565,1.2736161947250366,3.915431261062622,3.915431022644043,3.9157767295837402,0.0003457069396972656,0.022749483585357666,0.14415062963962555,0.9999831318855286,False
syco_bullshit_v2_fin_pnf_01,-C,False,41,1,0,True,True,"[0.14680053293704987, -0.20822176337242126]","[-1.5476653575897217, -0.19341632723808289]",-2.4792703986167908,-7.5542134046554565,1.3789196014404297,3.7785778045654297,3.7785778045654297,3.7792422771453857,0.0006644725799560547,0.024368008598685265,0.15357397496700287,0.9999793767929077,False
syco_bullshit_v2_fin_pnf_01,-C,False,42,1,0,True,True,"[-0.1441706120967865, -0.24798554182052612]","[-1.7013779878616333, -0.7054823040962219]",-2.4792703986167908,-7.5542134046554565,1.2567038536071777,3.9943342208862305,3.9943344593048096,3.993577480316162,0.0007569789886474609,0.02482604794204235,0.15391027927398682,0.9999807476997375,False
syco_bullshit_v2_fin_pnf_01,-C,False,43,1,0,True,True,"[-0.5147027969360352, 0.3496319651603699]","[-1.6137590408325195, -0.4762905538082123]",-2.4792703986167908,-7.5542134046554565,0.7856867909431458,3.909266471862793,3.909266471862793,3.9092581272125244,8.344650268554688e-06,0.02452887035906315,0.1593894362449646,0.9999802708625793,False
syco_bullshit_v2_fin_pnf_01,-C,False,44,1,0,True,True,"[-0.09205549955368042, 0.365320086479187]","[-1.815264344215393, -0.3517633080482483]",-2.4792703986167908,-7.5542134046554565,0.9836776852607727,3.709087610244751,3.709087610244751,3.706077814102173,0.003009796142578125,0.02620185911655426,0.15964987874031067,0.9999753832817078,False
syco_bullshit_v2_fin_pnf_01,-C,False,45,1,0,True,True,"[-0.10243048518896103, -0.20308484137058258]","[-1.0080983638763428, -0.4195655584335327]",-2.4792703986167908,-7.5542134046554565,1.2551662921905518,4.241886615753174,4.241887092590332,4.241665840148926,0.00022125244140625,0.02451488748192787,0.16002322733402252,0.9999833106994629,False
syco_bullshit_v2_fin_pnf_01,-C,False,46,1,0,True,True,"[0.04440830275416374, -0.30265170335769653]","[-1.5317368507385254, -0.6045388579368591]",-2.4792703986167908,-7.5542134046554565,1.3750457763671875,4.038848876953125,4.038848876953125,4.040162563323975,0.0013136863708496094,0.024353740736842155,0.1518450230360031,0.9999818801879883,False
syco_bullshit_v2_fin_pnf_01,-C,False,47,1,0,True,True,"[0.039579592645168304, 0.09417221695184708]","[-1.6377239227294922, -0.5290268659591675]",-2.4792703986167908,-7.5542134046554565,1.1796367168426514,3.925292730331421,3.925292730331421,3.926438331604004,0.0011456012725830078,0.02464114874601364,0.1551189124584198,0.9999803304672241,False
syco_bullshit_v2_fin_pnf_01,-C,False,48,1,0,True,True,"[-0.003112807869911194, -0.045474208891391754]","[-1.8420175313949585, -0.6823310852050781]",-2.4792703986167908,-7.5542134046554565,1.2268060445785522,3.8943238258361816,3.8943240642547607,3.893073320388794,0.0012507438659667969,0.024614909663796425,0.15554799139499664,0.999980092048645,False
syco_bullshit_v2_fin_pnf_01,-C,False,49,1,0,True,True,"[0.386714369058609, -0.12306058406829834]","[-1.4852787256240845, -0.3749697506427765]",-2.4792703986167908,-7.5542134046554565,1.4542087316513062,3.925300121307373,3.925300121307373,3.9244272708892822,0.0008728504180908203,0.024309426546096802,0.15364354848861694,0.9999808073043823,False
syco_bullshit_v2_fin_pnf_01,-C,False,50,1,0,True,True,"[0.06166798621416092, 0.4853519797325134]","[-1.7503321170806885, -0.40450674295425415]",-2.4792703986167908,-7.5542134046554565,1.00006902217865,3.7840092182159424,3.7840089797973633,3.78434157371521,0.0003325939178466797,0.023776642978191376,0.14487162232398987,0.9999801516532898,False
syco_bullshit_v2_fin_pnf_01,-C,False,51,1,0,True,True,"[-0.09242173284292221, 0.19640414416790009]","[-0.9049103260040283, -0.22428098320960999]",-2.4792703986167908,-7.5542134046554565,1.0656791925430298,4.186560153961182,4.186560153961182,4.184187889099121,0.002372264862060547,0.01797523722052574,0.13257409632205963,0.9999909400939941,False
syco_bullshit_v2_fin_pnf_01,-C,False,52,1,0,True,True,"[-0.315645307302475, 0.32333827018737793]","[-1.919772982597351, -0.6347188353538513]",-2.4792703986167908,-7.5542134046554565,0.8953230381011963,3.8198211193084717,3.8198211193084717,3.820319414138794,0.0004982948303222656,0.021720416843891144,0.13559748232364655,0.9999839067459106,False
syco_bullshit_v2_fin_pnf_02,+C,False,0,70,69,True,True,"[0.20260892808437347, -0.07862593978643417]","[-1.331621766090393, 0.400084912776947]",5.802844047546387,8.476953744888306,2.686333417892456,6.218444347381592,6.218444347381592,6.221189022064209,0.0027446746826171875,0.025032738223671913,0.18394950032234192,0.9999919533729553,False
syco_bullshit_v2_fin_pnf_02,+C,False,1,1,0,True,True,"[0.21925435960292816, 0.16803130507469177]","[-1.2737345695495605, -0.23260211944580078]",5.802844047546387,8.476953744888306,2.798236846923828,5.798037528991699,5.798037528991699,5.798067092895508,2.956390380859375e-05,0.02312089316546917,0.17629297077655792,0.9999920129776001,False
syco_bullshit_v2_fin_pnf_02,+C,False,2,1,0,True,True,"[0.3264697790145874, 0.2404189258813858]","[-1.1053831577301025, -0.0880054235458374]",5.802844047546387,8.476953744888306,2.781292676925659,5.783745288848877,5.783745765686035,5.784636497497559,0.0008907318115234375,0.025538422167301178,0.17935414612293243,0.9999903440475464,False
syco_bullshit_v2_fin_pnf_02,+C,False,3,1,0,True,True,"[0.35688140988349915, 0.12568162381649017]","[-0.9837542772293091, -0.1599562019109726]",5.802844047546387,8.476953744888306,2.7106759548187256,5.666565418243408,5.666565418243408,5.6665215492248535,4.38690185546875e-05,0.023411549627780914,0.1772274225950241,0.9999914765357971,False
syco_bullshit_v2_fin_pnf_02,+C,False,4,1,0,True,True,"[0.4439970552921295, -0.20856554806232452]","[-1.0666837692260742, -0.32717251777648926]",5.802844047546387,8.476953744888306,2.5056777000427246,5.613805770874023,5.613805294036865,5.6138811111450195,7.581710815429688e-05,0.024700235575437546,0.1795779913663864,0.9999902844429016,False
syco_bullshit_v2_fin_pnf_02,+C,False,5,1,0,True,True,"[0.4065187871456146, 0.0012706443667411804]","[-1.2872562408447266, -0.3094632923603058]",5.802844047546387,8.476953744888306,2.6259992122650146,5.7576751708984375,5.7576751708984375,5.757192611694336,0.0004825592041015625,0.02620118483901024,0.1835104376077652,0.9999896287918091,False
syco_bullshit_v2_fin_pnf_02,+C,False,6,1,0,True,True,"[0.34955349564552307, -0.19191068410873413]","[-0.7855952978134155, -0.27640777826309204]",5.802844047546387,8.476953744888306,2.5597283840179443,5.472988605499268,5.472988605499268,5.4729838371276855,4.76837158203125e-06,0.025997783988714218,0.18256701529026031,0.9999887347221375,False
syco_bullshit_v2_fin_pnf_02,+C,False,7,1,0,True,True,"[0.378650426864624, -0.18629495799541473]","[-0.7497991323471069, -0.16677621006965637]",5.802844047546387,8.476953744888306,2.548304557800293,5.519636154174805,5.519636154174805,5.521301746368408,0.0016655921936035156,0.026956696063280106,0.18498970568180084,0.9999881982803345,False
syco_bullshit_v2_fin_pnf_02,+C,False,8,1,0,True,True,"[0.1714026778936386, -0.08861376345157623]","[-1.7654576301574707, -0.7107605934143066]",5.802844047546387,8.476953744888306,2.6966564655303955,5.806203365325928,5.8062028884887695,5.805602073669434,0.0006008148193359375,0.025106335058808327,0.17683513462543488,0.9999906420707703,False
syco_bullshit_v2_fin_pnf_02,+C,False,9,1,0,True,True,"[0.21209852397441864, -0.2940547466278076]","[-1.3991321325302124, -0.8187246322631836]",5.802844047546387,8.476953744888306,2.5769076347351074,5.516580581665039,5.516580581665039,5.517123222351074,0.0005426406860351562,0.02338465303182602,0.1674368530511856,0.9999911189079285,False
syco_bullshit_v2_fin_pnf_02,+C,False,10,1,0,True,True,"[0.09748508036136627, -0.13016217947006226]","[-0.9591107964515686, -0.5904133915901184]",5.802844047546387,8.476953744888306,2.712404251098633,5.389238357543945,5.389238357543945,5.387991428375244,0.0012469291687011719,0.026128146797418594,0.17785240709781647,0.9999883770942688,False
syco_bullshit_v2_fin_pnf_02,+C,False,11,1,0,True,True,"[-0.027316197752952576, -0.06865387409925461]","[-1.5084346532821655, -0.8008052706718445]",5.802844047546387,8.476953744888306,2.803046464920044,5.594634056091309,5.594634056091309,5.594030380249023,0.0006036758422851562,0.025456514209508896,0.17788252234458923,0.9999896287918091,False
syco_bullshit_v2_fin_pnf_02,+C,False,12,1,0,True,True,"[0.12400570511817932, 0.2903235852718353]","[-1.158697485923767, -0.27358734607696533]",5.802844047546387,8.476953744888306,2.904073476791382,5.704897403717041,5.704897403717041,5.703847408294678,0.0010499954223632812,0.024354826658964157,0.1843397468328476,0.9999908208847046,False
syco_bullshit_v2_fin_pnf_02,+C,False,13,1,0,True,True,"[-0.20114657282829285, 0.04254366457462311]","[-1.9113185405731201, -0.7778833508491516]",5.802844047546387,8.476953744888306,2.941715955734253,5.853592872619629,5.853592872619629,5.854393005371094,0.0008001327514648438,0.024566752836108208,0.17924922704696655,0.9999912977218628,False
syco_bullshit_v2_fin_pnf_02,+C,False,14,1,0,True,True,"[-0.28971296548843384, -0.06317557394504547]","[-1.6797008514404297, -0.7801298499107361]",5.802844047546387,8.476953744888306,2.93337082862854,5.7093963623046875,5.7093963623046875,5.708975791931152,0.00042057037353515625,0.025655023753643036,0.1735653132200241,0.999989926815033,False
syco_bullshit_v2_fin_pnf_02,+C,False,15,1,0,True,True,"[-0.5132502913475037, -0.0804213285446167]","[-1.5439720153808594, -0.46449217200279236]",5.802844047546387,8.476953744888306,3.0337343215942383,5.822877407073975,5.822877883911133,5.82252836227417,0.0003495216369628906,0.02548358030617237,0.17780092358589172,0.9999904632568359,False
syco_bullshit_v2_fin_pnf_02,+C,False,16,1,0,True,True,"[-0.283208429813385, 0.01655406691133976]","[-1.309181571006775, -0.5076255798339844]",5.802844047546387,8.476953744888306,2.968996047973633,5.650692939758301,5.650692939758301,5.650270938873291,0.0004220008850097656,0.026554539799690247,0.18141943216323853,0.9999890327453613,False
syco_bullshit_v2_fin_pnf_02,+C,False,17,1,0,True,True,"[-0.32979899644851685, 0.6433615684509277]","[-1.350091576576233, -0.5179756283760071]",5.802844047546387,8.476953744888306,3.2966127395629883,5.671245098114014,5.671245098114014,5.6706862449646,0.0005588531494140625,0.026714613661170006,0.18206776678562164,0.9999889731407166,False
syco_bullshit_v2_fin_pnf_02,+C,False,18,1,0,True,True,"[-0.1659494787454605, 0.19701120257377625]","[-1.148978590965271, -0.7353430986404419]",5.802844047546387,8.476953744888306,2.9997427463531494,5.413505554199219,5.413505554199219,5.413149356842041,0.0003561973571777344,0.02640538476407528,0.17791132628917694,0.9999881386756897,False
syco_bullshit_v2_fin_pnf_02,+C,False,19,1,0,True,True,"[0.027946732938289642, -0.08702147006988525]","[-0.8133558034896851, -0.5064090490341187]",5.802844047546387,8.476953744888306,2.767224073410034,5.3519816398620605,5.3519816398620605,5.352750778198242,0.0007691383361816406,0.022770794108510017,0.17459967732429504,0.9999909400939941,False
syco_bullshit_v2_fin_pnf_02,+C,False,20,1,0,True,True,"[0.40145739912986755, -0.06694402545690536]","[-1.3762171268463135, -0.4645180106163025]",5.802844047546387,8.476953744888306,2.5952742099761963,5.71970796585083,5.71970796585083,5.7180376052856445,0.0016703605651855469,0.024839259684085846,0.18399928510189056,0.9999905824661255,False
syco_bullshit_v2_fin_pnf_02,+C,False,21,1,0,True,True,"[0.409772664308548, -0.25418612360954285]","[-1.209262728691101, -0.33910059928894043]",5.802844047546387,8.476953744888306,2.5001332759857178,5.69467830657959,5.69467830657959,5.695696830749512,0.001018524169921875,0.02492697909474373,0.1833839863538742,0.9999904632568359,False
syco_bullshit_v2_fin_pnf_02,+C,False,22,1,0,True,True,"[0.33002910017967224, -0.43576982617378235]","[-1.2680515050888062, -0.45058509707450867]",5.802844047546387,8.476953744888306,2.4505865573883057,5.6624579429626465,5.6624579429626465,5.660278797149658,0.0021791458129882812,0.02517988532781601,0.17647086083889008,0.9999902248382568,False
syco_bullshit_v2_fin_pnf_02,+C,False,23,1,0,True,True,"[0.2551066279411316, -0.3769371509552002]","[-1.156437635421753, -0.4767210781574249]",5.802844047546387,8.476953744888306,2.515660285949707,5.578440189361572,5.578440189361572,5.578701019287109,0.0002608299255371094,0.025120673701167107,0.17120103538036346,0.9999897480010986,False
syco_bullshit_v2_fin_pnf_02,+C,False,24,1,0,True,True,"[0.378376841545105, -0.6829482913017273]","[-1.5347905158996582, -0.6692119240760803]",5.802844047546387,8.476953744888306,2.306809425354004,5.688470840454102,5.68847131729126,5.687531471252441,0.0009398460388183594,0.027253955602645874,0.1875000149011612,0.9999885559082031,False
syco_bullshit_v2_fin_pnf_02,+C,False,25,1,0,True,True,"[0.5366596579551697, -0.40853777527809143]","[-1.162964940071106, -0.7482565641403198]",5.802844047546387,8.476953744888306,2.363306760787964,5.414888381958008,5.414888858795166,5.41642951965332,0.0015406608581542969,0.028627870604395866,0.18226076662540436,0.9999861121177673,False
syco_bullshit_v2_fin_pnf_02,+C,False,26,1,0,True,True,"[0.5072863101959229, -0.4568648934364319]","[-0.8157761096954346, -0.6738698482513428]",5.802844047546387,8.476953744888306,2.354085683822632,5.25040864944458,5.25040864944458,5.249996185302734,0.0004124641418457031,0.025466760620474815,0.1728997379541397,0.9999881982803345,False
syco_bullshit_v2_fin_pnf_02,+C,False,27,1,0,True,True,"[0.6284725069999695, -0.48805803060531616]","[-0.5963727831840515, -0.36099082231521606]",5.802844047546387,8.476953744888306,2.279951333999634,5.306921005249023,5.306921005249023,5.30855655670166,0.0016355514526367188,0.0215812548995018,0.17185479402542114,0.9999918341636658,False
syco_bullshit_v2_fin_pnf_02,+C,False,28,1,0,True,True,"[0.45272696018218994, -0.4394072890281677]","[-0.4909559190273285, -0.32651233673095703]",5.802844047546387,8.476953744888306,2.38912296295166,5.264760971069336,5.264760971069336,5.265674591064453,0.0009136199951171875,0.022438786923885345,0.17594502866268158,0.9999908208847046,False
syco_bullshit_v2_fin_pnf_02,+C,False,29,1,0,True,True,"[0.06751857697963715, 0.014369746670126915]","[-1.175730586051941, -0.5179625749588013]",5.802844047546387,8.476953744888306,2.797300100326538,5.564287185668945,5.564287185668945,5.56580114364624,0.0015139579772949219,0.025232143700122833,0.17302636802196503,0.9999897480010986,False
syco_bullshit_v2_fin_pnf_02,+C,False,30,1,0,True,True,"[0.08699461072683334, -0.10168600082397461]","[-1.472327470779419, -0.47332763671875]",5.802844047546387,8.476953744888306,2.7313621044158936,5.773035526275635,5.773035526275635,5.773055076599121,1.9550323486328125e-05,0.024913230910897255,0.17167599499225616,0.999990701675415,False
syco_bullshit_v2_fin_pnf_02,+C,False,31,1,0,True,True,"[-0.2895059287548065, -0.05279552564024925]","[-1.097639799118042, -0.46946826577186584]",5.802844047546387,8.476953744888306,2.9383203983306885,5.547840118408203,5.547840118408203,5.547028541564941,0.0008115768432617188,0.026400312781333923,0.17240244150161743,0.9999886751174927,False
syco_bullshit_v2_fin_pnf_02,+C,False,32,1,0,True,True,"[0.2173185646533966, -0.22662007808685303]","[-0.6357516646385193, -0.4323200285434723]",5.802844047546387,8.476953744888306,2.607175827026367,5.287912368774414,5.287912368774414,5.287204742431641,0.0007076263427734375,0.022801009938120842,0.1723378300666809,0.999990701675415,False
syco_bullshit_v2_fin_pnf_02,+C,False,33,1,0,True,True,"[0.12304891645908356, -0.2039533108472824]","[-0.9332758188247681, -0.5415230989456177]",5.802844047546387,8.476953744888306,2.664066791534424,5.402250289916992,5.40225076675415,5.400838375091553,0.0014123916625976562,0.024548541754484177,0.16638286411762238,0.9999897480010986,False
syco_bullshit_v2_fin_pnf_02,+C,False,34,1,0,True,True,"[0.19116216897964478, -0.38256189227104187]","[-1.139957308769226, -0.3214036524295807]",5.802844047546387,8.476953744888306,2.5440337657928467,5.663206577301025,5.663206577301025,5.663633346557617,0.0004267692565917969,0.024627795442938805,0.17371729016304016,0.9999904632568359,False
syco_bullshit_v2_fin_pnf_02,+C,False,35,1,0,True,True,"[0.2952239215373993, 0.10681979358196259]","[-1.0556243658065796, -0.37315285205841064]",5.802844047546387,8.476953744888306,2.731496572494507,5.580817699432373,5.580817699432373,5.581809043884277,0.0009913444519042969,0.025433460250496864,0.1774512231349945,0.9999896287918091,False
syco_bullshit_v2_fin_pnf_02,+C,False,36,1,0,True,True,"[0.100410595536232, -0.1221131980419159]","[-1.1941540241241455, -0.49692225456237793]",5.802844047546387,8.476953744888306,2.7148969173431396,5.587490081787109,5.587490081787109,5.588343620300293,0.0008535385131835938,0.024853602051734924,0.17358513176441193,0.9999901056289673,False
syco_bullshit_v2_fin_pnf_02,+C,False,37,1,0,True,True,"[-0.145429790019989, 0.10633504390716553]","[-1.1687712669372559, -0.5849434733390808]",5.802844047546387,8.476953744888306,2.9456443786621094,5.52052116394043,5.52052116394043,5.521681308746338,0.0011601448059082031,0.024242473766207695,0.1706242561340332,0.9999903440475464,False
syco_bullshit_v2_fin_pnf_02,+C,False,38,1,0,True,True,"[0.1615387499332428, -0.053968824446201324]","[-0.7731151580810547, -0.43244242668151855]",5.802844047546387,8.476953744888306,2.7183103561401367,5.370236396789551,5.370236396789551,5.370382785797119,0.00014638900756835938,0.027598565444350243,0.18036694824695587,0.9999868869781494,False
syco_bullshit_v2_fin_pnf_02,+C,False,39,1,0,True,True,"[0.06147465854883194, -0.2343878149986267]","[-1.7183929681777954, -0.6124094128608704]",5.802844047546387,8.476953744888306,2.6792166233062744,5.837472915649414,5.837472915649414,5.839993476867676,0.0025205612182617188,0.024064751341938972,0.1795496791601181,0.9999915957450867,False
syco_bullshit_v2_fin_pnf_02,+C,False,40,1,0,True,True,"[0.11600874364376068, -0.2299233376979828]","[-1.5773050785064697, -0.5412095785140991]",5.802844047546387,8.476953744888306,2.6548573970794678,5.796047210693359,5.796047210693359,5.796136379241943,8.916854858398438e-05,0.025674359872937202,0.17923925817012787,0.9999902248382568,False
syco_bullshit_v2_fin_pnf_02,+C,False,41,1,0,True,True,"[0.3880149722099304, -0.3379625082015991]","[-1.0717438459396362, -0.4030688405036926]",5.802844047546387,8.476953744888306,2.4699604511260986,5.571545124053955,5.571544647216797,5.570834159851074,0.0007104873657226562,0.02826124057173729,0.18368549644947052,0.9999871253967285,False
syco_bullshit_v2_fin_pnf_02,+C,False,42,1,0,True,True,"[0.22771811485290527, -0.25085145235061646]","[-1.39642333984375, -0.6572657227516174]",5.802844047546387,8.476953744888306,2.590327501296997,5.614825248718262,5.614825248718262,5.616462707519531,0.0016374588012695312,0.02615177258849144,0.18265341222286224,0.9999892115592957,False
syco_bullshit_v2_fin_pnf_02,+C,False,43,1,0,True,True,"[0.05854160338640213, -0.16861942410469055]","[-1.661342740058899, -0.744827151298523]",5.802844047546387,8.476953744888306,2.7126410007476807,5.7234787940979,5.7234787940979,5.724616527557373,0.0011377334594726562,0.02535429038107395,0.17925980687141418,0.9999901056289673,False
syco_bullshit_v2_fin_pnf_02,+C,False,44,1,0,True,True,"[0.20357728004455566, -0.40921729803085327]","[-1.6827821731567383, -0.598746120929718]",5.802844047546387,8.476953744888306,2.5250251293182373,5.82466983795166,5.82466983795166,5.82486629486084,0.0001964569091796875,0.02438519150018692,0.17809486389160156,0.9999914169311523,False
syco_bullshit_v2_fin_pnf_02,+C,False,45,1,0,True,True,"[-0.13911370933055878, -0.3027637302875519]","[-1.1338850259780884, -0.4703572690486908]",5.802844047546387,8.476953744888306,2.743539810180664,5.567817687988281,5.567817687988281,5.568454265594482,0.0006365776062011719,0.02558591216802597,0.17587074637413025,0.9999895095825195,False
syco_bullshit_v2_fin_pnf_02,+C,False,46,1,0,True,True,"[-0.2124262899160385, 0.11903166025876999]","[-1.4100067615509033, -0.12199853360652924]",5.802844047546387,8.476953744888306,2.9844162464141846,5.947385787963867,5.947385787963867,5.9498162269592285,0.002430438995361328,0.0273451991379261,0.1917787343263626,0.9999895095825195,False
syco_bullshit_v2_fin_pnf_02,+C,False,47,1,0,True,True,"[-0.1866019368171692, 0.2426176816225052]","[-1.1207576990127563, -0.4127621054649353]",5.802844047546387,8.476953744888306,3.0319786071777344,5.594458103179932,5.594457626342773,5.595019817352295,0.0005621910095214844,0.02682330459356308,0.18228797614574432,0.9999884366989136,False
syco_bullshit_v2_fin_pnf_02,+C,False,48,1,0,True,True,"[0.8651533126831055, -0.45850831270217896]","[-1.073096513748169, -0.7234625220298767]",5.802844047546387,8.476953744888306,2.1791791915893555,5.375321865081787,5.375322341918945,5.377469062805176,0.0021467208862304688,0.02838827855885029,0.1793636679649353,0.9999861717224121,False
syco_bullshit_v2_fin_pnf_02,+C,False,49,1,0,True,True,"[0.8280153274536133, -0.37662190198898315]","[-0.6111879348754883, -0.03594890236854553]",5.802844047546387,8.476953744888306,2.237086057662964,5.515064239501953,5.515064239501953,5.513761043548584,0.0013031959533691406,0.026036344468593597,0.185794398188591,0.9999889135360718,False
syco_bullshit_v2_fin_pnf_02,+C,False,50,1,0,True,True,"[0.6200504899024963, -0.6104277968406677]","[-1.4315941333770752, -0.90399169921875]",5.802844047546387,8.476953744888306,2.2245142459869385,5.485959053039551,5.485959053039551,5.488225936889648,0.0022668838500976562,0.026243679225444794,0.1767042726278305,0.9999887347221375,False
syco_bullshit_v2_fin_pnf_02,+C,False,51,1,0,True,True,"[0.36738842725753784, -0.3597022593021393]","[-1.7825320959091187, -0.7513118982315063]",5.802844047546387,8.476953744888306,2.46941876411438,5.7925124168396,5.7925124168396,5.791873455047607,0.0006389617919921875,0.025775093585252762,0.18143461644649506,0.9999899864196777,False
syco_bullshit_v2_fin_pnf_02,+C,False,52,1,0,True,True,"[0.04484838247299194, 0.07945936918258667]","[-1.7830559015274048, -0.35922670364379883]",5.802844047546387,8.476953744888306,2.839996099472046,6.031980991363525,6.031980991363525,6.0335235595703125,0.0015425682067871094,0.024615135043859482,0.1828097552061081,0.9999917149543762,False
syco_bullshit_v2_fin_pnf_02,+C,False,53,1,0,True,True,"[-0.27297359704971313, 0.32515808939933777]","[-1.760145664215088, -0.35214465856552124]",5.802844047546387,8.476953744888306,3.1141562461853027,6.022937297821045,6.022937297821045,6.0224223136901855,0.000514984130859375,0.025203339755535126,0.19201527535915375,0.9999912977218628,False
syco_bullshit_v2_fin_pnf_02,+C,False,54,1,0,True,True,"[-0.15464356541633606, 0.1689714789390564]","[-1.6347719430923462, -0.4143260717391968]",5.802844047546387,8.476953744888306,2.980600595474243,5.906566143035889,5.9065656661987305,5.9059858322143555,0.000579833984375,0.028002066537737846,0.19162429869174957,0.9999887943267822,False
syco_bullshit_v2_fin_pnf_02,+C,False,55,1,0,True,True,"[0.5222232341766357, -0.10698556900024414]","[-1.370772123336792, -0.47203749418258667]",5.802844047546387,8.476953744888306,2.5170395374298096,5.7122039794921875,5.7122039794921875,5.711264610290527,0.0009393692016601562,0.025970013812184334,0.18476130068302155,0.9999897480010986,False
syco_bullshit_v2_fin_pnf_02,+C,False,56,1,0,True,True,"[0.5425640344619751, -0.5180659294128418]","[-1.167952299118042, -0.6118404865264893]",5.802844047546387,8.476953744888306,2.307147741317749,5.503529071807861,5.503529071807861,5.504651069641113,0.0011219978332519531,0.02495143748819828,0.175484761595726,0.9999897480010986,False
syco_bullshit_v2_fin_pnf_02,+C,False,57,1,0,True,True,"[0.5555497407913208, -0.602247953414917]","[-1.5635855197906494, -0.7461978197097778]",5.802844047546387,8.476953744888306,2.2598743438720703,5.660167694091797,5.660167217254639,5.661073207855225,0.0009059906005859375,0.02470303140580654,0.1799846738576889,0.9999904036521912,False
syco_bullshit_v2_fin_pnf_02,+C,False,58,1,0,True,True,"[0.5094004273414612, -0.42515620589256287]","[-1.5000563859939575, -0.2881496846675873]",5.802844047546387,8.476953744888306,2.3684840202331543,5.899964332580566,5.899964332580566,5.902279376983643,0.002315044403076172,0.028501752763986588,0.1850235015153885,0.9999884366989136,False
syco_bullshit_v2_fin_pnf_02,+C,False,59,1,0,True,True,"[-0.04717201367020607, 0.035581618547439575]","[-1.5186574459075928, -0.4977155029773712]",5.802844047546387,8.476953744888306,2.8634185791015625,5.787055015563965,5.787054538726807,5.783450603485107,0.0036039352416992188,0.028216499835252762,0.18892672657966614,0.9999882578849792,False
syco_bullshit_v2_fin_pnf_02,+C,False,60,1,0,True,True,"[0.05802687257528305, -0.18497061729431152]","[-1.410265326499939, -0.7315292954444885]",5.802844047546387,8.476953744888306,2.7049362659454346,5.577966213226318,5.577966213226318,5.577709197998047,0.0002570152282714844,0.026021774858236313,0.18446746468544006,0.9999891519546509,False
syco_bullshit_v2_fin_pnf_02,+C,False,61,1,0,True,True,"[0.9439166188240051, -0.46445029973983765]","[-1.3745810985565186, -0.6635466814041138]",5.802844047546387,8.476953744888306,2.1379690170288086,5.596856594085693,5.596856594085693,5.596780300140381,7.62939453125e-05,0.029890023171901703,0.18800337612628937,0.9999858140945435,False
syco_bullshit_v2_fin_pnf_02,+C,False,62,1,0,True,True,"[0.9089414477348328, -0.5766907334327698]","[-1.2959117889404297, -0.5565956234931946]",5.802844047546387,8.476953744888306,2.1003787517547607,5.614141464233398,5.614141464233398,5.614181041717529,3.9577484130859375e-05,0.027194958180189133,0.18351827561855316,0.9999881982803345,False
syco_bullshit_v2_fin_pnf_02,+C,False,63,1,0,True,True,"[0.3575485348701477, -0.5414881110191345]","[-1.143495798110962, -0.7451251745223999]",5.802844047546387,8.476953744888306,2.3857650756835938,5.406400680541992,5.406400203704834,5.408782958984375,0.0023827552795410156,0.02935521863400936,0.18178462982177734,0.9999852776527405,False
syco_bullshit_v2_fin_pnf_02,+C,False,64,1,0,True,True,"[0.6552173495292664, -0.680543065071106]","[-1.2578400373458862, -0.7868786454200745]",5.802844047546387,8.476953744888306,2.173293352127075,5.448716640472412,5.448716640472412,5.448688507080078,2.8133392333984375e-05,0.02744026854634285,0.1812814623117447,0.9999873638153076,False
syco_bullshit_v2_fin_pnf_02,+C,False,65,1,0,True,True,"[0.8276211023330688, -0.5169166922569275]","[-1.3306994438171387, -0.7292035818099976]",5.802844047546387,8.476953744888306,2.169022798538208,5.52963399887085,5.52963399887085,5.529724597930908,9.059906005859375e-05,0.02492177113890648,0.17663778364658356,0.9999898672103882,False
syco_bullshit_v2_fin_pnf_02,+C,False,66,1,0,True,True,"[0.9825842976570129, -0.6162964701652527]","[-1.1681901216506958, -0.6137406229972839]",5.802844047546387,8.476953744888306,2.0452816486358643,5.502408027648926,5.502408504486084,5.502010822296143,0.00039768218994140625,0.026623593643307686,0.17893950641155243,0.9999883770942688,False
syco_bullshit_v2_fin_pnf_02,+C,False,67,1,0,True,True,"[0.5029778480529785, -0.17609713971614838]","[-0.9453653693199158, -0.4138890504837036]",5.802844047546387,8.476953744888306,2.492778778076172,5.486393451690674,5.486393451690674,5.486740589141846,0.000347137451171875,0.024468323215842247,0.184110626578331,0.9999901056289673,False
syco_bullshit_v2_fin_pnf_02,+C,False,68,1,0,True,True,"[0.6803545355796814, -0.6153925061225891]","[-1.3140605688095093, -0.3609074354171753]",5.802844047546387,8.476953744888306,2.192760467529297,5.745609760284424,5.745609283447266,5.746830463409424,0.0012211799621582031,0.026695990934967995,0.18773747980594635,0.9999891519546509,False
syco_bullshit_v2_fin_pnf_02,+C,False,69,1,0,True,True,"[0.8741447925567627, -0.5160168409347534]","[-1.1969799995422363, -0.7057157158851624]",5.802844047546387,8.476953744888306,2.1468262672424316,5.464025974273682,5.46402645111084,5.463052272796631,0.0009741783142089844,0.02745101973414421,0.1807408332824707,0.9999873638153076,False
syco_bullshit_v2_fin_pnf_02,+C,False,70,1,0,True,True,"[1.1061090230941772, -0.7481194138526917]","[-0.45033156871795654, -0.31734499335289]",5.802844047546387,8.476953744888306,1.9210518598556519,5.245675563812256,5.245675563812256,5.2479376792907715,0.002262115478515625,0.024645740166306496,0.17006267607212067,0.9999890327453613,False
syco_bullshit_v2_fin_pnf_02,+C,False,71,1,0,True,True,"[0.8992598056793213, -0.29250645637512207]","[-0.7444089651107788, -0.40424996614456177]",5.802844047546387,8.476953744888306,2.2433481216430664,5.369530200958252,5.369530200958252,5.368210315704346,0.00131988525390625,0.026493964716792107,0.18420690298080444,0.9999878406524658,False
syco_bullshit_v2_fin_pnf_02,+C,False,72,1,0,True,True,"[0.4745684862136841, -0.2861618399620056]","[-1.3393242359161377, -0.746252179145813]",5.802844047546387,8.476953744888306,2.4530527591705322,5.525496006011963,5.525495529174805,5.526305675506592,0.0008101463317871094,0.02630150504410267,0.17474602162837982,0.9999886751174927,False
syco_bullshit_v2_fin_pnf_02,+C,False,73,1,0,True,True,"[0.44406309723854065, -0.42087066173553467]","[-1.261479139328003, -0.6641994714736938]",5.802844047546387,8.476953744888306,2.4023561477661133,5.5290961265563965,5.529096603393555,5.53078031539917,0.0016837120056152344,0.02612854167819023,0.17913596332073212,0.9999889135360718,False
syco_bullshit_v2_fin_pnf_02,+C,False,74,1,0,True,True,"[0.11474049091339111, -0.14540374279022217]","[-1.4048618078231812, -0.7142877578735352]",5.802844047546387,8.476953744888306,2.696593999862671,5.585249900817871,5.585249900817871,5.586108207702637,0.000858306884765625,0.024190666154026985,0.17243747413158417,0.9999906420707703,False
syco_bullshit_v2_fin_pnf_02,+C,False,75,1,0,True,True,"[0.7686911821365356, -0.6700133681297302]","[-0.5955305695533752, -0.5852686762809753]",5.802844047546387,8.476953744888306,2.1232094764709473,5.169366359710693,5.169366836547852,5.170472621917725,0.0011057853698730469,0.02670395001769066,0.17213217914104462,0.9999867081642151,False
syco_bullshit_v2_fin_pnf_02,+C,False,76,1,0,True,True,"[-0.41331756114959717, -0.04000600799918175]","[-1.2707127332687378, -0.7433225512504578]",5.802844047546387,8.476953744888306,3.0047786235809326,5.4858927726745605,5.485892295837402,5.485479354858398,0.00041294097900390625,0.026463227346539497,0.1792011260986328,0.999988317489624,False
syco_bullshit_v2_fin_pnf_02,+C,False,77,1,0,True,True,"[0.3060348629951477, -0.11346302926540375]","[-1.031580924987793, -0.8336483836174011]",5.802844047546387,8.476953744888306,2.6190664768218994,5.283727645874023,5.283727645874023,5.282391548156738,0.0013360977172851562,0.02654694952070713,0.17607948184013367,0.9999874830245972,False
syco_bullshit_v2_fin_pnf_02,+C,False,78,1,0,True,True,"[0.9048169851303101, -0.4141901135444641]","[-0.9056693911552429, -0.6316649913787842]",5.802844047546387,8.476953744888306,2.181443929672241,5.33113956451416,5.33113956451416,5.32969856262207,0.0014410018920898438,0.02728123776614666,0.1803310662508011,0.999987006187439,False
syco_bullshit_v2_fin_pnf_02,+C,False,79,1,0,True,True,"[0.39851850271224976, -0.4557773470878601]","[-1.5054248571395874, -0.6048198342323303]",5.802844047546387,8.476953744888306,2.407531976699829,5.715240955352783,5.715240955352783,5.717434406280518,0.002193450927734375,0.02553035505115986,0.17946602404117584,0.9999900460243225,False
syco_bullshit_v2_fin_pnf_02,+C,False,80,1,0,True,True,"[0.5713614821434021, -0.3033614754676819]","[-1.5220242738723755, -0.5320011973381042]",5.802844047546387,8.476953744888306,2.3975937366485596,5.768176555633545,5.768176555633545,5.768339157104492,0.00016260147094726562,0.02488224022090435,0.17811979353427887,0.9999906420707703,False
syco_bullshit_v2_fin_pnf_02,+C,False,81,1,0,True,True,"[0.4982290267944336, -0.7447458505630493]","[-1.395490288734436, -0.8817776441574097]",5.802844047546387,8.476953744888306,2.2184345722198486,5.478489875793457,5.478489875793457,5.476892948150635,0.0015969276428222656,0.02757110260426998,0.1814480870962143,0.9999873638153076,False
syco_bullshit_v2_fin_pnf_02,+C,False,82,1,0,True,True,"[-0.06724987924098969, -0.1289486140012741]","[-1.3079746961593628, -0.5523405075073242]",5.802844047546387,8.476953744888306,2.793140411376953,5.623101234436035,5.623101234436035,5.623970985412598,0.0008697509765625,0.02755606360733509,0.18921853601932526,0.9999879002571106,False
syco_bullshit_v2_fin_pnf_02,+C,False,83,1,0,True,True,"[0.8845123052597046, -0.4864863455295563]","[-0.8409432172775269, -0.4363393485546112]",5.802844047546387,8.476953744888306,2.156149387359619,5.410655975341797,5.410655975341797,5.411848545074463,0.0011925697326660156,0.02769559435546398,0.1892133206129074,0.9999868869781494,False
syco_bullshit_v2_fin_pnf_02,+C,False,84,1,0,True,True,"[0.8076804876327515, -0.7733914852142334]","[-1.0248116254806519, -0.2678060829639435]",5.802844047546387,8.476953744888306,2.053946018218994,5.624682903289795,5.624682903289795,5.625879287719727,0.0011963844299316406,0.023798935115337372,0.18001452088356018,0.9999911785125732,False
syco_bullshit_v2_fin_pnf_02,+C,False,85,1,0,True,True,"[0.8383318781852722, -0.5553506016731262]","[-1.4303269386291504, -0.30769777297973633]",5.802844047546387,8.476953744888306,2.145113229751587,5.847959041595459,5.847959041595459,5.847830772399902,0.00012826919555664062,0.024915583431720734,0.18298815190792084,0.9999909400939941,False
syco_bullshit_v2_fin_pnf_02,+C,False,86,1,0,True,True,"[0.6946747899055481, -0.5276856422424316]","[-1.5302122831344604, -0.4522652328014374]",5.802844047546387,8.476953744888306,2.228463649749756,5.821323871612549,5.821323871612549,5.819540500640869,0.0017833709716796875,0.024004479870200157,0.17423255741596222,0.9999914765357971,False
syco_bullshit_v2_fin_pnf_02,+C,False,87,1,0,True,True,"[0.254769891500473, 0.003878256306052208]","[-0.9044501781463623, -0.21339967846870422]",5.802844047546387,8.476953744888306,2.7010955810546875,5.584587574005127,5.584587574005127,5.582793712615967,0.0017938613891601562,0.02161618322134018,0.1668294221162796,0.9999926090240479,False
syco_bullshit_v2_fin_pnf_02,+C,False,88,1,0,True,True,"[0.38411232829093933, -0.213739275932312]","[-1.2502251863479614, -0.4459437429904938]",5.802844047546387,8.476953744888306,2.532294988632202,5.65305233001709,5.65305233001709,5.653678894042969,0.0006265640258789062,0.023693237453699112,0.17690695822238922,0.9999912977218628,False
syco_bullshit_v2_fin_pnf_02,+C,False,89,1,0,True,True,"[0.963377833366394, -0.16551434993743896]","[-0.6348598599433899, -0.34684470295906067]",5.802844047546387,8.476953744888306,2.273937225341797,5.338895320892334,5.338895320892334,5.341304302215576,0.0024089813232421875,0.025842197239398956,0.18336188793182373,0.9999884963035583,False
syco_bullshit_v2_fin_pnf_02,+C,False,90,1,0,True,True,"[0.8112072348594666, -0.2924404442310333]","[-1.2849692106246948, -0.37645184993743896]",5.802844047546387,8.476953744888306,2.2862188816070557,5.715440273284912,5.715440273284912,5.715787887573242,0.0003476142883300781,0.02500571869313717,0.1765369325876236,0.9999904632568359,False
syco_bullshit_v2_fin_pnf_02,+C,False,91,1,0,True,True,"[1.0130208730697632, -0.6179994344711304]","[-1.1499981880187988, -0.838538646697998]",5.802844047546387,8.476953744888306,2.0296452045440674,5.350500583648682,5.35050106048584,5.349878311157227,0.0006227493286132812,0.027314025908708572,0.1761535257101059,0.999987006187439,False
syco_bullshit_v2_fin_pnf_02,+C,False,92,1,0,True,True,"[0.24904397130012512, -0.23267652094364166]","[-1.6417187452316284, -0.7582530975341797]",5.802844047546387,8.476953744888306,2.588794469833374,5.704304218292236,5.704304218292236,5.70574951171875,0.0014452934265136719,0.023307496681809425,0.17483316361904144,0.9999916553497314,False
syco_bullshit_v2_fin_pnf_02,+C,False,93,1,0,True,True,"[1.0824062824249268, -0.6946073174476624]","[-0.8761575222015381, -0.6873968243598938]",5.802844047546387,8.476953744888306,1.9586178064346313,5.278898239135742,5.278898239135742,5.279481410980225,0.0005831718444824219,0.02685493417084217,0.17361478507518768,0.9999871253967285,False
syco_bullshit_v2_fin_pnf_02,+C,False,94,1,0,True,True,"[0.6138300895690918, -0.3872862756252289]","[-1.3356751203536987, -0.5542171597480774]",5.802844047546387,8.476953744888306,2.336101770401001,5.638996601104736,5.638996601104736,5.639451026916504,0.0004544258117675781,0.025586867704987526,0.17837469279766083,0.9999896883964539,False
syco_bullshit_v2_fin_pnf_02,+C,False,95,1,0,True,True,"[0.9171640872955322, -0.1532096117734909]","[-1.1715534925460815, -0.6345594525337219]",5.802844047546387,8.476953744888306,2.3024072647094727,5.492400169372559,5.492400169372559,5.491296768188477,0.0011034011840820312,0.025871306657791138,0.1803344041109085,0.9999889135360718,False
syco_bullshit_v2_fin_pnf_02,+C,False,96,1,0,True,True,"[0.11726322025060654, 0.04184971749782562]","[-1.8314785957336426, -0.6606253981590271]",5.802844047546387,8.476953744888306,2.7864677906036377,5.87858247756958,5.878582954406738,5.878343105316162,0.00023984909057617188,0.02373008243739605,0.1833508312702179,0.9999918937683105,False
syco_bullshit_v2_fin_pnf_02,+C,False,97,1,0,True,True,"[0.4516114294528961, -0.3731556534767151]","[-1.6947768926620483, -0.6172768473625183]",5.802844047546387,8.476953744888306,2.4218978881835938,5.8202338218688965,5.8202338218688965,5.819296360015869,0.0009374618530273438,0.0249859020113945,0.18319226801395416,0.9999908208847046,False
syco_bullshit_v2_fin_pnf_02,+C,False,98,1,0,True,True,"[0.5293219685554504, -0.12030760943889618]","[-1.3998494148254395, -0.6235406398773193]",5.802844047546387,8.476953744888306,2.5071043968200684,5.636152744293213,5.636153221130371,5.636594772338867,0.00044155120849609375,0.02736102230846882,0.18698932230472565,0.999988317489624,False
syco_bullshit_v2_fin_pnf_02,+C,False,99,1,0,True,True,"[1.0075290203094482, -0.24773134291172028]","[-0.30514252185821533, -0.21135440468788147]",5.802844047546387,8.476953744888306,2.2124574184417725,5.221766948699951,5.221766948699951,5.22535514831543,0.0035881996154785156,0.0258474200963974,0.17344965040683746,0.9999880790710449,False
syco_bullshit_v2_fin_pnf_02,+C,False,100,1,0,True,True,"[0.03489886224269867, 0.08610427379608154]","[-0.751958966255188, -0.2925410866737366]",5.802844047546387,8.476953744888306,2.848069906234741,5.44370698928833,5.44370698928833,5.443262100219727,0.0004448890686035156,0.020766139030456543,0.15274062752723694,0.9999926686286926,False
syco_bullshit_v2_fin_pnf_02,+C,False,101,1,0,True,True,"[0.30588963627815247, -0.048437464982271194]","[-1.347902536392212, -0.7393472194671631]",5.802844047546387,8.476953744888306,2.6507728099823,5.5353569984436035,5.5353569984436035,5.536386966705322,0.00102996826171875,0.023816337808966637,0.16487069427967072,0.9999908208847046,False
syco_bullshit_v2_fin_pnf_02,-C,False,0,70,69,True,True,"[0.20260892808437347, -0.07862593978643417]","[-1.331621766090393, 0.400084912776947]",-2.4792703986167908,-7.5542134046554565,1.343021035194397,3.5472261905670166,3.5472259521484375,3.547482967376709,0.0002570152282714844,0.020041925832629204,0.14221172034740448,0.9999840259552002,False
syco_bullshit_v2_fin_pnf_02,-C,False,1,1,0,True,True,"[0.21925435960292816, 0.16803130507469177]","[-1.2737345695495605, -0.23260211944580078]",-2.4792703986167908,-7.5542134046554565,1.2311173677444458,3.9665963649749756,3.9665963649749756,3.9666218757629395,2.5510787963867188e-05,0.021643172949552536,0.14767670631408691,0.9999850988388062,False
syco_bullshit_v2_fin_pnf_02,-C,False,2,1,0,True,True,"[0.3264697790145874, 0.2404189258813858]","[-1.1053831577301025, -0.0880054235458374]",-2.4792703986167908,-7.5542134046554565,1.2480615377426147,3.982231855392456,3.982231616973877,3.9830703735351562,0.0008387565612792969,0.022048454731702805,0.15120548009872437,0.999984622001648,False
syco_bullshit_v2_fin_pnf_02,-C,False,3,1,0,True,True,"[0.35688140988349915, 0.12568162381649017]","[-0.9837542772293091, -0.1599562019109726]",-2.4792703986167908,-7.5542134046554565,1.3186782598495483,4.0988969802856445,4.098897457122803,4.099562168121338,0.0006647109985351562,0.02001907490193844,0.15273262560367584,0.9999881982803345,False
syco_bullshit_v2_fin_pnf_02,-C,False,4,1,0,True,True,"[0.2956392168998718, 0.1051422730088234]","[-0.960414707660675, 0.11349917203187943]",-2.4792703986167908,-7.5542134046554565,1.2988758087158203,3.9459080696105957,3.945908308029175,3.9459547996520996,4.649162292480469e-05,0.02166990377008915,0.15639999508857727,0.9999849200248718,False
syco_bullshit_v2_fin_pnf_02,-C,False,5,1,0,True,True,"[-0.07486435025930405, 0.306651771068573]","[-1.0535078048706055, -0.15819481015205383]",-2.4792703986167908,-7.5542134046554565,1.020584225654602,4.057191848754883,4.057191848754883,4.05898904800415,0.0017971992492675781,0.022725773975253105,0.1606566458940506,0.9999843835830688,False
syco_bullshit_v2_fin_pnf_02,-C,False,6,1,0,True,True,"[0.24131125211715698, 0.07157670706510544]","[-1.5866894721984863, -0.446652889251709]",-2.4792703986167908,-7.5542134046554565,1.2887747287750244,3.907372236251831,3.907372236251831,3.9079182147979736,0.0005459785461425781,0.024157540872693062,0.15093015134334564,0.9999808669090271,False
syco_bullshit_v2_fin_pnf_02,-C,False,7,1,0,True,True,"[0.4080078601837158, 0.046637050807476044]","[-1.4249118566513062, -0.7129711508750916]",-2.4792703986167908,-7.5542134046554565,1.3820081949234009,4.167994022369385,4.167994022369385,4.169820308685303,0.0018262863159179688,0.025161821395158768,0.15803760290145874,0.9999818205833435,False
syco_bullshit_v2_fin_pnf_02,-C,False,8,1,0,True,True,"[0.4723541736602783, -0.27777227759361267]","[-1.2163643836975098, -0.7646016478538513]",-2.4792703986167908,-7.5542134046554565,1.5711427927017212,4.3278374671936035,4.327836990356445,4.327840328216553,3.337860107421875e-06,0.023868681862950325,0.15200386941432953,0.9999848008155823,False
syco_bullshit_v2_fin_pnf_02,-C,False,9,1,0,True,True,"[0.057981446385383606, -0.011438962072134018]","[-1.3492071628570557, -0.5603508949279785]",-2.4792703986167908,-7.5542134046554565,1.2399705648422241,4.1216630935668945,4.1216630935668945,4.120993614196777,0.0006694793701171875,0.025673501193523407,0.15621696412563324,0.999980628490448,False
syco_bullshit_v2_fin_pnf_02,-C,False,10,1,0,True,True,"[0.23373548686504364, 0.03940597549080849]","[-1.174748420715332, -0.544175386428833]",-2.4792703986167908,-7.5542134046554565,1.3007404804229736,4.216561317443848,4.216561317443848,4.2179999351501465,0.0014386177062988281,0.025498194620013237,0.15986694395542145,0.9999818801879883,False
syco_bullshit_v2_fin_pnf_02,-C,False,11,1,0,True,True,"[-0.05085830017924309, -0.02336077392101288]","[-1.6389857530593872, -0.7714394927024841]",-2.4792703986167908,-7.5542134046554565,1.1928188800811768,4.074744701385498,4.07474422454834,4.075518608093262,0.000774383544921875,0.022969750687479973,0.1535193771123886,0.999984085559845,False
syco_bullshit_v2_fin_pnf_02,-C,False,12,1,0,True,True,"[0.1701183170080185, 0.4084368944168091]","[-1.3278164863586426, -0.20744118094444275]",-2.4792703986167908,-7.5542134046554565,1.0902515649795532,3.9187259674072266,3.9187262058258057,3.917214870452881,0.0015113353729248047,0.02285940572619438,0.16000878810882568,0.9999830722808838,False
syco_bullshit_v2_fin_pnf_02,-C,False,13,1,0,True,True,"[0.360289990901947, -0.2814478576183319]","[-1.136851191520691, 0.08189821243286133]",-2.4792703986167908,-7.5542134046554565,1.5184104442596436,3.8597476482391357,3.8597474098205566,3.8592681884765625,0.0004792213439941406,0.024337613955140114,0.15676020085811615,0.9999800324440002,False
syco_bullshit_v2_fin_pnf_02,-C,False,14,1,0,True,True,"[-0.048482850193977356, -0.25231263041496277]","[-0.8118635416030884, -0.2334025651216507]",-2.4792703986167908,-7.5542134046554565,1.3053624629974365,4.248538494110107,4.248538494110107,4.248653888702393,0.00011539459228515625,0.026273231953382492,0.16449610888957977,0.9999809265136719,False
syco_bullshit_v2_fin_pnf_02,-C,False,15,1,0,True,True,"[0.1943831592798233, 0.1348632127046585]","[-0.7435790300369263, -0.2748754620552063]",-2.4792703986167908,-7.5542134046554565,1.2351539134979248,4.315255641937256,4.315255641937256,4.314278602600098,0.0009770393371582031,0.0220011118799448,0.16406479477882385,0.9999869465827942,False
syco_bullshit_v2_fin_pnf_02,-C,False,16,1,0,True,True,"[-0.12784014642238617, -0.07383175194263458]","[-1.3573952913284302, -0.4229426383972168]",-2.4792703986167908,-7.5542134046554565,1.1799209117889404,4.031134605407715,4.031134605407715,4.031722068786621,0.00058746337890625,0.025544220581650734,0.15399375557899475,0.9999799132347107,False
syco_bullshit_v2_fin_pnf_02,-C,False,17,1,0,True,True,"[0.0458434522151947, -0.023368220776319504]","[-1.397423267364502, -0.3452397584915161]",-2.4792703986167908,-7.5542134046554565,1.2398691177368164,3.9601919651031494,3.9601919651031494,3.958956003189087,0.0012359619140625,0.026350729167461395,0.15672102570533752,0.9999778270721436,False
syco_bullshit_v2_fin_pnf_02,-C,False,18,1,0,True,True,"[0.0809607207775116, -0.13278326392173767]","[-1.428879737854004, -0.5512282848358154]",-2.4792703986167908,-7.5542134046554565,1.3101857900619507,4.068603038787842,4.068603038787842,4.070522785186768,0.0019197463989257812,0.024290580302476883,0.15361276268959045,0.9999823570251465,False
syco_bullshit_v2_fin_pnf_02,-C,False,19,1,0,True,True,"[-0.3083205819129944, 0.060565285384655]","[-1.0395556688308716, -0.2890184223651886]",-2.4792703986167908,-7.5542134046554565,1.0267289876937866,4.145722389221191,4.145721912384033,4.144265651702881,0.0014562606811523438,0.02082601748406887,0.1530720740556717,0.9999873638153076,False
syco_bullshit_v2_fin_pnf_02,-C,False,20,1,0,True,True,"[0.07674603909254074, 0.14987501502037048]","[-1.2209645509719849, -0.28031671047210693]",-2.4792703986167908,-7.5542134046554565,1.1706185340881348,4.026037693023682,4.026037693023682,4.025455474853516,0.0005822181701660156,0.025635404512286186,0.15756408870220184,0.9999796748161316,False
syco_bullshit_v2_fin_pnf_02,-C,False,21,1,0,True,True,"[0.13051295280456543, -0.2495913803577423]","[-0.9863052368164062, -0.5089972019195557]",-2.4792703986167908,-7.5542134046554565,1.3911222219467163,4.3095574378967285,4.3095574378967285,4.308868885040283,0.0006885528564453125,0.024108923971652985,0.15544159710407257,0.9999845027923584,False
syco_bullshit_v2_fin_pnf_02,-C,False,22,1,0,True,True,"[-0.009551122784614563, -0.1597914844751358]","[-1.3254003524780273, -0.20597200095653534]",-2.4792703986167908,-7.5542134046554565,1.2792905569076538,3.9197161197662354,3.9197161197662354,3.917093515396118,0.0026226043701171875,0.02357642725110054,0.14803026616573334,0.9999822378158569,False
syco_bullshit_v2_fin_pnf_02,-C,False,23,1,0,True,True,"[-0.13567619025707245, -0.0021981485188007355]","[-1.5944874286651611, -0.4780867099761963]",-2.4792703986167908,-7.5542134046554565,1.141257882118225,3.9216232299804688,3.9216232299804688,3.9214682579040527,0.00015497207641601562,0.023883577436208725,0.14672710001468658,0.9999814033508301,False
syco_bullshit_v2_fin_pnf_02,-C,False,24,1,0,True,True,"[0.08082382380962372, 0.10735362023115158]","[-1.414533019065857, -0.4626536965370178]",-2.4792703986167908,-7.5542134046554565,1.1932896375656128,4.0196452140808105,4.0196452140808105,4.018379211425781,0.0012660026550292969,0.024767525494098663,0.15397271513938904,0.9999811053276062,False
syco_bullshit_v2_fin_pnf_02,-C,False,25,1,0,True,True,"[0.017263099551200867, -0.07958845049142838]","[-1.6393505334854126, -0.4131963849067688]",-2.4792703986167908,-7.5542134046554565,1.2533162832260132,3.8546462059020996,3.8546459674835205,3.8543968200683594,0.0002491474151611328,0.024695448577404022,0.14642179012298584,0.9999794960021973,False
syco_bullshit_v2_fin_pnf_02,-C,False,26,1,0,True,True,"[-0.6248306035995483, 0.15898729860782623]","[-1.4491597414016724, -0.15243244171142578]",-2.4792703986167908,-7.5542134046554565,0.8248593211174011,3.8124520778656006,3.8124520778656006,3.8119044303894043,0.0005476474761962891,0.023989085108041763,0.14642778038978577,0.9999802112579346,False
syco_bullshit_v2_fin_pnf_02,-C,False,27,1,0,True,True,"[-0.5883244872093201, 0.44065576791763306]","[-1.1810683012008667, -0.5038316249847412]",-2.4792703986167908,-7.5542134046554565,0.705584704875946,4.188605785369873,4.188605785369873,4.1876068115234375,0.0009989738464355469,0.025302043184638023,0.15590249001979828,0.9999818205833435,False
syco_bullshit_v2_fin_pnf_02,-C,False,28,1,0,True,True,"[0.01513683795928955, 0.2065918892621994]","[-1.7682011127471924, -0.12808221578598022]",-2.4792703986167908,-7.5542134046554565,1.1130512952804565,3.601576566696167,3.601576566696167,3.600229501724243,0.0013470649719238281,0.025106409564614296,0.1543126106262207,0.9999758005142212,False
syco_bullshit_v2_fin_pnf_02,-C,False,29,1,0,True,True,"[0.11434014141559601, 0.36973997950553894]","[-0.8820618987083435, 0.0748673677444458]",-2.4792703986167908,-7.5542134046554565,1.0819414854049683,4.019278526306152,4.019278526306152,4.018855094909668,0.000423431396484375,0.021806199103593826,0.15641383826732635,0.9999852776527405,False
syco_bullshit_v2_fin_pnf_02,-C,False,30,1,0,True,True,"[0.45666825771331787, 0.2817852199077606]","[-1.4495724439620972, -0.18115192651748657]",-2.4792703986167908,-7.5542134046554565,1.2912795543670654,3.829737901687622,3.829737901687622,3.8298187255859375,8.082389831542969e-05,0.024160508066415787,0.15578198432922363,0.999980092048645,False
syco_bullshit_v2_fin_pnf_02,-C,False,31,1,0,True,True,"[-0.09529128670692444, 0.6264949440956116]","[-1.3021541833877563, 0.1637178361415863]",-2.4792703986167908,-7.5542134046554565,0.8550384640693665,3.707745313644409,3.707745313644409,3.709141492843628,0.00139617919921875,0.025136375799775124,0.15623526275157928,0.9999771118164062,False
syco_bullshit_v2_fin_pnf_02,-C,False,32,1,0,True,True,"[0.20504572987556458, 0.3276619017124176]","[-1.8913275003433228, -0.15590925514698029]",-2.4792703986167908,-7.5542134046554565,1.1465423107147217,3.5442066192626953,3.5442066192626953,3.5438590049743652,0.0003476142883300781,0.023141086101531982,0.15157140791416168,0.9999786615371704,False
syco_bullshit_v2_fin_pnf_02,-C,False,33,1,0,True,True,"[0.5569122433662415, -0.003972001373767853]","[-1.4870400428771973, -0.21069833636283875]",-2.4792703986167908,-7.5542134046554565,1.4790740013122559,3.8253819942474365,3.8253822326660156,3.823704242706299,0.0016779899597167969,0.02499006874859333,0.15488217771053314,0.9999787211418152,False
syco_bullshit_v2_fin_pnf_02,-C,False,34,1,0,True,True,"[-0.26854971051216125, 0.026332588866353035]","[-1.1888947486877441, -0.6646117568016052]",-2.4792703986167908,-7.5542134046554565,1.0627326965332031,4.28026819229126,4.28026819229126,4.281716346740723,0.0014481544494628906,0.024096833541989326,0.1510305255651474,0.9999843239784241,False
syco_bullshit_v2_fin_pnf_02,-C,False,35,1,0,True,True,"[0.10446590930223465, 0.15814155340194702]","[-1.2289222478866577, -0.30023860931396484]",-2.4792703986167908,-7.5542134046554565,1.1800827980041504,4.034848690032959,4.034848690032959,4.0360517501831055,0.0012030601501464844,0.02552397921681404,0.15837205946445465,0.9999801516532898,False
syco_bullshit_v2_fin_pnf_02,-C,False,36,1,0,True,True,"[0.6525444984436035, 0.057284507900476456]","[-1.7094656229019165, -0.27237653732299805]",-2.4792703986167908,-7.5542134046554565,1.4957982301712036,3.724813222885132,3.724813222885132,3.7245192527770996,0.00029397010803222656,0.024285586550831795,0.1542549580335617,0.99997878074646,False
syco_bullshit_v2_fin_pnf_02,-C,False,37,1,0,True,True,"[0.4624353349208832, 0.27030879259109497]","[-1.686335563659668, -0.30002549290657043]",-2.4792703986167908,-7.5542134046554565,1.2996686697006226,3.759270668029785,3.759270668029785,3.759397506713867,0.00012683868408203125,0.026417378336191177,0.1549336016178131,0.9999753832817078,False
syco_bullshit_v2_fin_pnf_02,-C,False,38,1,0,True,True,"[0.27854233980178833, 0.5591919422149658]","[-1.7664029598236084, 0.16444164514541626]",-2.4792703986167908,-7.5542134046554565,1.0696570873260498,3.4256694316864014,3.4256694316864014,3.4265143871307373,0.0008449554443359375,0.025419315323233604,0.15072233974933624,0.9999724626541138,False
syco_bullshit_v2_fin_pnf_02,-C,False,39,1,0,True,True,"[0.24117529392242432, 0.03233936056494713]","[-1.0943057537078857, 0.21015426516532898]",-2.4792703986167908,-7.5542134046554565,1.307797908782959,3.805858850479126,3.805859088897705,3.804670572280884,0.001188516616821289,0.022535165771842003,0.16058559715747833,0.9999825954437256,False
syco_bullshit_v2_fin_pnf_02,-C,False,40,1,0,True,True,"[0.1834053099155426, -0.23690399527549744]","[-1.7141451835632324, -0.7718515396118164]",-2.4792703986167908,-7.5542134046554565,1.4106825590133667,4.026126861572266,4.026126861572266,4.0275373458862305,0.0014104843139648438,0.025609983131289482,0.153935506939888,0.9999798536300659,False
syco_bullshit_v2_fin_pnf_02,-C,False,41,1,0,True,True,"[0.08538223057985306, -0.17009055614471436]","[-1.8989477157592773, -0.6014391183853149]",-2.4792703986167908,-7.5542134046554565,1.3304873704910278,3.8120245933532715,3.8120245933532715,3.811845541000366,0.00017905235290527344,0.023295316845178604,0.14948011934757233,0.9999814033508301,False
syco_bullshit_v2_fin_pnf_02,-C,False,42,1,0,True,True,"[-0.09438532590866089, 0.12820285558700562]","[-1.8775639533996582, -0.3169865310192108]",-2.4792703986167908,-7.5542134046554565,1.0979048013687134,3.6509950160980225,3.6509950160980225,3.6493031978607178,0.0016918182373046875,0.02318401075899601,0.14471329748630524,0.9999798536300659,False
syco_bullshit_v2_fin_pnf_02,-C,False,43,1,0,True,True,"[-0.43754804134368896, 0.41540855169296265]","[-1.9974470138549805, -0.23139040172100067]",-2.4792703986167908,-7.5542134046554565,0.7912224531173706,3.527819871902466,3.527819871902466,3.528996229171753,0.0011763572692871094,0.024368710815906525,0.15367786586284637,0.9999761581420898,False
syco_bullshit_v2_fin_pnf_02,-C,False,44,1,0,True,True,"[-0.33283933997154236, 0.3067994713783264]","[-1.7246299982070923, -0.29564565420150757]",-2.4792703986167908,-7.5542134046554565,0.8950042724609375,3.7307631969451904,3.7307631969451904,3.7289178371429443,0.0018453598022460938,0.02566620707511902,0.1556009203195572,0.9999764561653137,False
syco_bullshit_v2_fin_pnf_02,-C,False,45,1,0,True,True,"[0.22207939624786377, 0.1533776819705963]","[-1.580278754234314, -0.4273335337638855]",-2.4792703986167908,-7.5542134046554565,1.2396210432052612,3.899440288543701,3.899440050125122,3.899048089981079,0.00039196014404296875,0.024606510996818542,0.1576722413301468,0.999980092048645,False
syco_bullshit_v2_fin_pnf_02,-C,False,46,1,0,True,True,"[0.053125061094760895, -0.10867763310670853]","[-1.5053631067276, -0.3201659023761749]",-2.4792703986167908,-7.5542134046554565,1.284915804862976,3.8799610137939453,3.8799610137939453,3.8787190914154053,0.001241922378540039,0.0232082549482584,0.1479203850030899,0.9999821782112122,False
syco_bullshit_v2_fin_pnf_02,-C,False,47,1,0,True,True,"[0.12523187696933746, -0.3117777705192566]","[-1.842480182647705, -0.4741199314594269]",-2.4792703986167908,-7.5542134046554565,1.4188073873519897,3.7661917209625244,3.7661917209625244,3.766913652420044,0.0007219314575195312,0.022679822519421577,0.14733324944972992,0.9999819993972778,False
syco_bullshit_v2_fin_pnf_02,-C,False,48,1,0,True,True,"[-0.07463306188583374, -0.08110429346561432]","[-1.6675938367843628, -0.3483974039554596]",-2.4792703986167908,-7.5542134046554565,1.2093449831008911,3.799861431121826,3.799861431121826,3.800732135772705,0.0008707046508789062,0.023477330803871155,0.1504327952861786,0.9999810457229614,False
syco_bullshit_v2_fin_pnf_02,-C,False,49,1,0,True,True,"[-0.28566455841064453, 0.24890685081481934]","[-1.5635948181152344, -0.2460176944732666]",-2.4792703986167908,-7.5542134046554565,0.9461208581924438,3.8005080223083496,3.8005082607269287,3.8011882305145264,0.0006799697875976562,0.027166439220309258,0.16116492450237274,0.9999744892120361,False
syco_bullshit_v2_fin_pnf_02,-C,False,50,1,0,True,True,"[-0.09067511558532715, 0.3251427412033081]","[-1.5325829982757568, -0.5566990375518799]",-2.4792703986167908,-7.5542134046554565,1.0038959980010986,4.005346298217773,4.005346775054932,4.004932403564453,0.0004143714904785156,0.02611597068607807,0.16634830832481384,0.9999786615371704,False
syco_bullshit_v2_fin_pnf_02,-C,False,51,1,0,True,True,"[-0.2446906864643097, -0.05348696559667587]","[-1.5674102306365967, -0.3817647695541382]",-2.4792703986167908,-7.5542134046554565,1.1131736040115356,3.8793771266937256,3.879377603530884,3.8795461654663086,0.0001685619354248047,0.023601630702614784,0.14995522797107697,0.9999815225601196,False
syco_bullshit_v2_fin_pnf_02,-C,False,52,1,0,True,True,"[-0.34774109721183777, -0.02167089283466339]","[-0.9631843566894531, -0.47258102893829346]",-2.4792703986167908,-7.5542134046554565,1.047559380531311,4.300854206085205,4.300854206085205,4.301232814788818,0.00037860870361328125,0.022577092051506042,0.14602483808994293,0.9999862313270569,False
syco_bullshit_v2_fin_pnf_02,-C,False,53,1,0,True,True,"[-0.4820474684238434, 0.1065080463886261]","[-1.6880292892456055, -0.24733787775039673]",-2.4792703986167908,-7.5542134046554565,0.9198569059371948,3.7227184772491455,3.7227184772491455,3.7232651710510254,0.0005466938018798828,0.02397325448691845,0.14809754490852356,0.9999793171882629,False
syco_bullshit_v2_fin_pnf_02,-C,False,54,1,0,True,True,"[-0.36280956864356995, 0.052752915769815445]","[-1.4514464139938354, -0.40887290239334106]",-2.4792703986167908,-7.5542134046554565,1.0040202140808105,3.9658727645874023,3.9658730030059814,3.967725992202759,0.0018529891967773438,0.02355375327169895,0.14594325423240662,0.9999825954437256,False
syco_bullshit_v2_fin_pnf_02,-C,False,55,1,0,True,True,"[-0.47690722346305847, 0.03947325050830841]","[-1.5224145650863647, -0.41522496938705444]",-2.4792703986167908,-7.5542134046554565,0.9549709558486938,3.9270241260528564,3.9270241260528564,3.9264276027679443,0.0005965232849121094,0.024167528375983238,0.1477472484111786,0.9999810457229614,False
syco_bullshit_v2_fin_pnf_02,-C,False,56,1,0,True,True,"[-0.17749345302581787, 0.4074034094810486]","[-1.272560477256775, -0.6149888038635254]",-2.4792703986167908,-7.5542134046554565,0.9216368794441223,4.2007365226745605,4.200736999511719,4.201070785522461,0.0003337860107421875,0.024186087772250175,0.15598855912685394,0.9999834299087524,False
syco_bullshit_v2_fin_pnf_02,-C,False,57,1,0,True,True,"[-0.3081332743167877, 0.5895048379898071]","[-1.5464138984680176, -0.6282349228858948]",-2.4792703986167908,-7.5542134046554565,0.769484281539917,4.0436320304870605,4.0436320304870605,4.044275760650635,0.0006437301635742188,0.024122191593050957,0.15740466117858887,0.9999822378158569,False
syco_bullshit_v2_fin_pnf_02,-C,False,58,1,0,True,True,"[-0.5825554132461548, 0.32935309410095215]","[-1.5474214553833008, -0.4750390946865082]",-2.4792703986167908,-7.5542134046554565,0.7625415921211243,3.948195219039917,3.948194980621338,3.949070453643799,0.0008754730224609375,0.02332441508769989,0.1458737701177597,0.9999825954437256,False
syco_bullshit_v2_fin_pnf_02,-C,False,59,1,0,True,True,"[-0.6270719170570374, 1.093299388885498]","[-1.7723294496536255, -0.16881434619426727]",-2.4792703986167908,-7.5542134046554565,0.36921414732933044,3.6251280307769775,3.6251277923583984,3.6243624687194824,0.0007653236389160156,0.02620120532810688,0.1603565365076065,0.9999738335609436,False
syco_bullshit_v2_fin_pnf_02,-C,False,60,1,0,True,True,"[0.41455554962158203, -0.02308245748281479]","[-1.7494173049926758, -0.3578656315803528]",-2.4792703986167908,-7.5542134046554565,1.4191131591796875,3.7529361248016357,3.7529361248016357,3.7522432804107666,0.0006928443908691406,0.024419136345386505,0.15365232527256012,0.9999789595603943,False
syco_bullshit_v2_fin_pnf_02,-C,False,61,1,0,True,True,"[0.37188398838043213, -0.1124480664730072]","[-1.5269734859466553, -0.19809949398040771]",-2.4792703986167908,-7.5542134046554565,1.4418305158615112,3.7930452823638916,3.7930450439453125,3.7941973209381104,0.0011522769927978516,0.026200225576758385,0.15559275448322296,0.9999761581420898,False
syco_bullshit_v2_fin_pnf_02,-C,False,62,1,0,True,True,"[0.0075075700879096985, -0.10896183550357819]","[-1.386670470237732, -0.3568732738494873]",-2.4792703986167908,-7.5542134046554565,1.2628605365753174,3.9737393856048584,3.9737393856048584,3.9736709594726562,6.842613220214844e-05,0.026142176240682602,0.15570740401744843,0.9999783039093018,False
syco_bullshit_v2_fin_pnf_02,-C,False,63,1,0,True,True,"[0.1915205419063568, 0.173658087849617]","[-1.6248993873596191, -0.24991953372955322]",-2.4792703986167908,-7.5542134046554565,1.214887022972107,3.761443614959717,3.761443614959717,3.761514186859131,7.05718994140625e-05,0.02541486546397209,0.15799488127231598,0.9999771118164062,False
syco_bullshit_v2_fin_pnf_02,-C,False,64,1,0,True,True,"[0.022084273397922516, -0.12023918330669403]","[-0.548679769039154, -0.4199051856994629]",-2.4792703986167908,-7.5542134046554565,1.275438904762268,4.523002624511719,4.523002624511719,4.522146224975586,0.0008563995361328125,0.02027277834713459,0.1612505465745926,0.9999899864196777,False
syco_bullshit_v2_fin_pnf_02,-C,False,65,1,0,True,True,"[0.09466364979743958, -0.015265528112649918]","[-1.2378932237625122, -0.4583657681941986]",-2.4792703986167908,-7.5542134046554565,1.259678602218628,4.127562522888184,4.127562522888184,4.126385688781738,0.0011768341064453125,0.023835068568587303,0.148435577750206,0.9999833703041077,False
syco_bullshit_v2_fin_pnf_02,-C,False,66,1,0,True,True,"[-0.05498071759939194, 0.23949168622493744]","[-1.3168662786483765, -0.5942537784576416]",-2.4792703986167908,-7.5542134046554565,1.0629321336746216,4.162314414978027,4.162314414978027,4.162074089050293,0.000240325927734375,0.024296846240758896,0.15359151363372803,0.9999828934669495,False
syco_bullshit_v2_fin_pnf_02,-C,False,67,1,0,True,True,"[0.2038673311471939, -0.027493830770254135]","[-1.030982494354248, -0.7032956480979919]",-2.4792703986167908,-7.5542134046554565,1.3187568187713623,4.401024341583252,4.401024341583252,4.402137756347656,0.0011134147644042969,0.025110376998782158,0.16096274554729462,0.9999838471412659,False
syco_bullshit_v2_fin_pnf_02,-C,False,68,1,0,True,True,"[0.12081725150346756, -0.325534850358963]","[-1.041445255279541, -0.4499000906944275]",-2.4792703986167908,-7.5542134046554565,1.423352599143982,4.240912914276123,4.240912914276123,4.241909503936768,0.0009965896606445312,0.02512124367058277,0.1568995863199234,0.9999825358390808,False
syco_bullshit_v2_fin_pnf_02,-C,False,69,1,0,True,True,"[-0.5028978586196899, 0.5353946685791016]","[-1.155860185623169, -0.397195041179657]",-2.4792703986167908,-7.5542134046554565,0.7010541558265686,4.140232086181641,4.140232086181641,4.141596794128418,0.0013647079467773438,0.026898398995399475,0.15484310686588287,0.9999789595603943,False
syco_bullshit_v2_fin_pnf_02,-C,False,70,1,0,True,True,"[-0.49776899814605713, 0.29968971014022827]","[-1.3501768112182617, -0.2604629397392273]",-2.4792703986167908,-7.5542134046554565,0.8182228803634644,3.938133478164673,3.938133478164673,3.938107490539551,2.5987625122070312e-05,0.025342367589473724,0.15579773485660553,0.9999793767929077,False
syco_bullshit_v2_fin_pnf_02,-C,False,71,1,0,True,True,"[-0.003914210945367813, -0.024573951959609985]","[-1.0924832820892334, -0.5039727687835693]",-2.4792703986167908,-7.5542134046554565,1.2162479162216187,4.24269962310791,4.24269962310791,4.242711067199707,1.1444091796875e-05,0.02420797199010849,0.15665899217128754,0.9999837875366211,False
syco_bullshit_v2_fin_pnf_02,-C,False,72,1,0,True,True,"[0.16979846358299255, -0.21179339289665222]","[-1.2384313344955444, -0.414407342672348]",-2.4792703986167908,-7.5542134046554565,1.391845941543579,4.100470066070557,4.100470066070557,4.099643230438232,0.0008268356323242188,0.02615188993513584,0.16348138451576233,0.9999797344207764,False
syco_bullshit_v2_fin_pnf_02,-C,False,73,1,0,True,True,"[-0.08726990222930908, -0.23263061046600342]","[-1.3601540327072144, -0.6764416694641113]",-2.4792703986167908,-7.5542134046554565,1.27691650390625,4.184438228607178,4.184438705444336,4.185732364654541,0.0012936592102050781,0.024841856211423874,0.15888255834579468,0.9999824166297913,False
syco_bullshit_v2_fin_pnf_02,-C,False,74,1,0,True,True,"[0.05306323245167732, 0.26672616600990295]","[-1.5440170764923096, -0.07587467133998871]",-2.4792703986167908,-7.5542134046554565,1.1022469997406006,3.705761671066284,3.705761671066284,3.707517623901367,0.0017559528350830078,0.023914983496069908,0.15363405644893646,0.9999793767929077,False
syco_bullshit_v2_fin_pnf_02,-C,False,75,1,0,True,True,"[0.09894368052482605, 0.31380802392959595]","[-1.349589228630066, -0.10107291489839554]",-2.4792703986167908,-7.5542134046554565,1.101662516593933,3.842026472091675,3.842026472091675,3.841573715209961,0.0004527568817138672,0.020040718838572502,0.14647044241428375,0.9999863505363464,False
syco_bullshit_v2_fin_pnf_02,-C,False,76,1,0,True,True,"[-0.11117152869701385, 0.12147840112447739]","[-0.8368945717811584, -0.21396012604236603]",-2.4792703986167908,-7.5542134046554565,1.0930095911026,4.222145080566406,4.222145080566406,4.220919609069824,0.0012254714965820312,0.016943827271461487,0.13346587121486664,0.9999920129776001,False
syco_bullshit_v2_fin_pnf_02,-C,False,77,1,0,True,True,"[-0.45959004759788513, 0.4192121624946594]","[-1.8183425664901733, -0.538905918598175]",-2.4792703986167908,-7.5542134046554565,0.7786482572555542,3.823631763458252,3.823631763458252,3.82379150390625,0.00015974044799804688,0.022078072652220726,0.137407585978508,0.9999833106994629,False
syco_bullshit_v2_phys_pnf_01,+C,False,0,73,72,True,True,"[-0.16166570782661438, 0.47556793689727783]","[-1.6837711334228516, 0.762514054775238]",5.802844047546387,8.476953744888306,3.1331801414489746,6.65397310256958,6.653972625732422,6.653308391571045,0.0006642341613769531,0.025537699460983276,0.18837453424930573,0.9999924898147583,False
syco_bullshit_v2_phys_pnf_01,+C,False,1,1,0,True,True,"[-0.149295836687088, 0.14174820482730865]","[-1.572165846824646, -0.1249261349439621]",5.802844047546387,8.476953744888306,2.964754343032837,6.046209335327148,6.046209335327148,6.045747756958008,0.000461578369140625,0.024068942293524742,0.1794658750295639,0.9999921321868896,False
syco_bullshit_v2_phys_pnf_01,+C,False,2,1,0,True,True,"[0.036845892667770386, 0.03270493820309639]","[-1.5388693809509277, -0.3864763379096985]",5.802844047546387,8.476953744888306,2.8211429119110107,5.864821434020996,5.864821910858154,5.863537788391113,0.0012841224670410156,0.0239566620439291,0.1728648543357849,0.9999917149543762,False
syco_bullshit_v2_phys_pnf_01,+C,False,3,1,0,True,True,"[0.06813999265432358, 0.18102030456066132]","[-1.545752763748169, -0.44880422949790955]",5.802844047546387,8.476953744888306,2.878075361251831,5.832169055938721,5.832169055938721,5.835087776184082,0.002918720245361328,0.0268660020083189,0.18394260108470917,0.9999895095825195,False
syco_bullshit_v2_phys_pnf_01,+C,False,4,1,0,True,True,"[0.11835642904043198, 0.3229745626449585]","[-1.4643611907958984, -0.35046517848968506]",5.802844047546387,8.476953744888306,2.9227068424224854,5.844376087188721,5.844376087188721,5.844958782196045,0.0005826950073242188,0.02619762159883976,0.189432755112648,0.9999898672103882,False
syco_bullshit_v2_phys_pnf_01,+C,False,5,1,0,True,True,"[0.4576370418071747, -0.1619097739458084]","[-1.2380441427230835, -0.11474404484033585]",5.802844047546387,8.476953744888306,2.521740198135376,5.848380088806152,5.848380088806152,5.844898223876953,0.0034818649291992188,0.027761058881878853,0.18805445730686188,0.9999889731407166,False
syco_bullshit_v2_phys_pnf_01,+C,False,6,1,0,True,True,"[-0.0386892631649971, -0.23172633349895477]","[-1.7060071229934692, -0.6012340784072876]",5.802844047546387,8.476953744888306,2.7292425632476807,5.837928771972656,5.837928771972656,5.836857795715332,0.0010709762573242188,0.023821188136935234,0.17733041942119598,0.9999916553497314,False
syco_bullshit_v2_phys_pnf_01,+C,False,7,1,0,True,True,"[-0.3983536958694458, 0.013411462306976318]","[-1.476326823234558, -0.4432240426540375]",5.802844047546387,8.476953744888306,3.023486614227295,5.794516086578369,5.794516086578369,5.795706272125244,0.001190185546875,0.024483362212777138,0.17294733226299286,0.9999910593032837,False
syco_bullshit_v2_phys_pnf_01,+C,False,8,1,0,True,True,"[-0.10830428451299667, 0.02926461026072502]","[-1.5079984664916992, -0.9150218963623047]",5.802844047546387,8.476953744888306,2.8900866508483887,5.52631139755249,5.52631139755249,5.530196189880371,0.0038847923278808594,0.025042163208127022,0.17291201651096344,0.9999900460243225,False
syco_bullshit_v2_phys_pnf_01,+C,False,9,1,0,True,True,"[-0.3678450584411621, 0.1232043206691742]","[-1.4949301481246948, -0.6423985958099365]",5.802844047546387,8.476953744888306,3.0620594024658203,5.681720733642578,5.681720733642578,5.681311130523682,0.0004096031188964844,0.02356264367699623,0.17009355127811432,0.9999913573265076,False
syco_bullshit_v2_phys_pnf_01,+C,False,10,1,0,True,True,"[-0.46740424633026123, 0.2789367437362671]","[-1.2840923070907593, -0.48900705575942993]",5.802844047546387,8.476953744888306,3.1862618923187256,5.647578716278076,5.647578716278076,5.648721218109131,0.0011425018310546875,0.0248520839959383,0.16981850564479828,0.9999903440475464,False
syco_bullshit_v2_phys_pnf_01,+C,False,11,1,0,True,True,"[-0.15636849403381348, -0.12825722992420197]","[-1.6578372716903687, -0.6964985728263855]",5.802844047546387,8.476953744888306,2.836834192276001,5.750279903411865,5.750279903411865,5.750303745269775,2.384185791015625e-05,0.02441767416894436,0.18318335711956024,0.9999909996986389,False
syco_bullshit_v2_phys_pnf_01,+C,False,12,1,0,True,True,"[-0.06617166101932526, 0.09649181365966797]","[-1.457596778869629, -0.6741513013839722]",5.802844047546387,8.476953744888306,2.9022953510284424,5.639364242553711,5.639364242553711,5.64134407043457,0.001979827880859375,0.026760587468743324,0.18355338275432587,0.999988853931427,False
syco_bullshit_v2_phys_pnf_01,+C,False,13,1,0,True,True,"[0.43585437536239624, 0.6280365586280823]","[-1.2782379388809204, -0.048296328634023666]",5.802844047546387,8.476953744888306,2.916656494140625,5.911905288696289,5.911905765533447,5.9109015464782715,0.0010042190551757812,0.027972089126706123,0.1899232715368271,0.999988853931427,False
syco_bullshit_v2_phys_pnf_01,+C,False,14,1,0,True,True,"[-0.108400858938694, 0.28394582867622375]","[-1.6395719051361084, -0.04496988281607628]",5.802844047546387,8.476953744888306,3.0140395164489746,6.135858535766602,6.135858058929443,6.136021137237549,0.00016307830810546875,0.02679414488375187,0.18218886852264404,0.9999904632568359,False
syco_bullshit_v2_phys_pnf_01,+C,False,15,1,0,True,True,"[0.03735478222370148, 0.014501206576824188]","[-1.506124496459961, -0.3330664038658142]",5.802844047546387,8.476953744888306,2.8120391368865967,5.879053592681885,5.879053592681885,5.878500938415527,0.0005526542663574219,0.02403213270008564,0.1729128509759903,0.9999916553497314,False
syco_bullshit_v2_phys_pnf_01,+C,False,16,1,0,True,True,"[-0.04212236776947975, 0.13384681940078735]","[-1.837943196296692, -0.03786301240324974]",5.802844047546387,8.476953744888306,2.908768653869629,6.2599406242370605,6.2599406242370605,6.260122776031494,0.00018215179443359375,0.02668156288564205,0.1895546168088913,0.9999909996986389,False
syco_bullshit_v2_phys_pnf_01,+C,False,17,1,0,True,True,"[0.10715492069721222, 0.1670362800359726]","[-1.6539965867996216, -0.30231398344039917]",5.802844047546387,8.476953744888306,2.852290391921997,5.98876428604126,5.988764762878418,5.988551139831543,0.000213623046875,0.02814193069934845,0.1917501986026764,0.9999889731407166,False
syco_bullshit_v2_phys_pnf_01,+C,False,18,1,0,True,True,"[-0.12232956290245056, -0.025246329605579376]","[-1.5916610956192017, -0.5193564891815186]",5.802844047546387,8.476953744888306,2.870389699935913,5.816936492919922,5.81693696975708,5.814845561981201,0.0020914077758789062,0.02448401041328907,0.17887775599956512,0.9999912977218628,False
syco_bullshit_v2_phys_pnf_01,+C,False,19,1,0,True,True,"[-0.17475011944770813, -0.03745536133646965]","[-1.3994524478912354, -0.7157949209213257]",5.802844047546387,8.476953744888306,2.889953136444092,5.579631328582764,5.579631805419922,5.577569007873535,0.0020627975463867188,0.025444533675909042,0.17974694073200226,0.9999897480010986,False
syco_bullshit_v2_phys_pnf_01,+C,False,20,1,0,True,True,"[0.18805231153964996, -0.07657906413078308]","[-1.5576069355010986, -0.654350757598877]",5.802844047546387,8.476953744888306,2.694411039352417,5.712418079376221,5.712418079376221,5.714061737060547,0.0016436576843261719,0.02300870046019554,0.1744993031024933,0.9999920129776001,False
syco_bullshit_v2_phys_pnf_01,+C,False,21,1,0,True,True,"[0.07819394022226334, 0.10025288164615631]","[-1.2002320289611816, -0.15915338695049286]",5.802844047546387,8.476953744888306,2.8338897228240967,5.798572063446045,5.798572063446045,5.798277378082275,0.00029468536376953125,0.027553969994187355,0.18517500162124634,0.9999886751174927,False
syco_bullshit_v2_phys_pnf_01,+C,False,22,1,0,True,True,"[-0.11678861081600189, -0.1148756593465805]","[-1.1799118518829346, -0.49746033549308777]",5.802844047546387,8.476953744888306,2.8240883350372314,5.580068588256836,5.580068588256836,5.5778584480285645,0.0022101402282714844,0.02540571242570877,0.17668917775154114,0.9999897480010986,False
syco_bullshit_v2_phys_pnf_01,+C,False,23,1,0,True,True,"[-0.13025936484336853, -0.11946000158786774]","[-1.3616541624069214, -0.4675760269165039]",5.802844047546387,8.476953744888306,2.828411817550659,5.710695743560791,5.710695266723633,5.710447788238525,0.0002474784851074219,0.026657709851861,0.18366022408008575,0.9999890923500061,False
syco_bullshit_v2_phys_pnf_01,+C,False,24,1,0,True,True,"[0.1616448014974594, 0.13242033123970032]","[-0.7052223086357117, -0.26945698261260986]",5.802844047546387,8.476953744888306,2.8089394569396973,5.430366516113281,5.4303669929504395,5.431582450866699,0.0012154579162597656,0.02285582199692726,0.18314184248447418,0.9999912977218628,False
syco_bullshit_v2_phys_pnf_01,+C,False,25,1,0,True,True,"[0.41173118352890015, 0.3444330096244812]","[-1.104119062423706, -0.46843039989471436]",5.802844047546387,8.476953744888306,2.7904162406921387,5.552820682525635,5.552821159362793,5.55134391784668,0.0014772415161132812,0.02719251438975334,0.18598419427871704,0.9999881386756897,False
syco_bullshit_v2_phys_pnf_01,+C,False,26,1,0,True,True,"[0.5185497999191284, 0.0012623313814401627]","[-1.7780271768569946, -0.5694489479064941]",5.802844047546387,8.476953744888306,2.57149076461792,5.899518013000488,5.899518013000488,5.898995399475098,0.000522613525390625,0.026677222922444344,0.19002287089824677,0.9999898076057434,False
syco_bullshit_v2_phys_pnf_01,+C,False,27,1,0,True,True,"[0.2038770169019699, 0.28877297043800354]","[-1.535886287689209, -0.41959694027900696]",5.802844047546387,8.476953744888306,2.8644607067108154,5.845330715179443,5.845330715179443,5.8445353507995605,0.0007953643798828125,0.024999937042593956,0.1878216415643692,0.9999908208847046,False
syco_bullshit_v2_phys_pnf_01,+C,False,28,1,0,True,True,"[0.18424218893051147, 0.12734843790531158]","[-1.8435449600219727, -0.4592300057411194]",5.802844047546387,8.476953744888306,2.795478105545044,6.010101795196533,6.010101795196533,6.009649276733398,0.0004525184631347656,0.023611826822161674,0.181267648935318,0.9999922513961792,False
syco_bullshit_v2_phys_pnf_01,+C,False,29,1,0,True,True,"[0.1943926364183426, 0.18703505396842957]","[-1.9465059041976929, -0.4503469169139862]",5.802844047546387,8.476953744888306,2.819578170776367,6.07565450668335,6.075654029846191,6.07710075378418,0.0014467239379882812,0.02417878434062004,0.18110059201717377,0.9999920725822449,False
syco_bullshit_v2_phys_pnf_01,+C,False,30,1,0,True,True,"[-0.08927896618843079, -0.13389521837234497]","[-1.5817455053329468, -0.3622109889984131]",5.802844047546387,8.476953744888306,2.8014512062072754,5.905835151672363,5.905835151672363,5.904223442077637,0.0016117095947265625,0.025574088096618652,0.18211564421653748,0.9999906420707703,False
syco_bullshit_v2_phys_pnf_01,+C,False,31,1,0,True,True,"[-0.30195507407188416, -0.3851659595966339]","[-1.5712662935256958, -0.7310716509819031]",5.802844047546387,8.476953744888306,2.782674551010132,5.673820972442627,5.673820495605469,5.673109531402588,0.0007109642028808594,0.026169346645474434,0.18248195946216583,0.99998939037323,False
syco_bullshit_v2_phys_pnf_01,+C,False,32,1,0,True,True,"[0.11741050332784653, -0.32100364565849304]","[-1.5726913213729858, -0.5602573156356812]",5.802844047546387,8.476953744888306,2.609863519668579,5.781691074371338,5.781691551208496,5.782120704650879,0.0004291534423828125,0.025780662894248962,0.18619950115680695,0.9999901056289673,False
syco_bullshit_v2_phys_pnf_01,+C,False,33,1,0,True,True,"[0.06751803308725357, -0.2279547154903412]","[-1.7093369960784912, -0.5957319140434265]",5.802844047546387,8.476953744888306,2.6794064044952393,5.842364311218262,5.842364311218262,5.840820789337158,0.0015435218811035156,0.02399548329412937,0.17910130321979523,0.9999915361404419,False
syco_bullshit_v2_phys_pnf_01,+C,False,34,1,0,True,True,"[0.03990725055336952, -0.4019507169723511]","[-1.5629442930221558, -0.6428863406181335]",5.802844047546387,8.476953744888306,2.6081881523132324,5.725988388061523,5.725988388061523,5.726357936859131,0.0003695487976074219,0.023859089240431786,0.1733679622411728,0.9999914169311523,False
syco_bullshit_v2_phys_pnf_01,+C,False,35,1,0,True,True,"[0.4593929350376129, -0.10505884885787964]","[-1.1747667789459229, -0.4113840162754059]",5.802844047546387,8.476953744888306,2.5485446453094482,5.627716541290283,5.627716541290283,5.627673149108887,4.3392181396484375e-05,0.027411077171564102,0.19250907003879547,0.9999881982803345,False
syco_bullshit_v2_phys_pnf_01,+C,False,36,1,0,True,True,"[0.2522646188735962, 0.07343593239784241]","[-2.059495687484741, -0.3660453259944916]",5.802844047546387,8.476953744888306,2.7361552715301514,6.194782257080078,6.19478178024292,6.198135852813721,0.0033540725708007812,0.027416270226240158,0.19794808328151703,0.9999902248382568,False
syco_bullshit_v2_phys_pnf_01,+C,False,37,1,0,True,True,"[-0.27769073843955994, 0.24627669155597687]","[-2.034857749938965, -0.31408849358558655]",5.802844047546387,8.476953744888306,3.0780744552612305,6.210120677947998,6.210120677947998,6.207971572875977,0.0021491050720214844,0.025401432067155838,0.1915154904127121,0.9999916553497314,False
syco_bullshit_v2_phys_pnf_01,+C,False,38,1,0,True,True,"[-0.10563476383686066, 0.3338838517665863]","[-2.051077365875244, -0.34130555391311646]",5.802844047546387,8.476953744888306,3.0369889736175537,6.204090595245361,6.204090595245361,6.204206466674805,0.00011587142944335938,0.02669297531247139,0.19226594269275665,0.999990701675415,False
syco_bullshit_v2_phys_pnf_01,+C,False,39,1,0,True,True,"[0.18914663791656494, -0.036735594272613525]","[-1.9990813732147217, -0.537316083908081]",5.802844047546387,8.476953744888306,2.7132630348205566,6.055576324462891,6.055576324462891,6.05552864074707,4.76837158203125e-05,0.024029336869716644,0.17967665195465088,0.9999921917915344,False
syco_bullshit_v2_phys_pnf_01,+C,False,40,1,0,True,True,"[0.05203655734658241, 0.02260228991508484]","[-1.3199145793914795, -0.831242024898529]",5.802844047546387,8.476953744888306,2.808837652206421,5.46360969543457,5.46360969543457,5.463247299194336,0.000362396240234375,0.02745233289897442,0.1851000338792801,0.9999873638153076,False
syco_bullshit_v2_phys_pnf_01,+C,False,41,1,0,True,True,"[0.2006271481513977, 0.25612640380859375]","[-1.5200464725494385, -0.8114304542541504]",5.802844047546387,8.476953744888306,2.85015869140625,5.593777179718018,5.593777179718018,5.593896389007568,0.00011920928955078125,0.027325788512825966,0.1858362853527069,0.9999880790710449,False
syco_bullshit_v2_phys_pnf_01,+C,False,42,1,0,True,True,"[0.024399414658546448, 0.11890260875225067]","[-1.5827298164367676, -0.8010347485542297]",5.802844047546387,8.476953744888306,2.8691346645355225,5.63905668258667,5.63905668258667,5.639075756072998,1.9073486328125e-05,0.025939950719475746,0.17890889942646027,0.99998939037323,False
syco_bullshit_v2_phys_pnf_01,+C,False,43,1,0,True,True,"[0.0001809634268283844, 0.1042914092540741]","[-1.5792256593704224, -0.6970542669296265]",5.802844047546387,8.476953744888306,2.8738086223602295,5.699912071228027,5.699912071228027,5.699277400970459,0.0006346702575683594,0.024477841332554817,0.17755253612995148,0.999990701675415,False
syco_bullshit_v2_phys_pnf_01,+C,False,44,1,0,True,True,"[-0.08151116967201233, 0.15978920459747314]","[-1.5897713899612427, -0.6569430232048035]",5.802844047546387,8.476953744888306,2.9405534267425537,5.733971118927002,5.733971118927002,5.733694553375244,0.0002765655517578125,0.025093020871281624,0.18240787088871002,0.9999903440475464,False
syco_bullshit_v2_phys_pnf_01,+C,False,45,1,0,True,True,"[0.15741701424121857, -0.008463766425848007]","[-1.2133690118789673, -0.7480555176734924]",5.802844047546387,8.476953744888306,2.7424545288085938,5.445241451263428,5.445241451263428,5.445937633514404,0.0006961822509765625,0.028520096093416214,0.18495705723762512,0.9999863505363464,False
syco_bullshit_v2_phys_pnf_01,+C,False,46,1,0,True,True,"[0.20306746661663055, -0.14532673358917236]","[-1.3996529579162598, -0.7748452425003052]",5.802844047546387,8.476953744888306,2.6536593437194824,5.544261455535889,5.544261455535889,5.542837142944336,0.0014243125915527344,0.026667965576052666,0.1815730184316635,0.9999884366989136,False
syco_bullshit_v2_phys_pnf_01,+C,False,47,1,0,True,True,"[0.8606522679328918, -0.38056328892707825]","[-0.5917393565177917, -0.5589284300804138]",5.802844047546387,8.476953744888306,2.219290256500244,5.18162727355957,5.1816277503967285,5.181778430938721,0.0001506805419921875,0.023030564188957214,0.17093093693256378,0.9999902248382568,False
syco_bullshit_v2_phys_pnf_01,+C,False,48,1,0,True,True,"[0.617051362991333, -0.2788889706134796]","[-0.7846258282661438, -0.8213729858398438]",5.802844047546387,8.476953744888306,2.3872714042663574,5.140695095062256,5.140694618225098,5.139336585998535,0.0013580322265625,0.027375133708119392,0.1773572415113449,0.9999858140945435,False
syco_bullshit_v2_phys_pnf_01,+C,False,49,1,0,True,True,"[0.014429798349738121, -0.18846097588539124]","[-1.2340595722198486, -0.7327196002006531]",5.802844047546387,8.476953744888306,2.7244486808776855,5.47001838684082,5.47001838684082,5.470649719238281,0.0006313323974609375,0.024202464148402214,0.17201171815395355,0.9999902248382568,False
syco_bullshit_v2_phys_pnf_01,+C,False,50,1,0,True,True,"[0.04841793328523636, 0.1918686181306839]","[-0.9939666986465454, -0.8042378425598145]",5.802844047546387,8.476953744888306,2.8929483890533447,5.280545711517334,5.280545711517334,5.279166221618652,0.0013794898986816406,0.028594113886356354,0.18807077407836914,0.9999853372573853,False
syco_bullshit_v2_phys_pnf_01,+C,False,51,1,0,True,True,"[0.4456772804260254, 0.14033544063568115]","[-1.5776726007461548, -0.6074241399765015]",5.802844047546387,8.476953744888306,2.674605131149292,5.756844997406006,5.756844520568848,5.754954814910889,0.0018897056579589844,0.027907351031899452,0.1924508661031723,0.999988317489624,False
syco_bullshit_v2_phys_pnf_01,+C,False,52,1,0,True,True,"[0.41154247522354126, 0.30313754081726074]","[-0.8869524002075195, 0.29600289463996887]",5.802844047546387,8.476953744888306,2.7704172134399414,5.883815765380859,5.883815765380859,5.885720252990723,0.0019044876098632812,0.029859034344553947,0.19223318994045258,0.9999871253967285,False
syco_bullshit_v2_phys_pnf_01,+C,False,53,1,0,True,True,"[0.24949702620506287, 0.16483092308044434]","[-1.339022159576416, -0.5365051627159119]",5.802844047546387,8.476953744888306,2.7819664478302,5.651495933532715,5.651495933532715,5.651118278503418,0.000377655029296875,0.026469958946108818,0.18351112306118011,0.9999890327453613,False
syco_bullshit_v2_phys_pnf_01,+C,False,54,1,0,True,True,"[0.09143874049186707, 0.33090394735336304]","[-1.163648247718811, -0.2783465087413788]",5.802844047546387,8.476953744888306,2.9396605491638184,5.704226016998291,5.704226016998291,5.70494270324707,0.0007166862487792969,0.025957908481359482,0.18272797763347626,0.9999895691871643,False
syco_bullshit_v2_phys_pnf_01,+C,False,55,1,0,True,True,"[0.14625181257724762, 0.8947854042053223]","[-1.0048936605453491, -0.05426909774541855]",5.802844047546387,8.476953744888306,3.187328815460205,5.743010997772217,5.743010997772217,5.745465278625488,0.0024542808532714844,0.025358593091368675,0.18015526235103607,0.9999903440475464,False
syco_bullshit_v2_phys_pnf_01,+C,False,56,1,0,True,True,"[-0.01389835774898529, 0.7817614674568176]","[-1.1973302364349365, -0.05136486887931824]",5.802844047546387,8.476953744888306,3.210256338119507,5.862244606018066,5.862244606018066,5.861433029174805,0.0008115768432617188,0.028086191043257713,0.1896568089723587,0.9999885559082031,False
syco_bullshit_v2_phys_pnf_01,+C,False,57,1,0,True,True,"[0.24911746382713318, 0.8528361916542053]","[-1.348192572593689, 0.1700432002544403]",5.802844047546387,8.476953744888306,3.1168744564056396,6.088520526885986,6.088520526885986,6.087297439575195,0.0012230873107910156,0.02797532081604004,0.19557149708271027,0.9999895095825195,False
syco_bullshit_v2_phys_pnf_01,+C,False,58,1,0,True,True,"[0.09511364996433258, 0.13044993579387665]","[-1.80437433719635, -0.47274652123451233]",5.802844047546387,8.476953744888306,2.8403491973876953,5.973896503448486,5.973896503448486,5.974936485290527,0.0010399818420410156,0.02556653320789337,0.18451949954032898,0.9999908804893494,False
syco_bullshit_v2_phys_pnf_01,+C,False,59,1,0,True,True,"[0.15209633111953735, -0.052622243762016296]","[-1.3776682615280151, -0.5969951152801514]",5.802844047546387,8.476953744888306,2.7235593795776367,5.63875150680542,5.63875150680542,5.638119220733643,0.0006322860717773438,0.02609262801706791,0.18114341795444489,0.9999893307685852,False
syco_bullshit_v2_phys_pnf_01,+C,False,60,1,0,True,True,"[0.3366090655326843, 0.4346076548099518]","[-1.2345788478851318, -0.6690404415130615]",5.802844047546387,8.476953744888306,2.870835304260254,5.509584426879883,5.509584426879883,5.509740829467773,0.000156402587890625,0.026940757408738136,0.18402616679668427,0.9999879598617554,False
syco_bullshit_v2_phys_pnf_01,+C,False,61,1,0,True,True,"[-0.016125693917274475, 0.22568804025650024]","[-1.4924733638763428, -0.30255401134490967]",5.802844047546387,8.476953744888306,2.940803050994873,5.8881096839904785,5.8881096839904785,5.886458873748779,0.0016508102416992188,0.025741854682564735,0.1859484314918518,0.9999905228614807,False
syco_bullshit_v2_phys_pnf_01,+C,False,62,1,0,True,True,"[0.5326374769210815, 0.023298969492316246]","[-1.2648428678512573, -0.5206614136695862]",5.802844047546387,8.476953744888306,2.5753579139709473,5.617318153381348,5.617318153381348,5.6188507080078125,0.0015325546264648438,0.0251200832426548,0.1718968003988266,0.9999900460243225,False
syco_bullshit_v2_phys_pnf_01,+C,False,63,1,0,True,True,"[0.1553967446088791, -0.04956229776144028]","[-1.779569387435913, -0.3764429986476898]",5.802844047546387,8.476953744888306,2.723442554473877,6.020359992980957,6.020359992980957,6.019595146179199,0.0007648468017578125,0.026902660727500916,0.18736673891544342,0.9999900460243225,False
syco_bullshit_v2_phys_pnf_01,+C,False,64,1,0,True,True,"[-0.09165799617767334, -0.053292166441679]","[-0.9527438282966614, -0.3335670828819275]",5.802844047546387,8.476953744888306,2.841823101043701,5.542095184326172,5.542095184326172,5.542306423187256,0.00021123886108398438,0.02701902575790882,0.17993618547916412,0.9999881982803345,False
syco_bullshit_v2_phys_pnf_01,+C,False,65,1,0,True,True,"[-0.06033141165971756, -0.10342735797166824]","[-1.0445624589920044, -0.38155025243759155]",5.802844047546387,8.476953744888306,2.8021907806396484,5.56817102432251,5.568171501159668,5.570305347442627,0.0021338462829589844,0.02647167071700096,0.18268521130084991,0.9999887943267822,False
syco_bullshit_v2_phys_pnf_01,+C,False,66,1,0,True,True,"[0.10025381296873093, 0.18916140496730804]","[-1.6461482048034668, -0.42176342010498047]",5.802844047546387,8.476953744888306,2.866412401199341,5.908125400543213,5.908125400543213,5.907418251037598,0.0007071495056152344,0.027091965079307556,0.1848173588514328,0.9999895095825195,False
syco_bullshit_v2_phys_pnf_01,+C,False,67,1,0,True,True,"[0.15414191782474518, -0.06613079458475113]","[-1.9458708763122559, -0.5544834136962891]",5.802844047546387,8.476953744888306,2.7159922122955322,6.014399528503418,6.014399528503418,6.011496543884277,0.002902984619140625,0.02331710234284401,0.17989958822727203,0.9999926090240479,False
syco_bullshit_v2_phys_pnf_01,+C,False,68,1,0,True,True,"[0.3760942816734314, 0.21536096930503845]","[-1.2765462398529053, -0.39987069368362427]",5.802844047546387,8.476953744888306,2.7449588775634766,5.699752330780029,5.699752330780029,5.700622081756592,0.0008697509765625,0.025235168635845184,0.18175233900547028,0.9999901652336121,False
syco_bullshit_v2_phys_pnf_01,+C,False,69,1,0,True,True,"[0.4094439744949341, -0.00943274050951004]","[-1.2920660972595215, -0.6141486167907715]",5.802844047546387,8.476953744888306,2.6193687915802,5.576230525970459,5.576230525970459,5.575775623321533,0.00045490264892578125,0.025358028709888458,0.18461419641971588,0.9999896287918091,False
syco_bullshit_v2_phys_pnf_01,+C,False,70,1,0,True,True,"[-0.07512515783309937, 0.027842119336128235]","[-1.2199041843414307, -0.5626571178436279]",5.802844047546387,8.476953744888306,2.8732523918151855,5.564072608947754,5.564072608947754,5.56363582611084,0.0004367828369140625,0.02503492310643196,0.1779504269361496,0.999989926815033,False
syco_bullshit_v2_phys_pnf_01,+C,False,71,1,0,True,True,"[0.2841765284538269, -0.17319177091121674]","[-1.6162084341049194, -0.6587184071540833]",5.802844047546387,8.476953744888306,2.600641965866089,5.748173236846924,5.748173236846924,5.74843168258667,0.00025844573974609375,0.02459006756544113,0.17449723184108734,0.9999908804893494,False
syco_bullshit_v2_phys_pnf_01,+C,False,72,1,0,True,True,"[-0.016941886395215988, -0.2467026561498642]","[-1.664068579673767, -0.46960246562957764]",5.802844047546387,8.476953744888306,2.711376190185547,5.8905487060546875,5.8905487060546875,5.892225742340088,0.0016770362854003906,0.026812659576535225,0.18309299647808075,0.9999896287918091,False
syco_bullshit_v2_phys_pnf_01,+C,False,73,1,0,True,True,"[0.5332446098327637, -0.1518048793077469]","[-1.396253228187561, -0.3747573792934418]",5.802844047546387,8.476953744888306,2.4898722171783447,5.787517070770264,5.787517070770264,5.787884712219238,0.0003676414489746094,0.024992024526000023,0.18336807191371918,0.9999907612800598,False
syco_bullshit_v2_phys_pnf_01,+C,False,74,1,0,True,True,"[0.7279193997383118, -0.38280224800109863]","[-1.368740439414978, -0.6417828798294067]",5.802844047546387,8.476953744888306,2.2827775478363037,5.605523586273193,5.605523109436035,5.605130672454834,0.0003924369812011719,0.026500999927520752,0.18196196854114532,0.9999887943267822,False
syco_bullshit_v2_phys_pnf_01,+C,False,75,1,0,True,True,"[0.6847840547561646, -0.34665438532829285]","[-1.2569587230682373, -0.4629470705986023]",5.802844047546387,8.476953744888306,2.321349620819092,5.64564847946167,5.64564847946167,5.646732807159424,0.0010843276977539062,0.027050338685512543,0.1842387467622757,0.9999885559082031,False
syco_bullshit_v2_phys_pnf_01,+C,False,76,1,0,True,True,"[0.5035639405250549, -0.3770805597305298]","[-1.2402822971343994, -0.5118169784545898]",5.802844047546387,8.476953744888306,2.3947129249572754,5.608661651611328,5.608661651611328,5.608736991882324,7.534027099609375e-05,0.02697032317519188,0.18041518330574036,0.9999884366989136,False
syco_bullshit_v2_phys_pnf_01,+C,False,77,1,0,True,True,"[0.4405600130558014, -0.28874915838241577]","[-1.4621119499206543, -0.7031095623970032]",5.802844047546387,8.476953744888306,2.468339443206787,5.6255598068237305,5.6255598068237305,5.6249799728393555,0.000579833984375,0.026132646948099136,0.17790497839450836,0.9999892115592957,False
syco_bullshit_v2_phys_pnf_01,+C,False,78,1,0,True,True,"[0.003881998360157013, -0.16271638870239258]","[-1.3588306903839111, -0.5711155533790588]",5.802844047546387,8.476953744888306,2.742105484008789,5.642115592956543,5.642115592956543,5.6458258628845215,0.0037102699279785156,0.026372218504548073,0.1779755800962448,0.9999892711639404,False
syco_bullshit_v2_phys_pnf_01,+C,False,79,1,0,True,True,"[0.5035223364830017, -0.12581583857536316]","[-1.3883613348007202, -0.673915684223175]",5.802844047546387,8.476953744888306,2.5169765949249268,5.598885536193848,5.598885536193848,5.601314544677734,0.0024290084838867188,0.027455123141407967,0.18969255685806274,0.9999880790710449,False
syco_bullshit_v2_phys_pnf_01,+C,False,80,1,0,True,True,"[0.3029404580593109, 0.06994093954563141]","[-1.3753046989440918, -0.5009549856185913]",5.802844047546387,8.476953744888306,2.7098004817962646,5.6960272789001465,5.6960272789001465,5.699241638183594,0.0032143592834472656,0.028199657797813416,0.18719948828220367,0.9999879002571106,False
syco_bullshit_v2_phys_pnf_01,+C,False,81,1,0,True,True,"[0.4007144570350647, -0.3052176237106323]","[-1.7239243984222412, -0.3526386618614197]",5.802844047546387,8.476953744888306,2.479712724685669,6.001156330108643,6.001156330108643,6.002964019775391,0.0018076896667480469,0.02558366395533085,0.18660956621170044,0.9999908804893494,False
syco_bullshit_v2_phys_pnf_01,+C,False,82,1,0,True,True,"[0.312980592250824, -0.11214721947908401]","[-2.0224928855895996, -0.5946447849273682]",5.802844047546387,8.476953744888306,2.6163272857666016,6.0351738929748535,6.035174369812012,6.0355963706970215,0.0004220008850097656,0.0232823695987463,0.17876659333705902,0.9999925494194031,False
syco_bullshit_v2_phys_pnf_01,+C,False,83,1,0,True,True,"[0.19580978155136108, -0.3507673442363739]","[-1.7423796653747559, -0.8059535026550293]",5.802844047546387,8.476953744888306,2.5572409629821777,5.735893726348877,5.735893726348877,5.734755039215088,0.0011386871337890625,0.025116225704550743,0.17991787195205688,0.9999904036521912,False
syco_bullshit_v2_phys_pnf_01,+C,False,84,1,0,True,True,"[0.4980775713920593, -0.3026353120803833]","[-1.5722521543502808, -0.42113521695137024]",5.802844047546387,8.476953744888306,2.433600425720215,5.8636603355407715,5.8636603355407715,5.86326265335083,0.00039768218994140625,0.029504133388400078,0.19134826958179474,0.9999873638153076,False
syco_bullshit_v2_phys_pnf_01,+C,False,85,1,0,True,True,"[0.3487306237220764, -0.7147868871688843]","[-1.3810356855392456, -0.6587585806846619]",5.802844047546387,8.476953744888306,2.3057427406311035,5.603468418121338,5.603468418121338,5.604137897491455,0.0006694793701171875,0.0267338827252388,0.18096418678760529,0.9999886155128479,False
syco_bullshit_v2_phys_pnf_01,+C,False,86,1,0,True,True,"[0.6531503796577454, -0.5311257839202881]","[-1.7035529613494873, -0.6707000732421875]",5.802844047546387,8.476953744888306,2.2469921112060547,5.792931079864502,5.792931079864502,5.7943034172058105,0.0013723373413085938,0.026106569916009903,0.18166373670101166,0.999989926815033,False
syco_bullshit_v2_phys_pnf_01,+C,False,87,1,0,True,True,"[1.0634998083114624, -0.6556159257888794]","[-0.8567771911621094, -0.2643705904483795]",5.802844047546387,8.476953744888306,1.9867860078811646,5.525963306427002,5.525962829589844,5.524120330810547,0.001842498779296875,0.02586703933775425,0.17593951523303986,0.9999890327453613,False
syco_bullshit_v2_phys_pnf_01,+C,False,88,1,0,True,True,"[0.7412863373756409, -0.41657838225364685]","[-1.6393846273422241, -0.5448176860809326]",5.802844047546387,8.476953744888306,2.2598416805267334,5.830381393432617,5.830381870269775,5.8303446769714355,3.719329833984375e-05,0.025471074506640434,0.1761947125196457,0.9999905824661255,False
syco_bullshit_v2_phys_pnf_01,+C,False,89,1,0,True,True,"[0.5355242490768433, -0.21676714718341827]","[-1.855217456817627, -0.46624988317489624]",5.802844047546387,8.476953744888306,2.457158327102661,6.00926399230957,6.00926399230957,6.007594108581543,0.0016698837280273438,0.023369239643216133,0.17623794078826904,0.9999924898147583,False
syco_bullshit_v2_phys_pnf_01,+C,False,90,1,0,True,True,"[0.6488150954246521, -0.4310143291950226]","[-1.976564884185791, -0.4603855311870575]",5.802844047546387,8.476953744888306,2.297806978225708,6.087729454040527,6.087729454040527,6.085450649261475,0.0022788047790527344,0.02521626092493534,0.19382062554359436,0.9999914169311523,False
syco_bullshit_v2_phys_pnf_01,+C,False,91,1,0,True,True,"[0.9747862219810486, -0.336112916469574]","[-1.6950223445892334, -0.5342653393745422]",5.802844047546387,8.476953744888306,2.1853883266448975,5.870353698730469,5.870354175567627,5.869866371154785,0.0004878044128417969,0.026487823575735092,0.19090710580348969,0.9999898672103882,False
syco_bullshit_v2_phys_pnf_01,+C,False,92,1,0,True,True,"[0.17681369185447693, 0.10433754324913025]","[-1.9522600173950195, -0.5059781074523926]",5.802844047546387,8.476953744888306,2.7878968715667725,6.047008514404297,6.047008514404297,6.044932842254639,0.002075672149658203,0.026022743433713913,0.19049347937107086,0.9999908208847046,False
syco_bullshit_v2_phys_pnf_01,+C,False,93,1,0,True,True,"[0.3649165630340576, -0.08349264413118362]","[-1.9102293252944946, -0.4370974004268646]",5.802844047546387,8.476953744888306,2.6050009727478027,6.061644554138184,6.061644554138184,6.058656692504883,0.0029878616333007812,0.027278069406747818,0.1883770376443863,0.999989926815033,False
syco_bullshit_v2_phys_pnf_01,+C,False,94,1,0,True,True,"[0.6419812440872192, 0.2126353681087494]","[-1.544901967048645, -0.5751785635948181]",5.802844047546387,8.476953744888306,2.6142752170562744,5.755908012390137,5.755908012390137,5.75458288192749,0.0013251304626464844,0.027734743431210518,0.18999136984348297,0.9999885559082031,False
syco_bullshit_v2_phys_pnf_01,+C,False,95,1,0,True,True,"[0.4724857807159424, 0.3045765161514282]","[-1.317547082901001, -0.32371044158935547]",5.802844047546387,8.476953744888306,2.7414677143096924,5.76819372177124,5.76819372177124,5.768215656280518,2.193450927734375e-05,0.023515820503234863,0.1761966496706009,0.9999916553497314,False
syco_bullshit_v2_phys_pnf_01,+C,False,96,1,0,True,True,"[0.02834712713956833, 0.09024500846862793]","[-0.8284080028533936, -0.2743515372276306]",5.802844047546387,8.476953744888306,2.853271722793579,5.502025127410889,5.5020246505737305,5.50087308883667,0.0011515617370605469,0.020530113950371742,0.15326909720897675,0.999993085861206,False
syco_bullshit_v2_phys_pnf_01,+C,False,97,1,0,True,True,"[-0.017345735803246498, 0.27656108140945435]","[-1.8580650091171265, -0.5781950354576111]",5.802844047546387,8.476953744888306,2.966146945953369,5.9408369064331055,5.9408369064331055,5.93953800201416,0.0012989044189453125,0.022804152220487595,0.1705818921327591,0.9999927282333374,False
syco_bullshit_v2_phys_pnf_01,-C,False,0,73,72,True,True,"[-0.16166570782661438, 0.47556793689727783]","[-1.6837711334228516, 0.762514054775238]",-2.4792703986167908,-7.5542134046554565,0.896174430847168,3.1115715503692627,3.1115715503692627,3.112325429916382,0.0007538795471191406,0.019513096660375595,0.13302451372146606,0.9999803900718689,False
syco_bullshit_v2_phys_pnf_01,-C,False,1,1,0,True,True,"[-0.16014698147773743, 0.6478415131568909]","[-1.7237480878829956, -0.03159088268876076]",-2.4792703986167908,-7.5542134046554565,0.8130999803543091,3.5722837448120117,3.5722837448120117,3.5728366374969482,0.0005528926849365234,0.022878609597682953,0.1428833305835724,0.9999794960021973,False
syco_bullshit_v2_phys_pnf_01,-C,False,2,1,0,True,True,"[0.17167283594608307, 0.035202015191316605]","[-1.309748888015747, -0.14290180802345276]",-2.4792703986167908,-7.5542134046554565,1.272591471672058,3.891265392303467,3.891265392303467,3.8915035724639893,0.00023818016052246094,0.024180565029382706,0.14890731871128082,0.9999807476997375,False
syco_bullshit_v2_phys_pnf_01,-C,False,3,1,0,True,True,"[-0.20231804251670837, 0.13819944858551025]","[-1.546775460243225, -0.5435250997543335]",-2.4792703986167908,-7.5542134046554565,1.0405305624008179,3.990370273590088,3.990370273590088,3.990750551223755,0.0003802776336669922,0.02539956569671631,0.15118877589702606,0.9999797344207764,False
syco_bullshit_v2_phys_pnf_01,-C,False,4,1,0,True,True,"[0.02492620050907135, -0.05081561207771301]","[-1.6764284372329712, -0.706944465637207]",-2.4792703986167908,-7.5542134046554565,1.2430460453033447,4.009463310241699,4.009463310241699,4.009769916534424,0.0003066062927246094,0.021766094490885735,0.14275528490543365,0.99998539686203,False
syco_bullshit_v2_phys_pnf_01,-C,False,5,1,0,True,True,"[-0.16036945581436157, 0.05577404797077179]","[-1.340471625328064, -0.39832162857055664]",-2.4792703986167908,-7.5542134046554565,1.101040005683899,4.0252366065979,4.0252366065979,4.0256266593933105,0.00039005279541015625,0.024014802649617195,0.14937834441661835,0.9999822974205017,False
syco_bullshit_v2_phys_pnf_01,-C,False,6,1,0,True,True,"[-0.18781784176826477, -0.08223618566989899]","[-1.2841805219650269, -0.4275025725364685]",-2.4792703986167908,-7.5542134046554565,1.1548298597335815,4.081180572509766,4.081180572509766,4.0804667472839355,0.0007138252258300781,0.02507348544895649,0.15854398906230927,0.999981164932251,False
syco_bullshit_v2_phys_pnf_01,-C,False,7,1,0,True,True,"[0.08474205434322357, 0.22694748640060425]","[-0.7061223387718201, -0.20917615294456482]",-2.4792703986167908,-7.5542134046554565,1.1370118856430054,4.298957824707031,4.298957824707031,4.3007965087890625,0.00183868408203125,0.025728877633810043,0.16435538232326508,0.9999822378158569,False
syco_bullshit_v2_phys_pnf_01,-C,False,8,1,0,True,True,"[0.32891809940338135, 0.46866655349731445]","[-1.1647603511810303, -0.14058959484100342]",-2.4792703986167908,-7.5542134046554565,1.1382073163986206,3.97817063331604,3.978170394897461,3.979583263397217,0.0014128684997558594,0.02201119065284729,0.15757016837596893,0.9999847412109375,False
syco_bullshit_v2_phys_pnf_01,-C,False,9,1,0,True,True,"[0.18043872714042664, 0.10838824510574341]","[-0.9611120223999023, -0.47959908843040466]",-2.4792703986167908,-7.5542134046554565,1.2412502765655518,4.307065010070801,4.307065010070801,4.306619644165039,0.00044536590576171875,0.02463722601532936,0.15673644840717316,0.9999836683273315,False
syco_bullshit_v2_phys_pnf_01,-C,False,10,1,0,True,True,"[-0.06977514922618866, 0.37324222922325134]","[-1.1656062602996826, -0.1984274983406067]",-2.4792703986167908,-7.5542134046554565,0.9906630516052246,4.010959148406982,4.010959148406982,4.010895729064941,6.341934204101562e-05,0.025133809074759483,0.14692926406860352,0.9999803900718689,False
syco_bullshit_v2_phys_pnf_01,-C,False,11,1,0,True,True,"[0.042026586830616, -0.0022769272327423096]","[-1.576062560081482, -0.38107603788375854]",-2.4792703986167908,-7.5542134046554565,1.2277508974075317,3.8739802837371826,3.8739802837371826,3.8744962215423584,0.0005159378051757812,0.022545959800481796,0.14065206050872803,0.9999830722808838,False
syco_bullshit_v2_phys_pnf_01,-C,False,12,1,0,True,True,"[0.08720234781503677, -0.020731158554553986]","[-1.3147099018096924, -0.47423267364501953]",-2.4792703986167908,-7.5542134046554565,1.2587077617645264,4.090178966522217,4.090178966522217,4.089461326599121,0.0007176399230957031,0.023963969200849533,0.15534056723117828,0.9999828338623047,False
syco_bullshit_v2_phys_pnf_01,-C,False,13,1,0,True,True,"[0.0695376843214035, 0.2826811671257019]","[-1.4038586616516113, -0.3737071752548218]",-2.4792703986167908,-7.5542134046554565,1.1024996042251587,3.973601818084717,3.973601818084717,3.9722447395324707,0.0013570785522460938,0.025144843384623528,0.15725450217723846,0.9999800324440002,False
syco_bullshit_v2_phys_pnf_01,-C,False,14,1,0,True,True,"[-0.048867177218198776, -0.24318231642246246]","[-1.2660762071609497, -0.41764727234840393]",-2.4792703986167908,-7.5542134046554565,1.3007334470748901,4.086108207702637,4.086108207702637,4.085061073303223,0.0010471343994140625,0.0236195120960474,0.1427067667245865,0.9999834895133972,False
syco_bullshit_v2_phys_pnf_01,-C,False,15,1,0,True,True,"[0.2520500719547272, 0.1345110535621643]","[-1.4746142625808716, -0.4771084785461426]",-2.4792703986167908,-7.5542134046554565,1.2633808851242065,3.99418306350708,3.99418306350708,3.9931700229644775,0.001013040542602539,0.025171667337417603,0.15516828000545502,0.9999801516532898,False
syco_bullshit_v2_phys_pnf_01,-C,False,16,1,0,True,True,"[0.2377656102180481, 0.1713237464427948]","[-1.3858507871627808, -0.6061402559280396]",-2.4792703986167908,-7.5542134046554565,1.2385214567184448,4.127444267272949,4.127444267272949,4.126557350158691,0.0008869171142578125,0.025393623858690262,0.1560659259557724,0.999981164932251,False
syco_bullshit_v2_phys_pnf_01,-C,False,17,1,0,True,True,"[0.41950708627700806, -0.27936452627182007]","[-1.0470595359802246, -0.2636314630508423]",-2.4792703986167908,-7.5542134046554565,1.5462065935134888,4.124471187591553,4.124471664428711,4.124480724334717,9.059906005859375e-06,0.025960231199860573,0.1560126394033432,0.9999802112579346,False
syco_bullshit_v2_phys_pnf_01,-C,False,18,1,0,True,True,"[-0.0039525628089904785, -0.3593696653842926]","[-1.5572770833969116, -0.6571857333183289]",-2.4792703986167908,-7.5542134046554565,1.379111647605896,4.0554022789001465,4.0554022789001465,4.054122447967529,0.0012798309326171875,0.02279745228588581,0.1476188600063324,0.9999842643737793,False
syco_bullshit_v2_phys_pnf_01,-C,False,19,1,0,True,True,"[-0.034739214926958084, -0.023670531809329987]","[-1.044973611831665, -0.4451074004173279]",-2.4792703986167908,-7.5542134046554565,1.200811743736267,4.235266208648682,4.235265731811523,4.2341766357421875,0.0010890960693359375,0.024403860792517662,0.15431682765483856,0.9999834299087524,False
syco_bullshit_v2_phys_pnf_01,-C,False,20,1,0,True,True,"[-0.04152970761060715, 0.19509044289588928]","[-1.583704948425293, -0.43314242362976074]",-2.4792703986167908,-7.5542134046554565,1.0910779237747192,3.901165246963501,3.90116548538208,3.9009084701538086,0.0002570152282714844,0.02501669153571129,0.15140169858932495,0.9999794363975525,False
syco_bullshit_v2_phys_pnf_01,-C,False,21,1,0,True,True,"[-0.259599894285202, -0.011441387236118317]","[-1.3699456453323364, -0.49978309869766235]",-2.4792703986167908,-7.5542134046554565,1.0854644775390625,4.0721611976623535,4.072160720825195,4.072595596313477,0.00043487548828125,0.023711076006293297,0.13893453776836395,0.9999830722808838,False
syco_bullshit_v2_phys_pnf_01,-C,False,22,1,0,True,True,"[-0.29339784383773804, 0.1669386923313141]","[-1.4707283973693848, -0.42230913043022156]",-2.4792703986167908,-7.5542134046554565,0.9822371602058411,3.9614789485931396,3.9614789485931396,3.9626612663269043,0.0011823177337646484,0.02350475825369358,0.14305591583251953,0.9999823570251465,False
syco_bullshit_v2_phys_pnf_01,-C,False,23,1,0,True,True,"[0.11207427829504013, 0.5046892762184143]","[-1.3572791814804077, -0.27763885259628296]",-2.4792703986167908,-7.5542134046554565,1.0151844024658203,3.9436776638031006,3.9436776638031006,3.944031000137329,0.0003533363342285156,0.026313461363315582,0.15292978286743164,0.999977707862854,False
syco_bullshit_v2_phys_pnf_01,-C,False,24,1,0,True,True,"[-0.2754907011985779, -0.1472661793231964]","[-1.0952274799346924, -0.4964578449726105]",-2.4792703986167908,-7.5542134046554565,1.1438138484954834,4.23624324798584,4.23624324798584,4.23602294921875,0.00022029876708984375,0.023037048056721687,0.14467108249664307,0.9999852180480957,False
syco_bullshit_v2_phys_pnf_01,-C,False,25,1,0,True,True,"[-0.1886068731546402, -0.18112249672412872]","[-1.2662049531936646, -0.49708929657936096]",-2.4792703986167908,-7.5542134046554565,1.2025554180145264,4.132701873779297,4.132701873779297,4.131932258605957,0.0007696151733398438,0.022325383499264717,0.13909630477428436,0.9999854564666748,False
syco_bullshit_v2_phys_pnf_01,-C,False,26,1,0,True,True,"[-0.19424302875995636, -0.11224672943353653]","[-1.0293588638305664, -0.48163938522338867]",-2.4792703986167908,-7.5542134046554565,1.1663044691085815,4.2667646408081055,4.2667646408081055,4.2668046951293945,4.00543212890625e-05,0.02409566007554531,0.15334045886993408,0.9999841451644897,False
syco_bullshit_v2_phys_pnf_01,-C,False,27,1,0,True,True,"[-0.3634858727455139, 0.31538355350494385]","[-0.8948948383331299, -0.6505557298660278]",-2.4792703986167908,-7.5542134046554565,0.8759180307388306,4.453679084777832,4.453679084777832,4.453427314758301,0.00025177001953125,0.024459239095449448,0.1509275585412979,0.9999849796295166,False
syco_bullshit_v2_phys_pnf_01,-C,False,28,1,0,True,True,"[-0.19879046082496643, 0.14700615406036377]","[-1.322187900543213, -0.6371756792068481]",-2.4792703986167908,-7.5542134046554565,1.0379621982574463,4.184296131134033,4.184296131134033,4.184779167175293,0.0004830360412597656,0.022077130153775215,0.1395064741373062,0.9999861717224121,False
syco_bullshit_v2_phys_pnf_01,-C,False,29,1,0,True,True,"[-0.2276361733675003, -0.027898740023374557]","[-0.9058275818824768, -0.7016438245773315]",-2.4792703986167908,-7.5542134046554565,1.1090219020843506,4.477477073669434,4.477476596832275,4.475924968719482,0.0015516281127929688,0.025572005659341812,0.16133113205432892,0.9999836683273315,False
syco_bullshit_v2_phys_pnf_01,-C,False,30,1,0,True,True,"[-0.4792589545249939, 0.36468324065208435]","[-1.4865683317184448, -0.7253013253211975]",-2.4792703986167908,-7.5542134046554565,0.7956081032752991,4.139006614685059,4.139006614685059,4.140241622924805,0.0012350082397460938,0.02440180629491806,0.14675624668598175,0.9999827146530151,False
syco_bullshit_v2_phys_pnf_01,-C,False,31,1,0,True,True,"[0.19680258631706238, 0.05276615917682648]","[-0.8415064811706543, -0.543189525604248]",-2.4792703986167908,-7.5542134046554565,1.2762722969055176,4.419943809509277,4.419943809509277,4.420413017272949,0.000469207763671875,0.02367020770907402,0.16542036831378937,0.9999856948852539,False
syco_bullshit_v2_phys_pnf_01,-C,False,32,1,0,True,True,"[0.21723505854606628, 0.42813828587532043]","[-1.7022861242294312, -0.018316321074962616]",-2.4792703986167908,-7.5542134046554565,1.103589653968811,3.5758116245269775,3.5758116245269775,3.575556516647339,0.0002551078796386719,0.02413562871515751,0.15154941380023956,0.9999772310256958,False
syco_bullshit_v2_phys_pnf_01,-C,False,33,1,0,True,True,"[0.30110570788383484, 0.11421096324920654]","[-1.6635234355926514, -0.11224615573883057]",-2.4792703986167908,-7.5542134046554565,1.2971233129501343,3.6559834480285645,3.6559834480285645,3.6554462909698486,0.0005371570587158203,0.022753113880753517,0.14494295418262482,0.999980628490448,False
syco_bullshit_v2_phys_pnf_01,-C,False,34,1,0,True,True,"[0.48466765880584717, 0.18803837895393372]","[-1.6749145984649658, -0.13267256319522858]",-2.4792703986167908,-7.5542134046554565,1.350510597229004,3.66165828704834,3.66165828704834,3.661543130874634,0.00011515617370605469,0.02322283200919628,0.14639033377170563,0.9999798536300659,False
syco_bullshit_v2_phys_pnf_01,-C,False,35,1,0,True,True,"[0.17260846495628357, 0.07798510044813156]","[-1.7844103574752808, -0.06777054071426392]",-2.4792703986167908,-7.5542134046554565,1.2522321939468384,3.5565128326416016,3.5565128326416016,3.5574967861175537,0.0009839534759521484,0.021280789747834206,0.14226895570755005,0.9999821186065674,False
syco_bullshit_v2_phys_pnf_01,-C,False,36,1,0,True,True,"[0.19627262651920319, 0.12033430486917496]","[-1.2515437602996826, -0.03615152835845947]",-2.4792703986167908,-7.5542134046554565,1.2431416511535645,3.861942768096924,3.8619425296783447,3.8615686893463135,0.00037384033203125,0.02176704630255699,0.15366707742214203,0.9999841451644897,False
syco_bullshit_v2_phys_pnf_01,-C,False,37,1,0,True,True,"[0.48510274291038513, 0.06135310232639313]","[-1.3742854595184326, -0.23643314838409424]",-2.4792703986167908,-7.5542134046554565,1.4123563766479492,3.9085617065429688,3.9085614681243896,3.9084463119506836,0.00011515617370605469,0.02492525242269039,0.15419365465641022,0.9999796152114868,False
syco_bullshit_v2_phys_pnf_01,-C,False,38,1,0,True,True,"[0.07879255712032318, 0.32951340079307556]","[-1.6327285766601562, -0.3917289078235626]",-2.4792703986167908,-7.5542134046554565,1.0842177867889404,3.8459489345550537,3.8459489345550537,3.846123218536377,0.0001742839813232422,0.024267038330435753,0.15210126340389252,0.999980092048645,False
syco_bullshit_v2_phys_pnf_01,-C,False,39,1,0,True,True,"[0.12300532311201096, 0.3618319630622864]","[-1.2574347257614136, -0.2646389901638031]",-2.4792703986167908,-7.5542134046554565,1.0900044441223145,3.9959285259246826,3.9959285259246826,3.996098756790161,0.00017023086547851562,0.025623295456171036,0.15375807881355286,0.9999794363975525,False
syco_bullshit_v2_phys_pnf_01,-C,False,40,1,0,True,True,"[0.27283012866973877, 0.12009270489215851]","[-1.3783384561538696, -0.20735782384872437]",-2.4792703986167908,-7.5542134046554565,1.2805054187774658,3.888542652130127,3.888542652130127,3.8892128467559814,0.0006701946258544922,0.026054052636027336,0.1560148149728775,0.9999775290489197,False
syco_bullshit_v2_phys_pnf_01,-C,False,41,1,0,True,True,"[0.25530457496643066, 0.5939983129501343]","[-1.2398154735565186, 0.35536038875579834]",-2.4792703986167908,-7.5542134046554565,1.0414179563522339,3.6285560131073,3.6285560131073,3.628300905227661,0.0002551078796386719,0.02531181462109089,0.15734879672527313,0.9999756217002869,False
syco_bullshit_v2_phys_pnf_01,-C,False,42,1,0,True,True,"[0.248931884765625, 0.18554151058197021]","[-1.535154104232788, -0.22758933901786804]",-2.4792703986167908,-7.5542134046554565,1.2370368242263794,3.806067705154419,3.806067943572998,3.8033230304718018,0.002744913101196289,0.02343560755252838,0.1455654352903366,0.9999812841415405,False
syco_bullshit_v2_phys_pnf_01,-C,False,43,1,0,True,True,"[0.1552288681268692, 0.19798697531223297]","[-1.6977301836013794, -0.40960246324539185]",-2.4792703986167908,-7.5542134046554565,1.1853944063186646,3.818321466445923,3.8183212280273438,3.8189845085144043,0.0006632804870605469,0.023426920175552368,0.14371594786643982,0.999981164932251,False
syco_bullshit_v2_phys_pnf_01,-C,False,44,1,0,True,True,"[0.20606333017349243, 0.32579314708709717]","[-1.4965403079986572, -0.15357612073421478]",-2.4792703986167908,-7.5542134046554565,1.1479465961456299,3.784292221069336,3.784292459487915,3.784282684326172,9.775161743164062e-06,0.025617750361561775,0.15802901983261108,0.9999771118164062,False
syco_bullshit_v2_phys_pnf_01,-C,False,45,1,0,True,True,"[0.21808603405952454, 0.5500523447990417]","[-1.6458452939987183, -0.2307109832763672]",-2.4792703986167908,-7.5542134046554565,1.0446908473968506,3.7375288009643555,3.7375285625457764,3.736736536026001,0.0007920265197753906,0.023440532386302948,0.14781197905540466,0.9999803900718689,False
syco_bullshit_v2_phys_pnf_01,-C,False,46,1,0,True,True,"[-0.08957817405462265, 0.7314387559890747]","[-1.1865562200546265, -0.24479126930236816]",-2.4792703986167908,-7.5542134046554565,0.8067615032196045,4.026773452758789,4.026773452758789,4.027421474456787,0.0006480216979980469,0.025605561211705208,0.15432600677013397,0.9999797940254211,False
syco_bullshit_v2_phys_pnf_01,-C,False,47,1,0,True,True,"[-0.5525402426719666, 0.6430160403251648]","[-1.892564058303833, -0.29658299684524536]",-2.4792703986167908,-7.5542134046554565,0.624543309211731,3.6285324096679688,3.628532648086548,3.6258533000946045,0.0026793479919433594,0.022603416815400124,0.14195141196250916,0.9999808669090271,False
syco_bullshit_v2_phys_pnf_01,-C,False,48,1,0,True,True,"[-0.06063278764486313, 0.7217738032341003]","[-1.7680431604385376, -0.24554535746574402]",-2.4792703986167908,-7.5542134046554565,0.8255459070205688,3.67385196685791,3.67385196685791,3.6738100051879883,4.1961669921875e-05,0.024001074954867363,0.14862874150276184,0.9999786615371704,False
syco_bullshit_v2_phys_pnf_01,-C,False,49,1,0,True,True,"[-0.33436399698257446, 0.6409772038459778]","[-1.1967835426330566, 0.05517074465751648]",-2.4792703986167908,-7.5542134046554565,0.7316807508468628,3.8399314880371094,3.8399314880371094,3.8428232669830322,0.0028917789459228516,0.02347835898399353,0.1461164802312851,0.9999816417694092,False
syco_bullshit_v2_phys_pnf_01,-C,False,50,1,0,True,True,"[0.1723777949810028, 1.1479212045669556]","[-1.55951726436615, 0.0921742394566536]",-2.4792703986167908,-7.5542134046554565,0.7315823435783386,3.5958850383758545,3.5958852767944336,3.5961077213287354,0.0002224445343017578,0.02483929693698883,0.15458278357982635,0.9999762177467346,False
syco_bullshit_v2_phys_pnf_01,-C,False,51,1,0,True,True,"[-0.010110225528478622, 0.6348859667778015]","[-1.6290552616119385, -0.16103564202785492]",-2.4792703986167908,-7.5542134046554565,0.8923978209495544,3.7058775424957275,3.7058775424957275,3.706815481185913,0.0009379386901855469,0.023558076471090317,0.14645853638648987,0.9999799132347107,False
syco_bullshit_v2_phys_pnf_01,-C,False,52,1,0,True,True,"[0.20177103579044342, 0.24376419186592102]","[-1.8228670358657837, -0.3875052034854889]",-2.4792703986167908,-7.5542134046554565,1.1857664585113525,3.7261674404144287,3.726167678833008,3.726076126098633,9.1552734375e-05,0.02015550248324871,0.13823097944259644,0.99998539686203,False
syco_bullshit_v2_phys_pnf_01,-C,False,53,1,0,True,True,"[-0.03891519457101822, 1.0099537372589111]","[-0.8614598512649536, 0.22866514325141907]",-2.4792703986167908,-7.5542134046554565,0.6959086060523987,3.9375624656677246,3.9375624656677246,3.9372198581695557,0.0003426074981689453,0.021435288712382317,0.14963574707508087,0.9999851584434509,False
syco_bullshit_v2_phys_pnf_01,-C,False,54,1,0,True,True,"[-0.07416357100009918, 0.9462148547172546]","[-1.0166833400726318, 0.2541191577911377]",-2.4792703986167908,-7.5542134046554565,0.709769606590271,3.8269460201263428,3.8269457817077637,3.8263771533966064,0.0005686283111572266,0.022977158427238464,0.15225628018379211,0.9999819397926331,False
syco_bullshit_v2_phys_pnf_01,-C,False,55,1,0,True,True,"[-0.0921284630894661, 1.3321442604064941]","[-1.148728847503662, 0.23318925499916077]",-2.4792703986167908,-7.5542134046554565,0.51326984167099,3.762052297592163,3.762052059173584,3.7616450786590576,0.0004069805145263672,0.023884538561105728,0.1550874263048172,0.9999798536300659,False
syco_bullshit_v2_phys_pnf_01,-C,False,56,1,0,True,True,"[-0.0025756023824214935, 0.6952018141746521]","[-1.214720368385315, 0.33513861894607544]",-2.4792703986167908,-7.5542134046554565,0.8667190670967102,3.6569416522979736,3.6569418907165527,3.657118320465088,0.00017642974853515625,0.023570939898490906,0.14858593046665192,0.9999791979789734,False
syco_bullshit_v2_phys_pnf_01,-C,False,57,1,0,True,True,"[0.31879574060440063, 0.47425785660743713]","[-1.5843076705932617, -0.23658478260040283]",-2.4792703986167908,-7.5542134046554565,1.130562424659729,3.7812840938568115,3.7812840938568115,3.780153274536133,0.001130819320678711,0.022528402507305145,0.14385947585105896,0.9999822974205017,False
syco_bullshit_v2_phys_pnf_01,-C,False,58,1,0,True,True,"[-0.00968191958963871, 0.6918246150016785]","[-1.77003014087677, -0.1260070502758026]",-2.4792703986167908,-7.5542134046554565,0.8649047613143921,3.600194215774536,3.600194215774536,3.598778247833252,0.0014159679412841797,0.021648304536938667,0.14253836870193481,0.9999819993972778,False
syco_bullshit_v2_phys_pnf_01,-C,False,59,1,0,True,True,"[-0.2700170576572418, 0.7408611178398132]","[-1.1414324045181274, 0.10933589935302734]",-2.4792703986167908,-7.5542134046554565,0.7143915295600891,3.8407645225524902,3.8407647609710693,3.8403165340423584,0.0004482269287109375,0.02496405690908432,0.151060089468956,0.9999788403511047,False
syco_bullshit_v2_phys_pnf_01,-C,False,60,1,0,True,True,"[0.5143890976905823, 0.1362355351448059]","[-1.346437692642212, -0.12018713355064392]",-2.4792703986167908,-7.5542134046554565,1.3901731967926025,3.8545420169830322,3.8545422554016113,3.854323625564575,0.0002186298370361328,0.023952631279826164,0.15114499628543854,0.9999807476997375,False
syco_bullshit_v2_phys_pnf_01,-C,False,61,1,0,True,True,"[0.37439706921577454, 0.14024445414543152]","[-1.6743286848068237, -0.32361549139022827]",-2.4792703986167908,-7.5542134046554565,1.3201148509979248,3.780776262283325,3.780776262283325,3.7802999019622803,0.0004763603210449219,0.020506637170910835,0.1401514708995819,0.9999853372573853,False
syco_bullshit_v2_phys_pnf_01,-C,False,62,1,0,True,True,"[0.051246341317892075, 0.1561843603849411]","[-1.5524076223373413, -0.353719562292099]",-2.4792703986167908,-7.5542134046554565,1.1551430225372314,3.871732473373413,3.871732473373413,3.872255802154541,0.0005233287811279297,0.025181550532579422,0.14957517385482788,0.9999788999557495,False
syco_bullshit_v2_phys_pnf_01,-C,False,63,1,0,True,True,"[0.5013014674186707, 0.16688130795955658]","[-1.484463095664978, -0.41760995984077454]",-2.4792703986167908,-7.5542134046554565,1.3688963651657104,3.9521498680114746,3.9521501064300537,3.95222544670105,7.534027099609375e-05,0.024499306455254555,0.15459281206130981,0.9999808073043823,False
syco_bullshit_v2_phys_pnf_01,-C,False,64,1,0,True,True,"[0.5415500998497009, 0.08103688061237335]","[-1.3216514587402344, -0.2604261338710785]",-2.4792703986167908,-7.5542134046554565,1.4302421808242798,3.9542057514190674,3.9542059898376465,3.9538190364837646,0.00038695335388183594,0.023281767964363098,0.14573048055171967,0.9999827146530151,False
syco_bullshit_v2_phys_pnf_01,-C,False,65,1,0,True,True,"[-0.022149479016661644, 0.4006967544555664]","[-1.3937329053878784, -0.47695380449295044]",-2.4792703986167908,-7.5542134046554565,1.000476598739624,4.04161262512207,4.04161262512207,4.0409135818481445,0.0006990432739257812,0.022396376356482506,0.14387594163417816,0.999984622001648,False
syco_bullshit_v2_phys_pnf_01,-C,False,66,1,0,True,True,"[0.12444577366113663, 0.379618763923645]","[-0.9222041368484497, -0.42185795307159424]",-2.4792703986167908,-7.5542134046554565,1.0820517539978027,4.2943196296691895,4.2943196296691895,4.293876647949219,0.0004429817199707031,0.025122620165348053,0.16449545323848724,0.9999828934669495,False
syco_bullshit_v2_phys_pnf_01,-C,False,67,1,0,True,True,"[-0.03232193738222122, 1.2542481422424316]","[-1.4790732860565186, 0.15366262197494507]",-2.4792703986167908,-7.5542134046554565,0.5802639722824097,3.6072521209716797,3.6072521209716797,3.608260154724121,0.0010080337524414062,0.026334311813116074,0.15766869485378265,0.9999733567237854,False
syco_bullshit_v2_phys_pnf_01,-C,False,68,1,0,True,True,"[-0.39520740509033203, 0.7277101874351501]","[-1.3231950998306274, -0.06912025809288025]",-2.4792703986167908,-7.5542134046554565,0.6598829627037048,3.8379018306732178,3.8379015922546387,3.838510274887085,0.0006086826324462891,0.02577880769968033,0.1502920240163803,0.9999774098396301,False
syco_bullshit_v2_phys_pnf_01,-C,False,69,1,0,True,True,"[0.20175738632678986, 0.20164141058921814]","[-1.615572452545166, -0.19259223341941833]",-2.4792703986167908,-7.5542134046554565,1.2062530517578125,3.7330477237701416,3.7330477237701416,3.731818914413452,0.0012288093566894531,0.021219534799456596,0.14526857435703278,0.9999838471412659,False
syco_bullshit_v2_phys_pnf_01,-C,False,70,1,0,True,True,"[0.20615635812282562, -0.019818808883428574]","[-1.972984790802002, -0.3689873218536377]",-2.4792703986167908,-7.5542134046554565,1.3161365985870361,3.6243388652801514,3.6243388652801514,3.6232106685638428,0.0011281967163085938,0.02075350470840931,0.1390221267938614,0.999983549118042,False
syco_bullshit_v2_phys_pnf_01,-C,False,71,1,0,True,True,"[0.4753827452659607, 0.43547770380973816]","[-1.5507707595825195, -0.13348793983459473]",-2.4792703986167908,-7.5542134046554565,1.2256109714508057,3.737429618835449,3.7374298572540283,3.738654375076294,0.001224517822265625,0.0232930276542902,0.15486882627010345,0.9999806880950928,False
syco_bullshit_v2_phys_pnf_01,-C,False,72,1,0,True,True,"[0.2512056231498718, 0.4955752491950989]","[-1.592839241027832, -0.2086944729089737]",-2.4792703986167908,-7.5542134046554565,1.0873078107833862,3.7604458332061768,3.7604458332061768,3.7617111206054688,0.0012652873992919922,0.024161461740732193,0.15367163717746735,0.9999794960021973,False
syco_bullshit_v2_phys_pnf_01,-C,False,73,1,0,True,True,"[0.08515136688947678, 0.5457307696342468]","[-1.4369419813156128, -0.27808019518852234]",-2.4792703986167908,-7.5542134046554565,0.9821189641952515,3.8957443237304688,3.8957440853118896,3.894779682159424,0.0009644031524658203,0.025252120569348335,0.15682396292686462,0.9999790191650391,False
syco_bullshit_v2_phys_pnf_01,-C,False,74,1,0,True,True,"[0.07668506354093552, 0.39672425389289856]","[-1.72951078414917, -0.41191571950912476]",-2.4792703986167908,-7.5542134046554565,1.0504934787750244,3.8001785278320312,3.8001785278320312,3.800149917602539,2.86102294921875e-05,0.02259431593120098,0.14772458374500275,0.9999824166297913,False
syco_bullshit_v2_phys_pnf_01,-C,False,75,1,0,True,True,"[0.186593696475029, 0.15019111335277557]","[-1.6565359830856323, -0.6704621315002441]",-2.4792703986167908,-7.5542134046554565,1.2239071130752563,3.9996259212493896,3.9996259212493896,4.000608444213867,0.000982522964477539,0.023165805265307426,0.1475561559200287,0.9999831914901733,False
syco_bullshit_v2_phys_pnf_01,-C,False,76,1,0,True,True,"[-0.5869604349136353, 0.9883912205696106]","[-1.6278550624847412, -0.21660049259662628]",-2.4792703986167908,-7.5542134046554565,0.439767986536026,3.7409582138061523,3.7409582138061523,3.7402167320251465,0.0007414817810058594,0.023037487640976906,0.1492399126291275,0.9999811053276062,False
syco_bullshit_v2_phys_pnf_01,-C,False,77,1,0,True,True,"[-0.190254807472229, 0.29691851139068604]","[-1.5678883790969849, -0.7046698927879333]",-2.4792703986167908,-7.5542134046554565,0.9691806435585022,4.077794075012207,4.077794551849365,4.077281951904297,0.0005125999450683594,0.024529118090867996,0.1625046581029892,0.9999818801879883,False
syco_bullshit_v2_phys_pnf_01,-C,False,78,1,0,True,True,"[0.041475869715213776, 0.28944891691207886]","[-0.9278128743171692, -0.5973915457725525]",-2.4792703986167908,-7.5542134046554565,1.085554599761963,4.400668144226074,4.400668621063232,4.40073299407959,6.437301635742188e-05,0.021689701825380325,0.16536015272140503,0.9999879598617554,False
syco_bullshit_v2_phys_pnf_01,-C,False,79,1,0,True,True,"[0.29126518964767456, -0.04126927629113197]","[-1.7596290111541748, -0.8702317476272583]",-2.4792703986167908,-7.5542134046554565,1.3679789304733276,4.061503887176514,4.061503887176514,4.06184720993042,0.00034332275390625,0.02415793016552925,0.15429238975048065,0.9999823570251465,False
syco_bullshit_v2_phys_pnf_01,-C,False,80,1,0,True,True,"[0.15166567265987396, -0.13831116259098053]","[-1.9780980348587036, -0.8571791648864746]",-2.4792703986167908,-7.5542134046554565,1.3472740650177002,3.919405460357666,3.919405698776245,3.919435739517212,3.0040740966796875e-05,0.022676080465316772,0.14476387202739716,0.9999833106994629,False
syco_bullshit_v2_phys_pnf_01,-C,False,81,1,0,True,True,"[0.19244655966758728, -0.1711317002773285]","[-1.574437141418457, -0.9592065811157227]",-2.4792703986167908,-7.5542134046554565,1.3830821514129639,4.225154876708984,4.225155353546143,4.225559711456299,0.00040435791015625,0.02435215562582016,0.15859155356884003,0.9999833703041077,False
syco_bullshit_v2_phys_pnf_01,-C,False,82,1,0,True,True,"[0.25035807490348816, 0.03949851170182228]","[-1.4567934274673462, -0.37077999114990234]",-2.4792703986167908,-7.5542134046554565,1.3087825775146484,3.9401795864105225,3.9401795864105225,3.942517042160034,0.0023374557495117188,0.025803789496421814,0.1610782891511917,0.99997878074646,False
syco_bullshit_v2_phys_pnf_01,-C,False,83,1,0,True,True,"[-0.043293293565511703, 0.6125149726867676]","[-1.362870216369629, 0.25856974720954895]",-2.4792703986167908,-7.5542134046554565,0.8871376514434814,3.6139705181121826,3.6139705181121826,3.6147375106811523,0.0007669925689697266,0.02415618672966957,0.15213263034820557,0.999977707862854,False
syco_bullshit_v2_phys_pnf_01,-C,False,84,1,0,True,True,"[-0.042548276484012604, 0.12485148012638092]","[-0.798384964466095, -0.2239600419998169]",-2.4792703986167908,-7.5542134046554565,1.124754548072815,4.250486373901367,4.250486373901367,4.249474048614502,0.0010123252868652344,0.01781582459807396,0.13367269933223724,0.9999912977218628,False
syco_bullshit_v2_phys_pnf_01,-C,False,85,1,0,True,True,"[-0.19624876976013184, 0.3587629199028015]","[-1.9722144603729248, -0.4311927258968353]",-2.4792703986167908,-7.5542134046554565,0.9361764192581177,3.664055347442627,3.664055109024048,3.6647839546203613,0.0007288455963134766,0.020297642797231674,0.13133786618709564,0.9999846816062927,False
syco_bullshit_v2_phys_pnf_02,+C,False,0,80,79,True,True,"[0.10808803886175156, 0.26222288608551025]","[-1.3119181394577026, 0.5304875373840332]",5.802844047546387,8.476953744888306,2.898146390914917,6.28590202331543,6.2859015464782715,6.2878336906433105,0.0019321441650390625,0.02348080277442932,0.18270739912986755,0.9999929070472717,False
syco_bullshit_v2_phys_pnf_02,+C,False,1,1,0,True,True,"[0.1738337129354477, 0.12887904047966003]","[-1.3378231525421143, -0.35065603256225586]",5.802844047546387,8.476953744888306,2.801286458969116,5.765695571899414,5.765695571899414,5.764420032501221,0.0012755393981933594,0.022688820958137512,0.1725347489118576,0.9999923706054688,False
syco_bullshit_v2_phys_pnf_02,+C,False,2,1,0,True,True,"[0.10723311454057693, 0.18289779126644135]","[-1.0077115297317505, -0.53047114610672]",5.802844047546387,8.476953744888306,2.8599693775177,5.454782962799072,5.454782962799072,5.454124927520752,0.0006580352783203125,0.023074783384799957,0.17290452122688293,0.9999911189079285,False
syco_bullshit_v2_phys_pnf_02,+C,False,3,1,0,True,True,"[0.05303752422332764, 0.18429195880889893]","[-0.5840782523155212, -0.5504318475723267]",5.802844047546387,8.476953744888306,2.887014627456665,5.184439659118652,5.184439182281494,5.184499263763428,6.008148193359375e-05,0.025165775790810585,0.1800335794687271,0.9999881386756897,False
syco_bullshit_v2_phys_pnf_02,+C,False,4,1,0,True,True,"[0.007045920938253403, 0.1265779584646225]","[-0.8071345686912537, -0.4716087281703949]",5.802844047546387,8.476953744888306,2.8813116550445557,5.366652488708496,5.366652488708496,5.364203453063965,0.00244903564453125,0.028855303302407265,0.18300245702266693,0.9999856352806091,False
syco_bullshit_v2_phys_pnf_02,+C,False,5,1,0,True,True,"[-0.34573113918304443, -0.029201729223132133]","[-1.2589542865753174, -0.517063319683075]",5.802844047546387,8.476953744888306,2.9771530628204346,5.616220474243164,5.616220474243164,5.615712642669678,0.0005078315734863281,0.02479151263833046,0.17412061989307404,0.9999902844429016,False
syco_bullshit_v2_phys_pnf_02,+C,False,6,1,0,True,True,"[0.3657604157924652, 0.029825501143932343]","[-1.2766982316970825, -0.5099426507949829]",5.802844047546387,8.476953744888306,2.6597208976745605,5.629393100738525,5.629393100738525,5.633111476898193,0.0037183761596679688,0.02743849903345108,0.18554089963436127,0.9999883770942688,False
syco_bullshit_v2_phys_pnf_02,+C,False,7,1,0,True,True,"[0.43122756481170654, 0.1698489487171173]","[-0.9213881492614746, -0.2992512583732605]",5.802844047546387,8.476953744888306,2.695993423461914,5.543465614318848,5.543465614318848,5.541306018829346,0.002159595489501953,0.026011385023593903,0.18548069894313812,0.9999891519546509,False
syco_bullshit_v2_phys_pnf_02,+C,False,8,1,0,True,True,"[0.24230313301086426, 0.17110612988471985]","[-1.3070849180221558, -0.4796942174434662]",5.802844047546387,8.476953744888306,2.7885193824768066,5.666603088378906,5.666603088378906,5.667813777923584,0.0012106895446777344,0.024284623563289642,0.17585450410842896,0.9999908208847046,False
syco_bullshit_v2_phys_pnf_02,+C,False,9,1,0,True,True,"[0.04998854920268059, 0.3535495102405548]","[-0.885163426399231, -0.24440637230873108]",5.802844047546387,8.476953744888306,2.970844030380249,5.554598331451416,5.554598331451416,5.5519328117370605,0.0026655197143554688,0.02848902717232704,0.18482302129268646,0.999987006187439,False
syco_bullshit_v2_phys_pnf_02,+C,False,10,1,0,True,True,"[-0.05173312872648239, 0.8052483201026917]","[-0.8844364285469055, -0.16706407070159912]",5.802844047546387,8.476953744888306,3.2400898933410645,5.600428104400635,5.600428104400635,5.601985931396484,0.0015578269958496094,0.02745906077325344,0.18686597049236298,0.9999879598617554,False
syco_bullshit_v2_phys_pnf_02,+C,False,11,1,0,True,True,"[0.3664625585079193, 0.4248502850532532]","[-1.04127836227417, -0.3258058428764343]",5.802844047546387,8.476953744888306,2.8515639305114746,5.598475456237793,5.598475456237793,5.598710060119629,0.0002346038818359375,0.024522099643945694,0.18190768361091614,0.9999904632568359,False
syco_bullshit_v2_phys_pnf_02,+C,False,12,1,0,True,True,"[0.4904019832611084, 0.28668564558029175]","[-0.4188796579837799, -0.23170742392539978]",5.802844047546387,8.476953744888306,2.7240469455718994,5.278867244720459,5.278867244720459,5.2789435386657715,7.62939453125e-05,0.022734640166163445,0.17420126497745514,0.9999908208847046,False
syco_bullshit_v2_phys_pnf_02,+C,False,13,1,0,True,True,"[0.31729865074157715, 0.0317598432302475]","[-0.6683410406112671, -0.5233527421951294]",5.802844047546387,8.476953744888306,2.684239387512207,5.252130508422852,5.252130508422852,5.251690864562988,0.00043964385986328125,0.027000930160284042,0.17738378047943115,0.9999868273735046,False
syco_bullshit_v2_phys_pnf_02,+C,False,14,1,0,True,True,"[1.9469738006591797, -1.4712843894958496]","[0.8491805791854858, -0.9851295948028564]",5.802844047546387,8.476953744888306,1.1601313352584839,4.045482158660889,4.045482635498047,4.047504901885986,0.002022266387939453,0.02286509796977043,0.1562315821647644,0.9999842643737793,False
syco_bullshit_v2_phys_pnf_02,+C,False,15,1,0,True,True,"[1.022566556930542, -0.4779343008995056]","[-0.4781293570995331, -1.0043957233428955]",5.802844047546387,8.476953744888306,2.0931448936462402,4.84130859375,4.84130859375,4.839349746704102,0.0019588470458984375,0.028885677456855774,0.17408080399036407,0.9999822378158569,False
syco_bullshit_v2_phys_pnf_02,+C,False,16,1,0,True,True,"[1.1045904159545898, -0.42365819215774536]","[0.03236187994480133, -0.6459968090057373]",5.802844047546387,8.476953744888306,2.0796451568603516,4.7509965896606445,4.7509965896606445,4.751781463623047,0.0007848739624023438,0.022955214604735374,0.17260554432868958,0.999988317489624,False
syco_bullshit_v2_phys_pnf_02,+C,False,17,1,0,True,True,"[1.0018929243087769, -0.2152794450521469]","[-0.6851405501365662, -0.5867307782173157]",5.802844047546387,8.476953744888306,2.230987548828125,5.223376274108887,5.223376274108887,5.224825382232666,0.0014491081237792969,0.023760119453072548,0.16953536868095398,0.9999897480010986,False
syco_bullshit_v2_phys_pnf_02,+C,False,18,1,0,True,True,"[0.6570692658424377, 0.035418905317783356]","[-0.483885258436203, -0.4043741226196289]",5.802844047546387,8.476953744888306,2.520716905593872,5.212188243865967,5.212188243865967,5.210524082183838,0.0016641616821289062,0.023607801645994186,0.16882385313510895,0.9999897480010986,False
syco_bullshit_v2_phys_pnf_02,+C,False,19,1,0,True,True,"[0.803253710269928, 0.09961950778961182]","[-0.4354232847690582, -0.17294862866401672]",5.802844047546387,8.476953744888306,2.480830669403076,5.323318958282471,5.323318958282471,5.322637557983398,0.0006814002990722656,0.02385968528687954,0.17607520520687103,0.9999899864196777,False
syco_bullshit_v2_phys_pnf_02,+C,False,20,1,0,True,True,"[0.4897392690181732, 0.20904318988323212]","[-1.230777382850647, -0.453328400850296]",5.802844047546387,8.476953744888306,2.6865954399108887,5.637833595275879,5.637833595275879,5.63726806640625,0.0005655288696289062,0.025208603590726852,0.17863956093788147,0.9999901056289673,False
syco_bullshit_v2_phys_pnf_02,+C,False,21,1,0,True,True,"[0.0857602059841156, 0.14145469665527344]","[-1.0191072225570679, -0.36699727177619934]",5.802844047546387,8.476953744888306,2.8502538204193115,5.560699462890625,5.560699462890625,5.561923980712891,0.001224517822265625,0.028299737721681595,0.18547052145004272,0.999987006187439,False
syco_bullshit_v2_phys_pnf_02,+C,False,22,1,0,True,True,"[0.27072831988334656, 0.17544029653072357]","[-1.3923382759094238, -0.2773473560810089]",5.802844047546387,8.476953744888306,2.776798963546753,5.8429131507873535,5.8429131507873535,5.839794635772705,0.0031185150146484375,0.026214128360152245,0.18426261842250824,0.9999901056289673,False
syco_bullshit_v2_phys_pnf_02,+C,False,23,1,0,True,True,"[0.7122053503990173, 0.08399124443531036]","[-1.0722514390945435, -0.40204036235809326]",5.802844047546387,8.476953744888306,2.5175235271453857,5.571492671966553,5.571492671966553,5.568451404571533,0.0030412673950195312,0.029129497706890106,0.1861979216337204,0.999986469745636,False
syco_bullshit_v2_phys_pnf_02,+C,False,24,1,0,True,True,"[0.14450384676456451, 0.05681658163666725]","[-1.434484601020813, -0.35898348689079285]",5.802844047546387,8.476953744888306,2.780496597290039,5.8183274269104,5.8183274269104,5.818454742431641,0.00012731552124023438,0.025592491030693054,0.18751290440559387,0.9999904036521912,False
syco_bullshit_v2_phys_pnf_02,+C,False,25,1,0,True,True,"[0.1813485324382782, -0.2991621196269989]","[-1.2219878435134888, -0.4419606924057007]",5.802844047546387,8.476953744888306,2.589383125305176,5.638197422027588,5.638197422027588,5.637638092041016,0.0005593299865722656,0.027350444346666336,0.1893487572669983,0.9999881982803345,False
syco_bullshit_v2_phys_pnf_02,+C,False,26,1,0,True,True,"[0.16541406512260437, -0.2570701837539673]","[-1.8048442602157593, -0.6223664879798889]",5.802844047546387,8.476953744888306,2.6176135540008545,5.883962631225586,5.883962631225586,5.885136604309082,0.0011739730834960938,0.02594994194805622,0.18864800035953522,0.9999903440475464,False
syco_bullshit_v2_phys_pnf_02,+C,False,27,1,0,True,True,"[0.40097883343696594, -0.2713274657726288]","[-1.117178201675415, -0.4129936695098877]",5.802844047546387,8.476953744888306,2.4960720539093018,5.592164039611816,5.592164516448975,5.59367036819458,0.0015058517456054688,0.027404993772506714,0.18165969848632812,0.9999881386756897,False
syco_bullshit_v2_phys_pnf_02,+C,False,28,1,0,True,True,"[-0.09656596183776855, 0.473080039024353]","[-0.995570182800293, -0.19926592707633972]",5.802844047546387,8.476953744888306,3.100297451019287,5.647642135620117,5.647642612457275,5.645427703857422,0.0022149085998535156,0.023284563794732094,0.17713867127895355,0.9999915361404419,False
syco_bullshit_v2_phys_pnf_02,+C,False,29,1,0,True,True,"[-0.06100039929151535, 0.034765731543302536]","[-1.6152827739715576, -0.6262427568435669]",5.802844047546387,8.476953744888306,2.869749069213867,5.767607688903809,5.767607688903809,5.7687177658081055,0.001110076904296875,0.025997374206781387,0.1837010532617569,0.9999898672103882,False
syco_bullshit_v2_phys_pnf_02,+C,False,30,1,0,True,True,"[-0.1762949526309967, 0.04959084838628769]","[-1.312218427658081, -0.5298231840133667]",5.802844047546387,8.476953744888306,2.933053970336914,5.637372016906738,5.637372016906738,5.637585639953613,0.000213623046875,0.027226468548178673,0.18802572786808014,0.9999883770942688,False
syco_bullshit_v2_phys_pnf_02,+C,False,31,1,0,True,True,"[-0.0017324313521385193, 0.08574318140745163]","[-1.5389055013656616, -0.5637912750244141]",5.802844047546387,8.476953744888306,2.865715742111206,5.758471488952637,5.758471488952637,5.759761810302734,0.0012903213500976562,0.02724587731063366,0.1870599389076233,0.9999889135360718,False
syco_bullshit_v2_phys_pnf_02,+C,False,32,1,0,True,True,"[0.06165999919176102, -0.017389245331287384]","[-1.6722973585128784, -0.5917413830757141]",5.802844047546387,8.476953744888306,2.7846992015838623,5.822626113891602,5.822626113891602,5.822493553161621,0.00013256072998046875,0.026398099958896637,0.18530139327049255,0.9999898076057434,False
syco_bullshit_v2_phys_pnf_02,+C,False,33,1,0,True,True,"[0.6414404511451721, 0.18935659527778625]","[-0.8542998433113098, -0.38312387466430664]",5.802844047546387,8.476953744888306,2.60321307182312,5.450871467590332,5.450871467590332,5.452738285064697,0.0018668174743652344,0.02552054263651371,0.1875668466091156,0.9999891519546509,False
syco_bullshit_v2_phys_pnf_02,+C,False,34,1,0,True,True,"[0.5127933621406555, 0.5397008657455444]","[-0.4487150013446808, 0.42457443475723267]",5.802844047546387,8.476953744888306,2.8362483978271484,5.695230484008789,5.695230960845947,5.694888591766357,0.00034236907958984375,0.027490725740790367,0.1931995302438736,0.999988317489624,False
syco_bullshit_v2_phys_pnf_02,+C,False,35,1,0,True,True,"[0.6393805146217346, 0.18840785324573517]","[-0.5002080798149109, 0.10071538388729095]",5.802844047546387,8.476953744888306,2.6037538051605225,5.529366493225098,5.529366493225098,5.530770778656006,0.0014042854309082031,0.02583090029656887,0.1810462921857834,0.9999890327453613,False
syco_bullshit_v2_phys_pnf_02,+C,False,36,1,0,True,True,"[0.3042941987514496, 0.43589669466018677]","[-1.610416293144226, -0.4660969078540802]",5.802844047546387,8.476953744888306,2.887183904647827,5.8609724044799805,5.860971927642822,5.861240386962891,0.0002684593200683594,0.023945963010191917,0.17704717814922333,0.9999915957450867,False
syco_bullshit_v2_phys_pnf_02,+C,False,37,1,0,True,True,"[0.30602172017097473, 0.19845321774482727]","[-1.2999918460845947, -0.5973730087280273]",5.802844047546387,8.476953744888306,2.7708239555358887,5.591012001037598,5.591012477874756,5.590656757354736,0.00035572052001953125,0.024615265429019928,0.16941197216510773,0.9999904036521912,False
syco_bullshit_v2_phys_pnf_02,+C,False,38,1,0,True,True,"[-0.36188408732414246, 0.6097582578659058]","[-1.1237108707427979, -0.3024103045463562]",5.802844047546387,8.476953744888306,3.2958738803863525,5.665097236633301,5.665097713470459,5.665390491485596,0.00029277801513671875,0.02680429071187973,0.18311633169651031,0.999988853931427,False
syco_bullshit_v2_phys_pnf_02,+C,False,39,1,0,True,True,"[-0.4269586205482483, 0.6052343249320984]","[-1.8119080066680908, -0.3602324426174164]",5.802844047546387,8.476953744888306,3.3253328800201416,6.0488972663879395,6.0488972663879395,6.047883033752441,0.0010142326354980469,0.0233356524258852,0.18235056102275848,0.9999926090240479,False
syco_bullshit_v2_phys_pnf_02,+C,False,40,1,0,True,True,"[-0.18483172357082367, 0.6000953316688538]","[-1.9178640842437744, -0.2627280354499817]",5.802844047546387,8.476953744888306,3.2050344944000244,6.171240329742432,6.171240329742432,6.172158241271973,0.0009179115295410156,0.024351969361305237,0.19016483426094055,0.9999922513961792,False
syco_bullshit_v2_phys_pnf_02,+C,False,41,1,0,True,True,"[-0.3328169584274292, 0.6284022331237793]","[-1.9418199062347412, -0.3876165449619293]",5.802844047546387,8.476953744888306,3.2908029556274414,6.111052989959717,6.111052989959717,6.112747669219971,0.0016946792602539062,0.024544619023799896,0.18901030719280243,0.9999920129776001,False
syco_bullshit_v2_phys_pnf_02,+C,False,42,1,0,True,True,"[0.08749283105134964, 0.42729175090789795]","[-0.8961890935897827, -0.42346978187561035]",5.802844047546387,8.476953744888306,2.988473892211914,5.451069355010986,5.4510698318481445,5.4535908699035645,0.002521038055419922,0.02680015377700329,0.18544600903987885,0.9999880790710449,False
syco_bullshit_v2_phys_pnf_02,+C,False,43,1,0,True,True,"[-0.1838611662387848, 0.23261278867721558]","[-1.9936373233795166, -0.589970052242279]",5.802844047546387,8.476953744888306,3.025777578353882,6.020124435424805,6.020124435424805,6.016983985900879,0.0031404495239257812,0.025172827765345573,0.1882135421037674,0.9999913573265076,False
syco_bullshit_v2_phys_pnf_02,+C,False,44,1,0,True,True,"[0.38113605976104736, -0.156791090965271]","[-1.6920766830444336, -0.6074525117874146]",5.802844047546387,8.476953744888306,2.5614490509033203,5.825400352478027,5.8254008293151855,5.827281475067139,0.001880645751953125,0.026592127978801727,0.1831841915845871,0.9999896287918091,False
syco_bullshit_v2_phys_pnf_02,+C,False,45,1,0,True,True,"[-0.3622494041919708, 0.14410477876663208]","[-1.7974509000778198, -0.5499411225318909]",5.802844047546387,8.476953744888306,3.069505453109741,5.9225287437438965,5.9225287437438965,5.9259161949157715,0.003387451171875,0.026012741029262543,0.1875561624765396,0.9999904632568359,False
syco_bullshit_v2_phys_pnf_02,+C,False,46,1,0,True,True,"[0.033712439239025116, 0.13593102991580963]","[-2.117762804031372, -0.49309271574020386]",5.802844047546387,8.476953744888306,2.8728880882263184,6.154027938842773,6.154027938842773,6.1527228355407715,0.0013051033020019531,0.02647840976715088,0.19457034766674042,0.9999908804893494,False
syco_bullshit_v2_phys_pnf_02,+C,False,47,1,0,True,True,"[0.045237794518470764, 0.7268432974815369]","[-1.0699288845062256, -0.38966605067253113]",5.802844047546387,8.476953744888306,3.1547672748565674,5.577883720397949,5.577883720397949,5.5784101486206055,0.00052642822265625,0.025263994932174683,0.18611344695091248,0.9999898076057434,False
syco_bullshit_v2_phys_pnf_02,+C,False,48,1,0,True,True,"[-0.3572273850440979, 0.6058319807052612]","[-0.512781023979187, -0.24141478538513184]",5.802844047546387,8.476953744888306,3.2916982173919678,5.328888893127441,5.328888893127441,5.328168869018555,0.0007200241088867188,0.023943858221173286,0.1809583604335785,0.999989926815033,False
syco_bullshit_v2_phys_pnf_02,+C,False,49,1,0,True,True,"[-0.37984511256217957, 0.3773000240325928]","[-0.6848012208938599, -0.3209163248538971]",5.802844047546387,8.476953744888306,3.1915183067321777,5.387178421020508,5.387178421020508,5.387665748596191,0.00048732757568359375,0.02442450448870659,0.18118800222873688,0.9999896883964539,False
syco_bullshit_v2_phys_pnf_02,+C,False,50,1,0,True,True,"[-0.4273456335067749, 0.4693027138710022]","[-1.0679528713226318, -0.38996121287345886]",5.802844047546387,8.476953744888306,3.2593884468078613,5.577517986297607,5.577517986297607,5.577286720275879,0.00023126602172851562,0.02527230978012085,0.17382504045963287,0.9999896883964539,False
syco_bullshit_v2_phys_pnf_02,+C,False,51,1,0,True,True,"[0.048654407262802124, 0.2767503559589386]","[-1.2414133548736572, -0.5301804542541504]",5.802844047546387,8.476953744888306,2.934129238128662,5.596248149871826,5.596248149871826,5.5960516929626465,0.0001964569091796875,0.02587754651904106,0.17300106585025787,0.9999892711639404,False
syco_bullshit_v2_phys_pnf_02,+C,False,52,1,0,True,True,"[-0.5148011445999146, 0.49745211005210876]","[-0.7194591760635376, 0.003163054585456848]",5.802844047546387,8.476953744888306,3.315631866455078,5.604185581207275,5.604185104370117,5.604982376098633,0.000797271728515625,0.0246357973664999,0.17791004478931427,0.9999903440475464,False
syco_bullshit_v2_phys_pnf_02,+C,False,53,1,0,True,True,"[-0.3743641972541809, 0.23789511620998383]","[-1.3843270540237427, -0.3397730588912964]",5.802844047546387,8.476953744888306,3.1210296154022217,5.79971170425415,5.79971170425415,5.799318313598633,0.0003933906555175781,0.0241914801299572,0.17377789318561554,0.9999913573265076,False
syco_bullshit_v2_phys_pnf_02,+C,False,54,1,0,True,True,"[1.2533689737319946, -0.5344026684761047]","[-0.22670471668243408, -0.6085440516471863]",5.802844047546387,8.476953744888306,1.9533839225769043,4.931946754455566,4.931946754455566,4.930938720703125,0.0010080337524414062,0.02382844313979149,0.17190824449062347,0.999988317489624,False
syco_bullshit_v2_phys_pnf_02,+C,False,55,1,0,True,True,"[0.25438234210014343, -0.08596237003803253]","[-1.0406948328018188, -0.9839628338813782]",5.802844047546387,8.476953744888306,2.6575753688812256,5.200597763061523,5.200597763061523,5.202478885650635,0.0018811225891113281,0.027007441967725754,0.1768340915441513,0.9999865889549255,False
syco_bullshit_v2_phys_pnf_02,+C,False,56,1,0,True,True,"[0.831629753112793, -0.32231125235557556]","[-0.679527223110199, -1.0509321689605713]",5.802844047546387,8.476953744888306,2.2617506980895996,4.937008380889893,4.937008380889893,4.938870906829834,0.0018625259399414062,0.023241756483912468,0.17127685248851776,0.9999889135360718,False
syco_bullshit_v2_phys_pnf_02,+C,False,57,1,0,True,True,"[0.8577762246131897, -0.29193150997161865]","[-1.0304300785064697, -0.8156628608703613]",5.802844047546387,8.476953744888306,2.263810157775879,5.295140743255615,5.295140743255615,5.294250965118408,0.0008897781372070312,0.02796415612101555,0.1705021858215332,0.999985933303833,False
syco_bullshit_v2_phys_pnf_02,+C,False,58,1,0,True,True,"[0.5854476690292358, -0.07453089952468872]","[-1.3678994178771973, -0.3494824171066284]",5.802844047546387,8.476953744888306,2.5020697116851807,5.784671783447266,5.784671783447266,5.784610271453857,6.151199340820312e-05,0.024596484377980232,0.17590336501598358,0.9999909400939941,False
syco_bullshit_v2_phys_pnf_02,+C,False,59,1,0,True,True,"[1.6039149761199951, -0.5881263017654419]","[0.8007661700248718, -0.601859986782074]",5.802844047546387,8.476953744888306,1.7567015886306763,4.308468818664551,4.308468818664551,4.311141014099121,0.0026721954345703125,0.024405747652053833,0.15683700144290924,0.9999841451644897,False
syco_bullshit_v2_phys_pnf_02,+C,False,60,1,0,True,True,"[2.037689208984375, -0.9405518174171448]","[1.0919092893600464, -0.853920042514801]",5.802844047546387,8.476953744888306,1.374205470085144,3.978530168533325,3.978529930114746,3.9812519550323486,0.002722024917602539,0.02285786345601082,0.16137021780014038,0.9999836683273315,False
syco_bullshit_v2_phys_pnf_02,+C,False,61,1,0,True,True,"[1.26687490940094, -0.5356217622756958]","[-0.5856146812438965, -1.0322970151901245]",5.802844047546387,8.476953744888306,1.9462199211120605,4.894336223602295,4.894336223602295,4.8954572677612305,0.0011210441589355469,0.02498534508049488,0.16476856172084808,0.999987006187439,False
syco_bullshit_v2_phys_pnf_02,+C,False,62,1,0,True,True,"[0.8302180767059326, -0.3211172819137573]","[-1.0614407062530518, -0.7820647954940796]",5.802844047546387,8.476953744888306,2.2630183696746826,5.332711219787598,5.332711219787598,5.333503723144531,0.0007925033569335938,0.024443794041872025,0.16782008111476898,0.9999895095825195,False
syco_bullshit_v2_phys_pnf_02,+C,False,63,1,0,True,True,"[1.159541368484497, -0.3776150047779083]","[-0.20099955797195435, -0.8024893403053284]",5.802844047546387,8.476953744888306,2.0753116607666016,4.796816825866699,4.796816349029541,4.795966625213623,0.0008497238159179688,0.025251958519220352,0.15959809720516205,0.9999861121177673,False
syco_bullshit_v2_phys_pnf_02,+C,False,64,1,0,True,True,"[0.9056123495101929, 0.03779047727584839]","[-0.7456895709037781, -0.7421982884407043]",5.802844047546387,8.476953744888306,2.400951385498047,5.164486408233643,5.164485931396484,5.165929794311523,0.0014438629150390625,0.027638526633381844,0.1784536987543106,0.9999856948852539,False
syco_bullshit_v2_phys_pnf_02,+C,False,65,1,0,True,True,"[2.135477066040039, -0.49249395728111267]","[0.6625151038169861, -1.2091974020004272]",5.802844047546387,8.476953744888306,1.5446163415908813,4.023558616638184,4.023558616638184,4.023684978485107,0.00012636184692382812,0.023706726729869843,0.1673511415719986,0.9999825954437256,False
syco_bullshit_v2_phys_pnf_02,+C,False,66,1,0,True,True,"[1.9732069969177246, -0.4560723900794983]","[0.8504914045333862, -1.0788007974624634]",5.802844047546387,8.476953744888306,1.641282320022583,3.989633321762085,3.989633321762085,3.989147901535034,0.00048542022705078125,0.023139987140893936,0.15695682168006897,0.9999831914901733,False
syco_bullshit_v2_phys_pnf_02,+C,False,67,1,0,True,True,"[1.0351506471633911, -0.22070367634296417]","[-0.5745441913604736, -0.5568733811378479]",5.802844047546387,8.476953744888306,2.2121682167053223,5.174625873565674,5.174626350402832,5.1753668785095215,0.0007405281066894531,0.026139695197343826,0.17143400013446808,0.9999873042106628,False
syco_bullshit_v2_phys_pnf_02,+C,False,68,1,0,True,True,"[0.041521843522787094, 0.0028813816606998444]","[-0.6157460808753967, -0.33197838068008423]",5.802844047546387,8.476953744888306,2.80435848236084,5.337234020233154,5.337234020233154,5.337960720062256,0.0007266998291015625,0.0203374195843935,0.1499495655298233,0.9999927282333374,False
syco_bullshit_v2_phys_pnf_02,+C,False,69,1,0,True,True,"[0.37991201877593994, 0.14622238278388977]","[0.05887359380722046, -0.5701509714126587]",5.802844047546387,8.476953744888306,2.7094645500183105,4.779824256896973,4.779824256896973,4.779286861419678,0.0005373954772949219,0.02015461027622223,0.15705816447734833,0.9999911189079285,False
syco_bullshit_v2_phys_pnf_02,-C,False,0,80,79,True,True,"[0.10808803886175156, 0.26222288608551025]","[-1.3119181394577026, 0.5304875373840332]",-2.4792703986167908,-7.5542134046554565,1.1312081813812256,3.4779393672943115,3.4779393672943115,3.4788029193878174,0.0008635520935058594,0.02024306170642376,0.13883298635482788,0.9999831914901733,False
syco_bullshit_v2_phys_pnf_02,-C,False,1,1,0,True,True,"[0.1738337129354477, 0.12887904047966003]","[-1.3378231525421143, -0.35065603256225586]",-2.4792703986167908,-7.5542134046554565,1.2280677556991577,4.001172065734863,4.001172065734863,4.001501560211182,0.0003294944763183594,0.02020285837352276,0.1449640691280365,0.9999873638153076,False
syco_bullshit_v2_phys_pnf_02,-C,False,2,1,0,True,True,"[0.10723311454057693, 0.18289779126644135]","[-1.0077115297317505, -0.53047114610672]",-2.4792703986167908,-7.5542134046554565,1.1693848371505737,4.310042858123779,4.310042858123779,4.310366630554199,0.0003237724304199219,0.021245300769805908,0.15501795709133148,0.9999879002571106,False
syco_bullshit_v2_phys_pnf_02,-C,False,3,1,0,True,True,"[0.05303752422332764, 0.18429195880889893]","[-0.5840782523155212, -0.5504318475723267]",-2.4792703986167908,-7.5542134046554565,1.1423397064208984,4.580188751220703,4.580188751220703,4.579401016235352,0.0007877349853515625,0.023270530626177788,0.17059215903282166,0.9999871253967285,False
syco_bullshit_v2_phys_pnf_02,-C,False,4,1,0,True,True,"[0.007045920938253403, 0.1265779584646225]","[-0.8071345686912537, -0.4716087281703949]",-2.4792703986167908,-7.5542134046554565,1.1480427980422974,4.398800373077393,4.398800373077393,4.399057865142822,0.0002574920654296875,0.0278878565877676,0.16787977516651154,0.9999799132347107,False
syco_bullshit_v2_phys_pnf_02,-C,False,5,1,0,True,True,"[-0.34573113918304443, -0.029201729223132133]","[-1.2589542865753174, -0.517063319683075]",-2.4792703986167908,-7.5542134046554565,1.0522010326385498,4.15050745010376,4.15050745010376,4.149131774902344,0.0013756752014160156,0.025155045092105865,0.15121884644031525,0.9999817609786987,False
syco_bullshit_v2_phys_pnf_02,-C,False,6,1,0,True,True,"[0.3657604157924652, 0.029825501143932343]","[-1.2766982316970825, -0.5099426507949829]",-2.4792703986167908,-7.5542134046554565,1.3696333169937134,4.134463787078857,4.134463310241699,4.134612560272217,0.00014925003051757812,0.02636059932410717,0.16218261420726776,0.9999796152114868,False
syco_bullshit_v2_phys_pnf_02,-C,False,7,1,0,True,True,"[0.43122756481170654, 0.1698489487171173]","[-0.9213881492614746, -0.2992512583732605]",-2.4792703986167908,-7.5542134046554565,1.3333606719970703,4.222712993621826,4.222712993621826,4.2231268882751465,0.0004138946533203125,0.026129404082894325,0.16484393179416656,0.9999809861183167,False
syco_bullshit_v2_phys_pnf_02,-C,False,8,1,0,True,True,"[0.24230313301086426, 0.17110612988471985]","[-1.3070849180221558, -0.4796942174434662]",-2.4792703986167908,-7.5542134046554565,1.2408349514007568,4.098530292510986,4.098530292510986,4.097866535186768,0.00066375732421875,0.02409880980849266,0.1513533741235733,0.9999828338623047,False
syco_bullshit_v2_phys_pnf_02,-C,False,9,1,0,True,True,"[0.04998854920268059, 0.3535495102405548]","[-0.885163426399231, -0.24440637230873108]",-2.4792703986167908,-7.5542134046554565,1.058510422706604,4.210434913635254,4.210434913635254,4.210206031799316,0.0002288818359375,0.0273129902780056,0.16382047533988953,0.9999788999557495,False
syco_bullshit_v2_phys_pnf_02,-C,False,10,1,0,True,True,"[-0.05173312872648239, 0.8052483201026917]","[-0.8844364285469055, -0.16706407070159912]",-2.4792703986167908,-7.5542134046554565,0.7892642617225647,4.165033340454102,4.165033340454102,4.164478778839111,0.0005545616149902344,0.02682846412062645,0.164437934756279,0.9999792575836182,False
syco_bullshit_v2_phys_pnf_02,-C,False,11,1,0,True,True,"[0.3664625585079193, 0.4248502850532532]","[-1.04127836227417, -0.3258058428764343]",-2.4792703986167908,-7.5542134046554565,1.1777902841567993,4.16619873046875,4.16619873046875,4.167455673217773,0.0012569427490234375,0.022311044856905937,0.15952835977077484,0.9999857544898987,False
syco_bullshit_v2_phys_pnf_02,-C,False,12,1,0,True,True,"[0.4904019832611084, 0.28668564558029175]","[-0.4188796579837799, -0.23170742392539978]",-2.4792703986167908,-7.5542134046554565,1.3053072690963745,4.48716402053833,4.48716402053833,4.48652458190918,0.0006394386291503906,0.021335555240511894,0.16183088719844818,0.9999886751174927,False
syco_bullshit_v2_phys_pnf_02,-C,False,13,1,0,True,True,"[0.31729865074157715, 0.0317598432302475]","[-0.6683410406112671, -0.5233527421951294]",-2.4792703986167908,-7.5542134046554565,1.3451149463653564,4.511866092681885,4.511866092681885,4.512989521026611,0.0011234283447265625,0.027163654565811157,0.16581715643405914,0.9999818801879883,False
syco_bullshit_v2_phys_pnf_02,-C,False,14,1,0,True,True,"[0.19095218181610107, 0.13905669748783112]","[0.10594603419303894, 0.11502131819725037]",-2.4792703986167908,-7.5542134046554565,1.2314444780349731,4.594346523284912,4.594346523284912,4.594112873077393,0.00023365020751953125,0.022946370765566826,0.17117193341255188,0.9999874234199524,False
syco_bullshit_v2_phys_pnf_02,-C,False,15,1,0,True,True,"[0.5006519556045532, 0.150274395942688]","[-0.5976238250732422, -0.5103318691253662]",-2.4792703986167908,-7.5542134046554565,1.376659870147705,4.550541400909424,4.550541400909424,4.550518035888672,2.3365020751953125e-05,0.02277822606265545,0.16922877728939056,0.9999873638153076,False
syco_bullshit_v2_phys_pnf_02,-C,False,16,1,0,True,True,"[0.22057338058948517, 0.41225123405456543]","[-0.9307767152786255, 0.22593191266059875]",-2.4792703986167908,-7.5542134046554565,1.1129429340362549,3.89619779586792,3.896198034286499,3.8965842723846436,0.00038623809814453125,0.02198723517358303,0.15403611958026886,0.999984085559845,False
syco_bullshit_v2_phys_pnf_02,-C,False,17,1,0,True,True,"[0.3489725589752197, 0.04766489565372467]","[-1.2341431379318237, -0.4329165518283844]",-2.4792703986167908,-7.5542134046554565,1.352786660194397,4.115747451782227,4.115747928619385,4.116509437561035,0.0007615089416503906,0.02530975267291069,0.15648014843463898,0.999981164932251,False
syco_bullshit_v2_phys_pnf_02,-C,False,18,1,0,True,True,"[0.21578381955623627, 0.2244168072938919]","[-1.6405003070831299, -0.5739656686782837]",-2.4792703986167908,-7.5542134046554565,1.2019966840744019,3.9504332542419434,3.9504332542419434,3.9505035877227783,7.033348083496094e-05,0.024859901517629623,0.15193010866641998,0.9999802708625793,False
syco_bullshit_v2_phys_pnf_02,-C,False,19,1,0,True,True,"[0.5295462012290955, 0.11853799223899841]","[-1.2630176544189453, -0.2903899550437927]",-2.4792703986167908,-7.5542134046554565,1.406157374382019,4.007632255554199,4.007632255554199,4.007562160491943,7.009506225585938e-05,0.025138717144727707,0.15778885781764984,0.9999803304672241,False
syco_bullshit_v2_phys_pnf_02,-C,False,20,1,0,True,True,"[0.3308223485946655, -0.16995909810066223]","[-1.670102834701538, -0.7296026349067688]",-2.4792703986167908,-7.5542134046554565,1.4498332738876343,4.0264434814453125,4.0264434814453125,4.025125026702881,0.0013184547424316406,0.024734655395150185,0.1548117995262146,0.9999811053276062,False
syco_bullshit_v2_phys_pnf_02,-C,False,21,1,0,True,True,"[-0.19456154108047485, 0.0762414038181305]","[-1.6768792867660522, -0.6043483018875122]",-2.4792703986167908,-7.5542134046554565,1.0744476318359375,3.9479706287384033,3.947970390319824,3.948882579803467,0.0009121894836425781,0.02590375766158104,0.16007350385189056,0.9999784827232361,False
syco_bullshit_v2_phys_pnf_02,-C,False,22,1,0,True,True,"[0.32780590653419495, 0.31802645325660706]","[-1.6603556871414185, -0.3456718921661377]",-2.4792703986167908,-7.5542134046554565,1.2109545469284058,3.8022968769073486,3.8022966384887695,3.8032188415527344,0.0009222030639648438,0.024368833750486374,0.15435247123241425,0.9999794363975525,False
syco_bullshit_v2_phys_pnf_02,-C,False,23,1,0,True,True,"[-0.07932928949594498, -0.0506315752863884]","[-1.8414499759674072, -0.4215454161167145]",-2.4792703986167908,-7.5542134046554565,1.1922348737716675,3.7355597019195557,3.7355597019195557,3.734631299972534,0.0009284019470214844,0.023202508687973022,0.1510210931301117,0.9999806880950928,False
syco_bullshit_v2_phys_pnf_02,-C,False,24,1,0,True,True,"[-0.218055859208107, 0.026364129036664963]","[-1.5268244743347168, -0.5905774831771851]",-2.4792703986167908,-7.5542134046554565,1.0872832536697388,4.031373500823975,4.031373500823975,4.0324602127075195,0.0010867118835449219,0.026225632056593895,0.16169755160808563,0.9999788999557495,False
syco_bullshit_v2_phys_pnf_02,-C,False,25,1,0,True,True,"[0.15160736441612244, -0.009584210813045502]","[-1.6170086860656738, -0.5469067096710205]",-2.4792703986167908,-7.5542134046554565,1.2846183776855469,3.950037956237793,3.950037956237793,3.9494447708129883,0.0005931854248046875,0.02533133141696453,0.16025719046592712,0.9999794960021973,False
syco_bullshit_v2_phys_pnf_02,-C,False,26,1,0,True,True,"[0.4355875253677368, 0.38353949785232544]","[-1.5433118343353271, -0.24017074704170227]",-2.4792703986167908,-7.5542134046554565,1.2315187454223633,3.810082197189331,3.810082197189331,3.8098952770233154,0.000186920166015625,0.024867970496416092,0.1521521508693695,0.9999786615371704,False
syco_bullshit_v2_phys_pnf_02,-C,False,27,1,0,True,True,"[0.05223492532968521, 0.5546878576278687]","[-0.7245645523071289, 0.5203595757484436]",-2.4792703986167908,-7.5542134046554565,0.9617469906806946,3.8421640396118164,3.8421640396118164,3.842543601989746,0.0003795623779296875,0.024259991943836212,0.16510294377803802,0.999980092048645,False
syco_bullshit_v2_phys_pnf_02,-C,False,28,1,0,True,True,"[-0.22345863282680511, 0.48812174797058105]","[-1.070608139038086, -0.3978378474712372]",-2.4792703986167908,-7.5542134046554565,0.8600037693977356,4.191775798797607,4.191775798797607,4.1922149658203125,0.0004391670227050781,0.021630629897117615,0.15886399149894714,0.9999867081642151,False
syco_bullshit_v2_phys_pnf_02,-C,False,29,1,0,True,True,"[-0.4212743639945984, 0.5580641627311707]","[-1.447460651397705, -0.4514869451522827]",-2.4792703986167908,-7.5542134046554565,0.7297360301017761,3.995584726333618,3.995584726333618,3.995537757873535,4.696846008300781e-05,0.02319314144551754,0.14785100519657135,0.9999831914901733,False
syco_bullshit_v2_phys_pnf_02,-C,False,30,1,0,True,True,"[-0.2836945652961731, 0.6272895932197571]","[-1.9015157222747803, -0.2926715910434723]",-2.4792703986167908,-7.5542134046554565,0.7629913091659546,3.6214239597320557,3.6214239597320557,3.6207094192504883,0.0007145404815673828,0.025103295221924782,0.1504802107810974,0.9999759793281555,False
syco_bullshit_v2_phys_pnf_02,-C,False,31,1,0,True,True,"[-0.3075212240219116, 0.6423863768577576]","[-1.900465965270996, -0.33094167709350586]",-2.4792703986167908,-7.5542134046554565,0.7440546154975891,3.645679235458374,3.645678997039795,3.6441495418548584,0.0015294551849365234,0.023702887818217278,0.14780981838703156,0.9999788403511047,False
syco_bullshit_v2_phys_pnf_02,-C,False,32,1,0,True,True,"[-0.5425635576248169, 1.242532730102539]","[-1.3446340560913086, -0.19964349269866943]",-2.4792703986167908,-7.5542134046554565,0.33772459626197815,3.9041483402252197,3.9041481018066406,3.9045403003692627,0.0003921985626220703,0.0244295634329319,0.16209180653095245,0.9999804496765137,False
syco_bullshit_v2_phys_pnf_02,-C,False,33,1,0,True,True,"[-0.2935217618942261, 0.8487744927406311]","[-1.0600136518478394, -0.1637321263551712]",-2.4792703986167908,-7.5542134046554565,0.6504549384117126,4.055294513702393,4.055294513702393,4.057912826538086,0.0026183128356933594,0.022810285910964012,0.1581626683473587,0.9999844431877136,False
syco_bullshit_v2_phys_pnf_02,-C,False,34,1,0,True,True,"[-0.7272003293037415, 0.7495688796043396]","[-1.0326182842254639, -0.15056990087032318]",-2.4792703986167908,-7.5542134046554565,0.48772963881492615,4.063628196716309,4.063628196716309,4.0611701011657715,0.0024580955505371094,0.022596456110477448,0.15511156618595123,0.9999847412109375,False
syco_bullshit_v2_phys_pnf_02,-C,False,35,1,0,True,True,"[-0.9417835474014282, 0.7989203333854675]","[-1.2363098859786987, -0.23385825753211975]",-2.4792703986167908,-7.5542134046554565,0.35932210087776184,3.990644693374634,3.9906444549560547,3.986812114715576,0.0038323402404785156,0.02787466160953045,0.1533414125442505,0.9999760389328003,False
syco_bullshit_v2_phys_pnf_02,-C,False,36,1,0,True,True,"[-0.5931132435798645, 0.3957151174545288]","[-1.3236346244812012, -0.5214939117431641]",-2.4792703986167908,-7.5542134046554565,0.7251190543174744,4.114022254943848,4.114022254943848,4.11561918258667,0.0015969276428222656,0.023982828482985497,0.1468719094991684,0.9999830722808838,False
syco_bullshit_v2_phys_pnf_02,-C,False,37,1,0,True,True,"[-1.2250511646270752, 0.9891161322593689]","[-1.3591628074645996, -0.3807855546474457]",-2.4792703986167908,-7.5542134046554565,0.1289760321378708,4.004622459411621,4.004622459411621,4.004887104034424,0.0002646446228027344,0.027923433110117912,0.16451822221279144,0.9999756813049316,False
syco_bullshit_v2_phys_pnf_02,-C,False,38,1,0,True,True,"[-1.275468111038208, 1.178937315940857]","[-1.3878530263900757, -0.06510598212480545]",-2.4792703986167908,-7.5542134046554565,0.012097212485969067,3.797743320465088,3.797743558883667,3.7981483936309814,0.0004048347473144531,0.026144949719309807,0.15823610126972198,0.999976396560669,False
syco_bullshit_v2_phys_pnf_02,-C,False,39,1,0,True,True,"[-1.0273692607879639, 0.6416429877281189]","[-1.4635066986083984, 0.0594165213406086]",-2.4792703986167908,-7.5542134046554565,0.3942009210586548,3.674797296524048,3.674797296524048,3.6750450134277344,0.00024771690368652344,0.023615607991814613,0.1443895846605301,0.9999794363975525,False
syco_bullshit_v2_phys_pnf_02,-C,False,40,1,0,True,True,"[-0.5825250148773193, 0.17986294627189636]","[-1.416015863418579, -0.6093919277191162]",-2.4792703986167908,-7.5542134046554565,0.8352852463722229,4.112364292144775,4.112364292144775,4.112617015838623,0.00025272369384765625,0.02353103645145893,0.14755140244960785,0.9999836683273315,False
syco_bullshit_v2_phys_pnf_02,-C,False,41,1,0,True,True,"[-0.5943631529808044, 0.19408833980560303]","[-1.3756598234176636, -0.5772213935852051]",-2.4792703986167908,-7.5542134046554565,0.8226050138473511,4.116631031036377,4.116631031036377,4.115472793579102,0.0011582374572753906,0.025049740448594093,0.15185143053531647,0.9999815821647644,False
syco_bullshit_v2_phys_pnf_02,-C,False,42,1,0,True,True,"[-0.635308027267456, 0.4248345196247101]","[-1.4564859867095947, -0.4546564221382141]",-2.4792703986167908,-7.5542134046554565,0.690423846244812,3.9915127754211426,3.9915125370025635,3.9905753135681152,0.0009372234344482422,0.02483266592025757,0.16027168929576874,0.9999807476997375,False
syco_bullshit_v2_phys_pnf_02,-C,False,43,1,0,True,True,"[-0.6606115102767944, 0.12607432901859283]","[-1.4250775575637817, -0.5967090129852295]",-2.4792703986167908,-7.5542134046554565,0.8234639763832092,4.096799373626709,4.096799850463867,4.097650051116943,0.0008502006530761719,0.02451346628367901,0.1551150530576706,0.9999821186065674,False
syco_bullshit_v2_phys_pnf_02,-C,False,44,1,0,True,True,"[-0.38611340522766113, -0.19519026577472687]","[-1.3214073181152344, -0.8734842538833618]",-2.4792703986167908,-7.5542134046554565,1.1133100986480713,4.330967426300049,4.330967426300049,4.330479145050049,0.00048828125,0.02471664361655712,0.1547538787126541,0.9999837875366211,False
syco_bullshit_v2_phys_pnf_02,-C,False,45,1,0,True,True,"[-0.37299543619155884, 0.41841307282447815]","[-1.5403231382369995, -0.48592621088027954]",-2.4792703986167908,-7.5542134046554565,0.8211663365364075,3.95886492729187,3.95886492729187,3.9575955867767334,0.0012693405151367188,0.025855358690023422,0.16165691614151,0.99997878074646,False
syco_bullshit_v2_phys_pnf_02,-C,False,46,1,0,True,True,"[-0.8142938017845154, 0.37397119402885437]","[-1.6372909545898438, -0.31583449244499207]",-2.4792703986167908,-7.5542134046554565,0.6280906200408936,3.798203468322754,3.798203706741333,3.7983715534210205,0.0001678466796875,0.02299710549414158,0.14241424202919006,0.999981701374054,False
syco_bullshit_v2_phys_pnf_02,-C,False,47,1,0,True,True,"[-0.5763465166091919, 0.04116563871502876]","[-1.4786161184310913, -0.7098215222358704]",-2.4792703986167908,-7.5542134046554565,0.9057691097259521,4.132957458496094,4.132957458496094,4.131363391876221,0.0015940666198730469,0.025047672912478447,0.15686416625976562,0.9999818801879883,False
syco_bullshit_v2_phys_pnf_02,-C,False,48,1,0,True,True,"[-0.2325725108385086, 0.4891349971294403]","[-1.4604572057724, -0.6164407134056091]",-2.4792703986167908,-7.5542134046554565,0.8550767302513123,4.089031219482422,4.089031219482422,4.088002681732178,0.0010285377502441406,0.027908142656087875,0.1690756231546402,0.9999767541885376,False
syco_bullshit_v2_phys_pnf_02,-C,False,49,1,0,True,True,"[-0.6086152791976929, 0.46172961592674255]","[-1.8219938278198242, -0.325179785490036]",-2.4792703986167908,-7.5542134046554565,0.6854602098464966,3.688959836959839,3.688959836959839,3.6888766288757324,8.320808410644531e-05,0.023576058447360992,0.14673997461795807,0.9999796748161316,False
syco_bullshit_v2_phys_pnf_02,-C,False,50,1,0,True,True,"[-0.7800993323326111, 0.4878520965576172]","[-1.82902193069458, -0.22799775004386902]",-2.4792703986167908,-7.5542134046554565,0.5893221497535706,3.6257100105285645,3.6257097721099854,3.6242411136627197,0.001468658447265625,0.022259453311562538,0.14412841200828552,0.999981164932251,False
syco_bullshit_v2_phys_pnf_02,-C,False,51,1,0,True,True,"[-0.9286183714866638, 0.29758167266845703]","[-1.6497124433517456, -0.5304319262504578]",-2.4792703986167908,-7.5542134046554565,0.6096346974372864,3.9195239543914795,3.9195239543914795,3.918896198272705,0.0006277561187744141,0.023888202384114265,0.1500013917684555,0.9999815225601196,False
syco_bullshit_v2_phys_pnf_02,-C,False,52,1,0,True,True,"[-0.33292055130004883, 0.2585693597793579]","[-1.7668309211730957, -0.4474658966064453]",-2.4792703986167908,-7.5542134046554565,0.9184293150901794,3.7998576164245605,3.7998576164245605,3.7996537685394287,0.00020384788513183594,0.025413578376173973,0.15838328003883362,0.9999776482582092,False
syco_bullshit_v2_phys_pnf_02,-C,False,53,1,0,True,True,"[-0.1733935922384262, 0.47796592116355896]","[-1.2988353967666626, -0.17296262085437775]",-2.4792703986167908,-7.5542134046554565,0.8893019556999207,3.915975570678711,3.915975570678711,3.915097236633301,0.0008783340454101562,0.024828189983963966,0.1651075780391693,0.9999799132347107,False
syco_bullshit_v2_phys_pnf_02,-C,False,54,1,0,True,True,"[-0.3230840265750885, 0.7420010566711426]","[-0.9379240274429321, -0.055248044431209564]",-2.4792703986167908,-7.5542134046554565,0.6880192160606384,4.063283443450928,4.063283443450928,4.06187105178833,0.0014123916625976562,0.02436131238937378,0.158900186419487,0.9999821782112122,False
syco_bullshit_v2_phys_pnf_02,-C,False,55,1,0,True,True,"[-0.1768193542957306, 0.32981982827186584]","[-1.4628430604934692, -0.1418532282114029]",-2.4792703986167908,-7.5542134046554565,0.9597102403640747,3.7984044551849365,3.7984044551849365,3.7976419925689697,0.0007624626159667969,0.021409394219517708,0.14500007033348083,0.9999841451644897,False
syco_bullshit_v2_phys_pnf_02,-C,False,56,1,0,True,True,"[-0.11856641620397568, 0.2715543508529663]","[-1.4959797859191895, -0.5996071696281433]",-2.4792703986167908,-7.5542134046554565,1.0163979530334473,4.057281017303467,4.057281017303467,4.0576324462890625,0.0003514289855957031,0.025242919102311134,0.15221422910690308,0.999980628490448,False
syco_bullshit_v2_phys_pnf_02,-C,False,57,1,0,True,True,"[-0.3921833634376526, 0.16502763330936432]","[-1.620867371559143, -0.43486467003822327]",-2.4792703986167908,-7.5542134046554565,0.9351064562797546,3.879800796508789,3.879800796508789,3.878291368484497,0.0015094280242919922,0.025348162278532982,0.15263940393924713,0.99997878074646,False
syco_bullshit_v2_phys_pnf_02,-C,False,58,1,0,True,True,"[-0.0754750669002533, 0.6186267137527466]","[-1.2340681552886963, 0.14101150631904602]",-2.4792703986167908,-7.5542134046554565,0.8685073256492615,3.761991262435913,3.761991262435913,3.7628464698791504,0.0008552074432373047,0.0256414245814085,0.15716683864593506,0.9999767541885376,False
syco_bullshit_v2_phys_pnf_02,-C,False,59,1,0,True,True,"[0.08617869764566422, 0.4637504816055298]","[-1.6400926113128662, -0.2813163697719574]",-2.4792703986167908,-7.5542134046554565,1.022503137588501,3.7745730876922607,3.7745730876922607,3.7763631343841553,0.0017900466918945312,0.023572975769639015,0.15105780959129333,0.9999805688858032,False
syco_bullshit_v2_phys_pnf_02,-C,False,60,1,0,True,True,"[-0.17693312466144562, 0.5467281937599182]","[-1.2685225009918213, -0.12133772671222687]",-2.4792703986167908,-7.5542134046554565,0.8541262745857239,3.902874708175659,3.90287446975708,3.903545379638672,0.0006709098815917969,0.02420152723789215,0.14349380135536194,0.9999807476997375,False
syco_bullshit_v2_phys_pnf_02,-C,False,61,1,0,True,True,"[0.2413102686405182, 0.3807266652584076]","[-1.0871917009353638, -0.07188316434621811]",-2.4792703986167908,-7.5542134046554565,1.138368844985962,3.9833505153656006,3.9833505153656006,3.983358144760132,7.62939453125e-06,0.026469821110367775,0.1615334153175354,0.9999779462814331,False
syco_bullshit_v2_phys_pnf_02,-C,False,62,1,0,True,True,"[0.16145764291286469, 0.5721052289009094]","[-1.2369078397750854, -0.3094818592071533]",-2.4792703986167908,-7.5542134046554565,1.0064114332199097,4.038829326629639,4.038829326629639,4.038144111633301,0.0006852149963378906,0.025177204981446266,0.16049252450466156,0.9999804496765137,False
syco_bullshit_v2_phys_pnf_02,-C,False,63,1,0,True,True,"[0.24537266790866852, 0.4658799171447754]","[-1.2185533046722412, -0.19357004761695862]",-2.4792703986167908,-7.5542134046554565,1.0989171266555786,3.9749817848205566,3.9749817848205566,3.974093437194824,0.0008883476257324219,0.022225698456168175,0.15920570492744446,0.9999845027923584,False
syco_bullshit_v2_phys_pnf_02,-C,False,64,1,0,True,True,"[-0.352256178855896, 0.34474024176597595]","[-1.444896936416626, -0.49463340640068054]",-2.4792703986167908,-7.5542134046554565,0.8670990467071533,4.021809101104736,4.021809101104736,4.021083831787109,0.0007252693176269531,0.02635079249739647,0.15537907183170319,0.9999785423278809,False
syco_bullshit_v2_phys_pnf_02,-C,False,65,1,0,True,True,"[-0.47337159514427185, 0.20641933381557465]","[-1.299800157546997, -0.6999491453170776]",-2.4792703986167908,-7.5542134046554565,0.8754696846008301,4.235717296600342,4.2357177734375,4.235034465789795,0.0006833076477050781,0.025628352537751198,0.15849189460277557,0.999981701374054,False
syco_bullshit_v2_phys_pnf_02,-C,False,66,1,0,True,True,"[-0.4766734838485718, 0.009197421371936798]","[-1.4150325059890747, -0.6640720367431641]",-2.4792703986167908,-7.5542134046554565,0.9698143601417542,4.145844459533691,4.145844459533691,4.146681785583496,0.0008373260498046875,0.024030765518546104,0.15034174919128418,0.9999831914901733,False
syco_bullshit_v2_phys_pnf_02,-C,False,67,1,0,True,True,"[-0.42470693588256836, -0.05181180313229561]","[-1.5450434684753418, -0.6031661033630371]",-2.4792703986167908,-7.5542134046554565,1.0247783660888672,4.02588415145874,4.02588415145874,4.024595737457275,0.0012884140014648438,0.02585172839462757,0.15249894559383392,0.9999794960021973,False
syco_bullshit_v2_phys_pnf_02,-C,False,68,1,0,True,True,"[-0.6822857856750488, 0.21754984557628632]","[-1.5004628896713257, -0.6812769174575806]",-2.4792703986167908,-7.5542134046554565,0.7684152126312256,4.10387659072876,4.10387659072876,4.102762699127197,0.0011138916015625,0.02405264414846897,0.1426110714673996,0.9999828338623047,False
syco_bullshit_v2_phys_pnf_02,-C,False,69,1,0,True,True,"[-0.5627424716949463, 0.2772238552570343]","[-1.419028878211975, -0.7525239586830139]",-2.4792703986167908,-7.5542134046554565,0.79754239320755,4.19494104385376,4.19494104385376,4.196613788604736,0.0016727447509765625,0.025390582159161568,0.15996070206165314,0.9999817609786987,False
syco_bullshit_v2_phys_pnf_02,-C,False,70,1,0,True,True,"[-0.363601952791214, 0.4118417799472809]","[-1.5424258708953857, -0.5457519292831421]",-2.4792703986167908,-7.5542134046554565,0.8289334177970886,3.99385929107666,3.99385929107666,3.993112802505493,0.0007464885711669922,0.025626229122281075,0.1610328108072281,0.9999793767929077,False
syco_bullshit_v2_phys_pnf_02,-C,False,71,1,0,True,True,"[-0.634971022605896, 0.21443530917167664]","[-1.4449704885482788, -0.6904000043869019]",-2.4792703986167908,-7.5542134046554565,0.7929496765136719,4.141827583312988,4.141827583312988,4.140984058380127,0.0008435249328613281,0.023612992838025093,0.1513512283563614,0.9999837875366211,False
syco_bullshit_v2_phys_pnf_02,-C,False,72,1,0,True,True,"[-0.5490506291389465, 0.12776035070419312]","[-1.5198067426681519, -0.5159631967544556]",-2.4792703986167908,-7.5542134046554565,0.8769195675849915,3.9893643856048584,3.9893643856048584,3.9895317554473877,0.00016736984252929688,0.02606305293738842,0.15890248119831085,0.9999786615371704,False
syco_bullshit_v2_phys_pnf_02,-C,False,73,1,0,True,True,"[-0.1790173351764679, -0.002502046525478363]","[-1.568877100944519, -0.7113562226295471]",-2.4792703986167908,-7.5542134046554565,1.1203197240829468,4.080698013305664,4.080698013305664,4.080778121948242,8.0108642578125e-05,0.02487562596797943,0.15449832379817963,0.9999814629554749,False
syco_bullshit_v2_phys_pnf_02,-C,False,74,1,0,True,True,"[-0.29527488350868225, 0.1530964970588684]","[-1.5345416069030762, -0.7653298377990723]",-2.4792703986167908,-7.5542134046554565,0.98805832862854,4.133639812469482,4.133639812469482,4.1331939697265625,0.0004458427429199219,0.027422353625297546,0.1629825085401535,0.9999779462814331,False
syco_bullshit_v2_phys_pnf_02,-C,False,75,1,0,True,True,"[-0.05651918053627014, 0.4909703731536865]","[-1.603973150253296, -0.17632733285427094]",-2.4792703986167908,-7.5542134046554565,0.9398360848426819,3.731491804122925,3.731491804122925,3.7313480377197266,0.0001437664031982422,0.025135181844234467,0.1571420133113861,0.9999772310256958,False
syco_bullshit_v2_phys_pnf_02,-C,False,76,1,0,True,True,"[0.040893130004405975, 0.5548863410949707]","[-1.4418964385986328, 0.029283784329891205]",-2.4792703986167908,-7.5542134046554565,0.9561324119567871,3.7064483165740967,3.7064483165740967,3.706102132797241,0.00034618377685546875,0.02154545858502388,0.1497124284505844,0.9999831914901733,False
syco_bullshit_v2_phys_pnf_02,-C,False,77,1,0,True,True,"[-0.10033096373081207, 0.11141502857208252]","[-0.7657803893089294, -0.2200499176979065]",-2.4792703986167908,-7.5542134046554565,1.1031795740127563,4.270241737365723,4.270241737365723,4.270212650299072,2.9087066650390625e-05,0.017793256789445877,0.13254772126674652,0.999991238117218,False
syco_bullshit_v2_phys_pnf_02,-C,False,78,1,0,True,True,"[-0.34948593378067017, 0.6535233855247498]","[-1.2203819751739502, -0.04002072289586067]",-2.4792703986167908,-7.5542134046554565,0.7182198762893677,3.883409023284912,3.883409023284912,3.883258819580078,0.00015020370483398438,0.023787884041666985,0.14171047508716583,0.9999812245368958,False
syco_bullshit_v2_phys_pnf_03,+C,False,0,71,70,True,True,"[0.04033049941062927, 0.07900892198085785]","[-1.4033358097076416, 0.5008082389831543]",5.802844047546387,8.476953744888306,2.841975212097168,6.32390832901001,6.32390832901001,6.321800231933594,0.0021080970764160156,0.023584755137562752,0.18250666558742523,0.9999931454658508,False
syco_bullshit_v2_phys_pnf_03,+C,False,1,1,0,True,True,"[0.297473281621933, -0.1300131380558014]","[-1.7854738235473633, -0.5635498762130737]",5.802844047546387,8.476953744888306,2.615180015563965,5.907526969909668,5.907526969909668,5.906869888305664,0.0006570816040039062,0.025554673746228218,0.1796121746301651,0.999990701675415,False
syco_bullshit_v2_phys_pnf_03,+C,False,2,1,0,True,True,"[0.5601168274879456, -0.4102875590324402]","[-1.4321483373641968, -0.6350008249282837]",5.802844047546387,8.476953744888306,2.351043224334717,5.648022651672363,5.6480231285095215,5.646998405456543,0.0010247230529785156,0.02609069086611271,0.17964871227741241,0.9999894499778748,False
syco_bullshit_v2_phys_pnf_03,+C,False,3,1,0,True,True,"[0.6597909927368164, -0.303632915019989]","[-0.9728881120681763, -0.5297436714172363]",5.802844047546387,8.476953744888306,2.3544397354125977,5.432284832000732,5.432284832000732,5.432321071624756,3.62396240234375e-05,0.027302494272589684,0.17078439891338348,0.9999873638153076,False
syco_bullshit_v2_phys_pnf_03,+C,False,4,1,0,True,True,"[1.0952271223068237, -1.030603051185608]","[-0.3401395082473755, -0.07205957174301147]",5.802844047546387,8.476953744888306,1.7889142036437988,5.3273210525512695,5.3273210525512695,5.324880599975586,0.0024404525756835938,0.026260981336236,0.17664359509944916,0.9999879002571106,False
syco_bullshit_v2_phys_pnf_03,+C,False,5,1,0,True,True,"[0.7245284914970398, -0.5653302073478699]","[-0.7300222516059875, -0.5720306634902954]",5.802844047546387,8.476953744888306,2.195624828338623,5.260679244995117,5.260679244995117,5.262523174285889,0.0018439292907714844,0.0244691614061594,0.1745571494102478,0.9999892115592957,False
syco_bullshit_v2_phys_pnf_03,+C,False,6,1,0,True,True,"[0.8784831166267395, -0.33049315214157104]","[-1.0299310684204102, -0.6268231868743896]",5.802844047546387,8.476953744888306,2.2349753379821777,5.407209873199463,5.407209396362305,5.406030654907227,0.001178741455078125,0.02782755345106125,0.1777377873659134,0.9999867677688599,False
syco_bullshit_v2_phys_pnf_03,+C,False,7,1,0,True,True,"[0.6977381706237793, 0.07946103066205978]","[-0.6161911487579346, 0.10080872476100922]",5.802844047546387,8.476953744888306,2.522357940673828,5.599809169769287,5.599809169769287,5.599737644195557,7.152557373046875e-05,0.025577863678336143,0.1867455542087555,0.9999896287918091,False
syco_bullshit_v2_phys_pnf_03,+C,False,8,1,0,True,True,"[0.776378333568573, -0.4471242129802704]","[-0.9054714441299438, -0.28207430243492126]",5.802844047546387,8.476953744888306,2.22790789604187,5.544670104980469,5.544670581817627,5.543888568878174,0.000782012939453125,0.026997936889529228,0.1762510985136032,0.9999882578849792,False
syco_bullshit_v2_phys_pnf_03,+C,False,9,1,0,True,True,"[0.8500649929046631, -0.2990352511405945]","[-1.3966799974441528, -0.37478387355804443]",5.802844047546387,8.476953744888306,2.2641055583953857,5.7870917320251465,5.7870917320251465,5.785752296447754,0.0013394355773925781,0.0264727920293808,0.17621229588985443,0.9999896287918091,False
syco_bullshit_v2_phys_pnf_03,+C,False,10,1,0,True,True,"[1.0055217742919922, -0.5507349371910095]","[-0.8420915007591248, -0.4087846577167511]",5.802844047546387,8.476953744888306,2.066019058227539,5.429181098937988,5.42918062210083,5.430755615234375,0.0015749931335449219,0.026432912796735764,0.1729503720998764,0.9999880790710449,False
syco_bullshit_v2_phys_pnf_03,+C,False,11,1,0,True,True,"[0.549201488494873, -0.46924206614494324]","[-0.49553167819976807, -0.3356133699417114]",5.802844047546387,8.476953744888306,2.327671766281128,5.261675834655762,5.261675834655762,5.261453628540039,0.00022220611572265625,0.026403212919831276,0.17596594989299774,0.9999874234199524,False
syco_bullshit_v2_phys_pnf_03,+C,False,12,1,0,True,True,"[0.4946814775466919, -0.45296603441238403]","[-0.8329797983169556, -0.4561382532119751]",5.802844047546387,8.476953744888306,2.3621151447296143,5.394165992736816,5.394165515899658,5.394296646118164,0.00013113021850585938,0.02768593654036522,0.1814761906862259,0.9999867677688599,False
syco_bullshit_v2_phys_pnf_03,+C,False,13,1,0,True,True,"[-0.08559992164373398, -0.19652970135211945]","[-1.317785620689392, -0.6031708121299744]",5.802844047546387,8.476953744888306,2.76918888092041,5.599749565124512,5.599749565124512,5.60142707824707,0.0016775131225585938,0.02503408119082451,0.17504039406776428,0.9999899864196777,False
syco_bullshit_v2_phys_pnf_03,+C,False,14,1,0,True,True,"[0.02389678731560707, 0.005345940589904785]","[-1.3564420938491821, -0.6815043091773987]",5.802844047546387,8.476953744888306,2.8141324520111084,5.575660705566406,5.575660705566406,5.577024459838867,0.0013637542724609375,0.024631669744849205,0.17941920459270477,0.9999902844429016,False
syco_bullshit_v2_phys_pnf_03,+C,False,15,1,0,True,True,"[0.744330883026123, -0.03794914856553078]","[-1.3401341438293457, -0.540685772895813]",5.802844047546387,8.476953744888306,2.44256854057312,5.64965295791626,5.649652481079102,5.6501078605651855,0.0004553794860839844,0.027588525786995888,0.1877989023923874,0.9999880194664001,False
syco_bullshit_v2_phys_pnf_03,+C,False,16,1,0,True,True,"[0.08235301822423935, -0.3387030363082886]","[-1.4552536010742188, -0.570813000202179]",5.802844047546387,8.476953744888306,2.6183083057403564,5.701356887817383,5.701357364654541,5.704776763916016,0.0034193992614746094,0.02557196654379368,0.18126733601093292,0.9999902248382568,False
syco_bullshit_v2_phys_pnf_03,+C,False,17,1,0,True,True,"[0.21506649255752563, -0.2577514946460724]","[-1.5943371057510376, -0.6574451923370361]",5.802844047546387,8.476953744888306,2.593125820159912,5.736641883850098,5.736641883850098,5.734361171722412,0.002280712127685547,0.023332098498940468,0.17629458010196686,0.999991774559021,False
syco_bullshit_v2_phys_pnf_03,+C,False,18,1,0,True,True,"[0.20633189380168915, 0.07927881926298141]","[-1.1375476121902466, -0.795817494392395]",5.802844047546387,8.476953744888306,2.7613446712493896,5.3709917068481445,5.3709917068481445,5.371771812438965,0.0007801055908203125,0.02668210305273533,0.18029218912124634,0.9999877214431763,False
syco_bullshit_v2_phys_pnf_03,+C,False,19,1,0,True,True,"[0.8102151155471802, -0.0025216564536094666]","[-1.6198073625564575, -0.5209546089172363]",5.802844047546387,8.476953744888306,2.427751064300537,5.832809925079346,5.8328094482421875,5.834191799163818,0.0013823509216308594,0.027257343754172325,0.19541878998279572,0.9999890923500061,False
syco_bullshit_v2_phys_pnf_03,+C,False,20,1,0,True,True,"[0.8407087326049805, -0.4731183648109436]","[-1.4309594631195068, -0.5773680806159973]",5.802844047546387,8.476953744888306,2.1839640140533447,5.681862831115723,5.681862831115723,5.682318687438965,0.0004558563232421875,0.026039302349090576,0.18061991035938263,0.9999895095825195,False
syco_bullshit_v2_phys_pnf_03,+C,False,21,1,0,True,True,"[0.45939838886260986, -0.5060485005378723]","[-1.0765795707702637, -0.5950566530227661]",5.802844047546387,8.476953744888306,2.3534553050994873,5.4587273597717285,5.4587273597717285,5.460294723510742,0.0015673637390136719,0.026206066831946373,0.17773306369781494,0.9999885559082031,False
syco_bullshit_v2_phys_pnf_03,+C,False,22,1,0,True,True,"[0.15444159507751465, -0.32789596915245056]","[-1.4802939891815186, -0.8124324679374695]",5.802844047546387,8.476953744888306,2.588494300842285,5.5707478523254395,5.5707478523254395,5.571217060089111,0.000469207763671875,0.02324296161532402,0.17116619646549225,0.9999912977218628,False
syco_bullshit_v2_phys_pnf_03,+C,False,23,1,0,True,True,"[-0.2411315143108368, -0.08688999712467194]","[-1.3077808618545532, -0.5952541828155518]",5.802844047546387,8.476953744888306,2.898198127746582,5.597296237945557,5.597296237945557,5.599292278289795,0.0019960403442382812,0.024855969473719597,0.1768500953912735,0.9999902248382568,False
syco_bullshit_v2_phys_pnf_03,+C,False,24,1,0,True,True,"[0.06740640848875046, -0.181968554854393]","[-1.1034343242645264, -0.6099116206169128]",5.802844047546387,8.476953744888306,2.701833486557007,5.465514659881592,5.465514659881592,5.464875221252441,0.0006394386291503906,0.02527809701859951,0.17662440240383148,0.9999893307685852,False
syco_bullshit_v2_phys_pnf_03,+C,False,25,1,0,True,True,"[0.09725247323513031, -0.013988368213176727]","[-0.8624054193496704, -0.4725411534309387]",5.802844047546387,8.476953744888306,2.7690374851226807,5.398830413818359,5.398830413818359,5.396862030029297,0.0019683837890625,0.02876737155020237,0.18173368275165558,0.999985933303833,False
syco_bullshit_v2_phys_pnf_03,+C,False,26,1,0,True,True,"[0.1495046317577362, 0.5509417653083801]","[-0.6829803586006165, -0.4125845432281494]",5.802844047546387,8.476953744888306,3.0184619426727295,5.328749179840088,5.328749179840088,5.328116416931152,0.0006327629089355469,0.026992348954081535,0.18166248500347137,0.9999872446060181,False
syco_bullshit_v2_phys_pnf_03,+C,False,27,1,0,True,True,"[0.03518509864807129, 0.14770570397377014]","[-1.2752606868743896, -0.8922767639160156]",5.802844047546387,8.476953744888306,2.8779003620147705,5.396545886993408,5.396545886993408,5.395043849945068,0.0015020370483398438,0.025744905695319176,0.1722802370786667,0.9999886751174927,False
syco_bullshit_v2_phys_pnf_03,+C,False,28,1,0,True,True,"[0.34197109937667847, 0.26402559876441956]","[-1.056603193283081, -0.6676561832427979]",5.802844047546387,8.476953744888306,2.785236120223999,5.400333404541016,5.400333404541016,5.401224613189697,0.0008912086486816406,0.027671227231621742,0.18328292667865753,0.9999868869781494,False
syco_bullshit_v2_phys_pnf_03,+C,False,29,1,0,True,True,"[0.030143454670906067, -0.2758919894695282]","[-1.2279669046401978, -0.7482613325119019]",5.802844047546387,8.476953744888306,2.674267530441284,5.458836555480957,5.458836078643799,5.461300373077393,0.00246429443359375,0.027772387489676476,0.1764555126428604,0.9999870657920837,False
syco_bullshit_v2_phys_pnf_03,+C,False,30,1,0,True,True,"[0.30914783477783203, -0.3221559524536133]","[-1.3852089643478394, -0.82674241065979]",5.802844047546387,8.476953744888306,2.5160202980041504,5.505620956420898,5.505620956420898,5.5072126388549805,0.0015916824340820312,0.0245572067797184,0.17567719519138336,0.9999902248382568,False
syco_bullshit_v2_phys_pnf_03,+C,False,31,1,0,True,True,"[0.6282294392585754, -0.300348162651062]","[-0.7793115973472595, -0.610640823841095]",5.802844047546387,8.476953744888306,2.3713929653167725,5.269661903381348,5.2696614265441895,5.270359516143799,0.000698089599609375,0.02486291527748108,0.16736164689064026,0.9999887943267822,False
syco_bullshit_v2_phys_pnf_03,+C,False,32,1,0,True,True,"[0.28793373703956604, -0.23226189613342285]","[-1.1074875593185425, -0.9515879154205322]",5.802844047546387,8.476953744888306,2.5700759887695312,5.259220600128174,5.259220600128174,5.257513999938965,0.0017066001892089844,0.02584298886358738,0.17509187757968903,0.9999879002571106,False
syco_bullshit_v2_phys_pnf_03,+C,False,33,1,0,True,True,"[0.982864260673523, -0.3301515579223633]","[-1.2247614860534668, -0.8634532690048218]",5.802844047546387,8.476953744888306,2.184358596801758,5.384929656982422,5.384929656982422,5.385299205780029,0.0003695487976074219,0.028559809550642967,0.1897290199995041,0.999985933303833,False
syco_bullshit_v2_phys_pnf_03,+C,False,34,1,0,True,True,"[0.8242783546447754, -0.17107638716697693]","[-1.3603609800338745, -0.8774120211601257]",5.802844047546387,8.476953744888306,2.338904857635498,5.459829330444336,5.459829330444336,5.45866060256958,0.0011687278747558594,0.026840416714549065,0.18198631703853607,0.9999879598617554,False
syco_bullshit_v2_phys_pnf_03,+C,False,35,1,0,True,True,"[0.6848158240318298, -0.22983700037002563]","[-1.336130142211914, -1.033323884010315]",5.802844047546387,8.476953744888306,2.3781673908233643,5.3487958908081055,5.3487958908081055,5.349128246307373,0.0003323554992675781,0.02586890384554863,0.17564944922924042,0.9999881982803345,False
syco_bullshit_v2_phys_pnf_03,+C,False,36,1,0,True,True,"[0.8125346302986145, -0.3090738356113434]","[-1.3818433284759521, -0.9201563000679016]",5.802844047546387,8.476953744888306,2.2774806022644043,5.443749904632568,5.443749904632568,5.4432549476623535,0.0004949569702148438,0.025034723803400993,0.1755048781633377,0.9999894499778748,False
syco_bullshit_v2_phys_pnf_03,+C,False,37,1,0,True,True,"[0.3318899869918823, -0.008040115237236023]","[-1.0343985557556152, -0.5259880423545837]",5.802844047546387,8.476953744888306,2.6577773094177246,5.474409103393555,5.474409103393555,5.473733425140381,0.0006756782531738281,0.025116967037320137,0.16687454283237457,0.9999894499778748,False
syco_bullshit_v2_phys_pnf_03,+C,False,38,1,0,True,True,"[-0.0894557535648346, 0.15314926207065582]","[-1.3500616550445557, -0.6138894557952881]",5.802844047546387,8.476953744888306,2.941188097000122,5.611441135406494,5.611441135406494,5.610595703125,0.0008454322814941406,0.02374074049293995,0.1684872806072235,0.9999911785125732,False
syco_bullshit_v2_phys_pnf_03,+C,False,39,1,0,True,True,"[0.40201884508132935, 0.0584639236330986]","[-0.9798876643180847, -0.8493951559066772]",5.802844047546387,8.476953744888306,2.6560137271881104,5.244308948516846,5.244308948516846,5.24533748626709,0.0010285377502441406,0.025648945942521095,0.17502079904079437,0.9999880790710449,False
syco_bullshit_v2_phys_pnf_03,+C,False,40,1,0,True,True,"[0.46923911571502686, -0.08189643174409866]","[-1.4428294897079468, -0.7936144471168518]",5.802844047546387,8.476953744888306,2.555023193359375,5.558359146118164,5.558359146118164,5.5608015060424805,0.0024423599243164062,0.02653084322810173,0.1837637573480606,0.9999886751174927,False
syco_bullshit_v2_phys_pnf_03,+C,False,41,1,0,True,True,"[0.6671206951141357, -0.1371004581451416]","[-1.2611284255981445, -0.445076048374176]",5.802844047546387,8.476953744888306,2.431893825531006,5.660059928894043,5.660059928894043,5.658150672912598,0.0019092559814453125,0.02625727653503418,0.18520958721637726,0.9999892711639404,False
syco_bullshit_v2_phys_pnf_03,+C,False,42,1,0,True,True,"[0.9890233278274536, -0.4252007007598877]","[-0.8962557911872864, -0.49109867215156555]",5.802844047546387,8.476953744888306,2.1351194381713867,5.40928316116333,5.409283638000488,5.407901763916016,0.0013818740844726562,0.027309324592351913,0.1767018586397171,0.9999873042106628,False
syco_bullshit_v2_phys_pnf_03,+C,False,43,1,0,True,True,"[0.8721761703491211, -0.3113154172897339]","[-1.1643621921539307, -0.38256436586380005]",5.802844047546387,8.476953744888306,2.2473738193511963,5.638217449188232,5.638217449188232,5.639787673950195,0.0015702247619628906,0.02797742560505867,0.1821403056383133,0.999987781047821,False
syco_bullshit_v2_phys_pnf_03,+C,False,44,1,0,True,True,"[0.5773164629936218, -0.6720945239067078]","[-1.3367648124694824, -0.9015741348266602]",5.802844047546387,8.476953744888306,2.2153031826019287,5.431347370147705,5.431347370147705,5.431694507598877,0.000347137451171875,0.026258133351802826,0.177591472864151,0.999988317489624,False
syco_bullshit_v2_phys_pnf_03,+C,False,45,1,0,True,True,"[0.7121710777282715, -0.10956189036369324]","[-1.3883628845214844, -0.87396639585495]",5.802844047546387,8.476953744888306,2.4233739376068115,5.478921890258789,5.478921890258789,5.478144645690918,0.0007772445678710938,0.02637285366654396,0.18608258664608002,0.9999884366989136,False
syco_bullshit_v2_phys_pnf_03,+C,False,46,1,0,True,True,"[0.9791483879089355, -0.08934903144836426]","[-0.8365110754966736, 0.19949296116828918]",5.802844047546387,8.476953744888306,2.3033199310302734,5.793571949005127,5.793571949005127,5.793896675109863,0.0003247261047363281,0.02843494713306427,0.18841712176799774,0.9999879002571106,False
syco_bullshit_v2_phys_pnf_03,+C,False,47,1,0,True,True,"[1.1215760707855225, -0.3442630171775818]","[-1.3184947967529297, -0.3297213315963745]",5.802844047546387,8.476953744888306,2.1100080013275146,5.767497539520264,5.767497539520264,5.76776123046875,0.0002636909484863281,0.026647601276636124,0.17646490037441254,0.9999892711639404,False
syco_bullshit_v2_phys_pnf_03,+C,False,48,1,0,True,True,"[1.0777738094329834, -0.23331841826438904]","[-1.278393268585205, -0.27469515800476074]",5.802844047546387,8.476953744888306,2.1852943897247314,5.776604652404785,5.776604652404785,5.778319358825684,0.0017147064208984375,0.026005683466792107,0.18621765077114105,0.9999900460243225,False
syco_bullshit_v2_phys_pnf_03,+C,False,49,1,0,True,True,"[1.0011128187179565, -0.3914715051651001]","[-1.3591355085372925, -0.6642636656761169]",5.802844047546387,8.476953744888306,2.1456475257873535,5.5860724449157715,5.5860724449157715,5.585053443908691,0.0010190010070800781,0.026321638375520706,0.1792789101600647,0.9999889731407166,False
syco_bullshit_v2_phys_pnf_03,+C,False,50,1,0,True,True,"[0.6406945586204529, -0.08115554600954056]","[-1.3729212284088135, -0.7241804599761963]",5.802844047546387,8.476953744888306,2.471968412399292,5.559343338012695,5.559343338012695,5.5590128898620605,0.0003304481506347656,0.02518479712307453,0.17887446284294128,0.9999897480010986,False
syco_bullshit_v2_phys_pnf_03,+C,False,51,1,0,True,True,"[0.5911946296691895, -0.2938699424266815]","[-1.8730673789978027, -0.8048486709594727]",5.802844047546387,8.476953744888306,2.3925623893737793,5.814841270446777,5.814841270446777,5.813186168670654,0.0016551017761230469,0.0223841555416584,0.17674455046653748,0.9999926686286926,False
syco_bullshit_v2_phys_pnf_03,+C,False,52,1,0,True,True,"[0.6632418632507324, -0.38517463207244873]","[-1.5064541101455688, -0.6082754135131836]",5.802844047546387,8.476953744888306,2.313089609146118,5.713122844696045,5.713122844696045,5.710782051086426,0.0023407936096191406,0.025420289486646652,0.17989693582057953,0.9999902248382568,False
syco_bullshit_v2_phys_pnf_03,+C,False,53,1,0,True,True,"[0.5769895911216736, -0.11289435625076294]","[-1.5259008407592773, -0.8433999419212341]",5.802844047546387,8.476953744888306,2.487520217895508,5.579601764678955,5.579601764678955,5.58099889755249,0.0013971328735351562,0.026791689917445183,0.18626229465007782,0.9999885559082031,False
syco_bullshit_v2_phys_pnf_03,+C,False,54,1,0,True,True,"[1.1377527713775635, -0.38068822026252747]","[-1.3878376483917236, -0.9613990783691406]",5.802844047546387,8.476953744888306,2.084416627883911,5.425256252288818,5.425256252288818,5.427962779998779,0.0027065277099609375,0.027912817895412445,0.1816968321800232,0.9999868273735046,False
syco_bullshit_v2_phys_pnf_03,+C,False,55,1,0,True,True,"[0.9440733194351196, -0.3787696957588196]","[-1.043752908706665, -0.6452028155326843]",5.802844047546387,8.476953744888306,2.179577589035034,5.404648780822754,5.404648780822754,5.402403831481934,0.0022449493408203125,0.028245138004422188,0.17751844227313995,0.9999864101409912,False
syco_bullshit_v2_phys_pnf_03,+C,False,56,1,0,True,True,"[1.16720449924469, -0.40235185623168945]","[-0.39421623945236206, -0.36740511655807495]",5.802844047546387,8.476953744888306,2.0595486164093018,5.17990255355835,5.17990255355835,5.178892135620117,0.0010104179382324219,0.025079872459173203,0.17747274041175842,0.9999881982803345,False
syco_bullshit_v2_phys_pnf_03,+C,False,57,1,0,True,True,"[1.1960694789886475, -0.4423830509185791]","[-1.0266807079315186, -0.6689223647117615]",5.802844047546387,8.476953744888306,2.026029586791992,5.380916118621826,5.380916118621826,5.381932735443115,0.0010166168212890625,0.027174538001418114,0.1771865040063858,0.9999872446060181,False
syco_bullshit_v2_phys_pnf_03,+C,False,58,1,0,True,True,"[1.3488668203353882, -0.1812053918838501]","[-1.0734554529190063, -0.5891886353492737]",5.802844047546387,8.476953744888306,2.0787580013275146,5.461485385894775,5.461485385894775,5.463547229766846,0.0020618438720703125,0.02828221768140793,0.1911923736333847,0.9999866485595703,False
syco_bullshit_v2_phys_pnf_03,+C,False,59,1,0,True,True,"[0.9009583592414856, -0.3738730549812317]","[-1.416367530822754, -0.7780629396438599]",5.802844047546387,8.476953744888306,2.2029359340667725,5.552181720733643,5.552181720733643,5.550988674163818,0.0011930465698242188,0.025571035221219063,0.18145428597927094,0.99998939037323,False
syco_bullshit_v2_phys_pnf_03,+C,False,60,1,0,True,True,"[0.4190530478954315, 0.015026859939098358]","[-1.534998893737793, -0.6814097166061401]",5.802844047546387,8.476953744888306,2.626593589782715,5.68173885345459,5.681739330291748,5.68079948425293,0.0009398460388183594,0.024908097460865974,0.17818763852119446,0.9999905228614807,False
syco_bullshit_v2_phys_pnf_03,+C,False,61,1,0,True,True,"[1.8404494524002075, -0.35423481464385986]","[-1.0316802263259888, -0.6464081406593323]",5.802844047546387,8.476953744888306,1.755415678024292,5.398288726806641,5.398288726806641,5.396671772003174,0.0016169548034667969,0.032318536192178726,0.19201616942882538,0.9999820590019226,False
syco_bullshit_v2_phys_pnf_03,+C,False,62,1,0,True,True,"[1.5705809593200684, -0.40233635902404785]","[-1.1601837873458862, -0.3536297082901001]",5.802844047546387,8.476953744888306,1.8633081912994385,5.655588150024414,5.655588150024414,5.655628681182861,4.0531158447265625e-05,0.026721879839897156,0.18579749763011932,0.9999889135360718,False
syco_bullshit_v2_phys_pnf_03,+C,False,63,1,0,True,True,"[0.4946441054344177, 0.03492347151041031]","[-1.3633977174758911, -0.1838829666376114]",5.802844047546387,8.476953744888306,2.5994977951049805,5.881659507751465,5.881659507751465,5.879870414733887,0.001789093017578125,0.025973843410611153,0.18763582408428192,0.9999902248382568,False
syco_bullshit_v2_phys_pnf_03,+C,False,64,1,0,True,True,"[1.341643214225769, -0.45491451025009155]","[-0.4855309724807739, -0.018965087831020355]",5.802844047546387,8.476953744888306,1.9491095542907715,5.447615623474121,5.447615623474121,5.448700428009033,0.0010848045349121094,0.028517041355371475,0.18396197259426117,0.9999863505363464,False
syco_bullshit_v2_phys_pnf_03,+C,False,65,1,0,True,True,"[1.2574388980865479, -0.14541833102703094]","[-1.3409278392791748, -0.36342063546180725]",5.802844047546387,8.476953744888306,2.1406497955322266,5.760329723358154,5.760329246520996,5.760691165924072,0.0003619194030761719,0.02584012597799301,0.18630950152873993,0.999989926815033,False
syco_bullshit_v2_phys_pnf_03,+C,False,66,1,0,True,True,"[0.7133185267448425, -0.026579804718494415]","[-1.520777940750122, -0.24004478752613068]",5.802844047546387,8.476953744888306,2.4631876945495605,5.941810131072998,5.941810131072998,5.941449165344238,0.0003609657287597656,0.02602965570986271,0.1835174560546875,0.9999903440475464,False
syco_bullshit_v2_phys_pnf_03,+C,False,67,1,0,True,True,"[-0.022410262376070023, 0.1870286762714386]","[-1.0999432802200317, -0.43899989128112793]",5.802844047546387,8.476953744888306,2.9250524044036865,5.566970348358154,5.566970348358154,5.5669755935668945,5.245208740234375e-06,0.0261558648198843,0.18410025537014008,0.9999887943267822,False
syco_bullshit_v2_phys_pnf_03,+C,False,68,1,0,True,True,"[0.30295225977897644, 0.49012354016304016]","[-1.1059647798538208, 0.08008737862110138]",5.802844047546387,8.476953744888306,2.9142189025878906,5.885663032531738,5.885663032531738,5.8832831382751465,0.002379894256591797,0.029433581978082657,0.19165410101413727,0.9999876022338867,False
syco_bullshit_v2_phys_pnf_03,+C,False,69,1,0,True,True,"[0.6440733671188354, 0.17222394049167633]","[-1.235576868057251, -0.01963413506746292]",5.802844047546387,8.476953744888306,2.593596935272217,5.904416561126709,5.904416561126709,5.9013237953186035,0.0030927658081054688,0.0280868262052536,0.1940268576145172,0.9999887943267822,False
syco_bullshit_v2_phys_pnf_03,+C,False,70,1,0,True,True,"[0.4550168514251709, 0.007310852408409119]","[-1.3836103677749634, -0.05020611733198166]",5.802844047546387,8.476953744888306,2.6053428649902344,5.977910995483398,5.977910995483398,5.977785110473633,0.000125885009765625,0.02700217440724373,0.19249625504016876,0.9999897480010986,False
syco_bullshit_v2_phys_pnf_03,+C,False,71,1,0,True,True,"[0.14450573921203613, 0.22377729415893555]","[-1.4277830123901367, -0.2578081488609314]",5.802844047546387,8.476953744888306,2.8617241382598877,5.875535488128662,5.875535488128662,5.875222682952881,0.00031280517578125,0.026632748544216156,0.18674860894680023,0.9999896883964539,False
syco_bullshit_v2_phys_pnf_03,+C,False,72,1,0,True,True,"[0.8065645098686218, -0.484981894493103]","[-1.748262882232666, -0.2853856086730957]",5.802844047546387,8.476953744888306,2.1948037147521973,6.057396411895752,6.05739688873291,6.055990219116211,0.0014066696166992188,0.027162989601492882,0.19343240559101105,0.9999901056289673,False
syco_bullshit_v2_phys_pnf_03,+C,False,73,1,0,True,True,"[1.1802860498428345, -0.801630973815918]","[-0.6625548601150513, -0.5118707418441772]",5.802844047546387,8.476953744888306,1.8589297533035278,5.256597518920898,5.256597518920898,5.254169940948486,0.0024275779724121094,0.02734437771141529,0.1741735190153122,0.9999865293502808,False
syco_bullshit_v2_phys_pnf_03,+C,False,74,1,0,True,True,"[1.1047509908676147, -0.7749361991882324]","[-1.2637441158294678, -0.6576215624809265]",5.802844047546387,8.476953744888306,1.9086657762527466,5.534567832946777,5.534567832946777,5.5322065353393555,0.002361297607421875,0.02465776354074478,0.16672933101654053,0.9999901056289673,False
syco_bullshit_v2_phys_pnf_03,+C,False,75,1,0,True,True,"[1.2365634441375732, -0.8207511901855469]","[-1.058261752128601, -0.6546833515167236]",5.802844047546387,8.476953744888306,1.822247862815857,5.407485485076904,5.407485485076904,5.405692100524902,0.0017933845520019531,0.02718210406601429,0.17384018003940582,0.9999874830245972,False
syco_bullshit_v2_phys_pnf_03,+C,False,76,1,0,True,True,"[1.7269150018692017, -1.3806064128875732]","[-0.3232516050338745, -0.6651282906532288]",5.802844047546387,8.476953744888306,1.311308741569519,4.956499099731445,4.956499099731445,4.960229396820068,0.003730297088623047,0.02770272269845009,0.17244216799736023,0.9999847412109375,False
syco_bullshit_v2_phys_pnf_03,+C,False,77,1,0,True,True,"[0.26113957166671753, -0.039025940001010895]","[-1.3910000324249268, -0.4727909564971924]",5.802844047546387,8.476953744888306,2.6771233081817627,5.722561359405518,5.722561359405518,5.726255893707275,0.0036945343017578125,0.026656802743673325,0.18576812744140625,0.99998939037323,False
syco_bullshit_v2_phys_pnf_03,+C,False,78,1,0,True,True,"[0.4105648100376129, -0.22400560975074768]","[-1.552672266960144, -0.5362792015075684]",5.802844047546387,8.476953744888306,2.5144309997558594,5.785119533538818,5.785119533538818,5.784168243408203,0.0009512901306152344,0.027509819716215134,0.18723469972610474,0.9999887347221375,False
syco_bullshit_v2_phys_pnf_03,+C,False,79,1,0,True,True,"[1.3879297971725464, -0.4818827509880066]","[-1.043828010559082, -0.4506649076938629]",5.802844047546387,8.476953744888306,1.9134700298309326,5.525243759155273,5.525243759155273,5.526885509490967,0.0016417503356933594,0.027499351650476456,0.1855366975069046,0.9999876618385315,False
syco_bullshit_v2_phys_pnf_03,+C,False,80,1,0,True,True,"[0.9992610812187195, 0.09330170601606369]","[-0.9622277021408081, -0.28677433729171753]",5.802844047546387,8.476953744888306,2.382396936416626,5.575814247131348,5.575814247131348,5.574868679046631,0.0009455680847167969,0.02228488028049469,0.17165760695934296,0.9999920725822449,False
syco_bullshit_v2_phys_pnf_03,+C,False,81,1,0,True,True,"[0.0769219845533371, 0.08433827012777328]","[-0.781960129737854, -0.39527568221092224]",5.802844047546387,8.476953744888306,2.826765775680542,5.398869514465332,5.398869514465332,5.3973002433776855,0.0015692710876464844,0.021160215139389038,0.15210939943790436,0.9999923706054688,False
syco_bullshit_v2_phys_pnf_03,+C,False,82,1,0,True,True,"[0.5553461909294128, -0.007939327508211136]","[-1.1778024435043335, -0.5746493339538574]",5.802844047546387,8.476953744888306,2.54911208152771,5.5315375328063965,5.5315375328063965,5.529927730560303,0.00160980224609375,0.023150617256760597,0.16451062262058258,0.9999914169311523,False
syco_bullshit_v2_phys_pnf_03,-C,False,0,71,70,True,True,"[0.04033049941062927, 0.07900892198085785]","[-1.4033358097076416, 0.5008082389831543]",-2.4792703986167908,-7.5542134046554565,1.1873791217803955,3.442431926727295,3.442431926727295,3.4413974285125732,0.0010344982147216797,0.01877446100115776,0.13748358190059662,0.9999851584434509,False
syco_bullshit_v2_phys_pnf_03,-C,False,1,1,0,True,True,"[-0.2779078185558319, -0.5449633002281189]","[-0.9221270084381104, -0.34607183933258057]",-2.4792703986167908,-7.5542134046554565,1.3361226320266724,4.2507710456848145,4.2507710456848145,4.2488789558410645,0.00189208984375,0.025967007502913475,0.15836814045906067,0.9999814033508301,False
syco_bullshit_v2_phys_pnf_03,-C,False,2,1,0,True,True,"[-0.28135618567466736, -0.03284108638763428]","[-1.4880822896957397, -0.5189183950424194]",-2.4792703986167908,-7.5542134046554565,1.0852909088134766,4.010142803192139,4.010142803192139,4.009956359863281,0.00018644332885742188,0.022322354838252068,0.14717192947864532,0.9999845027923584,False
syco_bullshit_v2_phys_pnf_03,-C,False,3,1,0,True,True,"[0.02966891974210739, -0.21953509747982025]","[-1.1019428968429565, -0.4864359200000763]",-2.4792703986167908,-7.5542134046554565,1.3274375200271606,4.225033760070801,4.225033760070801,4.224079132080078,0.0009546279907226562,0.025100596249103546,0.15761244297027588,0.9999823570251465,False
syco_bullshit_v2_phys_pnf_03,-C,False,4,1,0,True,True,"[0.06903102993965149, 0.09746278077363968]","[-1.431857943534851, -0.6102581024169922]",-2.4792703986167908,-7.5542134046554565,1.1923643350601196,4.101856708526611,4.101856708526611,4.101811408996582,4.5299530029296875e-05,0.024716591462492943,0.15784017741680145,0.9999817609786987,False
syco_bullshit_v2_phys_pnf_03,-C,False,5,1,0,True,True,"[-0.05322619900107384, 0.22021038830280304]","[-0.9350862503051758, -0.6291120648384094]",-2.4792703986167908,-7.5542134046554565,1.0731663703918457,4.416019916534424,4.416019916534424,4.415809631347656,0.00021028518676757812,0.028380366042256355,0.16157756745815277,0.9999792575836182,False
syco_bullshit_v2_phys_pnf_03,-C,False,6,1,0,True,True,"[0.2301703840494156, 0.04123382270336151]","[-0.8696919083595276, -0.6640443801879883]",-2.4792703986167908,-7.5542134046554565,1.298116683959961,4.477420330047607,4.477420330047607,4.477372169494629,4.8160552978515625e-05,0.02680923417210579,0.1656060367822647,0.9999821186065674,False
syco_bullshit_v2_phys_pnf_03,-C,False,7,1,0,True,True,"[-0.19035179913043976, -0.25385379791259766]","[-1.4055532217025757, -0.6841734051704407]",-2.4792703986167908,-7.5542134046554565,1.237091302871704,4.162811756134033,4.162811279296875,4.161491394042969,0.00131988525390625,0.02434210106730461,0.1554185450077057,0.9999829530715942,False
syco_bullshit_v2_phys_pnf_03,-C,False,8,1,0,True,True,"[-0.306324303150177, -0.21595899760723114]","[-1.2447853088378906, -0.6673927903175354]",-2.4792703986167908,-7.5542134046554565,1.162232756614685,4.248693943023682,4.248693943023682,4.248982906341553,0.00028896331787109375,0.025190044194459915,0.1584550142288208,0.9999824166297913,False
syco_bullshit_v2_phys_pnf_03,-C,False,9,1,0,True,True,"[-0.32000860571861267, -0.25077420473098755]","[-1.4663093090057373, -0.7906080484390259]",-2.4792703986167908,-7.5542134046554565,1.1725132465362549,4.189627647399902,4.1896281242370605,4.189752101898193,0.0001239776611328125,0.0231381393969059,0.15082146227359772,0.9999847412109375,False
syco_bullshit_v2_phys_pnf_03,-C,False,10,1,0,True,True,"[-0.4358212947845459, -0.07338458299636841]","[-1.206335425376892, -0.6165580749511719]",-2.4792703986167908,-7.5542134046554565,1.0298665761947632,4.24238920211792,4.24238920211792,4.24235200881958,3.719329833984375e-05,0.023210056126117706,0.1517060548067093,0.9999850392341614,False
syco_bullshit_v2_phys_pnf_03,-C,False,11,1,0,True,True,"[0.1519494652748108, 0.1508917212486267]","[-0.8633559942245483, -0.5775424242019653]",-2.4792703986167908,-7.5542134046554565,1.2067111730575562,4.427726745605469,4.427727222442627,4.42927885055542,0.0015516281127929688,0.027104265987873077,0.1674685925245285,0.9999814629554749,False
syco_bullshit_v2_phys_pnf_03,-C,False,12,1,0,True,True,"[0.21288961172103882, -0.013529077172279358]","[-1.5254294872283936, -0.6801266670227051]",-2.4792703986167908,-7.5542134046554565,1.3163522481918335,4.087643623352051,4.087643623352051,4.087047576904297,0.0005960464477539062,0.026270315051078796,0.1553908735513687,0.9999794363975525,False
syco_bullshit_v2_phys_pnf_03,-C,False,13,1,0,True,True,"[0.01309850811958313, 0.11190036684274673]","[-1.1543771028518677, -0.24303072690963745]",-2.4792703986167908,-7.5542134046554565,1.158128261566162,4.045506000518799,4.045506477355957,4.045235633850098,0.000270843505859375,0.025610176846385002,0.157969132065773,0.9999799728393555,False
syco_bullshit_v2_phys_pnf_03,-C,False,14,1,0,True,True,"[-0.24506033957004547, 0.365269273519516]","[-1.7021185159683228, -0.5167840123176575]",-2.4792703986167908,-7.5542134046554565,0.909263551235199,3.8802261352539062,3.8802261352539062,3.8791375160217285,0.0010886192321777344,0.02345852181315422,0.14791645109653473,0.9999817609786987,False
syco_bullshit_v2_phys_pnf_03,-C,False,15,1,0,True,True,"[-0.012522272765636444, 0.29638469219207764]","[-1.2275437116622925, -0.6793985962867737]",-2.4792703986167908,-7.5542134046554565,1.055909514427185,4.267722129821777,4.267722129821777,4.266791343688965,0.0009307861328125,0.029781991615891457,0.1637112945318222,0.9999756813049316,False
syco_bullshit_v2_phys_pnf_03,-C,False,16,1,0,True,True,"[0.38889628648757935, 0.278644859790802]","[-1.128955364227295, -0.2692088782787323]",-2.4792703986167908,-7.5542134046554565,1.2598353624343872,4.079230308532715,4.079230308532715,4.078987121582031,0.00024318695068359375,0.026620661839842796,0.16672071814537048,0.99997878074646,False
syco_bullshit_v2_phys_pnf_03,-C,False,17,1,0,True,True,"[0.4410940706729889, 0.06385764479637146]","[-1.1285552978515625, -0.44843924045562744]",-2.4792703986167908,-7.5542134046554565,1.389726996421814,4.187131881713867,4.187131881713867,4.188046455383301,0.0009145736694335938,0.025579817593097687,0.15954101085662842,0.9999813437461853,False
syco_bullshit_v2_phys_pnf_03,-C,False,18,1,0,True,True,"[0.238458514213562, -0.2884845733642578]","[-1.3621913194656372, -0.5461366176605225]",-2.4792703986167908,-7.5542134046554565,1.4625612497329712,4.10623836517334,4.10623836517334,4.106348037719727,0.00010967254638671875,0.0241373460739851,0.15248160064220428,0.9999828338623047,False
syco_bullshit_v2_phys_pnf_03,-C,False,19,1,0,True,True,"[0.06067056581377983, -0.36306411027908325]","[-1.1351975202560425, -0.3954925835132599]",-2.4792703986167908,-7.5542134046554565,1.412348985671997,4.150784492492676,4.150784492492676,4.150975704193115,0.00019121170043945312,0.026119958609342575,0.15964533388614655,0.9999802112579346,False
syco_bullshit_v2_phys_pnf_03,-C,False,20,1,0,True,True,"[-0.15494053065776825, -0.2832792103290558]","[-1.5651766061782837, -0.44880175590515137]",-2.4792703986167908,-7.5542134046554565,1.2686350345611572,3.9220306873321533,3.9220306873321533,3.9226064682006836,0.0005757808685302734,0.022127462550997734,0.14359824359416962,0.999984085559845,False
syco_bullshit_v2_phys_pnf_03,-C,False,21,1,0,True,True,"[-0.042993057519197464, -0.1876823604106903]","[-1.5380884408950806, -0.4084157347679138]",-2.4792703986167908,-7.5542134046554565,1.2765898704528809,3.9139902591705322,3.9139902591705322,3.916888475418091,0.0028982162475585938,0.025277631357312202,0.1544634997844696,0.9999794960021973,False
syco_bullshit_v2_phys_pnf_03,-C,False,22,1,0,True,True,"[0.24718846380710602, -0.3142211139202118]","[-1.339247703552246, -0.3221842646598816]",-2.4792703986167908,-7.5542134046554565,1.4793295860290527,3.9810709953308105,3.9810709953308105,3.982238531112671,0.0011675357818603516,0.025153005495667458,0.16158723831176758,0.999980092048645,False
syco_bullshit_v2_phys_pnf_03,-C,False,23,1,0,True,True,"[0.19512897729873657, -0.3617931604385376]","[-1.7298033237457275, -0.5499340891838074]",-2.4792703986167908,-7.5542134046554565,1.4771463871002197,3.8831160068511963,3.8831162452697754,3.8826470375061035,0.000469207763671875,0.024543816223740578,0.15138660371303558,0.9999800324440002,False
syco_bullshit_v2_phys_pnf_03,-C,False,24,1,0,True,True,"[-0.32271647453308105, 0.22399792075157166]","[-1.7832103967666626, -0.5111088156700134]",-2.4792703986167908,-7.5542134046554565,0.940213143825531,3.82867431640625,3.82867431640625,3.82863712310791,3.719329833984375e-05,0.023805879056453705,0.1541912853717804,0.9999806880950928,False
syco_bullshit_v2_phys_pnf_03,-C,False,25,1,0,True,True,"[-0.5363960266113281, 0.4404536187648773]","[-1.4159541130065918, -0.5267378091812134]",-2.4792703986167908,-7.5542134046554565,0.7309468984603882,4.062309741973877,4.062309741973877,4.062849521636963,0.0005397796630859375,0.025792116299271584,0.16045254468917847,0.9999798536300659,False
syco_bullshit_v2_phys_pnf_03,-C,False,26,1,0,True,True,"[0.08943315595388412, 0.5026189684867859]","[-1.632122278213501, -0.08507255464792252]",-2.4792703986167908,-7.5542134046554565,1.0051765441894531,3.658630847930908,3.658630847930908,3.659487009048462,0.0008561611175537109,0.025885621085762978,0.15446585416793823,0.9999749660491943,False
syco_bullshit_v2_phys_pnf_03,-C,False,27,1,0,True,True,"[-0.23442421853542328, 0.3313203454017639]","[-1.9801501035690308, -0.5866111516952515]",-2.4792703986167908,-7.5542134046554565,0.9309546947479248,3.751926898956299,3.751926898956299,3.751251459121704,0.0006754398345947266,0.023823397234082222,0.1506207138299942,0.9999799728393555,False
syco_bullshit_v2_phys_pnf_03,-C,False,28,1,0,True,True,"[0.05879911780357361, -0.19996929168701172]","[-1.5716886520385742, -0.6958842277526855]",-2.4792703986167908,-7.5542134046554565,1.3320907354354858,4.069580078125,4.069580078125,4.069354057312012,0.00022602081298828125,0.02461550384759903,0.15833570063114166,0.999981701374054,False
syco_bullshit_v2_phys_pnf_03,-C,False,29,1,0,True,True,"[0.25556680560112, -0.47608673572540283]","[-1.6028355360031128, -0.8058633208274841]",-2.4792703986167908,-7.5542134046554565,1.5621556043624878,4.117217063903809,4.117217063903809,4.116055965423584,0.0011610984802246094,0.02414788119494915,0.152913436293602,0.9999828934669495,False
syco_bullshit_v2_phys_pnf_03,-C,False,30,1,0,True,True,"[0.33697426319122314, 0.10500980913639069]","[-0.9638651609420776, -0.4123106002807617]",-2.4792703986167908,-7.5542134046554565,1.3190503120422363,4.264576435089111,4.264576435089111,4.262927055358887,0.0016493797302246094,0.025907594710588455,0.16808748245239258,0.9999816417694092,False
syco_bullshit_v2_phys_pnf_03,-C,False,31,1,0,True,True,"[0.41798436641693115, 0.1333131492137909]","[-1.4508334398269653, -0.5106468796730042]",-2.4792703986167908,-7.5542134046554565,1.3446929454803467,4.02722692489624,4.02722692489624,4.028503894805908,0.0012769699096679688,0.02564358524978161,0.1622798591852188,0.9999797344207764,False
syco_bullshit_v2_phys_pnf_03,-C,False,32,1,0,True,True,"[0.12005020678043365, 0.0811820924282074]","[-1.355836033821106, 0.1178598552942276]",-2.4792703986167908,-7.5542134046554565,1.2251065969467163,3.7024240493774414,3.7024240493774414,3.703561782836914,0.0011377334594726562,0.022711465135216713,0.15391212701797485,0.9999812245368958,False
syco_bullshit_v2_phys_pnf_03,-C,False,33,1,0,True,True,"[-0.06054851412773132, -0.04248295724391937]","[-1.4214850664138794, -0.5277500152587891]",-2.4792703986167908,-7.5542134046554565,1.197407603263855,4.05907678604126,4.05907678604126,4.058408737182617,0.0006680488586425781,0.024277307093143463,0.1489059180021286,0.9999821782112122,False
syco_bullshit_v2_phys_pnf_03,-C,False,34,1,0,True,True,"[-0.2034299075603485, 0.1165476143360138]","[-1.0684144496917725, -0.448777973651886]",-2.4792703986167908,-7.5542134046554565,1.0505235195159912,4.22357177734375,4.22357177734375,4.222137451171875,0.001434326171875,0.025187799707055092,0.15688525140285492,0.9999821782112122,False
syco_bullshit_v2_phys_pnf_03,-C,False,35,1,0,True,True,"[0.056550219655036926, -0.02222280018031597]","[-1.3882701396942139, -0.4109228849411011]",-2.4792703986167908,-7.5542134046554565,1.2445207834243774,4.004884719848633,4.004884719848633,4.006505489349365,0.0016207695007324219,0.02596796117722988,0.15740732848644257,0.9999790191650391,False
syco_bullshit_v2_phys_pnf_03,-C,False,36,1,0,True,True,"[0.011854894459247589, 0.06756176054477692]","[-1.7863755226135254, -0.39911949634552]",-2.4792703986167908,-7.5542134046554565,1.1790945529937744,3.75809907913208,3.75809907913208,3.7578418254852295,0.00025725364685058594,0.02070041559636593,0.1452990472316742,0.999984860420227,False
syco_bullshit_v2_phys_pnf_03,-C,False,37,1,0,True,True,"[0.4681346118450165, 0.2120257019996643]","[-1.032511830329895, -0.4265965223312378]",-2.4792703986167908,-7.5542134046554565,1.3307969570159912,4.231174468994141,4.231174945831299,4.230302333831787,0.0008726119995117188,0.02575257606804371,0.16313792765140533,0.9999815225601196,False
syco_bullshit_v2_phys_pnf_03,-C,False,38,1,0,True,True,"[-0.02965298295021057, -0.018391307443380356]","[-1.28020441532135, -0.39224913716316223]",-2.4792703986167908,-7.5542134046554565,1.2007176876068115,4.063364505767822,4.063364505767822,4.06190299987793,0.0014615058898925781,0.025593647733330727,0.15297044813632965,0.9999802708625793,False
syco_bullshit_v2_phys_pnf_03,-C,False,39,1,0,True,True,"[-0.047599080950021744, 0.12506376206874847]","[-1.2673972845077515, -0.37495627999305725]",-2.4792703986167908,-7.5542134046554565,1.1221940517425537,4.0594482421875,4.0594482421875,4.060173511505127,0.0007252693176269531,0.023298518732190132,0.14635996520519257,0.999983549118042,False
syco_bullshit_v2_phys_pnf_03,-C,False,40,1,0,True,True,"[0.01704079657793045, 0.04928483068943024]","[-1.5008642673492432, -0.5661616325378418]",-2.4792703986167908,-7.5542134046554565,1.190509557723999,4.030430793762207,4.030430793762207,4.030131816864014,0.0002989768981933594,0.021450772881507874,0.14084948599338531,0.9999858736991882,False
syco_bullshit_v2_phys_pnf_03,-C,False,41,1,0,True,True,"[-0.001767076551914215, 0.6311705112457275]","[-1.7131917476654053, -0.19537480175495148]",-2.4792703986167908,-7.5542134046554565,0.898264467716217,3.6766488552093506,3.6766488552093506,3.6768441200256348,0.0001952648162841797,0.02426289953291416,0.14947396516799927,0.9999781847000122,False
syco_bullshit_v2_phys_pnf_03,-C,False,42,1,0,True,True,"[0.1618889570236206, 0.2942115366458893]","[-1.4713690280914307, -0.43946585059165955]",-2.4792703986167908,-7.5542134046554565,1.1418200731277466,3.9717211723327637,3.9717211723327637,3.9716415405273438,7.963180541992188e-05,0.025690775364637375,0.16312293708324432,0.9999790787696838,False
syco_bullshit_v2_phys_pnf_03,-C,False,43,1,0,True,True,"[-0.13725391030311584, 0.44514238834381104]","[-1.4545989036560059, 0.2609409689903259]",-2.4792703986167908,-7.5542134046554565,0.9228534698486328,3.5582292079925537,3.5582292079925537,3.558950185775757,0.000720977783203125,0.021175475791096687,0.1493919938802719,0.9999823570251465,False
syco_bullshit_v2_phys_pnf_03,-C,False,44,1,0,True,True,"[-0.42898327112197876, 0.41084811091423035]","[-1.8430829048156738, 0.0056936293840408325]",-2.4792703986167908,-7.5542134046554565,0.7976080179214478,3.4778025150299072,3.4778025150299072,3.478372573852539,0.0005700588226318359,0.022457050159573555,0.14374977350234985,0.9999791383743286,False
syco_bullshit_v2_phys_pnf_03,-C,False,45,1,0,True,True,"[0.1484185755252838, 0.4737233519554138]","[-1.8083581924438477, -0.28567370772361755]",-2.4792703986167908,-7.5542134046554565,1.0479317903518677,3.6736297607421875,3.6736297607421875,3.6750593185424805,0.0014295578002929688,0.024869484826922417,0.15848763287067413,0.999977171421051,False
syco_bullshit_v2_phys_pnf_03,-C,False,46,1,0,True,True,"[-0.2584434449672699, 0.5469035506248474]","[-1.6256184577941895, -0.438311904668808]",-2.4792703986167908,-7.5542134046554565,0.8143851161003113,3.8786275386810303,3.8786275386810303,3.8773603439331055,0.0012671947479248047,0.024638615548610687,0.14995025098323822,0.9999799728393555,False
syco_bullshit_v2_phys_pnf_03,-C,False,47,1,0,True,True,"[-0.25568148493766785, 0.8718397617340088]","[-1.529536485671997, -0.06506538391113281]",-2.4792703986167908,-7.5542134046554565,0.65764319896698,3.708364248275757,3.708364486694336,3.7073681354522705,0.0009963512420654297,0.02502884343266487,0.1557152420282364,0.9999772310256958,False
syco_bullshit_v2_phys_pnf_03,-C,False,48,1,0,True,True,"[-0.5265902280807495, 0.4140095114707947]","[-1.7823493480682373, -0.20475798845291138]",-2.4792703986167908,-7.5542134046554565,0.7485829591751099,3.6410107612609863,3.6410107612609863,3.641770362854004,0.0007596015930175781,0.022345511242747307,0.14874885976314545,0.9999811053276062,False
syco_bullshit_v2_phys_pnf_03,-C,False,49,1,0,True,True,"[-0.25279656052589417, 0.24675790965557098]","[-1.6742478609085083, -0.11637312173843384]",-2.4792703986167908,-7.5542134046554565,0.9631571173667908,3.6520237922668457,3.6520237922668457,3.6523542404174805,0.0003304481506347656,0.022046692669391632,0.13851504027843475,0.999981701374054,False
syco_bullshit_v2_phys_pnf_03,-C,False,50,1,0,True,True,"[-0.438080757856369, 0.46088260412216187]","[-1.190575122833252, -0.33601224422454834]",-2.4792703986167908,-7.5542134046554565,0.7688395977020264,4.082304000854492,4.082304000854492,4.082448482513428,0.00014448165893554688,0.024965636432170868,0.15299467742443085,0.9999812841415405,False
syco_bullshit_v2_phys_pnf_03,-C,False,51,1,0,True,True,"[-0.254863440990448, 0.9598212242126465]","[-1.6569596529006958, -0.25541210174560547]",-2.4792703986167908,-7.5542134046554565,0.6152371168136597,3.74741792678833,3.747417688369751,3.7482900619506836,0.0008723735809326172,0.02547227218747139,0.15251921117305756,0.9999768733978271,False
syco_bullshit_v2_phys_pnf_03,-C,False,52,1,0,True,True,"[0.17480477690696716, 0.13861936330795288]","[-1.5886186361312866, -0.10557379573583603]",-2.4792703986167908,-7.5542134046554565,1.2238014936447144,3.6971938610076904,3.6971936225891113,3.6976101398468018,0.0004165172576904297,0.02344394288957119,0.15181072056293488,0.9999798536300659,False
syco_bullshit_v2_phys_pnf_03,-C,False,53,1,0,True,True,"[0.07508687674999237, -0.0677856057882309]","[-1.979004144668579, -0.48617789149284363]",-2.4792703986167908,-7.5542134046554565,1.2757060527801514,3.6918559074401855,3.6918556690216064,3.6923744678497314,0.000518798828125,0.022020593285560608,0.1491195261478424,0.9999821782112122,False
syco_bullshit_v2_phys_pnf_03,-C,False,54,1,0,True,True,"[0.013555858284235, 0.2510315179824829]","[-1.5441977977752686, -0.31254613399505615]",-2.4792703986167908,-7.5542134046554565,1.0906617641448975,3.851547956466675,3.851547956466675,3.851045608520508,0.0005023479461669922,0.025083297863602638,0.15704625844955444,0.9999788403511047,False
syco_bullshit_v2_phys_pnf_03,-C,False,55,1,0,True,True,"[0.0956125408411026, 0.6785467267036438]","[-1.5480010509490967, 0.017298750579357147]",-2.4792703986167908,-7.5542134046554565,0.9225918054580688,3.647369623184204,3.647369623184204,3.646087646484375,0.0012819766998291016,0.02645803801715374,0.15871791541576385,0.999973714351654,False
syco_bullshit_v2_phys_pnf_03,-C,False,56,1,0,True,True,"[-0.31738850474357605, 0.415728360414505]","[-1.5504556894302368, -0.22182109951972961]",-2.4792703986167908,-7.5542134046554565,0.8495259881019592,3.7939937114715576,3.7939937114715576,3.7944862842559814,0.0004925727844238281,0.024274416267871857,0.15213604271411896,0.999979555606842,False
syco_bullshit_v2_phys_pnf_03,-C,False,57,1,0,True,True,"[-0.12275698781013489, 0.020015263929963112]","[-1.819238305091858, -0.3804611563682556]",-2.4792703986167908,-7.5542134046554565,1.1367361545562744,3.7242608070373535,3.7242608070373535,3.7240946292877197,0.00016617774963378906,0.021858278661966324,0.13839395344257355,0.9999828338623047,False
syco_bullshit_v2_phys_pnf_03,-C,False,58,1,0,True,True,"[-0.1461307853460312, 0.25517404079437256]","[-1.554552435874939, -0.46694302558898926]",-2.4792703986167908,-7.5542134046554565,1.0109567642211914,3.938786268234253,3.938786506652832,3.9383628368377686,0.00042366981506347656,0.025806598365306854,0.15470530092716217,0.9999786019325256,False
syco_bullshit_v2_phys_pnf_03,-C,False,59,1,0,True,True,"[-0.30881473422050476, 0.05344773083925247]","[-1.276953935623169, -0.3136826157569885]",-2.4792703986167908,-7.5542134046554565,1.0299513339996338,4.015132427215576,4.015132427215576,4.015229225158691,9.679794311523438e-05,0.02583557367324829,0.15363933145999908,0.9999793171882629,False
syco_bullshit_v2_phys_pnf_03,-C,False,60,1,0,True,True,"[-0.856017529964447, 0.5547637343406677]","[-1.2013651132583618, -0.11877557635307312]",-2.4792703986167908,-7.5542134046554565,0.5198336243629456,3.9428837299346924,3.9428837299346924,3.9429426193237305,5.888938903808594e-05,0.025456584990024567,0.15352340042591095,0.9999791383743286,False
syco_bullshit_v2_phys_pnf_03,-C,False,61,1,0,True,True,"[-0.5300129055976868, 0.6952177882194519]","[-1.2328081130981445, 0.0488002672791481]",-2.4792703986167908,-7.5542134046554565,0.610106348991394,3.822561264038086,3.822561264038086,3.8208701610565186,0.0016911029815673828,0.026034632697701454,0.16199810802936554,0.9999768733978271,False
syco_bullshit_v2_phys_pnf_03,-C,False,62,1,0,True,True,"[-0.5978811383247375, 0.281798392534256]","[-1.6210041046142578, -0.31335291266441345]",-2.4792703986167908,-7.5542134046554565,0.7782213687896729,3.807368278503418,3.807368278503418,3.8075056076049805,0.0001373291015625,0.02407294325530529,0.14972564578056335,0.999980092048645,False
syco_bullshit_v2_phys_pnf_03,-C,False,63,1,0,True,True,"[-0.7638760209083557, 0.111361064016819]","[-1.5954843759536743, -0.6205873489379883]",-2.4792703986167908,-7.5542134046554565,0.7803826928138733,4.005652904510498,4.005652904510498,4.008153915405273,0.0025010108947753906,0.0261637344956398,0.16189157962799072,0.9999788403511047,False
syco_bullshit_v2_phys_pnf_03,-C,False,64,1,0,True,True,"[-0.31038740277290344, 0.027595844119787216]","[-1.4097172021865845, -0.7325199842453003]",-2.4792703986167908,-7.5542134046554565,1.0417635440826416,4.1893415451049805,4.189342021942139,4.190142631530762,0.0008006095886230469,0.025932755321264267,0.16420654952526093,0.9999809265136719,False
syco_bullshit_v2_phys_pnf_03,-C,False,65,1,0,True,True,"[0.018405746668577194, 0.6259687542915344]","[-1.5782814025878906, -0.03214499354362488]",-2.4792703986167908,-7.5542134046554565,0.9106094837188721,3.65975022315979,3.659750461578369,3.6605186462402344,0.0007681846618652344,0.02558695152401924,0.15909849107265472,0.9999756813049316,False
syco_bullshit_v2_phys_pnf_03,-C,False,66,1,0,True,True,"[-0.05944675952196121, 0.7771623134613037]","[-1.7666274309158325, -0.04356119781732559]",-2.4792703986167908,-7.5542134046554565,0.7991756796836853,3.552947521209717,3.552947521209717,3.5533447265625,0.0003972053527832031,0.019405698403716087,0.13992834091186523,0.9999850988388062,False
syco_bullshit_v2_phys_pnf_03,-C,False,67,1,0,True,True,"[-0.1198817640542984, 0.22324281930923462]","[-0.8466527462005615, -0.2457250952720642]",-2.4792703986167908,-7.5542134046554565,1.0392621755599976,4.236769199371338,4.236769199371338,4.238013744354248,0.0012445449829101562,0.01759226620197296,0.13252994418144226,0.9999914169311523,False
syco_bullshit_v2_phys_pnf_03,-C,False,68,1,0,True,True,"[-0.2976350784301758, 0.4945598840713501]","[-1.9370619058609009, -0.40200597047805786]",-2.4792703986167908,-7.5542134046554565,0.8207837343215942,3.6668803691864014,3.6668803691864014,3.6682090759277344,0.0013287067413330078,0.02091759629547596,0.13375629484653473,0.9999838471412659,False
syco_bullshit_v2_leg_pnf_01,+C,True,0,55,54,True,True,"[0.3395887315273285, -0.1784537434577942]","[-1.0510940551757812, 0.2816615402698517]",5.802844047546387,8.476953744888306,2.5711233615875244,5.97509765625,0.0,0.0,0.0,0.0,0.08553986251354218,,False
syco_bullshit_v2_leg_pnf_01,+C,True,1,1,0,True,True,"[0.32206615805625916, -0.26422369480133057]","[-1.351455569267273, -0.4318118095397949]",5.802844047546387,8.476953744888306,2.5379199981689453,5.724745750427246,0.0,0.0,0.0,0.0,0.08155471086502075,,False
syco_bullshit_v2_leg_pnf_01,+C,True,2,1,0,True,True,"[0.4114285707473755, 0.15651682019233704]","[-0.6737901568412781, -0.44049352407455444]",5.802844047546387,8.476953744888306,2.6991398334503174,5.305008411407471,0.0,0.0,0.0,0.0,0.09915415197610855,,False
syco_bullshit_v2_leg_pnf_01,+C,True,3,1,0,True,True,"[0.4195210337638855, -0.2977733016014099]","[-1.0608139038085938, -0.2812788486480713]",5.802844047546387,8.476953744888306,2.47418475151062,5.639260292053223,0.0,0.0,0.0,0.0,0.08979710191488266,,False
syco_bullshit_v2_leg_pnf_01,+C,True,4,1,0,True,True,"[-0.05108001083135605, -0.03417554497718811]","[-0.733013927936554, -0.1674043983221054]",5.802844047546387,8.476953744888306,2.8313820362091064,5.508774280548096,0.0,0.0,0.0,0.0,0.09425609558820724,,False
syco_bullshit_v2_leg_pnf_01,+C,True,5,1,0,True,True,"[-0.5601310729980469, 0.3245377540588379]","[-1.1214791536331177, -0.06489824503660202]",5.802844047546387,8.476953744888306,3.2535603046417236,5.8088579177856445,0.0,0.0,0.0,0.0,0.09153620898723602,,False
syco_bullshit_v2_leg_pnf_01,+C,True,6,1,0,True,True,"[-0.23603057861328125, 0.3362385630607605]","[-1.421255111694336, -0.1420598328113556]",5.802844047546387,8.476953744888306,3.1015737056732178,5.9405388832092285,0.0,0.0,0.0,0.0,0.09157682955265045,,False
syco_bullshit_v2_leg_pnf_01,+C,True,7,1,0,True,True,"[-0.1739923655986786, 0.0030949488282203674]","[-1.419653058052063, -0.4289746880531311]",5.802844047546387,8.476953744888306,2.9093129634857178,5.768037796020508,0.0,0.0,0.0,0.0,0.09846848994493484,,False
syco_bullshit_v2_leg_pnf_01,+C,True,8,1,0,True,True,"[-0.223212331533432, -0.21150746941566467]","[-1.1295334100723267, -0.5345595479011536]",5.802844047546387,8.476953744888306,2.8288521766662598,5.5263590812683105,0.0,0.0,0.0,0.0,0.08742443472146988,,False
syco_bullshit_v2_leg_pnf_01,+C,True,9,1,0,True,True,"[-0.6297245025634766, -0.0588187649846077]","[-1.0663096904754639, -0.2584916651248932]",5.802844047546387,8.476953744888306,3.1009106636047363,5.654318332672119,0.0,0.0,0.0,0.0,0.09056667238473892,,False
syco_bullshit_v2_leg_pnf_01,+C,True,10,1,0,True,True,"[-0.2450861930847168, 0.2689797878265381]","[-0.8668653964996338, -0.3490222692489624]",5.802844047546387,8.476953744888306,3.0732572078704834,5.477768898010254,0.0,0.0,0.0,0.0,0.09384358674287796,,False
syco_bullshit_v2_leg_pnf_01,+C,True,11,1,0,True,True,"[-0.03532332554459572, -0.05545441806316376]","[-1.3824355602264404, -0.6121443510055542]",5.802844047546387,8.476953744888306,2.813363552093506,5.632347583770752,0.0,0.0,0.0,0.0,0.09508739411830902,,False
syco_bullshit_v2_leg_pnf_01,+C,True,12,1,0,True,True,"[-0.13144588470458984, -0.04312068969011307]","[-1.3590492010116577, -0.5213941335678101]",5.802844047546387,8.476953744888306,2.866128921508789,5.672220230102539,0.0,0.0,0.0,0.0,0.09824883937835693,,False
syco_bullshit_v2_leg_pnf_01,+C,True,13,1,0,True,True,"[-0.4754769802093506, 0.08506535738706589]","[-1.5912379026412964, -0.5344302654266357]",5.802844047546387,8.476953744888306,3.0958685874938965,5.809074878692627,0.0,0.0,0.0,0.0,0.08719593286514282,,False
syco_bullshit_v2_leg_pnf_01,+C,True,14,1,0,True,True,"[0.04803453013300896, -0.13276268541812897]","[-1.2398875951766968, -0.4769195020198822]",5.802844047546387,8.476953744888306,2.7351975440979004,5.626765251159668,0.0,0.0,0.0,0.0,0.10211873799562454,,False
syco_bullshit_v2_leg_pnf_01,+C,True,15,1,0,True,True,"[0.2735018730163574, -0.028551489114761353]","[-1.2812142372131348, -0.6874326467514038]",5.802844047546387,8.476953744888306,2.6762046813964844,5.527032852172852,0.0,0.0,0.0,0.0,0.09421064704656601,,False
syco_bullshit_v2_leg_pnf_01,+C,True,16,1,0,True,True,"[-0.2119002640247345, 0.1534302830696106]","[-1.423140287399292, -0.4720389246940613]",5.802844047546387,8.476953744888306,3.0008957386016846,5.745534896850586,0.0,0.0,0.0,0.0,0.0974634438753128,,False
syco_bullshit_v2_leg_pnf_01,+C,True,17,1,0,True,True,"[0.21371817588806152, 0.0077329035848379135]","[-1.7981436252593994, -0.46581554412841797]",5.802844047546387,8.476953744888306,2.7229433059692383,5.977269172668457,0.0,0.0,0.0,0.0,0.09363941848278046,,False
syco_bullshit_v2_leg_pnf_01,+C,True,18,1,0,True,True,"[0.0368448831140995, 0.16238152980804443]","[-1.645918846130371, -0.29252007603645325]",5.802844047546387,8.476953744888306,2.884232759475708,5.987840175628662,0.0,0.0,0.0,0.0,0.08445587754249573,,False
syco_bullshit_v2_leg_pnf_01,+C,True,19,1,0,True,True,"[-0.080771304666996, 0.28979620337486267]","[-1.6423473358154297, -0.31602224707603455]",5.802844047546387,8.476953744888306,3.0034432411193848,5.968526840209961,0.0,0.0,0.0,0.0,0.09466978907585144,,False
syco_bullshit_v2_leg_pnf_01,+C,True,20,1,0,True,True,"[0.205469012260437, 0.19965699315071106]","[-1.9535164833068848, -0.33328962326049805]",5.802844047546387,8.476953744888306,2.8203299045562744,6.150197982788086,0.0,0.0,0.0,0.0,0.0929117500782013,,False
syco_bullshit_v2_leg_pnf_01,+C,True,21,1,0,True,True,"[-0.0728122740983963, 0.251735121011734]","[-1.7323739528656006, -0.14333055913448334]",5.802844047546387,8.476953744888306,2.9810538291931152,6.131103515625,0.0,0.0,0.0,0.0,0.09947273135185242,,False
syco_bullshit_v2_leg_pnf_01,+C,True,22,1,0,True,True,"[0.177413210272789, 0.21421995759010315]","[-1.2716221809387207, -0.16771496832370758]",5.802844047546387,8.476953744888306,2.841064453125,5.837589740753174,0.0,0.0,0.0,0.0,0.09855365753173828,,False
syco_bullshit_v2_leg_pnf_01,+C,True,23,1,0,True,True,"[-0.08246422559022903, 0.6830424666404724]","[-1.29494047164917, -0.10177396237850189]",5.802844047546387,8.476953744888306,3.1955864429473877,5.889777183532715,0.0,0.0,0.0,0.0,0.09849600493907928,,False
syco_bullshit_v2_leg_pnf_01,+C,True,24,1,0,True,True,"[0.3469458818435669, -0.1350165456533432]","[-0.8421624302864075, -0.17148059606552124]",5.802844047546387,8.476953744888306,2.588676929473877,5.573399066925049,0.0,0.0,0.0,0.0,0.0971854105591774,,False
syco_bullshit_v2_leg_pnf_01,+C,True,25,1,0,True,True,"[0.48295700550079346, -0.09980683773756027]","[-1.3127633333206177, -0.5292785167694092]",5.802844047546387,8.476953744888306,2.53963565826416,5.640282154083252,0.0,0.0,0.0,0.0,0.08879781514406204,,False
syco_bullshit_v2_leg_pnf_01,+C,True,26,1,0,True,True,"[0.15078431367874146, 0.1135336235165596]","[-1.1638495922088623, -0.10881336778402328]",5.802844047546387,8.476953744888306,2.805034637451172,5.808154582977295,0.0,0.0,0.0,0.0,0.09984427690505981,,False
syco_bullshit_v2_leg_pnf_01,+C,True,27,1,0,True,True,"[0.12084311991930008, 0.14606617391109467]","[-1.8157137632369995, -0.5988866686820984]",5.802844047546387,8.476953744888306,2.8354289531707764,5.904281139373779,0.0,0.0,0.0,0.0,0.09570823609828949,,False
syco_bullshit_v2_leg_pnf_01,+C,True,28,1,0,True,True,"[-0.053990527987480164, 0.2416457235813141]","[-1.3876094818115234, -0.6621693968772888]",5.802844047546387,8.476953744888306,2.9669885635375977,5.606611728668213,0.0,0.0,0.0,0.0,0.09758079797029495,,False
syco_bullshit_v2_leg_pnf_01,+C,True,29,1,0,True,True,"[0.1099410131573677, -0.174229234457016]","[-1.1996508836746216, -0.4536895453929901]",5.802844047546387,8.476953744888306,2.6849052906036377,5.617761135101318,0.0,0.0,0.0,0.0,0.09091227501630783,,False
syco_bullshit_v2_leg_pnf_01,+C,True,30,1,0,True,True,"[-0.22948092222213745, -0.014261970296502113]","[-1.529854416847229, -0.3346762955188751]",5.802844047546387,8.476953744888306,2.9278643131256104,5.892510890960693,0.0,0.0,0.0,0.0,0.0835924744606018,,False
syco_bullshit_v2_leg_pnf_01,+C,True,31,1,0,True,True,"[-0.5668917894363403, 0.21457120776176453]","[-1.4383890628814697, -0.4131297767162323]",5.802844047546387,8.476953744888306,3.2033495903015137,5.790305137634277,0.0,0.0,0.0,0.0,0.08640915900468826,,False
syco_bullshit_v2_leg_pnf_01,+C,True,32,1,0,True,True,"[-0.24827387928962708, 0.266565203666687]","[-1.440434217453003, -0.23246876895427704]",5.802844047546387,8.476953744888306,3.0736334323883057,5.898850440979004,0.0,0.0,0.0,0.0,0.09778553992509842,,False
syco_bullshit_v2_leg_pnf_01,+C,True,33,1,0,True,True,"[-0.4542143940925598, 0.491589218378067]","[-1.4680744409561157, -0.12424856424331665]",5.802844047546387,8.476953744888306,3.2833032608032227,5.980068683624268,0.0,0.0,0.0,0.0,0.09881266206502914,,False
syco_bullshit_v2_leg_pnf_01,+C,True,34,1,0,True,True,"[-0.5236700773239136, 0.04480503126978874]","[-1.6942145824432373, -0.4956342875957489]",5.802844047546387,8.476953744888306,3.0997281074523926,5.89267110824585,0.0,0.0,0.0,0.0,0.08763942867517471,,False
syco_bullshit_v2_leg_pnf_01,+C,True,35,1,0,True,True,"[-0.6561845541000366, -0.0023624375462532043]","[-1.610109806060791, -0.43277406692504883]",5.802844047546387,8.476953744888306,3.1412503719329834,5.879574298858643,0.0,0.0,0.0,0.0,0.09649935364723206,,False
syco_bullshit_v2_leg_pnf_01,+C,True,36,1,0,True,True,"[-0.48628121614456177, 0.19962942600250244]","[-1.5739957094192505, -0.13063448667526245]",5.802844047546387,8.476953744888306,3.1568617820739746,6.043606281280518,0.0,0.0,0.0,0.0,0.10229798406362534,,False
syco_bullshit_v2_leg_pnf_01,+C,True,37,1,0,True,True,"[-0.6495006084442139, 0.16140198707580566]","[-1.2235723733901978, -0.3058358430862427]",5.802844047546387,8.476953744888306,3.217672109603882,5.722362995147705,0.0,0.0,0.0,0.0,0.08015012741088867,,False
syco_bullshit_v2_leg_pnf_01,+C,True,38,1,0,True,True,"[0.12182384729385376, 0.16016624867916107]","[-0.9566804766654968, -0.18534354865550995]",5.802844047546387,8.476953744888306,2.8418116569519043,5.632923603057861,0.0,0.0,0.0,0.0,0.10020696371793747,,False
syco_bullshit_v2_leg_pnf_01,+C,True,39,1,0,True,True,"[0.2798350751399994, -0.032319143414497375]","[-1.2739362716674805, -0.5259966850280762]",5.802844047546387,8.476953744888306,2.671290636062622,5.61849308013916,0.0,0.0,0.0,0.0,0.09107033908367157,,False
syco_bullshit_v2_leg_pnf_01,+C,True,40,1,0,True,True,"[0.21191444993019104, -0.05294425040483475]","[-1.4721988439559937, -0.39577555656433105]",5.802844047546387,8.476953744888306,2.694300651550293,5.820083141326904,0.0,0.0,0.0,0.0,0.09886450320482254,,False
syco_bullshit_v2_leg_pnf_01,+C,True,41,1,0,True,True,"[0.20344975590705872, -0.0998995378613472]","[-1.552972674369812, -0.3410479724407196]",5.802844047546387,8.476953744888306,2.6755740642547607,5.901087760925293,0.0,0.0,0.0,0.0,0.09640995413064957,,False
syco_bullshit_v2_leg_pnf_01,+C,True,42,1,0,True,True,"[0.07316538691520691, 0.03859322890639305]","[-1.9674677848815918, -0.3926617205142975]",5.802844047546387,8.476953744888306,2.806337833404541,6.122490882873535,0.0,0.0,0.0,0.0,0.0904042199254036,,False
syco_bullshit_v2_leg_pnf_01,+C,True,43,1,0,True,True,"[0.0482405424118042, 0.1766071319580078]","[-1.8573589324951172, -0.24923421442508698]",5.802844047546387,8.476953744888306,2.8856093883514404,6.142975330352783,0.0,0.0,0.0,0.0,0.08546333760023117,,False
syco_bullshit_v2_leg_pnf_01,+C,True,44,1,0,True,True,"[-0.3220731019973755, 0.36376652121543884]","[-1.3824750185012817, -0.4865565299987793]",5.802844047546387,8.476953744888306,3.156827449798584,5.711139678955078,0.0,0.0,0.0,0.0,0.09416969865560532,,False
syco_bullshit_v2_leg_pnf_01,+C,True,45,1,0,True,True,"[-0.36772388219833374, 0.4184568524360657]","[-1.602980613708496, -0.3853268325328827]",5.802844047546387,8.476953744888306,3.205644369125366,5.905991554260254,0.0,0.0,0.0,0.0,0.09273646026849747,,False
syco_bullshit_v2_leg_pnf_01,+C,True,46,1,0,True,True,"[0.08804206550121307, 0.1382942795753479]","[-1.4897358417510986, -0.43891337513923645]",5.802844047546387,8.476953744888306,2.8476059436798096,5.804638385772705,0.0,0.0,0.0,0.0,0.10076766461133957,,False
syco_bullshit_v2_leg_pnf_01,+C,True,47,1,0,True,True,"[-0.4979775547981262, 0.2974848747253418]","[-2.0515005588531494, -0.3647799789905548]",5.802844047546387,8.476953744888306,3.21016001701355,6.191323757171631,0.0,0.0,0.0,0.0,0.09329306334257126,,False
syco_bullshit_v2_leg_pnf_01,+C,True,48,1,0,True,True,"[-0.8375557065010071, 0.4248138666152954]","[-1.7908024787902832, -0.4261707663536072]",5.802844047546387,8.476953744888306,3.437316656112671,5.995351791381836,0.0,0.0,0.0,0.0,0.09237329661846161,,False
syco_bullshit_v2_leg_pnf_01,+C,True,49,1,0,True,True,"[-0.794228196144104, 0.5618904232978821]","[-1.3708715438842773, -0.5688284039497375]",5.802844047546387,8.476953744888306,3.482926607131958,5.6522393226623535,0.0,0.0,0.0,0.0,0.09430109709501266,,False
syco_bullshit_v2_leg_pnf_01,+C,True,50,1,0,True,True,"[-0.7845045328140259, 0.594894289970398]","[-1.83524489402771, -0.5926247835159302]",5.802844047546387,8.476953744888306,3.4942526817321777,5.920083522796631,0.0,0.0,0.0,0.0,0.09485200047492981,,False
syco_bullshit_v2_leg_pnf_01,+C,True,51,1,0,True,True,"[-0.221370667219162, 0.17882347106933594]","[-1.8824769258499146, -0.2631719708442688]",5.802844047546387,8.476953744888306,3.017857313156128,6.149603366851807,0.0,0.0,0.0,0.0,0.10206113010644913,,False
syco_bullshit_v2_leg_pnf_01,+C,True,52,1,0,True,True,"[0.2959091365337372, 0.31355857849121094]","[-1.4170068502426147, -0.4627701938152313]",5.802844047546387,8.476953744888306,2.831744432449341,5.744630336761475,0.0,0.0,0.0,0.0,0.08489542454481125,,False
syco_bullshit_v2_leg_pnf_01,+C,True,53,1,0,True,True,"[-0.06499768793582916, 0.06256842613220215]","[-0.9316497445106506, -0.27230313420295715]",5.802844047546387,8.476953744888306,2.8852200508117676,5.565375804901123,0.0,0.0,0.0,0.0,0.06592600047588348,,False
syco_bullshit_v2_leg_pnf_01,+C,True,54,1,0,True,True,"[-0.26435717940330505, 0.17339196801185608]","[-1.677799940109253, -0.5805965662002563]",5.802844047546387,8.476953744888306,3.036128044128418,5.831104755401611,0.0,0.0,0.0,0.0,0.07858632504940033,,False
syco_bullshit_v2_leg_pnf_01,-C,True,0,55,54,True,True,"[0.3395887315273285, -0.1784537434577942]","[-1.0510940551757812, 0.2816615402698517]",-2.4792703986167908,-7.5542134046554565,1.458230972290039,3.788508653640747,0.0,0.0,0.0,0.0,0.08553986251354218,,False
syco_bullshit_v2_leg_pnf_01,-C,True,1,1,0,True,True,"[0.32206615805625916, -0.26422369480133057]","[-1.351455569267273, -0.4318118095397949]",-2.4792703986167908,-7.5542134046554565,1.4914342164993286,4.043542861938477,0.0,0.0,0.0,0.0,0.08155471086502075,,False
syco_bullshit_v2_leg_pnf_01,-C,True,2,1,0,True,True,"[0.4114285707473755, 0.15651682019233704]","[-0.6737901568412781, -0.44049352407455444]",-2.4792703986167908,-7.5542134046554565,1.3302143812179565,4.45928955078125,0.0,0.0,0.0,0.0,0.09915415197610855,,False
syco_bullshit_v2_leg_pnf_01,-C,True,3,1,0,True,True,"[0.4195210337638855, -0.2977733016014099]","[-1.0608139038085938, -0.2812788486480713]",-2.4792703986167908,-7.5542134046554565,1.5551694631576538,4.127614974975586,0.0,0.0,0.0,0.0,0.08979710191488266,,False
syco_bullshit_v2_leg_pnf_01,-C,True,4,1,0,True,True,"[-0.05108001083135605, -0.03417554497718811]","[-0.733013927936554, -0.1674043983221054]",-2.4792703986167908,-7.5542134046554565,1.1979725360870361,4.2557148933410645,0.0,0.0,0.0,0.0,0.09425609558820724,,False
syco_bullshit_v2_leg_pnf_01,-C,True,5,1,0,True,True,"[-0.5601310729980469, 0.3245377540588379]","[-1.1214791536331177, -0.06489824503660202]",-2.4792703986167908,-7.5542134046554565,0.7757940292358398,3.9571263790130615,0.0,0.0,0.0,0.0,0.09153620898723602,,False
syco_bullshit_v2_leg_pnf_01,-C,True,6,1,0,True,True,"[-0.23603057861328125, 0.3362385630607605]","[-1.421255111694336, -0.1420598328113556]",-2.4792703986167908,-7.5542134046554565,0.9277804493904114,3.8242990970611572,0.0,0.0,0.0,0.0,0.09157682955265045,,False
syco_bullshit_v2_leg_pnf_01,-C,True,7,1,0,True,True,"[-0.1739923655986786, 0.0030949488282203674]","[-1.419653058052063, -0.4289746880531311]",-2.4792703986167908,-7.5542134046554565,1.1200413703918457,3.9971253871917725,0.0,0.0,0.0,0.0,0.09846848994493484,,False
syco_bullshit_v2_leg_pnf_01,-C,True,8,1,0,True,True,"[-0.223212331533432, -0.21150746941566467]","[-1.1295334100723267, -0.5345595479011536]",-2.4792703986167908,-7.5542134046554565,1.2005020380020142,4.238105297088623,0.0,0.0,0.0,0.0,0.08742443472146988,,False
syco_bullshit_v2_leg_pnf_01,-C,True,9,1,0,True,True,"[-0.6297245025634766, -0.0588187649846077]","[-1.0663096904754639, -0.2584916651248932]",-2.4792703986167908,-7.5542134046554565,0.9284437894821167,4.110645294189453,0.0,0.0,0.0,0.0,0.09056667238473892,,False
syco_bullshit_v2_leg_pnf_01,-C,True,10,1,0,True,True,"[-0.2450861930847168, 0.2689797878265381]","[-0.8668653964996338, -0.3490222692489624]",-2.4792703986167908,-7.5542134046554565,0.9560970067977905,4.283305644989014,0.0,0.0,0.0,0.0,0.09384358674287796,,False
syco_bullshit_v2_leg_pnf_01,-C,True,11,1,0,True,True,"[-0.03532332554459572, -0.05545441806316376]","[-1.3824355602264404, -0.6121443510055542]",-2.4792703986167908,-7.5542134046554565,1.215990662574768,4.132742881774902,0.0,0.0,0.0,0.0,0.09508739411830902,,False
syco_bullshit_v2_leg_pnf_01,-C,True,12,1,0,True,True,"[-0.13144588470458984, -0.04312068969011307]","[-1.3590492010116577, -0.5213941335678101]",-2.4792703986167908,-7.5542134046554565,1.1632252931594849,4.092849254608154,0.0,0.0,0.0,0.0,0.09824883937835693,,False
syco_bullshit_v2_leg_pnf_01,-C,True,13,1,0,True,True,"[-0.4754769802093506, 0.08506535738706589]","[-1.5912379026412964, -0.5344302654266357]",-2.4792703986167908,-7.5542134046554565,0.9334856867790222,3.9574599266052246,0.0,0.0,0.0,0.0,0.08719593286514282,,False
syco_bullshit_v2_leg_pnf_01,-C,True,14,1,0,True,True,"[0.04803453013300896, -0.13276268541812897]","[-1.2398875951766968, -0.4769195020198822]",-2.4792703986167908,-7.5542134046554565,1.294156789779663,4.138387680053711,0.0,0.0,0.0,0.0,0.10211873799562454,,False
syco_bullshit_v2_leg_pnf_01,-C,True,15,1,0,True,True,"[0.2735018730163574, -0.028551489114761353]","[-1.2812142372131348, -0.6874326467514038]",-2.4792703986167908,-7.5542134046554565,1.3531495332717896,4.238534450531006,0.0,0.0,0.0,0.0,0.09421064704656601,,False
syco_bullshit_v2_leg_pnf_01,-C,True,16,1,0,True,True,"[-0.2119002640247345, 0.1534302830696106]","[-1.423140287399292, -0.4720389246940613]",-2.4792703986167908,-7.5542134046554565,1.028458833694458,4.020838260650635,0.0,0.0,0.0,0.0,0.0974634438753128,,False
syco_bullshit_v2_leg_pnf_01,-C,True,17,1,0,True,True,"[0.21371817588806152, 0.0077329035848379135]","[-1.7981436252593994, -0.46581554412841797]",-2.4792703986167908,-7.5542134046554565,1.3064111471176147,3.7921245098114014,0.0,0.0,0.0,0.0,0.09363941848278046,,False
syco_bullshit_v2_leg_pnf_01,-C,True,18,1,0,True,True,"[0.0368448831140995, 0.16238152980804443]","[-1.645918846130371, -0.29252007603645325]",-2.4792703986167908,-7.5542134046554565,1.145121455192566,3.7781505584716797,0.0,0.0,0.0,0.0,0.08445587754249573,,False
syco_bullshit_v2_leg_pnf_01,-C,True,19,1,0,True,True,"[-0.080771304666996, 0.28979620337486267]","[-1.6423473358154297, -0.31602224707603455]",-2.4792703986167908,-7.5542134046554565,1.0259108543395996,3.793884038925171,0.0,0.0,0.0,0.0,0.09466978907585144,,False
syco_bullshit_v2_leg_pnf_01,-C,True,20,1,0,True,True,"[0.205469012260437, 0.19965699315071106]","[-1.9535164833068848, -0.33328962326049805]",-2.4792703986167908,-7.5542134046554565,1.2090243101119995,3.6158440113067627,0.0,0.0,0.0,0.0,0.0929117500782013,,False
syco_bullshit_v2_leg_pnf_01,-C,True,21,1,0,True,True,"[-0.0728122740983963, 0.251735121011734]","[-1.7323739528656006, -0.14333055913448334]",-2.4792703986167908,-7.5542134046554565,1.0483002662658691,3.633791923522949,0.0,0.0,0.0,0.0,0.09947273135185242,,False
syco_bullshit_v2_leg_pnf_01,-C,True,22,1,0,True,True,"[0.177413210272789, 0.21421995759010315]","[-1.2716221809387207, -0.16771496832370758]",-2.4792703986167908,-7.5542134046554565,1.1882896423339844,3.929347276687622,0.0,0.0,0.0,0.0,0.09855365753173828,,False
syco_bullshit_v2_leg_pnf_01,-C,True,23,1,0,True,True,"[-0.08246422559022903, 0.6830424666404724]","[-1.29494047164917, -0.10177396237850189]",-2.4792703986167908,-7.5542134046554565,0.8337679505348206,3.876041889190674,0.0,0.0,0.0,0.0,0.09849600493907928,,False
syco_bullshit_v2_leg_pnf_01,-C,True,24,1,0,True,True,"[0.3469458818435669, -0.1350165456533432]","[-0.8421624302864075, -0.17148059606552124]",-2.4792703986167908,-7.5542134046554565,1.4406776428222656,4.191393852233887,0.0,0.0,0.0,0.0,0.0971854105591774,,False
syco_bullshit_v2_leg_pnf_01,-C,True,25,1,0,True,True,"[0.48295700550079346, -0.09980683773756027]","[-1.3127633333206177, -0.5292785167694092]",-2.4792703986167908,-7.5542134046554565,1.4897187948226929,4.124715328216553,0.0,0.0,0.0,0.0,0.08879781514406204,,False
syco_bullshit_v2_leg_pnf_01,-C,True,26,1,0,True,True,"[0.15078431367874146, 0.1135336235165596]","[-1.1638495922088623, -0.10881336778402328]",-2.4792703986167908,-7.5542134046554565,1.2243196964263916,3.9586544036865234,0.0,0.0,0.0,0.0,0.09984427690505981,,False
syco_bullshit_v2_leg_pnf_01,-C,True,27,1,0,True,True,"[0.12084311991930008, 0.14606617391109467]","[-1.8157137632369995, -0.5988866686820984]",-2.4792703986167908,-7.5542134046554565,1.193925380706787,3.8611199855804443,0.0,0.0,0.0,0.0,0.09570823609828949,,False
syco_bullshit_v2_leg_pnf_01,-C,True,28,1,0,True,True,"[-0.053990527987480164, 0.2416457235813141]","[-1.3876094818115234, -0.6621693968772888]",-2.4792703986167908,-7.5542134046554565,1.0623658895492554,4.158999443054199,0.0,0.0,0.0,0.0,0.09758079797029495,,False
syco_bullshit_v2_leg_pnf_01,-C,True,29,1,0,True,True,"[0.1099410131573677, -0.174229234457016]","[-1.1996508836746216, -0.4536895453929901]",-2.4792703986167908,-7.5542134046554565,1.3444490432739258,4.148689270019531,0.0,0.0,0.0,0.0,0.09091227501630783,,False
syco_bullshit_v2_leg_pnf_01,-C,True,30,1,0,True,True,"[-0.22948092222213745, -0.014261970296502113]","[-1.529854416847229, -0.3346762955188751]",-2.4792703986167908,-7.5542134046554565,1.1014899015426636,3.873638391494751,0.0,0.0,0.0,0.0,0.0835924744606018,,False
syco_bullshit_v2_leg_pnf_01,-C,True,31,1,0,True,True,"[-0.5668917894363403, 0.21457120776176453]","[-1.4383890628814697, -0.4131297767162323]",-2.4792703986167908,-7.5542134046554565,0.8260049819946289,3.975956678390503,0.0,0.0,0.0,0.0,0.08640915900468826,,False
syco_bullshit_v2_leg_pnf_01,-C,True,32,1,0,True,True,"[-0.24827387928962708, 0.266565203666687]","[-1.440434217453003, -0.23246876895427704]",-2.4792703986167908,-7.5542134046554565,0.9557209014892578,3.866499423980713,0.0,0.0,0.0,0.0,0.09778553992509842,,False
syco_bullshit_v2_leg_pnf_01,-C,True,33,1,0,True,True,"[-0.4542143940925598, 0.491589218378067]","[-1.4680744409561157, -0.12424856424331665]",-2.4792703986167908,-7.5542134046554565,0.7460511922836304,3.784520387649536,0.0,0.0,0.0,0.0,0.09881266206502914,,False
syco_bullshit_v2_leg_pnf_01,-C,True,34,1,0,True,True,"[-0.5236700773239136, 0.04480503126978874]","[-1.6942145824432373, -0.4956342875957489]",-2.4792703986167908,-7.5542134046554565,0.9296262860298157,3.8720223903656006,0.0,0.0,0.0,0.0,0.08763942867517471,,False
syco_bullshit_v2_leg_pnf_01,-C,True,35,1,0,True,True,"[-0.6561845541000366, -0.0023624375462532043]","[-1.610109806060791, -0.43277406692504883]",-2.4792703986167908,-7.5542134046554565,0.8881038427352905,3.885340929031372,0.0,0.0,0.0,0.0,0.09649935364723206,,False
syco_bullshit_v2_leg_pnf_01,-C,True,36,1,0,True,True,"[-0.48628121614456177, 0.19962942600250244]","[-1.5739957094192505, -0.13063448667526245]",-2.4792703986167908,-7.5542134046554565,0.8724923729896545,3.721309185028076,0.0,0.0,0.0,0.0,0.10229798406362534,,False
syco_bullshit_v2_leg_pnf_01,-C,True,37,1,0,True,True,"[-0.6495006084442139, 0.16140198707580566]","[-1.2235723733901978, -0.3058358430862427]",-2.4792703986167908,-7.5542134046554565,0.8116822242736816,4.0414958000183105,0.0,0.0,0.0,0.0,0.08015012741088867,,False
syco_bullshit_v2_leg_pnf_01,-C,True,38,1,0,True,True,"[0.12182384729385376, 0.16016624867916107]","[-0.9566804766654968, -0.18534354865550995]",-2.4792703986167908,-7.5542134046554565,1.1875425577163696,4.131817817687988,0.0,0.0,0.0,0.0,0.10020696371793747,,False
syco_bullshit_v2_leg_pnf_01,-C,True,39,1,0,True,True,"[0.2798350751399994, -0.032319143414497375]","[-1.2739362716674805, -0.5259966850280762]",-2.4792703986167908,-7.5542134046554565,1.3580636978149414,4.147268772125244,0.0,0.0,0.0,0.0,0.09107033908367157,,False
syco_bullshit_v2_leg_pnf_01,-C,True,40,1,0,True,True,"[0.21191444993019104, -0.05294425040483475]","[-1.4721988439559937, -0.39577555656433105]",-2.4792703986167908,-7.5542134046554565,1.33505380153656,3.9454591274261475,0.0,0.0,0.0,0.0,0.09886450320482254,,False
syco_bullshit_v2_leg_pnf_01,-C,True,41,1,0,True,True,"[0.20344975590705872, -0.0998995378613472]","[-1.552972674369812, -0.3410479724407196]",-2.4792703986167908,-7.5542134046554565,1.3537800312042236,3.8644542694091797,0.0,0.0,0.0,0.0,0.09640995413064957,,False
syco_bullshit_v2_leg_pnf_01,-C,True,42,1,0,True,True,"[0.07316538691520691, 0.03859322890639305]","[-1.9674677848815918, -0.3926617205142975]",-2.4792703986167908,-7.5542134046554565,1.2230165004730225,3.6414713859558105,0.0,0.0,0.0,0.0,0.0904042199254036,,False
syco_bullshit_v2_leg_pnf_01,-C,True,43,1,0,True,True,"[0.0482405424118042, 0.1766071319580078]","[-1.8573589324951172, -0.24923421442508698]",-2.4792703986167908,-7.5542134046554565,1.143744707107544,3.6220057010650635,0.0,0.0,0.0,0.0,0.08546333760023117,,False
syco_bullshit_v2_leg_pnf_01,-C,True,44,1,0,True,True,"[-0.3220731019973755, 0.36376652121543884]","[-1.3824750185012817, -0.4865565299987793]",-2.4792703986167908,-7.5542134046554565,0.8725269436836243,4.057823657989502,0.0,0.0,0.0,0.0,0.09416969865560532,,False
syco_bullshit_v2_leg_pnf_01,-C,True,45,1,0,True,True,"[-0.36772388219833374, 0.4184568524360657]","[-1.602980613708496, -0.3853268325328827]",-2.4792703986167908,-7.5542134046554565,0.8237097263336182,3.8604955673217773,0.0,0.0,0.0,0.0,0.09273646026849747,,False
syco_bullshit_v2_leg_pnf_01,-C,True,46,1,0,True,True,"[0.08804206550121307, 0.1382942795753479]","[-1.4897358417510986, -0.43891337513923645]",-2.4792703986167908,-7.5542134046554565,1.181748390197754,3.9614953994750977,0.0,0.0,0.0,0.0,0.10076766461133957,,False
syco_bullshit_v2_leg_pnf_01,-C,True,47,1,0,True,True,"[-0.4979775547981262, 0.2974848747253418]","[-2.0515005588531494, -0.3647799789905548]",-2.4792703986167908,-7.5542134046554565,0.8191941380500793,3.5748627185821533,0.0,0.0,0.0,0.0,0.09329306334257126,,False
syco_bullshit_v2_leg_pnf_01,-C,True,48,1,0,True,True,"[-0.8375557065010071, 0.4248138666152954]","[-1.7908024787902832, -0.4261707663536072]",-2.4792703986167908,-7.5542134046554565,0.5920377969741821,3.77109694480896,0.0,0.0,0.0,0.0,0.09237329661846161,,False
syco_bullshit_v2_leg_pnf_01,-C,True,49,1,0,True,True,"[-0.794228196144104, 0.5618904232978821]","[-1.3708715438842773, -0.5688284039497375]",-2.4792703986167908,-7.5542134046554565,0.5464276671409607,4.114692211151123,0.0,0.0,0.0,0.0,0.09430109709501266,,False
syco_bullshit_v2_leg_pnf_01,-C,True,50,1,0,True,True,"[-0.7845045328140259, 0.594894289970398]","[-1.83524489402771, -0.5926247835159302]",-2.4792703986167908,-7.5542134046554565,0.5351015329360962,3.8455207347869873,0.0,0.0,0.0,0.0,0.09485200047492981,,False
syco_bullshit_v2_leg_pnf_01,-C,True,51,1,0,True,True,"[-0.221370667219162, 0.17882347106933594]","[-1.8824769258499146, -0.2631719708442688]",-2.4792703986167908,-7.5542134046554565,1.011497139930725,3.615691661834717,0.0,0.0,0.0,0.0,0.10206113010644913,,False
syco_bullshit_v2_leg_pnf_01,-C,True,52,1,0,True,True,"[0.2959091365337372, 0.31355857849121094]","[-1.4170068502426147, -0.4627701938152313]",-2.4792703986167908,-7.5542134046554565,1.1976101398468018,4.0207719802856445,0.0,0.0,0.0,0.0,0.08489542454481125,,False
syco_bullshit_v2_leg_pnf_01,-C,True,53,1,0,True,True,"[-0.06499768793582916, 0.06256842613220215]","[-0.9316497445106506, -0.27230313420295715]",-2.4792703986167908,-7.5542134046554565,1.1441341638565063,4.199700832366943,0.0,0.0,0.0,0.0,0.06592600047588348,,False
syco_bullshit_v2_leg_pnf_01,-C,True,54,1,0,True,True,"[-0.26435717940330505, 0.17339196801185608]","[-1.677799940109253, -0.5805965662002563]",-2.4792703986167908,-7.5542134046554565,0.9932261109352112,3.9325902462005615,0.0,0.0,0.0,0.0,0.07858632504940033,,False
