scenario,side,identity,call,sequence_length,position,nonfinal_exact,next_block_exact,signed_alpha,desired_norm,actual_norm,norm_error,rounding_error_norm,rounding_bound,direction_cosine
syco_bullshit_v2_leg_pnf_01,+C,False,0,55,54,True,True,4.0,2.8864550590515137,2.8862879276275635,0.0001671314239501953,0.019841333851218224,0.13064073026180267,0.999976396560669
syco_bullshit_v2_leg_pnf_01,+C,False,1,1,0,True,True,4.0,2.8864550590515137,2.8870604038238525,0.0006053447723388672,0.018658887594938278,0.12665556371212006,0.9999791979789734
syco_bullshit_v2_leg_pnf_01,+C,False,2,1,0,True,True,4.0,2.8864550590515137,2.8856470584869385,0.0008080005645751953,0.023000793531537056,0.14425501227378845,0.999968409538269
syco_bullshit_v2_leg_pnf_01,+C,False,3,1,0,True,True,4.0,2.8864550590515137,2.8865766525268555,0.00012159347534179688,0.02082187496125698,0.13489796221256256,0.9999740123748779
syco_bullshit_v2_leg_pnf_01,+C,False,4,1,0,True,True,4.0,2.8864550590515137,2.8850207328796387,0.001434326171875,0.022859245538711548,0.13935695588588715,0.9999688267707825
syco_bullshit_v2_leg_pnf_01,+C,False,5,1,0,True,True,4.0,2.8864550590515137,2.8853671550750732,0.0010879039764404297,0.021543854847550392,0.13529373705387115,0.9999722838401794
syco_bullshit_v2_leg_pnf_01,+C,False,6,1,0,True,True,4.0,2.8864550590515137,2.885307550430298,0.0011475086212158203,0.02107818052172661,0.141560360789299,0.999973475933075
syco_bullshit_v2_leg_pnf_01,+C,False,7,1,0,True,True,4.0,2.8864550590515137,2.886705160140991,0.00025010108947753906,0.021736541762948036,0.14081667363643646,0.9999716281890869
syco_bullshit_v2_leg_pnf_01,+C,False,8,1,0,True,True,4.0,2.8864550590515137,2.886295795440674,0.00015926361083984375,0.024280941113829613,0.1484687179327011,0.999964714050293
syco_bullshit_v2_leg_pnf_01,+C,False,9,1,0,True,True,4.0,2.8864550590515137,2.8868861198425293,0.000431060791015625,0.02073720470070839,0.13635027408599854,0.999974250793457
syco_bullshit_v2_leg_pnf_01,+C,False,10,1,0,True,True,4.0,2.8864550590515137,2.88693904876709,0.0004839897155761719,0.02041618712246418,0.1353006511926651,0.9999749660491943
syco_bullshit_v2_leg_pnf_01,+C,False,11,1,0,True,True,4.0,2.8864550590515137,2.8858895301818848,0.0005655288696289062,0.02134513296186924,0.13048550486564636,0.9999727010726929
syco_bullshit_v2_leg_pnf_01,+C,False,12,1,0,True,True,4.0,2.8864550590515137,2.886115550994873,0.000339508056640625,0.02265814132988453,0.14160440862178802,0.9999691247940063
syco_bullshit_v2_leg_pnf_01,+C,False,13,1,0,True,True,4.0,2.8864550590515137,2.8865668773651123,0.00011181831359863281,0.024516958743333817,0.14583773910999298,0.9999639391899109
syco_bullshit_v2_leg_pnf_01,+C,False,14,1,0,True,True,4.0,2.8864550590515137,2.8857498168945312,0.0007052421569824219,0.019236953929066658,0.1288052350282669,0.9999778270721436
syco_bullshit_v2_leg_pnf_01,+C,False,15,1,0,True,True,4.0,2.8864550590515137,2.886279582977295,0.00017547607421875,0.021959982812404633,0.1468367725610733,0.9999710917472839
syco_bullshit_v2_leg_pnf_01,+C,False,16,1,0,True,True,4.0,2.8864550590515137,2.8864574432373047,2.384185791015625e-06,0.019783372059464455,0.12688429653644562,0.9999765157699585
syco_bullshit_v2_leg_pnf_01,+C,False,17,1,0,True,True,4.0,2.8864550590515137,2.8863260746002197,0.0001289844512939453,0.021576382219791412,0.1434008926153183,0.9999721646308899
syco_bullshit_v2_leg_pnf_01,+C,False,18,1,0,True,True,4.0,2.8864550590515137,2.886791706085205,0.00033664703369140625,0.022570785135030746,0.1394379734992981,0.999969482421875
syco_bullshit_v2_leg_pnf_01,+C,False,19,1,0,True,True,4.0,2.8864550590515137,2.8866775035858154,0.0002224445343017578,0.02115817368030548,0.13567380607128143,0.9999731779098511
syco_bullshit_v2_leg_pnf_01,+C,False,20,1,0,True,True,4.0,2.8864550590515137,2.8864448070526123,1.0251998901367188e-05,0.018543146550655365,0.13026949763298035,0.9999793767929077
syco_bullshit_v2_leg_pnf_01,+C,False,21,1,0,True,True,4.0,2.8864550590515137,2.8871588706970215,0.0007038116455078125,0.01926554925739765,0.13395355641841888,0.999977707862854
syco_bullshit_v2_leg_pnf_01,+C,False,22,1,0,True,True,4.0,2.8864550590515137,2.886592388153076,0.0001373291015625,0.022758623585104942,0.14784488081932068,0.999968945980072
syco_bullshit_v2_leg_pnf_01,+C,False,23,1,0,True,True,4.0,2.8864550590515137,2.8869287967681885,0.0004737377166748047,0.019749989733099937,0.13284893333911896,0.999976634979248
syco_bullshit_v2_leg_pnf_01,+C,False,24,1,0,True,True,4.0,2.8864550590515137,2.8864383697509766,1.6689300537109375e-05,0.02297171764075756,0.15040533244609833,0.999968409538269
syco_bullshit_v2_leg_pnf_01,+C,False,25,1,0,True,True,4.0,2.8864550590515137,2.8865771293640137,0.0001220703125,0.023069676011800766,0.146615669131279,0.9999680519104004
syco_bullshit_v2_leg_pnf_01,+C,False,26,1,0,True,True,4.0,2.8864550590515137,2.886516571044922,6.151199340820312e-05,0.02131691947579384,0.14265434443950653,0.9999727010726929
syco_bullshit_v2_leg_pnf_01,+C,False,27,1,0,True,True,4.0,2.8864550590515137,2.8870818614959717,0.0006268024444580078,0.022765375673770905,0.14180661737918854,0.9999690055847168
syco_bullshit_v2_leg_pnf_01,+C,False,28,1,0,True,True,4.0,2.8864550590515137,2.8868353366851807,0.0003802776336669922,0.024649642407894135,0.14297831058502197,0.999963641166687
syco_bullshit_v2_leg_pnf_01,+C,False,29,1,0,True,True,4.0,2.8864550590515137,2.8869552612304688,0.0005002021789550781,0.021663986146450043,0.13933022320270538,0.999971866607666
syco_bullshit_v2_leg_pnf_01,+C,False,30,1,0,True,True,4.0,2.8864550590515137,2.8863251209259033,0.00012993812561035156,0.019837019965052605,0.13153591752052307,0.999976396560669
syco_bullshit_v2_leg_pnf_01,+C,False,31,1,0,True,True,4.0,2.8864550590515137,2.88631010055542,0.00014495849609375,0.02130144275724888,0.1424114853143692,0.9999727606773376
syco_bullshit_v2_leg_pnf_01,+C,False,32,1,0,True,True,4.0,2.8864550590515137,2.8872458934783936,0.0007908344268798828,0.021478284150362015,0.1376791149377823,0.9999723434448242
syco_bullshit_v2_leg_pnf_01,+C,False,33,1,0,True,True,4.0,2.8864550590515137,2.8855347633361816,0.0009202957153320312,0.022956881672143936,0.14358599483966827,0.999968409538269
syco_bullshit_v2_leg_pnf_01,+C,False,34,1,0,True,True,4.0,2.8864550590515137,2.885974884033203,0.0004801750183105469,0.023553216829895973,0.1437518447637558,0.9999667406082153
syco_bullshit_v2_leg_pnf_01,+C,False,35,1,0,True,True,4.0,2.8864550590515137,2.886610984802246,0.00015592575073242188,0.023664791136980057,0.14269395172595978,0.9999663829803467
syco_bullshit_v2_leg_pnf_01,+C,False,36,1,0,True,True,4.0,2.8864550590515137,2.8877363204956055,0.0012812614440917969,0.024998314678668976,0.1428719013929367,0.9999626874923706
syco_bullshit_v2_leg_pnf_01,+C,False,37,1,0,True,True,4.0,2.8864550590515137,2.8861401081085205,0.00031495094299316406,0.020715396851301193,0.1379445195198059,0.9999743103981018
syco_bullshit_v2_leg_pnf_01,+C,False,38,1,0,True,True,4.0,2.8864550590515137,2.886845588684082,0.0003905296325683594,0.01962844282388687,0.13291628658771515,0.9999769330024719
syco_bullshit_v2_leg_pnf_01,+C,False,39,1,0,True,True,4.0,2.8864550590515137,2.8860976696014404,0.0003573894500732422,0.02017134428024292,0.13536079227924347,0.9999755024909973
syco_bullshit_v2_leg_pnf_01,+C,False,40,1,0,True,True,4.0,2.8864550590515137,2.886880397796631,0.0004253387451171875,0.022279513999819756,0.13920949399471283,0.9999703168869019
syco_bullshit_v2_leg_pnf_01,+C,False,41,1,0,True,True,4.0,2.8864550590515137,2.8872134685516357,0.0007584095001220703,0.022405145689845085,0.1380886286497116,0.9999699592590332
syco_bullshit_v2_leg_pnf_01,+C,False,42,1,0,True,True,4.0,2.8864550590515137,2.886404275894165,5.078315734863281e-05,0.020525697618722916,0.1301535815000534,0.9999748468399048
syco_bullshit_v2_leg_pnf_01,+C,False,43,1,0,True,True,4.0,2.8864550590515137,2.8856101036071777,0.0008449554443359375,0.020517705008387566,0.1374197155237198,0.9999748468399048
syco_bullshit_v2_leg_pnf_01,+C,False,44,1,0,True,True,4.0,2.8864550590515137,2.8864834308624268,2.8371810913085938e-05,0.02165159396827221,0.13928286731243134,0.9999719262123108
syco_bullshit_v2_leg_pnf_01,+C,False,45,1,0,True,True,4.0,2.8864550590515137,2.8860292434692383,0.0004258155822753906,0.020576143637299538,0.129209503531456,0.9999746680259705
syco_bullshit_v2_leg_pnf_01,+C,False,46,1,0,True,True,4.0,2.8864550590515137,2.886707067489624,0.00025200843811035156,0.023105036467313766,0.14369231462478638,0.9999679327011108
syco_bullshit_v2_leg_pnf_01,+C,False,47,1,0,True,True,4.0,2.8864550590515137,2.8866636753082275,0.0002086162567138672,0.021385392174124718,0.14006610214710236,0.9999724626541138
syco_bullshit_v2_leg_pnf_01,+C,False,48,1,0,True,True,4.0,2.8864550590515137,2.887259006500244,0.0008039474487304688,0.023484233766794205,0.1486092060804367,0.9999669790267944
syco_bullshit_v2_leg_pnf_01,+C,False,49,1,0,True,True,4.0,2.8864550590515137,2.8864593505859375,4.291534423828125e-06,0.020968561992049217,0.13100238144397736,0.9999736547470093
syco_bullshit_v2_leg_pnf_01,+C,False,50,1,0,True,True,4.0,2.8864550590515137,2.887099266052246,0.0006442070007324219,0.02035800740122795,0.13648192584514618,0.9999752044677734
syco_bullshit_v2_leg_pnf_01,+C,False,51,1,0,True,True,4.0,2.8864550590515137,2.8854775428771973,0.0009775161743164062,0.023531930521130562,0.14772960543632507,0.9999668598175049
syco_bullshit_v2_leg_pnf_01,+C,False,52,1,0,True,True,4.0,2.8864550590515137,2.8860223293304443,0.00043272972106933594,0.02312125451862812,0.14282459020614624,0.9999679327011108
syco_bullshit_v2_leg_pnf_01,+C,False,53,1,0,True,True,4.0,2.8864550590515137,2.887456178665161,0.001001119613647461,0.021843085065484047,0.13551996648311615,0.9999715089797974
syco_bullshit_v2_leg_pnf_01,+C,False,54,1,0,True,True,4.0,2.8864550590515137,2.886826515197754,0.0003714561462402344,0.01983340084552765,0.13089129328727722,0.999976396560669
syco_bullshit_v2_leg_pnf_01,+C,False,55,1,0,True,True,4.0,2.8864550590515137,2.886056900024414,0.0003981590270996094,0.021593602374196053,0.14020101726055145,0.9999719858169556
syco_bullshit_v2_leg_pnf_01,+C,False,56,1,0,True,True,4.0,2.8864550590515137,2.8874588012695312,0.0010037422180175781,0.023115331307053566,0.140920028090477,0.9999679327011108
syco_bullshit_v2_leg_pnf_01,+C,False,57,1,0,True,True,4.0,2.8864550590515137,2.8872218132019043,0.000766754150390625,0.020403319969773293,0.13640843331813812,0.9999750852584839
syco_bullshit_v2_leg_pnf_01,+C,False,58,1,0,True,True,4.0,2.8864550590515137,2.886885166168213,0.00043010711669921875,0.02124468795955181,0.1376984566450119,0.9999729990959167
syco_bullshit_v2_leg_pnf_01,+C,False,59,1,0,True,True,4.0,2.8864550590515137,2.8865482807159424,9.322166442871094e-05,0.021251169964671135,0.13741059601306915,0.9999729990959167
syco_bullshit_v2_leg_pnf_01,+C,False,60,1,0,True,True,4.0,2.8864550590515137,2.8858604431152344,0.0005946159362792969,0.020819423720240593,0.13309770822525024,0.9999740123748779
syco_bullshit_v2_leg_pnf_01,+C,False,61,1,0,True,True,4.0,2.8864550590515137,2.886854410171509,0.0003993511199951172,0.02159755863249302,0.13798969984054565,0.9999719858169556
syco_bullshit_v2_leg_pnf_01,+C,False,62,1,0,True,True,4.0,2.8864550590515137,2.8867249488830566,0.00026988983154296875,0.02158655785024166,0.13808764517307281,0.9999720454216003
syco_bullshit_v2_leg_pnf_01,+C,False,63,1,0,True,True,4.0,2.8864550590515137,2.8870553970336914,0.0006003379821777344,0.02411556802690029,0.1451987773180008,0.9999651312828064
syco_bullshit_v2_leg_pnf_01,+C,False,64,1,0,True,True,4.0,2.8864550590515137,2.887193202972412,0.0007381439208984375,0.018256274983286858,0.1291128247976303,0.9999800324440002
syco_bullshit_v2_leg_pnf_01,+C,False,65,1,0,True,True,4.0,2.8864550590515137,2.887115240097046,0.0006601810455322266,0.017077220603823662,0.11164482682943344,0.9999825954437256
syco_bullshit_v2_leg_pnf_01,+C,False,66,1,0,True,True,4.0,2.8864550590515137,2.886596918106079,0.0001418590545654297,0.019021153450012207,0.12503494322299957,0.9999783039093018
syco_bullshit_v2_leg_pnf_01,-C,False,0,55,54,True,True,-4.0,2.8864550590515137,2.8867335319519043,0.000278472900390625,0.020786995068192482,0.13064073026180267,0.9999740123748779
syco_bullshit_v2_leg_pnf_01,-C,False,1,1,0,True,True,-4.0,2.8864550590515137,2.8864307403564453,2.4318695068359375e-05,0.019507363438606262,0.12665556371212006,0.9999771118164062
syco_bullshit_v2_leg_pnf_01,-C,False,2,1,0,True,True,-4.0,2.8864550590515137,2.88489031791687,0.0015647411346435547,0.023550720885396004,0.14425501227378845,0.9999668598175049
syco_bullshit_v2_leg_pnf_01,-C,False,3,1,0,True,True,-4.0,2.8864550590515137,2.886070728302002,0.00038433074951171875,0.021322820335626602,0.13489796221256256,0.9999727010726929
syco_bullshit_v2_leg_pnf_01,-C,False,4,1,0,True,True,-4.0,2.8864550590515137,2.885312557220459,0.0011425018310546875,0.023087212815880775,0.13935695588588715,0.9999681115150452
syco_bullshit_v2_leg_pnf_01,-C,False,5,1,0,True,True,-4.0,2.8864550590515137,2.8869540691375732,0.0004990100860595703,0.022240210324525833,0.13663707673549652,0.9999703168869019
syco_bullshit_v2_leg_pnf_01,-C,False,6,1,0,True,True,-4.0,2.8864550590515137,2.8867342472076416,0.0002791881561279297,0.020860787481069565,0.13667769730091095,0.9999738931655884
syco_bullshit_v2_leg_pnf_01,-C,False,7,1,0,True,True,-4.0,2.8864550590515137,2.8862264156341553,0.00022864341735839844,0.02348221465945244,0.14356935024261475,0.9999668598175049
syco_bullshit_v2_leg_pnf_01,-C,False,8,1,0,True,True,-4.0,2.8864550590515137,2.8864996433258057,4.458427429199219e-05,0.02008260041475296,0.13252529501914978,0.9999758005142212
syco_bullshit_v2_leg_pnf_01,-C,False,9,1,0,True,True,-4.0,2.8864550590515137,2.8861424922943115,0.00031256675720214844,0.0203926470130682,0.13566753268241882,0.9999750852584839
syco_bullshit_v2_leg_pnf_01,-C,False,10,1,0,True,True,-4.0,2.8864550590515137,2.8854117393493652,0.0010433197021484375,0.023077212274074554,0.13894444704055786,0.9999681711196899
syco_bullshit_v2_leg_pnf_01,-C,False,11,1,0,True,True,-4.0,2.8864550590515137,2.884591817855835,0.001863241195678711,0.022335583344101906,0.14018826186656952,0.9999702572822571
syco_bullshit_v2_leg_pnf_01,-C,False,12,1,0,True,True,-4.0,2.8864550590515137,2.8855910301208496,0.0008640289306640625,0.023402953520417213,0.14384813606739044,0.9999672174453735
syco_bullshit_v2_leg_pnf_01,-C,False,13,1,0,True,True,-4.0,2.8864550590515137,2.8864846229553223,2.956390380859375e-05,0.019329899922013283,0.1328672617673874,0.9999775886535645
syco_bullshit_v2_leg_pnf_01,-C,False,14,1,0,True,True,-4.0,2.8864550590515137,2.8856425285339355,0.000812530517578125,0.020536061376333237,0.1352788656949997,0.9999747276306152
syco_bullshit_v2_leg_pnf_01,-C,False,15,1,0,True,True,-4.0,2.8864550590515137,2.8866071701049805,0.00015211105346679688,0.020050494000315666,0.13418206572532654,0.9999759197235107
syco_bullshit_v2_leg_pnf_01,-C,False,16,1,0,True,True,-4.0,2.8864550590515137,2.8854053020477295,0.0010497570037841797,0.02204352803528309,0.1463758945465088,0.9999709725379944
syco_bullshit_v2_leg_pnf_01,-C,False,17,1,0,True,True,-4.0,2.8864550590515137,2.8866934776306152,0.0002384185791015625,0.02485590986907482,0.149067685008049,0.9999630451202393
syco_bullshit_v2_leg_pnf_01,-C,False,18,1,0,True,True,-4.0,2.8864550590515137,2.8876779079437256,0.001222848892211914,0.02208234742283821,0.138320192694664,0.9999709129333496
syco_bullshit_v2_leg_pnf_01,-C,False,19,1,0,True,True,-4.0,2.8864550590515137,2.8860645294189453,0.0003905296325683594,0.021163884550333023,0.13622190058231354,0.9999731779098511
syco_bullshit_v2_leg_pnf_01,-C,False,20,1,0,True,True,-4.0,2.8864550590515137,2.887207269668579,0.0007522106170654297,0.0203553419560194,0.1306154429912567,0.9999752044677734
syco_bullshit_v2_leg_pnf_01,-C,False,21,1,0,True,True,-4.0,2.8864550590515137,2.8864200115203857,3.504753112792969e-05,0.020341314375400543,0.1371171921491623,0.9999752044677734
syco_bullshit_v2_leg_pnf_01,-C,False,22,1,0,True,True,-4.0,2.8864550590515137,2.886657238006592,0.000202178955078125,0.02063869684934616,0.13706906139850616,0.9999743700027466
syco_bullshit_v2_leg_pnf_01,-C,False,23,1,0,True,True,-4.0,2.8864550590515137,2.8865678310394287,0.00011277198791503906,0.02173289842903614,0.14367644488811493,0.9999716877937317
syco_bullshit_v2_leg_pnf_01,-C,False,24,1,0,True,True,-4.0,2.8864550590515137,2.8864526748657227,2.384185791015625e-06,0.023558013141155243,0.14248162508010864,0.9999667406082153
syco_bullshit_v2_leg_pnf_01,-C,False,25,1,0,True,True,-4.0,2.8864550590515137,2.88590407371521,0.0005509853363037109,0.023323727771639824,0.14427641034126282,0.9999674558639526
syco_bullshit_v2_leg_pnf_01,-C,False,26,1,0,True,True,-4.0,2.8864550590515137,2.8868775367736816,0.00042247772216796875,0.025410184636712074,0.14255358278751373,0.9999613761901855
syco_bullshit_v2_leg_pnf_01,-C,False,27,1,0,True,True,-4.0,2.8864550590515137,2.886786937713623,0.000331878662109375,0.02163122035562992,0.13309790194034576,0.9999719262123108
syco_bullshit_v2_leg_pnf_01,-C,False,28,1,0,True,True,-4.0,2.8864550590515137,2.8862459659576416,0.0002090930938720703,0.02348926290869713,0.14559511840343475,0.9999669194221497
syco_bullshit_v2_leg_pnf_01,-C,False,29,1,0,True,True,-4.0,2.8864550590515137,2.8874378204345703,0.0009827613830566406,0.02193266525864601,0.14098860323429108,0.9999711513519287
syco_bullshit_v2_leg_pnf_01,-C,False,30,1,0,True,True,-4.0,2.8864550590515137,2.8862805366516113,0.00017452239990234375,0.022772997617721558,0.142313614487648,0.9999688863754272
syco_bullshit_v2_leg_pnf_01,-C,False,31,1,0,True,True,-4.0,2.8864550590515137,2.8871748447418213,0.0007197856903076172,0.022346848621964455,0.1399025022983551,0.9999701380729675
syco_bullshit_v2_leg_pnf_01,-C,False,32,1,0,True,True,-4.0,2.8864550590515137,2.887845516204834,0.0013904571533203125,0.022405268624424934,0.140640988945961,0.999970018863678
syco_bullshit_v2_leg_pnf_01,-C,False,33,1,0,True,True,-4.0,2.8864550590515137,2.887190818786621,0.0007357597351074219,0.02131318487226963,0.13933797180652618,0.9999728202819824
syco_bullshit_v2_leg_pnf_01,-C,False,34,1,0,True,True,-4.0,2.8864550590515137,2.886514902114868,5.984306335449219e-05,0.02134847268462181,0.13781455159187317,0.9999726414680481
syco_bullshit_v2_leg_pnf_01,-C,False,35,1,0,True,True,-4.0,2.8864550590515137,2.887515068054199,0.0010600090026855469,0.020058544352650642,0.1292850524187088,0.9999760389328003
syco_bullshit_v2_leg_pnf_01,-C,False,36,1,0,True,True,-4.0,2.8864550590515137,2.8851547241210938,0.0013003349304199219,0.022182848304510117,0.13553611934185028,0.999970555305481
syco_bullshit_v2_leg_pnf_01,-C,False,37,1,0,True,True,-4.0,2.8864550590515137,2.88698673248291,0.0005316734313964844,0.020652899518609047,0.1338026076555252,0.9999743700027466
syco_bullshit_v2_leg_pnf_01,-C,False,38,1,0,True,True,-4.0,2.8864550590515137,2.886396646499634,5.841255187988281e-05,0.020906662568449974,0.13634569942951202,0.9999737739562988
syco_bullshit_v2_leg_pnf_01,-C,False,39,1,0,True,True,-4.0,2.8864550590515137,2.8855621814727783,0.0008928775787353516,0.02389754168689251,0.14884886145591736,0.9999657869338989
syco_bullshit_v2_leg_pnf_01,-C,False,40,1,0,True,True,-4.0,2.8864550590515137,2.886843681335449,0.0003886222839355469,0.021276136860251427,0.13408924639225006,0.9999728798866272
syco_bullshit_v2_leg_pnf_01,-C,False,41,1,0,True,True,-4.0,2.8864550590515137,2.8862898349761963,0.0001652240753173828,0.020333755761384964,0.12848766148090363,0.9999751448631287
syco_bullshit_v2_leg_pnf_01,-C,False,42,1,0,True,True,-4.0,2.8864550590515137,2.8857200145721436,0.0007350444793701172,0.021254900842905045,0.13961447775363922,0.999972939491272
syco_bullshit_v2_leg_pnf_01,-C,False,43,1,0,True,True,-4.0,2.8864550590515137,2.8868603706359863,0.00040531158447265625,0.02449382096529007,0.1504642218351364,0.9999641180038452
syco_bullshit_v2_leg_pnf_01,-C,False,44,1,0,True,True,-4.0,2.8864550590515137,2.886503219604492,4.8160552978515625e-05,0.022522948682308197,0.1388218104839325,0.9999696016311646
syco_bullshit_v2_leg_pnf_01,-C,False,45,1,0,True,True,-4.0,2.8864550590515137,2.8851866722106934,0.0012683868408203125,0.021240606904029846,0.13543330132961273,0.9999730587005615
syco_bullshit_v2_leg_pnf_01,-C,False,46,1,0,True,True,-4.0,2.8864550590515137,2.8860318660736084,0.00042319297790527344,0.019001008942723274,0.13128839433193207,0.9999783635139465
syco_bullshit_v2_leg_pnf_01,-C,False,47,1,0,True,True,-4.0,2.8864550590515137,2.8862144947052,0.00024056434631347656,0.019176717847585678,0.1323472112417221,0.9999778866767883
syco_bullshit_v2_leg_pnf_01,-C,False,48,1,0,True,True,-4.0,2.8864550590515137,2.8866021633148193,0.00014710426330566406,0.024029679596424103,0.14537431299686432,0.9999654293060303
syco_bullshit_v2_leg_pnf_01,-C,False,49,1,0,True,True,-4.0,2.8864550590515137,2.8871469497680664,0.0006918907165527344,0.01985413208603859,0.1311682164669037,0.999976396560669
syco_bullshit_v2_leg_pnf_01,-C,False,50,1,0,True,True,-4.0,2.8864550590515137,2.8873322010040283,0.0008771419525146484,0.019937096163630486,0.12713469564914703,0.9999761581420898
syco_bullshit_v2_leg_pnf_01,-C,False,51,1,0,True,True,-4.0,2.8864550590515137,2.886132001876831,0.0003230571746826172,0.021819263696670532,0.13296622037887573,0.9999713897705078
syco_bullshit_v2_leg_pnf_01,-C,False,52,1,0,True,True,-4.0,2.8864550590515137,2.886491060256958,3.600120544433594e-05,0.022508924826979637,0.1457596868276596,0.9999696016311646
syco_bullshit_v2_leg_pnf_01,-C,False,53,1,0,True,True,-4.0,2.8864550590515137,2.8866937160491943,0.00023865699768066406,0.019502241164445877,0.13294734060764313,0.9999772310256958
syco_bullshit_v2_leg_pnf_01,-C,False,54,1,0,True,True,-4.0,2.8864550590515137,2.885775327682495,0.0006797313690185547,0.01663791760802269,0.11104801297187805,0.999983549118042
syco_bullshit_v2_leg_pnf_01,-C,False,55,1,0,True,True,-4.0,2.8864550590515137,2.8871545791625977,0.0006995201110839844,0.01811215467751026,0.12529201805591583,0.9999803304672241
syco_bullshit_v2_leg_pnf_02,+C,False,0,52,51,True,True,4.0,2.8864550590515137,2.8868634700775146,0.00040841102600097656,0.01926438696682453,0.1275324672460556,0.999977707862854
syco_bullshit_v2_leg_pnf_02,+C,False,1,1,0,True,True,4.0,2.8864550590515137,2.8865740299224854,0.00011897087097167969,0.01989571750164032,0.13279233872890472,0.9999762773513794
syco_bullshit_v2_leg_pnf_02,+C,False,2,1,0,True,True,4.0,2.8864550590515137,2.886652946472168,0.00019788742065429688,0.020735852420330048,0.1323816031217575,0.9999741911888123
syco_bullshit_v2_leg_pnf_02,+C,False,3,1,0,True,True,4.0,2.8864550590515137,2.8870439529418945,0.0005888938903808594,0.021505916491150856,0.13821642100811005,0.9999722838401794
syco_bullshit_v2_leg_pnf_02,+C,False,4,1,0,True,True,4.0,2.8864550590515137,2.886331796646118,0.0001232624053955078,0.02011595480144024,0.13166770339012146,0.999975860118866
syco_bullshit_v2_leg_pnf_02,+C,False,5,1,0,True,True,4.0,2.8864550590515137,2.887962579727173,0.0015075206756591797,0.02031007967889309,0.13473154604434967,0.9999754428863525
syco_bullshit_v2_leg_pnf_02,+C,False,6,1,0,True,True,4.0,2.8864550590515137,2.886415481567383,3.9577484130859375e-05,0.023563725873827934,0.14601574838161469,0.9999667406082153
syco_bullshit_v2_leg_pnf_02,+C,False,7,1,0,True,True,4.0,2.8864550590515137,2.885835886001587,0.0006191730499267578,0.02092457003891468,0.13687683641910553,0.9999737739562988
syco_bullshit_v2_leg_pnf_02,+C,False,8,1,0,True,True,4.0,2.8864550590515137,2.886012315750122,0.00044274330139160156,0.02124401368200779,0.14147482812404633,0.999972939491272
syco_bullshit_v2_leg_pnf_02,+C,False,9,1,0,True,True,4.0,2.8864550590515137,2.886218547821045,0.00023651123046875,0.023002441972494125,0.1430283635854721,0.9999682307243347
syco_bullshit_v2_leg_pnf_02,+C,False,10,1,0,True,True,4.0,2.8864550590515137,2.886662006378174,0.00020694732666015625,0.02045617625117302,0.13591143488883972,0.9999749660491943
syco_bullshit_v2_leg_pnf_02,+C,False,11,1,0,True,True,4.0,2.8864550590515137,2.8859739303588867,0.0004811286926269531,0.020759880542755127,0.13544616103172302,0.9999741315841675
syco_bullshit_v2_leg_pnf_02,+C,False,12,1,0,True,True,4.0,2.8864550590515137,2.8865807056427,0.00012564659118652344,0.023336319252848625,0.14623142778873444,0.9999673962593079
syco_bullshit_v2_leg_pnf_02,+C,False,13,1,0,True,True,4.0,2.8864550590515137,2.8867814540863037,0.00032639503479003906,0.021323328837752342,0.1411236673593521,0.9999727010726929
syco_bullshit_v2_leg_pnf_02,+C,False,14,1,0,True,True,4.0,2.8864550590515137,2.886850595474243,0.0003955364227294922,0.022177085280418396,0.14165019989013672,0.999970555305481
syco_bullshit_v2_leg_pnf_02,+C,False,15,1,0,True,True,4.0,2.8864550590515137,2.8858978748321533,0.0005571842193603516,0.023001356050372124,0.14167088270187378,0.9999682903289795
syco_bullshit_v2_leg_pnf_02,+C,False,16,1,0,True,True,4.0,2.8864550590515137,2.8877084255218506,0.001253366470336914,0.023016029968857765,0.14219510555267334,0.9999683499336243
syco_bullshit_v2_leg_pnf_02,+C,False,17,1,0,True,True,4.0,2.8864550590515137,2.8864054679870605,4.9591064453125e-05,0.021045763045549393,0.1382485181093216,0.999973475933075
syco_bullshit_v2_leg_pnf_02,+C,False,18,1,0,True,True,4.0,2.8864550590515137,2.8867669105529785,0.00031185150146484375,0.02264718897640705,0.14595846831798553,0.9999693036079407
syco_bullshit_v2_leg_pnf_02,+C,False,19,1,0,True,True,4.0,2.8864550590515137,2.8866052627563477,0.00015020370483398438,0.021017204970121384,0.13923226296901703,0.9999735355377197
syco_bullshit_v2_leg_pnf_02,+C,False,20,1,0,True,True,4.0,2.8864550590515137,2.8864517211914062,3.337860107421875e-06,0.019760891795158386,0.13603578507900238,0.999976634979248
syco_bullshit_v2_leg_pnf_02,+C,False,21,1,0,True,True,4.0,2.8864550590515137,2.887141704559326,0.0006866455078125,0.022114088758826256,0.14574190974235535,0.9999706745147705
syco_bullshit_v2_leg_pnf_02,+C,False,22,1,0,True,True,4.0,2.8864550590515137,2.887310028076172,0.0008549690246582031,0.023078538477420807,0.14046452939510345,0.9999681115150452
syco_bullshit_v2_leg_pnf_02,+C,False,23,1,0,True,True,4.0,2.8864550590515137,2.8876585960388184,0.0012035369873046875,0.025335224345326424,0.1422307789325714,0.9999614953994751
syco_bullshit_v2_leg_pnf_02,+C,False,24,1,0,True,True,4.0,2.8864550590515137,2.8872995376586914,0.0008444786071777344,0.019740961492061615,0.1336076408624649,0.9999765753746033
syco_bullshit_v2_leg_pnf_02,+C,False,25,1,0,True,True,4.0,2.8864550590515137,2.8865253925323486,7.033348083496094e-05,0.024202562868595123,0.15039250254631042,0.9999648332595825
syco_bullshit_v2_leg_pnf_02,+C,False,26,1,0,True,True,4.0,2.8864550590515137,2.8862767219543457,0.00017833709716796875,0.021881869062781334,0.14207535982131958,0.999971330165863
syco_bullshit_v2_leg_pnf_02,+C,False,27,1,0,True,True,4.0,2.8864550590515137,2.8858416080474854,0.0006134510040283203,0.019909873604774475,0.13326896727085114,0.9999762773513794
syco_bullshit_v2_leg_pnf_02,+C,False,28,1,0,True,True,4.0,2.8864550590515137,2.885295867919922,0.0011591911315917969,0.023895714432001114,0.14586158096790314,0.9999657869338989
syco_bullshit_v2_leg_pnf_02,+C,False,29,1,0,True,True,4.0,2.8864550590515137,2.8871994018554688,0.0007443428039550781,0.021444126963615417,0.1395324170589447,0.9999724626541138
syco_bullshit_v2_leg_pnf_02,+C,False,30,1,0,True,True,4.0,2.8864550590515137,2.886146068572998,0.000308990478515625,0.02463625743985176,0.14714030921459198,0.999963641166687
syco_bullshit_v2_leg_pnf_02,+C,False,31,1,0,True,True,4.0,2.8864550590515137,2.886378288269043,7.677078247070312e-05,0.02318863570690155,0.1408204287290573,0.9999678134918213
syco_bullshit_v2_leg_pnf_02,+C,False,32,1,0,True,True,4.0,2.8864550590515137,2.887340545654297,0.0008854866027832031,0.021472210064530373,0.142447367310524,0.999972403049469
syco_bullshit_v2_leg_pnf_02,+C,False,33,1,0,True,True,4.0,2.8864550590515137,2.8864381313323975,1.6927719116210938e-05,0.023505011573433876,0.14885978400707245,0.9999668598175049
syco_bullshit_v2_leg_pnf_02,+C,False,34,1,0,True,True,4.0,2.8864550590515137,2.8871395587921143,0.0006844997406005859,0.02257135882973671,0.13894639909267426,0.999969482421875
syco_bullshit_v2_leg_pnf_02,+C,False,35,1,0,True,True,4.0,2.8864550590515137,2.8850204944610596,0.0014345645904541016,0.02258201502263546,0.13931520283222198,0.9999695420265198
syco_bullshit_v2_leg_pnf_02,+C,False,36,1,0,True,True,4.0,2.8864550590515137,2.8870151042938232,0.0005600452423095703,0.02166239731013775,0.13488875329494476,0.9999719858169556
syco_bullshit_v2_leg_pnf_02,+C,False,37,1,0,True,True,4.0,2.8864550590515137,2.887111186981201,0.0006561279296875,0.022446269169449806,0.14382533729076385,0.9999698400497437
syco_bullshit_v2_leg_pnf_02,+C,False,38,1,0,True,True,4.0,2.8864550590515137,2.8871214389801025,0.0006663799285888672,0.023477014154195786,0.14268453419208527,0.9999669790267944
syco_bullshit_v2_leg_pnf_02,+C,False,39,1,0,True,True,4.0,2.8864550590515137,2.8879127502441406,0.0014576911926269531,0.021900923922657967,0.13680140674114227,0.9999713897705078
syco_bullshit_v2_leg_pnf_02,+C,False,40,1,0,True,True,4.0,2.8864550590515137,2.8866803646087646,0.00022530555725097656,0.023273073136806488,0.13998375833034515,0.9999675154685974
syco_bullshit_v2_leg_pnf_02,+C,False,41,1,0,True,True,4.0,2.8864550590515137,2.8870861530303955,0.0006310939788818359,0.022202374413609505,0.13553036749362946,0.9999704360961914
syco_bullshit_v2_leg_pnf_02,+C,False,42,1,0,True,True,4.0,2.8864550590515137,2.8874542713165283,0.0009992122650146484,0.02189687266945839,0.13658997416496277,0.9999712705612183
syco_bullshit_v2_leg_pnf_02,+C,False,43,1,0,True,True,4.0,2.8864550590515137,2.8866829872131348,0.00022792816162109375,0.02018604800105095,0.13273900747299194,0.9999755620956421
syco_bullshit_v2_leg_pnf_02,+C,False,44,1,0,True,True,4.0,2.8864550590515137,2.886518955230713,6.389617919921875e-05,0.020941004157066345,0.13430774211883545,0.9999736547470093
syco_bullshit_v2_leg_pnf_02,+C,False,45,1,0,True,True,4.0,2.8864550590515137,2.8868565559387207,0.00040149688720703125,0.02123313397169113,0.1418992131948471,0.999972939491272
syco_bullshit_v2_leg_pnf_02,+C,False,46,1,0,True,True,4.0,2.8864550590515137,2.8864171504974365,3.790855407714844e-05,0.020272061228752136,0.13687293231487274,0.999975323677063
syco_bullshit_v2_leg_pnf_02,+C,False,47,1,0,True,True,4.0,2.8864550590515137,2.888078212738037,0.0016231536865234375,0.024511853232979774,0.14491800963878632,0.9999641180038452
syco_bullshit_v2_leg_pnf_02,+C,False,48,1,0,True,True,4.0,2.8864550590515137,2.8865082263946533,5.316734313964844e-05,0.024705464020371437,0.14599154889583588,0.9999634027481079
syco_bullshit_v2_leg_pnf_02,+C,False,49,1,0,True,True,4.0,2.8864550590515137,2.886301040649414,0.00015401840209960938,0.019425930455327034,0.13358326256275177,0.9999774098396301
syco_bullshit_v2_leg_pnf_02,+C,False,50,1,0,True,True,4.0,2.8864550590515137,2.8868722915649414,0.0004172325134277344,0.017081525176763535,0.11102939397096634,0.999982476234436
syco_bullshit_v2_leg_pnf_02,+C,False,51,1,0,True,True,4.0,2.8864550590515137,2.886502742767334,4.76837158203125e-05,0.01855587400496006,0.12456101924180984,0.9999793767929077
syco_bullshit_v2_leg_pnf_02,-C,False,0,52,51,True,True,-4.0,2.8864550590515137,2.8870465755462646,0.0005915164947509766,0.019379327073693275,0.1275324672460556,0.9999774694442749
syco_bullshit_v2_leg_pnf_02,-C,False,1,1,0,True,True,-4.0,2.8864550590515137,2.886770248413086,0.0003151893615722656,0.020806055516004562,0.13692326843738556,0.9999741315841675
syco_bullshit_v2_leg_pnf_02,-C,False,2,1,0,True,True,-4.0,2.8864550590515137,2.8865222930908203,6.723403930664062e-05,0.020679892972111702,0.1358841359615326,0.9999744296073914
syco_bullshit_v2_leg_pnf_02,-C,False,3,1,0,True,True,-4.0,2.8864550590515137,2.886512517929077,5.745887756347656e-05,0.02054370567202568,0.13577090203762054,0.9999748468399048
syco_bullshit_v2_leg_pnf_02,-C,False,4,1,0,True,True,-4.0,2.8864550590515137,2.885798454284668,0.0006566047668457031,0.022213062271475792,0.13700811564922333,0.9999703764915466
syco_bullshit_v2_leg_pnf_02,-C,False,5,1,0,True,True,-4.0,2.8864550590515137,2.88546085357666,0.0009942054748535156,0.02310098707675934,0.13972638547420502,0.9999681115150452
syco_bullshit_v2_leg_pnf_02,-C,False,6,1,0,True,True,-4.0,2.8864550590515137,2.8857667446136475,0.0006883144378662109,0.022948412224650383,0.14430001378059387,0.999968409538269
syco_bullshit_v2_leg_pnf_02,-C,False,7,1,0,True,True,-4.0,2.8864550590515137,2.885741710662842,0.000713348388671875,0.023087922483682632,0.14185908436775208,0.9999680519104004
syco_bullshit_v2_leg_pnf_02,-C,False,8,1,0,True,True,-4.0,2.8864550590515137,2.8867900371551514,0.0003349781036376953,0.019902804866433144,0.13525167107582092,0.9999762773513794
syco_bullshit_v2_leg_pnf_02,-C,False,9,1,0,True,True,-4.0,2.8864550590515137,2.887504816055298,0.0010497570037841797,0.020671114325523376,0.13081510365009308,0.9999744296073914
syco_bullshit_v2_leg_pnf_02,-C,False,10,1,0,True,True,-4.0,2.8864550590515137,2.885444402694702,0.0010106563568115234,0.02049173042178154,0.12464860826730728,0.9999749064445496
syco_bullshit_v2_leg_pnf_02,-C,False,11,1,0,True,True,-4.0,2.8864550590515137,2.886245012283325,0.00021004676818847656,0.02202034555375576,0.14338019490242004,0.9999709725379944
syco_bullshit_v2_leg_pnf_02,-C,False,12,1,0,True,True,-4.0,2.8864550590515137,2.8871572017669678,0.0007021427154541016,0.023785950616002083,0.14378367364406586,0.9999661445617676
syco_bullshit_v2_leg_pnf_02,-C,False,13,1,0,True,True,-4.0,2.8864550590515137,2.8864479064941406,7.152557373046875e-06,0.023314030840992928,0.13904117047786713,0.9999673366546631
syco_bullshit_v2_leg_pnf_02,-C,False,14,1,0,True,True,-4.0,2.8864550590515137,2.8868250846862793,0.000370025634765625,0.022157607600092888,0.134229376912117,0.999970555305481
syco_bullshit_v2_leg_pnf_02,-C,False,15,1,0,True,True,-4.0,2.8864550590515137,2.886831283569336,0.0003762245178222656,0.02167467214167118,0.13110806047916412,0.999971866607666
syco_bullshit_v2_leg_pnf_02,-C,False,16,1,0,True,True,-4.0,2.8864550590515137,2.887028217315674,0.0005731582641601562,0.020229460671544075,0.12797695398330688,0.9999755620956421
syco_bullshit_v2_leg_pnf_02,-C,False,17,1,0,True,True,-4.0,2.8864550590515137,2.8866705894470215,0.0002155303955078125,0.020616644993424416,0.133215993642807,0.9999744892120361
syco_bullshit_v2_leg_pnf_02,-C,False,18,1,0,True,True,-4.0,2.8864550590515137,2.886176347732544,0.00027871131896972656,0.023117922246456146,0.1416250765323639,0.9999679327011108
syco_bullshit_v2_leg_pnf_02,-C,False,19,1,0,True,True,-4.0,2.8864550590515137,2.8869426250457764,0.0004875659942626953,0.023066138848662376,0.14682628214359283,0.9999680519104004
syco_bullshit_v2_leg_pnf_02,-C,False,20,1,0,True,True,-4.0,2.8864550590515137,2.8869786262512207,0.0005235671997070312,0.023699961602687836,0.14734721183776855,0.9999664425849915
syco_bullshit_v2_leg_pnf_02,-C,False,21,1,0,True,True,-4.0,2.8864550590515137,2.885718584060669,0.0007364749908447266,0.02080146223306656,0.1364295333623886,0.9999740123748779
syco_bullshit_v2_leg_pnf_02,-C,False,22,1,0,True,True,-4.0,2.8864550590515137,2.887209892272949,0.0007548332214355469,0.024437427520751953,0.14950428903102875,0.9999642372131348
syco_bullshit_v2_leg_pnf_02,-C,False,23,1,0,True,True,-4.0,2.8864550590515137,2.8862502574920654,0.0002048015594482422,0.019744139164686203,0.1338954120874405,0.999976634979248
syco_bullshit_v2_leg_pnf_02,-C,False,24,1,0,True,True,-4.0,2.8864550590515137,2.8870041370391846,0.0005490779876708984,0.021049778908491135,0.1345825344324112,0.9999735355377197
syco_bullshit_v2_leg_pnf_02,-C,False,25,1,0,True,True,-4.0,2.8864550590515137,2.8860440254211426,0.00041103363037109375,0.021251076832413673,0.13975374400615692,0.9999729990959167
syco_bullshit_v2_leg_pnf_02,-C,False,26,1,0,True,True,-4.0,2.8864550590515137,2.886491537094116,3.647804260253906e-05,0.021320482715964317,0.13772328197956085,0.9999728202819824
syco_bullshit_v2_leg_pnf_02,-C,False,27,1,0,True,True,-4.0,2.8864550590515137,2.8858253955841064,0.0006296634674072266,0.020656658336520195,0.13608141243457794,0.9999743700027466
syco_bullshit_v2_leg_pnf_02,-C,False,28,1,0,True,True,-4.0,2.8864550590515137,2.887268543243408,0.0008134841918945312,0.023407867178320885,0.14205865561962128,0.9999671578407288
syco_bullshit_v2_leg_pnf_02,-C,False,29,1,0,True,True,-4.0,2.8864550590515137,2.8865628242492676,0.00010776519775390625,0.023526662960648537,0.1443750560283661,0.9999668598175049
syco_bullshit_v2_leg_pnf_02,-C,False,30,1,0,True,True,-4.0,2.8864550590515137,2.8861052989959717,0.0003497600555419922,0.020372379571199417,0.13869619369506836,0.9999750852584839
syco_bullshit_v2_leg_pnf_02,-C,False,31,1,0,True,True,-4.0,2.8864550590515137,2.8856444358825684,0.0008106231689453125,0.0213928185403347,0.1383223682641983,0.9999726414680481
syco_bullshit_v2_leg_pnf_02,-C,False,32,1,0,True,True,-4.0,2.8864550590515137,2.8867363929748535,0.00028133392333984375,0.021681971848011017,0.14102856814861298,0.999971866607666
syco_bullshit_v2_leg_pnf_02,-C,False,33,1,0,True,True,-4.0,2.8864550590515137,2.887428045272827,0.0009729862213134766,0.023290900513529778,0.14624817669391632,0.9999675154685974
syco_bullshit_v2_leg_pnf_02,-C,False,34,1,0,True,True,-4.0,2.8864550590515137,2.8863368034362793,0.000118255615234375,0.024949317798018456,0.14091189205646515,0.9999627470970154
syco_bullshit_v2_leg_pnf_02,-C,False,35,1,0,True,True,-4.0,2.8864550590515137,2.887814521789551,0.0013594627380371094,0.021324878558516502,0.13398955762386322,0.9999728202819824
syco_bullshit_v2_leg_pnf_02,-C,False,36,1,0,True,True,-4.0,2.8864550590515137,2.8867197036743164,0.0002646446228027344,0.020918242633342743,0.13476057350635529,0.9999737739562988
syco_bullshit_v2_leg_pnf_02,-C,False,37,1,0,True,True,-4.0,2.8864550590515137,2.885896921157837,0.0005581378936767578,0.024868009611964226,0.14038361608982086,0.9999629259109497
syco_bullshit_v2_leg_pnf_02,-C,False,38,1,0,True,True,-4.0,2.8864550590515137,2.886650800704956,0.0001957416534423828,0.022050466388463974,0.13683341443538666,0.9999707937240601
syco_bullshit_v2_leg_pnf_02,-C,False,39,1,0,True,True,-4.0,2.8864550590515137,2.886683464050293,0.00022840499877929688,0.022173944860696793,0.14495281875133514,0.9999704360961914
syco_bullshit_v2_leg_pnf_02,-C,False,40,1,0,True,True,-4.0,2.8864550590515137,2.8876988887786865,0.0012438297271728516,0.025182751938700676,0.14349393546581268,0.9999620914459229
syco_bullshit_v2_leg_pnf_02,-C,False,41,1,0,True,True,-4.0,2.8864550590515137,2.8861875534057617,0.0002675056457519531,0.02280820719897747,0.1383785754442215,0.9999687671661377
syco_bullshit_v2_leg_pnf_02,-C,False,42,1,0,True,True,-4.0,2.8864550590515137,2.886164426803589,0.0002906322479248047,0.021113112568855286,0.13157296180725098,0.9999731779098511
syco_bullshit_v2_leg_pnf_02,-C,False,43,1,0,True,True,-4.0,2.8864550590515137,2.8870131969451904,0.0005581378936767578,0.022167567163705826,0.13436941802501678,0.9999706149101257
syco_bullshit_v2_leg_pnf_02,-C,False,44,1,0,True,True,-4.0,2.8864550590515137,2.885652780532837,0.0008022785186767578,0.020830852910876274,0.13974274694919586,0.9999740123748779
syco_bullshit_v2_leg_pnf_02,-C,False,45,1,0,True,True,-4.0,2.8864550590515137,2.884935140609741,0.001519918441772461,0.02225707471370697,0.1424982100725174,0.9999703168869019
syco_bullshit_v2_leg_pnf_02,-C,False,46,1,0,True,True,-4.0,2.8864550590515137,2.8861660957336426,0.00028896331787109375,0.024302516132593155,0.14681287109851837,0.9999644756317139
syco_bullshit_v2_leg_pnf_02,-C,False,47,1,0,True,True,-4.0,2.8864550590515137,2.8858425617218018,0.0006124973297119141,0.018864857032895088,0.1333552747964859,0.9999786615371704
syco_bullshit_v2_leg_pnf_02,-C,False,48,1,0,True,True,-4.0,2.8864550590515137,2.886064291000366,0.00039076805114746094,0.021431224420666695,0.13615518808364868,0.9999724626541138
syco_bullshit_v2_leg_pnf_02,-C,False,49,1,0,True,True,-4.0,2.8864550590515137,2.8858447074890137,0.0006103515625,0.02346479520201683,0.14449654519557953,0.9999670386314392
syco_bullshit_v2_leg_pnf_02,-C,False,50,1,0,True,True,-4.0,2.8864550590515137,2.885817527770996,0.0006375312805175781,0.024737024679780006,0.14975671470165253,0.9999633431434631
syco_bullshit_v2_leg_pnf_02,-C,False,51,1,0,True,True,-4.0,2.8864550590515137,2.8873705863952637,0.00091552734375,0.023020610213279724,0.14645209908485413,0.9999682307243347
syco_bullshit_v2_leg_pnf_02,-C,False,52,1,0,True,True,-4.0,2.8864550590515137,2.8866636753082275,0.0002086162567138672,0.020774751901626587,0.14345189929008484,0.9999741315841675
syco_bullshit_v2_leg_pnf_02,-C,False,53,1,0,True,True,-4.0,2.8864550590515137,2.885467767715454,0.0009872913360595703,0.020461762323975563,0.13747186958789825,0.9999750256538391
syco_bullshit_v2_leg_pnf_02,-C,False,54,1,0,True,True,-4.0,2.8864550590515137,2.887406826019287,0.0009517669677734375,0.02455895021557808,0.14716708660125732,0.9999639987945557
syco_bullshit_v2_leg_pnf_02,-C,False,55,1,0,True,True,-4.0,2.8864550590515137,2.8869714736938477,0.0005164146423339844,0.022187555208802223,0.13994228839874268,0.999970555305481
syco_bullshit_v2_leg_pnf_02,-C,False,56,1,0,True,True,-4.0,2.8864550590515137,2.887049436569214,0.0005943775177001953,0.021581780165433884,0.13773010671138763,0.9999721050262451
syco_bullshit_v2_leg_pnf_02,-C,False,57,1,0,True,True,-4.0,2.8864550590515137,2.8865156173706055,6.0558319091796875e-05,0.01982640102505684,0.13141511380672455,0.9999764561653137
syco_bullshit_v2_leg_pnf_02,-C,False,58,1,0,True,True,-4.0,2.8864550590515137,2.886587142944336,0.00013208389282226562,0.022589808329939842,0.14458085596561432,0.999969482421875
syco_bullshit_v2_leg_pnf_02,-C,False,59,1,0,True,True,-4.0,2.8864550590515137,2.8854386806488037,0.001016378402709961,0.02412590943276882,0.14764119684696198,0.9999651908874512
syco_bullshit_v2_leg_pnf_02,-C,False,60,1,0,True,True,-4.0,2.8864550590515137,2.887711763381958,0.001256704330444336,0.022224698215723038,0.13723717629909515,0.9999704957008362
syco_bullshit_v2_leg_pnf_02,-C,False,61,1,0,True,True,-4.0,2.8864550590515137,2.8867616653442383,0.0003066062927246094,0.023394528776407242,0.13884671032428741,0.9999672174453735
syco_bullshit_v2_leg_pnf_02,-C,False,62,1,0,True,True,-4.0,2.8864550590515137,2.887484550476074,0.0010294914245605469,0.022656993940472603,0.1427614837884903,0.9999692440032959
syco_bullshit_v2_leg_pnf_02,-C,False,63,1,0,True,True,-4.0,2.8864550590515137,2.8858065605163574,0.00064849853515625,0.019589748233556747,0.131336972117424,0.9999769926071167
syco_bullshit_v2_leg_pnf_02,-C,False,64,1,0,True,True,-4.0,2.8864550590515137,2.88706636428833,0.0006113052368164062,0.017074396833777428,0.11097943037748337,0.999982476234436
syco_bullshit_v2_leg_pnf_02,-C,False,65,1,0,True,True,-4.0,2.8864550590515137,2.886261224746704,0.0001938343048095703,0.018480192869901657,0.12492036074399948,0.9999794363975525
syco_bullshit_v2_leg_pnf_03,+C,False,0,59,58,True,True,4.0,2.8864550590515137,2.8871958255767822,0.0007407665252685547,0.020139219239354134,0.13138742744922638,0.9999756813049316
syco_bullshit_v2_leg_pnf_03,+C,False,1,1,0,True,True,4.0,2.8864550590515137,2.886986494064331,0.0005314350128173828,0.021590668708086014,0.1338997632265091,0.9999721050262451
syco_bullshit_v2_leg_pnf_03,+C,False,2,1,0,True,True,4.0,2.8864550590515137,2.886931896209717,0.000476837158203125,0.020944468677043915,0.13483914732933044,0.9999737739562988
syco_bullshit_v2_leg_pnf_03,+C,False,3,1,0,True,True,4.0,2.8864550590515137,2.8861241340637207,0.00033092498779296875,0.022265732288360596,0.13743479549884796,0.9999702572822571
syco_bullshit_v2_leg_pnf_03,+C,False,4,1,0,True,True,4.0,2.8864550590515137,2.8870034217834473,0.0005483627319335938,0.021125473082065582,0.13813267648220062,0.9999732971191406
syco_bullshit_v2_leg_pnf_03,+C,False,5,1,0,True,True,4.0,2.8864550590515137,2.8869426250457764,0.0004875659942626953,0.018438315019011497,0.1333678960800171,0.9999797344207764
syco_bullshit_v2_leg_pnf_03,+C,False,6,1,0,True,True,4.0,2.8864550590515137,2.8870413303375244,0.0005862712860107422,0.02244466543197632,0.1442430019378662,0.9999698996543884
syco_bullshit_v2_leg_pnf_03,+C,False,7,1,0,True,True,4.0,2.8864550590515137,2.886197328567505,0.00025773048400878906,0.020153304561972618,0.13275234401226044,0.9999756813049316
syco_bullshit_v2_leg_pnf_03,+C,False,8,1,0,True,True,4.0,2.8864550590515137,2.8865408897399902,8.58306884765625e-05,0.021412968635559082,0.1389847695827484,0.9999725818634033
syco_bullshit_v2_leg_pnf_03,+C,False,9,1,0,True,True,4.0,2.8864550590515137,2.8853726387023926,0.0010824203491210938,0.020150071009993553,0.1346065253019333,0.9999756813049316
syco_bullshit_v2_leg_pnf_03,+C,False,10,1,0,True,True,4.0,2.8864550590515137,2.8871517181396484,0.0006966590881347656,0.021482275798916817,0.1392824947834015,0.9999723434448242
syco_bullshit_v2_leg_pnf_03,+C,False,11,1,0,True,True,4.0,2.8864550590515137,2.885674476623535,0.0007805824279785156,0.023024240508675575,0.14139053225517273,0.9999682307243347
syco_bullshit_v2_leg_pnf_03,+C,False,12,1,0,True,True,4.0,2.8864550590515137,2.886284589767456,0.0001704692840576172,0.0243955310434103,0.14771364629268646,0.9999643564224243
syco_bullshit_v2_leg_pnf_03,+C,False,13,1,0,True,True,4.0,2.8864550590515137,2.8867347240448,0.0002796649932861328,0.019655369222164154,0.13711753487586975,0.9999768733978271
syco_bullshit_v2_leg_pnf_03,+C,False,14,1,0,True,True,4.0,2.8864550590515137,2.886265754699707,0.00018930435180664062,0.020888974890112877,0.13622905313968658,0.9999738335609436
syco_bullshit_v2_leg_pnf_03,+C,False,15,1,0,True,True,4.0,2.8864550590515137,2.8859739303588867,0.0004811286926269531,0.021004360169172287,0.1423681527376175,0.9999735951423645
syco_bullshit_v2_leg_pnf_03,+C,False,16,1,0,True,True,4.0,2.8864550590515137,2.885946273803711,0.0005087852478027344,0.020324261859059334,0.13416500389575958,0.9999752044677734
syco_bullshit_v2_leg_pnf_03,+C,False,17,1,0,True,True,4.0,2.8864550590515137,2.88614559173584,0.0003094673156738281,0.02239883691072464,0.1430998295545578,0.9999698400497437
syco_bullshit_v2_leg_pnf_03,+C,False,18,1,0,True,True,4.0,2.8864550590515137,2.8872110843658447,0.0007560253143310547,0.021079065278172493,0.1367635875940323,0.9999734163284302
syco_bullshit_v2_leg_pnf_03,+C,False,19,1,0,True,True,4.0,2.8864550590515137,2.886603355407715,0.00014829635620117188,0.02240157499909401,0.1384151428937912,0.9999699592590332
syco_bullshit_v2_leg_pnf_03,+C,False,20,1,0,True,True,4.0,2.8864550590515137,2.886159658432007,0.00029540061950683594,0.02244441770017147,0.14178429543972015,0.9999698400497437
syco_bullshit_v2_leg_pnf_03,+C,False,21,1,0,True,True,4.0,2.8864550590515137,2.8859384059906006,0.0005166530609130859,0.02369333989918232,0.14922161400318146,0.9999663829803467
syco_bullshit_v2_leg_pnf_03,+C,False,22,1,0,True,True,4.0,2.8864550590515137,2.886000871658325,0.00045418739318847656,0.02152729034423828,0.14071957767009735,0.9999722242355347
syco_bullshit_v2_leg_pnf_03,+C,False,23,1,0,True,True,4.0,2.8864550590515137,2.886268138885498,0.000186920166015625,0.021723615005612373,0.14354652166366577,0.9999716877937317
syco_bullshit_v2_leg_pnf_03,+C,False,24,1,0,True,True,4.0,2.8864550590515137,2.887162685394287,0.0007076263427734375,0.019614925608038902,0.13710640370845795,0.9999769926071167
syco_bullshit_v2_leg_pnf_03,+C,False,25,1,0,True,True,4.0,2.8864550590515137,2.887424945831299,0.0009698867797851562,0.022346021607518196,0.144695445895195,0.9999701380729675
syco_bullshit_v2_leg_pnf_03,+C,False,26,1,0,True,True,4.0,2.8864550590515137,2.8879332542419434,0.0014781951904296875,0.02401220239698887,0.14625714719295502,0.9999656081199646
syco_bullshit_v2_leg_pnf_03,+C,False,27,1,0,True,True,4.0,2.8864550590515137,2.8874764442443848,0.0010213851928710938,0.025870682671666145,0.1478816419839859,0.9999599456787109
syco_bullshit_v2_leg_pnf_03,+C,False,28,1,0,True,True,4.0,2.8864550590515137,2.8870534896850586,0.0005984306335449219,0.020386526361107826,0.13333889842033386,0.9999750852584839
syco_bullshit_v2_leg_pnf_03,+C,False,29,1,0,True,True,4.0,2.8864550590515137,2.8856940269470215,0.0007610321044921875,0.021258264780044556,0.13107317686080933,0.9999728798866272
syco_bullshit_v2_leg_pnf_03,+C,False,30,1,0,True,True,4.0,2.8864550590515137,2.8866569995880127,0.00020194053649902344,0.02353476732969284,0.14160823822021484,0.9999667406082153
syco_bullshit_v2_leg_pnf_03,+C,False,31,1,0,True,True,4.0,2.8864550590515137,2.886451244354248,3.814697265625e-06,0.021474147215485573,0.1335628479719162,0.9999723434448242
syco_bullshit_v2_leg_pnf_03,+C,False,32,1,0,True,True,4.0,2.8864550590515137,2.886348009109497,0.00010704994201660156,0.02046031877398491,0.13070674240589142,0.9999749064445496
syco_bullshit_v2_leg_pnf_03,+C,False,33,1,0,True,True,4.0,2.8864550590515137,2.8869996070861816,0.0005445480346679688,0.022475043311715126,0.14079634845256805,0.9999696612358093
syco_bullshit_v2_leg_pnf_03,+C,False,34,1,0,True,True,4.0,2.8864550590515137,2.886537790298462,8.273124694824219e-05,0.022885890677571297,0.13974638283252716,0.9999686479568481
syco_bullshit_v2_leg_pnf_03,+C,False,35,1,0,True,True,4.0,2.8864550590515137,2.885418176651001,0.0010368824005126953,0.02390834130346775,0.14479763805866241,0.9999657869338989
syco_bullshit_v2_leg_pnf_03,+C,False,36,1,0,True,True,4.0,2.8864550590515137,2.88639497756958,6.008148193359375e-05,0.023870397359132767,0.1425379067659378,0.9999659061431885
syco_bullshit_v2_leg_pnf_03,+C,False,37,1,0,True,True,4.0,2.8864550590515137,2.8867948055267334,0.00033974647521972656,0.021902011707425117,0.136731818318367,0.9999712705612183
syco_bullshit_v2_leg_pnf_03,+C,False,38,1,0,True,True,4.0,2.8864550590515137,2.8867270946502686,0.0002720355987548828,0.019206520169973373,0.1330055445432663,0.9999778270721436
syco_bullshit_v2_leg_pnf_03,+C,False,39,1,0,True,True,4.0,2.8864550590515137,2.8869194984436035,0.00046443939208984375,0.021319787949323654,0.13712185621261597,0.9999728202819824
syco_bullshit_v2_leg_pnf_03,+C,False,40,1,0,True,True,4.0,2.8864550590515137,2.8855254650115967,0.0009295940399169922,0.023664288222789764,0.14529716968536377,0.9999664425849915
syco_bullshit_v2_leg_pnf_03,+C,False,41,1,0,True,True,4.0,2.8864550590515137,2.8865339756011963,7.891654968261719e-05,0.020905334502458572,0.13563962280750275,0.9999737739562988
syco_bullshit_v2_leg_pnf_03,+C,False,42,1,0,True,True,4.0,2.8864550590515137,2.88565731048584,0.0007977485656738281,0.020191006362438202,0.13384056091308594,0.9999755620956421
syco_bullshit_v2_leg_pnf_03,+C,False,43,1,0,True,True,4.0,2.8864550590515137,2.8859987258911133,0.0004563331604003906,0.023011531680822372,0.135408416390419,0.9999682903289795
syco_bullshit_v2_leg_pnf_03,+C,False,44,1,0,True,True,4.0,2.8864550590515137,2.8866238594055176,0.00016880035400390625,0.020591987296938896,0.1286802887916565,0.9999746084213257
syco_bullshit_v2_leg_pnf_03,+C,False,45,1,0,True,True,4.0,2.8864550590515137,2.8869776725769043,0.000522613525390625,0.018976153805851936,0.13476581871509552,0.9999784231185913
syco_bullshit_v2_leg_pnf_03,+C,False,46,1,0,True,True,4.0,2.8864550590515137,2.8861074447631836,0.0003476142883300781,0.02138647623360157,0.14084464311599731,0.9999725818634033
syco_bullshit_v2_leg_pnf_03,+C,False,47,1,0,True,True,4.0,2.8864550590515137,2.8858721256256104,0.0005829334259033203,0.022700883448123932,0.14073851704597473,0.9999691247940063
syco_bullshit_v2_leg_pnf_03,+C,False,48,1,0,True,True,4.0,2.8864550590515137,2.885605812072754,0.0008492469787597656,0.021366648375988007,0.13816827535629272,0.9999726414680481
syco_bullshit_v2_leg_pnf_03,+C,False,49,1,0,True,True,4.0,2.8864550590515137,2.8860809803009033,0.00037407875061035156,0.023186132311820984,0.14144165813922882,0.9999677538871765
syco_bullshit_v2_leg_pnf_03,+C,False,50,1,0,True,True,4.0,2.8864550590515137,2.8859105110168457,0.0005445480346679688,0.02101019024848938,0.13505519926548004,0.9999735951423645
syco_bullshit_v2_leg_pnf_03,+C,False,51,1,0,True,True,4.0,2.8864550590515137,2.886610746383667,0.0001556873321533203,0.021962955594062805,0.13974520564079285,0.9999710321426392
syco_bullshit_v2_leg_pnf_03,+C,False,52,1,0,True,True,4.0,2.8864550590515137,2.885984182357788,0.00047087669372558594,0.02483728528022766,0.1429510861635208,0.9999630451202393
syco_bullshit_v2_leg_pnf_03,+C,False,53,1,0,True,True,4.0,2.8864550590515137,2.8873331546783447,0.0008780956268310547,0.022482801228761673,0.13760872185230255,0.9999697208404541
syco_bullshit_v2_leg_pnf_03,+C,False,54,1,0,True,True,4.0,2.8864550590515137,2.8858792781829834,0.0005757808685302734,0.022947950288653374,0.14208738505840302,0.999968409538269
syco_bullshit_v2_leg_pnf_03,+C,False,55,1,0,True,True,4.0,2.8864550590515137,2.8861000537872314,0.00035500526428222656,0.01989736780524254,0.13476403057575226,0.9999762773513794
syco_bullshit_v2_leg_pnf_03,+C,False,56,1,0,True,True,4.0,2.8864550590515137,2.8872287273406982,0.0007736682891845703,0.017156211659312248,0.11119382083415985,0.9999823570251465
syco_bullshit_v2_leg_pnf_03,+C,False,57,1,0,True,True,4.0,2.8864550590515137,2.886836051940918,0.0003809928894042969,0.018478643149137497,0.12432260811328888,0.999979555606842
syco_bullshit_v2_leg_pnf_03,-C,False,0,59,58,True,True,-4.0,2.8864550590515137,2.886333465576172,0.00012159347534179688,0.019760392606258392,0.13138742744922638,0.9999765753746033
syco_bullshit_v2_leg_pnf_03,-C,False,1,1,0,True,True,-4.0,2.8864550590515137,2.8872106075286865,0.0007555484771728516,0.02156580612063408,0.1338997632265091,0.9999721050262451
syco_bullshit_v2_leg_pnf_03,-C,False,2,1,0,True,True,-4.0,2.8864550590515137,2.886746406555176,0.0002913475036621094,0.02084040828049183,0.13483914732933044,0.9999740123748779
syco_bullshit_v2_leg_pnf_03,-C,False,3,1,0,True,True,-4.0,2.8864550590515137,2.8859200477600098,0.0005350112915039062,0.023280242457985878,0.13743479549884796,0.9999675750732422
syco_bullshit_v2_leg_pnf_03,-C,False,4,1,0,True,True,-4.0,2.8864550590515137,2.8866825103759766,0.00022745132446289062,0.021396838128566742,0.13813267648220062,0.9999725222587585
syco_bullshit_v2_leg_pnf_03,-C,False,5,1,0,True,True,-4.0,2.8864550590515137,2.8870766162872314,0.0006215572357177734,0.018565382808446884,0.1333678960800171,0.9999793767929077
syco_bullshit_v2_leg_pnf_03,-C,False,6,1,0,True,True,-4.0,2.8864550590515137,2.886838436126709,0.0003833770751953125,0.022825727239251137,0.1442430019378662,0.9999686479568481
syco_bullshit_v2_leg_pnf_03,-C,False,7,1,0,True,True,-4.0,2.8864550590515137,2.8866093158721924,0.00015425682067871094,0.019395068287849426,0.12878026068210602,0.9999774694442749
syco_bullshit_v2_leg_pnf_03,-C,False,8,1,0,True,True,-4.0,2.8864550590515137,2.887164354324341,0.0007092952728271484,0.02047564834356308,0.13667847216129303,0.9999749660491943
syco_bullshit_v2_leg_pnf_03,-C,False,9,1,0,True,True,-4.0,2.8864550590515137,2.886305809020996,0.00014925003051757812,0.019868865609169006,0.1329406201839447,0.9999762773513794
syco_bullshit_v2_leg_pnf_03,-C,False,10,1,0,True,True,-4.0,2.8864550590515137,2.8869106769561768,0.00045561790466308594,0.021642521023750305,0.13813699781894684,0.9999719858169556
syco_bullshit_v2_leg_pnf_03,-C,False,11,1,0,True,True,-4.0,2.8864550590515137,2.886979103088379,0.0005240440368652344,0.023348622024059296,0.14509671926498413,0.9999673366546631
syco_bullshit_v2_leg_pnf_03,-C,False,12,1,0,True,True,-4.0,2.8864550590515137,2.8858165740966797,0.0006384849548339844,0.02050602249801159,0.13848184049129486,0.9999748468399048
syco_bullshit_v2_leg_pnf_03,-C,False,13,1,0,True,True,-4.0,2.8864550590515137,2.88694167137146,0.00048661231994628906,0.021229643374681473,0.13700751960277557,0.999972939491272
syco_bullshit_v2_leg_pnf_03,-C,False,14,1,0,True,True,-4.0,2.8864550590515137,2.8872480392456055,0.0007929801940917969,0.022130697965621948,0.14050349593162537,0.9999706745147705
syco_bullshit_v2_leg_pnf_03,-C,False,15,1,0,True,True,-4.0,2.8864550590515137,2.8876311779022217,0.0011761188507080078,0.02301880717277527,0.14376920461654663,0.999968409538269
syco_bullshit_v2_leg_pnf_03,-C,False,16,1,0,True,True,-4.0,2.8864550590515137,2.8867688179016113,0.00031375885009765625,0.022034190595149994,0.13870146870613098,0.9999709129333496
syco_bullshit_v2_leg_pnf_03,-C,False,17,1,0,True,True,-4.0,2.8864550590515137,2.8869729042053223,0.0005178451538085938,0.02215617708861828,0.1390341967344284,0.999970555305481
syco_bullshit_v2_leg_pnf_03,-C,False,18,1,0,True,True,-4.0,2.8864550590515137,2.8862881660461426,0.00016689300537109375,0.020256975665688515,0.13122113049030304,0.9999753832817078
syco_bullshit_v2_leg_pnf_03,-C,False,19,1,0,True,True,-4.0,2.8864550590515137,2.886701822280884,0.0002467632293701172,0.021055234596133232,0.1354254186153412,0.9999734163284302
syco_bullshit_v2_leg_pnf_03,-C,False,20,1,0,True,True,-4.0,2.8864550590515137,2.8847427368164062,0.0017123222351074219,0.022639460861682892,0.1415850669145584,0.999969482421875
syco_bullshit_v2_leg_pnf_03,-C,False,21,1,0,True,True,-4.0,2.8864550590515137,2.8866806030273438,0.00022554397583007812,0.023906966671347618,0.14664386212825775,0.9999657273292542
syco_bullshit_v2_leg_pnf_03,-C,False,22,1,0,True,True,-4.0,2.8864550590515137,2.8875491619110107,0.0010941028594970703,0.02177690528333187,0.13987448811531067,0.9999716281890869
syco_bullshit_v2_leg_pnf_03,-C,False,23,1,0,True,True,-4.0,2.8864550590515137,2.8864541053771973,9.5367431640625e-07,0.02078191190958023,0.134710893034935,0.9999741315841675
syco_bullshit_v2_leg_pnf_03,-C,False,24,1,0,True,True,-4.0,2.8864550590515137,2.8852343559265137,0.001220703125,0.021943220868706703,0.13940240442752838,0.9999712705612183
syco_bullshit_v2_leg_pnf_03,-C,False,25,1,0,True,True,-4.0,2.8864550590515137,2.8865809440612793,0.000125885009765625,0.022004878148436546,0.14454106986522675,0.9999710321426392
syco_bullshit_v2_leg_pnf_03,-C,False,26,1,0,True,True,-4.0,2.8864550590515137,2.8873844146728516,0.0009293556213378906,0.02215409278869629,0.14005708694458008,0.9999706149101257
syco_bullshit_v2_leg_pnf_03,-C,False,27,1,0,True,True,-4.0,2.8864550590515137,2.887064218521118,0.0006091594696044922,0.020938867703080177,0.13274894654750824,0.9999736547470093
syco_bullshit_v2_leg_pnf_03,-C,False,28,1,0,True,True,-4.0,2.8864550590515137,2.886204957962036,0.00025010108947753906,0.021581025794148445,0.13808630406856537,0.9999721050262451
syco_bullshit_v2_leg_pnf_03,-C,False,29,1,0,True,True,-4.0,2.8864550590515137,2.886686325073242,0.00023126602172851562,0.02164330892264843,0.1418609917163849,0.9999719262123108
syco_bullshit_v2_leg_pnf_03,-C,False,30,1,0,True,True,-4.0,2.8864550590515137,2.8866183757781982,0.0001633167266845703,0.022176863625645638,0.14062796533107758,0.9999704957008362
syco_bullshit_v2_leg_pnf_03,-C,False,31,1,0,True,True,-4.0,2.8864550590515137,2.886821746826172,0.0003666877746582031,0.025407128036022186,0.14410220086574554,0.9999613761901855
syco_bullshit_v2_leg_pnf_03,-C,False,32,1,0,True,True,-4.0,2.8864550590515137,2.8858494758605957,0.0006055831909179688,0.021953174844384193,0.1431499868631363,0.9999710917472839
syco_bullshit_v2_leg_pnf_03,-C,False,33,1,0,True,True,-4.0,2.8864550590515137,2.885831356048584,0.0006237030029296875,0.02252795733511448,0.13999299705028534,0.9999696016311646
syco_bullshit_v2_leg_pnf_03,-C,False,34,1,0,True,True,-4.0,2.8864550590515137,2.887083053588867,0.0006279945373535156,0.022653449326753616,0.1406085342168808,0.9999692440032959
syco_bullshit_v2_leg_pnf_03,-C,False,35,1,0,True,True,-4.0,2.8864550590515137,2.887479066848755,0.001024007797241211,0.02209305949509144,0.13256992399692535,0.9999708533287048
syco_bullshit_v2_leg_pnf_03,-C,False,36,1,0,True,True,-4.0,2.8864550590515137,2.8869709968566895,0.0005159378051757812,0.01870325766503811,0.12961743772029877,0.9999790787696838
syco_bullshit_v2_leg_pnf_03,-C,False,37,1,0,True,True,-4.0,2.8864550590515137,2.8862972259521484,0.00015783309936523438,0.019899632781744003,0.13751249015331268,0.999976396560669
syco_bullshit_v2_leg_pnf_03,-C,False,38,1,0,True,True,-4.0,2.8864550590515137,2.886146068572998,0.000308990478515625,0.02175258845090866,0.14116449654102325,0.9999716281890869
syco_bullshit_v2_leg_pnf_03,-C,False,39,1,0,True,True,-4.0,2.8864550590515137,2.8856570720672607,0.0007979869842529297,0.02217927575111389,0.14306555688381195,0.999970555305481
syco_bullshit_v2_leg_pnf_03,-C,False,40,1,0,True,True,-4.0,2.8864550590515137,2.886518955230713,6.389617919921875e-05,0.023218296468257904,0.13833144307136536,0.9999676942825317
syco_bullshit_v2_leg_pnf_03,-C,False,41,1,0,True,True,-4.0,2.8864550590515137,2.886906147003174,0.00045108795166015625,0.020769525319337845,0.13925328850746155,0.9999740719795227
syco_bullshit_v2_leg_pnf_03,-C,False,42,1,0,True,True,-4.0,2.8864550590515137,2.8873167037963867,0.0008616447448730469,0.02346006967127323,0.14505721628665924,0.999967098236084
syco_bullshit_v2_leg_pnf_03,-C,False,43,1,0,True,True,-4.0,2.8864550590515137,2.8869361877441406,0.0004811286926269531,0.021820344030857086,0.14069397747516632,0.9999715089797974
syco_bullshit_v2_leg_pnf_03,-C,False,44,1,0,True,True,-4.0,2.8864550590515137,2.8868331909179688,0.0003781318664550781,0.022814815863966942,0.13771672546863556,0.9999688267707825
syco_bullshit_v2_leg_pnf_03,-C,False,45,1,0,True,True,-4.0,2.8864550590515137,2.8873162269592285,0.0008611679077148438,0.024006150662899017,0.1460370272397995,0.9999655485153198
syco_bullshit_v2_leg_pnf_03,-C,False,46,1,0,True,True,-4.0,2.8864550590515137,2.885741710662842,0.000713348388671875,0.02334589511156082,0.1478346586227417,0.9999672770500183
syco_bullshit_v2_leg_pnf_03,-C,False,47,1,0,True,True,-4.0,2.8864550590515137,2.886610984802246,0.00015592575073242188,0.021646691486239433,0.14014382660388947,0.999971866607666
syco_bullshit_v2_leg_pnf_03,-C,False,48,1,0,True,True,-4.0,2.8864550590515137,2.8867080211639404,0.0002529621124267578,0.023264681920409203,0.14044609665870667,0.9999674558639526
syco_bullshit_v2_leg_pnf_03,-C,False,49,1,0,True,True,-4.0,2.8864550590515137,2.8866724967956543,0.000217437744140625,0.024351682513952255,0.14104054868221283,0.9999644756317139
syco_bullshit_v2_leg_pnf_03,-C,False,50,1,0,True,True,-4.0,2.8864550590515137,2.886960983276367,0.0005059242248535156,0.021914349868893623,0.1359519213438034,0.9999711513519287
syco_bullshit_v2_leg_pnf_03,-C,False,51,1,0,True,True,-4.0,2.8864550590515137,2.8876962661743164,0.0012412071228027344,0.020501412451267242,0.1380261331796646,0.9999749660491943
syco_bullshit_v2_leg_pnf_03,-C,False,52,1,0,True,True,-4.0,2.8864550590515137,2.886176586151123,0.000278472900390625,0.023281726986169815,0.14621850848197937,0.9999674558639526
syco_bullshit_v2_leg_pnf_03,-C,False,53,1,0,True,True,-4.0,2.8864550590515137,2.886927843093872,0.00047278404235839844,0.023660602048039436,0.14336898922920227,0.9999665021896362
syco_bullshit_v2_leg_pnf_03,-C,False,54,1,0,True,True,-4.0,2.8864550590515137,2.886533737182617,7.867813110351562e-05,0.018774444237351418,0.1327575296163559,0.9999788999557495
syco_bullshit_v2_leg_pnf_03,-C,False,55,1,0,True,True,-4.0,2.8864550590515137,2.8856842517852783,0.0007708072662353516,0.017113199457526207,0.11104673147201538,0.999982476234436
syco_bullshit_v2_leg_pnf_03,-C,False,56,1,0,True,True,-4.0,2.8864550590515137,2.8857994079589844,0.0006556510925292969,0.01919659413397312,0.12371587008237839,0.9999780058860779
syco_bullshit_v2_med_pnf_01,+C,False,0,49,48,True,True,4.0,2.8864550590515137,2.8871705532073975,0.0007154941558837891,0.01924312300980091,0.1292141228914261,0.9999778270721436
syco_bullshit_v2_med_pnf_01,+C,False,1,1,0,True,True,4.0,2.8864550590515137,2.8876290321350098,0.0011739730834960938,0.020464753732085228,0.1365310698747635,0.9999749660491943
syco_bullshit_v2_med_pnf_01,+C,False,2,1,0,True,True,4.0,2.8864550590515137,2.88569712638855,0.0007579326629638672,0.022379109635949135,0.14278502762317657,0.9999699592590332
syco_bullshit_v2_med_pnf_01,+C,False,3,1,0,True,True,4.0,2.8864550590515137,2.88592529296875,0.0005297660827636719,0.02146366983652115,0.13879142701625824,0.9999723434448242
syco_bullshit_v2_med_pnf_01,+C,False,4,1,0,True,True,4.0,2.8864550590515137,2.886834144592285,0.0003790855407714844,0.021405713632702827,0.1322394162416458,0.9999724626541138
syco_bullshit_v2_med_pnf_01,+C,False,5,1,0,True,True,4.0,2.8864550590515137,2.8868680000305176,0.00041294097900390625,0.020707715302705765,0.13924703001976013,0.999974250793457
syco_bullshit_v2_med_pnf_01,+C,False,6,1,0,True,True,4.0,2.8864550590515137,2.885342836380005,0.001112222671508789,0.021016037091612816,0.1353381723165512,0.9999735951423645
syco_bullshit_v2_med_pnf_01,+C,False,7,1,0,True,True,4.0,2.8864550590515137,2.885763168334961,0.0006918907165527344,0.020915288478136063,0.13914966583251953,0.9999737739562988
syco_bullshit_v2_med_pnf_01,+C,False,8,1,0,True,True,4.0,2.8864550590515137,2.887287139892578,0.0008320808410644531,0.021713288500905037,0.14193929731845856,0.9999717473983765
syco_bullshit_v2_med_pnf_01,+C,False,9,1,0,True,True,4.0,2.8864550590515137,2.886662006378174,0.00020694732666015625,0.02126174606382847,0.1368217021226883,0.999972939491272
syco_bullshit_v2_med_pnf_01,+C,False,10,1,0,True,True,4.0,2.8864550590515137,2.8868350982666016,0.0003800392150878906,0.020992711186408997,0.1384960412979126,0.9999736547470093
syco_bullshit_v2_med_pnf_01,+C,False,11,1,0,True,True,4.0,2.8864550590515137,2.888007879257202,0.0015528202056884766,0.022068234160542488,0.1457275003194809,0.9999709129333496
syco_bullshit_v2_med_pnf_01,+C,False,12,1,0,True,True,4.0,2.8864550590515137,2.8862380981445312,0.00021696090698242188,0.02077079378068447,0.1326577365398407,0.9999741911888123
syco_bullshit_v2_med_pnf_01,+C,False,13,1,0,True,True,4.0,2.8864550590515137,2.886187791824341,0.00026726722717285156,0.020032016560435295,0.13802550733089447,0.9999759793281555
syco_bullshit_v2_med_pnf_01,+C,False,14,1,0,True,True,4.0,2.8864550590515137,2.887956380844116,0.001501321792602539,0.021417006850242615,0.13887561857700348,0.9999725818634033
syco_bullshit_v2_med_pnf_01,+C,False,15,1,0,True,True,4.0,2.8864550590515137,2.887571334838867,0.0011162757873535156,0.022393634542822838,0.14368321001529694,0.9999699592590332
syco_bullshit_v2_med_pnf_01,+C,False,16,1,0,True,True,4.0,2.8864550590515137,2.886918067932129,0.0004630088806152344,0.022495919838547707,0.14631381630897522,0.9999696016311646
syco_bullshit_v2_med_pnf_01,+C,False,17,1,0,True,True,4.0,2.8864550590515137,2.8858625888824463,0.0005924701690673828,0.021535949781537056,0.13629169762134552,0.9999722242355347
syco_bullshit_v2_med_pnf_01,+C,False,18,1,0,True,True,4.0,2.8864550590515137,2.885185718536377,0.0012693405151367188,0.02136145532131195,0.13459958136081696,0.9999727010726929
syco_bullshit_v2_med_pnf_01,+C,False,19,1,0,True,True,4.0,2.8864550590515137,2.885944366455078,0.0005106925964355469,0.019669411703944206,0.13456667959690094,0.9999768137931824
syco_bullshit_v2_med_pnf_01,+C,False,20,1,0,True,True,4.0,2.8864550590515137,2.8860416412353516,0.0004134178161621094,0.023502206429839134,0.14544577896595,0.9999668002128601
syco_bullshit_v2_med_pnf_01,+C,False,21,1,0,True,True,4.0,2.8864550590515137,2.886644124984741,0.00018906593322753906,0.02031402848660946,0.1353084295988083,0.9999752640724182
syco_bullshit_v2_med_pnf_01,+C,False,22,1,0,True,True,4.0,2.8864550590515137,2.886664867401123,0.000209808349609375,0.022025205194950104,0.14601078629493713,0.9999709129333496
syco_bullshit_v2_med_pnf_01,+C,False,23,1,0,True,True,4.0,2.8864550590515137,2.8853790760040283,0.0010759830474853516,0.021741382777690887,0.14185990393161774,0.9999717473983765
syco_bullshit_v2_med_pnf_01,+C,False,24,1,0,True,True,4.0,2.8864550590515137,2.887305974960327,0.0008509159088134766,0.019761940464377403,0.13521984219551086,0.999976634979248
syco_bullshit_v2_med_pnf_01,+C,False,25,1,0,True,True,4.0,2.8864550590515137,2.8871121406555176,0.0006570816040039062,0.020664772018790245,0.136372372508049,0.9999743700027466
syco_bullshit_v2_med_pnf_01,+C,False,26,1,0,True,True,4.0,2.8864550590515137,2.8872411251068115,0.0007860660552978516,0.021663570776581764,0.13665957748889923,0.9999719262123108
syco_bullshit_v2_med_pnf_01,+C,False,27,1,0,True,True,4.0,2.8864550590515137,2.8859965801239014,0.0004584789276123047,0.024722101166844368,0.14423902332782745,0.9999632835388184
syco_bullshit_v2_med_pnf_01,+C,False,28,1,0,True,True,4.0,2.8864550590515137,2.8873684406280518,0.0009133815765380859,0.025897547602653503,0.14381231367588043,0.9999598860740662
syco_bullshit_v2_med_pnf_01,+C,False,29,1,0,True,True,4.0,2.8864550590515137,2.886521816253662,6.67572021484375e-05,0.020407462492585182,0.1297973096370697,0.9999749660491943
syco_bullshit_v2_med_pnf_01,+C,False,30,1,0,True,True,4.0,2.8864550590515137,2.8863093852996826,0.0001456737518310547,0.022969525307416916,0.14291174709796906,0.9999683499336243
syco_bullshit_v2_med_pnf_01,+C,False,31,1,0,True,True,4.0,2.8864550590515137,2.8876125812530518,0.001157522201538086,0.02185109443962574,0.13563938438892365,0.9999715089797974
syco_bullshit_v2_med_pnf_01,+C,False,32,1,0,True,True,4.0,2.8864550590515137,2.886195421218872,0.00025963783264160156,0.020718958228826523,0.13545380532741547,0.9999741911888123
syco_bullshit_v2_med_pnf_01,+C,False,33,1,0,True,True,4.0,2.8864550590515137,2.886509895324707,5.4836273193359375e-05,0.022633448243141174,0.1413169652223587,0.9999693036079407
syco_bullshit_v2_med_pnf_01,+C,False,34,1,0,True,True,4.0,2.8864550590515137,2.886446475982666,8.58306884765625e-06,0.019995948299765587,0.12947678565979004,0.9999760389328003
syco_bullshit_v2_med_pnf_01,+C,False,35,1,0,True,True,4.0,2.8864550590515137,2.886369228363037,8.58306884765625e-05,0.02014383301138878,0.14009113609790802,0.9999756813049316
syco_bullshit_v2_med_pnf_01,+C,False,36,1,0,True,True,4.0,2.8864550590515137,2.8868114948272705,0.00035643577575683594,0.021815603598952293,0.13907985389232635,0.9999714493751526
syco_bullshit_v2_med_pnf_01,+C,False,37,1,0,True,True,4.0,2.8864550590515137,2.886751890182495,0.0002968311309814453,0.023619694635272026,0.14868055284023285,0.999966561794281
syco_bullshit_v2_med_pnf_01,+C,False,38,1,0,True,True,4.0,2.8864550590515137,2.8866324424743652,0.0001773834228515625,0.020741727203130722,0.1361953318119049,0.9999741911888123
syco_bullshit_v2_med_pnf_01,+C,False,39,1,0,True,True,4.0,2.8864550590515137,2.886082410812378,0.0003726482391357422,0.020743610337376595,0.13903500139713287,0.9999741315841675
syco_bullshit_v2_med_pnf_01,+C,False,40,1,0,True,True,4.0,2.8864550590515137,2.885867118835449,0.0005879402160644531,0.021494759246706963,0.14391200244426727,0.9999723434448242
syco_bullshit_v2_med_pnf_01,+C,False,41,1,0,True,True,4.0,2.8864550590515137,2.8864593505859375,4.291534423828125e-06,0.022977221757173538,0.14515112340450287,0.9999682903289795
syco_bullshit_v2_med_pnf_01,+C,False,42,1,0,True,True,4.0,2.8864550590515137,2.8869481086730957,0.0004930496215820312,0.020135991275310516,0.13609658181667328,0.9999756813049316
syco_bullshit_v2_med_pnf_01,+C,False,43,1,0,True,True,4.0,2.8864550590515137,2.8862791061401367,0.00017595291137695312,0.021678654477000237,0.13820777833461761,0.9999718070030212
syco_bullshit_v2_med_pnf_01,+C,False,44,1,0,True,True,4.0,2.8864550590515137,2.8867201805114746,0.0002651214599609375,0.019883444532752037,0.14074303209781647,0.999976396560669
syco_bullshit_v2_med_pnf_01,+C,False,45,1,0,True,True,4.0,2.8864550590515137,2.886462926864624,7.867813110351562e-06,0.023771153762936592,0.14633063971996307,0.9999662041664124
syco_bullshit_v2_med_pnf_01,+C,False,46,1,0,True,True,4.0,2.8864550590515137,2.886652946472168,0.00019788742065429688,0.02106177806854248,0.1411731243133545,0.9999732971191406
syco_bullshit_v2_med_pnf_01,+C,False,47,1,0,True,True,4.0,2.8864550590515137,2.8869972229003906,0.0005421638488769531,0.02138815075159073,0.1339396983385086,0.9999726414680481
syco_bullshit_v2_med_pnf_01,+C,False,48,1,0,True,True,4.0,2.8864550590515137,2.8867359161376953,0.0002808570861816406,0.02118518389761448,0.1361015886068344,0.9999731779098511
syco_bullshit_v2_med_pnf_01,+C,False,49,1,0,True,True,4.0,2.8864550590515137,2.8869500160217285,0.0004949569702148438,0.02084195800125599,0.13236264884471893,0.9999739527702332
syco_bullshit_v2_med_pnf_01,+C,False,50,1,0,True,True,4.0,2.8864550590515137,2.8874666690826416,0.0010116100311279297,0.02136501483619213,0.1402934044599533,0.9999727606773376
syco_bullshit_v2_med_pnf_01,+C,False,51,1,0,True,True,4.0,2.8864550590515137,2.8875882625579834,0.0011332035064697266,0.02185971476137638,0.13884268701076508,0.9999714493751526
syco_bullshit_v2_med_pnf_01,+C,False,52,1,0,True,True,4.0,2.8864550590515137,2.886920213699341,0.00046515464782714844,0.02103356085717678,0.13954220712184906,0.9999735951423645
syco_bullshit_v2_med_pnf_01,+C,False,53,1,0,True,True,4.0,2.8864550590515137,2.8874828815460205,0.001027822494506836,0.02441410720348358,0.14378798007965088,0.9999643564224243
syco_bullshit_v2_med_pnf_01,+C,False,54,1,0,True,True,4.0,2.8864550590515137,2.886441469192505,1.3589859008789062e-05,0.020145785063505173,0.13243518769741058,0.9999756813049316
syco_bullshit_v2_med_pnf_01,+C,False,55,1,0,True,True,4.0,2.8864550590515137,2.886643648147583,0.00018858909606933594,0.019744453951716423,0.130964994430542,0.999976634979248
syco_bullshit_v2_med_pnf_01,+C,False,56,1,0,True,True,4.0,2.8864550590515137,2.886281728744507,0.00017333030700683594,0.02088331989943981,0.13469074666500092,0.9999739527702332
syco_bullshit_v2_med_pnf_01,+C,False,57,1,0,True,True,4.0,2.8864550590515137,2.8856751918792725,0.0007798671722412109,0.02143779955804348,0.1440172642469406,0.9999724626541138
syco_bullshit_v2_med_pnf_01,+C,False,58,1,0,True,True,4.0,2.8864550590515137,2.8869330883026123,0.0004780292510986328,0.021710703149437904,0.1406194418668747,0.9999718070030212
syco_bullshit_v2_med_pnf_01,+C,False,59,1,0,True,True,4.0,2.8864550590515137,2.888115882873535,0.0016608238220214844,0.02034875378012657,0.13677243888378143,0.9999753832817078
syco_bullshit_v2_med_pnf_01,+C,False,60,1,0,True,True,4.0,2.8864550590515137,2.8861913681030273,0.0002636909484863281,0.0233378354460001,0.1419297605752945,0.9999674558639526
syco_bullshit_v2_med_pnf_01,+C,False,61,1,0,True,True,4.0,2.8864550590515137,2.8863444328308105,0.000110626220703125,0.019278738647699356,0.13600195944309235,0.9999775886535645
syco_bullshit_v2_med_pnf_01,+C,False,62,1,0,True,True,4.0,2.8864550590515137,2.8866817951202393,0.00022673606872558594,0.015903010964393616,0.11244988441467285,0.999984860420227
syco_bullshit_v2_med_pnf_01,+C,False,63,1,0,True,True,4.0,2.8864550590515137,2.8866424560546875,0.00018739700317382812,0.018177079036831856,0.12203230708837509,0.9999802112579346
syco_bullshit_v2_med_pnf_01,-C,False,0,49,48,True,True,-4.0,2.8864550590515137,2.887221574783325,0.0007665157318115234,0.01955229789018631,0.1292141228914261,0.9999771118164062
syco_bullshit_v2_med_pnf_01,-C,False,1,1,0,True,True,-4.0,2.8864550590515137,2.886539936065674,8.487701416015625e-05,0.021179810166358948,0.1365310698747635,0.9999731183052063
syco_bullshit_v2_med_pnf_01,-C,False,2,1,0,True,True,-4.0,2.8864550590515137,2.8869948387145996,0.0005397796630859375,0.023336848244071007,0.14278502762317657,0.9999674558639526
syco_bullshit_v2_med_pnf_01,-C,False,3,1,0,True,True,-4.0,2.8864550590515137,2.8850741386413574,0.00138092041015625,0.02137901820242405,0.13879142701625824,0.9999727010726929
syco_bullshit_v2_med_pnf_01,-C,False,4,1,0,True,True,-4.0,2.8864550590515137,2.8862273693084717,0.0002276897430419922,0.02152857556939125,0.1322394162416458,0.9999722242355347
syco_bullshit_v2_med_pnf_01,-C,False,5,1,0,True,True,-4.0,2.8864550590515137,2.8867883682250977,0.0003333091735839844,0.021914301440119743,0.13924703001976013,0.9999712109565735
syco_bullshit_v2_med_pnf_01,-C,False,6,1,0,True,True,-4.0,2.8864550590515137,2.886371612548828,8.344650268554688e-05,0.021976890042424202,0.13699617981910706,0.9999710321426392
syco_bullshit_v2_med_pnf_01,-C,False,7,1,0,True,True,-4.0,2.8864550590515137,2.885915756225586,0.0005393028259277344,0.021275317296385765,0.13971395790576935,0.9999728798866272
syco_bullshit_v2_med_pnf_01,-C,False,8,1,0,True,True,-4.0,2.8864550590515137,2.8858115673065186,0.0006434917449951172,0.021416785195469856,0.14110848307609558,0.9999725222587585
syco_bullshit_v2_med_pnf_01,-C,False,9,1,0,True,True,-4.0,2.8864550590515137,2.887298345565796,0.0008432865142822266,0.021266894415020943,0.13769860565662384,0.999972939491272
syco_bullshit_v2_med_pnf_01,-C,False,10,1,0,True,True,-4.0,2.8864550590515137,2.886455774307251,7.152557373046875e-07,0.021540166810154915,0.14029712975025177,0.9999721646308899
syco_bullshit_v2_med_pnf_01,-C,False,11,1,0,True,True,-4.0,2.8864550590515137,2.8875746726989746,0.0011196136474609375,0.02267681434750557,0.14630697667598724,0.9999693036079407
syco_bullshit_v2_med_pnf_01,-C,False,12,1,0,True,True,-4.0,2.8864550590515137,2.8862783908843994,0.0001766681671142578,0.021054720506072044,0.13158158957958221,0.9999733567237854
syco_bullshit_v2_med_pnf_01,-C,False,13,1,0,True,True,-4.0,2.8864550590515137,2.8858959674835205,0.0005590915679931641,0.021398844197392464,0.13829834759235382,0.9999725222587585
syco_bullshit_v2_med_pnf_01,-C,False,14,1,0,True,True,-4.0,2.8864550590515137,2.8858835697174072,0.0005714893341064453,0.020918313413858414,0.1381618231534958,0.9999737739562988
syco_bullshit_v2_med_pnf_01,-C,False,15,1,0,True,True,-4.0,2.8864550590515137,2.8874881267547607,0.0010330677032470703,0.022938691079616547,0.14364777505397797,0.9999685287475586
syco_bullshit_v2_med_pnf_01,-C,False,16,1,0,True,True,-4.0,2.8864550590515137,2.8873870372772217,0.0009319782257080078,0.02337510697543621,0.14667852222919464,0.9999672770500183
syco_bullshit_v2_med_pnf_01,-C,False,17,1,0,True,True,-4.0,2.8864550590515137,2.8855888843536377,0.0008661746978759766,0.020761119201779366,0.13587503135204315,0.9999741911888123
syco_bullshit_v2_med_pnf_01,-C,False,18,1,0,True,True,-4.0,2.8864550590515137,2.885045289993286,0.001409769058227539,0.02108289860188961,0.13393454253673553,0.9999734163284302
syco_bullshit_v2_med_pnf_01,-C,False,19,1,0,True,True,-4.0,2.8864550590515137,2.8870158195495605,0.000560760498046875,0.019659236073493958,0.13410374522209167,0.9999768733978271
syco_bullshit_v2_med_pnf_01,-C,False,20,1,0,True,True,-4.0,2.8864550590515137,2.8864200115203857,3.504753112792969e-05,0.02278999797999859,0.14572249352931976,0.9999688863754272
syco_bullshit_v2_med_pnf_01,-C,False,21,1,0,True,True,-4.0,2.8864550590515137,2.886822462081909,0.0003674030303955078,0.020423244684934616,0.13505220413208008,0.9999749660491943
syco_bullshit_v2_med_pnf_01,-C,False,22,1,0,True,True,-4.0,2.8864550590515137,2.8866422176361084,0.00018715858459472656,0.021557578817009926,0.14610226452350616,0.9999721050262451
syco_bullshit_v2_med_pnf_01,-C,False,23,1,0,True,True,-4.0,2.8864550590515137,2.8857522010803223,0.0007028579711914062,0.021754911169409752,0.1417454332113266,0.9999716281890869
syco_bullshit_v2_med_pnf_01,-C,False,24,1,0,True,True,-4.0,2.8864550590515137,2.886011838912964,0.0004432201385498047,0.019318411126732826,0.13505874574184418,0.9999776482582092
syco_bullshit_v2_med_pnf_01,-C,False,25,1,0,True,True,-4.0,2.8864550590515137,2.8876776695251465,0.0012226104736328125,0.021689048036932945,0.13661213219165802,0.999971866607666
syco_bullshit_v2_med_pnf_01,-C,False,26,1,0,True,True,-4.0,2.8864550590515137,2.8861446380615234,0.0003104209899902344,0.022171251475811005,0.1368284821510315,0.999970555305481
syco_bullshit_v2_med_pnf_01,-C,False,27,1,0,True,True,-4.0,2.8864550590515137,2.886326313018799,0.00012874603271484375,0.024236632511019707,0.14460964500904083,0.9999648332595825
syco_bullshit_v2_med_pnf_01,-C,False,28,1,0,True,True,-4.0,2.8864550590515137,2.885693311691284,0.0007617473602294922,0.026005813851952553,0.1427685171365738,0.9999594688415527
syco_bullshit_v2_med_pnf_01,-C,False,29,1,0,True,True,-4.0,2.8864550590515137,2.8855066299438477,0.0009484291076660156,0.021224502474069595,0.13900361955165863,0.9999730587005615
syco_bullshit_v2_med_pnf_01,-C,False,30,1,0,True,True,-4.0,2.8864550590515137,2.886082887649536,0.00037217140197753906,0.019753985106945038,0.12744249403476715,0.999976634979248
syco_bullshit_v2_med_pnf_01,-C,False,31,1,0,True,True,-4.0,2.8864550590515137,2.887009859085083,0.0005548000335693359,0.01991104707121849,0.1274157464504242,0.9999762177467346
syco_bullshit_v2_med_pnf_01,-C,False,32,1,0,True,True,-4.0,2.8864550590515137,2.8858532905578613,0.0006017684936523438,0.02091076597571373,0.13589529693126678,0.9999738335609436
syco_bullshit_v2_med_pnf_01,-C,False,33,1,0,True,True,-4.0,2.8864550590515137,2.8858115673065186,0.0006434917449951172,0.021071983501315117,0.13987809419631958,0.9999734163284302
syco_bullshit_v2_med_pnf_01,-C,False,34,1,0,True,True,-4.0,2.8864550590515137,2.8870301246643066,0.0005750656127929688,0.02287885919213295,0.14016278088092804,0.9999686479568481
syco_bullshit_v2_med_pnf_01,-C,False,35,1,0,True,True,-4.0,2.8864550590515137,2.8864550590515137,0.0,0.02242114581167698,0.1372859627008438,0.9999699592590332
syco_bullshit_v2_med_pnf_01,-C,False,36,1,0,True,True,-4.0,2.8864550590515137,2.8867921829223633,0.0003371238708496094,0.01833735592663288,0.12365716695785522,0.9999798536300659
syco_bullshit_v2_med_pnf_01,-C,False,37,1,0,True,True,-4.0,2.8864550590515137,2.8864834308624268,2.8371810913085938e-05,0.020825505256652832,0.13803941011428833,0.9999740123748779
syco_bullshit_v2_med_pnf_01,-C,False,38,1,0,True,True,-4.0,2.8864550590515137,2.8870561122894287,0.0006010532379150391,0.0225762277841568,0.14265839755535126,0.9999695420265198
syco_bullshit_v2_med_pnf_01,-C,False,39,1,0,True,True,-4.0,2.8864550590515137,2.886336088180542,0.00011897087097167969,0.01876426488161087,0.12837599217891693,0.99997878074646
syco_bullshit_v2_med_pnf_01,-C,False,40,1,0,True,True,-4.0,2.8864550590515137,2.8866055011749268,0.00015044212341308594,0.02071581408381462,0.13809384405612946,0.9999743700027466
syco_bullshit_v2_med_pnf_01,-C,False,41,1,0,True,True,-4.0,2.8864550590515137,2.8863704204559326,8.463859558105469e-05,0.02209034375846386,0.1439887285232544,0.9999707937240601
syco_bullshit_v2_med_pnf_01,-C,False,42,1,0,True,True,-4.0,2.8864550590515137,2.885716676712036,0.0007383823394775391,0.02256910130381584,0.14364154636859894,0.999969482421875
syco_bullshit_v2_med_pnf_01,-C,False,43,1,0,True,True,-4.0,2.8864550590515137,2.8857176303863525,0.0007374286651611328,0.019075410440564156,0.1265978068113327,0.999978244304657
syco_bullshit_v2_med_pnf_01,-C,False,44,1,0,True,True,-4.0,2.8864550590515137,2.886509895324707,5.4836273193359375e-05,0.02002806030213833,0.13200832903385162,0.9999759197235107
syco_bullshit_v2_med_pnf_01,-C,False,45,1,0,True,True,-4.0,2.8864550590515137,2.887644052505493,0.0011889934539794922,0.019245842471718788,0.12946076691150665,0.9999778866767883
syco_bullshit_v2_med_pnf_01,-C,False,46,1,0,True,True,-4.0,2.8864550590515137,2.8852379322052,0.0012171268463134766,0.022375252097845078,0.13241292536258698,0.9999700784683228
syco_bullshit_v2_med_pnf_01,-C,False,47,1,0,True,True,-4.0,2.8864550590515137,2.8874545097351074,0.00099945068359375,0.01940012350678444,0.1256040334701538,0.9999775886535645
syco_bullshit_v2_med_pnf_01,-C,False,48,1,0,True,True,-4.0,2.8864550590515137,2.8853096961975098,0.0011453628540039062,0.01946946419775486,0.12415985018014908,0.9999773502349854
syco_bullshit_v2_med_pnf_01,-C,False,49,1,0,True,True,-4.0,2.8864550590515137,2.88763165473938,0.001176595687866211,0.01988443359732628,0.12549898028373718,0.999976396560669
syco_bullshit_v2_med_pnf_01,-C,False,50,1,0,True,True,-4.0,2.8864550590515137,2.885908842086792,0.0005462169647216797,0.022584248334169388,0.14475572109222412,0.9999694228172302
syco_bullshit_v2_med_pnf_01,-C,False,51,1,0,True,True,-4.0,2.8864550590515137,2.8868963718414307,0.0004413127899169922,0.02224399521946907,0.144789919257164,0.9999703168869019
syco_bullshit_v2_med_pnf_01,-C,False,52,1,0,True,True,-4.0,2.8864550590515137,2.886713981628418,0.0002589225769042969,0.02039681188762188,0.13038091361522675,0.9999750256538391
syco_bullshit_v2_med_pnf_01,-C,False,53,1,0,True,True,-4.0,2.8864550590515137,2.885631561279297,0.0008234977722167969,0.02097616344690323,0.13782379031181335,0.999973714351654
syco_bullshit_v2_med_pnf_01,-C,False,54,1,0,True,True,-4.0,2.8864550590515137,2.887126922607422,0.0006718635559082031,0.019410068169236183,0.12712286412715912,0.9999774694442749
syco_bullshit_v2_med_pnf_01,-C,False,55,1,0,True,True,-4.0,2.8864550590515137,2.886286973953247,0.00016808509826660156,0.022037247195839882,0.14525754749774933,0.9999708533287048
syco_bullshit_v2_med_pnf_01,-C,False,56,1,0,True,True,-4.0,2.8864550590515137,2.8865694999694824,0.00011444091796875,0.02077804133296013,0.14213228225708008,0.9999741315841675
syco_bullshit_v2_med_pnf_01,-C,False,57,1,0,True,True,-4.0,2.8864550590515137,2.8864312171936035,2.384185791015625e-05,0.02030918002128601,0.13294659554958344,0.999975323677063
syco_bullshit_v2_med_pnf_01,-C,False,58,1,0,True,True,-4.0,2.8864550590515137,2.8870108127593994,0.0005557537078857422,0.02258889377117157,0.1352030485868454,0.9999694228172302
syco_bullshit_v2_med_pnf_01,-C,False,59,1,0,True,True,-4.0,2.8864550590515137,2.8859405517578125,0.0005145072937011719,0.019382966682314873,0.13206495344638824,0.9999775290489197
syco_bullshit_v2_med_pnf_01,-C,False,60,1,0,True,True,-4.0,2.8864550590515137,2.886253595352173,0.0002014636993408203,0.01958497241139412,0.1339721977710724,0.9999769926071167
syco_bullshit_v2_med_pnf_01,-C,False,61,1,0,True,True,-4.0,2.8864550590515137,2.8865668773651123,0.00011181831359863281,0.02390073612332344,0.14381691813468933,0.9999657273292542
syco_bullshit_v2_med_pnf_01,-C,False,62,1,0,True,True,-4.0,2.8864550590515137,2.8859872817993164,0.0004677772521972656,0.0210929736495018,0.1333688646554947,0.9999732971191406
syco_bullshit_v2_med_pnf_01,-C,False,63,1,0,True,True,-4.0,2.8864550590515137,2.8866007328033447,0.0001456737518310547,0.01990685798227787,0.13415904343128204,0.9999762773513794
syco_bullshit_v2_med_pnf_01,-C,False,64,1,0,True,True,-4.0,2.8864550590515137,2.887389898300171,0.0009348392486572266,0.02079109661281109,0.13442347943782806,0.9999741315841675
syco_bullshit_v2_med_pnf_01,-C,False,65,1,0,True,True,-4.0,2.8864550590515137,2.886417865753174,3.719329833984375e-05,0.023601999506354332,0.1463840901851654,0.9999666213989258
syco_bullshit_v2_med_pnf_01,-C,False,66,1,0,True,True,-4.0,2.8864550590515137,2.8857202529907227,0.0007348060607910156,0.020480675622820854,0.13675643503665924,0.9999749064445496
syco_bullshit_v2_med_pnf_01,-C,False,67,1,0,True,True,-4.0,2.8864550590515137,2.8866238594055176,0.00016880035400390625,0.016062067821621895,0.1130194365978241,0.999984622001648
syco_bullshit_v2_med_pnf_01,-C,False,68,1,0,True,True,-4.0,2.8864550590515137,2.8871030807495117,0.0006480216979980469,0.01789088547229767,0.1217145025730133,0.9999808669090271
syco_bullshit_v2_med_pnf_02,+C,False,0,59,58,True,True,4.0,2.8864550590515137,2.8862316608428955,0.00022339820861816406,0.020640045404434204,0.13233911991119385,0.9999744892120361
syco_bullshit_v2_med_pnf_02,+C,False,1,1,0,True,True,4.0,2.8864550590515137,2.8864898681640625,3.4809112548828125e-05,0.0189222265034914,0.13117125630378723,0.9999786615371704
syco_bullshit_v2_med_pnf_02,+C,False,2,1,0,True,True,4.0,2.8864550590515137,2.8872716426849365,0.0008165836334228516,0.019923903048038483,0.13350491225719452,0.9999762773513794
syco_bullshit_v2_med_pnf_02,+C,False,3,1,0,True,True,4.0,2.8864550590515137,2.887131690979004,0.0006766319274902344,0.022471090778708458,0.13435740768909454,0.9999697208404541
syco_bullshit_v2_med_pnf_02,+C,False,4,1,0,True,True,4.0,2.8864550590515137,2.8854784965515137,0.0009765625,0.023310543969273567,0.14578165113925934,0.9999674558639526
syco_bullshit_v2_med_pnf_02,+C,False,5,1,0,True,True,4.0,2.8864550590515137,2.8863232135772705,0.00013184547424316406,0.022049613296985626,0.142387256026268,0.9999707937240601
syco_bullshit_v2_med_pnf_02,+C,False,6,1,0,True,True,4.0,2.8864550590515137,2.88700532913208,0.0005502700805664062,0.02122853696346283,0.14007121324539185,0.9999729990959167
syco_bullshit_v2_med_pnf_02,+C,False,7,1,0,True,True,4.0,2.8864550590515137,2.886188507080078,0.0002665519714355469,0.019394485279917717,0.13325278460979462,0.9999774694442749
syco_bullshit_v2_med_pnf_02,+C,False,8,1,0,True,True,4.0,2.8864550590515137,2.886248826980591,0.00020623207092285156,0.021615855395793915,0.14100922644138336,0.9999719858169556
syco_bullshit_v2_med_pnf_02,+C,False,9,1,0,True,True,4.0,2.8864550590515137,2.886955499649048,0.0005004405975341797,0.023731505498290062,0.14661267399787903,0.9999662637710571
syco_bullshit_v2_med_pnf_02,+C,False,10,1,0,True,True,4.0,2.8864550590515137,2.8862650394439697,0.0001900196075439453,0.020910719409585,0.142963707447052,0.9999736547470093
syco_bullshit_v2_med_pnf_02,+C,False,11,1,0,True,True,4.0,2.8864550590515137,2.885748863220215,0.0007061958312988281,0.021318312734365463,0.1297522634267807,0.9999727606773376
syco_bullshit_v2_med_pnf_02,+C,False,12,1,0,True,True,4.0,2.8864550590515137,2.88651180267334,5.6743621826171875e-05,0.021589774638414383,0.13126172125339508,0.9999721050262451
syco_bullshit_v2_med_pnf_02,+C,False,13,1,0,True,True,4.0,2.8864550590515137,2.886491298675537,3.62396240234375e-05,0.018567631021142006,0.12149612605571747,0.9999793767929077
syco_bullshit_v2_med_pnf_02,+C,False,14,1,0,True,True,4.0,2.8864550590515137,2.886557102203369,0.00010204315185546875,0.02094310149550438,0.1314607709646225,0.999973714351654
syco_bullshit_v2_med_pnf_02,+C,False,15,1,0,True,True,4.0,2.8864550590515137,2.8874354362487793,0.000980377197265625,0.019404899328947067,0.1269093006849289,0.9999774694442749
syco_bullshit_v2_med_pnf_02,+C,False,16,1,0,True,True,4.0,2.8864550590515137,2.886075019836426,0.0003800392150878906,0.0211703572422266,0.14758838713169098,0.9999730587005615
syco_bullshit_v2_med_pnf_02,+C,False,17,1,0,True,True,4.0,2.8864550590515137,2.8861849308013916,0.0002701282501220703,0.023761875927448273,0.14200030267238617,0.9999662041664124
syco_bullshit_v2_med_pnf_02,+C,False,18,1,0,True,True,4.0,2.8864550590515137,2.8876404762268066,0.0011854171752929688,0.022434933111071587,0.13633926212787628,0.9999699592590332
syco_bullshit_v2_med_pnf_02,+C,False,19,1,0,True,True,4.0,2.8864550590515137,2.8870513439178467,0.0005962848663330078,0.02201666682958603,0.14127187430858612,0.9999710321426392
syco_bullshit_v2_med_pnf_02,+C,False,20,1,0,True,True,4.0,2.8864550590515137,2.8863956928253174,5.936622619628906e-05,0.022166429087519646,0.1420438140630722,0.999970555305481
syco_bullshit_v2_med_pnf_02,+C,False,21,1,0,True,True,4.0,2.8864550590515137,2.88611102104187,0.0003440380096435547,0.024569164961576462,0.1503821462392807,0.9999637603759766
syco_bullshit_v2_med_pnf_02,+C,False,22,1,0,True,True,4.0,2.8864550590515137,2.8862860202789307,0.0001690387725830078,0.023079348728060722,0.14080877602100372,0.9999680519104004
syco_bullshit_v2_med_pnf_02,+C,False,23,1,0,True,True,4.0,2.8864550590515137,2.887373208999634,0.0009181499481201172,0.023385949432849884,0.14092209935188293,0.9999672174453735
syco_bullshit_v2_med_pnf_02,+C,False,24,1,0,True,True,4.0,2.8864550590515137,2.8866865634918213,0.0002315044403076172,0.02031315676867962,0.13109098374843597,0.9999752640724182
syco_bullshit_v2_med_pnf_02,+C,False,25,1,0,True,True,4.0,2.8864550590515137,2.886431932449341,2.3126602172851562e-05,0.023006044328212738,0.14277902245521545,0.9999682307243347
syco_bullshit_v2_med_pnf_02,+C,False,26,1,0,True,True,4.0,2.8864550590515137,2.886322498321533,0.00013256072998046875,0.024965832009911537,0.15119628608226776,0.9999626278877258
syco_bullshit_v2_med_pnf_02,+C,False,27,1,0,True,True,4.0,2.8864550590515137,2.8871994018554688,0.0007443428039550781,0.02211409993469715,0.13646402955055237,0.9999707341194153
syco_bullshit_v2_med_pnf_02,+C,False,28,1,0,True,True,4.0,2.8864550590515137,2.885981321334839,0.0004737377166748047,0.021588047966361046,0.13562926650047302,0.9999721050262451
syco_bullshit_v2_med_pnf_02,+C,False,29,1,0,True,True,4.0,2.8864550590515137,2.8869447708129883,0.0004897117614746094,0.02076217159628868,0.1336519867181778,0.999974250793457
syco_bullshit_v2_med_pnf_02,+C,False,30,1,0,True,True,4.0,2.8864550590515137,2.8868770599365234,0.0004220008850097656,0.022646240890026093,0.13363127410411835,0.9999693036079407
syco_bullshit_v2_med_pnf_02,+C,False,31,1,0,True,True,4.0,2.8864550590515137,2.886589288711548,0.0001342296600341797,0.0220348984003067,0.13603587448596954,0.9999709129333496
syco_bullshit_v2_med_pnf_02,+C,False,32,1,0,True,True,4.0,2.8864550590515137,2.886314630508423,0.0001404285430908203,0.021941782906651497,0.13597510755062103,0.9999710917472839
syco_bullshit_v2_med_pnf_02,+C,False,33,1,0,True,True,4.0,2.8864550590515137,2.8860976696014404,0.0003573894500732422,0.023134248331189156,0.14210371673107147,0.9999678730964661
syco_bullshit_v2_med_pnf_02,+C,False,34,1,0,True,True,4.0,2.8864550590515137,2.886305332183838,0.00014972686767578125,0.026490468531847,0.146431103348732,0.9999578595161438
syco_bullshit_v2_med_pnf_02,+C,False,35,1,0,True,True,4.0,2.8864550590515137,2.8865654468536377,0.00011038780212402344,0.021356292068958282,0.1325080692768097,0.9999726414680481
syco_bullshit_v2_med_pnf_02,+C,False,36,1,0,True,True,4.0,2.8864550590515137,2.8871009349823,0.0006458759307861328,0.02122347243130207,0.13849301636219025,0.9999730587005615
syco_bullshit_v2_med_pnf_02,+C,False,37,1,0,True,True,4.0,2.8864550590515137,2.8872108459472656,0.0007557868957519531,0.022785410284996033,0.14230041205883026,0.9999688863754272
syco_bullshit_v2_med_pnf_02,+C,False,38,1,0,True,True,4.0,2.8864550590515137,2.885916233062744,0.0005388259887695312,0.02018476091325283,0.1391698569059372,0.9999756217002869
syco_bullshit_v2_med_pnf_02,+C,False,39,1,0,True,True,4.0,2.8864550590515137,2.8856616020202637,0.00079345703125,0.02292444370687008,0.13426104187965393,0.9999685287475586
syco_bullshit_v2_med_pnf_02,+C,False,40,1,0,True,True,4.0,2.8864550590515137,2.8872804641723633,0.0008254051208496094,0.0193954985588789,0.12898769974708557,0.9999775290489197
syco_bullshit_v2_med_pnf_02,+C,False,41,1,0,True,True,4.0,2.8864550590515137,2.886847972869873,0.000392913818359375,0.022509975358843803,0.1343502253293991,0.9999696016311646
syco_bullshit_v2_med_pnf_02,+C,False,42,1,0,True,True,4.0,2.8864550590515137,2.887340545654297,0.0008854866027832031,0.018452109768986702,0.12614040076732635,0.9999796152114868
syco_bullshit_v2_med_pnf_02,+C,False,43,1,0,True,True,4.0,2.8864550590515137,2.887045383453369,0.0005903244018554688,0.02148253098130226,0.13489726185798645,0.999972403049469
syco_bullshit_v2_med_pnf_02,+C,False,44,1,0,True,True,4.0,2.8864550590515137,2.887265682220459,0.0008106231689453125,0.02355383336544037,0.1444351226091385,0.9999668002128601
syco_bullshit_v2_med_pnf_02,+C,False,45,1,0,True,True,4.0,2.8864550590515137,2.886681318283081,0.0002262592315673828,0.017810892313718796,0.12699441611766815,0.9999809861183167
syco_bullshit_v2_med_pnf_02,+C,False,46,1,0,True,True,4.0,2.8864550590515137,2.8866097927093506,0.00015473365783691406,0.02100716531276703,0.13141842186450958,0.9999735355377197
syco_bullshit_v2_med_pnf_02,+C,False,47,1,0,True,True,4.0,2.8864550590515137,2.886676549911499,0.00022149085998535156,0.023218931630253792,0.14781714975833893,0.9999675750732422
syco_bullshit_v2_med_pnf_02,+C,False,48,1,0,True,True,4.0,2.8864550590515137,2.8875463008880615,0.0010912418365478516,0.02129848673939705,0.1388285607099533,0.9999728798866272
syco_bullshit_v2_med_pnf_02,+C,False,49,1,0,True,True,4.0,2.8864550590515137,2.886045455932617,0.0004096031188964844,0.0231876652687788,0.14209097623825073,0.9999677538871765
syco_bullshit_v2_med_pnf_02,+C,False,50,1,0,True,True,4.0,2.8864550590515137,2.8868415355682373,0.0003864765167236328,0.02166851796209812,0.13810820877552032,0.999971866607666
syco_bullshit_v2_med_pnf_02,+C,False,51,1,0,True,True,4.0,2.8864550590515137,2.888458251953125,0.002003192901611328,0.023549938574433327,0.1404983252286911,0.9999671578407288
syco_bullshit_v2_med_pnf_02,+C,False,52,1,0,True,True,4.0,2.8864550590515137,2.886993885040283,0.0005388259887695312,0.02281096577644348,0.14146356284618378,0.9999688863754272
syco_bullshit_v2_med_pnf_02,+C,False,53,1,0,True,True,4.0,2.8864550590515137,2.8870975971221924,0.0006425380706787109,0.024629972875118256,0.14735527336597443,0.9999637603759766
syco_bullshit_v2_med_pnf_02,+C,False,54,1,0,True,True,4.0,2.8864550590515137,2.887078046798706,0.0006229877471923828,0.02259368821978569,0.14148561656475067,0.9999693632125854
syco_bullshit_v2_med_pnf_02,+C,False,55,1,0,True,True,4.0,2.8864550590515137,2.886622428894043,0.00016736984252929688,0.02190442942082882,0.14207494258880615,0.9999712705612183
syco_bullshit_v2_med_pnf_02,+C,False,56,1,0,True,True,4.0,2.8864550590515137,2.8862783908843994,0.0001766681671142578,0.020529475063085556,0.1332794427871704,0.9999748468399048
syco_bullshit_v2_med_pnf_02,+C,False,57,1,0,True,True,4.0,2.8864550590515137,2.8863797187805176,7.534027099609375e-05,0.0234127938747406,0.14323605597019196,0.9999671578407288
syco_bullshit_v2_med_pnf_02,+C,False,58,1,0,True,True,4.0,2.8864550590515137,2.8867785930633545,0.0003235340118408203,0.02184389904141426,0.13524188101291656,0.9999713897705078
syco_bullshit_v2_med_pnf_02,+C,False,59,1,0,True,True,4.0,2.8864550590515137,2.8865766525268555,0.00012159347534179688,0.023119475692510605,0.14341789484024048,0.9999680519104004
syco_bullshit_v2_med_pnf_02,+C,False,60,1,0,True,True,4.0,2.8864550590515137,2.886216640472412,0.0002384185791015625,0.022463632747530937,0.14493343234062195,0.9999698400497437
syco_bullshit_v2_med_pnf_02,+C,False,61,1,0,True,True,4.0,2.8864550590515137,2.8872063159942627,0.0007512569427490234,0.024452852085232735,0.136088028550148,0.99996417760849
syco_bullshit_v2_med_pnf_02,+C,False,62,1,0,True,True,4.0,2.8864550590515137,2.886493682861328,3.8623809814453125e-05,0.016747353598475456,0.11254264414310455,0.9999831318855286
syco_bullshit_v2_med_pnf_02,+C,False,63,1,0,True,True,4.0,2.8864550590515137,2.8872501850128174,0.0007951259613037109,0.017816876992583275,0.12117378413677216,0.9999810457229614
syco_bullshit_v2_med_pnf_02,-C,False,0,59,58,True,True,-4.0,2.8864550590515137,2.8863861560821533,6.890296936035156e-05,0.020825281739234924,0.13233911991119385,0.9999738931655884
syco_bullshit_v2_med_pnf_02,-C,False,1,1,0,True,True,-4.0,2.8864550590515137,2.886411428451538,4.363059997558594e-05,0.019261159002780914,0.13117125630378723,0.9999778270721436
syco_bullshit_v2_med_pnf_02,-C,False,2,1,0,True,True,-4.0,2.8864550590515137,2.8861255645751953,0.0003294944763183594,0.021547909826040268,0.13350491225719452,0.9999721050262451
syco_bullshit_v2_med_pnf_02,-C,False,3,1,0,True,True,-4.0,2.8864550590515137,2.886928081512451,0.0004730224609375,0.022675948217511177,0.13435740768909454,0.9999692440032959
syco_bullshit_v2_med_pnf_02,-C,False,4,1,0,True,True,-4.0,2.8864550590515137,2.8869731426239014,0.0005180835723876953,0.023581402376294136,0.14578165113925934,0.9999666810035706
syco_bullshit_v2_med_pnf_02,-C,False,5,1,0,True,True,-4.0,2.8864550590515137,2.8856863975524902,0.0007686614990234375,0.02146567590534687,0.142387256026268,0.9999723434448242
syco_bullshit_v2_med_pnf_02,-C,False,6,1,0,True,True,-4.0,2.8864550590515137,2.8856494426727295,0.0008056163787841797,0.021557794883847237,0.14007121324539185,0.9999722242355347
syco_bullshit_v2_med_pnf_02,-C,False,7,1,0,True,True,-4.0,2.8864550590515137,2.88708758354187,0.0006325244903564453,0.020481018349528313,0.12498819082975388,0.9999748468399048
syco_bullshit_v2_med_pnf_02,-C,False,8,1,0,True,True,-4.0,2.8864550590515137,2.8862102031707764,0.0002448558807373047,0.02009781077504158,0.1236054003238678,0.999975860118866
syco_bullshit_v2_med_pnf_02,-C,False,9,1,0,True,True,-4.0,2.8864550590515137,2.8860771656036377,0.00037789344787597656,0.02141568809747696,0.12960641086101532,0.9999725222587585
syco_bullshit_v2_med_pnf_02,-C,False,10,1,0,True,True,-4.0,2.8864550590515137,2.8872194290161133,0.0007643699645996094,0.022535448893904686,0.1453561931848526,0.9999696016311646
syco_bullshit_v2_med_pnf_02,-C,False,11,1,0,True,True,-4.0,2.8864550590515137,2.8861212730407715,0.0003337860107421875,0.019894836470484734,0.13177715241909027,0.9999762773513794
syco_bullshit_v2_med_pnf_02,-C,False,12,1,0,True,True,-4.0,2.8864550590515137,2.886152505874634,0.0003025531768798828,0.020053952932357788,0.12756197154521942,0.9999759197235107
syco_bullshit_v2_med_pnf_02,-C,False,13,1,0,True,True,-4.0,2.8864550590515137,2.886787176132202,0.00033211708068847656,0.022856419906020164,0.13488851487636566,0.9999687075614929
syco_bullshit_v2_med_pnf_02,-C,False,14,1,0,True,True,-4.0,2.8864550590515137,2.886575937271118,0.00012087821960449219,0.021618731319904327,0.13090543448925018,0.9999719262123108
syco_bullshit_v2_med_pnf_02,-C,False,15,1,0,True,True,-4.0,2.8864550590515137,2.8862102031707764,0.0002448558807373047,0.01977170631289482,0.12883172929286957,0.9999765157699585
syco_bullshit_v2_med_pnf_02,-C,False,16,1,0,True,True,-4.0,2.8864550590515137,2.8876829147338867,0.0012278556823730469,0.020085079595446587,0.1243910863995552,0.999975860118866
syco_bullshit_v2_med_pnf_02,-C,False,17,1,0,True,True,-4.0,2.8864550590515137,2.886793613433838,0.00033855438232421875,0.02218266949057579,0.14067885279655457,0.999970555305481
syco_bullshit_v2_med_pnf_02,-C,False,18,1,0,True,True,-4.0,2.8864550590515137,2.886708974838257,0.00025391578674316406,0.02109156921505928,0.13086815178394318,0.9999733567237854
syco_bullshit_v2_med_pnf_02,-C,False,19,1,0,True,True,-4.0,2.8864550590515137,2.8870840072631836,0.0006289482116699219,0.01925959251821041,0.12096519023180008,0.9999778270721436
syco_bullshit_v2_med_pnf_02,-C,False,20,1,0,True,True,-4.0,2.8864550590515137,2.8875062465667725,0.001051187515258789,0.020742051303386688,0.13089439272880554,0.9999743103981018
syco_bullshit_v2_med_pnf_02,-C,False,21,1,0,True,True,-4.0,2.8864550590515137,2.886679172515869,0.00022411346435546875,0.019882485270500183,0.12497206777334213,0.9999762773513794
syco_bullshit_v2_med_pnf_02,-C,False,22,1,0,True,True,-4.0,2.8864550590515137,2.886253833770752,0.00020122528076171875,0.022655384615063667,0.14855514466762543,0.9999692440032959
syco_bullshit_v2_med_pnf_02,-C,False,23,1,0,True,True,-4.0,2.8864550590515137,2.8858485221862793,0.000606536865234375,0.02263054810464382,0.1470753699541092,0.9999692440032959
syco_bullshit_v2_med_pnf_02,-C,False,24,1,0,True,True,-4.0,2.8864550590515137,2.8866984844207764,0.0002434253692626953,0.020942695438861847,0.1365458220243454,0.9999736547470093
syco_bullshit_v2_med_pnf_02,-C,False,25,1,0,True,True,-4.0,2.8864550590515137,2.8862833976745605,0.000171661376953125,0.023020410910248756,0.1392284482717514,0.9999682903289795
syco_bullshit_v2_med_pnf_02,-C,False,26,1,0,True,True,-4.0,2.8864550590515137,2.886375904083252,7.915496826171875e-05,0.021592332050204277,0.13529431819915771,0.9999720454216003
syco_bullshit_v2_med_pnf_02,-C,False,27,1,0,True,True,-4.0,2.8864550590515137,2.8869314193725586,0.0004763603210449219,0.021725621074438095,0.13831156492233276,0.9999717473983765
syco_bullshit_v2_med_pnf_02,-C,False,28,1,0,True,True,-4.0,2.8864550590515137,2.8869266510009766,0.0004715919494628906,0.02287817932665348,0.14306384325027466,0.9999686479568481
syco_bullshit_v2_med_pnf_02,-C,False,29,1,0,True,True,-4.0,2.8864550590515137,2.886842966079712,0.0003879070281982422,0.023569703102111816,0.14401981234550476,0.9999666810035706
syco_bullshit_v2_med_pnf_02,-C,False,30,1,0,True,True,-4.0,2.8864550590515137,2.8876376152038574,0.00118255615234375,0.025236334651708603,0.15032489597797394,0.9999619126319885
syco_bullshit_v2_med_pnf_02,-C,False,31,1,0,True,True,-4.0,2.8864550590515137,2.8872175216674805,0.0007624626159667969,0.021598972380161285,0.14202512800693512,0.9999720454216003
syco_bullshit_v2_med_pnf_02,-C,False,32,1,0,True,True,-4.0,2.8864550590515137,2.8873937129974365,0.0009386539459228516,0.021565645933151245,0.13689856231212616,0.9999721646308899
syco_bullshit_v2_med_pnf_02,-C,False,33,1,0,True,True,-4.0,2.8864550590515137,2.887514114379883,0.0010590553283691406,0.023936575278639793,0.14624346792697906,0.9999657273292542
syco_bullshit_v2_med_pnf_02,-C,False,34,1,0,True,True,-4.0,2.8864550590515137,2.886308193206787,0.0001468658447265625,0.02162664197385311,0.13946576416492462,0.999971866607666
syco_bullshit_v2_med_pnf_02,-C,False,35,1,0,True,True,-4.0,2.8864550590515137,2.8865044116973877,4.935264587402344e-05,0.021486954763531685,0.14483684301376343,0.999972403049469
syco_bullshit_v2_med_pnf_02,-C,False,36,1,0,True,True,-4.0,2.8864550590515137,2.887504816055298,0.0010497570037841797,0.021983830258250237,0.14099033176898956,0.9999710321426392
syco_bullshit_v2_med_pnf_02,-C,False,37,1,0,True,True,-4.0,2.8864550590515137,2.8877551555633545,0.0013000965118408203,0.024109432473778725,0.14594337344169617,0.9999653100967407
syco_bullshit_v2_med_pnf_02,-C,False,38,1,0,True,True,-4.0,2.8864550590515137,2.886298656463623,0.000156402587890625,0.02008901722729206,0.13006171584129333,0.9999758005142212
syco_bullshit_v2_med_pnf_02,-C,False,39,1,0,True,True,-4.0,2.8864550590515137,2.8860249519348145,0.00043010711669921875,0.022400325164198875,0.13598939776420593,0.9999699592590332
syco_bullshit_v2_med_pnf_02,-C,False,40,1,0,True,True,-4.0,2.8864550590515137,2.886564016342163,0.00010895729064941406,0.02065424993634224,0.1345297396183014,0.9999744892120361
syco_bullshit_v2_med_pnf_02,-C,False,41,1,0,True,True,-4.0,2.8864550590515137,2.8864223957061768,3.266334533691406e-05,0.02392169088125229,0.14928150177001953,0.9999656677246094
syco_bullshit_v2_med_pnf_02,-C,False,42,1,0,True,True,-4.0,2.8864550590515137,2.886300563812256,0.0001544952392578125,0.020791489630937576,0.13943718373775482,0.9999741315841675
syco_bullshit_v2_med_pnf_02,-C,False,43,1,0,True,True,-4.0,2.8864550590515137,2.886089324951172,0.0003657341003417969,0.01864543743431568,0.13093626499176025,0.9999791383743286
syco_bullshit_v2_med_pnf_02,-C,False,44,1,0,True,True,-4.0,2.8864550590515137,2.8866159915924072,0.0001609325408935547,0.022421732544898987,0.1447211056947708,0.9999698996543884
syco_bullshit_v2_med_pnf_02,-C,False,45,1,0,True,True,-4.0,2.8864550590515137,2.8863420486450195,0.00011301040649414062,0.021694056689739227,0.14276675879955292,0.9999718070030212
syco_bullshit_v2_med_pnf_02,-C,False,46,1,0,True,True,-4.0,2.8864550590515137,2.8864824771881104,2.7418136596679688e-05,0.023993579670786858,0.1509062498807907,0.9999653697013855
syco_bullshit_v2_med_pnf_02,-C,False,47,1,0,True,True,-4.0,2.8864550590515137,2.8856332302093506,0.0008218288421630859,0.02633620612323284,0.14453533291816711,0.9999583959579468
syco_bullshit_v2_med_pnf_02,-C,False,48,1,0,True,True,-4.0,2.8864550590515137,2.886141777038574,0.0003132820129394531,0.022204464301466942,0.13678491115570068,0.9999703764915466
syco_bullshit_v2_med_pnf_02,-C,False,49,1,0,True,True,-4.0,2.8864550590515137,2.8867247104644775,0.0002696514129638672,0.01926533691585064,0.12796811759471893,0.9999777674674988
syco_bullshit_v2_med_pnf_02,-C,False,50,1,0,True,True,-4.0,2.8864550590515137,2.8865597248077393,0.00010466575622558594,0.020986806601285934,0.13769806921482086,0.9999736547470093
syco_bullshit_v2_med_pnf_02,-C,False,51,1,0,True,True,-4.0,2.8864550590515137,2.887023687362671,0.0005686283111572266,0.023657312616705894,0.14537443220615387,0.9999665021896362
syco_bullshit_v2_med_pnf_02,-C,False,52,1,0,True,True,-4.0,2.8864550590515137,2.887531042098999,0.0010759830474853516,0.022062376141548157,0.13807915151119232,0.9999709129333496
syco_bullshit_v2_med_pnf_02,-C,False,53,1,0,True,True,-4.0,2.8864550590515137,2.8865230083465576,6.794929504394531e-05,0.0202909167855978,0.13153724372386932,0.9999752640724182
syco_bullshit_v2_med_pnf_02,-C,False,54,1,0,True,True,-4.0,2.8864550590515137,2.8863813877105713,7.367134094238281e-05,0.022593677043914795,0.13963331282138824,0.9999694228172302
syco_bullshit_v2_med_pnf_02,-C,False,55,1,0,True,True,-4.0,2.8864550590515137,2.887580156326294,0.0011250972747802734,0.02281002141535282,0.14280657470226288,0.9999688863754272
syco_bullshit_v2_med_pnf_02,-C,False,56,1,0,True,True,-4.0,2.8864550590515137,2.887115240097046,0.0006601810455322266,0.023441936820745468,0.1443725973367691,0.999967098236084
syco_bullshit_v2_med_pnf_02,-C,False,57,1,0,True,True,-4.0,2.8864550590515137,2.886134386062622,0.00032067298889160156,0.02340041473507881,0.1416245996952057,0.999967098236084
syco_bullshit_v2_med_pnf_02,-C,False,58,1,0,True,True,-4.0,2.8864550590515137,2.886277437210083,0.00017762184143066406,0.022043175995349884,0.13574661314487457,0.9999709129333496
syco_bullshit_v2_med_pnf_02,-C,False,59,1,0,True,True,-4.0,2.8864550590515137,2.886047601699829,0.0004074573516845703,0.02092515118420124,0.13335008919239044,0.9999737739562988
syco_bullshit_v2_med_pnf_02,-C,False,60,1,0,True,True,-4.0,2.8864550590515137,2.886838436126709,0.0003833770751953125,0.021120388060808182,0.1288001388311386,0.9999732971191406
syco_bullshit_v2_med_pnf_02,-C,False,61,1,0,True,True,-4.0,2.8864550590515137,2.885019063949585,0.001435995101928711,0.01977255940437317,0.1334899514913559,0.9999766945838928
syco_bullshit_v2_med_pnf_02,-C,False,62,1,0,True,True,-4.0,2.8864550590515137,2.8867082595825195,0.0002532005310058594,0.02069734036922455,0.13832034170627594,0.9999743700027466
syco_bullshit_v2_med_pnf_02,-C,False,63,1,0,True,True,-4.0,2.8864550590515137,2.88720703125,0.0007519721984863281,0.02421645075082779,0.14690794050693512,0.9999648332595825
syco_bullshit_v2_med_pnf_02,-C,False,64,1,0,True,True,-4.0,2.8864550590515137,2.888101577758789,0.0016465187072753906,0.024276098236441612,0.13991357386112213,0.9999649524688721
syco_bullshit_v2_med_pnf_02,-C,False,65,1,0,True,True,-4.0,2.8864550590515137,2.886942148208618,0.0004870891571044922,0.02150631509721279,0.13625149428844452,0.9999722242355347
syco_bullshit_v2_med_pnf_02,-C,False,66,1,0,True,True,-4.0,2.8864550590515137,2.887258529663086,0.0008034706115722656,0.02106989175081253,0.14044249057769775,0.9999734163284302
syco_bullshit_v2_med_pnf_02,-C,False,67,1,0,True,True,-4.0,2.8864550590515137,2.886972427368164,0.0005173683166503906,0.021835466846823692,0.1385272890329361,0.9999715089797974
syco_bullshit_v2_med_pnf_02,-C,False,68,1,0,True,True,-4.0,2.8864550590515137,2.8867835998535156,0.0003285408020019531,0.023727694526314735,0.14813482761383057,0.9999662637710571
syco_bullshit_v2_med_pnf_02,-C,False,69,1,0,True,True,-4.0,2.8864550590515137,2.887155771255493,0.0007007122039794922,0.02207408845424652,0.14021600782871246,0.9999707937240601
syco_bullshit_v2_med_pnf_02,-C,False,70,1,0,True,True,-4.0,2.8864550590515137,2.8848612308502197,0.0015938282012939453,0.022731425240635872,0.14106225967407227,0.9999692440032959
syco_bullshit_v2_med_pnf_02,-C,False,71,1,0,True,True,-4.0,2.8864550590515137,2.8861966133117676,0.00025844573974609375,0.020384691655635834,0.1351410150527954,0.9999750852584839
syco_bullshit_v2_med_pnf_02,-C,False,72,1,0,True,True,-4.0,2.8864550590515137,2.88578724861145,0.0006678104400634766,0.019736336544156075,0.13505499064922333,0.9999767541885376
syco_bullshit_v2_med_pnf_02,-C,False,73,1,0,True,True,-4.0,2.8864550590515137,2.8869686126708984,0.0005135536193847656,0.02248912863433361,0.14137761294841766,0.9999697208404541
syco_bullshit_v2_med_pnf_02,-C,False,74,1,0,True,True,-4.0,2.8864550590515137,2.886263370513916,0.00019168853759765625,0.021531719714403152,0.1337498426437378,0.9999721646308899
syco_bullshit_v2_med_pnf_02,-C,False,75,1,0,True,True,-4.0,2.8864550590515137,2.887021064758301,0.0005660057067871094,0.02172716148197651,0.13395889103412628,0.9999716877937317
syco_bullshit_v2_med_pnf_02,-C,False,76,1,0,True,True,-4.0,2.8864550590515137,2.8864641189575195,9.059906005859375e-06,0.022266175597906113,0.13910022377967834,0.9999703168869019
syco_bullshit_v2_med_pnf_02,-C,False,77,1,0,True,True,-4.0,2.8864550590515137,2.8874733448028564,0.0010182857513427734,0.023130981251597404,0.14402060210704803,0.9999680519104004
syco_bullshit_v2_med_pnf_02,-C,False,78,1,0,True,True,-4.0,2.8864550590515137,2.886537790298462,8.273124694824219e-05,0.023554185405373573,0.13839539885520935,0.9999668002128601
syco_bullshit_v2_med_pnf_02,-C,False,79,1,0,True,True,-4.0,2.8864550590515137,2.886873245239258,0.0004181861877441406,0.021502701565623283,0.13742372393608093,0.999972403049469
syco_bullshit_v2_med_pnf_02,-C,False,80,1,0,True,True,-4.0,2.8864550590515137,2.8864986896514893,4.363059997558594e-05,0.020939385518431664,0.13265182077884674,0.9999737739562988
syco_bullshit_v2_med_pnf_02,-C,False,81,1,0,True,True,-4.0,2.8864550590515137,2.886187791824341,0.00026726722717285156,0.022022878751158714,0.13708555698394775,0.9999709129333496
syco_bullshit_v2_med_pnf_02,-C,False,82,1,0,True,True,-4.0,2.8864550590515137,2.887016773223877,0.0005617141723632812,0.022005854174494743,0.1428510993719101,0.9999709725379944
syco_bullshit_v2_med_pnf_02,-C,False,83,1,0,True,True,-4.0,2.8864550590515137,2.886580228805542,0.0001251697540283203,0.021990781649947166,0.1405448168516159,0.9999710321426392
syco_bullshit_v2_med_pnf_02,-C,False,84,1,0,True,True,-4.0,2.8864550590515137,2.8860628604888916,0.0003921985626220703,0.019063489511609077,0.1326615810394287,0.9999781847000122
syco_bullshit_v2_med_pnf_02,-C,False,85,1,0,True,True,-4.0,2.8864550590515137,2.886446952819824,8.106231689453125e-06,0.01586848311126232,0.11171329766511917,0.9999849200248718
syco_bullshit_v2_med_pnf_02,-C,False,86,1,0,True,True,-4.0,2.8864550590515137,2.8867549896240234,0.0002999305725097656,0.01699608750641346,0.12090536952018738,0.9999827742576599
syco_bullshit_v2_med_pnf_03,+C,False,0,59,58,True,True,4.0,2.8864550590515137,2.886678695678711,0.00022363662719726562,0.019766615703701973,0.1289094090461731,0.9999765157699585
syco_bullshit_v2_med_pnf_03,+C,False,1,1,0,True,True,4.0,2.8864550590515137,2.8867874145507812,0.0003323554992675781,0.01966838724911213,0.12855419516563416,0.9999768137931824
syco_bullshit_v2_med_pnf_03,+C,False,2,1,0,True,True,4.0,2.8864550590515137,2.8860247135162354,0.0004303455352783203,0.023704275488853455,0.14046475291252136,0.9999663233757019
syco_bullshit_v2_med_pnf_03,+C,False,3,1,0,True,True,4.0,2.8864550590515137,2.886719226837158,0.00026416778564453125,0.017706144601106644,0.1258663684129715,0.9999812245368958
syco_bullshit_v2_med_pnf_03,+C,False,4,1,0,True,True,4.0,2.8864550590515137,2.887415647506714,0.0009605884552001953,0.019794579595327377,0.1378004252910614,0.9999765753746033
syco_bullshit_v2_med_pnf_03,+C,False,5,1,0,True,True,4.0,2.8864550590515137,2.887172222137451,0.0007171630859375,0.01858258992433548,0.12998376786708832,0.9999793171882629
syco_bullshit_v2_med_pnf_03,+C,False,6,1,0,True,True,4.0,2.8864550590515137,2.8868231773376465,0.0003681182861328125,0.020994756370782852,0.14047779142856598,0.9999735951423645
syco_bullshit_v2_med_pnf_03,+C,False,7,1,0,True,True,4.0,2.8864550590515137,2.8864200115203857,3.504753112792969e-05,0.021276315674185753,0.13866178691387177,0.9999728202819824
syco_bullshit_v2_med_pnf_03,+C,False,8,1,0,True,True,4.0,2.8864550590515137,2.8860867023468018,0.00036835670471191406,0.02071632817387581,0.13492901623249054,0.999974250793457
syco_bullshit_v2_med_pnf_03,+C,False,9,1,0,True,True,4.0,2.8864550590515137,2.8849873542785645,0.0014677047729492188,0.022396806627511978,0.13433091342449188,0.9999701976776123
syco_bullshit_v2_med_pnf_03,+C,False,10,1,0,True,True,4.0,2.8864550590515137,2.886845588684082,0.0003905296325683594,0.01961519941687584,0.12626315653324127,0.9999768733978271
syco_bullshit_v2_med_pnf_03,+C,False,11,1,0,True,True,4.0,2.8864550590515137,2.8860981464385986,0.00035691261291503906,0.019774403423070908,0.134672150015831,0.9999765157699585
syco_bullshit_v2_med_pnf_03,+C,False,12,1,0,True,True,4.0,2.8864550590515137,2.886744737625122,0.00028967857360839844,0.02022242732346058,0.13573332130908966,0.9999755620956421
syco_bullshit_v2_med_pnf_03,+C,False,13,1,0,True,True,4.0,2.8864550590515137,2.886512517929077,5.745887756347656e-05,0.01923876814544201,0.13103753328323364,0.9999777674674988
syco_bullshit_v2_med_pnf_03,+C,False,14,1,0,True,True,4.0,2.8864550590515137,2.8860526084899902,0.0004024505615234375,0.020176885649561882,0.14290030300617218,0.9999755620956421
syco_bullshit_v2_med_pnf_03,+C,False,15,1,0,True,True,4.0,2.8864550590515137,2.8862640857696533,0.00019097328186035156,0.020770948380231857,0.13575829565525055,0.9999741911888123
syco_bullshit_v2_med_pnf_03,+C,False,16,1,0,True,True,4.0,2.8864550590515137,2.8865344524383545,7.939338684082031e-05,0.02138722501695156,0.14281396567821503,0.9999725818634033
syco_bullshit_v2_med_pnf_03,+C,False,17,1,0,True,True,4.0,2.8864550590515137,2.8859970569610596,0.00045800209045410156,0.02300732396543026,0.14444677531719208,0.9999682307243347
syco_bullshit_v2_med_pnf_03,+C,False,18,1,0,True,True,4.0,2.8864550590515137,2.8869950771331787,0.0005400180816650391,0.021922746673226357,0.13794440031051636,0.9999712109565735
syco_bullshit_v2_med_pnf_03,+C,False,19,1,0,True,True,4.0,2.8864550590515137,2.886849880218506,0.0003948211669921875,0.020665565505623817,0.1301216185092926,0.9999743700027466
syco_bullshit_v2_med_pnf_03,+C,False,20,1,0,True,True,4.0,2.8864550590515137,2.8860652446746826,0.0003898143768310547,0.019595056772232056,0.13513381779193878,0.9999769926071167
syco_bullshit_v2_med_pnf_03,+C,False,21,1,0,True,True,4.0,2.8864550590515137,2.886402130126953,5.2928924560546875e-05,0.021120529621839523,0.13930323719978333,0.9999732971191406
syco_bullshit_v2_med_pnf_03,+C,False,22,1,0,True,True,4.0,2.8864550590515137,2.88653302192688,7.796287536621094e-05,0.020389437675476074,0.13698162138462067,0.9999750852584839
syco_bullshit_v2_med_pnf_03,+C,False,23,1,0,True,True,4.0,2.8864550590515137,2.886525869369507,7.081031799316406e-05,0.020668761804699898,0.13546530902385712,0.9999743700027466
syco_bullshit_v2_med_pnf_03,+C,False,24,1,0,True,True,4.0,2.8864550590515137,2.8861162662506104,0.0003387928009033203,0.020078884437680244,0.13626614212989807,0.999975860118866
syco_bullshit_v2_med_pnf_03,+C,False,25,1,0,True,True,4.0,2.8864550590515137,2.886420488357544,3.457069396972656e-05,0.022054895758628845,0.13786007463932037,0.9999707937240601
syco_bullshit_v2_med_pnf_03,+C,False,26,1,0,True,True,4.0,2.8864550590515137,2.8864362239837646,1.8835067749023438e-05,0.022133538499474525,0.137415811419487,0.9999706149101257
syco_bullshit_v2_med_pnf_03,+C,False,27,1,0,True,True,4.0,2.8864550590515137,2.8869457244873047,0.0004906654357910156,0.020721953362226486,0.13188278675079346,0.999974250793457
syco_bullshit_v2_med_pnf_03,+C,False,28,1,0,True,True,4.0,2.8864550590515137,2.8864781856536865,2.3126602172851562e-05,0.01915862411260605,0.1333053708076477,0.9999779462814331
syco_bullshit_v2_med_pnf_03,+C,False,29,1,0,True,True,4.0,2.8864550590515137,2.886206865310669,0.00024819374084472656,0.0217001810669899,0.14085133373737335,0.999971866607666
syco_bullshit_v2_med_pnf_03,+C,False,30,1,0,True,True,4.0,2.8864550590515137,2.8862507343292236,0.00020432472229003906,0.02000425010919571,0.1377030462026596,0.9999760389328003
syco_bullshit_v2_med_pnf_03,+C,False,31,1,0,True,True,4.0,2.8864550590515137,2.8874382972717285,0.0009832382202148438,0.02317591942846775,0.1464398354291916,0.9999678134918213
syco_bullshit_v2_med_pnf_03,+C,False,32,1,0,True,True,4.0,2.8864550590515137,2.8864099979400635,4.506111145019531e-05,0.024824233725667,0.13938499987125397,0.9999630451202393
syco_bullshit_v2_med_pnf_03,+C,False,33,1,0,True,True,4.0,2.8864550590515137,2.886634588241577,0.00017952919006347656,0.02033378556370735,0.1352214217185974,0.9999751448631287
syco_bullshit_v2_med_pnf_03,+C,False,34,1,0,True,True,4.0,2.8864550590515137,2.8871419429779053,0.0006868839263916016,0.023138951510190964,0.14001084864139557,0.9999679923057556
syco_bullshit_v2_med_pnf_03,+C,False,35,1,0,True,True,4.0,2.8864550590515137,2.8863704204559326,8.463859558105469e-05,0.020409971475601196,0.13332130014896393,0.9999750852584839
syco_bullshit_v2_med_pnf_03,+C,False,36,1,0,True,True,4.0,2.8864550590515137,2.887315273284912,0.0008602142333984375,0.02117781713604927,0.14293721318244934,0.9999731183052063
syco_bullshit_v2_med_pnf_03,+C,False,37,1,0,True,True,4.0,2.8864550590515137,2.885087251663208,0.001367807388305664,0.02297881990671158,0.1463133543729782,0.999968409538269
syco_bullshit_v2_med_pnf_03,+C,False,38,1,0,True,True,4.0,2.8864550590515137,2.8861145973205566,0.00034046173095703125,0.0205927062779665,0.13643744587898254,0.9999746084213257
syco_bullshit_v2_med_pnf_03,+C,False,39,1,0,True,True,4.0,2.8864550590515137,2.8855109214782715,0.0009441375732421875,0.021450897678732872,0.13915565609931946,0.9999724626541138
syco_bullshit_v2_med_pnf_03,+C,False,40,1,0,True,True,4.0,2.8864550590515137,2.8855090141296387,0.000946044921875,0.0208165030926466,0.13395801186561584,0.9999740123748779
syco_bullshit_v2_med_pnf_03,+C,False,41,1,0,True,True,4.0,2.8864550590515137,2.886997938156128,0.0005428791046142578,0.02193150855600834,0.13733229041099548,0.9999712109565735
syco_bullshit_v2_med_pnf_03,+C,False,42,1,0,True,True,4.0,2.8864550590515137,2.8855860233306885,0.0008690357208251953,0.022561434656381607,0.13789062201976776,0.999969482421875
syco_bullshit_v2_med_pnf_03,+C,False,43,1,0,True,True,4.0,2.8864550590515137,2.8864963054656982,4.124641418457031e-05,0.02002571150660515,0.13157449662685394,0.9999760389328003
syco_bullshit_v2_med_pnf_03,+C,False,44,1,0,True,True,4.0,2.8864550590515137,2.886894941329956,0.0004398822784423828,0.02005593106150627,0.1397828608751297,0.999975860118866
syco_bullshit_v2_med_pnf_03,+C,False,45,1,0,True,True,4.0,2.8864550590515137,2.8863589763641357,9.608268737792969e-05,0.02238018624484539,0.14589308202266693,0.9999699592590332
syco_bullshit_v2_med_pnf_03,+C,False,46,1,0,True,True,4.0,2.8864550590515137,2.886871814727783,0.00041675567626953125,0.024058036506175995,0.14874620735645294,0.9999653697013855
syco_bullshit_v2_med_pnf_03,+C,False,47,1,0,True,True,4.0,2.8864550590515137,2.8861987590789795,0.0002562999725341797,0.020677123218774796,0.132823184132576,0.9999743700027466
syco_bullshit_v2_med_pnf_03,+C,False,48,1,0,True,True,4.0,2.8864550590515137,2.887021780014038,0.0005667209625244141,0.01730467937886715,0.11197920888662338,0.9999821186065674
syco_bullshit_v2_med_pnf_03,+C,False,49,1,0,True,True,4.0,2.8864550590515137,2.8869004249572754,0.00044536590576171875,0.019103484228253365,0.12316157668828964,0.9999781250953674
syco_bullshit_v2_med_pnf_03,-C,False,0,59,58,True,True,-4.0,2.8864550590515137,2.8866782188415527,0.0002231597900390625,0.019876250997185707,0.1289094090461731,0.9999763369560242
syco_bullshit_v2_med_pnf_03,-C,False,1,1,0,True,True,-4.0,2.8864550590515137,2.8866941928863525,0.0002391338348388672,0.019841037690639496,0.12855419516563416,0.999976396560669
syco_bullshit_v2_med_pnf_03,-C,False,2,1,0,True,True,-4.0,2.8864550590515137,2.886040449142456,0.0004146099090576172,0.023833611980080605,0.14046475291252136,0.9999659061431885
syco_bullshit_v2_med_pnf_03,-C,False,3,1,0,True,True,-4.0,2.8864550590515137,2.8869733810424805,0.0005183219909667969,0.01845885068178177,0.1258663684129715,0.9999796152114868
syco_bullshit_v2_med_pnf_03,-C,False,4,1,0,True,True,-4.0,2.8864550590515137,2.8867971897125244,0.0003421306610107422,0.019937826320528984,0.1378004252910614,0.9999761581420898
syco_bullshit_v2_med_pnf_03,-C,False,5,1,0,True,True,-4.0,2.8864550590515137,2.8858797550201416,0.0005753040313720703,0.019471731036901474,0.12998376786708832,0.9999773502349854
syco_bullshit_v2_med_pnf_03,-C,False,6,1,0,True,True,-4.0,2.8864550590515137,2.887066602706909,0.0006115436553955078,0.021848039701581,0.14047779142856598,0.9999713897705078
syco_bullshit_v2_med_pnf_03,-C,False,7,1,0,True,True,-4.0,2.8864550590515137,2.886507987976074,5.2928924560546875e-05,0.02088508941233158,0.13866178691387177,0.9999737739562988
syco_bullshit_v2_med_pnf_03,-C,False,8,1,0,True,True,-4.0,2.8864550590515137,2.8869988918304443,0.0005438327789306641,0.020647605881094933,0.13492901623249054,0.9999744892120361
syco_bullshit_v2_med_pnf_03,-C,False,9,1,0,True,True,-4.0,2.8864550590515137,2.88642954826355,2.5510787963867188e-05,0.021747207269072533,0.13433091342449188,0.9999717473983765
syco_bullshit_v2_med_pnf_03,-C,False,10,1,0,True,True,-4.0,2.8864550590515137,2.886246919631958,0.00020813941955566406,0.02008785679936409,0.12626315653324127,0.9999758005142212
syco_bullshit_v2_med_pnf_03,-C,False,11,1,0,True,True,-4.0,2.8864550590515137,2.8861806392669678,0.00027441978454589844,0.019324833527207375,0.13253755867481232,0.9999775886535645
syco_bullshit_v2_med_pnf_03,-C,False,12,1,0,True,True,-4.0,2.8864550590515137,2.8866190910339355,0.000164031982421875,0.02084542252123356,0.13454695045948029,0.9999738931655884
syco_bullshit_v2_med_pnf_03,-C,False,13,1,0,True,True,-4.0,2.8864550590515137,2.8867270946502686,0.0002720355987548828,0.02144179865717888,0.13856300711631775,0.9999724626541138
syco_bullshit_v2_med_pnf_03,-C,False,14,1,0,True,True,-4.0,2.8864550590515137,2.8872756958007812,0.0008206367492675781,0.02092515118420124,0.13635365664958954,0.9999737739562988
syco_bullshit_v2_med_pnf_03,-C,False,15,1,0,True,True,-4.0,2.8864550590515137,2.887394905090332,0.0009398460388183594,0.022761493921279907,0.13935483992099762,0.9999690055847168
syco_bullshit_v2_med_pnf_03,-C,False,16,1,0,True,True,-4.0,2.8864550590515137,2.885575532913208,0.0008795261383056641,0.023525606840848923,0.14355714619159698,0.9999668002128601
syco_bullshit_v2_med_pnf_03,-C,False,17,1,0,True,True,-4.0,2.8864550590515137,2.8867650032043457,0.00030994415283203125,0.02113191969692707,0.13505253195762634,0.9999732375144958
syco_bullshit_v2_med_pnf_03,-C,False,18,1,0,True,True,-4.0,2.8864550590515137,2.8863117694854736,0.00014328956604003906,0.01914416253566742,0.12759549915790558,0.9999781250953674
syco_bullshit_v2_med_pnf_03,-C,False,19,1,0,True,True,-4.0,2.8864550590515137,2.8858566284179688,0.0005984306335449219,0.020712843164801598,0.138142392039299,0.9999743700027466
syco_bullshit_v2_med_pnf_03,-C,False,20,1,0,True,True,-4.0,2.8864550590515137,2.8862152099609375,0.00023984909057617188,0.021170267835259438,0.13605712354183197,0.9999731183052063
syco_bullshit_v2_med_pnf_03,-C,False,21,1,0,True,True,-4.0,2.8864550590515137,2.8870625495910645,0.0006074905395507812,0.019599610939621925,0.13404704630374908,0.9999769330024719
syco_bullshit_v2_med_pnf_03,-C,False,22,1,0,True,True,-4.0,2.8864550590515137,2.8861336708068848,0.00032138824462890625,0.019280649721622467,0.1318473368883133,0.999977707862854
syco_bullshit_v2_med_pnf_03,-C,False,23,1,0,True,True,-4.0,2.8864550590515137,2.8859052658081055,0.0005497932434082031,0.020101409405469894,0.1390751451253891,0.9999758005142212
syco_bullshit_v2_med_pnf_03,-C,False,24,1,0,True,True,-4.0,2.8864550590515137,2.886366367340088,8.869171142578125e-05,0.020122459158301353,0.1321033537387848,0.9999758005142212
syco_bullshit_v2_med_pnf_03,-C,False,25,1,0,True,True,-4.0,2.8864550590515137,2.8864810466766357,2.5987625122070312e-05,0.023576566949486732,0.14575912058353424,0.9999666810035706
syco_bullshit_v2_med_pnf_03,-C,False,26,1,0,True,True,-4.0,2.8864550590515137,2.8860087394714355,0.000446319580078125,0.02171042561531067,0.1381569653749466,0.9999717473983765
syco_bullshit_v2_med_pnf_03,-C,False,27,1,0,True,True,-4.0,2.8864550590515137,2.886573314666748,0.000118255615234375,0.020803244784474373,0.1418188512325287,0.9999740719795227
syco_bullshit_v2_med_pnf_03,-C,False,28,1,0,True,True,-4.0,2.8864550590515137,2.886364698410034,9.036064147949219e-05,0.02222069725394249,0.14266254007816315,0.9999703764915466
syco_bullshit_v2_med_pnf_03,-C,False,29,1,0,True,True,-4.0,2.8864550590515137,2.8867828845977783,0.00032782554626464844,0.02341153658926487,0.1487722545862198,0.999967098236084
syco_bullshit_v2_med_pnf_03,-C,False,30,1,0,True,True,-4.0,2.8864550590515137,2.8866183757781982,0.0001633167266845703,0.018807774409651756,0.1283925175666809,0.99997878074646
syco_bullshit_v2_med_pnf_03,-C,False,31,1,0,True,True,-4.0,2.8864550590515137,2.886258125305176,0.00019693374633789062,0.02011396363377571,0.13487689197063446,0.9999756217002869
syco_bullshit_v2_med_pnf_03,-C,False,32,1,0,True,True,-4.0,2.8864550590515137,2.8864781856536865,2.3126602172851562e-05,0.01783963479101658,0.11829031258821487,0.9999809265136719
syco_bullshit_v2_med_pnf_03,-C,False,33,1,0,True,True,-4.0,2.8864550590515137,2.886772632598877,0.00031757354736328125,0.01989937573671341,0.1229613870382309,0.9999762773513794
syco_bullshit_v2_med_pnf_03,-C,False,34,1,0,True,True,-4.0,2.8864550590515137,2.8874354362487793,0.000980377197265625,0.020068760961294174,0.12366708368062973,0.9999759197235107
syco_bullshit_v2_med_pnf_03,-C,False,35,1,0,True,True,-4.0,2.8864550590515137,2.8863911628723145,6.389617919921875e-05,0.022173577919602394,0.14165256917476654,0.999970555305481
syco_bullshit_v2_med_pnf_03,-C,False,36,1,0,True,True,-4.0,2.8864550590515137,2.8862221240997314,0.00023293495178222656,0.01791645586490631,0.1319200098514557,0.9999807476997375
syco_bullshit_v2_med_pnf_03,-C,False,37,1,0,True,True,-4.0,2.8864550590515137,2.887016773223877,0.0005617141723632812,0.018651552498340607,0.13019435107707977,0.9999790787696838
syco_bullshit_v2_med_pnf_03,-C,False,38,1,0,True,True,-4.0,2.8864550590515137,2.8866515159606934,0.0001964569091796875,0.020539071410894394,0.1390409916639328,0.9999747276306152
syco_bullshit_v2_med_pnf_03,-C,False,39,1,0,True,True,-4.0,2.8864550590515137,2.8862452507019043,0.000209808349609375,0.020742513239383698,0.13575461506843567,0.9999743103981018
syco_bullshit_v2_med_pnf_03,-C,False,40,1,0,True,True,-4.0,2.8864550590515137,2.88677716255188,0.00032210350036621094,0.01790519990026951,0.1253267228603363,0.9999808073043823
syco_bullshit_v2_med_pnf_03,-C,False,41,1,0,True,True,-4.0,2.8864550590515137,2.8871002197265625,0.0006451606750488281,0.01872561126947403,0.12305136770009995,0.9999790191650391
syco_bullshit_v2_med_pnf_03,-C,False,42,1,0,True,True,-4.0,2.8864550590515137,2.8866770267486572,0.0002219676971435547,0.02055051177740097,0.1293267160654068,0.9999747276306152
syco_bullshit_v2_med_pnf_03,-C,False,43,1,0,True,True,-4.0,2.8864550590515137,2.886493682861328,3.8623809814453125e-05,0.020747773349285126,0.13543547689914703,0.999974250793457
syco_bullshit_v2_med_pnf_03,-C,False,44,1,0,True,True,-4.0,2.8864550590515137,2.8869714736938477,0.0005164146423339844,0.021395718678832054,0.1385582536458969,0.9999724626541138
syco_bullshit_v2_med_pnf_03,-C,False,45,1,0,True,True,-4.0,2.8864550590515137,2.8865764141082764,0.00012135505676269531,0.0207171943038702,0.14130184054374695,0.9999741911888123
syco_bullshit_v2_med_pnf_03,-C,False,46,1,0,True,True,-4.0,2.8864550590515137,2.888188600540161,0.001733541488647461,0.025938337668776512,0.1429883986711502,0.9999599456787109
syco_bullshit_v2_med_pnf_03,-C,False,47,1,0,True,True,-4.0,2.8864550590515137,2.8875977993011475,0.001142740249633789,0.019999096170067787,0.13639187812805176,0.9999761581420898
syco_bullshit_v2_med_pnf_03,-C,False,48,1,0,True,True,-4.0,2.8864550590515137,2.886580467224121,0.00012540817260742188,0.019661543890833855,0.13167954981327057,0.9999768733978271
syco_bullshit_v2_med_pnf_03,-C,False,49,1,0,True,True,-4.0,2.8864550590515137,2.8860831260681152,0.0003719329833984375,0.02049381472170353,0.13939668238162994,0.9999748468399048
syco_bullshit_v2_med_pnf_03,-C,False,50,1,0,True,True,-4.0,2.8864550590515137,2.886234998703003,0.0002200603485107422,0.02127404697239399,0.13643458485603333,0.999972939491272
syco_bullshit_v2_med_pnf_03,-C,False,51,1,0,True,True,-4.0,2.8864550590515137,2.887101173400879,0.0006461143493652344,0.019626488909125328,0.13543261587619781,0.9999770522117615
syco_bullshit_v2_med_pnf_03,-C,False,52,1,0,True,True,-4.0,2.8864550590515137,2.8868837356567383,0.0004286766052246094,0.020569074898958206,0.13544748723506927,0.9999747276306152
syco_bullshit_v2_med_pnf_03,-C,False,53,1,0,True,True,-4.0,2.8864550590515137,2.8859610557556152,0.0004940032958984375,0.01920868456363678,0.12820817530155182,0.9999778270721436
syco_bullshit_v2_med_pnf_03,-C,False,54,1,0,True,True,-4.0,2.8864550590515137,2.8865182399749756,6.318092346191406e-05,0.01954902708530426,0.13403882086277008,0.9999769926071167
syco_bullshit_v2_med_pnf_03,-C,False,55,1,0,True,True,-4.0,2.8864550590515137,2.8865227699279785,6.771087646484375e-05,0.02146987058222294,0.1424003690481186,0.9999724626541138
syco_bullshit_v2_med_pnf_03,-C,False,56,1,0,True,True,-4.0,2.8864550590515137,2.8855292797088623,0.0009257793426513672,0.021025147289037704,0.13834546506404877,0.9999736547470093
syco_bullshit_v2_med_pnf_03,-C,False,57,1,0,True,True,-4.0,2.8864550590515137,2.886084794998169,0.00037026405334472656,0.02122464030981064,0.14399351179599762,0.9999730587005615
syco_bullshit_v2_med_pnf_03,-C,False,58,1,0,True,True,-4.0,2.8864550590515137,2.886340379714966,0.00011467933654785156,0.02347843535244465,0.14655746519565582,0.9999669790267944
syco_bullshit_v2_med_pnf_03,-C,False,59,1,0,True,True,-4.0,2.8864550590515137,2.8867504596710205,0.00029540061950683594,0.022601015865802765,0.13906624913215637,0.9999694228172302
syco_bullshit_v2_med_pnf_03,-C,False,60,1,0,True,True,-4.0,2.8864550590515137,2.8872339725494385,0.0007789134979248047,0.02152729593217373,0.13580964505672455,0.9999723434448242
syco_bullshit_v2_med_pnf_03,-C,False,61,1,0,True,True,-4.0,2.8864550590515137,2.886613368988037,0.0001583099365234375,0.02020060084760189,0.13265739381313324,0.9999755620956421
syco_bullshit_v2_med_pnf_03,-C,False,62,1,0,True,True,-4.0,2.8864550590515137,2.885756731033325,0.0006983280181884766,0.02129717357456684,0.1325789839029312,0.9999728202819824
syco_bullshit_v2_med_pnf_03,-C,False,63,1,0,True,True,-4.0,2.8864550590515137,2.886625289916992,0.00017023086547851562,0.021626504138112068,0.14176024496555328,0.9999719858169556
syco_bullshit_v2_med_pnf_03,-C,False,64,1,0,True,True,-4.0,2.8864550590515137,2.8846452236175537,0.001809835433959961,0.018457962200045586,0.13058091700077057,0.9999797344207764
syco_bullshit_v2_med_pnf_03,-C,False,65,1,0,True,True,-4.0,2.8864550590515137,2.886012077331543,0.0004429817199707031,0.023025313392281532,0.14190132915973663,0.9999682903289795
syco_bullshit_v2_med_pnf_03,-C,False,66,1,0,True,True,-4.0,2.8864550590515137,2.885847806930542,0.0006072521209716797,0.019908254966139793,0.13304440677165985,0.9999762177467346
syco_bullshit_v2_med_pnf_03,-C,False,67,1,0,True,True,-4.0,2.8864550590515137,2.88694167137146,0.00048661231994628906,0.022127211093902588,0.14330795407295227,0.9999707341194153
syco_bullshit_v2_med_pnf_03,-C,False,68,1,0,True,True,-4.0,2.8864550590515137,2.885547637939453,0.0009074211120605469,0.020253654569387436,0.13775764405727386,0.9999754428863525
syco_bullshit_v2_med_pnf_03,-C,False,69,1,0,True,True,-4.0,2.8864550590515137,2.8864946365356445,3.9577484130859375e-05,0.02316943183541298,0.1490815132856369,0.9999677538871765
syco_bullshit_v2_med_pnf_03,-C,False,70,1,0,True,True,-4.0,2.8864550590515137,2.886850595474243,0.0003955364227294922,0.020870331674814224,0.13629356026649475,0.9999738931655884
syco_bullshit_v2_med_pnf_03,-C,False,71,1,0,True,True,-4.0,2.8864550590515137,2.8873252868652344,0.0008702278137207031,0.02131165936589241,0.1363605409860611,0.9999728202819824
syco_bullshit_v2_med_pnf_03,-C,False,72,1,0,True,True,-4.0,2.8864550590515137,2.8864731788635254,1.811981201171875e-05,0.019764063879847527,0.1324281394481659,0.9999766945838928
syco_bullshit_v2_med_pnf_03,-C,False,73,1,0,True,True,-4.0,2.8864550590515137,2.8870880603790283,0.0006330013275146484,0.01926966942846775,0.1351333111524582,0.9999778270721436
syco_bullshit_v2_med_pnf_03,-C,False,74,1,0,True,True,-4.0,2.8864550590515137,2.8869259357452393,0.00047087669372558594,0.020405050367116928,0.13708831369876862,0.9999751448631287
syco_bullshit_v2_med_pnf_03,-C,False,75,1,0,True,True,-4.0,2.8864550590515137,2.885786294937134,0.0006687641143798828,0.023974336683750153,0.1474018543958664,0.9999655485153198
syco_bullshit_v2_med_pnf_03,-C,False,76,1,0,True,True,-4.0,2.8864550590515137,2.8870224952697754,0.0005674362182617188,0.019294042140245438,0.13022001087665558,0.999977707862854
syco_bullshit_v2_med_pnf_03,-C,False,77,1,0,True,True,-4.0,2.8864550590515137,2.8868653774261475,0.00041031837463378906,0.017304036766290665,0.1107761487364769,0.9999820590019226
syco_bullshit_v2_med_pnf_03,-C,False,78,1,0,True,True,-4.0,2.8864550590515137,2.887011766433716,0.0005567073822021484,0.017668362706899643,0.12226282060146332,0.9999814033508301
syco_bullshit_v2_sw_pnf_01,+C,False,0,77,76,True,True,4.0,2.8864550590515137,2.885741710662842,0.000713348388671875,0.018894826993346214,0.12799197435379028,0.9999786615371704
syco_bullshit_v2_sw_pnf_01,+C,False,1,1,0,True,True,4.0,2.8864550590515137,2.8864264488220215,2.86102294921875e-05,0.019842000678181648,0.12888872623443604,0.9999764561653137
syco_bullshit_v2_sw_pnf_01,+C,False,2,1,0,True,True,4.0,2.8864550590515137,2.8854942321777344,0.0009608268737792969,0.021565023809671402,0.140829935669899,0.9999721646308899
syco_bullshit_v2_sw_pnf_01,+C,False,3,1,0,True,True,4.0,2.8864550590515137,2.8868167400360107,0.0003616809844970703,0.022372139617800713,0.14285622537136078,0.9999699592590332
syco_bullshit_v2_sw_pnf_01,+C,False,4,1,0,True,True,4.0,2.8864550590515137,2.8862414360046387,0.000213623046875,0.02236204780638218,0.13977040350437164,0.9999699592590332
syco_bullshit_v2_sw_pnf_01,+C,False,5,1,0,True,True,4.0,2.8864550590515137,2.886446475982666,8.58306884765625e-06,0.023222457617521286,0.1461491882801056,0.9999676942825317
syco_bullshit_v2_sw_pnf_01,+C,False,6,1,0,True,True,4.0,2.8864550590515137,2.8855249881744385,0.0009300708770751953,0.020572809502482414,0.13580848276615143,0.9999747276306152
syco_bullshit_v2_sw_pnf_01,+C,False,7,1,0,True,True,4.0,2.8864550590515137,2.886512041091919,5.698204040527344e-05,0.019759340211749077,0.13401363790035248,0.9999765753746033
syco_bullshit_v2_sw_pnf_01,+C,False,8,1,0,True,True,4.0,2.8864550590515137,2.887516736984253,0.0010616779327392578,0.01992635242640972,0.1382186859846115,0.9999763369560242
syco_bullshit_v2_sw_pnf_01,+C,False,9,1,0,True,True,4.0,2.8864550590515137,2.886422634124756,3.24249267578125e-05,0.020159296691417694,0.1341598778963089,0.9999755620956421
syco_bullshit_v2_sw_pnf_01,+C,False,10,1,0,True,True,4.0,2.8864550590515137,2.8867502212524414,0.0002951622009277344,0.024093877524137497,0.1481694132089615,0.9999651312828064
syco_bullshit_v2_sw_pnf_01,+C,False,11,1,0,True,True,4.0,2.8864550590515137,2.885950803756714,0.0005042552947998047,0.020638659596443176,0.13622990250587463,0.9999745488166809
syco_bullshit_v2_sw_pnf_01,+C,False,12,1,0,True,True,4.0,2.8864550590515137,2.8866586685180664,0.00020360946655273438,0.020807456225156784,0.13601495325565338,0.9999741315841675
syco_bullshit_v2_sw_pnf_01,+C,False,13,1,0,True,True,4.0,2.8864550590515137,2.8872601985931396,0.0008051395416259766,0.020141592249274254,0.1262340396642685,0.9999756813049316
syco_bullshit_v2_sw_pnf_01,+C,False,14,1,0,True,True,4.0,2.8864550590515137,2.8864893913269043,3.4332275390625e-05,0.020985504612326622,0.14071349799633026,0.9999736547470093
syco_bullshit_v2_sw_pnf_01,+C,False,15,1,0,True,True,4.0,2.8864550590515137,2.8866331577301025,0.0001780986785888672,0.021748488768935204,0.13677847385406494,0.9999717473983765
syco_bullshit_v2_sw_pnf_01,+C,False,16,1,0,True,True,4.0,2.8864550590515137,2.8852791786193848,0.0011758804321289062,0.021769264712929726,0.1388416290283203,0.9999716281890869
syco_bullshit_v2_sw_pnf_01,+C,False,17,1,0,True,True,4.0,2.8864550590515137,2.886535406112671,8.034706115722656e-05,0.02290351130068302,0.14172475039958954,0.9999685287475586
syco_bullshit_v2_sw_pnf_01,+C,False,18,1,0,True,True,4.0,2.8864550590515137,2.8872268199920654,0.0007717609405517578,0.022584903985261917,0.13615202903747559,0.9999693632125854
syco_bullshit_v2_sw_pnf_01,+C,False,19,1,0,True,True,4.0,2.8864550590515137,2.8873050212860107,0.0008499622344970703,0.019798526540398598,0.1310860961675644,0.999976634979248
syco_bullshit_v2_sw_pnf_01,+C,False,20,1,0,True,True,4.0,2.8864550590515137,2.886934757232666,0.00047969818115234375,0.020442692562937737,0.13472379744052887,0.9999749064445496
syco_bullshit_v2_sw_pnf_01,+C,False,21,1,0,True,True,4.0,2.8864550590515137,2.8874683380126953,0.0010132789611816406,0.019652657210826874,0.1292109191417694,0.9999768137931824
syco_bullshit_v2_sw_pnf_01,+C,False,22,1,0,True,True,4.0,2.8864550590515137,2.886288642883301,0.00016641616821289062,0.02307301014661789,0.13758860528469086,0.9999680519104004
syco_bullshit_v2_sw_pnf_01,+C,False,23,1,0,True,True,4.0,2.8864550590515137,2.8856401443481445,0.0008149147033691406,0.02100050263106823,0.13328582048416138,0.9999735951423645
syco_bullshit_v2_sw_pnf_01,+C,False,24,1,0,True,True,4.0,2.8864550590515137,2.8864259719848633,2.9087066650390625e-05,0.020940184593200684,0.13637156784534454,0.999973714351654
syco_bullshit_v2_sw_pnf_01,+C,False,25,1,0,True,True,4.0,2.8864550590515137,2.8851795196533203,0.0012755393981933594,0.021158438175916672,0.13787300884723663,0.9999732971191406
syco_bullshit_v2_sw_pnf_01,+C,False,26,1,0,True,True,4.0,2.8864550590515137,2.887207269668579,0.0007522106170654297,0.024369023740291595,0.14564098417758942,0.9999644756317139
syco_bullshit_v2_sw_pnf_01,+C,False,27,1,0,True,True,4.0,2.8864550590515137,2.886504650115967,4.9591064453125e-05,0.019945966079831123,0.1369391828775406,0.9999761581420898
syco_bullshit_v2_sw_pnf_01,+C,False,28,1,0,True,True,4.0,2.8864550590515137,2.886143207550049,0.00031185150146484375,0.02093176171183586,0.13796111941337585,0.9999737739562988
syco_bullshit_v2_sw_pnf_01,+C,False,29,1,0,True,True,4.0,2.8864550590515137,2.8859968185424805,0.0004582405090332031,0.02044576033949852,0.13614529371261597,0.9999749660491943
syco_bullshit_v2_sw_pnf_01,+C,False,30,1,0,True,True,4.0,2.8864550590515137,2.885791063308716,0.0006639957427978516,0.022431200370192528,0.14010770618915558,0.9999698400497437
syco_bullshit_v2_sw_pnf_01,+C,False,31,1,0,True,True,4.0,2.8864550590515137,2.887091636657715,0.0006365776062011719,0.02136978693306446,0.1406521499156952,0.9999727010726929
syco_bullshit_v2_sw_pnf_01,+C,False,32,1,0,True,True,4.0,2.8864550590515137,2.8859663009643555,0.0004887580871582031,0.022865459322929382,0.1414986252784729,0.9999687075614929
syco_bullshit_v2_sw_pnf_01,+C,False,33,1,0,True,True,4.0,2.8864550590515137,2.887395143508911,0.0009400844573974609,0.02674124576151371,0.1490669846534729,0.999957263469696
syco_bullshit_v2_sw_pnf_01,+C,False,34,1,0,True,True,4.0,2.8864550590515137,2.886625051498413,0.00016999244689941406,0.02028820477426052,0.13396520912647247,0.999975323677063
syco_bullshit_v2_sw_pnf_01,+C,False,35,1,0,True,True,4.0,2.8864550590515137,2.886435031890869,2.002716064453125e-05,0.020373331382870674,0.1379256397485733,0.9999751448631287
syco_bullshit_v2_sw_pnf_01,+C,False,36,1,0,True,True,4.0,2.8864550590515137,2.8870623111724854,0.0006072521209716797,0.022400738671422005,0.13594453036785126,0.9999699592590332
syco_bullshit_v2_sw_pnf_01,+C,False,37,1,0,True,True,4.0,2.8864550590515137,2.8868110179901123,0.0003559589385986328,0.020296087488532066,0.13740016520023346,0.9999753832817078
syco_bullshit_v2_sw_pnf_01,+C,False,38,1,0,True,True,4.0,2.8864550590515137,2.886340379714966,0.00011467933654785156,0.022173596546053886,0.14326761662960052,0.9999704957008362
syco_bullshit_v2_sw_pnf_01,+C,False,39,1,0,True,True,4.0,2.8864550590515137,2.8864543437957764,7.152557373046875e-07,0.02411460131406784,0.14494739472866058,0.9999651908874512
syco_bullshit_v2_sw_pnf_01,+C,False,40,1,0,True,True,4.0,2.8864550590515137,2.8866312503814697,0.0001761913299560547,0.021695174276828766,0.13594500720500946,0.9999718070030212
syco_bullshit_v2_sw_pnf_01,+C,False,41,1,0,True,True,4.0,2.8864550590515137,2.886221408843994,0.00023365020751953125,0.017864396795630455,0.1237751841545105,0.9999809265136719
syco_bullshit_v2_sw_pnf_01,+C,False,42,1,0,True,True,4.0,2.8864550590515137,2.886556386947632,0.00010132789611816406,0.020425179973244667,0.13301481306552887,0.9999750256538391
syco_bullshit_v2_sw_pnf_01,+C,False,43,1,0,True,True,4.0,2.8864550590515137,2.8872129917144775,0.0007579326629638672,0.020145297050476074,0.1313161700963974,0.9999757409095764
syco_bullshit_v2_sw_pnf_01,+C,False,44,1,0,True,True,4.0,2.8864550590515137,2.8863468170166016,0.00010824203491210938,0.021379614248871803,0.13558708131313324,0.9999726414680481
syco_bullshit_v2_sw_pnf_01,+C,False,45,1,0,True,True,4.0,2.8864550590515137,2.8853986263275146,0.0010564327239990234,0.023921431973576546,0.14332181215286255,0.9999657869338989
syco_bullshit_v2_sw_pnf_01,+C,False,46,1,0,True,True,4.0,2.8864550590515137,2.8864872455596924,3.218650817871094e-05,0.02052752487361431,0.13657145202159882,0.9999746680259705
syco_bullshit_v2_sw_pnf_01,+C,False,47,1,0,True,True,4.0,2.8864550590515137,2.8878390789031982,0.0013840198516845703,0.020602773874998093,0.14152097702026367,0.9999746680259705
syco_bullshit_v2_sw_pnf_01,+C,False,48,1,0,True,True,4.0,2.8864550590515137,2.886765480041504,0.0003104209899902344,0.02286827564239502,0.14454825222492218,0.9999686479568481
syco_bullshit_v2_sw_pnf_01,+C,False,49,1,0,True,True,4.0,2.8864550590515137,2.8870809078216553,0.0006258487701416016,0.019967740401625633,0.1360466331243515,0.9999760389328003
syco_bullshit_v2_sw_pnf_01,+C,False,50,1,0,True,True,4.0,2.8864550590515137,2.88732647895813,0.0008714199066162109,0.024223942309617996,0.14160697162151337,0.9999648332595825
syco_bullshit_v2_sw_pnf_01,+C,False,51,1,0,True,True,4.0,2.8864550590515137,2.8877439498901367,0.0012888908386230469,0.02228621020913124,0.13711164891719818,0.9999703764915466
syco_bullshit_v2_sw_pnf_01,+C,False,52,1,0,True,True,4.0,2.8864550590515137,2.8862087726593018,0.00024628639221191406,0.021197831258177757,0.13618101179599762,0.9999730587005615
syco_bullshit_v2_sw_pnf_01,+C,False,53,1,0,True,True,4.0,2.8864550590515137,2.885728597640991,0.0007264614105224609,0.02098901942372322,0.13962577283382416,0.9999736547470093
syco_bullshit_v2_sw_pnf_01,+C,False,54,1,0,True,True,4.0,2.8864550590515137,2.885834217071533,0.0006208419799804688,0.02313864976167679,0.14073151350021362,0.9999679327011108
syco_bullshit_v2_sw_pnf_01,+C,False,55,1,0,True,True,4.0,2.8864550590515137,2.885944128036499,0.0005109310150146484,0.020075349137187004,0.13563136756420135,0.9999758005142212
syco_bullshit_v2_sw_pnf_01,+C,False,56,1,0,True,True,4.0,2.8864550590515137,2.88634991645813,0.00010514259338378906,0.017705680802464485,0.11205406486988068,0.999981164932251
syco_bullshit_v2_sw_pnf_01,+C,False,57,1,0,True,True,4.0,2.8864550590515137,2.886101245880127,0.00035381317138671875,0.018670501187443733,0.12381532043218613,0.9999791383743286
syco_bullshit_v2_sw_pnf_01,-C,False,0,77,76,True,True,-4.0,2.8864550590515137,2.8861639499664307,0.0002911090850830078,0.019953180104494095,0.12799197435379028,0.9999761581420898
syco_bullshit_v2_sw_pnf_01,-C,False,1,1,0,True,True,-4.0,2.8864550590515137,2.887065887451172,0.0006108283996582031,0.01922372542321682,0.12888872623443604,0.9999778270721436
syco_bullshit_v2_sw_pnf_01,-C,False,2,1,0,True,True,-4.0,2.8864550590515137,2.8864619731903076,6.9141387939453125e-06,0.0221884585916996,0.140829935669899,0.999970555305481
syco_bullshit_v2_sw_pnf_01,-C,False,3,1,0,True,True,-4.0,2.8864550590515137,2.886749744415283,0.00029468536376953125,0.02206007018685341,0.14285622537136078,0.9999707937240601
syco_bullshit_v2_sw_pnf_01,-C,False,4,1,0,True,True,-4.0,2.8864550590515137,2.88580322265625,0.0006518363952636719,0.021658964455127716,0.13977040350437164,0.9999719262123108
syco_bullshit_v2_sw_pnf_01,-C,False,5,1,0,True,True,-4.0,2.8864550590515137,2.886049270629883,0.0004057884216308594,0.02408927120268345,0.1461491882801056,0.9999651908874512
syco_bullshit_v2_sw_pnf_01,-C,False,6,1,0,True,True,-4.0,2.8864550590515137,2.8859503269195557,0.0005047321319580078,0.020320499315857887,0.13580848276615143,0.9999752044677734
syco_bullshit_v2_sw_pnf_01,-C,False,7,1,0,True,True,-4.0,2.8864550590515137,2.8862783908843994,0.0001766681671142578,0.02027459815144539,0.13401363790035248,0.9999754428863525
syco_bullshit_v2_sw_pnf_01,-C,False,8,1,0,True,True,-4.0,2.8864550590515137,2.8860702514648438,0.0003848075866699219,0.02079552412033081,0.1382186859846115,0.9999740123748779
syco_bullshit_v2_sw_pnf_01,-C,False,9,1,0,True,True,-4.0,2.8864550590515137,2.8872416019439697,0.0007865428924560547,0.021416714414954185,0.134503573179245,0.9999725818634033
syco_bullshit_v2_sw_pnf_01,-C,False,10,1,0,True,True,-4.0,2.8864550590515137,2.8861846923828125,0.0002703666687011719,0.024810662493109703,0.14502929151058197,0.9999630451202393
syco_bullshit_v2_sw_pnf_01,-C,False,11,1,0,True,True,-4.0,2.8864550590515137,2.8864200115203857,3.504753112792969e-05,0.02489617094397545,0.1475834995508194,0.9999627470970154
syco_bullshit_v2_sw_pnf_01,-C,False,12,1,0,True,True,-4.0,2.8864550590515137,2.886798620223999,0.00034356117248535156,0.02245470881462097,0.13565011322498322,0.9999697208404541
syco_bullshit_v2_sw_pnf_01,-C,False,13,1,0,True,True,-4.0,2.8864550590515137,2.887000322341919,0.0005452632904052734,0.020953763276338577,0.13911880552768707,0.999973714351654
syco_bullshit_v2_sw_pnf_01,-C,False,14,1,0,True,True,-4.0,2.8864550590515137,2.887225866317749,0.0007708072662353516,0.019928356632590294,0.13224570453166962,0.9999762773513794
syco_bullshit_v2_sw_pnf_01,-C,False,15,1,0,True,True,-4.0,2.8864550590515137,2.8860676288604736,0.00038743019104003906,0.023618211969733238,0.14064373075962067,0.9999665021896362
syco_bullshit_v2_sw_pnf_01,-C,False,16,1,0,True,True,-4.0,2.8864550590515137,2.8861520290374756,0.00030303001403808594,0.0212345402687788,0.13806931674480438,0.9999729990959167
syco_bullshit_v2_sw_pnf_01,-C,False,17,1,0,True,True,-4.0,2.8864550590515137,2.8868584632873535,0.00040340423583984375,0.022927047684788704,0.1373739391565323,0.9999684691429138
syco_bullshit_v2_sw_pnf_01,-C,False,18,1,0,True,True,-4.0,2.8864550590515137,2.8868870735168457,0.00043201446533203125,0.02230774238705635,0.13777326047420502,0.9999701976776123
syco_bullshit_v2_sw_pnf_01,-C,False,19,1,0,True,True,-4.0,2.8864550590515137,2.886507034301758,5.1975250244140625e-05,0.022812675684690475,0.141703262925148,0.9999688863754272
syco_bullshit_v2_sw_pnf_01,-C,False,20,1,0,True,True,-4.0,2.8864550590515137,2.8868560791015625,0.0004010200500488281,0.021391166374087334,0.13593432307243347,0.9999725818634033
syco_bullshit_v2_sw_pnf_01,-C,False,21,1,0,True,True,-4.0,2.8864550590515137,2.887272596359253,0.0008175373077392578,0.02149222046136856,0.13597391545772552,0.9999723434448242
syco_bullshit_v2_sw_pnf_01,-C,False,22,1,0,True,True,-4.0,2.8864550590515137,2.8858399391174316,0.0006151199340820312,0.02053901180624962,0.13385392725467682,0.9999747276306152
syco_bullshit_v2_sw_pnf_01,-C,False,23,1,0,True,True,-4.0,2.8864550590515137,2.8869524002075195,0.0004973411560058594,0.019609885290265083,0.13629524409770966,0.9999769926071167
syco_bullshit_v2_sw_pnf_01,-C,False,24,1,0,True,True,-4.0,2.8864550590515137,2.8877065181732178,0.0012514591217041016,0.021420691162347794,0.1374201476573944,0.9999725818634033
syco_bullshit_v2_sw_pnf_01,-C,False,25,1,0,True,True,-4.0,2.8864550590515137,2.885913610458374,0.0005414485931396484,0.021922234445810318,0.1404258757829666,0.9999712705612183
syco_bullshit_v2_sw_pnf_01,-C,False,26,1,0,True,True,-4.0,2.8864550590515137,2.8864567279815674,1.6689300537109375e-06,0.023356234654784203,0.13954372704029083,0.9999673366546631
syco_bullshit_v2_sw_pnf_01,-C,False,27,1,0,True,True,-4.0,2.8864550590515137,2.8880770206451416,0.0016219615936279297,0.026419622823596,0.15015600621700287,0.999958336353302
syco_bullshit_v2_sw_pnf_01,-C,False,28,1,0,True,True,-4.0,2.8864550590515137,2.8871676921844482,0.0007126331329345703,0.0227030161768198,0.13721774518489838,0.9999691247940063
syco_bullshit_v2_sw_pnf_01,-C,False,29,1,0,True,True,-4.0,2.8864550590515137,2.886610507965088,0.00015544891357421875,0.019888270646333694,0.13353131711483002,0.9999763369560242
syco_bullshit_v2_sw_pnf_01,-C,False,30,1,0,True,True,-4.0,2.8864550590515137,2.886550188064575,9.512901306152344e-05,0.024776890873908997,0.14265243709087372,0.9999632239341736
syco_bullshit_v2_sw_pnf_01,-C,False,31,1,0,True,True,-4.0,2.8864550590515137,2.886993885040283,0.0005388259887695312,0.0200495608150959,0.13679425418376923,0.9999759197235107
syco_bullshit_v2_sw_pnf_01,-C,False,32,1,0,True,True,-4.0,2.8864550590515137,2.8867084980010986,0.00025343894958496094,0.020748501643538475,0.13746650516986847,0.999974250793457
syco_bullshit_v2_sw_pnf_01,-C,False,33,1,0,True,True,-4.0,2.8864550590515137,2.887235403060913,0.0007803440093994141,0.026051294058561325,0.15082915127277374,0.9999593496322632
syco_bullshit_v2_sw_pnf_01,-C,False,34,1,0,True,True,-4.0,2.8864550590515137,2.886328935623169,0.00012612342834472656,0.02129443734884262,0.1349610835313797,0.9999728798866272
syco_bullshit_v2_sw_pnf_01,-C,False,35,1,0,True,True,-4.0,2.8864550590515137,2.8863587379455566,9.632110595703125e-05,0.02194826491177082,0.1327832192182541,0.9999711513519287
syco_bullshit_v2_sw_pnf_01,-C,False,36,1,0,True,True,-4.0,2.8864550590515137,2.8865866661071777,0.0001316070556640625,0.02119927853345871,0.13416270911693573,0.9999730587005615
syco_bullshit_v2_sw_pnf_01,-C,False,37,1,0,True,True,-4.0,2.8864550590515137,2.8872697353363037,0.0008146762847900391,0.023888541385531425,0.14089062809944153,0.9999657869338989
syco_bullshit_v2_sw_pnf_01,-C,False,38,1,0,True,True,-4.0,2.8864550590515137,2.886814832687378,0.0003597736358642578,0.02077491395175457,0.1336689442396164,0.9999741315841675
syco_bullshit_v2_sw_pnf_01,-C,False,39,1,0,True,True,-4.0,2.8864550590515137,2.88643479347229,2.0265579223632812e-05,0.022938821464776993,0.137177512049675,0.999968409538269
syco_bullshit_v2_sw_pnf_01,-C,False,40,1,0,True,True,-4.0,2.8864550590515137,2.886315107345581,0.0001399517059326172,0.021557871252298355,0.13549605011940002,0.9999721646308899
syco_bullshit_v2_sw_pnf_01,-C,False,41,1,0,True,True,-4.0,2.8864550590515137,2.8874402046203613,0.0009851455688476562,0.022314755246043205,0.14339958131313324,0.9999701976776123
syco_bullshit_v2_sw_pnf_01,-C,False,42,1,0,True,True,-4.0,2.8864550590515137,2.887845516204834,0.0013904571533203125,0.02293057180941105,0.14523287117481232,0.9999686479568481
syco_bullshit_v2_sw_pnf_01,-C,False,43,1,0,True,True,-4.0,2.8864550590515137,2.8874142169952393,0.0009591579437255859,0.021799743175506592,0.13945837318897247,0.9999716281890869
syco_bullshit_v2_sw_pnf_01,-C,False,44,1,0,True,True,-4.0,2.8864550590515137,2.886824369430542,0.0003693103790283203,0.020800290629267693,0.13390038907527924,0.9999740123748779
syco_bullshit_v2_sw_pnf_01,-C,False,45,1,0,True,True,-4.0,2.8864550590515137,2.886050224304199,0.0004048347473144531,0.024397950619459152,0.14875636994838715,0.9999642968177795
syco_bullshit_v2_sw_pnf_01,-C,False,46,1,0,True,True,-4.0,2.8864550590515137,2.886345148086548,0.00010991096496582031,0.022612201049923897,0.1364327222108841,0.9999692440032959
syco_bullshit_v2_sw_pnf_01,-C,False,47,1,0,True,True,-4.0,2.8864550590515137,2.8860604763031006,0.00039458274841308594,0.022005455568432808,0.1392248123884201,0.9999709129333496
syco_bullshit_v2_sw_pnf_01,-C,False,48,1,0,True,True,-4.0,2.8864550590515137,2.8869168758392334,0.00046181678771972656,0.020873859524726868,0.137351393699646,0.9999738931655884
syco_bullshit_v2_sw_pnf_01,-C,False,49,1,0,True,True,-4.0,2.8864550590515137,2.886991262435913,0.0005362033843994141,0.02423825114965439,0.150499626994133,0.9999647736549377
syco_bullshit_v2_sw_pnf_01,-C,False,50,1,0,True,True,-4.0,2.8864550590515137,2.8865065574645996,5.14984130859375e-05,0.023227037861943245,0.14142344892024994,0.9999676942825317
syco_bullshit_v2_sw_pnf_01,-C,False,51,1,0,True,True,-4.0,2.8864550590515137,2.8871853351593018,0.0007302761077880859,0.023543495684862137,0.137736514210701,0.9999668598175049
syco_bullshit_v2_sw_pnf_01,-C,False,52,1,0,True,True,-4.0,2.8864550590515137,2.8869335651397705,0.00047850608825683594,0.021949833258986473,0.1382816880941391,0.9999711513519287
syco_bullshit_v2_sw_pnf_01,-C,False,53,1,0,True,True,-4.0,2.8864550590515137,2.886918067932129,0.0004630088806152344,0.02301570028066635,0.14261239767074585,0.9999682903289795
syco_bullshit_v2_sw_pnf_01,-C,False,54,1,0,True,True,-4.0,2.8864550590515137,2.8879778385162354,0.0015227794647216797,0.022877365350723267,0.1460740715265274,0.9999688863754272
syco_bullshit_v2_sw_pnf_01,-C,False,55,1,0,True,True,-4.0,2.8864550590515137,2.8867509365081787,0.00029587745666503906,0.02329184301197529,0.1401706486940384,0.9999674558639526
syco_bullshit_v2_sw_pnf_01,-C,False,56,1,0,True,True,-4.0,2.8864550590515137,2.88569712638855,0.0007579326629638672,0.020487459376454353,0.13837529718875885,0.9999748468399048
syco_bullshit_v2_sw_pnf_01,-C,False,57,1,0,True,True,-4.0,2.8864550590515137,2.8866615295410156,0.00020647048950195312,0.016866233199834824,0.11161322146654129,0.9999828934669495
syco_bullshit_v2_sw_pnf_01,-C,False,58,1,0,True,True,-4.0,2.8864550590515137,2.887125253677368,0.0006701946258544922,0.01790679432451725,0.12304515391588211,0.9999807476997375
syco_bullshit_v2_sw_pnf_02,+C,False,0,72,71,True,True,4.0,2.8864550590515137,2.8858859539031982,0.0005691051483154297,0.019291704520583153,0.13142530620098114,0.999977707862854
syco_bullshit_v2_sw_pnf_02,+C,False,1,1,0,True,True,4.0,2.8864550590515137,2.88666033744812,0.0002052783966064453,0.01966273784637451,0.1346728652715683,0.9999767541885376
syco_bullshit_v2_sw_pnf_02,+C,False,2,1,0,True,True,4.0,2.8864550590515137,2.887122869491577,0.0006678104400634766,0.01979711279273033,0.13288767635822296,0.999976396560669
syco_bullshit_v2_sw_pnf_02,+C,False,3,1,0,True,True,4.0,2.8864550590515137,2.886969566345215,0.0005145072937011719,0.020224861800670624,0.1331053078174591,0.9999755024909973
syco_bullshit_v2_sw_pnf_02,+C,False,4,1,0,True,True,4.0,2.8864550590515137,2.8856921195983887,0.000762939453125,0.02172350510954857,0.1429935246706009,0.9999716877937317
syco_bullshit_v2_sw_pnf_02,+C,False,5,1,0,True,True,4.0,2.8864550590515137,2.887610912322998,0.001155853271484375,0.024967528879642487,0.14552368223667145,0.9999627470970154
syco_bullshit_v2_sw_pnf_02,+C,False,6,1,0,True,True,4.0,2.8864550590515137,2.887314558029175,0.0008594989776611328,0.023774702101945877,0.14630500972270966,0.9999661445617676
syco_bullshit_v2_sw_pnf_02,+C,False,7,1,0,True,True,4.0,2.8864550590515137,2.887220621109009,0.0007655620574951172,0.022522591054439545,0.14547479152679443,0.9999696016311646
syco_bullshit_v2_sw_pnf_02,+C,False,8,1,0,True,True,4.0,2.8864550590515137,2.8866748809814453,0.00021982192993164062,0.020545978099107742,0.13690969347953796,0.9999746084213257
syco_bullshit_v2_sw_pnf_02,+C,False,9,1,0,True,True,4.0,2.8864550590515137,2.8866658210754395,0.00021076202392578125,0.021131260320544243,0.1364773064851761,0.9999731779098511
syco_bullshit_v2_sw_pnf_02,+C,False,10,1,0,True,True,4.0,2.8864550590515137,2.8874242305755615,0.0009691715240478516,0.02149803563952446,0.13652922213077545,0.9999723434448242
syco_bullshit_v2_sw_pnf_02,+C,False,11,1,0,True,True,4.0,2.8864550590515137,2.887138843536377,0.0006837844848632812,0.022963179275393486,0.1366765946149826,0.999968409538269
syco_bullshit_v2_sw_pnf_02,+C,False,12,1,0,True,True,4.0,2.8864550590515137,2.8867368698120117,0.0002818107604980469,0.02326178550720215,0.14411188662052155,0.9999675750732422
syco_bullshit_v2_sw_pnf_02,+C,False,13,1,0,True,True,4.0,2.8864550590515137,2.8864099979400635,4.506111145019531e-05,0.02114308811724186,0.13747404515743256,0.9999732375144958
syco_bullshit_v2_sw_pnf_02,+C,False,14,1,0,True,True,4.0,2.8864550590515137,2.8865280151367188,7.295608520507812e-05,0.021192364394664764,0.13611821830272675,0.9999730587005615
syco_bullshit_v2_sw_pnf_02,+C,False,15,1,0,True,True,4.0,2.8864550590515137,2.8867342472076416,0.0002791881561279297,0.021950824186205864,0.14458401501178741,0.9999711513519287
syco_bullshit_v2_sw_pnf_02,+C,False,16,1,0,True,True,4.0,2.8864550590515137,2.887007236480713,0.0005521774291992188,0.025093059986829758,0.14929930865764618,0.999962329864502
syco_bullshit_v2_sw_pnf_02,+C,False,17,1,0,True,True,4.0,2.8864550590515137,2.8871636390686035,0.0007085800170898438,0.02098778821527958,0.1378811001777649,0.9999736547470093
syco_bullshit_v2_sw_pnf_02,+C,False,18,1,0,True,True,4.0,2.8864550590515137,2.887317657470703,0.0008625984191894531,0.021354354918003082,0.13752077519893646,0.9999727010726929
syco_bullshit_v2_sw_pnf_02,+C,False,19,1,0,True,True,4.0,2.8864550590515137,2.8869895935058594,0.0005345344543457031,0.021516213193535805,0.1401948481798172,0.9999722242355347
syco_bullshit_v2_sw_pnf_02,+C,False,20,1,0,True,True,4.0,2.8864550590515137,2.886199474334717,0.000255584716796875,0.020940398797392845,0.1350473165512085,0.999973714351654
syco_bullshit_v2_sw_pnf_02,+C,False,21,1,0,True,True,4.0,2.8864550590515137,2.885756015777588,0.0006990432739257812,0.021413134410977364,0.13444267213344574,0.9999725222587585
syco_bullshit_v2_sw_pnf_02,+C,False,22,1,0,True,True,4.0,2.8864550590515137,2.8874778747558594,0.0010228157043457031,0.02394038438796997,0.13945771753787994,0.9999657869338989
syco_bullshit_v2_sw_pnf_02,+C,False,23,1,0,True,True,4.0,2.8864550590515137,2.886533498764038,7.843971252441406e-05,0.02099422924220562,0.1375599056482315,0.9999735355377197
syco_bullshit_v2_sw_pnf_02,+C,False,24,1,0,True,True,4.0,2.8864550590515137,2.8870508670806885,0.0005958080291748047,0.022497037425637245,0.14228130877017975,0.9999697208404541
syco_bullshit_v2_sw_pnf_02,+C,False,25,1,0,True,True,4.0,2.8864550590515137,2.8871254920959473,0.0006704330444335938,0.02226061001420021,0.1451662927865982,0.9999704360961914
syco_bullshit_v2_sw_pnf_02,+C,False,26,1,0,True,True,4.0,2.8864550590515137,2.8861589431762695,0.0002961158752441406,0.024806980043649673,0.15380235016345978,0.9999631643295288
syco_bullshit_v2_sw_pnf_02,+C,False,27,1,0,True,True,4.0,2.8864550590515137,2.8871560096740723,0.0007009506225585938,0.02327839843928814,0.13988222181797028,0.9999676942825317
syco_bullshit_v2_sw_pnf_02,+C,False,28,1,0,True,True,4.0,2.8864550590515137,2.887119770050049,0.0006647109985351562,0.021750587970018387,0.13532795011997223,0.9999717473983765
syco_bullshit_v2_sw_pnf_02,+C,False,29,1,0,True,True,4.0,2.8864550590515137,2.8868179321289062,0.0003628730773925781,0.020735254511237144,0.13558809459209442,0.9999743103981018
syco_bullshit_v2_sw_pnf_02,+C,False,30,1,0,True,True,4.0,2.8864550590515137,2.8869001865386963,0.0004451274871826172,0.021417878568172455,0.1378423422574997,0.9999725222587585
syco_bullshit_v2_sw_pnf_02,+C,False,31,1,0,True,True,4.0,2.8864550590515137,2.8873751163482666,0.0009200572967529297,0.022502189502120018,0.14341327548027039,0.9999697208404541
syco_bullshit_v2_sw_pnf_02,+C,False,32,1,0,True,True,4.0,2.8864550590515137,2.8867337703704834,0.00027871131896972656,0.024073118343949318,0.14598526060581207,0.999965250492096
syco_bullshit_v2_sw_pnf_02,+C,False,33,1,0,True,True,4.0,2.8864550590515137,2.8862721920013428,0.00018286705017089844,0.026243822649121284,0.14752592146396637,0.9999587535858154
syco_bullshit_v2_sw_pnf_02,+C,False,34,1,0,True,True,4.0,2.8864550590515137,2.8860321044921875,0.0004229545593261719,0.02071988582611084,0.13784827291965485,0.9999743700027466
syco_bullshit_v2_sw_pnf_02,+C,False,35,1,0,True,True,4.0,2.8864550590515137,2.8871240615844727,0.0006690025329589844,0.018941489979624748,0.13278810679912567,0.9999786019325256
syco_bullshit_v2_sw_pnf_02,+C,False,36,1,0,True,True,4.0,2.8864550590515137,2.8867478370666504,0.00029277801513671875,0.020671049132943153,0.13581962883472443,0.9999743700027466
syco_bullshit_v2_sw_pnf_02,+C,False,37,1,0,True,True,4.0,2.8864550590515137,2.885676860809326,0.0007781982421875,0.021306684240698814,0.13812001049518585,0.9999728202819824
syco_bullshit_v2_sw_pnf_02,+C,False,38,1,0,True,True,4.0,2.8864550590515137,2.8861372470855713,0.0003178119659423828,0.02119172178208828,0.13737034797668457,0.9999730587005615
syco_bullshit_v2_sw_pnf_02,+C,False,39,1,0,True,True,4.0,2.8864550590515137,2.8865416049957275,8.654594421386719e-05,0.022630922496318817,0.1417885720729828,0.9999692440032959
syco_bullshit_v2_sw_pnf_02,+C,False,40,1,0,True,True,4.0,2.8864550590515137,2.8872883319854736,0.0008332729339599609,0.023269420489668846,0.14604409039020538,0.9999675750732422
syco_bullshit_v2_sw_pnf_02,+C,False,41,1,0,True,True,4.0,2.8864550590515137,2.886216163635254,0.00023889541625976562,0.02037421427667141,0.13772991299629211,0.9999751448631287
syco_bullshit_v2_sw_pnf_02,+C,False,42,1,0,True,True,4.0,2.8864550590515137,2.8862175941467285,0.00023746490478515625,0.021789798513054848,0.14362089335918427,0.9999715089797974
syco_bullshit_v2_sw_pnf_02,+C,False,43,1,0,True,True,4.0,2.8864550590515137,2.88588547706604,0.0005695819854736328,0.02262580581009388,0.14535322785377502,0.9999693632125854
syco_bullshit_v2_sw_pnf_02,+C,False,44,1,0,True,True,4.0,2.8864550590515137,2.8867077827453613,0.00025272369384765625,0.02329213172197342,0.14751923084259033,0.9999674558639526
syco_bullshit_v2_sw_pnf_02,+C,False,45,1,0,True,True,4.0,2.8864550590515137,2.8867814540863037,0.00032639503479003906,0.021403130143880844,0.14213822782039642,0.9999725222587585
syco_bullshit_v2_sw_pnf_02,+C,False,46,1,0,True,True,4.0,2.8864550590515137,2.886465072631836,1.0013580322265625e-05,0.023381050676107407,0.14191649854183197,0.9999672174453735
syco_bullshit_v2_sw_pnf_02,+C,False,47,1,0,True,True,4.0,2.8864550590515137,2.8869211673736572,0.0004661083221435547,0.022664202377200127,0.13950656354427338,0.9999691843986511
syco_bullshit_v2_sw_pnf_02,+C,False,48,1,0,True,True,4.0,2.8864550590515137,2.887162208557129,0.0007071495056152344,0.020653797313570976,0.1383657604455948,0.9999744296073914
syco_bullshit_v2_sw_pnf_02,+C,False,49,1,0,True,True,4.0,2.8864550590515137,2.8871819972991943,0.0007269382476806641,0.021773437038064003,0.14187684655189514,0.9999716281890869
syco_bullshit_v2_sw_pnf_02,+C,False,50,1,0,True,True,4.0,2.8864550590515137,2.8861143589019775,0.0003407001495361328,0.018753407523036003,0.12760476768016815,0.9999788999557495
syco_bullshit_v2_sw_pnf_02,+C,False,51,1,0,True,True,4.0,2.8864550590515137,2.886671543121338,0.00021648406982421875,0.02227942645549774,0.14451991021633148,0.9999701380729675
syco_bullshit_v2_sw_pnf_02,+C,False,52,1,0,True,True,4.0,2.8864550590515137,2.887014627456665,0.0005595684051513672,0.024677788838744164,0.1494545191526413,0.9999635219573975
syco_bullshit_v2_sw_pnf_02,+C,False,53,1,0,True,True,4.0,2.8864550590515137,2.8869893550872803,0.0005342960357666016,0.021137455478310585,0.1406327784061432,0.9999731779098511
syco_bullshit_v2_sw_pnf_02,+C,False,54,1,0,True,True,4.0,2.8864550590515137,2.887299060821533,0.0008440017700195312,0.017528457567095757,0.11163566261529922,0.9999816417694092
syco_bullshit_v2_sw_pnf_02,+C,False,55,1,0,True,True,4.0,2.8864550590515137,2.8871350288391113,0.0006799697875976562,0.017835665494203568,0.1249561533331871,0.9999809265136719
syco_bullshit_v2_sw_pnf_02,-C,False,0,72,71,True,True,-4.0,2.8864550590515137,2.8872480392456055,0.0007929801940917969,0.01962815411388874,0.13142530620098114,0.9999768733978271
syco_bullshit_v2_sw_pnf_02,-C,False,1,1,0,True,True,-4.0,2.8864550590515137,2.8864598274230957,4.76837158203125e-06,0.01988695003092289,0.1287914514541626,0.9999762177467346
syco_bullshit_v2_sw_pnf_02,-C,False,2,1,0,True,True,-4.0,2.8864550590515137,2.886274576187134,0.0001804828643798828,0.022160673514008522,0.14210687577724457,0.9999706149101257
syco_bullshit_v2_sw_pnf_02,-C,False,3,1,0,True,True,-4.0,2.8864550590515137,2.885601282119751,0.0008537769317626953,0.02243710123002529,0.14390718936920166,0.9999698400497437
syco_bullshit_v2_sw_pnf_02,-C,False,4,1,0,True,True,-4.0,2.8864550590515137,2.8854548931121826,0.0010001659393310547,0.02392612397670746,0.14771755039691925,0.9999657869338989
syco_bullshit_v2_sw_pnf_02,-C,False,5,1,0,True,True,-4.0,2.8864550590515137,2.8863327503204346,0.00012230873107910156,0.021620823070406914,0.14455808699131012,0.9999719262123108
syco_bullshit_v2_sw_pnf_02,-C,False,6,1,0,True,True,-4.0,2.8864550590515137,2.886544942855835,8.988380432128906e-05,0.02045055851340294,0.13642968237400055,0.9999749660491943
syco_bullshit_v2_sw_pnf_02,-C,False,7,1,0,True,True,-4.0,2.8864550590515137,2.885927200317383,0.0005278587341308594,0.02337789349257946,0.14054958522319794,0.9999672174453735
syco_bullshit_v2_sw_pnf_02,-C,False,8,1,0,True,True,-4.0,2.8864550590515137,2.887343168258667,0.0008881092071533203,0.02269093506038189,0.14168545603752136,0.9999691843986511
syco_bullshit_v2_sw_pnf_02,-C,False,9,1,0,True,True,-4.0,2.8864550590515137,2.8868539333343506,0.00039887428283691406,0.020702892914414406,0.1376843899488449,0.9999743700027466
syco_bullshit_v2_sw_pnf_02,-C,False,10,1,0,True,True,-4.0,2.8864550590515137,2.886030912399292,0.0004241466522216797,0.021964693441987038,0.14391957223415375,0.9999710321426392
syco_bullshit_v2_sw_pnf_02,-C,False,11,1,0,True,True,-4.0,2.8864550590515137,2.8863272666931152,0.0001277923583984375,0.022220421582460403,0.14343206584453583,0.9999703168869019
syco_bullshit_v2_sw_pnf_02,-C,False,12,1,0,True,True,-4.0,2.8864550590515137,2.886258125305176,0.00019693374633789062,0.021858371794223785,0.14398989081382751,0.9999713897705078
syco_bullshit_v2_sw_pnf_02,-C,False,13,1,0,True,True,-4.0,2.8864550590515137,2.886232376098633,0.00022268295288085938,0.022572988644242287,0.14275474846363068,0.9999694228172302
syco_bullshit_v2_sw_pnf_02,-C,False,14,1,0,True,True,-4.0,2.8864550590515137,2.8858699798583984,0.0005850791931152344,0.026316409930586815,0.15593202412128448,0.9999585151672363
syco_bullshit_v2_sw_pnf_02,-C,False,15,1,0,True,True,-4.0,2.8864550590515137,2.8861732482910156,0.0002818107604980469,0.02277657389640808,0.1402863711118698,0.999968945980072
syco_bullshit_v2_sw_pnf_02,-C,False,16,1,0,True,True,-4.0,2.8864550590515137,2.886922597885132,0.00046753883361816406,0.021868817508220673,0.14040632545948029,0.999971330165863
syco_bullshit_v2_sw_pnf_02,-C,False,17,1,0,True,True,-4.0,2.8864550590515137,2.887610673904419,0.0011556148529052734,0.02078326977789402,0.13506969809532166,0.9999741911888123
syco_bullshit_v2_sw_pnf_02,-C,False,18,1,0,True,True,-4.0,2.8864550590515137,2.8855843544006348,0.0008707046508789062,0.020664377138018608,0.13449522852897644,0.9999744892120361
syco_bullshit_v2_sw_pnf_02,-C,False,19,1,0,True,True,-4.0,2.8864550590515137,2.8864328861236572,2.2172927856445312e-05,0.022732671350240707,0.14201165735721588,0.9999690055847168
syco_bullshit_v2_sw_pnf_02,-C,False,20,1,0,True,True,-4.0,2.8864550590515137,2.8869540691375732,0.0004990100860595703,0.021090148016810417,0.13499222695827484,0.9999734163284302
syco_bullshit_v2_sw_pnf_02,-C,False,21,1,0,True,True,-4.0,2.8864550590515137,2.8858227729797363,0.0006322860717773438,0.023800363764166832,0.14327047765254974,0.9999660849571228
syco_bullshit_v2_sw_pnf_02,-C,False,22,1,0,True,True,-4.0,2.8864550590515137,2.8857510089874268,0.0007040500640869141,0.02354019694030285,0.1405106633901596,0.9999668002128601
syco_bullshit_v2_sw_pnf_02,-C,False,23,1,0,True,True,-4.0,2.8864550590515137,2.8876330852508545,0.0011780261993408203,0.02123972587287426,0.13430701196193695,0.9999730587005615
syco_bullshit_v2_sw_pnf_02,-C,False,24,1,0,True,True,-4.0,2.8864550590515137,2.886610746383667,0.0001556873321533203,0.022939372807741165,0.14545702934265137,0.9999684691429138
syco_bullshit_v2_sw_pnf_02,-C,False,25,1,0,True,True,-4.0,2.8864550590515137,2.88645076751709,4.291534423828125e-06,0.0217862781137228,0.14416955411434174,0.9999716281890869
syco_bullshit_v2_sw_pnf_02,-C,False,26,1,0,True,True,-4.0,2.8864550590515137,2.8860154151916504,0.00043964385986328125,0.02665002830326557,0.15004989504814148,0.9999573826789856
syco_bullshit_v2_sw_pnf_02,-C,False,27,1,0,True,True,-4.0,2.8864550590515137,2.8862719535827637,0.00018310546875,0.02275947667658329,0.13952328264713287,0.9999690651893616
syco_bullshit_v2_sw_pnf_02,-C,False,28,1,0,True,True,-4.0,2.8864550590515137,2.887428045272827,0.0009729862213134766,0.019148726016283035,0.13201749324798584,0.9999780058860779
syco_bullshit_v2_sw_pnf_02,-C,False,29,1,0,True,True,-4.0,2.8864550590515137,2.885845899581909,0.0006091594696044922,0.0199284665286541,0.1374204158782959,0.9999761581420898
syco_bullshit_v2_sw_pnf_02,-C,False,30,1,0,True,True,-4.0,2.8864550590515137,2.8864641189575195,9.059906005859375e-06,0.022502826526761055,0.14298638701438904,0.9999696612358093
syco_bullshit_v2_sw_pnf_02,-C,False,31,1,0,True,True,-4.0,2.8864550590515137,2.886586904525757,0.00013184547424316406,0.02128962241113186,0.1452968418598175,0.9999728202819824
syco_bullshit_v2_sw_pnf_02,-C,False,32,1,0,True,True,-4.0,2.8864550590515137,2.88783597946167,0.00138092041015625,0.022884774953126907,0.14732886850833893,0.9999687671661377
syco_bullshit_v2_sw_pnf_02,-C,False,33,1,0,True,True,-4.0,2.8864550590515137,2.8861327171325684,0.0003223419189453125,0.022816013544797897,0.14704953134059906,0.9999687671661377
syco_bullshit_v2_sw_pnf_02,-C,False,34,1,0,True,True,-4.0,2.8864550590515137,2.886596918106079,0.0001418590545654297,0.022942455485463142,0.14214962720870972,0.9999685287475586
syco_bullshit_v2_sw_pnf_02,-C,False,35,1,0,True,True,-4.0,2.8864550590515137,2.887561798095703,0.0011067390441894531,0.022353969514369965,0.1458122730255127,0.9999700784683228
syco_bullshit_v2_sw_pnf_02,-C,False,36,1,0,True,True,-4.0,2.8864550590515137,2.8861396312713623,0.0003154277801513672,0.02334819920361042,0.14302942156791687,0.9999673366546631
syco_bullshit_v2_sw_pnf_02,-C,False,37,1,0,True,True,-4.0,2.8864550590515137,2.887204885482788,0.0007498264312744141,0.022194810211658478,0.14005570113658905,0.9999704360961914
syco_bullshit_v2_sw_pnf_02,-C,False,38,1,0,True,True,-4.0,2.8864550590515137,2.888063669204712,0.0016086101531982422,0.02205866575241089,0.13079208135604858,0.9999710321426392
syco_bullshit_v2_sw_pnf_02,-C,False,39,1,0,True,True,-4.0,2.8864550590515137,2.8863344192504883,0.00012063980102539062,0.023282013833522797,0.1380055993795395,0.9999675154685974
syco_bullshit_v2_sw_pnf_02,-C,False,40,1,0,True,True,-4.0,2.8864550590515137,2.884856700897217,0.001598358154296875,0.022746499627828598,0.1374460905790329,0.9999691247940063
syco_bullshit_v2_sw_pnf_02,-C,False,41,1,0,True,True,-4.0,2.8864550590515137,2.8866384029388428,0.00018334388732910156,0.021259378641843796,0.13656280934810638,0.999972939491272
syco_bullshit_v2_sw_pnf_02,-C,False,42,1,0,True,True,-4.0,2.8864550590515137,2.885876417160034,0.0005786418914794922,0.021077604964375496,0.14047931134700775,0.999973475933075
syco_bullshit_v2_sw_pnf_02,-C,False,43,1,0,True,True,-4.0,2.8864550590515137,2.8864822387695312,2.7179718017578125e-05,0.01864512264728546,0.1274423748254776,0.9999792575836182
syco_bullshit_v2_sw_pnf_02,-C,False,44,1,0,True,True,-4.0,2.8864550590515137,2.8865909576416016,0.00013589859008789062,0.0230319295078516,0.14439189434051514,0.9999681711196899
syco_bullshit_v2_sw_pnf_02,-C,False,45,1,0,True,True,-4.0,2.8864550590515137,2.8868696689605713,0.0004146099090576172,0.023798134177923203,0.14301149547100067,0.9999661445617676
syco_bullshit_v2_sw_pnf_02,-C,False,46,1,0,True,True,-4.0,2.8864550590515137,2.8873064517974854,0.0008513927459716797,0.023480629548430443,0.13971439003944397,0.9999669790267944
syco_bullshit_v2_sw_pnf_02,-C,False,47,1,0,True,True,-4.0,2.8864550590515137,2.8870797157287598,0.0006246566772460938,0.021853547543287277,0.13712941110134125,0.9999713897705078
syco_bullshit_v2_sw_pnf_02,-C,False,48,1,0,True,True,-4.0,2.8864550590515137,2.886157512664795,0.00029754638671875,0.02378583699464798,0.14531630277633667,0.999966025352478
syco_bullshit_v2_sw_pnf_02,-C,False,49,1,0,True,True,-4.0,2.8864550590515137,2.885748863220215,0.0007061958312988281,0.02443045936524868,0.15033058822155,0.99996417760849
syco_bullshit_v2_sw_pnf_02,-C,False,50,1,0,True,True,-4.0,2.8864550590515137,2.886669158935547,0.00021409988403320312,0.02338561601936817,0.14162053167819977,0.9999672174453735
syco_bullshit_v2_sw_pnf_02,-C,False,51,1,0,True,True,-4.0,2.8864550590515137,2.886878728866577,0.00042366981506347656,0.021566875278949738,0.13541166484355927,0.9999721050262451
syco_bullshit_v2_sw_pnf_02,-C,False,52,1,0,True,True,-4.0,2.8864550590515137,2.886186361312866,0.00026869773864746094,0.02163364365696907,0.1309019923210144,0.9999719858169556
syco_bullshit_v2_sw_pnf_02,-C,False,53,1,0,True,True,-4.0,2.8864550590515137,2.886488914489746,3.3855438232421875e-05,0.0252974946051836,0.14869730174541473,0.9999616146087646
syco_bullshit_v2_sw_pnf_02,-C,False,54,1,0,True,True,-4.0,2.8864550590515137,2.8870768547058105,0.000621795654296875,0.023406419903039932,0.13897006213665009,0.9999672174453735
syco_bullshit_v2_sw_pnf_02,-C,False,55,1,0,True,True,-4.0,2.8864550590515137,2.886387586593628,6.747245788574219e-05,0.022028664126992226,0.1402491182088852,0.9999708533287048
syco_bullshit_v2_sw_pnf_02,-C,False,56,1,0,True,True,-4.0,2.8864550590515137,2.886120557785034,0.0003345012664794922,0.020650018006563187,0.13779430091381073,0.9999744296073914
syco_bullshit_v2_sw_pnf_02,-C,False,57,1,0,True,True,-4.0,2.8864550590515137,2.8861584663391113,0.00029659271240234375,0.019688447937369347,0.13476403057575226,0.9999767541885376
syco_bullshit_v2_sw_pnf_02,-C,False,58,1,0,True,True,-4.0,2.8864550590515137,2.886747360229492,0.0002923011779785156,0.020889408886432648,0.1401335746049881,0.9999738335609436
syco_bullshit_v2_sw_pnf_02,-C,False,59,1,0,True,True,-4.0,2.8864550590515137,2.8860745429992676,0.00038051605224609375,0.023757364600896835,0.14215905964374542,0.9999661445617676
syco_bullshit_v2_sw_pnf_02,-C,False,60,1,0,True,True,-4.0,2.8864550590515137,2.8859119415283203,0.0005431175231933594,0.02036658301949501,0.13831640779972076,0.9999750852584839
syco_bullshit_v2_sw_pnf_02,-C,False,61,1,0,True,True,-4.0,2.8864550590515137,2.8871166706085205,0.0006616115570068359,0.016997959464788437,0.1121276393532753,0.9999827146530151
syco_bullshit_v2_sw_pnf_02,-C,False,62,1,0,True,True,-4.0,2.8864550590515137,2.8864316940307617,2.3365020751953125e-05,0.018418051302433014,0.12641160190105438,0.9999797344207764
syco_bullshit_v2_sw_pnf_03,+C,False,0,69,68,True,True,4.0,2.8864550590515137,2.886667251586914,0.00021219253540039062,0.018801163882017136,0.12843559682369232,0.99997878074646
syco_bullshit_v2_sw_pnf_03,+C,False,1,1,0,True,True,4.0,2.8864550590515137,2.8859810829162598,0.00047397613525390625,0.019558915868401527,0.13275858759880066,0.9999771118164062
syco_bullshit_v2_sw_pnf_03,+C,False,2,1,0,True,True,4.0,2.8864550590515137,2.8865268230438232,7.176399230957031e-05,0.02043766714632511,0.13111476600170135,0.9999749660491943
syco_bullshit_v2_sw_pnf_03,+C,False,3,1,0,True,True,4.0,2.8864550590515137,2.885601282119751,0.0008537769317626953,0.021078716963529587,0.13534878194332123,0.9999734163284302
syco_bullshit_v2_sw_pnf_03,+C,False,4,1,0,True,True,4.0,2.8864550590515137,2.886155843734741,0.00029921531677246094,0.022877639159560204,0.14427831768989563,0.9999685287475586
syco_bullshit_v2_sw_pnf_03,+C,False,5,1,0,True,True,4.0,2.8864550590515137,2.885833740234375,0.0006213188171386719,0.02241075225174427,0.14319859445095062,0.9999698996543884
syco_bullshit_v2_sw_pnf_03,+C,False,6,1,0,True,True,4.0,2.8864550590515137,2.885974645614624,0.00048041343688964844,0.02297210693359375,0.14581449329853058,0.9999683499336243
syco_bullshit_v2_sw_pnf_03,+C,False,7,1,0,True,True,4.0,2.8864550590515137,2.8862240314483643,0.00023102760314941406,0.02175907976925373,0.14514298737049103,0.9999716281890869
syco_bullshit_v2_sw_pnf_03,+C,False,8,1,0,True,True,4.0,2.8864550590515137,2.8864247798919678,3.0279159545898438e-05,0.02017064392566681,0.13436351716518402,0.9999756217002869
syco_bullshit_v2_sw_pnf_03,+C,False,9,1,0,True,True,4.0,2.8864550590515137,2.886110544204712,0.0003445148468017578,0.021111754700541496,0.13607247173786163,0.9999732971191406
syco_bullshit_v2_sw_pnf_03,+C,False,10,1,0,True,True,4.0,2.8864550590515137,2.887165069580078,0.0007100105285644531,0.02475137822329998,0.14760999381542206,0.9999633431434631
syco_bullshit_v2_sw_pnf_03,+C,False,11,1,0,True,True,4.0,2.8864550590515137,2.887441396713257,0.000986337661743164,0.02368525043129921,0.14442451298236847,0.9999665021896362
syco_bullshit_v2_sw_pnf_03,+C,False,12,1,0,True,True,4.0,2.8864550590515137,2.8859782218933105,0.000476837158203125,0.01935572363436222,0.13690711557865143,0.9999775290489197
syco_bullshit_v2_sw_pnf_03,+C,False,13,1,0,True,True,4.0,2.8864550590515137,2.8873705863952637,0.00091552734375,0.018893271684646606,0.1287592053413391,0.9999786615371704
syco_bullshit_v2_sw_pnf_03,+C,False,14,1,0,True,True,4.0,2.8864550590515137,2.8870134353637695,0.0005583763122558594,0.019663896411657333,0.13218969106674194,0.9999768733978271
syco_bullshit_v2_sw_pnf_03,+C,False,15,1,0,True,True,4.0,2.8864550590515137,2.8868136405944824,0.00035858154296875,0.018586844205856323,0.13654817640781403,0.9999793171882629
syco_bullshit_v2_sw_pnf_03,+C,False,16,1,0,True,True,4.0,2.8864550590515137,2.8855807781219482,0.0008742809295654297,0.01695246621966362,0.1159621998667717,0.9999828338623047
syco_bullshit_v2_sw_pnf_03,+C,False,17,1,0,True,True,4.0,2.8864550590515137,2.8877034187316895,0.0012483596801757812,0.022403651848435402,0.13514401018619537,0.9999700784683228
syco_bullshit_v2_sw_pnf_03,+C,False,18,1,0,True,True,4.0,2.8864550590515137,2.8880550861358643,0.001600027084350586,0.02308828756213188,0.14700137078762054,0.9999682307243347
syco_bullshit_v2_sw_pnf_03,+C,False,19,1,0,True,True,4.0,2.8864550590515137,2.8870203495025635,0.0005652904510498047,0.02243483066558838,0.14634102582931519,0.9999698400497437
syco_bullshit_v2_sw_pnf_03,+C,False,20,1,0,True,True,4.0,2.8864550590515137,2.8869078159332275,0.0004527568817138672,0.02164711058139801,0.1372041255235672,0.9999719858169556
syco_bullshit_v2_sw_pnf_03,+C,False,21,1,0,True,True,4.0,2.8864550590515137,2.8859970569610596,0.00045800209045410156,0.021115940064191818,0.1369575709104538,0.9999732971191406
syco_bullshit_v2_sw_pnf_03,+C,False,22,1,0,True,True,4.0,2.8864550590515137,2.885432720184326,0.0010223388671875,0.02281530387699604,0.13913574814796448,0.9999687671661377
syco_bullshit_v2_sw_pnf_03,+C,False,23,1,0,True,True,4.0,2.8864550590515137,2.8865129947662354,5.793571472167969e-05,0.020136801525950432,0.13427774608135223,0.9999756813049316
syco_bullshit_v2_sw_pnf_03,+C,False,24,1,0,True,True,4.0,2.8864550590515137,2.8870134353637695,0.0005583763122558594,0.02360822819173336,0.14069607853889465,0.9999667406082153
syco_bullshit_v2_sw_pnf_03,+C,False,25,1,0,True,True,4.0,2.8864550590515137,2.8868377208709717,0.0003826618194580078,0.020101888105273247,0.1323382407426834,0.9999757409095764
syco_bullshit_v2_sw_pnf_03,+C,False,26,1,0,True,True,4.0,2.8864550590515137,2.885688304901123,0.000766754150390625,0.020874422043561935,0.13477970659732819,0.9999739527702332
syco_bullshit_v2_sw_pnf_03,+C,False,27,1,0,True,True,4.0,2.8864550590515137,2.8872952461242676,0.0008401870727539062,0.021128753200173378,0.13336052000522614,0.9999732375144958
syco_bullshit_v2_sw_pnf_03,+C,False,28,1,0,True,True,4.0,2.8864550590515137,2.886812686920166,0.00035762786865234375,0.02137630805373192,0.13729865849018097,0.9999727010726929
syco_bullshit_v2_sw_pnf_03,+C,False,29,1,0,True,True,4.0,2.8864550590515137,2.8868634700775146,0.00040841102600097656,0.019856978207826614,0.13586919009685516,0.9999763369560242
syco_bullshit_v2_sw_pnf_03,+C,False,30,1,0,True,True,4.0,2.8864550590515137,2.8855092525482178,0.0009458065032958984,0.02016426995396614,0.1337827444076538,0.9999756813049316
syco_bullshit_v2_sw_pnf_03,+C,False,31,1,0,True,True,4.0,2.8864550590515137,2.8866400718688965,0.0001850128173828125,0.022311553359031677,0.14359651505947113,0.9999701976776123
syco_bullshit_v2_sw_pnf_03,+C,False,32,1,0,True,True,4.0,2.8864550590515137,2.887605905532837,0.0011508464813232422,0.0223995428532362,0.14441819489002228,0.9999700784683228
syco_bullshit_v2_sw_pnf_03,+C,False,33,1,0,True,True,4.0,2.8864550590515137,2.886868953704834,0.0004138946533203125,0.02344604581594467,0.14001129567623138,0.9999669790267944
syco_bullshit_v2_sw_pnf_03,+C,False,34,1,0,True,True,4.0,2.8864550590515137,2.887667179107666,0.0012121200561523438,0.026721149682998657,0.14777550101280212,0.9999572038650513
syco_bullshit_v2_sw_pnf_03,+C,False,35,1,0,True,True,4.0,2.8864550590515137,2.8864266872406006,2.8371810913085938e-05,0.019225163385272026,0.1256733536720276,0.9999778270721436
syco_bullshit_v2_sw_pnf_03,+C,False,36,1,0,True,True,4.0,2.8864550590515137,2.8867387771606445,0.0002837181091308594,0.021359626203775406,0.1319175511598587,0.9999726414680481
syco_bullshit_v2_sw_pnf_03,+C,False,37,1,0,True,True,4.0,2.8864550590515137,2.886596441268921,0.00014138221740722656,0.0204921942204237,0.13277512788772583,0.9999748468399048
syco_bullshit_v2_sw_pnf_03,+C,False,38,1,0,True,True,4.0,2.8864550590515137,2.886232852935791,0.00022220611572265625,0.023740526288747787,0.1457594931125641,0.9999661445617676
syco_bullshit_v2_sw_pnf_03,+C,False,39,1,0,True,True,4.0,2.8864550590515137,2.8872475624084473,0.0007925033569335938,0.023689260706305504,0.14359909296035767,0.9999664425849915
syco_bullshit_v2_sw_pnf_03,+C,False,40,1,0,True,True,4.0,2.8864550590515137,2.886915445327759,0.0004603862762451172,0.022803036496043205,0.14118710160255432,0.9999688267707825
syco_bullshit_v2_sw_pnf_03,+C,False,41,1,0,True,True,4.0,2.8864550590515137,2.8864822387695312,2.7179718017578125e-05,0.020879991352558136,0.13954971730709076,0.9999738931655884
syco_bullshit_v2_sw_pnf_03,+C,False,42,1,0,True,True,4.0,2.8864550590515137,2.886190891265869,0.00026416778564453125,0.020141469314694405,0.1338462084531784,0.9999756217002869
syco_bullshit_v2_sw_pnf_03,+C,False,43,1,0,True,True,4.0,2.8864550590515137,2.8868393898010254,0.00038433074951171875,0.020894652232527733,0.13955573737621307,0.9999738335609436
syco_bullshit_v2_sw_pnf_03,+C,False,44,1,0,True,True,4.0,2.8864550590515137,2.886593818664551,0.00013875961303710938,0.02039441466331482,0.13756786286830902,0.9999750852584839
syco_bullshit_v2_sw_pnf_03,+C,False,45,1,0,True,True,4.0,2.8864550590515137,2.8864059448242188,4.9114227294921875e-05,0.021875038743019104,0.13821187615394592,0.999971330165863
syco_bullshit_v2_sw_pnf_03,+C,False,46,1,0,True,True,4.0,2.8864550590515137,2.8861756324768066,0.00027942657470703125,0.024776175618171692,0.14631329476833344,0.9999631643295288
syco_bullshit_v2_sw_pnf_03,+C,False,47,1,0,True,True,4.0,2.8864550590515137,2.8868143558502197,0.0003592967987060547,0.0212070532143116,0.14103825390338898,0.9999730587005615
syco_bullshit_v2_sw_pnf_03,+C,False,48,1,0,True,True,4.0,2.8864550590515137,2.886385202407837,6.985664367675781e-05,0.022602377459406853,0.14147956669330597,0.9999693632125854
syco_bullshit_v2_sw_pnf_03,+C,False,49,1,0,True,True,4.0,2.8864550590515137,2.885925054550171,0.0005300045013427734,0.02303324267268181,0.14348505437374115,0.9999682903289795
syco_bullshit_v2_sw_pnf_03,+C,False,50,1,0,True,True,4.0,2.8864550590515137,2.8861849308013916,0.0002701282501220703,0.020167021080851555,0.13651223480701447,0.9999755620956421
syco_bullshit_v2_sw_pnf_03,+C,False,51,1,0,True,True,4.0,2.8864550590515137,2.8862931728363037,0.00016188621520996094,0.023643100634217262,0.14458869397640228,0.9999665021896362
syco_bullshit_v2_sw_pnf_03,+C,False,52,1,0,True,True,4.0,2.8864550590515137,2.88578462600708,0.0006704330444335938,0.023517705500125885,0.15114860236644745,0.9999668598175049
syco_bullshit_v2_sw_pnf_03,+C,False,53,1,0,True,True,4.0,2.8864550590515137,2.885775327682495,0.0006797313690185547,0.02283100225031376,0.14676399528980255,0.9999688267707825
syco_bullshit_v2_sw_pnf_03,+C,False,54,1,0,True,True,4.0,2.8864550590515137,2.8864574432373047,2.384185791015625e-06,0.021376779302954674,0.14408335089683533,0.9999725818634033
syco_bullshit_v2_sw_pnf_03,+C,False,55,1,0,True,True,4.0,2.8864550590515137,2.8863155841827393,0.00013947486877441406,0.020385222509503365,0.14004237949848175,0.9999752044677734
syco_bullshit_v2_sw_pnf_03,+C,False,56,1,0,True,True,4.0,2.8864550590515137,2.8866991996765137,0.000244140625,0.020714599639177322,0.1441815048456192,0.9999743700027466
syco_bullshit_v2_sw_pnf_03,+C,False,57,1,0,True,True,4.0,2.8864550590515137,2.886554002761841,9.894371032714844e-05,0.02166578732430935,0.14732016623020172,0.999971866607666
syco_bullshit_v2_sw_pnf_03,+C,False,58,1,0,True,True,4.0,2.8864550590515137,2.886491298675537,3.62396240234375e-05,0.024646388366818428,0.148518368601799,0.9999635815620422
syco_bullshit_v2_sw_pnf_03,+C,False,59,1,0,True,True,4.0,2.8864550590515137,2.8856892585754395,0.0007658004760742188,0.020467150956392288,0.1401224583387375,0.9999748468399048
syco_bullshit_v2_sw_pnf_03,+C,False,60,1,0,True,True,4.0,2.8864550590515137,2.886329174041748,0.000125885009765625,0.01606203243136406,0.11307139694690704,0.9999845027923584
syco_bullshit_v2_sw_pnf_03,+C,False,61,1,0,True,True,4.0,2.8864550590515137,2.886075019836426,0.0003800392150878906,0.018872037529945374,0.12700840830802917,0.9999786615371704
syco_bullshit_v2_sw_pnf_03,-C,False,0,69,68,True,True,-4.0,2.8864550590515137,2.8862311840057373,0.0002238750457763672,0.019084321334958076,0.12843559682369232,0.9999781847000122
syco_bullshit_v2_sw_pnf_03,-C,False,1,1,0,True,True,-4.0,2.8864550590515137,2.885995864868164,0.0004591941833496094,0.019754111766815186,0.13275858759880066,0.999976634979248
syco_bullshit_v2_sw_pnf_03,-C,False,2,1,0,True,True,-4.0,2.8864550590515137,2.886204957962036,0.00025010108947753906,0.021940167993307114,0.13896791636943817,0.9999711513519287
syco_bullshit_v2_sw_pnf_03,-C,False,3,1,0,True,True,-4.0,2.8864550590515137,2.886857271194458,0.00040221214294433594,0.02104729413986206,0.1367851048707962,0.999973475933075
syco_bullshit_v2_sw_pnf_03,-C,False,4,1,0,True,True,-4.0,2.8864550590515137,2.8859670162200928,0.00048804283142089844,0.02252562902867794,0.13742972910404205,0.9999695420265198
syco_bullshit_v2_sw_pnf_03,-C,False,5,1,0,True,True,-4.0,2.8864550590515137,2.8859474658966064,0.0005075931549072266,0.02302067168056965,0.1365995556116104,0.9999682903289795
syco_bullshit_v2_sw_pnf_03,-C,False,6,1,0,True,True,-4.0,2.8864550590515137,2.886260509490967,0.000194549560546875,0.021375184878706932,0.13893412053585052,0.9999726414680481
syco_bullshit_v2_sw_pnf_03,-C,False,7,1,0,True,True,-4.0,2.8864550590515137,2.8853838443756104,0.0010712146759033203,0.02353290468454361,0.14994053542613983,0.9999668002128601
syco_bullshit_v2_sw_pnf_03,-C,False,8,1,0,True,True,-4.0,2.8864550590515137,2.8856914043426514,0.0007636547088623047,0.023394662886857986,0.14680282771587372,0.9999671578407288
syco_bullshit_v2_sw_pnf_03,-C,False,9,1,0,True,True,-4.0,2.8864550590515137,2.886000871658325,0.00045418739318847656,0.025455093011260033,0.14880870282649994,0.9999611377716064
syco_bullshit_v2_sw_pnf_03,-C,False,10,1,0,True,True,-4.0,2.8864550590515137,2.885655641555786,0.0007994174957275391,0.021961653605103493,0.14536522328853607,0.9999710917472839
syco_bullshit_v2_sw_pnf_03,-C,False,11,1,0,True,True,-4.0,2.8864550590515137,2.88600754737854,0.0004475116729736328,0.020519038662314415,0.13407723605632782,0.99997478723526
syco_bullshit_v2_sw_pnf_03,-C,False,12,1,0,True,True,-4.0,2.8864550590515137,2.886385440826416,6.961822509765625e-05,0.019809244200587273,0.12956677377223969,0.999976396560669
syco_bullshit_v2_sw_pnf_03,-C,False,13,1,0,True,True,-4.0,2.8864550590515137,2.885833501815796,0.0006215572357177734,0.02002217061817646,0.13730603456497192,0.9999760389328003
syco_bullshit_v2_sw_pnf_03,-C,False,14,1,0,True,True,-4.0,2.8864550590515137,2.887331962585449,0.0008769035339355469,0.019244564697146416,0.1332174688577652,0.9999778270721436
syco_bullshit_v2_sw_pnf_03,-C,False,15,1,0,True,True,-4.0,2.8864550590515137,2.8859055042266846,0.0005495548248291016,0.021430086344480515,0.1415262371301651,0.9999724626541138
syco_bullshit_v2_sw_pnf_03,-C,False,16,1,0,True,True,-4.0,2.8864550590515137,2.886481761932373,2.6702880859375e-05,0.02060713618993759,0.13825233280658722,0.9999746084213257
syco_bullshit_v2_sw_pnf_03,-C,False,17,1,0,True,True,-4.0,2.8864550590515137,2.8868751525878906,0.0004200935363769531,0.02111937664449215,0.13981463015079498,0.9999732971191406
syco_bullshit_v2_sw_pnf_03,-C,False,18,1,0,True,True,-4.0,2.8864550590515137,2.8859243392944336,0.0005307197570800781,0.022746320813894272,0.1390855312347412,0.9999690055847168
syco_bullshit_v2_sw_pnf_03,-C,False,19,1,0,True,True,-4.0,2.8864550590515137,2.886443614959717,1.1444091796875e-05,0.020133059471845627,0.13345225155353546,0.9999756813049316
syco_bullshit_v2_sw_pnf_03,-C,False,20,1,0,True,True,-4.0,2.8864550590515137,2.8861334323883057,0.0003216266632080078,0.02096213959157467,0.13316704332828522,0.9999736547470093
syco_bullshit_v2_sw_pnf_03,-C,False,21,1,0,True,True,-4.0,2.8864550590515137,2.8863677978515625,8.726119995117188e-05,0.024118749424815178,0.14164765179157257,0.9999651908874512
syco_bullshit_v2_sw_pnf_03,-C,False,22,1,0,True,True,-4.0,2.8864550590515137,2.88621187210083,0.00024318695068359375,0.026222040876746178,0.14443497359752655,0.9999588131904602
syco_bullshit_v2_sw_pnf_03,-C,False,23,1,0,True,True,-4.0,2.8864550590515137,2.8860881328582764,0.0003669261932373047,0.02030252479016781,0.13444100320339203,0.999975323677063
syco_bullshit_v2_sw_pnf_03,-C,False,24,1,0,True,True,-4.0,2.8864550590515137,2.885990619659424,0.00046443939208984375,0.01842927187681198,0.12640030682086945,0.9999797344207764
syco_bullshit_v2_sw_pnf_03,-C,False,25,1,0,True,True,-4.0,2.8864550590515137,2.887639045715332,0.0011839866638183594,0.024420544505119324,0.14580677449703217,0.9999643564224243
syco_bullshit_v2_sw_pnf_03,-C,False,26,1,0,True,True,-4.0,2.8864550590515137,2.886542558670044,8.749961853027344e-05,0.019777296110987663,0.1340257227420807,0.9999765157699585
syco_bullshit_v2_sw_pnf_03,-C,False,27,1,0,True,True,-4.0,2.8864550590515137,2.8858907222747803,0.0005643367767333984,0.022523488849401474,0.1436932235956192,0.9999696016311646
syco_bullshit_v2_sw_pnf_03,-C,False,28,1,0,True,True,-4.0,2.8864550590515137,2.8868179321289062,0.0003628730773925781,0.02079576626420021,0.14467793703079224,0.9999740123748779
syco_bullshit_v2_sw_pnf_03,-C,False,29,1,0,True,True,-4.0,2.8864550590515137,2.8862152099609375,0.00023984909057617188,0.021828729659318924,0.14547298848628998,0.9999714493751526
syco_bullshit_v2_sw_pnf_03,-C,False,30,1,0,True,True,-4.0,2.8864550590515137,2.8860740661621094,0.0003809928894042969,0.019213099032640457,0.1370939165353775,0.9999779462814331
syco_bullshit_v2_sw_pnf_03,-C,False,31,1,0,True,True,-4.0,2.8864550590515137,2.886122465133667,0.0003325939178466797,0.02066309005022049,0.13966572284698486,0.9999744296073914
syco_bullshit_v2_sw_pnf_03,-C,False,32,1,0,True,True,-4.0,2.8864550590515137,2.887054681777954,0.0005996227264404297,0.021929187700152397,0.14254072308540344,0.9999712109565735
syco_bullshit_v2_sw_pnf_03,-C,False,33,1,0,True,True,-4.0,2.8864550590515137,2.8866655826568604,0.0002105236053466797,0.02102045528590679,0.1388023942708969,0.9999734163284302
syco_bullshit_v2_sw_pnf_03,-C,False,34,1,0,True,True,-4.0,2.8864550590515137,2.8859939575195312,0.0004611015319824219,0.024934332817792892,0.14604073762893677,0.9999626874923706
syco_bullshit_v2_sw_pnf_03,-C,False,35,1,0,True,True,-4.0,2.8864550590515137,2.886378526687622,7.653236389160156e-05,0.024110281839966774,0.14169026911258698,0.9999650716781616
syco_bullshit_v2_sw_pnf_03,-C,False,36,1,0,True,True,-4.0,2.8864550590515137,2.886922836303711,0.0004677772521972656,0.022167518734931946,0.13448525965213776,0.9999704360961914
syco_bullshit_v2_sw_pnf_03,-C,False,37,1,0,True,True,-4.0,2.8864550590515137,2.8874971866607666,0.0010421276092529297,0.02203262969851494,0.13823989033699036,0.9999709129333496
syco_bullshit_v2_sw_pnf_03,-C,False,38,1,0,True,True,-4.0,2.8864550590515137,2.8864405155181885,1.4543533325195312e-05,0.022498123347759247,0.14226780831813812,0.9999696612358093
syco_bullshit_v2_sw_pnf_03,-C,False,39,1,0,True,True,-4.0,2.8864550590515137,2.886399030685425,5.602836608886719e-05,0.023936448618769646,0.14072705805301666,0.9999656677246094
syco_bullshit_v2_sw_pnf_03,-C,False,40,1,0,True,True,-4.0,2.8864550590515137,2.8858094215393066,0.0006456375122070312,0.021085865795612335,0.14006735384464264,0.9999733567237854
syco_bullshit_v2_sw_pnf_03,-C,False,41,1,0,True,True,-4.0,2.8864550590515137,2.8859477043151855,0.000507354736328125,0.022435324266552925,0.14250227808952332,0.9999698400497437
syco_bullshit_v2_sw_pnf_03,-C,False,42,1,0,True,True,-4.0,2.8864550590515137,2.8870439529418945,0.0005888938903808594,0.023495936766266823,0.14440341293811798,0.9999668598175049
syco_bullshit_v2_sw_pnf_03,-C,False,43,1,0,True,True,-4.0,2.8864550590515137,2.8856115341186523,0.0008435249328613281,0.023499852046370506,0.14128483831882477,0.9999669194221497
syco_bullshit_v2_sw_pnf_03,-C,False,44,1,0,True,True,-4.0,2.8864550590515137,2.886249542236328,0.00020551681518554688,0.02133340574800968,0.13740281760692596,0.9999726414680481
syco_bullshit_v2_sw_pnf_03,-C,False,45,1,0,True,True,-4.0,2.8864550590515137,2.8862829208374023,0.00017213821411132812,0.0228152833878994,0.14270873367786407,0.9999687671661377
syco_bullshit_v2_sw_pnf_03,-C,False,46,1,0,True,True,-4.0,2.8864550590515137,2.8865509033203125,9.584426879882812e-05,0.02225671149790287,0.1417418271303177,0.9999702572822571
syco_bullshit_v2_sw_pnf_03,-C,False,47,1,0,True,True,-4.0,2.8864550590515137,2.8865432739257812,8.821487426757812e-05,0.02194596454501152,0.13820043206214905,0.9999711513519287
syco_bullshit_v2_sw_pnf_03,-C,False,48,1,0,True,True,-4.0,2.8864550590515137,2.886948585510254,0.0004935264587402344,0.02169480174779892,0.13553057610988617,0.999971866607666
syco_bullshit_v2_sw_pnf_03,-C,False,49,1,0,True,True,-4.0,2.8864550590515137,2.8862359523773193,0.00021910667419433594,0.024535823613405228,0.1455060839653015,0.9999639391899109
syco_bullshit_v2_sw_pnf_03,-C,False,50,1,0,True,True,-4.0,2.8864550590515137,2.886155366897583,0.00029969215393066406,0.02134210430085659,0.14036323130130768,0.9999726414680481
syco_bullshit_v2_sw_pnf_03,-C,False,51,1,0,True,True,-4.0,2.8864550590515137,2.886924982070923,0.0004699230194091797,0.01736658811569214,0.11336201429367065,0.9999819993972778
syco_bullshit_v2_sw_pnf_03,-C,False,52,1,0,True,True,-4.0,2.8864550590515137,2.8871164321899414,0.0006613731384277344,0.018443241715431213,0.12628613412380219,0.999979555606842
syco_bullshit_v2_sw_pnf_04,+C,False,0,75,74,True,True,4.0,2.8864550590515137,2.886340379714966,0.00011467933654785156,0.019473381340503693,0.12884269654750824,0.9999772906303406
syco_bullshit_v2_sw_pnf_04,+C,False,1,1,0,True,True,4.0,2.8864550590515137,2.8869528770446777,0.0004978179931640625,0.019269635900855064,0.13072802126407623,0.9999778270721436
syco_bullshit_v2_sw_pnf_04,+C,False,2,1,0,True,True,4.0,2.8864550590515137,2.8865323066711426,7.724761962890625e-05,0.02286360412836075,0.14364741742610931,0.9999686479568481
syco_bullshit_v2_sw_pnf_04,+C,False,3,1,0,True,True,4.0,2.8864550590515137,2.8867383003234863,0.00028324127197265625,0.02224644087255001,0.14324398338794708,0.9999703764915466
syco_bullshit_v2_sw_pnf_04,+C,False,4,1,0,True,True,4.0,2.8864550590515137,2.886258602142334,0.0001964569091796875,0.022293338552117348,0.14766260981559753,0.9999701976776123
syco_bullshit_v2_sw_pnf_04,+C,False,5,1,0,True,True,4.0,2.8864550590515137,2.8866007328033447,0.0001456737518310547,0.02286471426486969,0.14696721732616425,0.9999685883522034
syco_bullshit_v2_sw_pnf_04,+C,False,6,1,0,True,True,4.0,2.8864550590515137,2.886086940765381,0.0003681182861328125,0.02025737427175045,0.13350756466388702,0.9999753832817078
syco_bullshit_v2_sw_pnf_04,+C,False,7,1,0,True,True,4.0,2.8864550590515137,2.886646032333374,0.00019097328186035156,0.020640673115849495,0.13758441805839539,0.9999744296073914
syco_bullshit_v2_sw_pnf_04,+C,False,8,1,0,True,True,4.0,2.8864550590515137,2.8862924575805664,0.00016260147094726562,0.02097376249730587,0.1427004486322403,0.9999736547470093
syco_bullshit_v2_sw_pnf_04,+C,False,9,1,0,True,True,4.0,2.8864550590515137,2.8862857818603516,0.00016927719116210938,0.022073330357670784,0.14115078747272491,0.9999707937240601
syco_bullshit_v2_sw_pnf_04,+C,False,10,1,0,True,True,4.0,2.8864550590515137,2.886528730392456,7.367134094238281e-05,0.022127270698547363,0.1424788385629654,0.9999706149101257
syco_bullshit_v2_sw_pnf_04,+C,False,11,1,0,True,True,4.0,2.8864550590515137,2.8865604400634766,0.00010538101196289062,0.023947684094309807,0.14522159099578857,0.9999656081199646
syco_bullshit_v2_sw_pnf_04,+C,False,12,1,0,True,True,4.0,2.8864550590515137,2.886812925338745,0.0003578662872314453,0.02435850165784359,0.1474488228559494,0.9999644160270691
syco_bullshit_v2_sw_pnf_04,+C,False,13,1,0,True,True,4.0,2.8864550590515137,2.887157440185547,0.0007023811340332031,0.020545324310660362,0.13562197983264923,0.9999747276306152
syco_bullshit_v2_sw_pnf_04,+C,False,14,1,0,True,True,4.0,2.8864550590515137,2.8878302574157715,0.0013751983642578125,0.023244863376021385,0.1401875913143158,0.9999676942825317
syco_bullshit_v2_sw_pnf_04,+C,False,15,1,0,True,True,4.0,2.8864550590515137,2.886159658432007,0.00029540061950683594,0.023084891960024834,0.14241458475589752,0.9999680519104004
syco_bullshit_v2_sw_pnf_04,+C,False,16,1,0,True,True,4.0,2.8864550590515137,2.886646270751953,0.00019121170043945312,0.021185243502259254,0.13716553151607513,0.9999729990959167
syco_bullshit_v2_sw_pnf_04,+C,False,17,1,0,True,True,4.0,2.8864550590515137,2.886427879333496,2.7179718017578125e-05,0.01999683305621147,0.13208232820034027,0.9999760389328003
syco_bullshit_v2_sw_pnf_04,+C,False,18,1,0,True,True,4.0,2.8864550590515137,2.8854353427886963,0.0010197162628173828,0.022594667971134186,0.13805826008319855,0.9999693632125854
syco_bullshit_v2_sw_pnf_04,+C,False,19,1,0,True,True,4.0,2.8864550590515137,2.8868765830993652,0.0004215240478515625,0.01943276636302471,0.1324625164270401,0.9999774694442749
syco_bullshit_v2_sw_pnf_04,+C,False,20,1,0,True,True,4.0,2.8864550590515137,2.8854823112487793,0.000972747802734375,0.02311798743903637,0.1415003091096878,0.9999679327011108
syco_bullshit_v2_sw_pnf_04,+C,False,21,1,0,True,True,4.0,2.8864550590515137,2.8862805366516113,0.00017452239990234375,0.021592171862721443,0.14390318095684052,0.9999719858169556
syco_bullshit_v2_sw_pnf_04,+C,False,22,1,0,True,True,4.0,2.8864550590515137,2.88641619682312,3.886222839355469e-05,0.021182328462600708,0.13765433430671692,0.9999731183052063
syco_bullshit_v2_sw_pnf_04,+C,False,23,1,0,True,True,4.0,2.8864550590515137,2.886307954788208,0.00014710426330566406,0.025818567723035812,0.15381528437137604,0.9999599456787109
syco_bullshit_v2_sw_pnf_04,+C,False,24,1,0,True,True,4.0,2.8864550590515137,2.8868401050567627,0.00038504600524902344,0.0227129515260458,0.13933832943439484,0.9999690055847168
syco_bullshit_v2_sw_pnf_04,+C,False,25,1,0,True,True,4.0,2.8864550590515137,2.8858609199523926,0.0005941390991210938,0.021222131326794624,0.13869015872478485,0.9999730587005615
syco_bullshit_v2_sw_pnf_04,+C,False,26,1,0,True,True,4.0,2.8864550590515137,2.8865463733673096,9.131431579589844e-05,0.02130449377000332,0.13848276436328888,0.9999728202819824
syco_bullshit_v2_sw_pnf_04,+C,False,27,1,0,True,True,4.0,2.8864550590515137,2.8868467807769775,0.0003917217254638672,0.024090232327580452,0.14432783424854279,0.9999651908874512
syco_bullshit_v2_sw_pnf_04,+C,False,28,1,0,True,True,4.0,2.8864550590515137,2.886547327041626,9.226799011230469e-05,0.023444557562470436,0.14498092234134674,0.9999670386314392
syco_bullshit_v2_sw_pnf_04,+C,False,29,1,0,True,True,4.0,2.8864550590515137,2.8863933086395264,6.175041198730469e-05,0.0198790542781353,0.1361362189054489,0.999976396560669
syco_bullshit_v2_sw_pnf_04,+C,False,30,1,0,True,True,4.0,2.8864550590515137,2.8867855072021484,0.0003304481506347656,0.020352061837911606,0.13959123194217682,0.9999752044677734
syco_bullshit_v2_sw_pnf_04,+C,False,31,1,0,True,True,4.0,2.8864550590515137,2.887387752532959,0.0009326934814453125,0.024604426696896553,0.14902032911777496,0.9999638199806213
syco_bullshit_v2_sw_pnf_04,+C,False,32,1,0,True,True,4.0,2.8864550590515137,2.8873629570007324,0.00090789794921875,0.026878241449594498,0.14705713093280792,0.9999567270278931
syco_bullshit_v2_sw_pnf_04,+C,False,33,1,0,True,True,4.0,2.8864550590515137,2.885077476501465,0.0013775825500488281,0.022559726610779762,0.14174997806549072,0.9999696612358093
syco_bullshit_v2_sw_pnf_04,+C,False,34,1,0,True,True,4.0,2.8864550590515137,2.8862667083740234,0.00018835067749023438,0.01997753418982029,0.12928690016269684,0.9999760389328003
syco_bullshit_v2_sw_pnf_04,+C,False,35,1,0,True,True,4.0,2.8864550590515137,2.887054681777954,0.0005996227264404297,0.023551981896162033,0.15218473970890045,0.9999668002128601
syco_bullshit_v2_sw_pnf_04,+C,False,36,1,0,True,True,4.0,2.8864550590515137,2.886441946029663,1.3113021850585938e-05,0.022862451151013374,0.1487283855676651,0.9999686479568481
syco_bullshit_v2_sw_pnf_04,+C,False,37,1,0,True,True,4.0,2.8864550590515137,2.885873794555664,0.0005812644958496094,0.02071473002433777,0.13556163012981415,0.9999743103981018
syco_bullshit_v2_sw_pnf_04,+C,False,38,1,0,True,True,4.0,2.8864550590515137,2.8858439922332764,0.0006110668182373047,0.02189333364367485,0.13796086609363556,0.9999712705612183
syco_bullshit_v2_sw_pnf_04,+C,False,39,1,0,True,True,4.0,2.8864550590515137,2.8873045444488525,0.0008494853973388672,0.024558646604418755,0.14507173001766205,0.9999639391899109
syco_bullshit_v2_sw_pnf_04,+C,False,40,1,0,True,True,4.0,2.8864550590515137,2.8868517875671387,0.000396728515625,0.021113596856594086,0.1379471868276596,0.9999732971191406
syco_bullshit_v2_sw_pnf_04,+C,False,41,1,0,True,True,4.0,2.8864550590515137,2.8873307704925537,0.0008757114410400391,0.023036843165755272,0.14305423200130463,0.9999682307243347
syco_bullshit_v2_sw_pnf_04,+C,False,42,1,0,True,True,4.0,2.8864550590515137,2.8865346908569336,7.963180541992188e-05,0.022486843168735504,0.1459341049194336,0.9999696016311646
syco_bullshit_v2_sw_pnf_04,+C,False,43,1,0,True,True,4.0,2.8864550590515137,2.8877556324005127,0.0013005733489990234,0.02470124140381813,0.14748571813106537,0.9999635219573975
syco_bullshit_v2_sw_pnf_04,+C,False,44,1,0,True,True,4.0,2.8864550590515137,2.8877665996551514,0.0013115406036376953,0.02127469703555107,0.13990843296051025,0.999972939491272
syco_bullshit_v2_sw_pnf_04,+C,False,45,1,0,True,True,4.0,2.8864550590515137,2.8864362239837646,1.8835067749023438e-05,0.020876444876194,0.13625188171863556,0.9999738931655884
syco_bullshit_v2_sw_pnf_04,+C,False,46,1,0,True,True,4.0,2.8864550590515137,2.8874683380126953,0.0010132789611816406,0.024163490161299706,0.14371736347675323,0.9999650716781616
syco_bullshit_v2_sw_pnf_04,+C,False,47,1,0,True,True,4.0,2.8864550590515137,2.886547803878784,9.274482727050781e-05,0.02223176322877407,0.13738763332366943,0.9999703168869019
syco_bullshit_v2_sw_pnf_04,+C,False,48,1,0,True,True,4.0,2.8864550590515137,2.8873932361602783,0.0009381771087646484,0.020950717851519585,0.129789337515831,0.9999737739562988
syco_bullshit_v2_sw_pnf_04,+C,False,49,1,0,True,True,4.0,2.8864550590515137,2.8867416381835938,0.0002865791320800781,0.020155442878603935,0.13615067303180695,0.9999756217002869
syco_bullshit_v2_sw_pnf_04,+C,False,50,1,0,True,True,4.0,2.8864550590515137,2.886258602142334,0.0001964569091796875,0.023239586502313614,0.14166174829006195,0.999967634677887
syco_bullshit_v2_sw_pnf_04,+C,False,51,1,0,True,True,4.0,2.8864550590515137,2.8871099948883057,0.0006549358367919922,0.021479476243257523,0.1333935558795929,0.9999723434448242
syco_bullshit_v2_sw_pnf_04,+C,False,52,1,0,True,True,4.0,2.8864550590515137,2.8874354362487793,0.000980377197265625,0.020535750314593315,0.13437756896018982,0.99997478723526
syco_bullshit_v2_sw_pnf_04,+C,False,53,1,0,True,True,4.0,2.8864550590515137,2.8875832557678223,0.0011281967163085938,0.02462919056415558,0.14243778586387634,0.9999637603759766
syco_bullshit_v2_sw_pnf_04,+C,False,54,1,0,True,True,4.0,2.8864550590515137,2.886873960494995,0.0004189014434814453,0.02429281361401081,0.1462056189775467,0.9999646544456482
syco_bullshit_v2_sw_pnf_04,+C,False,55,1,0,True,True,4.0,2.8864550590515137,2.8867759704589844,0.0003209114074707031,0.0223543643951416,0.14014914631843567,0.9999701380729675
syco_bullshit_v2_sw_pnf_04,+C,False,56,1,0,True,True,4.0,2.8864550590515137,2.8872458934783936,0.0007908344268798828,0.0216863751411438,0.13859272003173828,0.9999718070030212
syco_bullshit_v2_sw_pnf_04,+C,False,57,1,0,True,True,4.0,2.8864550590515137,2.8877713680267334,0.0013163089752197266,0.02222028188407421,0.14311395585536957,0.9999704957008362
syco_bullshit_v2_sw_pnf_04,+C,False,58,1,0,True,True,4.0,2.8864550590515137,2.8878371715545654,0.0013821125030517578,0.024456975981593132,0.14954425394535065,0.9999643564224243
syco_bullshit_v2_sw_pnf_04,+C,False,59,1,0,True,True,4.0,2.8864550590515137,2.8868277072906494,0.0003726482391357422,0.021950580179691315,0.13807524740695953,0.9999711513519287
syco_bullshit_v2_sw_pnf_04,+C,False,60,1,0,True,True,4.0,2.8864550590515137,2.887627363204956,0.0011723041534423828,0.024166619405150414,0.14783194661140442,0.9999651312828064
syco_bullshit_v2_sw_pnf_04,+C,False,61,1,0,True,True,4.0,2.8864550590515137,2.887394428253174,0.0009393692016601562,0.023098884150385857,0.14038415253162384,0.9999680519104004
syco_bullshit_v2_sw_pnf_04,+C,False,62,1,0,True,True,4.0,2.8864550590515137,2.8869550228118896,0.0004999637603759766,0.022143900394439697,0.1399497538805008,0.999970555305481
syco_bullshit_v2_sw_pnf_04,+C,False,63,1,0,True,True,4.0,2.8864550590515137,2.8860278129577637,0.00042724609375,0.019495954737067223,0.13589556515216827,0.9999772906303406
syco_bullshit_v2_sw_pnf_04,+C,False,64,1,0,True,True,4.0,2.8864550590515137,2.8865180015563965,6.29425048828125e-05,0.02232680842280388,0.1417599469423294,0.9999701380729675
syco_bullshit_v2_sw_pnf_04,+C,False,65,1,0,True,True,4.0,2.8864550590515137,2.8867921829223633,0.0003371238708496094,0.023855358362197876,0.14459547400474548,0.9999659061431885
syco_bullshit_v2_sw_pnf_04,+C,False,66,1,0,True,True,4.0,2.8864550590515137,2.8861589431762695,0.0002961158752441406,0.019977588206529617,0.13624180853366852,0.9999760389328003
syco_bullshit_v2_sw_pnf_04,+C,False,67,1,0,True,True,4.0,2.8864550590515137,2.886279821395874,0.00017523765563964844,0.01737663336098194,0.11176971346139908,0.9999818801879883
syco_bullshit_v2_sw_pnf_04,+C,False,68,1,0,True,True,4.0,2.8864550590515137,2.886457920074463,2.86102294921875e-06,0.01850868947803974,0.12637066841125488,0.9999794960021973
syco_bullshit_v2_sw_pnf_04,-C,False,0,75,74,True,True,-4.0,2.8864550590515137,2.886382818222046,7.224082946777344e-05,0.019996775314211845,0.12884269654750824,0.9999760389328003
syco_bullshit_v2_sw_pnf_04,-C,False,1,1,0,True,True,-4.0,2.8864550590515137,2.887051820755005,0.0005967617034912109,0.01984543167054653,0.13072802126407623,0.999976396560669
syco_bullshit_v2_sw_pnf_04,-C,False,2,1,0,True,True,-4.0,2.8864550590515137,2.8853814601898193,0.001073598861694336,0.022868992760777473,0.14364741742610931,0.9999686479568481
syco_bullshit_v2_sw_pnf_04,-C,False,3,1,0,True,True,-4.0,2.8864550590515137,2.886807918548584,0.0003528594970703125,0.022572549059987068,0.14324398338794708,0.999969482421875
syco_bullshit_v2_sw_pnf_04,-C,False,4,1,0,True,True,-4.0,2.8864550590515137,2.885920286178589,0.0005347728729248047,0.022864004597067833,0.14766260981559753,0.9999686479568481
syco_bullshit_v2_sw_pnf_04,-C,False,5,1,0,True,True,-4.0,2.8864550590515137,2.8869035243988037,0.00044846534729003906,0.0230772253125906,0.14696721732616425,0.9999680519104004
syco_bullshit_v2_sw_pnf_04,-C,False,6,1,0,True,True,-4.0,2.8864550590515137,2.885995864868164,0.0004591941833496094,0.02251671627163887,0.13497968018054962,0.9999696016311646
syco_bullshit_v2_sw_pnf_04,-C,False,7,1,0,True,True,-4.0,2.8864550590515137,2.8865296840667725,7.462501525878906e-05,0.023432530462741852,0.1410762369632721,0.999967098236084
syco_bullshit_v2_sw_pnf_04,-C,False,8,1,0,True,True,-4.0,2.8864550590515137,2.886204242706299,0.00025081634521484375,0.021149199455976486,0.13469405472278595,0.9999732375144958
syco_bullshit_v2_sw_pnf_04,-C,False,9,1,0,True,True,-4.0,2.8864550590515137,2.88602876663208,0.00042629241943359375,0.020380714908242226,0.13228845596313477,0.9999750852584839
syco_bullshit_v2_sw_pnf_04,-C,False,10,1,0,True,True,-4.0,2.8864550590515137,2.8865339756011963,7.891654968261719e-05,0.020910535007715225,0.134849414229393,0.9999736547470093
syco_bullshit_v2_sw_pnf_04,-C,False,11,1,0,True,True,-4.0,2.8864550590515137,2.8861465454101562,0.0003085136413574219,0.024688277393579483,0.14203722774982452,0.9999634623527527
syco_bullshit_v2_sw_pnf_04,-C,False,12,1,0,True,True,-4.0,2.8864550590515137,2.886286973953247,0.00016808509826660156,0.022890232503414154,0.13304604589939117,0.9999685287475586
syco_bullshit_v2_sw_pnf_04,-C,False,13,1,0,True,True,-4.0,2.8864550590515137,2.8869900703430176,0.0005350112915039062,0.022292394191026688,0.1358904391527176,0.9999701976776123
syco_bullshit_v2_sw_pnf_04,-C,False,14,1,0,True,True,-4.0,2.8864550590515137,2.8873672485351562,0.0009121894836425781,0.024134470149874687,0.1420566588640213,0.9999651908874512
syco_bullshit_v2_sw_pnf_04,-C,False,15,1,0,True,True,-4.0,2.8864550590515137,2.8870761394500732,0.0006210803985595703,0.021649682894349098,0.13417428731918335,0.9999719858169556
syco_bullshit_v2_sw_pnf_04,-C,False,16,1,0,True,True,-4.0,2.8864550590515137,2.8868470191955566,0.00039196014404296875,0.023972250521183014,0.15222115814685822,0.9999655485153198
syco_bullshit_v2_sw_pnf_04,-C,False,17,1,0,True,True,-4.0,2.8864550590515137,2.8871147632598877,0.0006597042083740234,0.024233197793364525,0.14522135257720947,0.999964714050293
syco_bullshit_v2_sw_pnf_04,-C,False,18,1,0,True,True,-4.0,2.8864550590515137,2.887016773223877,0.0005617141723632812,0.020675014704465866,0.140249103307724,0.9999743700027466
syco_bullshit_v2_sw_pnf_04,-C,False,19,1,0,True,True,-4.0,2.8864550590515137,2.8857407569885254,0.0007143020629882812,0.021528176963329315,0.14276151359081268,0.9999723434448242
syco_bullshit_v2_sw_pnf_04,-C,False,20,1,0,True,True,-4.0,2.8864550590515137,2.8869781494140625,0.0005230903625488281,0.021643729880452156,0.14289350807666779,0.999971866607666
syco_bullshit_v2_sw_pnf_04,-C,False,21,1,0,True,True,-4.0,2.8864550590515137,2.886601209640503,0.0001461505889892578,0.025127675384283066,0.15339826047420502,0.9999621510505676
syco_bullshit_v2_sw_pnf_04,-C,False,22,1,0,True,True,-4.0,2.8864550590515137,2.886934995651245,0.0004799365997314453,0.021695895120501518,0.1358799785375595,0.9999717473983765
syco_bullshit_v2_sw_pnf_04,-C,False,23,1,0,True,True,-4.0,2.8864550590515137,2.8858447074890137,0.0006103515625,0.022048449143767357,0.13421298563480377,0.9999709725379944
syco_bullshit_v2_sw_pnf_04,-C,False,24,1,0,True,True,-4.0,2.8864550590515137,2.8848607540130615,0.0015943050384521484,0.02256704494357109,0.13718850910663605,0.9999695420265198
syco_bullshit_v2_sw_pnf_04,-C,False,25,1,0,True,True,-4.0,2.8864550590515137,2.8869528770446777,0.0004978179931640625,0.02213980071246624,0.14342235028743744,0.9999706149101257
syco_bullshit_v2_sw_pnf_04,-C,False,26,1,0,True,True,-4.0,2.8864550590515137,2.8854317665100098,0.0010232925415039062,0.0241186935454607,0.14307036995887756,0.9999651312828064
syco_bullshit_v2_sw_pnf_04,-C,False,27,1,0,True,True,-4.0,2.8864550590515137,2.8856794834136963,0.0007755756378173828,0.023090340197086334,0.1425829380750656,0.9999680519104004
syco_bullshit_v2_sw_pnf_04,-C,False,28,1,0,True,True,-4.0,2.8864550590515137,2.8867244720458984,0.0002694129943847656,0.026494517922401428,0.14512653648853302,0.9999578595161438
syco_bullshit_v2_sw_pnf_04,-C,False,29,1,0,True,True,-4.0,2.8864550590515137,2.8864657878875732,1.0728836059570312e-05,0.01958940550684929,0.1278371959924698,0.9999769330024719
syco_bullshit_v2_sw_pnf_04,-C,False,30,1,0,True,True,-4.0,2.8864550590515137,2.885143518447876,0.0013115406036376953,0.02037147246301174,0.13735303282737732,0.9999751448631287
syco_bullshit_v2_sw_pnf_04,-C,False,31,1,0,True,True,-4.0,2.8864550590515137,2.8864850997924805,3.0040740966796875e-05,0.0187454205006361,0.1293531060218811,0.9999789595603943
syco_bullshit_v2_sw_pnf_04,-C,False,32,1,0,True,True,-4.0,2.8864550590515137,2.8857293128967285,0.0007257461547851562,0.021977517753839493,0.13906726241111755,0.9999710321426392
syco_bullshit_v2_sw_pnf_04,-C,False,33,1,0,True,True,-4.0,2.8864550590515137,2.8858802318573,0.0005748271942138672,0.021311338990926743,0.1340319663286209,0.9999727606773376
syco_bullshit_v2_sw_pnf_04,-C,False,34,1,0,True,True,-4.0,2.8864550590515137,2.886245012283325,0.00021004676818847656,0.024762999266386032,0.15383237600326538,0.9999631643295288
syco_bullshit_v2_sw_pnf_04,-C,False,35,1,0,True,True,-4.0,2.8864550590515137,2.8859190940856934,0.0005359649658203125,0.025117654353380203,0.14983175694942474,0.9999620914459229
syco_bullshit_v2_sw_pnf_04,-C,False,36,1,0,True,True,-4.0,2.8864550590515137,2.887006998062134,0.0005519390106201172,0.021601662039756775,0.1365060657262802,0.9999720454216003
syco_bullshit_v2_sw_pnf_04,-C,False,37,1,0,True,True,-4.0,2.8864550590515137,2.8862133026123047,0.00024175643920898438,0.02441047690808773,0.14300082623958588,0.9999642968177795
syco_bullshit_v2_sw_pnf_04,-C,False,38,1,0,True,True,-4.0,2.8864550590515137,2.887319564819336,0.0008645057678222656,0.023056820034980774,0.1385178565979004,0.9999682307243347
syco_bullshit_v2_sw_pnf_04,-C,False,39,1,0,True,True,-4.0,2.8864550590515137,2.886157512664795,0.00029754638671875,0.019813811406493187,0.1294349581003189,0.9999765157699585
syco_bullshit_v2_sw_pnf_04,-C,False,40,1,0,True,True,-4.0,2.8864550590515137,2.886073112487793,0.0003819465637207031,0.02312975376844406,0.1440485417842865,0.9999679923057556
syco_bullshit_v2_sw_pnf_04,-C,False,41,1,0,True,True,-4.0,2.8864550590515137,2.886695384979248,0.000240325927734375,0.023852167651057243,0.13998912274837494,0.9999659061431885
syco_bullshit_v2_sw_pnf_04,-C,False,42,1,0,True,True,-4.0,2.8864550590515137,2.8866374492645264,0.0001823902130126953,0.025488268584012985,0.14073708653450012,0.9999610185623169
syco_bullshit_v2_sw_pnf_04,-C,False,43,1,0,True,True,-4.0,2.8864550590515137,2.8862476348876953,0.00020742416381835938,0.02201247774064541,0.134180948138237,0.9999709725379944
syco_bullshit_v2_sw_pnf_04,-C,False,44,1,0,True,True,-4.0,2.8864550590515137,2.8861868381500244,0.0002682209014892578,0.02504640445113182,0.14526738226413727,0.9999623894691467
syco_bullshit_v2_sw_pnf_04,-C,False,45,1,0,True,True,-4.0,2.8864550590515137,2.8872766494750977,0.0008215904235839844,0.023096278309822083,0.1393859088420868,0.9999681115150452
syco_bullshit_v2_sw_pnf_04,-C,False,46,1,0,True,True,-4.0,2.8864550590515137,2.886420488357544,3.457069396972656e-05,0.022463534027338028,0.14299213886260986,0.9999697208404541
syco_bullshit_v2_sw_pnf_04,-C,False,47,1,0,True,True,-4.0,2.8864550590515137,2.886533498764038,7.843971252441406e-05,0.025016117841005325,0.15143609046936035,0.9999623894691467
syco_bullshit_v2_sw_pnf_04,-C,False,48,1,0,True,True,-4.0,2.8864550590515137,2.8862478733062744,0.0002071857452392578,0.02160232700407505,0.13884423673152924,0.9999720454216003
syco_bullshit_v2_sw_pnf_04,-C,False,49,1,0,True,True,-4.0,2.8864550590515137,2.887148141860962,0.0006930828094482422,0.023323409259319305,0.1435219794511795,0.9999674558639526
syco_bullshit_v2_sw_pnf_04,-C,False,50,1,0,True,True,-4.0,2.8864550590515137,2.887678384780884,0.0012233257293701172,0.02205449342727661,0.14280936121940613,0.9999709129333496
syco_bullshit_v2_sw_pnf_04,-C,False,51,1,0,True,True,-4.0,2.8864550590515137,2.8862650394439697,0.0001900196075439453,0.02349858544766903,0.14744125306606293,0.9999669194221497
syco_bullshit_v2_sw_pnf_04,-C,False,52,1,0,True,True,-4.0,2.8864550590515137,2.886976718902588,0.0005216598510742188,0.021290771663188934,0.13663147389888763,0.9999728202819824
syco_bullshit_v2_sw_pnf_04,-C,False,53,1,0,True,True,-4.0,2.8864550590515137,2.886664628982544,0.00020956993103027344,0.02077743038535118,0.13888537883758545,0.9999741315841675
syco_bullshit_v2_sw_pnf_04,-C,False,54,1,0,True,True,-4.0,2.8864550590515137,2.8877639770507812,0.0013089179992675781,0.0220163743942976,0.1425798386335373,0.9999710321426392
syco_bullshit_v2_sw_pnf_04,-C,False,55,1,0,True,True,-4.0,2.8864550590515137,2.88686466217041,0.0004096031188964844,0.02305842936038971,0.1432635337114334,0.9999682903289795
syco_bullshit_v2_sw_pnf_04,-C,False,56,1,0,True,True,-4.0,2.8864550590515137,2.8865883350372314,0.00013327598571777344,0.020710358396172523,0.13669253885746002,0.9999743700027466
syco_bullshit_v2_sw_pnf_04,-C,False,57,1,0,True,True,-4.0,2.8864550590515137,2.8867287635803223,0.00027370452880859375,0.01707802712917328,0.11179205775260925,0.999982476234436
syco_bullshit_v2_sw_pnf_04,-C,False,58,1,0,True,True,-4.0,2.8864550590515137,2.8855998516082764,0.0008552074432373047,0.01843479461967945,0.12436020374298096,0.9999796152114868
syco_bullshit_v2_fin_pnf_01,+C,False,0,61,60,True,True,4.0,2.8864550590515137,2.8852174282073975,0.001237630844116211,0.01962614804506302,0.1288895606994629,0.9999770522117615
syco_bullshit_v2_fin_pnf_01,+C,False,1,1,0,True,True,4.0,2.8864550590515137,2.8860433101654053,0.00041174888610839844,0.022923095151782036,0.1359778195619583,0.9999685287475586
syco_bullshit_v2_fin_pnf_01,+C,False,2,1,0,True,True,4.0,2.8864550590515137,2.886064052581787,0.0003910064697265625,0.018172843381762505,0.12903441488742828,0.9999802112579346
syco_bullshit_v2_fin_pnf_01,+C,False,3,1,0,True,True,4.0,2.8864550590515137,2.8861048221588135,0.0003502368927001953,0.021845318377017975,0.14093656837940216,0.9999713897705078
syco_bullshit_v2_fin_pnf_01,+C,False,4,1,0,True,True,4.0,2.8864550590515137,2.886215925216675,0.0002391338348388672,0.020563678815960884,0.1415511518716812,0.9999746084213257
syco_bullshit_v2_fin_pnf_01,+C,False,5,1,0,True,True,4.0,2.8864550590515137,2.887312412261963,0.0008573532104492188,0.01977509632706642,0.1330069750547409,0.9999765157699585
syco_bullshit_v2_fin_pnf_01,+C,False,6,1,0,True,True,4.0,2.8864550590515137,2.886665105819702,0.00021004676818847656,0.020564869046211243,0.13307182490825653,0.9999746680259705
syco_bullshit_v2_fin_pnf_01,+C,False,7,1,0,True,True,4.0,2.8864550590515137,2.8864991664886475,4.410743713378906e-05,0.023321272805333138,0.1440974622964859,0.9999673366546631
syco_bullshit_v2_fin_pnf_01,+C,False,8,1,0,True,True,4.0,2.8864550590515137,2.8857176303863525,0.0007374286651611328,0.021192852407693863,0.13219547271728516,0.9999730587005615
syco_bullshit_v2_fin_pnf_01,+C,False,9,1,0,True,True,4.0,2.8864550590515137,2.886507749557495,5.269050598144531e-05,0.019130541011691093,0.13036949932575226,0.9999781250953674
syco_bullshit_v2_fin_pnf_01,+C,False,10,1,0,True,True,4.0,2.8864550590515137,2.8865880966186523,0.00013303756713867188,0.020431004464626312,0.13442657887935638,0.9999749660491943
syco_bullshit_v2_fin_pnf_01,+C,False,11,1,0,True,True,4.0,2.8864550590515137,2.8866658210754395,0.00021076202392578125,0.020968887954950333,0.13730917870998383,0.999973714351654
syco_bullshit_v2_fin_pnf_01,+C,False,12,1,0,True,True,4.0,2.8864550590515137,2.8869192600250244,0.0004642009735107422,0.021258939057588577,0.14251494407653809,0.999972939491272
syco_bullshit_v2_fin_pnf_01,+C,False,13,1,0,True,True,4.0,2.8864550590515137,2.887024402618408,0.0005693435668945312,0.021911391988396645,0.14207826554775238,0.9999712705612183
syco_bullshit_v2_fin_pnf_01,+C,False,14,1,0,True,True,4.0,2.8864550590515137,2.886131525039673,0.0003235340118408203,0.023163435980677605,0.14729125797748566,0.9999678134918213
syco_bullshit_v2_fin_pnf_01,+C,False,15,1,0,True,True,4.0,2.8864550590515137,2.885887384414673,0.0005676746368408203,0.02172611467540264,0.1437157690525055,0.9999717473983765
syco_bullshit_v2_fin_pnf_01,+C,False,16,1,0,True,True,4.0,2.8864550590515137,2.8858790397644043,0.000576019287109375,0.021057501435279846,0.1367095708847046,0.9999734163284302
syco_bullshit_v2_fin_pnf_01,+C,False,17,1,0,True,True,4.0,2.8864550590515137,2.8870484828948975,0.0005934238433837891,0.020944125950336456,0.14342202246189117,0.9999737739562988
syco_bullshit_v2_fin_pnf_01,+C,False,18,1,0,True,True,4.0,2.8864550590515137,2.8862528800964355,0.000202178955078125,0.023096002638339996,0.14591051638126373,0.9999679923057556
syco_bullshit_v2_fin_pnf_01,+C,False,19,1,0,True,True,4.0,2.8864550590515137,2.8871512413024902,0.0006961822509765625,0.02071261778473854,0.14246390759944916,0.9999743103981018
syco_bullshit_v2_fin_pnf_01,+C,False,20,1,0,True,True,4.0,2.8864550590515137,2.8864188194274902,3.62396240234375e-05,0.022970689460635185,0.1451360434293747,0.999968409538269
syco_bullshit_v2_fin_pnf_01,+C,False,21,1,0,True,True,4.0,2.8864550590515137,2.885950803756714,0.0005042552947998047,0.024836525321006775,0.1398976892232895,0.9999630451202393
syco_bullshit_v2_fin_pnf_01,+C,False,22,1,0,True,True,4.0,2.8864550590515137,2.8854570388793945,0.0009980201721191406,0.020986374467611313,0.1361899971961975,0.9999735951423645
syco_bullshit_v2_fin_pnf_01,+C,False,23,1,0,True,True,4.0,2.8864550590515137,2.886113405227661,0.00034165382385253906,0.018277259543538094,0.12584935128688812,0.9999800324440002
syco_bullshit_v2_fin_pnf_01,+C,False,24,1,0,True,True,4.0,2.8864550590515137,2.885936737060547,0.0005183219909667969,0.022047115489840508,0.1394389569759369,0.9999709129333496
syco_bullshit_v2_fin_pnf_01,+C,False,25,1,0,True,True,4.0,2.8864550590515137,2.8865840435028076,0.0001289844512939453,0.022792192175984383,0.14251984655857086,0.9999688863754272
syco_bullshit_v2_fin_pnf_01,+C,False,26,1,0,True,True,4.0,2.8864550590515137,2.8878350257873535,0.0013799667358398438,0.022356484085321426,0.13952414691448212,0.9999701380729675
syco_bullshit_v2_fin_pnf_01,+C,False,27,1,0,True,True,4.0,2.8864550590515137,2.8870530128479004,0.0005979537963867188,0.02290305867791176,0.14410685002803802,0.9999686479568481
syco_bullshit_v2_fin_pnf_01,+C,False,28,1,0,True,True,4.0,2.8864550590515137,2.8864777088165283,2.2649765014648438e-05,0.019307510927319527,0.12987080216407776,0.9999776482582092
syco_bullshit_v2_fin_pnf_01,+C,False,29,1,0,True,True,4.0,2.8864550590515137,2.885049343109131,0.0014057159423828125,0.024142568930983543,0.14823316037654877,0.9999651908874512
syco_bullshit_v2_fin_pnf_01,+C,False,30,1,0,True,True,4.0,2.8864550590515137,2.886542558670044,8.749961853027344e-05,0.021318182349205017,0.1369273066520691,0.9999727010726929
syco_bullshit_v2_fin_pnf_01,+C,False,31,1,0,True,True,4.0,2.8864550590515137,2.8868227005004883,0.0003676414489746094,0.023825766518712044,0.14732429385185242,0.999966025352478
syco_bullshit_v2_fin_pnf_01,+C,False,32,1,0,True,True,4.0,2.8864550590515137,2.886343479156494,0.00011157989501953125,0.020324263721704483,0.13637831807136536,0.9999752640724182
syco_bullshit_v2_fin_pnf_01,+C,False,33,1,0,True,True,4.0,2.8864550590515137,2.8862247467041016,0.00023031234741210938,0.020758241415023804,0.13492073118686676,0.9999741911888123
syco_bullshit_v2_fin_pnf_01,+C,False,34,1,0,True,True,4.0,2.8864550590515137,2.8868343830108643,0.00037932395935058594,0.020256634801626205,0.13444916903972626,0.9999753832817078
syco_bullshit_v2_fin_pnf_01,+C,False,35,1,0,True,True,4.0,2.8864550590515137,2.8863418102264404,0.00011324882507324219,0.02027626521885395,0.1358424872159958,0.999975323677063
syco_bullshit_v2_fin_pnf_01,+C,False,36,1,0,True,True,4.0,2.8864550590515137,2.886561393737793,0.00010633468627929688,0.02100006863474846,0.13941027224063873,0.9999736547470093
syco_bullshit_v2_fin_pnf_01,+C,False,37,1,0,True,True,4.0,2.8864550590515137,2.886147975921631,0.0003070831298828125,0.02383100986480713,0.14426769316196442,0.9999659061431885
syco_bullshit_v2_fin_pnf_01,+C,False,38,1,0,True,True,4.0,2.8864550590515137,2.886117458343506,0.0003376007080078125,0.018880173563957214,0.13210177421569824,0.9999786019325256
syco_bullshit_v2_fin_pnf_01,+C,False,39,1,0,True,True,4.0,2.8864550590515137,2.8869552612304688,0.0005002021789550781,0.0170527845621109,0.11196459829807281,0.9999825954437256
syco_bullshit_v2_fin_pnf_01,+C,False,40,1,0,True,True,4.0,2.8864550590515137,2.887427806854248,0.000972747802734375,0.018465684726834297,0.12378066033124924,0.9999796748161316
syco_bullshit_v2_fin_pnf_01,-C,False,0,61,60,True,True,-4.0,2.8864550590515137,2.886683464050293,0.00022840499877929688,0.019576814025640488,0.1288895606994629,0.9999769926071167
syco_bullshit_v2_fin_pnf_01,-C,False,1,1,0,True,True,-4.0,2.8864550590515137,2.8854424953460693,0.001012563705444336,0.02262021042406559,0.1359778195619583,0.999969482421875
syco_bullshit_v2_fin_pnf_01,-C,False,2,1,0,True,True,-4.0,2.8864550590515137,2.8858835697174072,0.0005714893341064453,0.018948396667838097,0.12903441488742828,0.9999785423278809
syco_bullshit_v2_fin_pnf_01,-C,False,3,1,0,True,True,-4.0,2.8864550590515137,2.8859241008758545,0.0005309581756591797,0.022913046181201935,0.14093656837940216,0.9999685287475586
syco_bullshit_v2_fin_pnf_01,-C,False,4,1,0,True,True,-4.0,2.8864550590515137,2.886126756668091,0.00032830238342285156,0.021029986441135406,0.1415511518716812,0.9999735355377197
syco_bullshit_v2_fin_pnf_01,-C,False,5,1,0,True,True,-4.0,2.8864550590515137,2.8867664337158203,0.0003113746643066406,0.02069760113954544,0.1330069750547409,0.9999743700027466
syco_bullshit_v2_fin_pnf_01,-C,False,6,1,0,True,True,-4.0,2.8864550590515137,2.885983467102051,0.0004715919494628906,0.019989013671875,0.13374121487140656,0.9999760389328003
syco_bullshit_v2_fin_pnf_01,-C,False,7,1,0,True,True,-4.0,2.8864550590515137,2.8865575790405273,0.00010251998901367188,0.02305946685373783,0.14189137518405914,0.9999680519104004
syco_bullshit_v2_fin_pnf_01,-C,False,8,1,0,True,True,-4.0,2.8864550590515137,2.886211633682251,0.0002434253692626953,0.018439559265971184,0.1280623823404312,0.999979555606842
syco_bullshit_v2_fin_pnf_01,-C,False,9,1,0,True,True,-4.0,2.8864550590515137,2.886408805847168,4.6253204345703125e-05,0.018185103312134743,0.12221823632717133,0.9999802708625793
syco_bullshit_v2_fin_pnf_01,-C,False,10,1,0,True,True,-4.0,2.8864550590515137,2.885504961013794,0.0009500980377197266,0.018252750858664513,0.12363174557685852,0.999980092048645
syco_bullshit_v2_fin_pnf_01,-C,False,11,1,0,True,True,-4.0,2.8864550590515137,2.8870747089385986,0.0006196498870849609,0.01836373284459114,0.12672972679138184,0.9999797344207764
syco_bullshit_v2_fin_pnf_01,-C,False,12,1,0,True,True,-4.0,2.8864550590515137,2.88637638092041,7.867813110351562e-05,0.018719851970672607,0.1224740669131279,0.9999790191650391
syco_bullshit_v2_fin_pnf_01,-C,False,13,1,0,True,True,-4.0,2.8864550590515137,2.887199640274048,0.0007445812225341797,0.0209626704454422,0.13599377870559692,0.9999736547470093
syco_bullshit_v2_fin_pnf_01,-C,False,14,1,0,True,True,-4.0,2.8864550590515137,2.8877310752868652,0.0012760162353515625,0.021292511373758316,0.13850706815719604,0.999972939491272
syco_bullshit_v2_fin_pnf_01,-C,False,15,1,0,True,True,-4.0,2.8864550590515137,2.886645793914795,0.00019073486328125,0.02006949484348297,0.1317392736673355,0.9999759197235107
syco_bullshit_v2_fin_pnf_01,-C,False,16,1,0,True,True,-4.0,2.8864550590515137,2.886686325073242,0.00023126602172851562,0.019056210294365883,0.12987615168094635,0.9999783039093018
syco_bullshit_v2_fin_pnf_01,-C,False,17,1,0,True,True,-4.0,2.8864550590515137,2.8870060443878174,0.0005509853363037109,0.01901346445083618,0.1316927969455719,0.9999784231185913
syco_bullshit_v2_fin_pnf_01,-C,False,18,1,0,True,True,-4.0,2.8864550590515137,2.8878471851348877,0.0013921260833740234,0.021543176844716072,0.13884712755680084,0.9999723434448242
syco_bullshit_v2_fin_pnf_01,-C,False,19,1,0,True,True,-4.0,2.8864550590515137,2.887328863143921,0.0008738040924072266,0.021606815978884697,0.14231927692890167,0.9999721050262451
syco_bullshit_v2_fin_pnf_01,-C,False,20,1,0,True,True,-4.0,2.8864550590515137,2.8866217136383057,0.0001666545867919922,0.0230863057076931,0.1425541192293167,0.9999681115150452
syco_bullshit_v2_fin_pnf_01,-C,False,21,1,0,True,True,-4.0,2.8864550590515137,2.8873703479766846,0.0009152889251708984,0.021219702437520027,0.1395222395658493,0.9999730587005615
syco_bullshit_v2_fin_pnf_01,-C,False,22,1,0,True,True,-4.0,2.8864550590515137,2.887202739715576,0.0007476806640625,0.021995361894369125,0.13622720539569855,0.9999709129333496
syco_bullshit_v2_fin_pnf_01,-C,False,23,1,0,True,True,-4.0,2.8864550590515137,2.8869028091430664,0.0004477500915527344,0.0202951580286026,0.13651737570762634,0.999975323677063
syco_bullshit_v2_fin_pnf_01,-C,False,24,1,0,True,True,-4.0,2.8864550590515137,2.886770725250244,0.00031566619873046875,0.023165730759501457,0.1440069079399109,0.9999677538871765
syco_bullshit_v2_fin_pnf_01,-C,False,25,1,0,True,True,-4.0,2.8864550590515137,2.8869242668151855,0.000469207763671875,0.021789753809571266,0.13903801143169403,0.9999715089797974
syco_bullshit_v2_fin_pnf_01,-C,False,26,1,0,True,True,-4.0,2.8864550590515137,2.8869411945343018,0.00048613548278808594,0.023057542741298676,0.14267317950725555,0.9999681115150452
syco_bullshit_v2_fin_pnf_01,-C,False,27,1,0,True,True,-4.0,2.8864550590515137,2.8874661922454834,0.0010111331939697266,0.020246395841240883,0.1375073492527008,0.9999755024909973
syco_bullshit_v2_fin_pnf_01,-C,False,28,1,0,True,True,-4.0,2.8864550590515137,2.887307643890381,0.0008525848388671875,0.021681422367691994,0.14333295822143555,0.9999719262123108
syco_bullshit_v2_fin_pnf_01,-C,False,29,1,0,True,True,-4.0,2.8864550590515137,2.886307716369629,0.00014734268188476562,0.023841507732868195,0.14525260031223297,0.9999659061431885
syco_bullshit_v2_fin_pnf_01,-C,False,30,1,0,True,True,-4.0,2.8864550590515137,2.8873229026794434,0.0008678436279296875,0.025359921157360077,0.14286084473133087,0.9999614953994751
syco_bullshit_v2_fin_pnf_01,-C,False,31,1,0,True,True,-4.0,2.8864550590515137,2.887389898300171,0.0009348392486572266,0.021000901237130165,0.13308043777942657,0.9999735951423645
syco_bullshit_v2_fin_pnf_01,-C,False,32,1,0,True,True,-4.0,2.8864550590515137,2.8873813152313232,0.0009262561798095703,0.023565219715237617,0.14677397906780243,0.9999668598175049
syco_bullshit_v2_fin_pnf_01,-C,False,33,1,0,True,True,-4.0,2.8864550590515137,2.887637138366699,0.0011820793151855469,0.021318266168236732,0.13953396677970886,0.9999728202819824
syco_bullshit_v2_fin_pnf_01,-C,False,34,1,0,True,True,-4.0,2.8864550590515137,2.8863558769226074,9.918212890625e-05,0.019739000126719475,0.13328103721141815,0.9999767541885376
syco_bullshit_v2_fin_pnf_01,-C,False,35,1,0,True,True,-4.0,2.8864550590515137,2.8864378929138184,1.71661376953125e-05,0.023128122091293335,0.1456669420003891,0.9999679327011108
syco_bullshit_v2_fin_pnf_01,-C,False,36,1,0,True,True,-4.0,2.8864550590515137,2.887312412261963,0.0008573532104492188,0.024131517857313156,0.14343024790287018,0.9999651312828064
syco_bullshit_v2_fin_pnf_01,-C,False,37,1,0,True,True,-4.0,2.8864550590515137,2.8877782821655273,0.0013232231140136719,0.02110443264245987,0.1396099478006363,0.999973475933075
syco_bullshit_v2_fin_pnf_01,-C,False,38,1,0,True,True,-4.0,2.8864550590515137,2.887477397918701,0.0010223388671875,0.01968614012002945,0.13195325434207916,0.9999768733978271
syco_bullshit_v2_fin_pnf_01,-C,False,39,1,0,True,True,-4.0,2.8864550590515137,2.8871610164642334,0.0007059574127197266,0.020280197262763977,0.1360722929239273,0.9999753832817078
syco_bullshit_v2_fin_pnf_01,-C,False,40,1,0,True,True,-4.0,2.8864550590515137,2.886164426803589,0.0002906322479248047,0.021754367277026176,0.14265380799770355,0.9999716877937317
syco_bullshit_v2_fin_pnf_01,-C,False,41,1,0,True,True,-4.0,2.8864550590515137,2.8859338760375977,0.0005211830139160156,0.023840775713324547,0.14772360026836395,0.9999659061431885
syco_bullshit_v2_fin_pnf_01,-C,False,42,1,0,True,True,-4.0,2.8864550590515137,2.8859221935272217,0.0005328655242919922,0.01889783889055252,0.1323186159133911,0.9999786019325256
syco_bullshit_v2_fin_pnf_01,-C,False,43,1,0,True,True,-4.0,2.8864550590515137,2.8860864639282227,0.0003685951232910156,0.017654363065958023,0.12176316231489182,0.9999814033508301
syco_bullshit_v2_fin_pnf_01,-C,False,44,1,0,True,True,-4.0,2.8864550590515137,2.886741876602173,0.0002868175506591797,0.023297511041164398,0.14336653053760529,0.9999674558639526
syco_bullshit_v2_fin_pnf_01,-C,False,45,1,0,True,True,-4.0,2.8864550590515137,2.8863723278045654,8.273124694824219e-05,0.019441140815615654,0.13185147941112518,0.9999773502349854
syco_bullshit_v2_fin_pnf_01,-C,False,46,1,0,True,True,-4.0,2.8864550590515137,2.8857810497283936,0.0006740093231201172,0.021474530920386314,0.13843335211277008,0.9999723434448242
syco_bullshit_v2_fin_pnf_01,-C,False,47,1,0,True,True,-4.0,2.8864550590515137,2.8864502906799316,4.76837158203125e-06,0.020145172253251076,0.1325322538614273,0.9999756813049316
syco_bullshit_v2_fin_pnf_01,-C,False,48,1,0,True,True,-4.0,2.8864550590515137,2.8861944675445557,0.0002605915069580078,0.019332831725478172,0.13166624307632446,0.9999776482582092
syco_bullshit_v2_fin_pnf_01,-C,False,49,1,0,True,True,-4.0,2.8864550590515137,2.8861913681030273,0.0002636909484863281,0.018253372982144356,0.12818290293216705,0.999980092048645
syco_bullshit_v2_fin_pnf_01,-C,False,50,1,0,True,True,-4.0,2.8864550590515137,2.886728048324585,0.00027298927307128906,0.022362753748893738,0.15022589266300201,0.9999699592590332
syco_bullshit_v2_fin_pnf_01,-C,False,51,1,0,True,True,-4.0,2.8864550590515137,2.886867046356201,0.0004119873046875,0.022197384387254715,0.1454896777868271,0.9999704957008362
syco_bullshit_v2_fin_pnf_01,-C,False,52,1,0,True,True,-4.0,2.8864550590515137,2.8865158557891846,6.079673767089844e-05,0.023644544184207916,0.14062415063381195,0.9999665021896362
syco_bullshit_v2_fin_pnf_01,-C,False,53,1,0,True,True,-4.0,2.8864550590515137,2.8865013122558594,4.6253204345703125e-05,0.0204068124294281,0.13375940918922424,0.9999749660491943
syco_bullshit_v2_fin_pnf_01,-C,False,54,1,0,True,True,-4.0,2.8864550590515137,2.8855175971984863,0.0009374618530273438,0.018220413476228714,0.1301974654197693,0.999980092048645
syco_bullshit_v2_fin_pnf_01,-C,False,55,1,0,True,True,-4.0,2.8864550590515137,2.8865115642547607,5.650520324707031e-05,0.021118510514497757,0.14101435244083405,0.9999732375144958
syco_bullshit_v2_fin_pnf_01,-C,False,56,1,0,True,True,-4.0,2.8864550590515137,2.8862569332122803,0.00019812583923339844,0.02004413679242134,0.13810887932777405,0.9999759197235107
syco_bullshit_v2_fin_pnf_01,-C,False,57,1,0,True,True,-4.0,2.8864550590515137,2.8852362632751465,0.0012187957763671875,0.022740963846445084,0.14422954618930817,0.9999690651893616
syco_bullshit_v2_fin_pnf_01,-C,False,58,1,0,True,True,-4.0,2.8864550590515137,2.887927770614624,0.0014727115631103516,0.022252878174185753,0.13859547674655914,0.9999704957008362
syco_bullshit_v2_fin_pnf_01,-C,False,59,1,0,True,True,-4.0,2.8864550590515137,2.8870768547058105,0.000621795654296875,0.021727602928876877,0.1351490467786789,0.9999717473983765
syco_bullshit_v2_fin_pnf_01,-C,False,60,1,0,True,True,-4.0,2.8864550590515137,2.886370897293091,8.416175842285156e-05,0.020179906859993935,0.1317112296819687,0.9999755620956421
syco_bullshit_v2_fin_pnf_01,-C,False,61,1,0,True,True,-4.0,2.8864550590515137,2.8871519565582275,0.0006968975067138672,0.020486488938331604,0.13840989768505096,0.9999748468399048
syco_bullshit_v2_fin_pnf_01,-C,False,62,1,0,True,True,-4.0,2.8864550590515137,2.8862314224243164,0.00022363662719726562,0.022077778354287148,0.14260025322437286,0.9999707937240601
syco_bullshit_v2_fin_pnf_01,-C,False,63,1,0,True,True,-4.0,2.8864550590515137,2.886068105697632,0.00038695335388183594,0.02170521579682827,0.14308340847492218,0.9999717473983765
syco_bullshit_v2_fin_pnf_01,-C,False,64,1,0,True,True,-4.0,2.8864550590515137,2.8861241340637207,0.00033092498779296875,0.024019155651330948,0.14603136479854584,0.9999654293060303
syco_bullshit_v2_fin_pnf_01,-C,False,65,1,0,True,True,-4.0,2.8864550590515137,2.8869380950927734,0.0004830360412597656,0.01967885158956051,0.13059650361537933,0.9999767541885376
syco_bullshit_v2_fin_pnf_01,-C,False,66,1,0,True,True,-4.0,2.8864550590515137,2.8859198093414307,0.0005352497100830078,0.017130887135863304,0.11155924946069717,0.9999824166297913
syco_bullshit_v2_fin_pnf_01,-C,False,67,1,0,True,True,-4.0,2.8864550590515137,2.8858814239501953,0.0005736351013183594,0.017725028097629547,0.12099213898181915,0.9999812245368958
syco_bullshit_v2_fin_pnf_02,+C,False,0,70,69,True,True,4.0,2.8864550590515137,2.886714458465576,0.0002593994140625,0.019860731437802315,0.13188716769218445,0.999976396560669
syco_bullshit_v2_fin_pnf_02,+C,False,1,1,0,True,True,4.0,2.8864550590515137,2.8868775367736816,0.00042247772216796875,0.019879385828971863,0.13079948723316193,0.9999762773513794
syco_bullshit_v2_fin_pnf_02,+C,False,2,1,0,True,True,4.0,2.8864550590515137,2.8860230445861816,0.00043201446533203125,0.020580582320690155,0.13408397138118744,0.9999746680259705
syco_bullshit_v2_fin_pnf_02,+C,False,3,1,0,True,True,4.0,2.8864550590515137,2.8868331909179688,0.0003781318664550781,0.020708562806248665,0.13378821313381195,0.999974250793457
syco_bullshit_v2_fin_pnf_02,+C,False,4,1,0,True,True,4.0,2.8864550590515137,2.8852744102478027,0.0011806488037109375,0.021618979051709175,0.1369631439447403,0.9999721050262451
syco_bullshit_v2_fin_pnf_02,+C,False,5,1,0,True,True,4.0,2.8864550590515137,2.8866214752197266,0.00016641616821289062,0.022788608446717262,0.14042671024799347,0.9999688267707825
syco_bullshit_v2_fin_pnf_02,+C,False,6,1,0,True,True,4.0,2.8864550590515137,2.8864119052886963,4.315376281738281e-05,0.022280795499682426,0.13821037113666534,0.9999701976776123
syco_bullshit_v2_fin_pnf_02,+C,False,7,1,0,True,True,4.0,2.8864550590515137,2.886120080947876,0.0003349781036376953,0.02048804610967636,0.13679809868335724,0.9999748468399048
syco_bullshit_v2_fin_pnf_02,+C,False,8,1,0,True,True,4.0,2.8864550590515137,2.8862311840057373,0.0002238750457763672,0.020974894985556602,0.14076463878154755,0.9999735355377197
syco_bullshit_v2_fin_pnf_02,+C,False,9,1,0,True,True,4.0,2.8864550590515137,2.887256622314453,0.0008015632629394531,0.021550660952925682,0.1436610370874405,0.9999722242355347
syco_bullshit_v2_fin_pnf_02,+C,False,10,1,0,True,True,4.0,2.8864550590515137,2.8862950801849365,0.00015997886657714844,0.01950276829302311,0.13123096525669098,0.9999771118164062
syco_bullshit_v2_fin_pnf_02,+C,False,11,1,0,True,True,4.0,2.8864550590515137,2.8863065242767334,0.00014853477478027344,0.022755973041057587,0.14029666781425476,0.9999688863754272
syco_bullshit_v2_fin_pnf_02,+C,False,12,1,0,True,True,4.0,2.8864550590515137,2.886474370956421,1.9311904907226562e-05,0.023003781214356422,0.14418311417102814,0.9999682903289795
syco_bullshit_v2_fin_pnf_02,+C,False,13,1,0,True,True,4.0,2.8864550590515137,2.886202096939087,0.0002529621124267578,0.021767685189843178,0.13675585389137268,0.9999715089797974
syco_bullshit_v2_fin_pnf_02,+C,False,14,1,0,True,True,4.0,2.8864550590515137,2.886622905731201,0.0001678466796875,0.0211176835000515,0.1315503865480423,0.9999732971191406
syco_bullshit_v2_fin_pnf_02,+C,False,15,1,0,True,True,4.0,2.8864550590515137,2.8857219219207764,0.0007331371307373047,0.020284907892346382,0.12683992087841034,0.999975323677063
syco_bullshit_v2_fin_pnf_02,+C,False,16,1,0,True,True,4.0,2.8864550590515137,2.886813163757324,0.0003581047058105469,0.02148895338177681,0.13105221092700958,0.9999723434448242
syco_bullshit_v2_fin_pnf_02,+C,False,17,1,0,True,True,4.0,2.8864550590515137,2.8862929344177246,0.0001621246337890625,0.018928321078419685,0.1314859241247177,0.9999785423278809
syco_bullshit_v2_fin_pnf_02,+C,False,18,1,0,True,True,4.0,2.8864550590515137,2.8864657878875732,1.0728836059570312e-05,0.023474687710404396,0.1423785537481308,0.9999669194221497
syco_bullshit_v2_fin_pnf_02,+C,False,19,1,0,True,True,4.0,2.8864550590515137,2.8866443634033203,0.00018930435180664062,0.020850352942943573,0.13735376298427582,0.9999738931655884
syco_bullshit_v2_fin_pnf_02,+C,False,20,1,0,True,True,4.0,2.8864550590515137,2.8863420486450195,0.00011301040649414062,0.02045842818915844,0.1362145096063614,0.9999749064445496
syco_bullshit_v2_fin_pnf_02,+C,False,21,1,0,True,True,4.0,2.8864550590515137,2.885698080062866,0.0007569789886474609,0.023306498304009438,0.1430238038301468,0.9999674558639526
syco_bullshit_v2_fin_pnf_02,+C,False,22,1,0,True,True,4.0,2.8864550590515137,2.887061595916748,0.000606536865234375,0.022623887285590172,0.13831670582294464,0.9999694228172302
syco_bullshit_v2_fin_pnf_02,+C,False,23,1,0,True,True,4.0,2.8864550590515137,2.8869190216064453,0.0004639625549316406,0.020733319222927094,0.13041241466999054,0.9999743103981018
syco_bullshit_v2_fin_pnf_02,+C,False,24,1,0,True,True,4.0,2.8864550590515137,2.8867640495300293,0.000308990478515625,0.02348897233605385,0.14408373832702637,0.9999668598175049
syco_bullshit_v2_fin_pnf_02,+C,False,25,1,0,True,True,4.0,2.8864550590515137,2.887866258621216,0.0014111995697021484,0.02535124681890011,0.14700783789157867,0.9999617338180542
syco_bullshit_v2_fin_pnf_02,+C,False,26,1,0,True,True,4.0,2.8864550590515137,2.8863842487335205,7.081031799316406e-05,0.020916923880577087,0.13505996763706207,0.9999737739562988
syco_bullshit_v2_fin_pnf_02,+C,False,27,1,0,True,True,4.0,2.8864550590515137,2.886772871017456,0.0003178119659423828,0.020301783457398415,0.13479821383953094,0.999975323677063
syco_bullshit_v2_fin_pnf_02,+C,False,28,1,0,True,True,4.0,2.8864550590515137,2.886209726333618,0.0002453327178955078,0.019819684326648712,0.134827122092247,0.999976396560669
syco_bullshit_v2_fin_pnf_02,+C,False,29,1,0,True,True,4.0,2.8864550590515137,2.886432409286499,2.2649765014648438e-05,0.022496722638607025,0.14513631165027618,0.9999696016311646
syco_bullshit_v2_fin_pnf_02,+C,False,30,1,0,True,True,4.0,2.8864550590515137,2.88759183883667,0.00113677978515625,0.023057281970977783,0.14307384192943573,0.9999682903289795
syco_bullshit_v2_fin_pnf_02,+C,False,31,1,0,True,True,4.0,2.8864550590515137,2.886392116546631,6.29425048828125e-05,0.02288883924484253,0.1402273029088974,0.9999686479568481
syco_bullshit_v2_fin_pnf_02,+C,False,32,1,0,True,True,4.0,2.8864550590515137,2.8867135047912598,0.00025844573974609375,0.020888082683086395,0.13413368165493011,0.9999738335609436
syco_bullshit_v2_fin_pnf_02,+C,False,33,1,0,True,True,4.0,2.8864550590515137,2.8864316940307617,2.3365020751953125e-05,0.020012715831398964,0.13639287650585175,0.9999760389328003
syco_bullshit_v2_fin_pnf_02,+C,False,34,1,0,True,True,4.0,2.8864550590515137,2.8877341747283936,0.0012791156768798828,0.020491909235715866,0.13739903271198273,0.9999749660491943
syco_bullshit_v2_fin_pnf_02,+C,False,35,1,0,True,True,4.0,2.8864550590515137,2.88572096824646,0.0007340908050537109,0.022230982780456543,0.1425391286611557,0.9999703764915466
syco_bullshit_v2_fin_pnf_02,+C,False,36,1,0,True,True,4.0,2.8864550590515137,2.8851656913757324,0.00128936767578125,0.021026626229286194,0.13932284712791443,0.9999735951423645
syco_bullshit_v2_fin_pnf_02,+C,False,37,1,0,True,True,4.0,2.8864550590515137,2.885441303253174,0.0010137557983398438,0.02296057716012001,0.14511831104755402,0.999968409538269
syco_bullshit_v2_fin_pnf_02,+C,False,38,1,0,True,True,4.0,2.8864550590515137,2.886806011199951,0.0003509521484375,0.020773960277438164,0.1404184252023697,0.9999741911888123
syco_bullshit_v2_fin_pnf_02,+C,False,39,1,0,True,True,4.0,2.8864550590515137,2.8872549533843994,0.0007998943328857422,0.0240392554551363,0.14764980971813202,0.9999654293060303
syco_bullshit_v2_fin_pnf_02,+C,False,40,1,0,True,True,4.0,2.8864550590515137,2.885235071182251,0.0012199878692626953,0.02097179926931858,0.1406099945306778,0.9999737739562988
syco_bullshit_v2_fin_pnf_02,+C,False,41,1,0,True,True,4.0,2.8864550590515137,2.8876140117645264,0.0011589527130126953,0.02114121802151203,0.13791343569755554,0.9999732971191406
syco_bullshit_v2_fin_pnf_02,+C,False,42,1,0,True,True,4.0,2.8864550590515137,2.8854639530181885,0.0009911060333251953,0.019926825538277626,0.13673222064971924,0.9999762177467346
syco_bullshit_v2_fin_pnf_02,+C,False,43,1,0,True,True,4.0,2.8864550590515137,2.886331796646118,0.0001232624053955078,0.021983083337545395,0.1417926549911499,0.9999710321426392
syco_bullshit_v2_fin_pnf_02,+C,False,44,1,0,True,True,4.0,2.8864550590515137,2.886979103088379,0.0005240440368652344,0.02172856405377388,0.1423453390598297,0.9999717473983765
syco_bullshit_v2_fin_pnf_02,+C,False,45,1,0,True,True,4.0,2.8864550590515137,2.88675856590271,0.00030350685119628906,0.02261948026716709,0.14231549203395844,0.9999693632125854
syco_bullshit_v2_fin_pnf_02,+C,False,46,1,0,True,True,4.0,2.8864550590515137,2.8861706256866455,0.00028443336486816406,0.02258261665701866,0.14297889173030853,0.9999694228172302
syco_bullshit_v2_fin_pnf_02,+C,False,47,1,0,True,True,4.0,2.8864550590515137,2.8878610134124756,0.001405954360961914,0.019784945994615555,0.13107354938983917,0.999976634979248
syco_bullshit_v2_fin_pnf_02,+C,False,48,1,0,True,True,4.0,2.8864550590515137,2.885939359664917,0.0005156993865966797,0.02424219250679016,0.13974381983280182,0.9999647736549377
syco_bullshit_v2_fin_pnf_02,+C,False,49,1,0,True,True,4.0,2.8864550590515137,2.8862268924713135,0.0002281665802001953,0.02086493745446205,0.1324058473110199,0.9999738931655884
syco_bullshit_v2_fin_pnf_02,+C,False,50,1,0,True,True,4.0,2.8864550590515137,2.885737895965576,0.0007171630859375,0.019688177853822708,0.1268923133611679,0.9999768137931824
syco_bullshit_v2_fin_pnf_02,+C,False,51,1,0,True,True,4.0,2.8864550590515137,2.886636257171631,0.0001811981201171875,0.019586937502026558,0.12992170453071594,0.9999769926071167
syco_bullshit_v2_fin_pnf_02,+C,False,52,1,0,True,True,4.0,2.8864550590515137,2.8873980045318604,0.0009429454803466797,0.022766929119825363,0.13902024924755096,0.9999690055847168
syco_bullshit_v2_fin_pnf_02,+C,False,53,1,0,True,True,4.0,2.8864550590515137,2.886334180831909,0.00012087821960449219,0.020198440179228783,0.13436336815357208,0.9999755620956421
syco_bullshit_v2_fin_pnf_02,+C,False,54,1,0,True,True,4.0,2.8864550590515137,2.887601852416992,0.0011467933654785156,0.023395366966724396,0.13942323625087738,0.9999672770500183
syco_bullshit_v2_fin_pnf_02,+C,False,55,1,0,True,True,4.0,2.8864550590515137,2.8862509727478027,0.0002040863037109375,0.02097160741686821,0.13704518973827362,0.9999736547470093
syco_bullshit_v2_fin_pnf_02,+C,False,56,1,0,True,True,4.0,2.8864550590515137,2.8869645595550537,0.0005095005035400391,0.020803028717637062,0.1326243281364441,0.9999740719795227
syco_bullshit_v2_fin_pnf_02,+C,False,57,1,0,True,True,4.0,2.8864550590515137,2.8867220878601074,0.00026702880859375,0.019478879868984222,0.12796179950237274,0.9999772310256958
syco_bullshit_v2_fin_pnf_02,+C,False,58,1,0,True,True,4.0,2.8864550590515137,2.8869686126708984,0.0005135536193847656,0.019911544397473335,0.13730408251285553,0.9999762773513794
syco_bullshit_v2_fin_pnf_02,+C,False,59,1,0,True,True,4.0,2.8864550590515137,2.8868393898010254,0.00038433074951171875,0.02148001827299595,0.13530008494853973,0.9999723434448242
syco_bullshit_v2_fin_pnf_02,+C,False,60,1,0,True,True,4.0,2.8864550590515137,2.887911558151245,0.0014564990997314453,0.02161114476621151,0.1357107013463974,0.9999721050262451
syco_bullshit_v2_fin_pnf_02,+C,False,61,1,0,True,True,4.0,2.8864550590515137,2.886143207550049,0.00031185150146484375,0.018580414354801178,0.13036926090717316,0.9999793171882629
syco_bullshit_v2_fin_pnf_02,+C,False,62,1,0,True,True,4.0,2.8864550590515137,2.8854150772094727,0.0010399818420410156,0.019625931978225708,0.12761138379573822,0.9999769330024719
syco_bullshit_v2_fin_pnf_02,+C,False,63,1,0,True,True,4.0,2.8864550590515137,2.887143135070801,0.0006880760192871094,0.023504378274083138,0.14360195398330688,0.9999669790267944
syco_bullshit_v2_fin_pnf_02,+C,False,64,1,0,True,True,4.0,2.8864550590515137,2.886244535446167,0.0002105236053466797,0.021540479734539986,0.13898496329784393,0.9999721050262451
syco_bullshit_v2_fin_pnf_02,+C,False,65,1,0,True,True,4.0,2.8864550590515137,2.8869566917419434,0.0005016326904296875,0.02116338163614273,0.13439138233661652,0.9999731779098511
syco_bullshit_v2_fin_pnf_02,+C,False,66,1,0,True,True,4.0,2.8864550590515137,2.887197494506836,0.0007424354553222656,0.021378222852945328,0.13835783302783966,0.9999726414680481
syco_bullshit_v2_fin_pnf_02,+C,False,67,1,0,True,True,4.0,2.8864550590515137,2.8873937129974365,0.0009386539459228516,0.020674843341112137,0.13429789245128632,0.9999744892120361
syco_bullshit_v2_fin_pnf_02,+C,False,68,1,0,True,True,4.0,2.8864550590515137,2.8867599964141846,0.00030493736267089844,0.01951873116195202,0.1351066678762436,0.9999772310256958
syco_bullshit_v2_fin_pnf_02,+C,False,69,1,0,True,True,4.0,2.8864550590515137,2.887108325958252,0.0006532669067382812,0.017549367621541023,0.11147837340831757,0.9999815225601196
syco_bullshit_v2_fin_pnf_02,+C,False,70,1,0,True,True,4.0,2.8864550590515137,2.886209726333618,0.0002453327178955078,0.018501438200473785,0.12372402846813202,0.9999794363975525
syco_bullshit_v2_fin_pnf_02,-C,False,0,70,69,True,True,-4.0,2.8864550590515137,2.886002779006958,0.00045228004455566406,0.02120741456747055,0.13188716769218445,0.9999730587005615
syco_bullshit_v2_fin_pnf_02,-C,False,1,1,0,True,True,-4.0,2.8864550590515137,2.8856289386749268,0.0008261203765869141,0.02046828903257847,0.13079948723316193,0.9999749660491943
syco_bullshit_v2_fin_pnf_02,-C,False,2,1,0,True,True,-4.0,2.8864550590515137,2.8871049880981445,0.0006499290466308594,0.020565425977110863,0.13408397138118744,0.9999746680259705
syco_bullshit_v2_fin_pnf_02,-C,False,3,1,0,True,True,-4.0,2.8864550590515137,2.886751174926758,0.0002961158752441406,0.020550213754177094,0.13378821313381195,0.99997478723526
syco_bullshit_v2_fin_pnf_02,-C,False,4,1,0,True,True,-4.0,2.8864550590515137,2.8864221572875977,3.2901763916015625e-05,0.021578120067715645,0.1369631439447403,0.9999721050262451
syco_bullshit_v2_fin_pnf_02,-C,False,5,1,0,True,True,-4.0,2.8864550590515137,2.8865437507629395,8.869171142578125e-05,0.022798001766204834,0.14042671024799347,0.9999687671661377
syco_bullshit_v2_fin_pnf_02,-C,False,6,1,0,True,True,-4.0,2.8864550590515137,2.8861873149871826,0.0002677440643310547,0.020435618236660957,0.13679184019565582,0.9999749660491943
syco_bullshit_v2_fin_pnf_02,-C,False,7,1,0,True,True,-4.0,2.8864550590515137,2.88657808303833,0.00012302398681640625,0.02361333929002285,0.1449274867773056,0.9999666213989258
syco_bullshit_v2_fin_pnf_02,-C,False,8,1,0,True,True,-4.0,2.8864550590515137,2.886787176132202,0.00033211708068847656,0.02063932828605175,0.13179023563861847,0.9999744892120361
syco_bullshit_v2_fin_pnf_02,-C,False,9,1,0,True,True,-4.0,2.8864550590515137,2.887272357940674,0.0008172988891601562,0.023743558675050735,0.1446836143732071,0.9999662637710571
syco_bullshit_v2_fin_pnf_02,-C,False,10,1,0,True,True,-4.0,2.8864550590515137,2.886439323425293,1.5735626220703125e-05,0.02241053245961666,0.13980287313461304,0.9999698996543884
syco_bullshit_v2_fin_pnf_02,-C,False,11,1,0,True,True,-4.0,2.8864550590515137,2.8857457637786865,0.0007092952728271484,0.021478848531842232,0.1384660303592682,0.9999723434448242
syco_bullshit_v2_fin_pnf_02,-C,False,12,1,0,True,True,-4.0,2.8864550590515137,2.8868002891540527,0.0003452301025390625,0.021094273775815964,0.1385953575372696,0.9999733567237854
syco_bullshit_v2_fin_pnf_02,-C,False,13,1,0,True,True,-4.0,2.8864550590515137,2.8863391876220703,0.00011587142944335938,0.022423481568694115,0.13404083251953125,0.9999698400497437
syco_bullshit_v2_fin_pnf_02,-C,False,14,1,0,True,True,-4.0,2.8864550590515137,2.8868918418884277,0.0004367828369140625,0.01904396526515484,0.1286047250032425,0.9999783039093018
syco_bullshit_v2_fin_pnf_02,-C,False,15,1,0,True,True,-4.0,2.8864550590515137,2.888148784637451,0.0016937255859375,0.021438831463456154,0.1391688585281372,0.9999727010726929
syco_bullshit_v2_fin_pnf_02,-C,False,16,1,0,True,True,-4.0,2.8864550590515137,2.885441541671753,0.0010135173797607422,0.023124955594539642,0.14473432302474976,0.9999680519104004
syco_bullshit_v2_fin_pnf_02,-C,False,17,1,0,True,True,-4.0,2.8864550590515137,2.8856112957000732,0.0008437633514404297,0.018924010917544365,0.1315063089132309,0.9999785423278809
syco_bullshit_v2_fin_pnf_02,-C,False,18,1,0,True,True,-4.0,2.8864550590515137,2.8868415355682373,0.0003864765167236328,0.01991776004433632,0.13619549572467804,0.9999762177467346
syco_bullshit_v2_fin_pnf_02,-C,False,19,1,0,True,True,-4.0,2.8864550590515137,2.8862648010253906,0.00019025802612304688,0.020274754613637924,0.13545583188533783,0.999975323677063
syco_bullshit_v2_fin_pnf_02,-C,False,20,1,0,True,True,-4.0,2.8864550590515137,2.8872125148773193,0.0007574558258056641,0.01924598403275013,0.13362766802310944,0.9999778270721436
syco_bullshit_v2_fin_pnf_02,-C,False,21,1,0,True,True,-4.0,2.8864550590515137,2.886739492416382,0.00028443336486816406,0.021430933848023415,0.13750217854976654,0.9999724626541138
syco_bullshit_v2_fin_pnf_02,-C,False,22,1,0,True,True,-4.0,2.8864550590515137,2.8860116004943848,0.00044345855712890625,0.022815899923443794,0.13630951941013336,0.9999686479568481
syco_bullshit_v2_fin_pnf_02,-C,False,23,1,0,True,True,-4.0,2.8864550590515137,2.8863754272460938,7.963180541992188e-05,0.020771490409970284,0.13199861347675323,0.9999741315841675
syco_bullshit_v2_fin_pnf_02,-C,False,24,1,0,True,True,-4.0,2.8864550590515137,2.8864593505859375,4.291534423828125e-06,0.020547132939100266,0.1274701952934265,0.9999747276306152
syco_bullshit_v2_fin_pnf_02,-C,False,25,1,0,True,True,-4.0,2.8864550590515137,2.886662244796753,0.0002071857452392578,0.021395854651927948,0.13251882791519165,0.9999725222587585
syco_bullshit_v2_fin_pnf_02,-C,False,26,1,0,True,True,-4.0,2.8864550590515137,2.88698673248291,0.0005316734313964844,0.020488187670707703,0.1322343796491623,0.9999748468399048
syco_bullshit_v2_fin_pnf_02,-C,False,27,1,0,True,True,-4.0,2.8864550590515137,2.8871803283691406,0.0007252693176269531,0.022135773673653603,0.14003285765647888,0.9999706745147705
syco_bullshit_v2_fin_pnf_02,-C,False,28,1,0,True,True,-4.0,2.8864550590515137,2.8875021934509277,0.0010471343994140625,0.022345682606101036,0.14045749604701996,0.9999701976776123
syco_bullshit_v2_fin_pnf_02,-C,False,29,1,0,True,True,-4.0,2.8864550590515137,2.8873555660247803,0.0009005069732666016,0.021480578929185867,0.13630516827106476,0.9999723434448242
syco_bullshit_v2_fin_pnf_02,-C,False,30,1,0,True,True,-4.0,2.8864550590515137,2.887077808380127,0.0006227493286132812,0.020876897498965263,0.1311844438314438,0.9999739527702332
syco_bullshit_v2_fin_pnf_02,-C,False,31,1,0,True,True,-4.0,2.8864550590515137,2.8869500160217285,0.0004949569702148438,0.020582381635904312,0.13999362289905548,0.9999746084213257
syco_bullshit_v2_fin_pnf_02,-C,False,32,1,0,True,True,-4.0,2.8864550590515137,2.8861958980560303,0.00025916099548339844,0.022618485614657402,0.13880573213100433,0.9999693632125854
syco_bullshit_v2_fin_pnf_02,-C,False,33,1,0,True,True,-4.0,2.8864550590515137,2.886500358581543,4.5299530029296875e-05,0.023048071190714836,0.14446793496608734,0.9999681115150452
syco_bullshit_v2_fin_pnf_02,-C,False,34,1,0,True,True,-4.0,2.8864550590515137,2.887141704559326,0.0006866455078125,0.021399270743131638,0.13886338472366333,0.9999725222587585
syco_bullshit_v2_fin_pnf_02,-C,False,35,1,0,True,True,-4.0,2.8864550590515137,2.886840343475342,0.000385284423828125,0.02048593945801258,0.1332831084728241,0.9999748468399048
syco_bullshit_v2_fin_pnf_02,-C,False,36,1,0,True,True,-4.0,2.8864550590515137,2.8861148357391357,0.0003402233123779297,0.022510433569550514,0.1423858255147934,0.999969482421875
syco_bullshit_v2_fin_pnf_02,-C,False,37,1,0,True,True,-4.0,2.8864550590515137,2.886207342147827,0.00024771690368652344,0.01974285952746868,0.1357445865869522,0.9999765753746033
syco_bullshit_v2_fin_pnf_02,-C,False,38,1,0,True,True,-4.0,2.8864550590515137,2.8867549896240234,0.0002999305725097656,0.020344775170087814,0.138583704829216,0.9999752044677734
syco_bullshit_v2_fin_pnf_02,-C,False,39,1,0,True,True,-4.0,2.8864550590515137,2.8862531185150146,0.00020194053649902344,0.02500366047024727,0.1451113522052765,0.9999625086784363
syco_bullshit_v2_fin_pnf_02,-C,False,40,1,0,True,True,-4.0,2.8864550590515137,2.886728525161743,0.0002734661102294922,0.0202312171459198,0.13498029112815857,0.9999754428863525
syco_bullshit_v2_fin_pnf_02,-C,False,41,1,0,True,True,-4.0,2.8864550590515137,2.886223554611206,0.0002315044403076172,0.020617879927158356,0.13405172526836395,0.9999744892120361
syco_bullshit_v2_fin_pnf_02,-C,False,42,1,0,True,True,-4.0,2.8864550590515137,2.8877298831939697,0.0012748241424560547,0.020035771653056145,0.1343049556016922,0.9999760389328003
syco_bullshit_v2_fin_pnf_02,-C,False,43,1,0,True,True,-4.0,2.8864550590515137,2.886143445968628,0.0003116130828857422,0.02230306714773178,0.14340515434741974,0.9999701976776123
syco_bullshit_v2_fin_pnf_02,-C,False,44,1,0,True,True,-4.0,2.8864550590515137,2.8862664699554443,0.00018858909606933594,0.022501341998577118,0.14380808174610138,0.9999696612358093
syco_bullshit_v2_fin_pnf_02,-C,False,45,1,0,True,True,-4.0,2.8864550590515137,2.886662244796753,0.0002071857452392578,0.021404245868325233,0.14119522273540497,0.9999726414680481
syco_bullshit_v2_fin_pnf_02,-C,False,46,1,0,True,True,-4.0,2.8864550590515137,2.8857316970825195,0.0007233619689941406,0.020552892237901688,0.1339496523141861,0.9999746680259705
syco_bullshit_v2_fin_pnf_02,-C,False,47,1,0,True,True,-4.0,2.8864550590515137,2.8867416381835938,0.0002865791320800781,0.020738178864121437,0.13658688962459564,0.999974250793457
syco_bullshit_v2_fin_pnf_02,-C,False,48,1,0,True,True,-4.0,2.8864550590515137,2.887005090713501,0.0005500316619873047,0.021165333688259125,0.13767611980438232,0.9999732971191406
syco_bullshit_v2_fin_pnf_02,-C,False,49,1,0,True,True,-4.0,2.8864550590515137,2.886964797973633,0.0005097389221191406,0.021222451701760292,0.14408473670482635,0.9999729990959167
syco_bullshit_v2_fin_pnf_02,-C,False,50,1,0,True,True,-4.0,2.8864550590515137,2.887875556945801,0.0014204978942871094,0.0214946698397398,0.14113926887512207,0.999972403049469
syco_bullshit_v2_fin_pnf_02,-C,False,51,1,0,True,True,-4.0,2.8864550590515137,2.8855056762695312,0.0009493827819824219,0.022889023646712303,0.14508970081806183,0.9999686479568481
syco_bullshit_v2_fin_pnf_02,-C,False,52,1,0,True,True,-4.0,2.8864550590515137,2.8862736225128174,0.00018143653869628906,0.02201017364859581,0.14048129320144653,0.9999709129333496
syco_bullshit_v2_fin_pnf_02,-C,False,53,1,0,True,True,-4.0,2.8864550590515137,2.887603282928467,0.001148223876953125,0.021629367023706436,0.13783620297908783,0.9999719262123108
syco_bullshit_v2_fin_pnf_02,-C,False,54,1,0,True,True,-4.0,2.8864550590515137,2.8870792388916016,0.0006241798400878906,0.022087790071964264,0.13956105709075928,0.9999707341194153
syco_bullshit_v2_fin_pnf_02,-C,False,55,1,0,True,True,-4.0,2.8864550590515137,2.8868772983551025,0.0004222393035888672,0.02419724315404892,0.14625705778598785,0.9999648928642273
syco_bullshit_v2_fin_pnf_02,-C,False,56,1,0,True,True,-4.0,2.8864550590515137,2.887110710144043,0.0006556510925292969,0.021438175812363625,0.1379748433828354,0.9999724626541138
syco_bullshit_v2_fin_pnf_02,-C,False,57,1,0,True,True,-4.0,2.8864550590515137,2.8861024379730225,0.00035262107849121094,0.021851222962141037,0.13935090601444244,0.9999713897705078
syco_bullshit_v2_fin_pnf_02,-C,False,58,1,0,True,True,-4.0,2.8864550590515137,2.885929822921753,0.0005252361297607422,0.02141851745545864,0.13854946196079254,0.9999725818634033
syco_bullshit_v2_fin_pnf_02,-C,False,59,1,0,True,True,-4.0,2.8864550590515137,2.8859879970550537,0.00046706199645996094,0.01948368363082409,0.13355694711208344,0.9999772310256958
syco_bullshit_v2_fin_pnf_02,-C,False,60,1,0,True,True,-4.0,2.8864550590515137,2.8849685192108154,0.0014865398406982422,0.023840339854359627,0.14778819680213928,0.999966025352478
syco_bullshit_v2_fin_pnf_02,-C,False,61,1,0,True,True,-4.0,2.8864550590515137,2.886308193206787,0.0001468658447265625,0.022944379597902298,0.1378754824399948,0.999968409538269
syco_bullshit_v2_fin_pnf_02,-C,False,62,1,0,True,True,-4.0,2.8864550590515137,2.88703989982605,0.0005848407745361328,0.02080346830189228,0.1328205019235611,0.9999741315841675
syco_bullshit_v2_fin_pnf_02,-C,False,63,1,0,True,True,-4.0,2.8864550590515137,2.887751579284668,0.0012965202331542969,0.019762735813856125,0.12700267136096954,0.9999767541885376
syco_bullshit_v2_fin_pnf_02,-C,False,64,1,0,True,True,-4.0,2.8864550590515137,2.8874404430389404,0.0009853839874267578,0.02525164745748043,0.1469624787569046,0.9999618530273438
syco_bullshit_v2_fin_pnf_02,-C,False,65,1,0,True,True,-4.0,2.8864550590515137,2.8859925270080566,0.00046253204345703125,0.021289251744747162,0.13797058165073395,0.9999728202819824
syco_bullshit_v2_fin_pnf_02,-C,False,66,1,0,True,True,-4.0,2.8864550590515137,2.8875010013580322,0.0010459423065185547,0.021377069875597954,0.13376985490322113,0.9999727010726929
syco_bullshit_v2_fin_pnf_02,-C,False,67,1,0,True,True,-4.0,2.8864550590515137,2.8873372077941895,0.0008821487426757812,0.024300456047058105,0.1450023502111435,0.9999646544456482
syco_bullshit_v2_fin_pnf_02,-C,False,68,1,0,True,True,-4.0,2.8864550590515137,2.887887716293335,0.001432657241821289,0.02578544244170189,0.14272938668727875,0.99996018409729
syco_bullshit_v2_fin_pnf_02,-C,False,69,1,0,True,True,-4.0,2.8864550590515137,2.886611223220825,0.00015616416931152344,0.021680431440472603,0.14039145410060883,0.9999718070030212
syco_bullshit_v2_fin_pnf_02,-C,False,70,1,0,True,True,-4.0,2.8864550590515137,2.8864169120788574,3.814697265625e-05,0.01994214579463005,0.1335020661354065,0.9999762177467346
syco_bullshit_v2_fin_pnf_02,-C,False,71,1,0,True,True,-4.0,2.8864550590515137,2.8866279125213623,0.0001728534698486328,0.022170547395944595,0.14258946478366852,0.999970555305481
syco_bullshit_v2_fin_pnf_02,-C,False,72,1,0,True,True,-4.0,2.8864550590515137,2.8861916065216064,0.00026345252990722656,0.022638622671365738,0.14520619809627533,0.9999692440032959
syco_bullshit_v2_fin_pnf_02,-C,False,73,1,0,True,True,-4.0,2.8864550590515137,2.886780023574829,0.0003249645233154297,0.02318226546049118,0.1422119289636612,0.9999677538871765
syco_bullshit_v2_fin_pnf_02,-C,False,74,1,0,True,True,-4.0,2.8864550590515137,2.887218475341797,0.0007634162902832031,0.02208089269697666,0.14086849987506866,0.9999707937240601
syco_bullshit_v2_fin_pnf_02,-C,False,75,1,0,True,True,-4.0,2.8864550590515137,2.8869621753692627,0.0005071163177490234,0.020472077652812004,0.13670982420444489,0.9999749064445496
syco_bullshit_v2_fin_pnf_02,-C,False,76,1,0,True,True,-4.0,2.8864550590515137,2.8871235847473145,0.0006685256958007812,0.024758385494351387,0.14125984907150269,0.9999632835388184
syco_bullshit_v2_fin_pnf_02,-C,False,77,1,0,True,True,-4.0,2.8864550590515137,2.886016368865967,0.000438690185546875,0.02106759510934353,0.13368992507457733,0.9999732971191406
syco_bullshit_v2_fin_pnf_02,-C,False,78,1,0,True,True,-4.0,2.8864550590515137,2.886063575744629,0.0003914833068847656,0.019923541694879532,0.12848155200481415,0.9999762177467346
syco_bullshit_v2_fin_pnf_02,-C,False,79,1,0,True,True,-4.0,2.8864550590515137,2.886176824569702,0.00027823448181152344,0.021740008145570755,0.13696658611297607,0.9999716877937317
syco_bullshit_v2_fin_pnf_02,-C,False,80,1,0,True,True,-4.0,2.8864550590515137,2.887253761291504,0.0007987022399902344,0.022304797545075417,0.13835035264492035,0.9999701976776123
syco_bullshit_v2_fin_pnf_02,-C,False,81,1,0,True,True,-4.0,2.8864550590515137,2.8860998153686523,0.0003552436828613281,0.021712692454457283,0.13866300880908966,0.9999717473983765
syco_bullshit_v2_fin_pnf_02,-C,False,82,1,0,True,True,-4.0,2.8864550590515137,2.887457847595215,0.0010027885437011719,0.021583743393421173,0.1403428316116333,0.9999721050262451
syco_bullshit_v2_fin_pnf_02,-C,False,83,1,0,True,True,-4.0,2.8864550590515137,2.8871335983276367,0.0006785392761230469,0.0199802964925766,0.1288096010684967,0.9999760389328003
syco_bullshit_v2_fin_pnf_02,-C,False,84,1,0,True,True,-4.0,2.8864550590515137,2.8863768577575684,7.82012939453125e-05,0.01971231773495674,0.13618133962154388,0.999976634979248
syco_bullshit_v2_fin_pnf_02,-C,False,85,1,0,True,True,-4.0,2.8864550590515137,2.8865790367126465,0.0001239776611328125,0.020921505987644196,0.1407344490289688,0.999973714351654
syco_bullshit_v2_fin_pnf_02,-C,False,86,1,0,True,True,-4.0,2.8864550590515137,2.8869731426239014,0.0005180835723876953,0.0229342058300972,0.14255858957767487,0.999968409538269
syco_bullshit_v2_fin_pnf_02,-C,False,87,1,0,True,True,-4.0,2.8864550590515137,2.8876287937164307,0.0011737346649169922,0.019836075603961945,0.13334165513515472,0.9999764561653137
syco_bullshit_v2_fin_pnf_02,-C,False,88,1,0,True,True,-4.0,2.8864550590515137,2.886915683746338,0.00046062469482421875,0.02066064067184925,0.13112090528011322,0.9999744296073914
syco_bullshit_v2_fin_pnf_02,-C,False,89,1,0,True,True,-4.0,2.8864550590515137,2.8872292041778564,0.0007741451263427734,0.02161259390413761,0.1390799731016159,0.9999720454216003
syco_bullshit_v2_fin_pnf_02,-C,False,90,1,0,True,True,-4.0,2.8864550590515137,2.8867087364196777,0.0002536773681640625,0.021193239837884903,0.14271511137485504,0.9999730587005615
syco_bullshit_v2_fin_pnf_02,-C,False,91,1,0,True,True,-4.0,2.8864550590515137,2.8862862586975098,0.00016880035400390625,0.020539013668894768,0.13517718017101288,0.9999747276306152
syco_bullshit_v2_fin_pnf_02,-C,False,92,1,0,True,True,-4.0,2.8864550590515137,2.886385440826416,6.961822509765625e-05,0.0162968710064888,0.11221276968717575,0.999984085559845
syco_bullshit_v2_fin_pnf_02,-C,False,93,1,0,True,True,-4.0,2.8864550590515137,2.8863871097564697,6.794929504394531e-05,0.0176877249032259,0.12353577464818954,0.9999813437461853
syco_bullshit_v2_phys_pnf_01,+C,False,0,73,72,True,True,4.0,2.8864550590515137,2.8860793113708496,0.0003757476806640625,0.02077363431453705,0.12950707972049713,0.9999741315841675
syco_bullshit_v2_phys_pnf_01,+C,False,1,1,0,True,True,4.0,2.8864550590515137,2.8876166343688965,0.0011615753173828125,0.019986001774668694,0.1321672648191452,0.9999761581420898
syco_bullshit_v2_phys_pnf_01,+C,False,2,1,0,True,True,4.0,2.8864550590515137,2.887706756591797,0.0012516975402832031,0.020699793472886086,0.13320715725421906,0.9999744296073914
syco_bullshit_v2_phys_pnf_01,+C,False,3,1,0,True,True,4.0,2.8864550590515137,2.886610507965088,0.00015544891357421875,0.021118924021720886,0.13394008576869965,0.9999732971191406
syco_bullshit_v2_phys_pnf_01,+C,False,4,1,0,True,True,4.0,2.8864550590515137,2.886467933654785,1.2874603271484375e-05,0.01952563226222992,0.12900392711162567,0.9999771118164062
syco_bullshit_v2_phys_pnf_01,+C,False,5,1,0,True,True,4.0,2.8864550590515137,2.8870890140533447,0.0006339550018310547,0.020287835970520973,0.13150127232074738,0.9999753832817078
syco_bullshit_v2_phys_pnf_01,+C,False,6,1,0,True,True,4.0,2.8864550590515137,2.887131452560425,0.0006763935089111328,0.023058375343680382,0.13979947566986084,0.9999681711196899
syco_bullshit_v2_phys_pnf_01,+C,False,7,1,0,True,True,4.0,2.8864550590515137,2.8860788345336914,0.0003762245178222656,0.02212507091462612,0.1425756961107254,0.9999706745147705
syco_bullshit_v2_phys_pnf_01,+C,False,8,1,0,True,True,4.0,2.8864550590515137,2.885988473892212,0.0004665851593017578,0.021138761192560196,0.1406201720237732,0.9999732375144958
syco_bullshit_v2_phys_pnf_01,+C,False,9,1,0,True,True,4.0,2.8864550590515137,2.8857429027557373,0.0007121562957763672,0.022406544536352158,0.1339128166437149,0.9999699592590332
syco_bullshit_v2_phys_pnf_01,+C,False,10,1,0,True,True,4.0,2.8864550590515137,2.8865017890930176,4.673004150390625e-05,0.019892536103725433,0.1294693797826767,0.999976396560669
syco_bullshit_v2_phys_pnf_01,+C,False,11,1,0,True,True,4.0,2.8864550590515137,2.886096715927124,0.00035834312438964844,0.017019344493746758,0.12565121054649353,0.9999826550483704
syco_bullshit_v2_phys_pnf_01,+C,False,12,1,0,True,True,4.0,2.8864550590515137,2.887047290802002,0.0005922317504882812,0.01999838650226593,0.13651160895824432,0.9999760985374451
syco_bullshit_v2_phys_pnf_01,+C,False,13,1,0,True,True,4.0,2.8864550590515137,2.8865654468536377,0.00011038780212402344,0.020433368161320686,0.14036963880062103,0.9999749660491943
syco_bullshit_v2_phys_pnf_01,+C,False,14,1,0,True,True,4.0,2.8864550590515137,2.886641263961792,0.0001862049102783203,0.02251042239367962,0.1382278949022293,0.9999696016311646
syco_bullshit_v2_phys_pnf_01,+C,False,15,1,0,True,True,4.0,2.8864550590515137,2.886206865310669,0.00024819374084472656,0.017752965912222862,0.12992453575134277,0.9999810457229614
syco_bullshit_v2_phys_pnf_01,+C,False,16,1,0,True,True,4.0,2.8864550590515137,2.886594295501709,0.0001392364501953125,0.01846776343882084,0.12193188071250916,0.9999794960021973
syco_bullshit_v2_phys_pnf_01,+C,False,17,1,0,True,True,4.0,2.8864550590515137,2.887665033340454,0.0012099742889404297,0.019706865772604942,0.12990038096904755,0.9999767541885376
syco_bullshit_v2_phys_pnf_01,+C,False,18,1,0,True,True,4.0,2.8864550590515137,2.886245012283325,0.00021004676818847656,0.019801393151283264,0.13192449510097504,0.9999764561653137
syco_bullshit_v2_phys_pnf_01,+C,False,19,1,0,True,True,4.0,2.8864550590515137,2.887455940246582,0.0010008811950683594,0.019508175551891327,0.12911105155944824,0.9999772310256958
syco_bullshit_v2_phys_pnf_01,+C,False,20,1,0,True,True,4.0,2.8864550590515137,2.885577440261841,0.0008776187896728516,0.020253043621778488,0.13482515513896942,0.9999754428863525
syco_bullshit_v2_phys_pnf_01,+C,False,21,1,0,True,True,4.0,2.8864550590515137,2.886030673980713,0.00042438507080078125,0.020119396969676018,0.13717040419578552,0.9999757409095764
syco_bullshit_v2_phys_pnf_01,+C,False,22,1,0,True,True,4.0,2.8864550590515137,2.886312961578369,0.00014209747314453125,0.022980988025665283,0.14140601456165314,0.9999683499336243
syco_bullshit_v2_phys_pnf_01,+C,False,23,1,0,True,True,4.0,2.8864550590515137,2.8881022930145264,0.0016472339630126953,0.02503247745335102,0.1402878612279892,0.9999626278877258
syco_bullshit_v2_phys_pnf_01,+C,False,24,1,0,True,True,4.0,2.8864550590515137,2.886784553527832,0.0003294944763183594,0.02003156580030918,0.1336386352777481,0.9999759197235107
syco_bullshit_v2_phys_pnf_01,+C,False,25,1,0,True,True,4.0,2.8864550590515137,2.8863282203674316,0.00012683868408203125,0.01940140314400196,0.13076116144657135,0.9999774694442749
syco_bullshit_v2_phys_pnf_01,+C,False,26,1,0,True,True,4.0,2.8864550590515137,2.886059284210205,0.00039577484130859375,0.021064098924398422,0.13326360285282135,0.9999733567237854
syco_bullshit_v2_phys_pnf_01,+C,False,27,1,0,True,True,4.0,2.8864550590515137,2.885981559753418,0.0004734992980957031,0.019913041964173317,0.12427570670843124,0.9999762177467346
syco_bullshit_v2_phys_pnf_01,+C,False,28,1,0,True,True,4.0,2.8864550590515137,2.886937141418457,0.0004820823669433594,0.02053777314722538,0.12013602256774902,0.9999747276306152
syco_bullshit_v2_phys_pnf_01,+C,False,29,1,0,True,True,4.0,2.8864550590515137,2.8870840072631836,0.0006289482116699219,0.021539900451898575,0.12884379923343658,0.9999723434448242
syco_bullshit_v2_phys_pnf_01,+C,False,30,1,0,True,True,4.0,2.8864550590515137,2.887514114379883,0.0010590553283691406,0.02044106461107731,0.1303749680519104,0.9999750256538391
syco_bullshit_v2_phys_pnf_01,+C,False,31,1,0,True,True,4.0,2.8864550590515137,2.885854721069336,0.0006003379821777344,0.020710842683911324,0.12187028676271439,0.999974250793457
syco_bullshit_v2_phys_pnf_01,+C,False,32,1,0,True,True,4.0,2.8864550590515137,2.886289358139038,0.00016570091247558594,0.022041112184524536,0.13128577172756195,0.9999708533287048
syco_bullshit_v2_phys_pnf_01,+C,False,33,1,0,True,True,4.0,2.8864550590515137,2.8868069648742676,0.00035190582275390625,0.022586790844798088,0.13707251846790314,0.9999694228172302
syco_bullshit_v2_phys_pnf_01,+C,False,34,1,0,True,True,4.0,2.8864550590515137,2.8864452838897705,9.775161743164062e-06,0.020099196583032608,0.13090677559375763,0.9999758005142212
syco_bullshit_v2_phys_pnf_01,+C,False,35,1,0,True,True,4.0,2.8864550590515137,2.887359857559204,0.0009047985076904297,0.021576298400759697,0.12881538271903992,0.9999720454216003
syco_bullshit_v2_phys_pnf_01,+C,False,36,1,0,True,True,4.0,2.8864550590515137,2.8859643936157227,0.0004906654357910156,0.02145395614206791,0.12900801002979279,0.9999723434448242
syco_bullshit_v2_phys_pnf_01,+C,False,37,1,0,True,True,4.0,2.8864550590515137,2.8861680030822754,0.00028705596923828125,0.020863840356469154,0.1358846127986908,0.9999738931655884
syco_bullshit_v2_phys_pnf_01,+C,False,38,1,0,True,True,4.0,2.8864550590515137,2.8883838653564453,0.0019288063049316406,0.025586778298020363,0.141492560505867,0.9999609589576721
syco_bullshit_v2_phys_pnf_01,+C,False,39,1,0,True,True,4.0,2.8864550590515137,2.8867647647857666,0.0003097057342529297,0.02128329686820507,0.13322947919368744,0.9999728798866272
syco_bullshit_v2_phys_pnf_01,+C,False,40,1,0,True,True,4.0,2.8864550590515137,2.885683298110962,0.0007717609405517578,0.020073041319847107,0.13001392781734467,0.9999758005142212
syco_bullshit_v2_phys_pnf_01,+C,False,41,1,0,True,True,4.0,2.8864550590515137,2.8878774642944336,0.0014224052429199219,0.021678688004612923,0.14173069596290588,0.9999720454216003
syco_bullshit_v2_phys_pnf_01,+C,False,42,1,0,True,True,4.0,2.8864550590515137,2.8859899044036865,0.00046515464782714844,0.02179831825196743,0.14440853893756866,0.9999715685844421
syco_bullshit_v2_phys_pnf_01,+C,False,43,1,0,True,True,4.0,2.8864550590515137,2.8872451782226562,0.0007901191711425781,0.02061772346496582,0.13348150253295898,0.9999746084213257
syco_bullshit_v2_phys_pnf_01,+C,False,44,1,0,True,True,4.0,2.8864550590515137,2.8857297897338867,0.0007252693176269531,0.020681031048297882,0.13570638000965118,0.9999743700027466
syco_bullshit_v2_phys_pnf_01,+C,False,45,1,0,True,True,4.0,2.8864550590515137,2.8866817951202393,0.00022673606872558594,0.022914331406354904,0.1432240903377533,0.9999685883522034
syco_bullshit_v2_phys_pnf_01,+C,False,46,1,0,True,True,4.0,2.8864550590515137,2.886049270629883,0.0004057884216308594,0.01984814926981926,0.13661040365695953,0.999976396560669
syco_bullshit_v2_phys_pnf_01,+C,False,47,1,0,True,True,4.0,2.8864550590515137,2.8867273330688477,0.0002722740173339844,0.021914852783083916,0.1418525129556656,0.9999711513519287
syco_bullshit_v2_phys_pnf_01,+C,False,48,1,0,True,True,4.0,2.8864550590515137,2.887179136276245,0.0007240772247314453,0.019682567566633224,0.13288234174251556,0.9999767541885376
syco_bullshit_v2_phys_pnf_01,+C,False,49,1,0,True,True,4.0,2.8864550590515137,2.887133836746216,0.0006787776947021484,0.02107982151210308,0.140577495098114,0.9999734163284302
syco_bullshit_v2_phys_pnf_01,+C,False,50,1,0,True,True,4.0,2.8864550590515137,2.886146306991577,0.00030875205993652344,0.021146591752767563,0.1358710378408432,0.9999731779098511
syco_bullshit_v2_phys_pnf_01,+C,False,51,1,0,True,True,4.0,2.8864550590515137,2.88630747795105,0.0001475811004638672,0.018555957823991776,0.12565039098262787,0.9999793767929077
syco_bullshit_v2_phys_pnf_01,+C,False,52,1,0,True,True,4.0,2.8864550590515137,2.8864946365356445,3.9577484130859375e-05,0.02043868601322174,0.13715678453445435,0.9999750852584839
syco_bullshit_v2_phys_pnf_01,+C,False,53,1,0,True,True,4.0,2.8864550590515137,2.88653302192688,7.796287536621094e-05,0.02060147002339363,0.13369713723659515,0.9999746084213257
syco_bullshit_v2_phys_pnf_01,+C,False,54,1,0,True,True,4.0,2.8864550590515137,2.887176036834717,0.000720977783203125,0.021843861788511276,0.1338190883398056,0.9999715089797974
syco_bullshit_v2_phys_pnf_01,+C,False,55,1,0,True,True,4.0,2.8864550590515137,2.886462926864624,7.867813110351562e-06,0.02221181057393551,0.14145898818969727,0.9999704360961914
syco_bullshit_v2_phys_pnf_01,+C,False,56,1,0,True,True,4.0,2.8864550590515137,2.8862791061401367,0.00017595291137695312,0.02216423861682415,0.13512124121189117,0.9999704360961914
syco_bullshit_v2_phys_pnf_01,+C,False,57,1,0,True,True,4.0,2.8864550590515137,2.886657238006592,0.000202178955078125,0.018935132771730423,0.12477593868970871,0.9999784827232361
syco_bullshit_v2_phys_pnf_01,+C,False,58,1,0,True,True,4.0,2.8864550590515137,2.887058973312378,0.0006039142608642578,0.020998528227210045,0.13283541798591614,0.9999735951423645
syco_bullshit_v2_phys_pnf_01,+C,False,59,1,0,True,True,4.0,2.8864550590515137,2.8861773014068604,0.0002777576446533203,0.02178284153342247,0.1350620836019516,0.9999715685844421
syco_bullshit_v2_phys_pnf_01,+C,False,60,1,0,True,True,4.0,2.8864550590515137,2.886460065841675,5.0067901611328125e-06,0.021786753088235855,0.13880454003810883,0.9999715089797974
syco_bullshit_v2_phys_pnf_01,+C,False,61,1,0,True,True,4.0,2.8864550590515137,2.8869359493255615,0.00048089027404785156,0.022529873996973038,0.13400013744831085,0.9999696016311646
syco_bullshit_v2_phys_pnf_01,+C,False,62,1,0,True,True,4.0,2.8864550590515137,2.8866450786590576,0.0001900196075439453,0.017522450536489487,0.12253350019454956,0.9999816417694092
syco_bullshit_v2_phys_pnf_01,+C,False,63,1,0,True,True,4.0,2.8864550590515137,2.8869664669036865,0.0005114078521728516,0.020662052556872368,0.1335708647966385,0.9999744296073914
syco_bullshit_v2_phys_pnf_01,+C,False,64,1,0,True,True,4.0,2.8864550590515137,2.8875694274902344,0.0011143684387207031,0.02103121019899845,0.13740913569927216,0.9999735355377197
syco_bullshit_v2_phys_pnf_01,+C,False,65,1,0,True,True,4.0,2.8864550590515137,2.88724684715271,0.0007917881011962891,0.02034853585064411,0.13331936299800873,0.9999752640724182
syco_bullshit_v2_phys_pnf_01,+C,False,66,1,0,True,True,4.0,2.8864550590515137,2.8863656520843506,8.940696716308594e-05,0.022518087178468704,0.13766926527023315,0.9999696016311646
syco_bullshit_v2_phys_pnf_01,+C,False,67,1,0,True,True,4.0,2.8864550590515137,2.887413263320923,0.0009582042694091797,0.019518211483955383,0.1331653743982315,0.9999772310256958
syco_bullshit_v2_phys_pnf_01,+C,False,68,1,0,True,True,4.0,2.8864550590515137,2.8857970237731934,0.0006580352783203125,0.01988377794623375,0.13711115717887878,0.9999763369560242
syco_bullshit_v2_phys_pnf_01,+C,False,69,1,0,True,True,4.0,2.8864550590515137,2.885859251022339,0.0005958080291748047,0.023125633597373962,0.14645983278751373,0.9999679327011108
syco_bullshit_v2_phys_pnf_01,+C,False,70,1,0,True,True,4.0,2.8864550590515137,2.8877832889556885,0.0013282299041748047,0.020269881933927536,0.13264285027980804,0.9999755620956421
syco_bullshit_v2_phys_pnf_01,+C,False,71,1,0,True,True,4.0,2.8864550590515137,2.886439085006714,1.5974044799804688e-05,0.017749754711985588,0.12366871535778046,0.9999810457229614
syco_bullshit_v2_phys_pnf_01,+C,False,72,1,0,True,True,4.0,2.8864550590515137,2.8859992027282715,0.0004558563232421875,0.02255997434258461,0.13619951903820038,0.9999694228172302
syco_bullshit_v2_phys_pnf_01,+C,False,73,1,0,True,True,4.0,2.8864550590515137,2.8872711658477783,0.0008161067962646484,0.019633088260889053,0.13358113169670105,0.9999769330024719
syco_bullshit_v2_phys_pnf_01,+C,False,74,1,0,True,True,4.0,2.8864550590515137,2.886441946029663,1.3113021850585938e-05,0.02078087627887726,0.13714468479156494,0.9999741315841675
syco_bullshit_v2_phys_pnf_01,+C,False,75,1,0,True,True,4.0,2.8864550590515137,2.8863823413848877,7.271766662597656e-05,0.024109473451972008,0.14513811469078064,0.9999651312828064
syco_bullshit_v2_phys_pnf_01,+C,False,76,1,0,True,True,4.0,2.8864550590515137,2.886300802230835,0.00015425682067871094,0.018299641087651253,0.13325543701648712,0.9999799132347107
syco_bullshit_v2_phys_pnf_01,+C,False,77,1,0,True,True,4.0,2.8864550590515137,2.886929512023926,0.0004744529724121094,0.01983865536749363,0.1383560746908188,0.999976396560669
syco_bullshit_v2_phys_pnf_01,+C,False,78,1,0,True,True,4.0,2.8864550590515137,2.887493133544922,0.0010380744934082031,0.02467689849436283,0.15407977998256683,0.9999635815620422
syco_bullshit_v2_phys_pnf_01,+C,False,79,1,0,True,True,4.0,2.8864550590515137,2.8872766494750977,0.0008215904235839844,0.025505509227514267,0.13841858506202698,0.9999611377716064
syco_bullshit_v2_phys_pnf_01,+C,False,80,1,0,True,True,4.0,2.8864550590515137,2.887390613555908,0.0009355545043945312,0.01582030951976776,0.1129554808139801,0.9999850392341614
syco_bullshit_v2_phys_pnf_01,+C,False,81,1,0,True,True,4.0,2.8864550590515137,2.886396884918213,5.817413330078125e-05,0.01767779141664505,0.12094803899526596,0.9999812841415405
syco_bullshit_v2_phys_pnf_01,-C,False,0,73,72,True,True,-4.0,2.8864550590515137,2.887115001678467,0.000659942626953125,0.019694168120622635,0.12950707972049713,0.9999768137931824
syco_bullshit_v2_phys_pnf_01,-C,False,1,1,0,True,True,-4.0,2.8864550590515137,2.885904312133789,0.0005507469177246094,0.02081925980746746,0.1321672648191452,0.9999740123748779
syco_bullshit_v2_phys_pnf_01,-C,False,2,1,0,True,True,-4.0,2.8864550590515137,2.886702537536621,0.0002474784851074219,0.020351648330688477,0.13320715725421906,0.9999752044677734
syco_bullshit_v2_phys_pnf_01,-C,False,3,1,0,True,True,-4.0,2.8864550590515137,2.8866050243377686,0.0001499652862548828,0.021542901173233986,0.13394008576869965,0.9999721646308899
syco_bullshit_v2_phys_pnf_01,-C,False,4,1,0,True,True,-4.0,2.8864550590515137,2.886270761489868,0.0001842975616455078,0.017011821269989014,0.1252082735300064,0.9999827146530151
syco_bullshit_v2_phys_pnf_01,-C,False,5,1,0,True,True,-4.0,2.8864550590515137,2.8863978385925293,5.7220458984375e-05,0.019946087151765823,0.13158488273620605,0.9999761581420898
syco_bullshit_v2_phys_pnf_01,-C,False,6,1,0,True,True,-4.0,2.8864550590515137,2.885270833969116,0.001184225082397461,0.022809050977230072,0.13987639546394348,0.9999688863754272
syco_bullshit_v2_phys_pnf_01,-C,False,7,1,0,True,True,-4.0,2.8864550590515137,2.885939836502075,0.0005152225494384766,0.022371266037225723,0.14228501915931702,0.9999700784683228
syco_bullshit_v2_phys_pnf_01,-C,False,8,1,0,True,True,-4.0,2.8864550590515137,2.886765718460083,0.00031065940856933594,0.021184081211686134,0.1405121237039566,0.9999731779098511
syco_bullshit_v2_phys_pnf_01,-C,False,9,1,0,True,True,-4.0,2.8864550590515137,2.8860273361206055,0.0004277229309082031,0.022911112755537033,0.1345394104719162,0.9999685287475586
syco_bullshit_v2_phys_pnf_01,-C,False,10,1,0,True,True,-4.0,2.8864550590515137,2.8862476348876953,0.00020742416381835938,0.02023732289671898,0.13109777867794037,0.9999754428863525
syco_bullshit_v2_phys_pnf_01,-C,False,11,1,0,True,True,-4.0,2.8864550590515137,2.887317657470703,0.0008625984191894531,0.01781264692544937,0.12438442558050156,0.9999810457229614
syco_bullshit_v2_phys_pnf_01,-C,False,12,1,0,True,True,-4.0,2.8864550590515137,2.8868744373321533,0.00041937828063964844,0.019124425947666168,0.13211385905742645,0.9999780654907227
syco_bullshit_v2_phys_pnf_01,-C,False,13,1,0,True,True,-4.0,2.8864550590515137,2.8866631984710693,0.00020813941955566406,0.022179126739501953,0.14581359922885895,0.999970555305481
syco_bullshit_v2_phys_pnf_01,-C,False,14,1,0,True,True,-4.0,2.8864550590515137,2.887097120285034,0.0006420612335205078,0.022484375163912773,0.1403139978647232,0.9999697804450989
syco_bullshit_v2_phys_pnf_01,-C,False,15,1,0,True,True,-4.0,2.8864550590515137,2.8876419067382812,0.0011868476867675781,0.021500518545508385,0.12672646343708038,0.9999723434448242
syco_bullshit_v2_phys_pnf_01,-C,False,16,1,0,True,True,-4.0,2.8864550590515137,2.885951280593872,0.0005037784576416016,0.020544296130537987,0.1247960701584816,0.9999746680259705
syco_bullshit_v2_phys_pnf_01,-C,False,17,1,0,True,True,-4.0,2.8864550590515137,2.887212038040161,0.0007569789886474609,0.022804491221904755,0.13369588553905487,0.9999688267707825
syco_bullshit_v2_phys_pnf_01,-C,False,18,1,0,True,True,-4.0,2.8864550590515137,2.886935234069824,0.0004801750183105469,0.0217436570674181,0.1411958783864975,0.9999716281890869
syco_bullshit_v2_phys_pnf_01,-C,False,19,1,0,True,True,-4.0,2.8864550590515137,2.8860437870025635,0.0004112720489501953,0.022626016288995743,0.1438056379556656,0.9999693632125854
syco_bullshit_v2_phys_pnf_01,-C,False,20,1,0,True,True,-4.0,2.8864550590515137,2.8860831260681152,0.0003719329833984375,0.019052919000387192,0.1328130066394806,0.9999781847000122
syco_bullshit_v2_phys_pnf_01,-C,False,21,1,0,True,True,-4.0,2.8864550590515137,2.886866807937622,0.00041174888610839844,0.01811133325099945,0.12703588604927063,0.9999803304672241
syco_bullshit_v2_phys_pnf_01,-C,False,22,1,0,True,True,-4.0,2.8864550590515137,2.8874728679656982,0.0010178089141845703,0.02243206836283207,0.14517904818058014,0.9999698996543884
syco_bullshit_v2_phys_pnf_01,-C,False,23,1,0,True,True,-4.0,2.8864550590515137,2.8860414028167725,0.00041365623474121094,0.021265650168061256,0.1406957358121872,0.9999728202819824
syco_bullshit_v2_phys_pnf_01,-C,False,24,1,0,True,True,-4.0,2.8864550590515137,2.8859384059906006,0.0005166530609130859,0.021484967321157455,0.14196538925170898,0.9999723434448242
syco_bullshit_v2_phys_pnf_01,-C,False,25,1,0,True,True,-4.0,2.8864550590515137,2.886334180831909,0.00012087821960449219,0.021764202043414116,0.14115838706493378,0.9999716281890869
syco_bullshit_v2_phys_pnf_01,-C,False,26,1,0,True,True,-4.0,2.8864550590515137,2.8868701457977295,0.0004150867462158203,0.021361524239182472,0.13880698382854462,0.9999726414680481
syco_bullshit_v2_phys_pnf_01,-C,False,27,1,0,True,True,-4.0,2.8864550590515137,2.8870229721069336,0.0005679130554199219,0.018358591943979263,0.12782089412212372,0.9999798536300659
syco_bullshit_v2_phys_pnf_01,-C,False,28,1,0,True,True,-4.0,2.8864550590515137,2.887364149093628,0.0009090900421142578,0.021607955917716026,0.14224442839622498,0.9999720454216003
syco_bullshit_v2_phys_pnf_01,-C,False,29,1,0,True,True,-4.0,2.8864550590515137,2.8855233192443848,0.0009317398071289062,0.02352495864033699,0.14582587778568268,0.9999669194221497
syco_bullshit_v2_phys_pnf_01,-C,False,30,1,0,True,True,-4.0,2.8864550590515137,2.8870227336883545,0.0005676746368408203,0.01975194551050663,0.1321418136358261,0.999976634979248
syco_bullshit_v2_phys_pnf_01,-C,False,31,1,0,True,True,-4.0,2.8864550590515137,2.8872947692871094,0.0008397102355957031,0.01982637494802475,0.14372394979000092,0.999976396560669
syco_bullshit_v2_phys_pnf_01,-C,False,32,1,0,True,True,-4.0,2.8864550590515137,2.886721611022949,0.0002665519714355469,0.023630546405911446,0.14455391466617584,0.999966561794281
syco_bullshit_v2_phys_pnf_01,-C,False,33,1,0,True,True,-4.0,2.8864550590515137,2.8862736225128174,0.00018143653869628906,0.022632509469985962,0.13990239799022675,0.9999693036079407
syco_bullshit_v2_phys_pnf_01,-C,False,34,1,0,True,True,-4.0,2.8864550590515137,2.8874542713165283,0.0009992122650146484,0.025833241641521454,0.14364628493785858,0.9999600052833557
syco_bullshit_v2_phys_pnf_01,-C,False,35,1,0,True,True,-4.0,2.8864550590515137,2.885519027709961,0.0009360313415527344,0.020115314051508904,0.1309392899274826,0.999975860118866
syco_bullshit_v2_phys_pnf_01,-C,False,36,1,0,True,True,-4.0,2.8864550590515137,2.8864593505859375,4.291534423828125e-06,0.02000635489821434,0.13076762855052948,0.9999760389328003
syco_bullshit_v2_phys_pnf_01,-C,False,37,1,0,True,True,-4.0,2.8864550590515137,2.886178493499756,0.0002765655517578125,0.02224656008183956,0.1454484462738037,0.9999703168869019
syco_bullshit_v2_phys_pnf_01,-C,False,38,1,0,True,True,-4.0,2.8864550590515137,2.886525869369507,7.081031799316406e-05,0.01978188194334507,0.13385403156280518,0.9999765753746033
syco_bullshit_v2_phys_pnf_01,-C,False,39,1,0,True,True,-4.0,2.8864550590515137,2.886429786682129,2.5272369384765625e-05,0.0176444910466671,0.1265135556459427,0.9999814033508301
syco_bullshit_v2_phys_pnf_01,-C,False,40,1,0,True,True,-4.0,2.8864550590515137,2.8872039318084717,0.0007488727569580078,0.019028227776288986,0.1318579763174057,0.9999783039093018
syco_bullshit_v2_phys_pnf_01,-C,False,41,1,0,True,True,-4.0,2.8864550590515137,2.886005401611328,0.0004496574401855469,0.01893756166100502,0.13039536774158478,0.9999785423278809
syco_bullshit_v2_phys_pnf_01,-C,False,42,1,0,True,True,-4.0,2.8864550590515137,2.8857414722442627,0.0007135868072509766,0.021112872287631035,0.141786590218544,0.9999732971191406
syco_bullshit_v2_phys_pnf_01,-C,False,43,1,0,True,True,-4.0,2.8864550590515137,2.888012647628784,0.0015575885772705078,0.021186862140893936,0.13628612458705902,0.9999732971191406
syco_bullshit_v2_phys_pnf_01,-C,False,44,1,0,True,True,-4.0,2.8864550590515137,2.8869857788085938,0.0005307197570800781,0.01992148719727993,0.13512510061264038,0.9999762177467346
syco_bullshit_v2_phys_pnf_01,-C,False,45,1,0,True,True,-4.0,2.8864550590515137,2.8874247074127197,0.0009696483612060547,0.018423432484269142,0.1333426535129547,0.9999796748161316
syco_bullshit_v2_phys_pnf_01,-C,False,46,1,0,True,True,-4.0,2.8864550590515137,2.8877174854278564,0.0012624263763427734,0.020642796531319618,0.1402597576379776,0.9999746680259705
syco_bullshit_v2_phys_pnf_01,-C,False,47,1,0,True,True,-4.0,2.8864550590515137,2.88623046875,0.00022459030151367188,0.022044137120246887,0.14595194160938263,0.9999708533287048
syco_bullshit_v2_phys_pnf_01,-C,False,48,1,0,True,True,-4.0,2.8864550590515137,2.886091947555542,0.0003631114959716797,0.020103037357330322,0.13633979856967926,0.9999758005142212
syco_bullshit_v2_phys_pnf_01,-C,False,49,1,0,True,True,-4.0,2.8864550590515137,2.8870699405670166,0.0006148815155029297,0.01811724528670311,0.12528187036514282,0.9999803900718689
syco_bullshit_v2_phys_pnf_01,-C,False,50,1,0,True,True,-4.0,2.8864550590515137,2.886930227279663,0.00047516822814941406,0.02176511473953724,0.1385861039161682,0.9999716281890869
syco_bullshit_v2_phys_pnf_01,-C,False,51,1,0,True,True,-4.0,2.8864550590515137,2.8864362239837646,1.8835067749023438e-05,0.02151966467499733,0.1401994675397873,0.9999721646308899
syco_bullshit_v2_phys_pnf_01,-C,False,52,1,0,True,True,-4.0,2.8864550590515137,2.886793375015259,0.0003383159637451172,0.021128538995981216,0.13745734095573425,0.9999731779098511
syco_bullshit_v2_phys_pnf_01,-C,False,53,1,0,True,True,-4.0,2.8864550590515137,2.8862662315368652,0.0001888275146484375,0.020013270899653435,0.1315452605485916,0.9999759793281555
syco_bullshit_v2_phys_pnf_01,-C,False,54,1,0,True,True,-4.0,2.8864550590515137,2.887233257293701,0.0007781982421875,0.023140134289860725,0.14314745366573334,0.9999678730964661
syco_bullshit_v2_phys_pnf_01,-C,False,55,1,0,True,True,-4.0,2.8864550590515137,2.886624336242676,0.00016927719116210938,0.020083127543330193,0.13795287907123566,0.999975860118866
syco_bullshit_v2_phys_pnf_01,-C,False,56,1,0,True,True,-4.0,2.8864550590515137,2.8864731788635254,1.811981201171875e-05,0.021117165684700012,0.14272992312908173,0.9999732971191406
syco_bullshit_v2_phys_pnf_01,-C,False,57,1,0,True,True,-4.0,2.8864550590515137,2.886064052581787,0.0003910064697265625,0.019024265930056572,0.13231155276298523,0.9999783039093018
syco_bullshit_v2_phys_pnf_01,-C,False,58,1,0,True,True,-4.0,2.8864550590515137,2.886131525039673,0.0003235340118408203,0.020894011482596397,0.13354165852069855,0.9999738931655884
syco_bullshit_v2_phys_pnf_01,-C,False,59,1,0,True,True,-4.0,2.8864550590515137,2.8852503299713135,0.0012047290802001953,0.021224593743681908,0.13948994874954224,0.9999729990959167
syco_bullshit_v2_phys_pnf_01,-C,False,60,1,0,True,True,-4.0,2.8864550590515137,2.8876025676727295,0.0011475086212158203,0.019961176440119743,0.13339173793792725,0.9999761581420898
syco_bullshit_v2_phys_pnf_01,-C,False,61,1,0,True,True,-4.0,2.8864550590515137,2.8865630626678467,0.00010800361633300781,0.023424994200468063,0.15050823986530304,0.999967098236084
syco_bullshit_v2_phys_pnf_01,-C,False,62,1,0,True,True,-4.0,2.8864550590515137,2.886502265930176,4.7206878662109375e-05,0.02054409682750702,0.14015987515449524,0.9999747276306152
syco_bullshit_v2_phys_pnf_01,-C,False,63,1,0,True,True,-4.0,2.8864550590515137,2.8865435123443604,8.845329284667969e-05,0.017968736588954926,0.12977178394794464,0.9999806880950928
syco_bullshit_v2_phys_pnf_01,-C,False,64,1,0,True,True,-4.0,2.8864550590515137,2.8856451511383057,0.0008099079132080078,0.022072559222579002,0.14113084971904755,0.9999708533287048
syco_bullshit_v2_phys_pnf_01,-C,False,65,1,0,True,True,-4.0,2.8864550590515137,2.8868541717529297,0.0003991127014160156,0.02187349647283554,0.1499067097902298,0.9999712705612183
syco_bullshit_v2_phys_pnf_01,-C,False,66,1,0,True,True,-4.0,2.8864550590515137,2.8863468170166016,0.00010824203491210938,0.021134406328201294,0.14343202114105225,0.9999731779098511
syco_bullshit_v2_phys_pnf_01,-C,False,67,1,0,True,True,-4.0,2.8864550590515137,2.8868770599365234,0.0004220008850097656,0.020850002765655518,0.13965989649295807,0.9999738931655884
syco_bullshit_v2_phys_pnf_01,-C,False,68,1,0,True,True,-4.0,2.8864550590515137,2.8855512142181396,0.0009038448333740234,0.02028643898665905,0.13815546035766602,0.999975323677063
syco_bullshit_v2_phys_pnf_01,-C,False,69,1,0,True,True,-4.0,2.8864550590515137,2.88592267036438,0.0005323886871337891,0.020670365542173386,0.13946111500263214,0.9999744296073914
syco_bullshit_v2_phys_pnf_01,-C,False,70,1,0,True,True,-4.0,2.8864550590515137,2.8870551586151123,0.0006000995635986328,0.02339342050254345,0.14290957152843475,0.9999672174453735
syco_bullshit_v2_phys_pnf_01,-C,False,71,1,0,True,True,-4.0,2.8864550590515137,2.886610269546509,0.0001552104949951172,0.024656737223267555,0.14845125377178192,0.999963641166687
syco_bullshit_v2_phys_pnf_01,-C,False,72,1,0,True,True,-4.0,2.8864550590515137,2.8868520259857178,0.00039696693420410156,0.02060474455356598,0.13986898958683014,0.9999744892120361
syco_bullshit_v2_phys_pnf_01,-C,False,73,1,0,True,True,-4.0,2.8864550590515137,2.8862862586975098,0.00016880035400390625,0.021758977323770523,0.1424846351146698,0.9999716877937317
syco_bullshit_v2_phys_pnf_01,-C,False,74,1,0,True,True,-4.0,2.8864550590515137,2.8864524364471436,2.6226043701171875e-06,0.020254654809832573,0.1340818554162979,0.999975323677063
syco_bullshit_v2_phys_pnf_01,-C,False,75,1,0,True,True,-4.0,2.8864550590515137,2.8869335651397705,0.00047850608825683594,0.020573299378156662,0.14068517088890076,0.9999747276306152
syco_bullshit_v2_phys_pnf_01,-C,False,76,1,0,True,True,-4.0,2.8864550590515137,2.886626958847046,0.00017189979553222656,0.02096024714410305,0.13856971263885498,0.9999736547470093
syco_bullshit_v2_phys_pnf_01,-C,False,77,1,0,True,True,-4.0,2.8864550590515137,2.887798547744751,0.0013434886932373047,0.025182483717799187,0.13965292274951935,0.9999620914459229
syco_bullshit_v2_phys_pnf_01,-C,False,78,1,0,True,True,-4.0,2.8864550590515137,2.8872125148773193,0.0007574558258056641,0.016497774049639702,0.11300336569547653,0.9999837875366211
syco_bullshit_v2_phys_pnf_01,-C,False,79,1,0,True,True,-4.0,2.8864550590515137,2.8865270614624023,7.200241088867188e-05,0.015882017090916634,0.11746257543563843,0.999984860420227
syco_bullshit_v2_phys_pnf_02,+C,False,0,80,79,True,True,4.0,2.8864550590515137,2.886162519454956,0.0002925395965576172,0.019746720790863037,0.12959104776382446,0.999976634979248
syco_bullshit_v2_phys_pnf_02,+C,False,1,1,0,True,True,4.0,2.8864550590515137,2.8869740962982178,0.0005190372467041016,0.018587538972496986,0.12754662334918976,0.9999792575836182
syco_bullshit_v2_phys_pnf_02,+C,False,2,1,0,True,True,4.0,2.8864550590515137,2.8868837356567383,0.0004286766052246094,0.020789846777915955,0.13277439773082733,0.9999741315841675
syco_bullshit_v2_phys_pnf_02,+C,False,3,1,0,True,True,4.0,2.8864550590515137,2.8862338066101074,0.00022125244140625,0.022049574181437492,0.14412756264209747,0.9999708533287048
syco_bullshit_v2_phys_pnf_02,+C,False,4,1,0,True,True,4.0,2.8864550590515137,2.8863744735717773,8.058547973632812e-05,0.02341454289853573,0.14424937963485718,0.999967098236084
syco_bullshit_v2_phys_pnf_02,+C,False,5,1,0,True,True,4.0,2.8864550590515137,2.8868441581726074,0.00038909912109375,0.019573446363210678,0.1314680278301239,0.9999770522117615
syco_bullshit_v2_phys_pnf_02,+C,False,6,1,0,True,True,4.0,2.8864550590515137,2.887340784072876,0.0008857250213623047,0.02208583615720272,0.14268247783184052,0.9999707937240601
syco_bullshit_v2_phys_pnf_02,+C,False,7,1,0,True,True,4.0,2.8864550590515137,2.8871946334838867,0.0007395744323730469,0.022830422967672348,0.14396490156650543,0.9999687671661377
syco_bullshit_v2_phys_pnf_02,+C,False,8,1,0,True,True,4.0,2.8864550590515137,2.8859102725982666,0.0005447864532470703,0.02036035805940628,0.13241468369960785,0.9999751448631287
syco_bullshit_v2_phys_pnf_02,+C,False,9,1,0,True,True,4.0,2.8864550590515137,2.886145830154419,0.00030922889709472656,0.021442793309688568,0.14313329756259918,0.999972403049469
syco_bullshit_v2_phys_pnf_02,+C,False,10,1,0,True,True,4.0,2.8864550590515137,2.8872551918029785,0.0008001327514648438,0.02364857867360115,0.14446014165878296,0.999966561794281
syco_bullshit_v2_phys_pnf_02,+C,False,11,1,0,True,True,4.0,2.8864550590515137,2.886270523071289,0.00018453598022460938,0.020928502082824707,0.13953237235546112,0.9999737739562988
syco_bullshit_v2_phys_pnf_02,+C,False,12,1,0,True,True,4.0,2.8864550590515137,2.8866422176361084,0.00018715858459472656,0.021263789385557175,0.13681982457637787,0.999972939491272
syco_bullshit_v2_phys_pnf_02,+C,False,13,1,0,True,True,4.0,2.8864550590515137,2.8869800567626953,0.0005249977111816406,0.022587938234210014,0.1404200941324234,0.9999693632125854
syco_bullshit_v2_phys_pnf_02,+C,False,14,1,0,True,True,4.0,2.8864550590515137,2.8847901821136475,0.001664876937866211,0.021887851879000664,0.14448612928390503,0.9999715089797974
syco_bullshit_v2_phys_pnf_02,+C,False,15,1,0,True,True,4.0,2.8864550590515137,2.8857007026672363,0.0007543563842773438,0.023836877197027206,0.14322741329669952,0.9999659657478333
syco_bullshit_v2_phys_pnf_02,+C,False,16,1,0,True,True,4.0,2.8864550590515137,2.886758804321289,0.0003037452697753906,0.020500119775533676,0.13916759192943573,0.99997478723526
syco_bullshit_v2_phys_pnf_02,+C,False,17,1,0,True,True,4.0,2.8864550590515137,2.8876149654388428,0.0011599063873291016,0.020611198619008064,0.13248753547668457,0.9999746084213257
syco_bullshit_v2_phys_pnf_02,+C,False,18,1,0,True,True,4.0,2.8864550590515137,2.8863985538482666,5.650520324707031e-05,0.020765909925103188,0.1315711885690689,0.9999741911888123
syco_bullshit_v2_phys_pnf_02,+C,False,19,1,0,True,True,4.0,2.8864550590515137,2.886507987976074,5.2928924560546875e-05,0.023586273193359375,0.14728666841983795,0.9999666810035706
syco_bullshit_v2_phys_pnf_02,+C,False,20,1,0,True,True,4.0,2.8864550590515137,2.886634111404419,0.00017905235290527344,0.023212552070617676,0.1447790116071701,0.9999676942825317
syco_bullshit_v2_phys_pnf_02,+C,False,21,1,0,True,True,4.0,2.8864550590515137,2.885756254196167,0.0006988048553466797,0.02175406739115715,0.14020508527755737,0.9999716281890869
syco_bullshit_v2_phys_pnf_02,+C,False,22,1,0,True,True,4.0,2.8864550590515137,2.88641357421875,4.1484832763671875e-05,0.020150713622570038,0.13562898337841034,0.9999756813049316
syco_bullshit_v2_phys_pnf_02,+C,False,23,1,0,True,True,4.0,2.8864550590515137,2.887063503265381,0.0006084442138671875,0.021460233256220818,0.13477614521980286,0.9999724626541138
syco_bullshit_v2_phys_pnf_02,+C,False,24,1,0,True,True,4.0,2.8864550590515137,2.887159824371338,0.0007047653198242188,0.023150937631726265,0.14084665477275848,0.9999678730964661
syco_bullshit_v2_phys_pnf_02,+C,False,25,1,0,True,True,4.0,2.8864550590515137,2.8860721588134766,0.0003829002380371094,0.022538762539625168,0.1364164799451828,0.999969482421875
syco_bullshit_v2_phys_pnf_02,+C,False,26,1,0,True,True,4.0,2.8864550590515137,2.8863255977630615,0.00012946128845214844,0.020309878513216972,0.13443781435489655,0.9999752640724182
syco_bullshit_v2_phys_pnf_02,+C,False,27,1,0,True,True,4.0,2.8864550590515137,2.8863420486450195,0.00011301040649414062,0.02155477926135063,0.14230330288410187,0.9999721050262451
syco_bullshit_v2_phys_pnf_02,+C,False,28,1,0,True,True,4.0,2.8864550590515137,2.8868424892425537,0.00038743019104003906,0.023088878020644188,0.1412746161222458,0.9999680519104004
syco_bullshit_v2_phys_pnf_02,+C,False,29,1,0,True,True,4.0,2.8864550590515137,2.8873205184936523,0.0008654594421386719,0.026015454903244972,0.1493404656648636,0.9999595284461975
syco_bullshit_v2_phys_pnf_02,+C,False,30,1,0,True,True,4.0,2.8864550590515137,2.886399030685425,5.602836608886719e-05,0.02174743264913559,0.13900092244148254,0.9999716281890869
syco_bullshit_v2_phys_pnf_02,+C,False,31,1,0,True,True,4.0,2.8864550590515137,2.886976480484009,0.0005214214324951172,0.019485503435134888,0.1311652511358261,0.9999772310256958
syco_bullshit_v2_phys_pnf_02,+C,False,32,1,0,True,True,4.0,2.8864550590515137,2.8875911235809326,0.0011360645294189453,0.020889887586236,0.13930879533290863,0.9999739527702332
syco_bullshit_v2_phys_pnf_02,+C,False,33,1,0,True,True,4.0,2.8864550590515137,2.8865561485290527,0.0001010894775390625,0.019915519282221794,0.13595212996006012,0.9999762177467346
syco_bullshit_v2_phys_pnf_02,+C,False,34,1,0,True,True,4.0,2.8864550590515137,2.8871285915374756,0.0006735324859619141,0.023532817140221596,0.14747323095798492,0.9999667406082153
syco_bullshit_v2_phys_pnf_02,+C,False,35,1,0,True,True,4.0,2.8864550590515137,2.886800527572632,0.00034546852111816406,0.0207710899412632,0.14017899334430695,0.9999741315841675
syco_bullshit_v2_phys_pnf_02,+C,False,36,1,0,True,True,4.0,2.8864550590515137,2.885788679122925,0.0006663799285888672,0.02165992744266987,0.1369803249835968,0.999971866607666
syco_bullshit_v2_phys_pnf_02,+C,False,37,1,0,True,True,4.0,2.8864550590515137,2.8873159885406494,0.0008609294891357422,0.022484606131911278,0.1356905698776245,0.9999697208404541
syco_bullshit_v2_phys_pnf_02,+C,False,38,1,0,True,True,4.0,2.8864550590515137,2.8860228061676025,0.0004322528839111328,0.019302772358059883,0.1276797503232956,0.999977707862854
syco_bullshit_v2_phys_pnf_02,+C,False,39,1,0,True,True,4.0,2.8864550590515137,2.886086940765381,0.0003681182861328125,0.021034857258200645,0.14368344843387604,0.999973475933075
syco_bullshit_v2_phys_pnf_02,+C,False,40,1,0,True,True,4.0,2.8864550590515137,2.8880178928375244,0.0015628337860107422,0.023385735228657722,0.14653241634368896,0.9999673366546631
syco_bullshit_v2_phys_pnf_02,+C,False,41,1,0,True,True,4.0,2.8864550590515137,2.888212203979492,0.0017571449279785156,0.02022736892104149,0.13333214819431305,0.9999756813049316
syco_bullshit_v2_phys_pnf_02,+C,False,42,1,0,True,True,4.0,2.8864550590515137,2.886887550354004,0.0004324913024902344,0.019338544458150864,0.13041071593761444,0.9999776482582092
syco_bullshit_v2_phys_pnf_02,+C,False,43,1,0,True,True,4.0,2.8864550590515137,2.8867123126983643,0.00025725364685058594,0.01909380778670311,0.13357113301753998,0.9999780654907227
syco_bullshit_v2_phys_pnf_02,+C,False,44,1,0,True,True,4.0,2.8864550590515137,2.8869681358337402,0.0005130767822265625,0.02177082933485508,0.14346827566623688,0.9999716281890869
syco_bullshit_v2_phys_pnf_02,+C,False,45,1,0,True,True,4.0,2.8864550590515137,2.8868942260742188,0.0004391670227050781,0.020609064027667046,0.13689886033535004,0.9999745488166809
syco_bullshit_v2_phys_pnf_02,+C,False,46,1,0,True,True,4.0,2.8864550590515137,2.88657546043396,0.00012040138244628906,0.02184530347585678,0.13270969688892365,0.9999713897705078
syco_bullshit_v2_phys_pnf_02,+C,False,47,1,0,True,True,4.0,2.8864550590515137,2.886112689971924,0.00034236907958984375,0.022797513753175735,0.1429232805967331,0.999968945980072
syco_bullshit_v2_phys_pnf_02,+C,False,48,1,0,True,True,4.0,2.8864550590515137,2.8863775730133057,7.748603820800781e-05,0.017751432955265045,0.1285092979669571,0.9999810457229614
syco_bullshit_v2_phys_pnf_02,+C,False,49,1,0,True,True,4.0,2.8864550590515137,2.886711597442627,0.00025653839111328125,0.02086487226188183,0.13835462927818298,0.9999739527702332
syco_bullshit_v2_phys_pnf_02,+C,False,50,1,0,True,True,4.0,2.8864550590515137,2.8859031200408936,0.0005519390106201172,0.02329680137336254,0.1475742608308792,0.9999674558639526
syco_bullshit_v2_phys_pnf_02,+C,False,51,1,0,True,True,4.0,2.8864550590515137,2.8870818614959717,0.0006268024444580078,0.019600698724389076,0.13397839665412903,0.9999769330024719
syco_bullshit_v2_phys_pnf_02,+C,False,52,1,0,True,True,4.0,2.8864550590515137,2.8864145278930664,4.0531158447265625e-05,0.019721046090126038,0.133229598402977,0.999976634979248
syco_bullshit_v2_phys_pnf_02,+C,False,53,1,0,True,True,4.0,2.8864550590515137,2.8864071369171143,4.792213439941406e-05,0.02006588876247406,0.12995977699756622,0.999975860118866
syco_bullshit_v2_phys_pnf_02,+C,False,54,1,0,True,True,4.0,2.8864550590515137,2.8864195346832275,3.552436828613281e-05,0.021015403792262077,0.1384887546300888,0.9999735355377197
syco_bullshit_v2_phys_pnf_02,+C,False,55,1,0,True,True,4.0,2.8864550590515137,2.8852412700653076,0.0012137889862060547,0.02238490805029869,0.1423669010400772,0.9999700784683228
syco_bullshit_v2_phys_pnf_02,+C,False,56,1,0,True,True,4.0,2.8864550590515137,2.886476516723633,2.1457672119140625e-05,0.021715302020311356,0.14185458421707153,0.9999716877937317
syco_bullshit_v2_phys_pnf_02,+C,False,57,1,0,True,True,4.0,2.8864550590515137,2.886693239212036,0.00023818016052246094,0.019986534491181374,0.12998029589653015,0.9999760389328003
syco_bullshit_v2_phys_pnf_02,+C,False,58,1,0,True,True,4.0,2.8864550590515137,2.886120319366455,0.00033473968505859375,0.020247673615813255,0.13234733045101166,0.9999755024909973
syco_bullshit_v2_phys_pnf_02,+C,False,59,1,0,True,True,4.0,2.8864550590515137,2.8876469135284424,0.001191854476928711,0.022192073985934258,0.13621310889720917,0.999970555305481
syco_bullshit_v2_phys_pnf_02,+C,False,60,1,0,True,True,4.0,2.8864550590515137,2.8858468532562256,0.0006082057952880859,0.024453669786453247,0.1420801430940628,0.99996417760849
syco_bullshit_v2_phys_pnf_02,+C,False,61,1,0,True,True,4.0,2.8864550590515137,2.8859522342681885,0.0005028247833251953,0.02161368541419506,0.1370304375886917,0.9999719858169556
syco_bullshit_v2_phys_pnf_02,+C,False,62,1,0,True,True,4.0,2.8864550590515137,2.886843204498291,0.00038814544677734375,0.019433842971920967,0.12809433043003082,0.9999773502349854
syco_bullshit_v2_phys_pnf_02,+C,False,63,1,0,True,True,4.0,2.8864550590515137,2.8872151374816895,0.0007600784301757812,0.022373085841536522,0.1442270129919052,0.999970018863678
syco_bullshit_v2_phys_pnf_02,+C,False,64,1,0,True,True,4.0,2.8864550590515137,2.886038064956665,0.0004169940948486328,0.023502973839640617,0.14281247556209564,0.9999668598175049
syco_bullshit_v2_phys_pnf_02,+C,False,65,1,0,True,True,4.0,2.8864550590515137,2.887058973312378,0.0006039142608642578,0.021373411640524864,0.1421903818845749,0.9999726414680481
syco_bullshit_v2_phys_pnf_02,+C,False,66,1,0,True,True,4.0,2.8864550590515137,2.8854243755340576,0.0010306835174560547,0.02190004661679268,0.13654674589633942,0.999971330165863
syco_bullshit_v2_phys_pnf_02,+C,False,67,1,0,True,True,4.0,2.8864550590515137,2.8861708641052246,0.0002841949462890625,0.02277987077832222,0.136745885014534,0.9999688863754272
syco_bullshit_v2_phys_pnf_02,+C,False,68,1,0,True,True,4.0,2.8864550590515137,2.8872265815734863,0.0007715225219726562,0.02468876726925373,0.14298959076404572,0.9999635219573975
syco_bullshit_v2_phys_pnf_02,+C,False,69,1,0,True,True,4.0,2.8864550590515137,2.8862650394439697,0.0001900196075439453,0.021517178043723106,0.1338413506746292,0.9999722242355347
syco_bullshit_v2_phys_pnf_02,+C,False,70,1,0,True,True,4.0,2.8864550590515137,2.886667490005493,0.0002124309539794922,0.023429937660694122,0.145390585064888,0.999967098236084
syco_bullshit_v2_phys_pnf_02,+C,False,71,1,0,True,True,4.0,2.8864550590515137,2.8870441913604736,0.0005891323089599609,0.021331889554858208,0.13437624275684357,0.9999728202819824
syco_bullshit_v2_phys_pnf_02,+C,False,72,1,0,True,True,4.0,2.8864550590515137,2.886810302734375,0.0003552436828613281,0.022902140393853188,0.13409414887428284,0.9999685883522034
syco_bullshit_v2_phys_pnf_02,+C,False,73,1,0,True,True,4.0,2.8864550590515137,2.8868227005004883,0.0003676414489746094,0.020445091649889946,0.1297859400510788,0.9999749660491943
syco_bullshit_v2_phys_pnf_02,+C,False,74,1,0,True,True,4.0,2.8864550590515137,2.8874318599700928,0.0009768009185791016,0.02085532434284687,0.133430615067482,0.9999740123748779
syco_bullshit_v2_phys_pnf_02,+C,False,75,1,0,True,True,4.0,2.8864550590515137,2.886317729949951,0.0001373291015625,0.01816866733133793,0.12325058877468109,0.999980092048645
syco_bullshit_v2_phys_pnf_02,+C,False,76,1,0,True,True,4.0,2.8864550590515137,2.8852832317352295,0.0011718273162841797,0.02110067568719387,0.1406119018793106,0.9999734163284302
syco_bullshit_v2_phys_pnf_02,+C,False,77,1,0,True,True,4.0,2.8864550590515137,2.8848671913146973,0.0015878677368164062,0.02331480011343956,0.14498937129974365,0.9999675750732422
syco_bullshit_v2_phys_pnf_02,+C,False,78,1,0,True,True,4.0,2.8864550590515137,2.8876521587371826,0.0011970996856689453,0.021041670814156532,0.1372242122888565,0.9999736547470093
syco_bullshit_v2_phys_pnf_02,+C,False,79,1,0,True,True,4.0,2.8864550590515137,2.8868863582611084,0.00043129920959472656,0.016061831265687943,0.11067884415388107,0.9999845623970032
syco_bullshit_v2_phys_pnf_02,+C,False,80,1,0,True,True,4.0,2.8864550590515137,2.8864026069641113,5.245208740234375e-05,0.019756896421313286,0.1262119561433792,0.9999765157699585
syco_bullshit_v2_phys_pnf_02,-C,False,0,80,79,True,True,-4.0,2.8864550590515137,2.8851699829101562,0.0012850761413574219,0.020045241340994835,0.12959104776382446,0.9999759793281555
syco_bullshit_v2_phys_pnf_02,-C,False,1,1,0,True,True,-4.0,2.8864550590515137,2.886744737625122,0.00028967857360839844,0.019350159913301468,0.12754662334918976,0.9999776482582092
syco_bullshit_v2_phys_pnf_02,-C,False,2,1,0,True,True,-4.0,2.8864550590515137,2.886353015899658,0.00010204315185546875,0.020438842475414276,0.13277439773082733,0.9999748468399048
syco_bullshit_v2_phys_pnf_02,-C,False,3,1,0,True,True,-4.0,2.8864550590515137,2.885770320892334,0.0006847381591796875,0.021894879639148712,0.14412756264209747,0.9999712705612183
syco_bullshit_v2_phys_pnf_02,-C,False,4,1,0,True,True,-4.0,2.8864550590515137,2.885848045349121,0.0006070137023925781,0.023461678996682167,0.14424937963485718,0.999967098236084
syco_bullshit_v2_phys_pnf_02,-C,False,5,1,0,True,True,-4.0,2.8864550590515137,2.8862109184265137,0.000244140625,0.019469330087304115,0.1314680278301239,0.9999773502349854
syco_bullshit_v2_phys_pnf_02,-C,False,6,1,0,True,True,-4.0,2.8864550590515137,2.8868508338928223,0.00039577484130859375,0.021503504365682602,0.14268247783184052,0.9999722838401794
syco_bullshit_v2_phys_pnf_02,-C,False,7,1,0,True,True,-4.0,2.8864550590515137,2.8861677646636963,0.0002872943878173828,0.022136980667710304,0.14396490156650543,0.999970555305481
syco_bullshit_v2_phys_pnf_02,-C,False,8,1,0,True,True,-4.0,2.8864550590515137,2.8845627307891846,0.0018923282623291016,0.0200964268296957,0.13241468369960785,0.9999759197235107
syco_bullshit_v2_phys_pnf_02,-C,False,9,1,0,True,True,-4.0,2.8864550590515137,2.8864243030548096,3.075599670410156e-05,0.022091342136263847,0.14313329756259918,0.9999707341194153
syco_bullshit_v2_phys_pnf_02,-C,False,10,1,0,True,True,-4.0,2.8864550590515137,2.8867392539978027,0.0002841949462890625,0.023797452449798584,0.14446014165878296,0.999966025352478
syco_bullshit_v2_phys_pnf_02,-C,False,11,1,0,True,True,-4.0,2.8864550590515137,2.8865935802459717,0.0001385211944580078,0.021396193653345108,0.13953237235546112,0.9999725222587585
syco_bullshit_v2_phys_pnf_02,-C,False,12,1,0,True,True,-4.0,2.8864550590515137,2.886737585067749,0.00028252601623535156,0.021330730989575386,0.13681982457637787,0.9999727606773376
syco_bullshit_v2_phys_pnf_02,-C,False,13,1,0,True,True,-4.0,2.8864550590515137,2.8868520259857178,0.00039696693420410156,0.022673623636364937,0.1404200941324234,0.9999692440032959
syco_bullshit_v2_phys_pnf_02,-C,False,14,1,0,True,True,-4.0,2.8864550590515137,2.8860111236572266,0.0004439353942871094,0.0227479450404644,0.14269523322582245,0.9999690055847168
syco_bullshit_v2_phys_pnf_02,-C,False,15,1,0,True,True,-4.0,2.8864550590515137,2.885615825653076,0.0008392333984375,0.024131126701831818,0.14905868470668793,0.9999650716781616
syco_bullshit_v2_phys_pnf_02,-C,False,16,1,0,True,True,-4.0,2.8864550590515137,2.8874220848083496,0.0009670257568359375,0.021653061732649803,0.13877587020397186,0.9999719858169556
syco_bullshit_v2_phys_pnf_02,-C,False,17,1,0,True,True,-4.0,2.8864550590515137,2.884613513946533,0.0018415451049804688,0.022488567978143692,0.1372860223054886,0.9999699592590332
syco_bullshit_v2_phys_pnf_02,-C,False,18,1,0,True,True,-4.0,2.8864550590515137,2.887291193008423,0.0008361339569091797,0.02141077071428299,0.13424086570739746,0.9999726414680481
syco_bullshit_v2_phys_pnf_02,-C,False,19,1,0,True,True,-4.0,2.8864550590515137,2.8861069679260254,0.00034809112548828125,0.02240920253098011,0.14595374464988708,0.9999698996543884
syco_bullshit_v2_phys_pnf_02,-C,False,20,1,0,True,True,-4.0,2.8864550590515137,2.8873608112335205,0.0009057521820068359,0.02308943122625351,0.14704221487045288,0.9999680519104004
syco_bullshit_v2_phys_pnf_02,-C,False,21,1,0,True,True,-4.0,2.8864550590515137,2.886601686477661,0.00014662742614746094,0.02504955232143402,0.15069256722927094,0.9999624490737915
syco_bullshit_v2_phys_pnf_02,-C,False,22,1,0,True,True,-4.0,2.8864550590515137,2.8855206966400146,0.0009343624114990234,0.021150976419448853,0.1355954259634018,0.9999732375144958
syco_bullshit_v2_phys_pnf_02,-C,False,23,1,0,True,True,-4.0,2.8864550590515137,2.886340856552124,0.00011420249938964844,0.021143730729818344,0.1344364732503891,0.9999732375144958
syco_bullshit_v2_phys_pnf_02,-C,False,24,1,0,True,True,-4.0,2.8864550590515137,2.8868963718414307,0.0004413127899169922,0.02158213034272194,0.13732080161571503,0.9999719858169556
syco_bullshit_v2_phys_pnf_02,-C,False,25,1,0,True,True,-4.0,2.8864550590515137,2.8870298862457275,0.0005748271942138672,0.023518620058894157,0.14109618961811066,0.9999668598175049
syco_bullshit_v2_phys_pnf_02,-C,False,26,1,0,True,True,-4.0,2.8864550590515137,2.8857710361480713,0.0006840229034423828,0.022241469472646713,0.1382066160440445,0.9999703764915466
syco_bullshit_v2_phys_pnf_02,-C,False,27,1,0,True,True,-4.0,2.8864550590515137,2.8859167098999023,0.0005383491516113281,0.024021698161959648,0.14613889157772064,0.9999654293060303
syco_bullshit_v2_phys_pnf_02,-C,False,28,1,0,True,True,-4.0,2.8864550590515137,2.8858768939971924,0.0005781650543212891,0.022900350391864777,0.14321114122867584,0.9999685287475586
syco_bullshit_v2_phys_pnf_02,-C,False,29,1,0,True,True,-4.0,2.8864550590515137,2.8858461380004883,0.0006089210510253906,0.021843425929546356,0.14268021285533905,0.9999713897705078
syco_bullshit_v2_phys_pnf_02,-C,False,30,1,0,True,True,-4.0,2.8864550590515137,2.8868372440338135,0.0003821849822998047,0.020479833707213402,0.1362655609846115,0.9999748468399048
syco_bullshit_v2_phys_pnf_02,-C,False,31,1,0,True,True,-4.0,2.8864550590515137,2.8860983848571777,0.0003566741943359375,0.02293083257973194,0.13841407001018524,0.9999684691429138
syco_bullshit_v2_phys_pnf_02,-C,False,32,1,0,True,True,-4.0,2.8864550590515137,2.88614559173584,0.0003094673156738281,0.026946624740958214,0.1480921059846878,0.999956488609314
syco_bullshit_v2_phys_pnf_02,-C,False,33,1,0,True,True,-4.0,2.8864550590515137,2.8858859539031982,0.0005691051483154297,0.020787417888641357,0.13692156970500946,0.9999741315841675
syco_bullshit_v2_phys_pnf_02,-C,False,34,1,0,True,True,-4.0,2.8864550590515137,2.8866398334503174,0.00018477439880371094,0.019168993458151817,0.12995721399784088,0.9999779462814331
syco_bullshit_v2_phys_pnf_02,-C,False,35,1,0,True,True,-4.0,2.8864550590515137,2.8870389461517334,0.0005838871002197266,0.02025355026125908,0.13346035778522491,0.9999753832817078
syco_bullshit_v2_phys_pnf_02,-C,False,36,1,0,True,True,-4.0,2.8864550590515137,2.8861677646636963,0.0002872943878173828,0.020755447447299957,0.13525743782520294,0.9999741315841675
syco_bullshit_v2_phys_pnf_02,-C,False,37,1,0,True,True,-4.0,2.8864550590515137,2.8857598304748535,0.0006952285766601562,0.023974446579813957,0.14328037202358246,0.9999655485153198
syco_bullshit_v2_phys_pnf_02,-C,False,38,1,0,True,True,-4.0,2.8864550590515137,2.8860433101654053,0.00041174888610839844,0.019783558323979378,0.1330353170633316,0.9999765157699585
syco_bullshit_v2_phys_pnf_02,-C,False,39,1,0,True,True,-4.0,2.8864550590515137,2.886319160461426,0.00013589859008789062,0.024608761072158813,0.14625728130340576,0.999963641166687
syco_bullshit_v2_phys_pnf_02,-C,False,40,1,0,True,True,-4.0,2.8864550590515137,2.8871798515319824,0.00072479248046875,0.021846730262041092,0.14317218959331512,0.9999715089797974
syco_bullshit_v2_phys_pnf_02,-C,False,41,1,0,True,True,-4.0,2.8864550590515137,2.886249542236328,0.00020551681518554688,0.02419012039899826,0.14814122021198273,0.9999649524688721
syco_bullshit_v2_phys_pnf_02,-C,False,42,1,0,True,True,-4.0,2.8864550590515137,2.886838912963867,0.0003838539123535156,0.021044503897428513,0.13607905805110931,0.999973475933075
syco_bullshit_v2_phys_pnf_02,-C,False,43,1,0,True,True,-4.0,2.8864550590515137,2.8859355449676514,0.0005195140838623047,0.025012731552124023,0.1463020294904709,0.9999624490737915
syco_bullshit_v2_phys_pnf_02,-C,False,44,1,0,True,True,-4.0,2.8864550590515137,2.885301113128662,0.0011539459228515625,0.0219462588429451,0.13905155658721924,0.9999711513519287
syco_bullshit_v2_phys_pnf_02,-C,False,45,1,0,True,True,-4.0,2.8864550590515137,2.886812686920166,0.00035762786865234375,0.018889177590608597,0.13123033940792084,0.9999786019325256
syco_bullshit_v2_phys_pnf_02,-C,False,46,1,0,True,True,-4.0,2.8864550590515137,2.886200428009033,0.00025463104248046875,0.021124685183167458,0.1388736218214035,0.9999732375144958
syco_bullshit_v2_phys_pnf_02,-C,False,47,1,0,True,True,-4.0,2.8864550590515137,2.8869853019714355,0.000530242919921875,0.019898369908332825,0.13679097592830658,0.9999763369560242
syco_bullshit_v2_phys_pnf_02,-C,False,48,1,0,True,True,-4.0,2.8864550590515137,2.8860726356506348,0.00038242340087890625,0.02242780663073063,0.1444067507982254,0.9999698400497437
syco_bullshit_v2_phys_pnf_02,-C,False,49,1,0,True,True,-4.0,2.8864550590515137,2.8866114616394043,0.000156402587890625,0.022027885541319847,0.1361827403306961,0.9999709129333496
syco_bullshit_v2_phys_pnf_02,-C,False,50,1,0,True,True,-4.0,2.8864550590515137,2.8869476318359375,0.0004925727844238281,0.02005658484995365,0.13123326003551483,0.9999759197235107
syco_bullshit_v2_phys_pnf_02,-C,False,51,1,0,True,True,-4.0,2.8864550590515137,2.8875887393951416,0.0011336803436279297,0.021393274888396263,0.14248819649219513,0.9999726414680481
syco_bullshit_v2_phys_pnf_02,-C,False,52,1,0,True,True,-4.0,2.8864550590515137,2.8870091438293457,0.0005540847778320312,0.023745255544781685,0.14567239582538605,0.9999662041664124
syco_bullshit_v2_phys_pnf_02,-C,False,53,1,0,True,True,-4.0,2.8864550590515137,2.8865926265716553,0.00013756752014160156,0.01965435780584812,0.13296745717525482,0.9999768733978271
syco_bullshit_v2_phys_pnf_02,-C,False,54,1,0,True,True,-4.0,2.8864550590515137,2.8861451148986816,0.00030994415283203125,0.019015304744243622,0.13098381459712982,0.9999784231185913
syco_bullshit_v2_phys_pnf_02,-C,False,55,1,0,True,True,-4.0,2.8864550590515137,2.8862547874450684,0.0002002716064453125,0.01901611126959324,0.12943042814731598,0.9999783039093018
syco_bullshit_v2_phys_pnf_02,-C,False,56,1,0,True,True,-4.0,2.8864550590515137,2.8857667446136475,0.0006883144378662109,0.021224506199359894,0.14230571687221527,0.9999729990959167
syco_bullshit_v2_phys_pnf_02,-C,False,57,1,0,True,True,-4.0,2.8864550590515137,2.886758804321289,0.0003037452697753906,0.021072445437312126,0.13781307637691498,0.9999734163284302
syco_bullshit_v2_phys_pnf_02,-C,False,58,1,0,True,True,-4.0,2.8864550590515137,2.8867335319519043,0.000278472900390625,0.02040274813771248,0.13214422762393951,0.9999751448631287
syco_bullshit_v2_phys_pnf_02,-C,False,59,1,0,True,True,-4.0,2.8864550590515137,2.886340379714966,0.00011467933654785156,0.020866796374320984,0.14032994210720062,0.9999738335609436
syco_bullshit_v2_phys_pnf_02,-C,False,60,1,0,True,True,-4.0,2.8864550590515137,2.8869264125823975,0.00047135353088378906,0.01759444922208786,0.13096189498901367,0.9999814033508301
syco_bullshit_v2_phys_pnf_02,-C,False,61,1,0,True,True,-4.0,2.8864550590515137,2.887462854385376,0.0010077953338623047,0.02079988457262516,0.13750702142715454,0.999974250793457
syco_bullshit_v2_phys_pnf_02,-C,False,62,1,0,True,True,-4.0,2.8864550590515137,2.8854475021362305,0.0010075569152832031,0.019864069297909737,0.13737528026103973,0.999976396560669
syco_bullshit_v2_phys_pnf_02,-C,False,63,1,0,True,True,-4.0,2.8864550590515137,2.885439872741699,0.0010151863098144531,0.02469833754003048,0.14863769710063934,0.9999635219573975
syco_bullshit_v2_phys_pnf_02,-C,False,64,1,0,True,True,-4.0,2.8864550590515137,2.8863847255706787,7.033348083496094e-05,0.020178021863102913,0.13948874175548553,0.9999756813049316
syco_bullshit_v2_phys_pnf_02,-C,False,65,1,0,True,True,-4.0,2.8864550590515137,2.8868486881256104,0.0003936290740966797,0.01567744091153145,0.11195562779903412,0.9999853372573853
syco_bullshit_v2_phys_pnf_02,-C,False,66,1,0,True,True,-4.0,2.8864550590515137,2.8870654106140137,0.0006103515625,0.018446670845150948,0.12487003952264786,0.9999796748161316
syco_bullshit_v2_phys_pnf_03,+C,False,0,71,70,True,True,4.0,2.8864550590515137,2.8862831592559814,0.00017189979553222656,0.019912466406822205,0.12879644334316254,0.9999762177467346
syco_bullshit_v2_phys_pnf_03,+C,False,1,1,0,True,True,4.0,2.8864550590515137,2.8872697353363037,0.0008146762847900391,0.023265080526471138,0.13705070316791534,0.9999675750732422
syco_bullshit_v2_phys_pnf_03,+C,False,2,1,0,True,True,4.0,2.8864550590515137,2.8867390155792236,0.00028395652770996094,0.018071237951517105,0.12961430847644806,0.9999804496765137
syco_bullshit_v2_phys_pnf_03,+C,False,3,1,0,True,True,4.0,2.8864550590515137,2.8865456581115723,9.059906005859375e-05,0.02185937762260437,0.13669715821743011,0.999971330165863
syco_bullshit_v2_phys_pnf_03,+C,False,4,1,0,True,True,4.0,2.8864550590515137,2.8871572017669678,0.0007021427154541016,0.021197738125920296,0.13884951174259186,0.9999730587005615
syco_bullshit_v2_phys_pnf_03,+C,False,5,1,0,True,True,4.0,2.8864550590515137,2.886592388153076,0.0001373291015625,0.021853938698768616,0.1376781016588211,0.9999713897705078
syco_bullshit_v2_phys_pnf_03,+C,False,6,1,0,True,True,4.0,2.8864550590515137,2.885833263397217,0.000621795654296875,0.02191602811217308,0.14074720442295074,0.9999711513519287
syco_bullshit_v2_phys_pnf_03,+C,False,7,1,0,True,True,4.0,2.8864550590515137,2.886496067047119,4.100799560546875e-05,0.020442886278033257,0.13547547161579132,0.9999750256538391
syco_bullshit_v2_phys_pnf_03,+C,False,8,1,0,True,True,4.0,2.8864550590515137,2.8862032890319824,0.00025177001953125,0.019499560818076134,0.13677886128425598,0.9999772310256958
syco_bullshit_v2_phys_pnf_03,+C,False,9,1,0,True,True,4.0,2.8864550590515137,2.886303663253784,0.0001513957977294922,0.01976756937801838,0.13859102129936218,0.999976634979248
syco_bullshit_v2_phys_pnf_03,+C,False,10,1,0,True,True,4.0,2.8864550590515137,2.886897087097168,0.0004420280456542969,0.01925392635166645,0.1323796957731247,0.9999778270721436
syco_bullshit_v2_phys_pnf_03,+C,False,11,1,0,True,True,4.0,2.8864550590515137,2.8869192600250244,0.0004642009735107422,0.022651635110378265,0.14199990034103394,0.9999692440032959
syco_bullshit_v2_phys_pnf_03,+C,False,12,1,0,True,True,4.0,2.8864550590515137,2.88663387298584,0.00017881393432617188,0.020970206707715988,0.1380770355463028,0.9999736547470093
syco_bullshit_v2_phys_pnf_03,+C,False,13,1,0,True,True,4.0,2.8864550590515137,2.8871243000030518,0.0006692409515380859,0.0213237963616848,0.13811470568180084,0.9999728202819824
syco_bullshit_v2_phys_pnf_03,+C,False,14,1,0,True,True,4.0,2.8864550590515137,2.8855321407318115,0.0009229183197021484,0.019844040274620056,0.1349128931760788,0.999976396560669
syco_bullshit_v2_phys_pnf_03,+C,False,15,1,0,True,True,4.0,2.8864550590515137,2.885576009750366,0.0008790493011474609,0.02006203681230545,0.13737733662128448,0.9999759197235107
syco_bullshit_v2_phys_pnf_03,+C,False,16,1,0,True,True,4.0,2.8864550590515137,2.8857786655426025,0.0006763935089111328,0.02300572209060192,0.14238868653774261,0.9999682903289795
syco_bullshit_v2_phys_pnf_03,+C,False,17,1,0,True,True,4.0,2.8864550590515137,2.8859026432037354,0.0005524158477783203,0.0213291235268116,0.14097744226455688,0.9999727010726929
syco_bullshit_v2_phys_pnf_03,+C,False,18,1,0,True,True,4.0,2.8864550590515137,2.8874316215515137,0.0009765625,0.019785158336162567,0.13454042375087738,0.999976634979248
syco_bullshit_v2_phys_pnf_03,+C,False,19,1,0,True,True,4.0,2.8864550590515137,2.8859007358551025,0.0005543231964111328,0.022491667419672012,0.13934963941574097,0.9999697208404541
syco_bullshit_v2_phys_pnf_03,+C,False,20,1,0,True,True,4.0,2.8864550590515137,2.8876612186431885,0.0012061595916748047,0.02095191925764084,0.13930350542068481,0.9999737739562988
syco_bullshit_v2_phys_pnf_03,+C,False,21,1,0,True,True,4.0,2.8864550590515137,2.886247396469116,0.00020766258239746094,0.020687371492385864,0.1371944397687912,0.9999743103981018
syco_bullshit_v2_phys_pnf_03,+C,False,22,1,0,True,True,4.0,2.8864550590515137,2.8867437839508057,0.0002887248992919922,0.018401075154542923,0.1266569048166275,0.9999796748161316
syco_bullshit_v2_phys_pnf_03,+C,False,23,1,0,True,True,4.0,2.8864550590515137,2.887272834777832,0.0008177757263183594,0.020207352936267853,0.13581736385822296,0.9999755620956421
syco_bullshit_v2_phys_pnf_03,+C,False,24,1,0,True,True,4.0,2.8864550590515137,2.886235237121582,0.00021982192993164062,0.022004153579473495,0.14130116999149323,0.9999709129333496
syco_bullshit_v2_phys_pnf_03,+C,False,25,1,0,True,True,4.0,2.8864550590515137,2.8874824047088623,0.0010273456573486328,0.020692534744739532,0.13887831568717957,0.9999744892120361
syco_bullshit_v2_phys_pnf_03,+C,False,26,1,0,True,True,4.0,2.8864550590515137,2.8864917755126953,3.6716461181640625e-05,0.021278826519846916,0.14050085842609406,0.9999728798866272
syco_bullshit_v2_phys_pnf_03,+C,False,27,1,0,True,True,4.0,2.8864550590515137,2.8856887817382812,0.0007662773132324219,0.020350851118564606,0.13613960146903992,0.9999752044677734
syco_bullshit_v2_phys_pnf_03,+C,False,28,1,0,True,True,4.0,2.8864550590515137,2.8857760429382324,0.00067901611328125,0.022198911756277084,0.1449783593416214,0.9999704360961914
syco_bullshit_v2_phys_pnf_03,+C,False,29,1,0,True,True,4.0,2.8864550590515137,2.887948751449585,0.001493692398071289,0.025329386815428734,0.14195051789283752,0.9999617338180542
syco_bullshit_v2_phys_pnf_03,+C,False,30,1,0,True,True,4.0,2.8864550590515137,2.8857812881469727,0.0006737709045410156,0.022017594426870346,0.13573551177978516,0.9999709725379944
syco_bullshit_v2_phys_pnf_03,+C,False,31,1,0,True,True,4.0,2.8864550590515137,2.8862969875335693,0.00015807151794433594,0.021258527413010597,0.1379948854446411,0.999972939491272
syco_bullshit_v2_phys_pnf_03,+C,False,32,1,0,True,True,4.0,2.8864550590515137,2.8874480724334717,0.0009930133819580078,0.017238881438970566,0.12670449912548065,0.9999822378158569
syco_bullshit_v2_phys_pnf_03,+C,False,33,1,0,True,True,4.0,2.8864550590515137,2.8861865997314453,0.0002684593200683594,0.019200701266527176,0.1353183090686798,0.9999779462814331
syco_bullshit_v2_phys_pnf_03,+C,False,34,1,0,True,True,4.0,2.8864550590515137,2.887726068496704,0.0012710094451904297,0.020192960277199745,0.13098983466625214,0.9999756217002869
syco_bullshit_v2_phys_pnf_03,+C,False,35,1,0,True,True,4.0,2.8864550590515137,2.8861610889434814,0.00029397010803222656,0.022581996396183968,0.144601508975029,0.9999693632125854
syco_bullshit_v2_phys_pnf_03,+C,False,36,1,0,True,True,4.0,2.8864550590515137,2.8869123458862305,0.0004572868347167969,0.02030661702156067,0.13599570095539093,0.9999752044677734
syco_bullshit_v2_phys_pnf_03,+C,False,37,1,0,True,True,4.0,2.8864550590515137,2.8862619400024414,0.00019311904907226562,0.022895684465765953,0.1381399780511856,0.9999685287475586
syco_bullshit_v2_phys_pnf_03,+C,False,38,1,0,True,True,4.0,2.8864550590515137,2.8863492012023926,0.00010585784912109375,0.018338089808821678,0.12829096615314484,0.9999799132347107
syco_bullshit_v2_phys_pnf_03,+C,False,39,1,0,True,True,4.0,2.8864550590515137,2.8877313137054443,0.001276254653930664,0.02094375155866146,0.13872043788433075,0.9999738335609436
syco_bullshit_v2_phys_pnf_03,+C,False,40,1,0,True,True,4.0,2.8864550590515137,2.886199474334717,0.000255584716796875,0.01948908530175686,0.1346738040447235,0.9999772310256958
syco_bullshit_v2_phys_pnf_03,+C,False,41,1,0,True,True,4.0,2.8864550590515137,2.885733127593994,0.0007219314575195312,0.01995878852903843,0.1372656673192978,0.9999761581420898
syco_bullshit_v2_phys_pnf_03,+C,False,42,1,0,True,True,4.0,2.8864550590515137,2.886554479598999,9.942054748535156e-05,0.020240504294633865,0.13571174442768097,0.9999754428863525
syco_bullshit_v2_phys_pnf_03,+C,False,43,1,0,True,True,4.0,2.8864550590515137,2.885910987854004,0.0005440711975097656,0.022701332345604897,0.14561066031455994,0.9999691843986511
syco_bullshit_v2_phys_pnf_03,+C,False,44,1,0,True,True,4.0,2.8864550590515137,2.885737180709839,0.0007178783416748047,0.020479705184698105,0.14045055210590363,0.9999748468399048
syco_bullshit_v2_phys_pnf_03,+C,False,45,1,0,True,True,4.0,2.8864550590515137,2.886176347732544,0.00027871131896972656,0.021815869957208633,0.1374926120042801,0.9999713897705078
syco_bullshit_v2_phys_pnf_03,+C,False,46,1,0,True,True,4.0,2.8864550590515137,2.886427879333496,2.7179718017578125e-05,0.01937536709010601,0.1326628476381302,0.9999774694442749
syco_bullshit_v2_phys_pnf_03,+C,False,47,1,0,True,True,4.0,2.8864550590515137,2.886807918548584,0.0003528594970703125,0.022553138434886932,0.13757339119911194,0.999969482421875
syco_bullshit_v2_phys_pnf_03,+C,False,48,1,0,True,True,4.0,2.8864550590515137,2.8859543800354004,0.0005006790161132812,0.02270069345831871,0.14820195734500885,0.9999691247940063
syco_bullshit_v2_phys_pnf_03,+C,False,49,1,0,True,True,4.0,2.8864550590515137,2.8858752250671387,0.000579833984375,0.02129235677421093,0.14120911061763763,0.9999728202819824
syco_bullshit_v2_phys_pnf_03,+C,False,50,1,0,True,True,4.0,2.8864550590515137,2.884977102279663,0.001477956771850586,0.02288207598030567,0.1415197104215622,0.9999687671661377
syco_bullshit_v2_phys_pnf_03,+C,False,51,1,0,True,True,4.0,2.8864550590515137,2.887690782546997,0.0012357234954833984,0.019912732765078545,0.12897424399852753,0.999976396560669
syco_bullshit_v2_phys_pnf_03,+C,False,52,1,0,True,True,4.0,2.8864550590515137,2.886953592300415,0.0004985332489013672,0.01724613457918167,0.1124945655465126,0.9999821186065674
syco_bullshit_v2_phys_pnf_03,+C,False,53,1,0,True,True,4.0,2.8864550590515137,2.8862149715423584,0.00024008750915527344,0.017941968515515327,0.12404259294271469,0.9999806880950928
syco_bullshit_v2_phys_pnf_03,-C,False,0,71,70,True,True,-4.0,2.8864550590515137,2.886423349380493,3.170967102050781e-05,0.019541537389159203,0.12879644334316254,0.9999771118164062
syco_bullshit_v2_phys_pnf_03,-C,False,1,1,0,True,True,-4.0,2.8864550590515137,2.8864376544952393,1.7404556274414062e-05,0.02270222268998623,0.13705070316791534,0.9999691247940063
syco_bullshit_v2_phys_pnf_03,-C,False,2,1,0,True,True,-4.0,2.8864550590515137,2.887211561203003,0.0007565021514892578,0.017614325508475304,0.12961430847644806,0.9999814033508301
syco_bullshit_v2_phys_pnf_03,-C,False,3,1,0,True,True,-4.0,2.8864550590515137,2.8862452507019043,0.000209808349609375,0.021475663408637047,0.13669715821743011,0.9999723434448242
syco_bullshit_v2_phys_pnf_03,-C,False,4,1,0,True,True,-4.0,2.8864550590515137,2.8870930671691895,0.0006380081176757812,0.020667972043156624,0.13884951174259186,0.9999744892120361
syco_bullshit_v2_phys_pnf_03,-C,False,5,1,0,True,True,-4.0,2.8864550590515137,2.885524272918701,0.0009307861328125,0.02198914811015129,0.1376781016588211,0.9999710321426392
syco_bullshit_v2_phys_pnf_03,-C,False,6,1,0,True,True,-4.0,2.8864550590515137,2.885472297668457,0.0009827613830566406,0.02203926257789135,0.14074720442295074,0.9999709129333496
syco_bullshit_v2_phys_pnf_03,-C,False,7,1,0,True,True,-4.0,2.8864550590515137,2.8860838413238525,0.0003712177276611328,0.024352261796593666,0.14637568593025208,0.9999644756317139
syco_bullshit_v2_phys_pnf_03,-C,False,8,1,0,True,True,-4.0,2.8864550590515137,2.8860859870910645,0.00036907196044921875,0.020960865542292595,0.13914448022842407,0.9999736547470093
syco_bullshit_v2_phys_pnf_03,-C,False,9,1,0,True,True,-4.0,2.8864550590515137,2.8857855796813965,0.0006694793701171875,0.02070041559636593,0.1390470266342163,0.9999743700027466
syco_bullshit_v2_phys_pnf_03,-C,False,10,1,0,True,True,-4.0,2.8864550590515137,2.8873748779296875,0.0009198188781738281,0.02122180536389351,0.1373131424188614,0.9999731183052063
syco_bullshit_v2_phys_pnf_03,-C,False,11,1,0,True,True,-4.0,2.8864550590515137,2.886612892150879,0.00015783309936523438,0.01748959720134735,0.13074983656406403,0.999981701374054
syco_bullshit_v2_phys_pnf_03,-C,False,12,1,0,True,True,-4.0,2.8864550590515137,2.8869850635528564,0.0005300045013427734,0.023233141750097275,0.1394944041967392,0.999967634677887
syco_bullshit_v2_phys_pnf_03,-C,False,13,1,0,True,True,-4.0,2.8864550590515137,2.8876571655273438,0.0012021064758300781,0.02269534207880497,0.13855843245983124,0.9999692440032959
syco_bullshit_v2_phys_pnf_03,-C,False,14,1,0,True,True,-4.0,2.8864550590515137,2.8859076499938965,0.0005474090576171875,0.02261025831103325,0.1457243263721466,0.9999694228172302
syco_bullshit_v2_phys_pnf_03,-C,False,15,1,0,True,True,-4.0,2.8864550590515137,2.885546922683716,0.0009081363677978516,0.020515700802206993,0.1384202092885971,0.99997478723526
syco_bullshit_v2_phys_pnf_03,-C,False,16,1,0,True,True,-4.0,2.8864550590515137,2.886378049850464,7.700920104980469e-05,0.020587090402841568,0.13646547496318817,0.9999746084213257
syco_bullshit_v2_phys_pnf_03,-C,False,17,1,0,True,True,-4.0,2.8864550590515137,2.886519432067871,6.437301635742188e-05,0.01863141544163227,0.12822090089321136,0.9999792575836182
syco_bullshit_v2_phys_pnf_03,-C,False,18,1,0,True,True,-4.0,2.8864550590515137,2.885666608810425,0.0007884502410888672,0.02109597437083721,0.14192764461040497,0.9999734163284302
syco_bullshit_v2_phys_pnf_03,-C,False,19,1,0,True,True,-4.0,2.8864550590515137,2.8866732120513916,0.0002181529998779297,0.02387259341776371,0.14580731093883514,0.9999659061431885
syco_bullshit_v2_phys_pnf_03,-C,False,20,1,0,True,True,-4.0,2.8864550590515137,2.886906623840332,0.0004515647888183594,0.02031499147415161,0.13549770414829254,0.999975323677063
syco_bullshit_v2_phys_pnf_03,-C,False,21,1,0,True,True,-4.0,2.8864550590515137,2.8861944675445557,0.0002605915069580078,0.018985690549016,0.13095732033252716,0.9999784231185913
syco_bullshit_v2_phys_pnf_03,-C,False,22,1,0,True,True,-4.0,2.8864550590515137,2.8864762783050537,2.1219253540039062e-05,0.020912159234285355,0.13648942112922668,0.9999737739562988
syco_bullshit_v2_phys_pnf_03,-C,False,23,1,0,True,True,-4.0,2.8864550590515137,2.886927843093872,0.00047278404235839844,0.02142343483865261,0.13892211019992828,0.9999725222587585
syco_bullshit_v2_phys_pnf_03,-C,False,24,1,0,True,True,-4.0,2.8864550590515137,2.8858070373535156,0.0006480216979980469,0.022910870611667633,0.1453734189271927,0.9999685287475586
syco_bullshit_v2_phys_pnf_03,-C,False,25,1,0,True,True,-4.0,2.8864550590515137,2.8862674236297607,0.0001876354217529297,0.019315112382173538,0.13211461901664734,0.9999775886535645
syco_bullshit_v2_phys_pnf_03,-C,False,26,1,0,True,True,-4.0,2.8864550590515137,2.887054443359375,0.0005993843078613281,0.020679544657468796,0.13054879009723663,0.9999744296073914
syco_bullshit_v2_phys_pnf_03,-C,False,27,1,0,True,True,-4.0,2.8864550590515137,2.8864729404449463,1.7881393432617188e-05,0.017095044255256653,0.11580213904380798,0.999982476234436
syco_bullshit_v2_phys_pnf_03,-C,False,28,1,0,True,True,-4.0,2.8864550590515137,2.888054370880127,0.0015993118286132812,0.017356067895889282,0.11648019403219223,0.9999821186065674
syco_bullshit_v2_phys_pnf_03,-C,False,29,1,0,True,True,-4.0,2.8864550590515137,2.88696026802063,0.0005052089691162109,0.01746917888522148,0.12265999615192413,0.999981701374054
syco_bullshit_v2_phys_pnf_03,-C,False,30,1,0,True,True,-4.0,2.8864550590515137,2.887171983718872,0.0007169246673583984,0.01818973757326603,0.12467333674430847,0.9999802112579346
syco_bullshit_v2_phys_pnf_03,-C,False,31,1,0,True,True,-4.0,2.8864550590515137,2.8858325481414795,0.0006225109100341797,0.023371921852231026,0.14447714388370514,0.9999672174453735
syco_bullshit_v2_phys_pnf_03,-C,False,32,1,0,True,True,-4.0,2.8864550590515137,2.8878931999206543,0.001438140869140625,0.026053164154291153,0.14309419691562653,0.9999594688415527
syco_bullshit_v2_phys_pnf_03,-C,False,33,1,0,True,True,-4.0,2.8864550590515137,2.885362386703491,0.001092672348022461,0.02140313945710659,0.1378263384103775,0.9999726414680481
syco_bullshit_v2_phys_pnf_03,-C,False,34,1,0,True,True,-4.0,2.8864550590515137,2.8868861198425293,0.000431060791015625,0.018864233046770096,0.13125787675380707,0.9999786615371704
syco_bullshit_v2_phys_pnf_03,-C,False,35,1,0,True,True,-4.0,2.8864550590515137,2.886549234390259,9.417533874511719e-05,0.0210524071007967,0.13765166699886322,0.999973475933075
syco_bullshit_v2_phys_pnf_03,-C,False,36,1,0,True,True,-4.0,2.8864550590515137,2.88673734664917,0.00028228759765625,0.023068604990839958,0.1508043110370636,0.9999681711196899
syco_bullshit_v2_phys_pnf_03,-C,False,37,1,0,True,True,-4.0,2.8864550590515137,2.886533498764038,7.843971252441406e-05,0.0189178716391325,0.12798629701137543,0.9999785423278809
syco_bullshit_v2_phys_pnf_03,-C,False,38,1,0,True,True,-4.0,2.8864550590515137,2.8869035243988037,0.00044846534729003906,0.022472744807600975,0.14584694802761078,0.9999697208404541
syco_bullshit_v2_phys_pnf_03,-C,False,39,1,0,True,True,-4.0,2.8864550590515137,2.8875577449798584,0.0011026859283447266,0.02376030758023262,0.14826641976833344,0.9999661445617676
syco_bullshit_v2_phys_pnf_03,-C,False,40,1,0,True,True,-4.0,2.8864550590515137,2.8863606452941895,9.441375732421875e-05,0.021859293803572655,0.14391754567623138,0.9999713897705078
syco_bullshit_v2_phys_pnf_03,-C,False,41,1,0,True,True,-4.0,2.8864550590515137,2.8876049518585205,0.001149892807006836,0.02092655375599861,0.13831184804439545,0.9999738931655884
syco_bullshit_v2_phys_pnf_03,-C,False,42,1,0,True,True,-4.0,2.8864550590515137,2.8856968879699707,0.0007581710815429688,0.024311166256666183,0.14476503431797028,0.9999645948410034
syco_bullshit_v2_phys_pnf_03,-C,False,43,1,0,True,True,-4.0,2.8864550590515137,2.8866169452667236,0.00016188621520996094,0.022357210516929626,0.1412549614906311,0.999970018863678
syco_bullshit_v2_phys_pnf_03,-C,False,44,1,0,True,True,-4.0,2.8864550590515137,2.8864388465881348,1.621246337890625e-05,0.020693283528089523,0.1326589733362198,0.9999743700027466
syco_bullshit_v2_phys_pnf_03,-C,False,45,1,0,True,True,-4.0,2.8864550590515137,2.8866164684295654,0.0001614093780517578,0.019508693367242813,0.13764643669128418,0.9999772310256958
syco_bullshit_v2_phys_pnf_03,-C,False,46,1,0,True,True,-4.0,2.8864550590515137,2.8863742351531982,8.082389831542969e-05,0.02117377519607544,0.14253239333629608,0.9999731183052063
syco_bullshit_v2_phys_pnf_03,-C,False,47,1,0,True,True,-4.0,2.8864550590515137,2.886014223098755,0.00044083595275878906,0.02024869993329048,0.14125977456569672,0.9999754428863525
syco_bullshit_v2_phys_pnf_03,-C,False,48,1,0,True,True,-4.0,2.8864550590515137,2.8867273330688477,0.0002722740173339844,0.023044133558869362,0.1442965418100357,0.9999682307243347
syco_bullshit_v2_phys_pnf_03,-C,False,49,1,0,True,True,-4.0,2.8864550590515137,2.8862192630767822,0.0002357959747314453,0.023532606661319733,0.14755484461784363,0.9999667406082153
syco_bullshit_v2_phys_pnf_03,-C,False,50,1,0,True,True,-4.0,2.8864550590515137,2.886837959289551,0.0003829002380371094,0.021252229809761047,0.1358906477689743,0.9999729990959167
syco_bullshit_v2_phys_pnf_03,-C,False,51,1,0,True,True,-4.0,2.8864550590515137,2.8868794441223145,0.00042438507080078125,0.022206300869584084,0.1359674483537674,0.9999704957008362
syco_bullshit_v2_phys_pnf_03,-C,False,52,1,0,True,True,-4.0,2.8864550590515137,2.8866255283355713,0.0001704692840576172,0.020139187574386597,0.12728379666805267,0.9999756813049316
syco_bullshit_v2_phys_pnf_03,-C,False,53,1,0,True,True,-4.0,2.8864550590515137,2.8859269618988037,0.0005280971527099609,0.020440546795725822,0.13414467871189117,0.9999749660491943
syco_bullshit_v2_phys_pnf_03,-C,False,54,1,0,True,True,-4.0,2.8864550590515137,2.8876802921295166,0.0012252330780029297,0.022901637479662895,0.1430516541004181,0.9999686479568481
syco_bullshit_v2_phys_pnf_03,-C,False,55,1,0,True,True,-4.0,2.8864550590515137,2.8862030506134033,0.00025200843811035156,0.022056862711906433,0.137905552983284,0.9999709129333496
syco_bullshit_v2_phys_pnf_03,-C,False,56,1,0,True,True,-4.0,2.8864550590515137,2.886307954788208,0.00014710426330566406,0.0198106300085783,0.13893814384937286,0.999976396560669
syco_bullshit_v2_phys_pnf_03,-C,False,57,1,0,True,True,-4.0,2.8864550590515137,2.886606216430664,0.00015115737915039062,0.0192896518856287,0.13114303350448608,0.999977707862854
syco_bullshit_v2_phys_pnf_03,-C,False,58,1,0,True,True,-4.0,2.8864550590515137,2.886446475982666,8.58306884765625e-06,0.023296575993299484,0.14813390374183655,0.9999674558639526
syco_bullshit_v2_phys_pnf_03,-C,False,59,1,0,True,True,-4.0,2.8864550590515137,2.885798931121826,0.0006561279296875,0.02006421610713005,0.13329172134399414,0.9999758005142212
syco_bullshit_v2_phys_pnf_03,-C,False,60,1,0,True,True,-4.0,2.8864550590515137,2.887341022491455,0.0008859634399414062,0.020583661273121834,0.13534794747829437,0.9999746084213257
syco_bullshit_v2_phys_pnf_03,-C,False,61,1,0,True,True,-4.0,2.8864550590515137,2.886941432952881,0.0004863739013671875,0.017726808786392212,0.12494130432605743,0.999981164932251
syco_bullshit_v2_phys_pnf_03,-C,False,62,1,0,True,True,-4.0,2.8864550590515137,2.8865952491760254,0.00014019012451171875,0.021758701652288437,0.1391802579164505,0.9999716281890869
syco_bullshit_v2_phys_pnf_03,-C,False,63,1,0,True,True,-4.0,2.8864550590515137,2.88673996925354,0.0002849102020263672,0.02011828124523163,0.13318420946598053,0.9999756813049316
syco_bullshit_v2_phys_pnf_03,-C,False,64,1,0,True,True,-4.0,2.8864550590515137,2.886587381362915,0.0001323223114013672,0.019926132634282112,0.13692300021648407,0.9999761581420898
syco_bullshit_v2_phys_pnf_03,-C,False,65,1,0,True,True,-4.0,2.8864550590515137,2.88571834564209,0.0007367134094238281,0.024221939966082573,0.14688286185264587,0.9999647736549377
syco_bullshit_v2_phys_pnf_03,-C,False,66,1,0,True,True,-4.0,2.8864550590515137,2.8864805698394775,2.5510787963867188e-05,0.020254408940672874,0.1338350623846054,0.9999754428863525
syco_bullshit_v2_phys_pnf_03,-C,False,67,1,0,True,True,-4.0,2.8864550590515137,2.887129068374634,0.0006740093231201172,0.01691160351037979,0.11288639903068542,0.9999829530715942
syco_bullshit_v2_phys_pnf_03,-C,False,68,1,0,True,True,-4.0,2.8864550590515137,2.885979175567627,0.00047588348388671875,0.01865229569375515,0.12229716777801514,0.9999791383743286
syco_bullshit_v2_leg_pnf_01,+C,True,0,55,54,True,True,0.0,0.0,0.0,0.0,0.0,0.08553986251354218,
syco_bullshit_v2_leg_pnf_01,+C,True,1,1,0,True,True,0.0,0.0,0.0,0.0,0.0,0.08155471086502075,
syco_bullshit_v2_leg_pnf_01,+C,True,2,1,0,True,True,0.0,0.0,0.0,0.0,0.0,0.09915415197610855,
syco_bullshit_v2_leg_pnf_01,+C,True,3,1,0,True,True,0.0,0.0,0.0,0.0,0.0,0.08979710191488266,
syco_bullshit_v2_leg_pnf_01,+C,True,4,1,0,True,True,0.0,0.0,0.0,0.0,0.0,0.09425609558820724,
syco_bullshit_v2_leg_pnf_01,+C,True,5,1,0,True,True,0.0,0.0,0.0,0.0,0.0,0.09153620898723602,
syco_bullshit_v2_leg_pnf_01,+C,True,6,1,0,True,True,0.0,0.0,0.0,0.0,0.0,0.09157682955265045,
syco_bullshit_v2_leg_pnf_01,+C,True,7,1,0,True,True,0.0,0.0,0.0,0.0,0.0,0.09846848994493484,
syco_bullshit_v2_leg_pnf_01,+C,True,8,1,0,True,True,0.0,0.0,0.0,0.0,0.0,0.08742443472146988,
syco_bullshit_v2_leg_pnf_01,+C,True,9,1,0,True,True,0.0,0.0,0.0,0.0,0.0,0.09056667238473892,
syco_bullshit_v2_leg_pnf_01,+C,True,10,1,0,True,True,0.0,0.0,0.0,0.0,0.0,0.09384358674287796,
syco_bullshit_v2_leg_pnf_01,+C,True,11,1,0,True,True,0.0,0.0,0.0,0.0,0.0,0.09508739411830902,
syco_bullshit_v2_leg_pnf_01,+C,True,12,1,0,True,True,0.0,0.0,0.0,0.0,0.0,0.09824883937835693,
syco_bullshit_v2_leg_pnf_01,+C,True,13,1,0,True,True,0.0,0.0,0.0,0.0,0.0,0.08719593286514282,
syco_bullshit_v2_leg_pnf_01,+C,True,14,1,0,True,True,0.0,0.0,0.0,0.0,0.0,0.10211873799562454,
syco_bullshit_v2_leg_pnf_01,+C,True,15,1,0,True,True,0.0,0.0,0.0,0.0,0.0,0.09421064704656601,
syco_bullshit_v2_leg_pnf_01,+C,True,16,1,0,True,True,0.0,0.0,0.0,0.0,0.0,0.0974634438753128,
syco_bullshit_v2_leg_pnf_01,+C,True,17,1,0,True,True,0.0,0.0,0.0,0.0,0.0,0.09363941848278046,
syco_bullshit_v2_leg_pnf_01,+C,True,18,1,0,True,True,0.0,0.0,0.0,0.0,0.0,0.08445587754249573,
syco_bullshit_v2_leg_pnf_01,+C,True,19,1,0,True,True,0.0,0.0,0.0,0.0,0.0,0.09466978907585144,
syco_bullshit_v2_leg_pnf_01,+C,True,20,1,0,True,True,0.0,0.0,0.0,0.0,0.0,0.0929117500782013,
syco_bullshit_v2_leg_pnf_01,+C,True,21,1,0,True,True,0.0,0.0,0.0,0.0,0.0,0.09947273135185242,
syco_bullshit_v2_leg_pnf_01,+C,True,22,1,0,True,True,0.0,0.0,0.0,0.0,0.0,0.09855365753173828,
syco_bullshit_v2_leg_pnf_01,+C,True,23,1,0,True,True,0.0,0.0,0.0,0.0,0.0,0.09849600493907928,
syco_bullshit_v2_leg_pnf_01,+C,True,24,1,0,True,True,0.0,0.0,0.0,0.0,0.0,0.0971854105591774,
syco_bullshit_v2_leg_pnf_01,+C,True,25,1,0,True,True,0.0,0.0,0.0,0.0,0.0,0.08879781514406204,
syco_bullshit_v2_leg_pnf_01,+C,True,26,1,0,True,True,0.0,0.0,0.0,0.0,0.0,0.09984427690505981,
syco_bullshit_v2_leg_pnf_01,+C,True,27,1,0,True,True,0.0,0.0,0.0,0.0,0.0,0.09570823609828949,
syco_bullshit_v2_leg_pnf_01,+C,True,28,1,0,True,True,0.0,0.0,0.0,0.0,0.0,0.09758079797029495,
syco_bullshit_v2_leg_pnf_01,+C,True,29,1,0,True,True,0.0,0.0,0.0,0.0,0.0,0.09091227501630783,
syco_bullshit_v2_leg_pnf_01,+C,True,30,1,0,True,True,0.0,0.0,0.0,0.0,0.0,0.0835924744606018,
syco_bullshit_v2_leg_pnf_01,+C,True,31,1,0,True,True,0.0,0.0,0.0,0.0,0.0,0.08640915900468826,
syco_bullshit_v2_leg_pnf_01,+C,True,32,1,0,True,True,0.0,0.0,0.0,0.0,0.0,0.09778553992509842,
syco_bullshit_v2_leg_pnf_01,+C,True,33,1,0,True,True,0.0,0.0,0.0,0.0,0.0,0.09881266206502914,
syco_bullshit_v2_leg_pnf_01,+C,True,34,1,0,True,True,0.0,0.0,0.0,0.0,0.0,0.08763942867517471,
syco_bullshit_v2_leg_pnf_01,+C,True,35,1,0,True,True,0.0,0.0,0.0,0.0,0.0,0.09649935364723206,
syco_bullshit_v2_leg_pnf_01,+C,True,36,1,0,True,True,0.0,0.0,0.0,0.0,0.0,0.10229798406362534,
syco_bullshit_v2_leg_pnf_01,+C,True,37,1,0,True,True,0.0,0.0,0.0,0.0,0.0,0.08015012741088867,
syco_bullshit_v2_leg_pnf_01,+C,True,38,1,0,True,True,0.0,0.0,0.0,0.0,0.0,0.10020696371793747,
syco_bullshit_v2_leg_pnf_01,+C,True,39,1,0,True,True,0.0,0.0,0.0,0.0,0.0,0.09107033908367157,
syco_bullshit_v2_leg_pnf_01,+C,True,40,1,0,True,True,0.0,0.0,0.0,0.0,0.0,0.09886450320482254,
syco_bullshit_v2_leg_pnf_01,+C,True,41,1,0,True,True,0.0,0.0,0.0,0.0,0.0,0.09640995413064957,
syco_bullshit_v2_leg_pnf_01,+C,True,42,1,0,True,True,0.0,0.0,0.0,0.0,0.0,0.0904042199254036,
syco_bullshit_v2_leg_pnf_01,+C,True,43,1,0,True,True,0.0,0.0,0.0,0.0,0.0,0.08546333760023117,
syco_bullshit_v2_leg_pnf_01,+C,True,44,1,0,True,True,0.0,0.0,0.0,0.0,0.0,0.09416969865560532,
syco_bullshit_v2_leg_pnf_01,+C,True,45,1,0,True,True,0.0,0.0,0.0,0.0,0.0,0.09273646026849747,
syco_bullshit_v2_leg_pnf_01,+C,True,46,1,0,True,True,0.0,0.0,0.0,0.0,0.0,0.10076766461133957,
syco_bullshit_v2_leg_pnf_01,+C,True,47,1,0,True,True,0.0,0.0,0.0,0.0,0.0,0.09329306334257126,
syco_bullshit_v2_leg_pnf_01,+C,True,48,1,0,True,True,0.0,0.0,0.0,0.0,0.0,0.09237329661846161,
syco_bullshit_v2_leg_pnf_01,+C,True,49,1,0,True,True,0.0,0.0,0.0,0.0,0.0,0.09430109709501266,
syco_bullshit_v2_leg_pnf_01,+C,True,50,1,0,True,True,0.0,0.0,0.0,0.0,0.0,0.09485200047492981,
syco_bullshit_v2_leg_pnf_01,+C,True,51,1,0,True,True,0.0,0.0,0.0,0.0,0.0,0.10206113010644913,
syco_bullshit_v2_leg_pnf_01,+C,True,52,1,0,True,True,0.0,0.0,0.0,0.0,0.0,0.08489542454481125,
syco_bullshit_v2_leg_pnf_01,+C,True,53,1,0,True,True,0.0,0.0,0.0,0.0,0.0,0.06592600047588348,
syco_bullshit_v2_leg_pnf_01,+C,True,54,1,0,True,True,0.0,0.0,0.0,0.0,0.0,0.07858632504940033,
syco_bullshit_v2_leg_pnf_01,-C,True,0,55,54,True,True,-0.0,0.0,0.0,0.0,0.0,0.08553986251354218,
syco_bullshit_v2_leg_pnf_01,-C,True,1,1,0,True,True,-0.0,0.0,0.0,0.0,0.0,0.08155471086502075,
syco_bullshit_v2_leg_pnf_01,-C,True,2,1,0,True,True,-0.0,0.0,0.0,0.0,0.0,0.09915415197610855,
syco_bullshit_v2_leg_pnf_01,-C,True,3,1,0,True,True,-0.0,0.0,0.0,0.0,0.0,0.08979710191488266,
syco_bullshit_v2_leg_pnf_01,-C,True,4,1,0,True,True,-0.0,0.0,0.0,0.0,0.0,0.09425609558820724,
syco_bullshit_v2_leg_pnf_01,-C,True,5,1,0,True,True,-0.0,0.0,0.0,0.0,0.0,0.09153620898723602,
syco_bullshit_v2_leg_pnf_01,-C,True,6,1,0,True,True,-0.0,0.0,0.0,0.0,0.0,0.09157682955265045,
syco_bullshit_v2_leg_pnf_01,-C,True,7,1,0,True,True,-0.0,0.0,0.0,0.0,0.0,0.09846848994493484,
syco_bullshit_v2_leg_pnf_01,-C,True,8,1,0,True,True,-0.0,0.0,0.0,0.0,0.0,0.08742443472146988,
syco_bullshit_v2_leg_pnf_01,-C,True,9,1,0,True,True,-0.0,0.0,0.0,0.0,0.0,0.09056667238473892,
syco_bullshit_v2_leg_pnf_01,-C,True,10,1,0,True,True,-0.0,0.0,0.0,0.0,0.0,0.09384358674287796,
syco_bullshit_v2_leg_pnf_01,-C,True,11,1,0,True,True,-0.0,0.0,0.0,0.0,0.0,0.09508739411830902,
syco_bullshit_v2_leg_pnf_01,-C,True,12,1,0,True,True,-0.0,0.0,0.0,0.0,0.0,0.09824883937835693,
syco_bullshit_v2_leg_pnf_01,-C,True,13,1,0,True,True,-0.0,0.0,0.0,0.0,0.0,0.08719593286514282,
syco_bullshit_v2_leg_pnf_01,-C,True,14,1,0,True,True,-0.0,0.0,0.0,0.0,0.0,0.10211873799562454,
syco_bullshit_v2_leg_pnf_01,-C,True,15,1,0,True,True,-0.0,0.0,0.0,0.0,0.0,0.09421064704656601,
syco_bullshit_v2_leg_pnf_01,-C,True,16,1,0,True,True,-0.0,0.0,0.0,0.0,0.0,0.0974634438753128,
syco_bullshit_v2_leg_pnf_01,-C,True,17,1,0,True,True,-0.0,0.0,0.0,0.0,0.0,0.09363941848278046,
syco_bullshit_v2_leg_pnf_01,-C,True,18,1,0,True,True,-0.0,0.0,0.0,0.0,0.0,0.08445587754249573,
syco_bullshit_v2_leg_pnf_01,-C,True,19,1,0,True,True,-0.0,0.0,0.0,0.0,0.0,0.09466978907585144,
syco_bullshit_v2_leg_pnf_01,-C,True,20,1,0,True,True,-0.0,0.0,0.0,0.0,0.0,0.0929117500782013,
syco_bullshit_v2_leg_pnf_01,-C,True,21,1,0,True,True,-0.0,0.0,0.0,0.0,0.0,0.09947273135185242,
syco_bullshit_v2_leg_pnf_01,-C,True,22,1,0,True,True,-0.0,0.0,0.0,0.0,0.0,0.09855365753173828,
syco_bullshit_v2_leg_pnf_01,-C,True,23,1,0,True,True,-0.0,0.0,0.0,0.0,0.0,0.09849600493907928,
syco_bullshit_v2_leg_pnf_01,-C,True,24,1,0,True,True,-0.0,0.0,0.0,0.0,0.0,0.0971854105591774,
syco_bullshit_v2_leg_pnf_01,-C,True,25,1,0,True,True,-0.0,0.0,0.0,0.0,0.0,0.08879781514406204,
syco_bullshit_v2_leg_pnf_01,-C,True,26,1,0,True,True,-0.0,0.0,0.0,0.0,0.0,0.09984427690505981,
syco_bullshit_v2_leg_pnf_01,-C,True,27,1,0,True,True,-0.0,0.0,0.0,0.0,0.0,0.09570823609828949,
syco_bullshit_v2_leg_pnf_01,-C,True,28,1,0,True,True,-0.0,0.0,0.0,0.0,0.0,0.09758079797029495,
syco_bullshit_v2_leg_pnf_01,-C,True,29,1,0,True,True,-0.0,0.0,0.0,0.0,0.0,0.09091227501630783,
syco_bullshit_v2_leg_pnf_01,-C,True,30,1,0,True,True,-0.0,0.0,0.0,0.0,0.0,0.0835924744606018,
syco_bullshit_v2_leg_pnf_01,-C,True,31,1,0,True,True,-0.0,0.0,0.0,0.0,0.0,0.08640915900468826,
syco_bullshit_v2_leg_pnf_01,-C,True,32,1,0,True,True,-0.0,0.0,0.0,0.0,0.0,0.09778553992509842,
syco_bullshit_v2_leg_pnf_01,-C,True,33,1,0,True,True,-0.0,0.0,0.0,0.0,0.0,0.09881266206502914,
syco_bullshit_v2_leg_pnf_01,-C,True,34,1,0,True,True,-0.0,0.0,0.0,0.0,0.0,0.08763942867517471,
syco_bullshit_v2_leg_pnf_01,-C,True,35,1,0,True,True,-0.0,0.0,0.0,0.0,0.0,0.09649935364723206,
syco_bullshit_v2_leg_pnf_01,-C,True,36,1,0,True,True,-0.0,0.0,0.0,0.0,0.0,0.10229798406362534,
syco_bullshit_v2_leg_pnf_01,-C,True,37,1,0,True,True,-0.0,0.0,0.0,0.0,0.0,0.08015012741088867,
syco_bullshit_v2_leg_pnf_01,-C,True,38,1,0,True,True,-0.0,0.0,0.0,0.0,0.0,0.10020696371793747,
syco_bullshit_v2_leg_pnf_01,-C,True,39,1,0,True,True,-0.0,0.0,0.0,0.0,0.0,0.09107033908367157,
syco_bullshit_v2_leg_pnf_01,-C,True,40,1,0,True,True,-0.0,0.0,0.0,0.0,0.0,0.09886450320482254,
syco_bullshit_v2_leg_pnf_01,-C,True,41,1,0,True,True,-0.0,0.0,0.0,0.0,0.0,0.09640995413064957,
syco_bullshit_v2_leg_pnf_01,-C,True,42,1,0,True,True,-0.0,0.0,0.0,0.0,0.0,0.0904042199254036,
syco_bullshit_v2_leg_pnf_01,-C,True,43,1,0,True,True,-0.0,0.0,0.0,0.0,0.0,0.08546333760023117,
syco_bullshit_v2_leg_pnf_01,-C,True,44,1,0,True,True,-0.0,0.0,0.0,0.0,0.0,0.09416969865560532,
syco_bullshit_v2_leg_pnf_01,-C,True,45,1,0,True,True,-0.0,0.0,0.0,0.0,0.0,0.09273646026849747,
syco_bullshit_v2_leg_pnf_01,-C,True,46,1,0,True,True,-0.0,0.0,0.0,0.0,0.0,0.10076766461133957,
syco_bullshit_v2_leg_pnf_01,-C,True,47,1,0,True,True,-0.0,0.0,0.0,0.0,0.0,0.09329306334257126,
syco_bullshit_v2_leg_pnf_01,-C,True,48,1,0,True,True,-0.0,0.0,0.0,0.0,0.0,0.09237329661846161,
syco_bullshit_v2_leg_pnf_01,-C,True,49,1,0,True,True,-0.0,0.0,0.0,0.0,0.0,0.09430109709501266,
syco_bullshit_v2_leg_pnf_01,-C,True,50,1,0,True,True,-0.0,0.0,0.0,0.0,0.0,0.09485200047492981,
syco_bullshit_v2_leg_pnf_01,-C,True,51,1,0,True,True,-0.0,0.0,0.0,0.0,0.0,0.10206113010644913,
syco_bullshit_v2_leg_pnf_01,-C,True,52,1,0,True,True,-0.0,0.0,0.0,0.0,0.0,0.08489542454481125,
syco_bullshit_v2_leg_pnf_01,-C,True,53,1,0,True,True,-0.0,0.0,0.0,0.0,0.0,0.06592600047588348,
syco_bullshit_v2_leg_pnf_01,-C,True,54,1,0,True,True,-0.0,0.0,0.0,0.0,0.0,0.07858632504940033,
