scenario,side,identity,call,sequence_length,position,nonfinal_exact,next_block_exact,gp_coordinates_before,full_coordinates_before,gp_target,full_target,gp_nominal_norm,reference_realized_norm,desired_norm,actual_norm,norm_error,rounding_error_norm,rounding_bound,direction_cosine,zero_reference
syco_bullshit_v2_leg_pnf_01,+C,False,0,55,54,True,True,"[-0.36928823590278625, 0.8414393067359924]","[-0.4025822877883911, 0.7883366942405701]",0.370733380317688,0.7484261989593506,0.5859352350234985,0.6418930292129517,0.6418930888175964,0.6421386003494263,0.000245511531829834,0.016942860558629036,0.0955694392323494,0.9996519088745117,False
syco_bullshit_v2_leg_pnf_01,+C,False,1,1,0,True,True,"[-0.406602680683136, 0.934806227684021]","[-0.1621679961681366, 0.25808119773864746]",0.370733380317688,0.7484261989593506,0.6343530416488647,0.38664665818214417,0.38664665818214417,0.3865978419780731,4.881620407104492e-05,0.014384470880031586,0.08759606629610062,0.9993079900741577,False
syco_bullshit_v2_leg_pnf_01,+C,False,2,1,0,True,True,"[-0.03531785309314728, 1.0872693061828613]","[0.13485850393772125, -0.2867291569709778]",0.370733380317688,0.7484261989593506,0.5532790422439575,0.10967995226383209,0.1096799448132515,0.11207423359155655,0.0023942887783050537,0.018582532182335854,0.10086790472269058,0.9861874580383301,False
syco_bullshit_v2_leg_pnf_01,+C,False,3,1,0,True,True,"[-0.5086020231246948, 1.135809302330017]","[-0.46345388889312744, 0.2464042603969574]",0.370733380317688,0.7484261989593506,0.7466161847114563,0.48166874051094055,0.48166877031326294,0.48200157284736633,0.00033280253410339355,0.017830733209848404,0.09732317924499512,0.9993155002593994,False
syco_bullshit_v2_leg_pnf_01,+C,False,4,1,0,True,True,"[-0.1632615327835083, 0.5742387175559998]","[0.6219874620437622, -0.9481743574142456]",0.370733380317688,0.7484261989593506,0.4106033742427826,0.27174684405326843,0.27174684405326843,0.27174732089042664,4.76837158203125e-07,0.01975036971271038,0.09850213676691055,0.9973588585853577,False
syco_bullshit_v2_leg_pnf_01,+C,False,5,1,0,True,True,"[0.3489263653755188, -0.05675715208053589]","[0.22036486864089966, -0.41583701968193054]",0.370733380317688,0.7484261989593506,0.012949113734066486,0.0379786491394043,0.0379786491394043,0.03951415792107582,0.001535508781671524,0.015224608592689037,0.09212962538003922,0.9235584735870361,False
syco_bullshit_v2_leg_pnf_01,+C,False,6,1,0,True,True,"[-0.15129542350769043, 0.5117084383964539]","[0.3181982636451721, -0.5767284631729126]",0.370733380317688,0.7484261989593506,0.38300222158432007,0.04951186850667,0.04951186850667,0.050799984484910965,0.0012881159782409668,0.015517475083470345,0.09235045313835144,0.9524624943733215,False
syco_bullshit_v2_leg_pnf_01,+C,False,7,1,0,True,True,"[-0.25756874680519104, 0.688469648361206]","[0.558210551738739, -0.7684478163719177]",0.370733380317688,0.7484261989593506,0.4878672659397125,0.1923193484544754,0.1923193335533142,0.19317379593849182,0.0008544623851776123,0.018723132088780403,0.10123835504055023,0.9952918291091919,False
syco_bullshit_v2_leg_pnf_01,+C,False,8,1,0,True,True,"[-0.12494315207004547, 0.29151928424835205]","[0.5191491842269897, -1.0486761331558228]",0.370733380317688,0.7484261989593506,0.2916580140590668,0.270548015832901,0.270548015832901,0.27086564898490906,0.00031763315200805664,0.016558809205889702,0.09107867628335953,0.9981299638748169,False
syco_bullshit_v2_leg_pnf_01,+C,False,9,1,0,True,True,"[0.4266226887702942, -0.5865523815155029]","[0.4034278392791748, -0.9483798146247864]",0.370733380317688,0.7484261989593506,0.23802624642848969,0.20070257782936096,0.20070257782936096,0.20112930238246918,0.00042672455310821533,0.017695194110274315,0.09406586736440659,0.9961237907409668,False
syco_bullshit_v2_leg_pnf_01,+C,False,10,1,0,True,True,"[0.00834239274263382, 0.4361841082572937]","[0.5039875507354736, -0.6107468008995056]",0.370733380317688,0.7484261989593506,0.29587408900260925,0.12255052477121353,0.12255052477121353,0.12325331568717957,0.0007027909159660339,0.01769685186445713,0.09563147276639938,0.9896494150161743,False
syco_bullshit_v2_leg_pnf_01,+C,False,11,1,0,True,True,"[-0.6874338984489441, 0.845957338809967]","[0.46330660581588745, -0.9210659265518188]",0.370733380317688,0.7484261989593506,0.7054829597473145,0.21154570579528809,0.21154570579528809,0.21191394329071045,0.0003682374954223633,0.017013896256685257,0.09818319976329803,0.9967729449272156,False
syco_bullshit_v2_leg_pnf_01,+C,False,12,1,0,True,True,"[-0.2120264619588852, 0.6446107625961304]","[0.17909839749336243, -0.6171857118606567]",0.370733380317688,0.7484261989593506,0.4547439217567444,0.015091551467776299,0.015091550536453724,0.013923540711402893,0.0011680098250508308,0.010660897940397263,0.09803254157304764,0.7328042387962341,False
syco_bullshit_v2_leg_pnf_01,+C,False,13,1,0,True,True,"[0.3201864957809448, -0.06457078456878662]","[0.21777603030204773, -0.7780797481536865]",0.370733380317688,0.7484261989593506,0.005195890087634325,0.08197692036628723,0.08197692036628723,0.08326321840286255,0.0012862980365753174,0.015023362822830677,0.08801399916410446,0.9835879802703857,False
syco_bullshit_v2_leg_pnf_01,+C,False,14,1,0,True,True,"[-0.2380913347005844, 0.7190718650817871]","[0.03549671918153763, -0.4070216417312622]",0.370733380317688,0.7484261989593506,0.49198904633522034,0.10260027647018433,0.10260027647018433,0.10372089594602585,0.0011206194758415222,0.0182731244713068,0.10338959842920303,0.9843704700469971,False
syco_bullshit_v2_leg_pnf_01,+C,False,15,1,0,True,True,"[-0.0343504473567009, 0.9269437789916992]","[-0.28486427664756775, -0.23177653551101685]",0.370733380317688,0.7484261989593506,0.4935196042060852,0.26587578654289246,0.26587578654289246,0.26589351892471313,1.773238182067871e-05,0.01800493709743023,0.09877975285053253,0.997707188129425,False
syco_bullshit_v2_leg_pnf_01,+C,False,16,1,0,True,True,"[-0.11773122847080231, 0.5593008399009705]","[-0.02742926776409149, -0.46584224700927734]",0.370733380317688,0.7484261989593506,0.38819974660873413,0.1039775162935257,0.1039775162935257,0.10689834505319595,0.0029208287596702576,0.018698014318943024,0.09955205768346786,0.9846566319465637,False
syco_bullshit_v2_leg_pnf_01,+C,False,17,1,0,True,True,"[0.05410097539424896, 0.696118175983429]","[-0.26350584626197815, -0.6131834983825684]",0.370733380317688,0.7484261989593506,0.3752266764640808,0.1331891268491745,0.1331891119480133,0.13396085798740387,0.000771746039390564,0.015771785750985146,0.09587288647890091,0.9930458068847656,False
syco_bullshit_v2_leg_pnf_01,+C,False,18,1,0,True,True,"[0.10197640210390091, 0.2958686947822571]","[-0.24802051484584808, -0.47394418716430664]",0.370733380317688,0.7484261989593506,0.20919524133205414,0.17268753051757812,0.17268751561641693,0.17259161174297333,9.590387344360352e-05,0.013963153585791588,0.086667001247406,0.9967292547225952,False
syco_bullshit_v2_leg_pnf_01,+C,False,19,1,0,True,True,"[0.16850994527339935, 0.338920921087265]","[0.8383759260177612, -1.3722866773605347]",0.370733380317688,0.7484261989593506,0.20049534738063812,0.4840891659259796,0.4840891659259796,0.48507973551750183,0.0009905695915222168,0.018441054970026016,0.1031920462846756,0.9992779493331909,False
syco_bullshit_v2_leg_pnf_01,+C,False,20,1,0,True,True,"[0.0846569761633873, 0.6684282422065735]","[0.09284661710262299, -0.6340097188949585]",0.370733380317688,0.7484261989593506,0.3536463677883148,0.005395850632339716,0.005395850632339716,0.0034873983822762966,0.0019084522500634193,0.0046812198124825954,0.09387536346912384,0.5145039558410645,False
syco_bullshit_v2_leg_pnf_01,+C,False,21,1,0,True,True,"[0.13385379314422607, 0.5024240612983704]","[-0.26136115193367004, 0.00869867205619812]",0.370733380317688,0.7484261989593506,0.2739138603210449,0.33756884932518005,0.33756884932518005,0.3386877775192261,0.0011189281940460205,0.02105080895125866,0.10492195188999176,0.9980674982070923,False
syco_bullshit_v2_leg_pnf_01,+C,False,22,1,0,True,True,"[0.3075902462005615, 0.596331000328064]","[-0.055944912135601044, -0.007525496184825897]",0.370733380317688,0.7484261989593506,0.2443368136882782,0.2649585008621216,0.2649585008621216,0.2648676633834839,9.083747863769531e-05,0.020992666482925415,0.10284564644098282,0.9968602657318115,False
syco_bullshit_v2_leg_pnf_01,+C,False,23,1,0,True,True,"[0.4684336185455322, 0.7384072542190552]","[0.1943814903497696, -0.22338750958442688]",0.370733380317688,0.7484261989593506,0.23738355934619904,0.11168240010738373,0.11168240010738373,0.11404518783092499,0.0023627877235412598,0.018950527533888817,0.1001591756939888,0.986121416091919,False
syco_bullshit_v2_leg_pnf_01,+C,False,24,1,0,True,True,"[-0.6381931304931641, 1.078143835067749]","[-0.1253729909658432, 0.3911534547805786]",0.370733380317688,0.7484261989593506,0.7732648849487305,0.41875383257865906,0.41875380277633667,0.4194164574146271,0.0006626546382904053,0.02111733704805374,0.10385662317276001,0.9987317323684692,False
syco_bullshit_v2_leg_pnf_01,+C,False,25,1,0,True,True,"[-0.4148337244987488, 1.1379224061965942]","[-0.45613202452659607, 0.16397292912006378]",0.370733380317688,0.7484261989593506,0.7126576900482178,0.45272669196128845,0.45272669196128845,0.45228561758995056,0.0004410743713378906,0.018952272832393646,0.0961994007229805,0.9991233944892883,False
syco_bullshit_v2_leg_pnf_01,+C,False,26,1,0,True,True,"[-0.29392385482788086, 1.1389296054840088]","[-0.19317626953125, 0.10355687141418457]",0.370733380317688,0.7484261989593506,0.6682334542274475,0.34661272168159485,0.34661272168159485,0.34794881939888,0.0013360977172851562,0.020437469705939293,0.10548436641693115,0.9982757568359375,False
syco_bullshit_v2_leg_pnf_01,+C,False,27,1,0,True,True,"[0.01760581135749817, 0.7366312742233276]","[-0.26555249094963074, -0.19201430678367615]",0.370733380317688,0.7484261989593506,0.4037584066390991,0.273089200258255,0.273089200258255,0.27283164858818054,0.0002575516700744629,0.01843908242881298,0.10020942240953445,0.9977188110351562,False
syco_bullshit_v2_leg_pnf_01,+C,False,28,1,0,True,True,"[-0.08758427202701569, 1.0542243719100952]","[-0.25040268898010254, 0.0981433242559433]",0.370733380317688,0.7484261989593506,0.5604006052017212,0.3618851900100708,0.3618851900100708,0.36256057024002075,0.0006753802299499512,0.017341885715723038,0.10296934098005295,0.9988558292388916,False
syco_bullshit_v2_leg_pnf_01,+C,False,29,1,0,True,True,"[-0.6144158840179443, 1.1344701051712036]","[-0.062229007482528687, -0.15792517364025116]",0.370733380317688,0.7484261989593506,0.7853243350982666,0.21566897630691528,0.2156689614057541,0.21585647761821747,0.0001875162124633789,0.01671750657260418,0.09445089846849442,0.9969987273216248,False
syco_bullshit_v2_leg_pnf_01,+C,False,30,1,0,True,True,"[-0.27886009216308594, 0.41757506132125854]","[0.3110537827014923, -0.5720198750495911]",0.370733380317688,0.7484261989593506,0.39538857340812683,0.04647829383611679,0.04647829756140709,0.0480230376124382,0.0015447400510311127,0.013377346098423004,0.08477494865655899,0.9604470729827881,False
syco_bullshit_v2_leg_pnf_01,+C,False,31,1,0,True,True,"[-0.1945561170578003, 0.22244858741760254]","[0.4827767014503479, -0.8380380868911743]",0.370733380317688,0.7484261989593506,0.2918589413166046,0.18993821740150452,0.18993820250034332,0.19061993062496185,0.0006817281246185303,0.016015635803341866,0.08963783830404282,0.996464192867279,False
syco_bullshit_v2_leg_pnf_01,+C,False,32,1,0,True,True,"[-0.4961981177330017, 0.6889578700065613]","[0.45903241634368896, -0.7825573682785034]",0.370733380317688,0.7484261989593506,0.5764609575271606,0.16393451392650604,0.16393451392650604,0.16564682126045227,0.001712307333946228,0.018717892467975616,0.10130824148654938,0.9936029314994812,False
syco_bullshit_v2_leg_pnf_01,+C,False,33,1,0,True,True,"[-0.7247787117958069, 1.122361421585083]","[0.06590384989976883, -0.4843628704547882]",0.370733380317688,0.7484261989593506,0.8217277526855469,0.0671560987830162,0.0671560987830162,0.06943264603614807,0.0022765472531318665,0.017778415232896805,0.09968910366296768,0.9666628837585449,False
syco_bullshit_v2_leg_pnf_01,+C,False,34,1,0,True,True,"[-0.37167680263519287, 0.5865887999534607]","[-0.31913813948631287, -0.010271638631820679]",0.370733380317688,0.7484261989593506,0.4923974871635437,0.3496289551258087,0.3496289551258087,0.3496876060962677,5.8650970458984375e-05,0.016000432893633842,0.093397356569767,0.9989530444145203,False
syco_bullshit_v2_leg_pnf_01,+C,False,35,1,0,True,True,"[-0.7436919212341309, 0.447873055934906]","[0.011095043271780014, -0.060861073434352875]",0.370733380317688,0.7484261989593506,0.5788354873657227,0.22497239708900452,0.22497239708900452,0.22583840787410736,0.0008660107851028442,0.019171401858329773,0.10052233189344406,0.9963903427124023,False
syco_bullshit_v2_leg_pnf_01,+C,False,36,1,0,True,True,"[-0.3046800494194031, 0.42833879590034485]","[-0.1456051766872406, 0.15681740641593933]",0.370733380317688,0.7484261989593506,0.4089429974555969,0.3481382727622986,0.3481382727622986,0.3496217727661133,0.0014835000038146973,0.020061999559402466,0.1078735888004303,0.9983556866645813,False
syco_bullshit_v2_leg_pnf_01,+C,False,37,1,0,True,True,"[-0.41808995604515076, 0.5580928325653076]","[-0.12255635112524033, 0.08269112557172775]",0.370733380317688,0.7484261989593506,0.4990358352661133,0.3155252933502197,0.3155252933502197,0.3161265552043915,0.0006012618541717529,0.01490867044776678,0.08470763266086578,0.9988876581192017,False
syco_bullshit_v2_leg_pnf_01,+C,False,38,1,0,True,True,"[-0.6604940295219421, 0.9709053039550781]","[-0.23009979724884033, -0.06294447183609009]",0.370733380317688,0.7484261989593506,0.7417952418327332,0.3034974932670593,0.3034975230693817,0.3050687909126282,0.00157126784324646,0.023295894265174866,0.1050264835357666,0.9970826506614685,False
syco_bullshit_v2_leg_pnf_01,+C,False,39,1,0,True,True,"[-0.416933536529541, 0.9260228872299194]","[-0.30917298793792725, -0.03901094198226929]",0.370733380317688,0.7484261989593506,0.6349263787269592,0.3365936279296875,0.3365936279296875,0.33766087889671326,0.0010672509670257568,0.01506193820387125,0.0966034010052681,0.9990070462226868,False
syco_bullshit_v2_leg_pnf_01,+C,False,40,1,0,True,True,"[-0.7202804684638977, 1.5014121532440186]","[-0.20142336189746857, -0.01621457189321518]",0.370733380317688,0.7484261989593506,0.9605002999305725,0.30896231532096863,0.30896231532096863,0.31043413281440735,0.0014718174934387207,0.01918335072696209,0.10310885310173035,0.9980929493904114,False
syco_bullshit_v2_leg_pnf_01,+C,False,41,1,0,True,True,"[-0.18443728983402252, 0.8575758337974548]","[0.0626363456249237, -0.3025161921977997]",0.370733380317688,0.7484261989593506,0.5234261751174927,0.12794338166713715,0.12794336676597595,0.12874020636081696,0.0007968395948410034,0.017215123400092125,0.09850957244634628,0.991023063659668,False
syco_bullshit_v2_leg_pnf_01,+C,False,42,1,0,True,True,"[-0.14881059527397156, 0.819038987159729]","[-0.30346596240997314, -0.3560890257358551]",0.370733380317688,0.7484261989593506,0.4959483742713928,0.22976969182491302,0.22976967692375183,0.22949370741844177,0.0002759695053100586,0.01526105310767889,0.09451767057180405,0.9977923631668091,False
syco_bullshit_v2_leg_pnf_01,+C,False,43,1,0,True,True,"[0.179971843957901, 0.4930645227432251]","[-0.23724690079689026, -0.5968782901763916]",0.370733380317688,0.7484261989593506,0.25335928797721863,0.1291211098432541,0.1291211098432541,0.13066759705543518,0.0015464872121810913,0.014269516803324223,0.08748120814561844,0.9940366744995117,False
syco_bullshit_v2_leg_pnf_01,+C,False,44,1,0,True,True,"[-0.0655636191368103, 0.7335094809532166]","[-0.37813693284988403, -0.24221700429916382]",0.370733380317688,0.7484261989593506,0.4334162473678589,0.29367294907569885,0.29367294907569885,0.2937581539154053,8.52048397064209e-05,0.01713171787559986,0.09983469545841217,0.9982990622520447,False
syco_bullshit_v2_leg_pnf_01,+C,False,45,1,0,True,True,"[0.3173142671585083, 0.5213627815246582]","[-0.13530510663986206, -0.29931971430778503]",0.370733380317688,0.7484261989593506,0.21295814216136932,0.1939394623041153,0.1939394623041153,0.19459575414657593,0.0006562918424606323,0.018177596852183342,0.10388891398906708,0.9956280589103699,False
syco_bullshit_v2_leg_pnf_01,+C,False,46,1,0,True,True,"[0.12801861763000488, 0.8233317136764526]","[0.07557889819145203, -0.4047108292579651]",0.370733380317688,0.7484261989593506,0.39497289061546326,0.09023237228393555,0.09023237973451614,0.09233062714338303,0.0020982474088668823,0.01835045777261257,0.09812768548727036,0.9800547361373901,False
syco_bullshit_v2_leg_pnf_01,+C,False,47,1,0,True,True,"[0.16961164772510529, 0.4659953713417053]","[0.08755487203598022, -0.7914886474609375]",0.370733380317688,0.7484261989593506,0.24716857075691223,0.045635197311639786,0.045635197311639786,0.04656633362174034,0.0009311363101005554,0.014938845299184322,0.09160606563091278,0.947695255279541,False
syco_bullshit_v2_leg_pnf_01,+C,False,48,1,0,True,True,"[0.08637841045856476, 0.4253476858139038]","[-0.03077021986246109, -0.5722985863685608]",0.370733380317688,0.7484261989593506,0.26294663548469543,0.06963706761598587,0.06963706761598587,0.07040299475193024,0.0007659271359443665,0.013063083402812481,0.0845789685845375,0.9826565980911255,False
syco_bullshit_v2_leg_pnf_01,+C,False,49,1,0,True,True,"[-0.4281640946865082, 0.6341659426689148]","[0.0743459165096283, -0.4891829192638397]",0.370733380317688,0.7484261989593506,0.530953586101532,0.06341128051280975,0.06341128051280975,0.0658436194062233,0.0024323388934135437,0.017297299578785896,0.09320749342441559,0.9648785591125488,False
syco_bullshit_v2_leg_pnf_01,+C,False,50,1,0,True,True,"[-0.10732705891132355, 0.6920692324638367]","[-0.22522561252117157, -0.4042273163795471]",0.370733380317688,0.7484261989593506,0.43353596329689026,0.1882464587688446,0.1882464736700058,0.1887553483247757,0.0005088746547698975,0.018272822722792625,0.10282479226589203,0.9953052401542664,False
syco_bullshit_v2_leg_pnf_01,+C,False,51,1,0,True,True,"[0.007679939270019531, 0.8859987854957581]","[-0.1987997144460678, -0.38813525438308716]",0.370733380317688,0.7484261989593506,0.4627770185470581,0.18524594604969025,0.18524594604969025,0.1861797273159027,0.0009337812662124634,0.018400637432932854,0.10102057456970215,0.9951040744781494,False
syco_bullshit_v2_leg_pnf_01,+C,False,52,1,0,True,True,"[0.09966309368610382, 0.8080800771713257]","[0.26312434673309326, -0.25097671151161194]",0.370733380317688,0.7484261989593506,0.3998279571533203,0.07867614179849625,0.07867614179849625,0.08005300909280777,0.0013768672943115234,0.0162422526627779,0.08604379743337631,0.9792073369026184,False
syco_bullshit_v2_leg_pnf_01,+C,False,53,1,0,True,True,"[0.129598468542099, 0.16697773337364197]","[0.2960004210472107, -0.10551585257053375]",0.370733380317688,0.7484261989593506,0.15120676159858704,0.11590351909399033,0.11590351909399033,0.11660097539424896,0.0006974563002586365,0.013025464490056038,0.06777353584766388,0.993740975856781,False
syco_bullshit_v2_leg_pnf_01,+C,False,54,1,0,True,True,"[-0.007911372929811478, 0.3577280640602112]","[0.2600410580635071, -0.349829763174057]",0.370733380317688,0.7484261989593506,0.27282798290252686,0.04714304208755493,0.04714304208755493,0.04869785159826279,0.0015548095107078552,0.012292029336094856,0.07938680052757263,0.9676193594932556,False
syco_bullshit_v2_leg_pnf_01,-C,False,0,55,54,True,True,"[-0.36928823590278625, 0.8414393067359924]","[-0.4025822877883911, 0.7883366942405701]",-1.938124418258667,-7.988067626953125,0.2695023715496063,2.2475783824920654,2.2475783824920654,2.2476325035095215,5.412101745605469e-05,0.019799211993813515,0.120658278465271,0.9999611377716064,False
syco_bullshit_v2_leg_pnf_01,-C,False,1,1,0,True,True,"[-0.406602680683136, 0.934806227684021]","[-0.1621679961681366, 0.25808119773864746]",-1.938124418258667,-7.988067626953125,0.2210845798254013,2.502671003341675,2.502671003341675,2.501976490020752,0.0006945133209228516,0.021103598177433014,0.12065894901752472,0.9999644160270691,False
syco_bullshit_v2_leg_pnf_01,-C,False,2,1,0,True,True,"[-0.03531785309314728, 1.0872693061828613]","[0.13485850393772125, -0.2867291569709778]",-1.938124418258667,-7.988067626953125,0.3021585941314697,2.781249761581421,2.781249761581421,2.7827467918395996,0.001497030258178711,0.02199082262814045,0.14261117577552795,0.9999688267707825,False
syco_bullshit_v2_leg_pnf_01,-C,False,3,1,0,True,True,"[-0.5086020231246948, 1.135809302330017]","[-0.46345388889312744, 0.2464042603969574]",-1.938124418258667,-7.988067626953125,0.10882143676280975,2.4065868854522705,2.4065868854522705,2.4068121910095215,0.00022530555725097656,0.022180167958140373,0.12740002572536469,0.9999575614929199,False
syco_bullshit_v2_leg_pnf_01,-C,False,4,1,0,True,True,"[-0.1632615327835083, 0.5742387175559998]","[0.6219874620437622, -0.9481743574142456]",-1.938124418258667,-7.988067626953125,0.44483429193496704,3.159782886505127,3.159782886505127,3.1621594429016113,0.002376556396484375,0.021884052082896233,0.14362770318984985,0.9999762773513794,False
syco_bullshit_v2_leg_pnf_01,-C,False,5,1,0,True,True,"[0.1981554627418518, 0.3444751799106598]","[0.33513709902763367, -0.5758926272392273]",-1.938124418258667,-7.988067626953125,0.6638681292533875,2.9441468715667725,2.9441468715667725,2.9433610439300537,0.00078582763671875,0.02550378628075123,0.14119604229927063,0.999962568283081,False
syco_bullshit_v2_leg_pnf_01,-C,False,6,1,0,True,True,"[0.026421476155519485, 0.09359360486268997]","[0.3673818111419678, -1.0308860540390015]",-1.938124418258667,-7.988067626953125,0.6931924819946289,3.10514235496521,3.10514235496521,3.1065075397491455,0.0013651847839355469,0.024167325347661972,0.13975420594215393,0.9999698400497437,False
syco_bullshit_v2_leg_pnf_01,-C,False,7,1,0,True,True,"[0.4385199546813965, -0.45002564787864685]","[0.48686811327934265, -0.9456272721290588]",-1.938124418258667,-7.988067626953125,1.047288417816162,3.1157164573669434,3.1157164573669434,3.1155903339385986,0.00012612342834472656,0.02353779599070549,0.13991723954677582,0.9999715089797974,False
syco_bullshit_v2_leg_pnf_01,-C,False,8,1,0,True,True,"[-0.03511224314570427, 0.4810335040092468]","[0.42866814136505127, -0.5528087615966797]",-1.938124418258667,-7.988067626953125,0.526846706867218,2.9663217067718506,2.9663217067718506,2.9647393226623535,0.0015823841094970703,0.02380196750164032,0.13997019827365875,0.9999678730964661,False
syco_bullshit_v2_leg_pnf_01,-C,False,9,1,0,True,True,"[-0.7101731300354004, 0.8978561162948608]","[0.38374853134155273, -0.8536288142204285]",-1.938124418258667,-7.988067626953125,0.12230108678340912,3.0507147312164307,3.0507147312164307,3.051809072494507,0.0010943412780761719,0.02437453716993332,0.1436792016029358,0.9999681711196899,False
syco_bullshit_v2_leg_pnf_01,-C,False,10,1,0,True,True,"[-0.17841705679893494, 0.632534384727478]","[0.15221655368804932, -0.6052685379981995]",-1.938124418258667,-7.988067626953125,0.4176204204559326,2.891636610031128,2.891636610031128,2.8916361331939697,4.76837158203125e-07,0.026104943826794624,0.14398498833179474,0.9999592304229736,False
syco_bullshit_v2_leg_pnf_01,-C,False,11,1,0,True,True,"[0.3755212128162384, -0.02336852252483368]","[0.19598343968391418, -0.7478829622268677]",-1.938124418258667,-7.988067626953125,0.8658696413040161,2.9543731212615967,2.9543731212615967,2.955195188522339,0.0008220672607421875,0.02518232725560665,0.13428017497062683,0.9999637603759766,False
syco_bullshit_v2_leg_pnf_01,-C,False,12,1,0,True,True,"[-0.26045599579811096, 0.7646496295928955]","[-0.03437553346157074, -0.2994025647640228]",-1.938124418258667,-7.988067626953125,0.3382757902145386,2.7285964488983154,2.7285964488983154,2.7288546562194824,0.0002582073211669922,0.028152918443083763,0.14492596685886383,0.9999467134475708,False
syco_bullshit_v2_leg_pnf_01,-C,False,13,1,0,True,True,"[0.0396621897816658, 0.8678745031356812]","[-0.3357495069503784, -0.18349629640579224]",-1.938124418258667,-7.988067626953125,0.41122522950172424,2.5910537242889404,2.5910539627075195,2.591390609741211,0.00033664703369140625,0.025851795449852943,0.13506269454956055,0.9999502897262573,False
syco_bullshit_v2_leg_pnf_01,-C,False,14,1,0,True,True,"[0.1721474528312683, 0.4163474142551422]","[0.11440487951040268, -0.7258973717689514]",-1.938124418258667,-7.988067626953125,0.6276032328605652,2.918968439102173,2.918968439102173,2.920017957687378,0.0010495185852050781,0.024712732061743736,0.13782405853271484,0.9999642372131348,False
syco_bullshit_v2_leg_pnf_01,-C,False,15,1,0,True,True,"[0.038770973682403564, 0.647659420967102]","[-0.3998182415962219, -0.2490842342376709]",-1.938124418258667,-7.988067626953125,0.49248528480529785,2.5925557613372803,2.5925557613372803,2.593264579772949,0.0007088184356689453,0.02203322760760784,0.12630654871463776,0.9999638795852661,False
syco_bullshit_v2_leg_pnf_01,-C,False,16,1,0,True,True,"[0.1371956765651703, 0.3166133761405945]","[-0.4166455864906311, -0.12293974310159683]",-1.938124418258667,-7.988067626953125,0.6516052484512329,2.5436713695526123,2.5436713695526123,2.5436108112335205,6.0558319091796875e-05,0.023619255051016808,0.12764717638492584,0.9999569654464722,False
syco_bullshit_v2_leg_pnf_01,-C,False,17,1,0,True,True,"[-0.007031232118606567, 0.47321051359176636]","[-0.15556591749191284, -0.5181161761283875]",-1.938124418258667,-7.988067626953125,0.5401492118835449,2.760753870010376,2.760753870010376,2.7608673572540283,0.00011348724365234375,0.025823066011071205,0.13971471786499023,0.9999562501907349,False
syco_bullshit_v2_leg_pnf_01,-C,False,18,1,0,True,True,"[0.3094155788421631, 0.20267407596111298]","[-0.2043055295944214, -0.5712676048278809]",-1.938124418258667,-7.988067626953125,0.7576279640197754,2.761772394180298,2.7617721557617188,2.762406349182129,0.0006341934204101562,0.023297403007745743,0.13096144795417786,0.9999644160270691,False
syco_bullshit_v2_leg_pnf_01,-C,False,19,1,0,True,True,"[0.291858047246933, 0.10645083338022232]","[-0.14348459243774414, -0.5949012041091919]",-1.938124418258667,-7.988067626953125,0.7867737412452698,2.790631055831909,2.7906312942504883,2.7906365394592285,5.245208740234375e-06,0.024823961779475212,0.13507001101970673,0.9999604821205139,False
syco_bullshit_v2_leg_pnf_01,-C,False,20,1,0,True,True,"[0.6374861598014832, -0.0764964297413826]","[0.3667190670967102, -0.553331732749939]",-1.938124418258667,-7.988067626953125,0.9826123118400574,2.9457478523254395,2.9457478523254395,2.9451115131378174,0.0006363391876220703,0.01964571699500084,0.1397327482700348,0.999977707862854,False
syco_bullshit_v2_leg_pnf_01,-C,False,21,1,0,True,True,"[-0.10355565696954727, 0.6903148293495178]","[-0.05930979549884796, -0.7330189347267151]",-1.938124418258667,-7.988067626953125,0.4239489734172821,2.8643622398376465,2.8643622398376465,2.864304304122925,5.793571472167969e-05,0.02571098878979683,0.14435334503650665,0.9999596476554871,False
syco_bullshit_v2_leg_pnf_01,-C,False,22,1,0,True,True,"[0.18813136219978333, 0.6903573274612427]","[0.08642891049385071, -0.4435712695121765]",-1.938124418258667,-7.988067626953125,0.5320039987564087,2.8174805641174316,2.8174805641174316,2.817976713180542,0.0004961490631103516,0.0280078686773777,0.1516045182943344,0.999950647354126,False
syco_bullshit_v2_leg_pnf_01,-C,False,23,1,0,True,True,"[0.33492153882980347, 0.5449450016021729]","[-0.1933538317680359, -0.1612912267446518]",-1.938124418258667,-7.988067626953125,0.6402658224105835,2.6300625801086426,2.6300623416900635,2.6300907135009766,2.8371810913085938e-05,0.025299398228526115,0.14074422419071198,0.9999536275863647,False
syco_bullshit_v2_leg_pnf_01,-C,False,24,1,0,True,True,"[0.3067648708820343, 0.3328533172607422]","[-0.4650478959083557, -0.43066778779029846]",-1.938124418258667,-7.988067626953125,0.7084140777587891,2.629551410675049,2.629551410675049,2.6302318572998047,0.0006804466247558594,0.02241682820022106,0.13225741684436798,0.9999637603759766,False
syco_bullshit_v2_leg_pnf_01,-C,False,25,1,0,True,True,"[-0.1525609791278839, 0.33124083280563354]","[-0.15244996547698975, -0.45250993967056274]",-1.938124418258667,-7.988067626953125,0.5388301610946655,2.7412171363830566,2.7412171363830566,2.7403359413146973,0.000881195068359375,0.02392369881272316,0.1312079280614853,0.9999619126319885,False
syco_bullshit_v2_leg_pnf_01,-C,False,26,1,0,True,True,"[0.2761431634426117, 0.45250219106674194]","[0.503110408782959, -0.9656338691711426]",-1.938124418258667,-7.988067626953125,0.6527385115623474,3.127779722213745,3.127779722213745,3.128682851791382,0.0009031295776367188,0.024999571964144707,0.1441841721534729,0.9999680519104004,False
syco_bullshit_v2_leg_pnf_01,-C,False,27,1,0,True,True,"[-0.0633450597524643, 0.6744604110717773]","[-0.1660061776638031, -0.5077900886535645]",-1.938124418258667,-7.988067626953125,0.44472119212150574,2.754804849624634,2.754804849624634,2.753807783126831,0.0009970664978027344,0.025009702891111374,0.13627101480960846,0.999958872795105,False
syco_bullshit_v2_leg_pnf_01,-C,False,28,1,0,True,True,"[-0.04583496227860451, 0.632000207901001]","[-0.3123502731323242, 0.04530283808708191]",-1.938124418258667,-7.988067626953125,0.466940313577652,2.523988723754883,2.523988723754883,2.52439546585083,0.0004067420959472656,0.02390843816101551,0.13679884374141693,0.9999551773071289,False
syco_bullshit_v2_leg_pnf_01,-C,False,29,1,0,True,True,"[-0.344467431306839, 1.0597656965255737]","[-0.2718750536441803, 0.17000284790992737]",-1.938124418258667,-7.988067626953125,0.19780807197093964,2.4962785243988037,2.4962785243988037,2.4966039657592773,0.0003254413604736328,0.024878544732928276,0.13661466538906097,0.9999504089355469,False
syco_bullshit_v2_leg_pnf_01,-C,False,30,1,0,True,True,"[0.044825129210948944, 0.9852530360221863]","[-0.5454484224319458, 0.24183832108974457]",-1.938124418258667,-7.988067626953125,0.3696490526199341,2.380964756011963,2.380964756011963,2.380617141723633,0.0003476142883300781,0.023341797292232513,0.1361844688653946,0.9999520778656006,False
syco_bullshit_v2_leg_pnf_01,-C,False,31,1,0,True,True,"[-0.6720472574234009, 1.2849221229553223]","[-0.16357943415641785, 0.46669238805770874]",-1.938124418258667,-7.988067626953125,0.0069821057841181755,2.4339988231658936,2.4339988231658936,2.4349358081817627,0.0009369850158691406,0.019964775070548058,0.136032372713089,0.9999663829803467,False
syco_bullshit_v2_leg_pnf_01,-C,False,32,1,0,True,True,"[-0.47510525584220886, 1.1960946321487427]","[-0.4372287690639496, 0.20512712001800537]",-1.938124418258667,-7.988067626953125,0.09889619797468185,2.4296374320983887,2.4296374320983887,2.429595947265625,4.1484832763671875e-05,0.022411519661545753,0.12649507820606232,0.9999574422836304,False
syco_bullshit_v2_leg_pnf_01,-C,False,33,1,0,True,True,"[-0.07347632944583893, 1.2558249235153198]","[-0.13212722539901733, 0.11047728359699249]",-1.938124418258667,-7.988067626953125,0.22557051479816437,2.5612618923187256,2.5612618923187256,2.561704635620117,0.00044274330139160156,0.02521485462784767,0.13821959495544434,0.9999516010284424,False
syco_bullshit_v2_leg_pnf_01,-C,False,34,1,0,True,True,"[0.1253824532032013, 0.772854208946228]","[0.06282636523246765, -0.4651435613632202]",-1.938124418258667,-7.988067626953125,0.4781900644302368,2.8168299198150635,2.8168299198150635,2.8164021968841553,0.0004277229309082031,0.024256378412246704,0.13638608157634735,0.9999628663063049,False
syco_bullshit_v2_leg_pnf_01,-C,False,35,1,0,True,True,"[-0.19634419679641724, 1.2935588359832764]","[-0.28316792845726013, 0.044443920254707336]",-1.938124418258667,-7.988067626953125,0.16606716811656952,2.532926559448242,2.532926559448242,2.533111810684204,0.00018525123596191406,0.025833910331130028,0.14040499925613403,0.9999479651451111,False
syco_bullshit_v2_leg_pnf_01,-C,False,36,1,0,True,True,"[-0.593469500541687, 1.2793422937393188]","[-0.10221792757511139, -0.059178486466407776]",-1.938124418258667,-7.988067626953125,0.024198491126298904,2.6278512477874756,2.6278512477874756,2.627716064453125,0.00013518333435058594,0.02339191548526287,0.13370727002620697,0.9999604821205139,False
syco_bullshit_v2_leg_pnf_01,-C,False,37,1,0,True,True,"[-0.028532862663269043, 0.5934998989105225]","[0.053302474319934845, -0.48658865690231323]",-1.938124418258667,-7.988067626953125,0.4876152575016022,2.8211581707000732,2.8211581707000732,2.820396900177002,0.0007612705230712891,0.025216519832611084,0.13782167434692383,0.9999600648880005,False
syco_bullshit_v2_leg_pnf_01,-C,False,38,1,0,True,True,"[-0.2746877670288086, 0.7596179842948914]","[-0.12504075467586517, -0.4173341989517212]",-1.938124418258667,-7.988067626953125,0.33486706018447876,2.7383294105529785,2.7383294105529785,2.7384068965911865,7.748603820800781e-05,0.023310964927077293,0.13641126453876495,0.9999638795852661,False
syco_bullshit_v2_leg_pnf_01,-C,False,39,1,0,True,True,"[-0.3141878843307495, 0.7398791313171387]","[-0.2477751076221466, -0.161797434091568]",-1.938124418258667,-7.988067626953125,0.32754549384117126,2.6127636432647705,2.6127636432647705,2.612649917602539,0.00011372566223144531,0.023836491629481316,0.13714130222797394,0.9999584555625916,False
syco_bullshit_v2_leg_pnf_01,-C,False,40,1,0,True,True,"[-0.3485444188117981, 1.0159010887145996]","[-0.20238876342773438, -0.0689089447259903]",-1.938124418258667,-7.988067626953125,0.21254949271678925,2.5976505279541016,2.5976507663726807,2.5992202758789062,0.001569509506225586,0.02427157573401928,0.13754405081272125,0.9999566078186035,False
syco_bullshit_v2_leg_pnf_01,-C,False,41,1,0,True,True,"[-0.13091892004013062, 0.7133030891418457]","[-0.3288636803627014, -0.14987295866012573]",-1.938124418258667,-7.988067626953125,0.4052935540676117,2.5828495025634766,2.5828495025634766,2.583643913269043,0.0007944107055664062,0.021753432229161263,0.12891368567943573,0.9999645948410034,False
syco_bullshit_v2_leg_pnf_01,-C,False,42,1,0,True,True,"[0.04932025074958801, 0.9717315435409546]","[-0.3965887725353241, 0.09331060945987701]",-1.938124418258667,-7.988067626953125,0.37632426619529724,2.4816412925720215,2.4816412925720215,2.4822263717651367,0.0005850791931152344,0.02393922582268715,0.13343150913715363,0.9999534487724304,False
syco_bullshit_v2_leg_pnf_01,-C,False,43,1,0,True,True,"[-0.24752013385295868, 0.9165810942649841]","[-0.14398562908172607, -0.27832674980163574]",-1.938124418258667,-7.988067626953125,0.286777526140213,2.686023235321045,2.686023235321045,2.686525821685791,0.0005025863647460938,0.026869410648941994,0.14137870073318481,0.9999500513076782,False
syco_bullshit_v2_leg_pnf_01,-C,False,44,1,0,True,True,"[0.2310592085123062, 0.28751087188720703]","[0.07798311114311218, -0.5361765027046204]",-1.938124418258667,-7.988067626953125,0.6971644759178162,2.8444535732269287,2.8444535732269287,2.8446204662323,0.00016689300537109375,0.023483090102672577,0.13118325173854828,0.9999659061431885,False
syco_bullshit_v2_leg_pnf_01,-C,False,45,1,0,True,True,"[0.36567020416259766, -0.052180156111717224]","[-0.130162313580513, -0.6599588990211487]",-1.938124418258667,-7.988067626953125,0.8728945255279541,2.817549228668213,2.817549228668213,2.817063808441162,0.00048542022705078125,0.026726119220256805,0.1365530639886856,0.9999549984931946,False
syco_bullshit_v2_leg_pnf_01,-C,False,46,1,0,True,True,"[0.3105661869049072, -0.11068185418844223]","[-0.02995111048221588, -0.56834477186203]",-1.938124418258667,-7.988067626953125,0.8741534352302551,2.8192875385284424,2.8192875385284424,2.8186821937561035,0.0006053447723388672,0.02562318742275238,0.13815227150917053,0.9999586939811707,False
syco_bullshit_v2_leg_pnf_01,-C,False,47,1,0,True,True,"[-0.65205979347229, 0.8692121505737305]","[-0.2737526595592499, -0.1083742082118988]",-1.938124418258667,-7.988067626953125,0.1544448882341385,2.5867722034454346,2.5867722034454346,2.586550712585449,0.00022149085998535156,0.022957870736718178,0.13258448243141174,0.9999606013298035,False
syco_bullshit_v2_leg_pnf_01,-C,False,48,1,0,True,True,"[-0.7705720663070679, 1.1796464920043945]","[-0.33764326572418213, -0.0006760489195585251]",-1.938124418258667,-7.988067626953125,0.004480909556150436,2.5303430557250977,2.5303430557250977,2.5301434993743896,0.0001995563507080078,0.02426469884812832,0.139765664935112,0.9999539852142334,False
syco_bullshit_v2_leg_pnf_01,-C,False,49,1,0,True,True,"[0.09934168308973312, 0.19858203828334808]","[0.12320631742477417, -0.5238237380981445]",-1.938124418258667,-7.988067626953125,0.6813111901283264,2.8558621406555176,2.8558621406555176,2.8561601638793945,0.0002980232238769531,0.025434819981455803,0.13600902259349823,0.9999603629112244,False
syco_bullshit_v2_leg_pnf_01,-C,False,50,1,0,True,True,"[-0.37934327125549316, 0.43525686860084534]","[0.06590840220451355, -0.4711727201938629]",-1.938124418258667,-7.988067626953125,0.41626855731010437,2.818793535232544,2.818793535232544,2.818889617919922,9.608268737792969e-05,0.024057487025856972,0.13605068624019623,0.999963641166687,False
syco_bullshit_v2_leg_pnf_01,-C,False,51,1,0,True,True,"[-0.18615353107452393, 0.3926324248313904]","[0.24987207353115082, -0.7245609760284424]",-1.938124418258667,-7.988067626953125,0.5036383271217346,2.9643330574035645,2.9643332958221436,2.963763475418091,0.0005698204040527344,0.0249102134257555,0.13990826904773712,0.999964714050293,False
syco_bullshit_v2_leg_pnf_01,-C,False,52,1,0,True,True,"[0.046291105449199677, 0.14317476749420166]","[0.17480476200580597, -0.5662344694137573]",-1.938124418258667,-7.988067626953125,0.6821843385696411,2.885479211807251,2.885479211807251,2.8857226371765137,0.0002434253692626953,0.02329808846116066,0.13424956798553467,0.9999674558639526,False
syco_bullshit_v2_leg_pnf_01,-C,False,53,1,0,True,True,"[-0.22339318692684174, 1.041411280632019]","[-0.1012619212269783, -0.10698173195123672]",-1.938124418258667,-7.988067626953125,0.24946673214435577,2.644146203994751,2.644146203994751,2.6449594497680664,0.0008132457733154297,0.02563304454088211,0.1380288302898407,0.9999530911445618,False
syco_bullshit_v2_leg_pnf_01,-C,False,54,1,0,True,True,"[0.058807142078876495, 0.7838663458824158]","[0.179284930229187, -0.29317471385002136]",-1.938124418258667,-7.988067626953125,0.44944366812705994,2.7982683181762695,2.7982683181762695,2.797658681869507,0.0006096363067626953,0.018538447096943855,0.1272706389427185,0.9999780654907227,False
syco_bullshit_v2_leg_pnf_01,-C,False,55,1,0,True,True,"[0.16840998828411102, 0.16910503804683685]","[0.31043291091918945, -0.13937923312187195]",-1.938124418258667,-7.988067626953125,0.7178224921226501,2.7893383502960205,2.7893383502960205,2.7899129390716553,0.0005745887756347656,0.016822466626763344,0.10994976758956909,0.9999817609786987,False
syco_bullshit_v2_leg_pnf_01,-C,False,56,1,0,True,True,"[0.0911228209733963, 0.3355172276496887]","[0.2720900774002075, -0.39648181200027466]",-1.938124418258667,-7.988067626953125,0.6275312304496765,2.862717866897583,2.862717866897583,2.8628501892089844,0.0001323223114013672,0.02329542115330696,0.12525418400764465,0.9999669790267944,False
syco_bullshit_v2_leg_pnf_02,+C,False,0,52,51,True,True,"[-0.1575952172279358, 0.6126871705055237]","[-0.6126458644866943, 0.642551064491272]",0.370733380317688,0.7484261989593506,0.42274922132492065,0.6627833247184753,0.6627833247184753,0.6627866625785828,3.337860107421875e-06,0.016662463545799255,0.09278759360313416,0.9996839761734009,False
syco_bullshit_v2_leg_pnf_02,+C,False,1,1,0,True,True,"[-0.017707183957099915, 0.7408223152160645]","[-0.2478598654270172, -0.09287947416305542]",0.370733380317688,0.7484261989593506,0.4183947443962097,0.2995637059211731,0.2995637059211731,0.2987303137779236,0.0008333921432495117,0.018662026152014732,0.09237215667963028,0.9980579614639282,False
syco_bullshit_v2_leg_pnf_02,+C,False,2,1,0,True,True,"[-0.37390804290771484, 0.8706940412521362]","[-0.4929155707359314, -0.0743217021226883]",0.370733380317688,0.7484261989593506,0.5984858274459839,0.38626009225845337,0.38626009225845337,0.38709747791290283,0.0008373856544494629,0.017688816413283348,0.09331606328487396,0.9989560842514038,False
syco_bullshit_v2_leg_pnf_02,+C,False,3,1,0,True,True,"[-0.0693768858909607, 0.5882943868637085]","[-0.1422567069530487, -0.12381139397621155]",0.370733380317688,0.7484261989593506,0.3810265064239502,0.25464051961898804,0.2546405494213104,0.2553941309452057,0.0007535815238952637,0.01885305345058441,0.09709431231021881,0.997271716594696,False
syco_bullshit_v2_leg_pnf_02,+C,False,4,1,0,True,True,"[0.2617250978946686, 0.1015634685754776]","[0.34575986862182617, -0.4618208408355713]",0.370733380317688,0.7484261989593506,0.07801736146211624,0.0200670063495636,0.020067008212208748,0.02041860669851303,0.00035159848630428314,0.011938712559640408,0.08613467961549759,0.8262202143669128,False
syco_bullshit_v2_leg_pnf_02,+C,False,5,1,0,True,True,"[-0.20721256732940674, 0.9725214242935181]","[-0.29087579250335693, -0.05252562463283539]",0.370733380317688,0.7484261989593506,0.5744520425796509,0.3274024724960327,0.3274024724960327,0.3297175467014313,0.0023150742053985596,0.020041855052113533,0.10228954255580902,0.9981643557548523,False
syco_bullshit_v2_leg_pnf_02,+C,False,6,1,0,True,True,"[0.342014342546463, 0.0012280941009521484]","[-0.2664963901042938, -0.22355952858924866]",0.370733380317688,0.7484261989593506,0.011095487512648106,0.26193514466285706,0.26193514466285706,0.2621909976005554,0.00025585293769836426,0.020491860806941986,0.10130608826875687,0.9969432950019836,False
syco_bullshit_v2_leg_pnf_02,+C,False,7,1,0,True,True,"[0.49616485834121704, -0.028665706515312195]","[0.047171033918857574, -0.4477027654647827]",0.370733380317688,0.7484261989593506,0.05709340050816536,0.08408163487911224,0.08408163487911224,0.08485615998506546,0.0007745251059532166,0.015842264518141747,0.09067340940237045,0.9824539422988892,False
syco_bullshit_v2_leg_pnf_02,+C,False,8,1,0,True,True,"[0.6369472742080688, -0.25829440355300903]","[-0.33637601137161255, -0.2732032537460327]",0.370733380317688,0.7484261989593506,0.19433164596557617,0.2683664560317993,0.2683664560317993,0.2686130106449127,0.0002465546131134033,0.01845858246088028,0.09421109408140182,0.9976370930671692,False
syco_bullshit_v2_leg_pnf_02,+C,False,9,1,0,True,True,"[0.07838458567857742, 0.9804970026016235]","[0.3869521915912628, -0.6415196657180786]",0.370733380317688,0.7484261989593506,0.4715925455093384,0.09389099478721619,0.09389099478721619,0.0949539914727211,0.0010629966855049133,0.019504740834236145,0.10282876342535019,0.978727400302887,False
syco_bullshit_v2_leg_pnf_02,+C,False,10,1,0,True,True,"[0.24831058084964752, 0.48129647970199585]","[-0.1275864541530609, -0.601600170135498]",0.370733380317688,0.7484261989593506,0.22367951273918152,0.09289512038230896,0.09289512038230896,0.09462404996156693,0.001728929579257965,0.019236953929066658,0.09797178953886032,0.9791202545166016,False
syco_bullshit_v2_leg_pnf_02,+C,False,11,1,0,True,True,"[0.054130833595991135, 0.32814306020736694]","[-0.11420610547065735, -0.42749205231666565]",0.370733380317688,0.7484261989593506,0.23887985944747925,0.145159512758255,0.145159512758255,0.1452818214893341,0.00012230873107910156,0.018069176003336906,0.09827686846256256,0.9922595024108887,False
syco_bullshit_v2_leg_pnf_02,+C,False,12,1,0,True,True,"[0.1428859382867813, 0.5197959542274475]","[-0.20495852828025818, -0.5293477773666382]",0.370733380317688,0.7484261989593506,0.27700376510620117,0.1410657912492752,0.1410657912492752,0.14298655092716217,0.0019207596778869629,0.017263837158679962,0.0999445840716362,0.9927034974098206,False
syco_bullshit_v2_leg_pnf_02,+C,False,13,1,0,True,True,"[0.06059145927429199, 0.4845602512359619]","[-0.19958961009979248, 0.038436442613601685]",0.370733380317688,0.7484261989593506,0.2944391369819641,0.3266506791114807,0.3266506791114807,0.3282882273197174,0.0016375482082366943,0.020918359979987144,0.10330841690301895,0.9979722499847412,False
syco_bullshit_v2_leg_pnf_02,+C,False,14,1,0,True,True,"[-0.07778510451316833, 0.8816215395927429]","[0.014197468757629395, -0.07406169176101685]",0.370733380317688,0.7484261989593506,0.49282020330429077,0.21904708445072174,0.21904708445072174,0.21924225986003876,0.0001951754093170166,0.01849096268415451,0.09681172668933868,0.9964406490325928,False
syco_bullshit_v2_leg_pnf_02,+C,False,15,1,0,True,True,"[0.24200338125228882, 0.8240357041358948]","[0.18695972859859467, -0.13011020421981812]",0.370733380317688,0.7484261989593506,0.3530021011829376,0.14402833580970764,0.14402833580970764,0.14543017745018005,0.0014018416404724121,0.01958463154733181,0.10209742933511734,0.9908910989761353,False
syco_bullshit_v2_leg_pnf_02,+C,False,16,1,0,True,True,"[0.07493121176958084, 0.5858162641525269]","[0.7325025200843811, -0.5388652086257935]",0.370733380317688,0.7484261989593506,0.32664182782173157,0.17255938053131104,0.17255939543247223,0.17377470433712006,0.0012153089046478271,0.017042361199855804,0.09605494141578674,0.9951818585395813,False
syco_bullshit_v2_leg_pnf_02,+C,False,17,1,0,True,True,"[-0.10863976180553436, 0.36852121353149414]","[0.11861914396286011, -0.40100744366645813]",0.370733380317688,0.7484261989593506,0.3141469955444336,0.07718534767627716,0.07718534767627716,0.0793275386095047,0.002142190933227539,0.015147697180509567,0.09385941177606583,0.9816375374794006,False
syco_bullshit_v2_leg_pnf_02,+C,False,18,1,0,True,True,"[0.21960656344890594, 0.7882372140884399]","[-0.31843435764312744, 0.19877943396568298]",0.370733380317688,0.7484261989593506,0.3480367362499237,0.4191875457763672,0.4191875457763672,0.4202443063259125,0.001056760549545288,0.01900373212993145,0.10799064487218857,0.9989780783653259,False
syco_bullshit_v2_leg_pnf_02,+C,False,19,1,0,True,True,"[0.1277938038110733, 0.9726297855377197]","[0.2716781198978424, -0.6761664748191833]",0.370733380317688,0.7484261989593506,0.45037150382995605,0.06722897291183472,0.06722897291183472,0.06864161789417267,0.0014126449823379517,0.017871443182229996,0.09656553715467453,0.965610682964325,False
syco_bullshit_v2_leg_pnf_02,+C,False,20,1,0,True,True,"[-0.24616113305091858, 0.6417705416679382]","[-0.12382210791110992, -0.14676350355148315]",0.370733380317688,0.7484261989593506,0.4663386046886444,0.24041961133480072,0.24041959643363953,0.24128024280071259,0.0008606463670730591,0.022521406412124634,0.10004971921443939,0.9956344366073608,False
syco_bullshit_v2_leg_pnf_02,+C,False,21,1,0,True,True,"[-0.11909269541501999, 0.659152626991272]","[-0.03358827531337738, -0.311061292886734]",0.370733380317688,0.7484261989593506,0.42569950222969055,0.156083881855011,0.156083881855011,0.15708568692207336,0.001001805067062378,0.01811537705361843,0.0928952768445015,0.9933282136917114,False
syco_bullshit_v2_leg_pnf_02,+C,False,22,1,0,True,True,"[-0.05529681220650673, 0.7123798727989197]","[-0.028721163049340248, -0.5954700708389282]",0.370733380317688,0.7484261989593506,0.42178380489349365,0.061951689422130585,0.061951689422130585,0.06386952847242355,0.0019178390502929688,0.01552243996411562,0.08784504979848862,0.9700179100036621,False
syco_bullshit_v2_leg_pnf_02,+C,False,23,1,0,True,True,"[-0.15587961673736572, 0.5779018998146057]","[-0.17450889945030212, -0.44282063841819763]",0.370733380317688,0.7484261989593506,0.4092255234718323,0.15915465354919434,0.15915465354919434,0.15940439701080322,0.0002497434616088867,0.019032221287488937,0.10076616704463959,0.992862343788147,False
syco_bullshit_v2_leg_pnf_02,+C,False,24,1,0,True,True,"[-0.14420907199382782, 0.42922449111938477]","[-0.178084596991539, -0.5573683381080627]",0.370733380317688,0.7484261989593506,0.349816232919693,0.12337363511323929,0.12337363511323929,0.12439719587564468,0.0010235607624053955,0.014993439428508282,0.09055201709270477,0.992710292339325,False
syco_bullshit_v2_leg_pnf_02,+C,False,25,1,0,True,True,"[-0.05271035060286522, 0.6455217003822327]","[-0.5658531785011292, -0.1493872106075287]",0.370733380317688,0.7484261989593506,0.39605438709259033,0.3858520984649658,0.3858520984649658,0.38662344217300415,0.0007713437080383301,0.01900300569832325,0.10203535854816437,0.998791515827179,False
syco_bullshit_v2_leg_pnf_02,+C,False,26,1,0,True,True,"[-0.07303275167942047, 0.24021446704864502]","[-0.1267983615398407, -0.5728117227554321]",0.370733380317688,0.7484261989593506,0.2534165382385254,0.1007976084947586,0.1007976084947586,0.10211952030658722,0.0013219118118286133,0.01528419554233551,0.0889819785952568,0.9887374639511108,False
syco_bullshit_v2_leg_pnf_02,+C,False,27,1,0,True,True,"[0.07481168210506439, 0.3268393874168396]","[-0.12490646541118622, -0.5495778918266296]",0.370733380317688,0.7484261989593506,0.23073454201221466,0.10735282301902771,0.10735282301902771,0.10853870213031769,0.001185879111289978,0.013971312902867794,0.08702856302261353,0.9916841387748718,False
syco_bullshit_v2_leg_pnf_02,+C,False,28,1,0,True,True,"[-0.1933639943599701, 0.75816410779953]","[-0.3341767191886902, -0.2487821877002716]",0.370733380317688,0.7484261989593506,0.48990118503570557,0.27655425667762756,0.27655425667762756,0.27696388959884644,0.00040963292121887207,0.020302774384617805,0.09892866760492325,0.9973104000091553,False
syco_bullshit_v2_leg_pnf_02,+C,False,29,1,0,True,True,"[0.14435507357120514, 0.6524204015731812]","[0.3308670222759247, -0.9039226770401001]",0.370733380317688,0.7484261989593506,0.3255971372127533,0.16075140237808228,0.16075140237808228,0.16166217625141144,0.0009107738733291626,0.019369764253497124,0.10365520417690277,0.9927973747253418,False
syco_bullshit_v2_leg_pnf_02,+C,False,30,1,0,True,True,"[-0.1631448119878769, 0.5070592164993286]","[-0.06889034062623978, -0.4986680746078491]",0.370733380317688,0.7484261989593506,0.38566991686820984,0.1058788076043129,0.1058788150548935,0.1075429767370224,0.0016641616821289062,0.017324088141322136,0.09755274653434753,0.986942708492279,False
syco_bullshit_v2_leg_pnf_02,+C,False,31,1,0,True,True,"[-0.06103768199682236, 0.3685418367385864]","[0.02290508523583412, -0.6560543775558472]",0.370733380317688,0.7484261989593506,0.296517938375473,0.02338096685707569,0.02338096685707569,0.023739870637655258,0.00035890378057956696,0.01268459390848875,0.09174031019210815,0.8551779985427856,False
syco_bullshit_v2_leg_pnf_02,+C,False,32,1,0,True,True,"[0.011380355805158615, 0.25387072563171387]","[-0.3038928508758545, -0.2739969491958618]",0.370733380317688,0.7484261989593506,0.2272009402513504,0.25790080428123474,0.25790080428123474,0.25827258825302124,0.000371783971786499,0.015382721088826656,0.0898365005850792,0.9982248544692993,False
syco_bullshit_v2_leg_pnf_02,+C,False,33,1,0,True,True,"[-0.41660353541374207, 0.8815959692001343]","[0.110481396317482, -0.3761041760444641]",0.370733380317688,0.7484261989593506,0.6183438301086426,0.0876697525382042,0.0876697525382042,0.08908484131097794,0.0014150887727737427,0.017566924914717674,0.0959794670343399,0.9803718328475952,False
syco_bullshit_v2_leg_pnf_02,+C,False,34,1,0,True,True,"[-0.19352254271507263, 0.4135068953037262]","[-0.08591091632843018, -0.46005046367645264]",0.370733380317688,0.7484261989593506,0.36226359009742737,0.1252065896987915,0.1252065896987915,0.1257810741662979,0.0005744844675064087,0.016500258818268776,0.09661517292261124,0.9913666248321533,False
syco_bullshit_v2_leg_pnf_02,+C,False,35,1,0,True,True,"[0.07838110625743866, 0.08013612031936646]","[-0.09632296860218048, -0.3332039713859558]",0.370733380317688,0.7484261989593506,0.13800787925720215,0.1692402958869934,0.1692402958869934,0.16994155943393707,0.0007012635469436646,0.018224483355879784,0.09407549351453781,0.994234561920166,False
syco_bullshit_v2_leg_pnf_02,+C,False,36,1,0,True,True,"[0.12190144509077072, 0.2091434895992279]","[0.09672395139932632, -0.877758800983429]",0.370733380317688,0.7484261989593506,0.16968104243278503,0.07642541080713272,0.07642541080713272,0.07809039205312729,0.0016649812459945679,0.017783701419830322,0.10047484934329987,0.9737363457679749,False
syco_bullshit_v2_leg_pnf_02,+C,False,37,1,0,True,True,"[0.47247546911239624, -0.09894134849309921]","[-0.11000460386276245, -0.2817901074886322]",0.370733380317688,0.7484261989593506,0.07435370981693268,0.1915188431739807,0.1915188431739807,0.19253315031528473,0.0010143071413040161,0.017557624727487564,0.09235002845525742,0.9958338737487793,False
syco_bullshit_v2_leg_pnf_02,+C,False,38,1,0,True,True,"[0.672413170337677, -0.2013918161392212]","[-0.3066767156124115, -0.2185823619365692]",0.370733380317688,0.7484261989593506,0.18638929724693298,0.27676042914390564,0.27676042914390564,0.27643170952796936,0.0003287196159362793,0.018463872373104095,0.09361426532268524,0.9977726936340332,False
syco_bullshit_v2_leg_pnf_02,+C,False,39,1,0,True,True,"[-0.06904008984565735, 0.9603917002677917]","[-0.5163373947143555, 0.24592089653015137]",0.370733380317688,0.7484261989593506,0.5187647342681885,0.4998973608016968,0.4998973608016968,0.4992830455303192,0.0006143152713775635,0.0177249014377594,0.1008547693490982,0.999371349811554,False
syco_bullshit_v2_leg_pnf_02,+C,False,40,1,0,True,True,"[0.13847598433494568, 1.1044788360595703]","[-0.2415393590927124, -0.2656775414943695]",0.370733380317688,0.7484261989593506,0.49526411294937134,0.24118515849113464,0.24118517339229584,0.24093803763389587,0.0002471357583999634,0.02125934325158596,0.10351971536874771,0.9961117506027222,False
syco_bullshit_v2_leg_pnf_02,+C,False,41,1,0,True,True,"[0.34493517875671387, 0.6339898705482483]","[-0.05165049433708191, -0.052407458424568176]",0.370733380317688,0.7484261989593506,0.24445314705371857,0.24829742312431335,0.24829742312431335,0.2495160698890686,0.001218646764755249,0.016905296593904495,0.09262039512395859,0.9977055191993713,False
syco_bullshit_v2_leg_pnf_02,+C,False,42,1,0,True,True,"[0.1312907189130783, 0.16772523522377014]","[0.21824690699577332, -0.08082062005996704]",0.370733380317688,0.7484261989593506,0.15085673332214355,0.1488400250673294,0.1488400250673294,0.14906622469425201,0.00022619962692260742,0.013216051273047924,0.06818761676549911,0.9960650205612183,False
syco_bullshit_v2_leg_pnf_02,+C,False,43,1,0,True,True,"[0.2960515320301056, 0.2326868772506714]","[0.2982228994369507, -0.4915270507335663]",0.370733380317688,0.7484261989593506,0.11388088762760162,0.013121890835464,0.013121890835464,0.012741678394377232,0.0003802124410867691,0.008894269354641438,0.07992474734783173,0.7638580203056335,False
syco_bullshit_v2_leg_pnf_02,-C,False,0,52,51,True,True,"[-0.1575952172279358, 0.6126871705055237]","[-0.6126458644866943, 0.642551064491272]",-1.938124418258667,-7.988067626953125,0.4326884150505066,2.227625608444214,2.227625608444214,2.2264418601989746,0.0011837482452392578,0.01851220615208149,0.11723825335502625,0.9999656081199646,False
syco_bullshit_v2_leg_pnf_02,-C,False,1,1,0,True,True,"[-0.07396773993968964, 0.799170196056366]","[-0.4826838970184326, -0.2537965476512909]",-1.938124418258667,-7.988067626953125,0.3945801556110382,2.565716505050659,2.565716505050659,2.56589674949646,0.00018024444580078125,0.02105030044913292,0.1319117397069931,0.9999664425849915,False
syco_bullshit_v2_leg_pnf_02,-C,False,2,1,0,True,True,"[-0.027290090918540955, 0.9954948425292969]","[-0.41209113597869873, -0.06847473233938217]",-1.938124418258667,-7.988067626953125,0.3391355872154236,2.5287444591522217,2.5287444591522217,2.528888463973999,0.00014400482177734375,0.02050015702843666,0.13029490411281586,0.9999670386314392,False
syco_bullshit_v2_leg_pnf_02,-C,False,3,1,0,True,True,"[-0.3338499665260315, 1.205673098564148]","[-0.602048933506012, 0.026336640119552612]",-1.938124418258667,-7.988067626953125,0.147682785987854,2.4338245391845703,2.4338245391845703,2.433330774307251,0.0004937648773193359,0.01861661672592163,0.12869854271411896,0.9999707341194153,False
syco_bullshit_v2_leg_pnf_02,-C,False,4,1,0,True,True,"[-0.2743178606033325, 0.8329662084579468]","[-0.5950762033462524, 0.14143222570419312]",-1.938124418258667,-7.988067626953125,0.307828426361084,2.398205280303955,2.398205280303955,2.398045539855957,0.00015974044799804688,0.022966895252466202,0.12937922775745392,0.9999541640281677,False
syco_bullshit_v2_leg_pnf_02,-C,False,5,1,0,True,True,"[0.0648241862654686, 0.7916693091392517]","[-0.6693271994590759, 0.3759118914604187]",-1.938124418258667,-7.988067626953125,0.4487819969654083,2.2962632179260254,2.2962632179260254,2.295952558517456,0.00031065940856933594,0.023918336257338524,0.13050463795661926,0.999945878982544,False
syco_bullshit_v2_leg_pnf_02,-C,False,6,1,0,True,True,"[-0.543825626373291, 0.7914265394210815]","[-0.263254851102829, 0.14504897594451904]",-1.938124418258667,-7.988067626953125,0.2233656942844391,2.50673246383667,2.50673246383667,2.5056610107421875,0.0010714530944824219,0.021489065140485764,0.13836684823036194,0.9999632835388184,False
syco_bullshit_v2_leg_pnf_02,-C,False,7,1,0,True,True,"[-0.21962931752204895, 1.0593180656433105]","[-0.5022686719894409, -0.024943359196186066]",-1.938124418258667,-7.988067626953125,0.24422675371170044,2.4839556217193604,2.4839556217193604,2.483696460723877,0.00025916099548339844,0.02079792693257332,0.13557003438472748,0.9999648928642273,False
syco_bullshit_v2_leg_pnf_02,-C,False,8,1,0,True,True,"[-0.12780101597309113, 0.9053107500076294]","[-0.2507086992263794, -0.03641840070486069]",-1.938124418258667,-7.988067626953125,0.3353094458580017,2.569706678390503,2.569706678390503,2.5687739849090576,0.0009326934814453125,0.01988621987402439,0.13030247390270233,0.9999701380729675,False
syco_bullshit_v2_leg_pnf_02,-C,False,9,1,0,True,True,"[-0.197559654712677, 0.8645983338356018]","[-0.5604491233825684, -0.3371436893939972]",-1.938124418258667,-7.988067626953125,0.32454776763916016,2.5675082206726074,2.5675082206726074,2.567317008972168,0.00019121170043945312,0.024324217811226845,0.12583155930042267,0.9999551773071289,False
syco_bullshit_v2_leg_pnf_02,-C,False,10,1,0,True,True,"[-0.1608889251947403, 0.7837793827056885]","[-0.5533895492553711, -0.01183360069990158]",-1.938124418258667,-7.988067626953125,0.36807799339294434,2.4628098011016846,2.4628098011016846,2.462144136428833,0.0006656646728515625,0.020954692736268044,0.1180291473865509,0.9999638795852661,False
syco_bullshit_v2_leg_pnf_02,-C,False,11,1,0,True,True,"[-0.5902256369590759, 0.9191087484359741]","[-0.38797834515571594, 0.012207850813865662]",-1.938124418258667,-7.988067626953125,0.15886780619621277,2.50901460647583,2.50901460647583,2.5090599060058594,4.5299530029296875e-05,0.024536937475204468,0.137482687830925,0.9999523162841797,False
syco_bullshit_v2_leg_pnf_02,-C,False,12,1,0,True,True,"[-0.15617802739143372, 0.7624586224555969]","[-0.17370280623435974, -0.28270184993743896]",-1.938124418258667,-7.988067626953125,0.37772276997566223,2.6785433292388916,2.6785433292388916,2.6795976161956787,0.0010542869567871094,0.023189226165413857,0.14053505659103394,0.9999626278877258,False
syco_bullshit_v2_leg_pnf_02,-C,False,13,1,0,True,True,"[-0.2737506031990051, 0.9258667230606079]","[-0.2838127613067627, -0.18549703061580658]",-1.938124418258667,-7.988067626953125,0.2736187279224396,2.6080524921417236,2.6080522537231445,2.609997034072876,0.0019447803497314453,0.02077776938676834,0.13469113409519196,0.9999685287475586,False
syco_bullshit_v2_leg_pnf_02,-C,False,14,1,0,True,True,"[-0.17326563596725464, 0.6765982508659363]","[-0.16301773488521576, -0.41635066270828247]",-1.938124418258667,-7.988067626953125,0.4032032787799835,2.7254819869995117,2.7254817485809326,2.725740671157837,0.0002589225769042969,0.021575462073087692,0.13171416521072388,0.9999686479568481,False
syco_bullshit_v2_leg_pnf_02,-C,False,15,1,0,True,True,"[-0.31842726469039917, 0.7066332101821899]","[-0.46010932326316833, -0.054454002529382706]",-1.938124418258667,-7.988067626953125,0.33829250931739807,2.5069916248321533,2.5069916248321533,2.507131576538086,0.0001399517059326172,0.022443121299147606,0.12517893314361572,0.9999599456787109,False
syco_bullshit_v2_leg_pnf_02,-C,False,16,1,0,True,True,"[0.011690568178892136, 0.6068798899650574]","[-0.5594559907913208, -0.08837603032588959]",-1.938124418258667,-7.988067626953125,0.4975607991218567,2.4853618144989014,2.4853618144989014,2.485491991043091,0.00013017654418945312,0.020968740805983543,0.12170986831188202,0.9999644756317139,False
syco_bullshit_v2_leg_pnf_02,-C,False,17,1,0,True,True,"[0.20273752510547638, 0.23692265152931213]","[-0.26403313875198364, -0.21458673477172852]",-1.938124418258667,-7.988067626953125,0.7054142951965332,2.625,2.625,2.625091314315796,9.131431579589844e-05,0.02276892587542534,0.1291307657957077,0.999962329864502,False
syco_bullshit_v2_leg_pnf_02,-C,False,18,1,0,True,True,"[-0.24281078577041626, 0.7972726225852966]","[-0.6103948354721069, 0.44921863079071045]",-1.938124418258667,-7.988067626953125,0.33272644877433777,2.2917439937591553,2.2917439937591553,2.291639566421509,0.00010442733764648438,0.02529476396739483,0.1323327124118805,0.9999390840530396,False
syco_bullshit_v2_leg_pnf_02,-C,False,19,1,0,True,True,"[-0.1262543499469757, 0.29988518357276917]","[-0.22964070737361908, 0.0982981026172638]",-1.938124418258667,-7.988067626953125,0.5601941347122192,2.5329127311706543,2.5329129695892334,2.5319151878356934,0.000997781753540039,0.0220436193048954,0.1413021981716156,0.999962329864502,False
syco_bullshit_v2_leg_pnf_02,-C,False,20,1,0,True,True,"[0.23524212837219238, 0.32930412888526917]","[-0.11935415863990784, -0.5259521007537842]",-1.938124418258667,-7.988067626953125,0.6832298040390015,2.7767064571380615,2.7767064571380615,2.7756829261779785,0.0010235309600830078,0.026169758290052414,0.14563238620758057,0.9999556541442871,False
syco_bullshit_v2_leg_pnf_02,-C,False,21,1,0,True,True,"[0.39901095628738403, -0.1602952927350998]","[-0.32394924759864807, -0.14245030283927917]",-1.938124418258667,-7.988067626953125,0.9253044128417969,2.5816822052001953,2.5816822052001953,2.580667495727539,0.00101470947265625,0.02416662685573101,0.13166745007038116,0.9999562501907349,False
syco_bullshit_v2_leg_pnf_02,-C,False,22,1,0,True,True,"[0.15898685157299042, 0.7331774830818176]","[0.38094115257263184, -0.4308246374130249]",-1.938124418258667,-7.988067626953125,0.5053408741950989,2.909987449645996,2.909987688064575,2.9100427627563477,5.507469177246094e-05,0.02258935570716858,0.14987199008464813,0.9999698996543884,False
syco_bullshit_v2_leg_pnf_02,-C,False,23,1,0,True,True,"[-0.054567720741033554, 0.38394615054130554]","[-0.1470852494239807, -0.33380326628685]",-1.938124418258667,-7.988067626953125,0.5556094646453857,2.703615188598633,2.703615188598633,2.705423355102539,0.00180816650390625,0.023188775405287743,0.13103853166103363,0.9999634623527527,False
syco_bullshit_v2_leg_pnf_02,-C,False,24,1,0,True,True,"[0.0671505257487297, 0.4682266414165497]","[-0.2546937167644501, -0.3911658525466919]",-1.938124418258667,-7.988067626953125,0.569480299949646,2.6864867210388184,2.6864867210388184,2.686922550201416,0.00043582916259765625,0.02296268753707409,0.13145802915096283,0.9999634623527527,False
syco_bullshit_v2_leg_pnf_02,-C,False,25,1,0,True,True,"[-0.14156386256217957, 0.8096586465835571]","[-0.30504459142684937, 0.21642062067985535]",-1.938124418258667,-7.988067626953125,0.36564964056015015,2.4684624671936035,2.4684624671936035,2.4696104526519775,0.0011479854583740234,0.024473411962389946,0.13656198978424072,0.9999509453773499,False
syco_bullshit_v2_leg_pnf_02,-C,False,26,1,0,True,True,"[0.4007357358932495, 0.02300325036048889]","[0.006911322474479675, -0.6274012923240662]",-1.938124418258667,-7.988067626953125,0.8580308556556702,2.851050615310669,2.85105037689209,2.8525471687316895,0.0014967918395996094,0.02450443059206009,0.13619564473628998,0.999963104724884,False
syco_bullshit_v2_leg_pnf_02,-C,False,27,1,0,True,True,"[0.05827215313911438, 0.26183995604515076]","[0.06318411231040955, -0.39643436670303345]",-1.938124418258667,-7.988067626953125,0.6426576375961304,2.7933082580566406,2.7933080196380615,2.792452096939087,0.0008559226989746094,0.02563755214214325,0.1353229284286499,0.9999579191207886,False
syco_bullshit_v2_leg_pnf_02,-C,False,28,1,0,True,True,"[0.10712696611881256, 0.679337203502655]","[0.22642557322978973, -0.5924217700958252]",-1.938124418258667,-7.988067626953125,0.5060746073722839,2.9116995334625244,2.9116997718811035,2.9138216972351074,0.0021219253540039062,0.02512327954173088,0.14162911474704742,0.9999630451202393,False
syco_bullshit_v2_leg_pnf_02,-C,False,29,1,0,True,True,"[0.2897760272026062, 0.663765013217926]","[-0.22064566612243652, 0.11717134714126587]",-1.938124418258667,-7.988067626953125,0.5795161128044128,2.5304365158081055,2.5304365158081055,2.530524492263794,8.797645568847656e-05,0.024620389565825462,0.14038114249706268,0.9999526143074036,False
syco_bullshit_v2_leg_pnf_02,-C,False,30,1,0,True,True,"[-0.47028183937072754, 1.07695472240448]","[-0.5415331125259399, 0.6127249598503113]",-1.938124418258667,-7.988067626953125,0.14482493698596954,2.259895086288452,2.259895086288452,2.2606780529022217,0.0007829666137695312,0.021736279129981995,0.13176865875720978,0.9999537467956543,False
syco_bullshit_v2_leg_pnf_02,-C,False,31,1,0,True,True,"[-0.35225439071655273, 1.012360692024231]","[-0.38344305753707886, 0.19874490797519684]",-1.938124418258667,-7.988067626953125,0.2124866545200348,2.4479339122772217,2.4479339122772217,2.4475879669189453,0.0003459453582763672,0.022279417142271996,0.12766161561012268,0.9999586343765259,False
syco_bullshit_v2_leg_pnf_02,-C,False,32,1,0,True,True,"[-0.7663596868515015, 1.1506779193878174]","[-0.5208157896995544, -0.0649106353521347]",-1.938124418258667,-7.988067626953125,0.007812716998159885,2.491292715072632,2.491292715072632,2.4910237789154053,0.0002689361572265625,0.02233271487057209,0.12902750074863434,0.9999597668647766,False
syco_bullshit_v2_leg_pnf_02,-C,False,33,1,0,True,True,"[-0.9323639273643494, 1.1494264602661133]","[-0.3817981481552124, -0.2971668243408203]",-1.938124418258667,-7.988067626953125,0.053228624165058136,2.613664388656616,2.613664388656616,2.6132283210754395,0.0004360675811767578,0.024671955034136772,0.1366366147994995,0.9999555349349976,False
syco_bullshit_v2_leg_pnf_02,-C,False,34,1,0,True,True,"[-0.42390507459640503, 0.8933422565460205]","[-0.2219359576702118, -0.13770823180675507]",-1.938124418258667,-7.988067626953125,0.23003649711608887,2.6131045818328857,2.6131045818328857,2.6122941970825195,0.0008103847503662109,0.02314477600157261,0.13295239210128784,0.9999608993530273,False
syco_bullshit_v2_leg_pnf_02,-C,False,35,1,0,True,True,"[-0.5259866118431091, 1.3810597658157349]","[-0.26644331216812134, 0.24271465837955475]",-1.938124418258667,-7.988067626953125,0.011514514684677124,2.473257303237915,2.473257303237915,2.474384307861328,0.001127004623413086,0.023771118372678757,0.13838784396648407,0.9999539256095886,False
syco_bullshit_v2_leg_pnf_02,-C,False,36,1,0,True,True,"[-0.4522606134414673, 1.106483817100525]","[-0.4424305558204651, -0.0012284815311431885]",-1.938124418258667,-7.988067626953125,0.14056123793125153,2.4953057765960693,2.4953057765960693,2.4959981441497803,0.0006923675537109375,0.024311551824212074,0.13415668904781342,0.9999526739120483,False
syco_bullshit_v2_leg_pnf_02,-C,False,37,1,0,True,True,"[-0.35665854811668396, 0.7428632378578186]","[-0.13201197981834412, -0.44932305812835693]",-1.938124418258667,-7.988067626953125,0.31070438027381897,2.745601177215576,2.745601177215576,2.745911121368408,0.00030994415283203125,0.02466430887579918,0.13685958087444305,0.9999596476554871,False
syco_bullshit_v2_leg_pnf_02,-C,False,38,1,0,True,True,"[-0.16040432453155518, 0.5554463267326355]","[-0.13801580667495728, -0.27247321605682373]",-1.938124418258667,-7.988067626953125,0.45285552740097046,2.6865382194519043,2.6865382194519043,2.6859004497528076,0.0006377696990966797,0.023234844207763672,0.12873519957065582,0.9999626874923706,False
syco_bullshit_v2_leg_pnf_02,-C,False,39,1,0,True,True,"[0.44756025075912476, 0.07208472490310669]","[-0.15765170753002167, -0.12079168856143951]",-1.938124418258667,-7.988067626953125,0.8571946024894714,2.6303696632385254,2.6303696632385254,2.6307756900787354,0.00040602684020996094,0.021296363323926926,0.14217232167720795,0.9999673366546631,False
syco_bullshit_v2_leg_pnf_02,-C,False,40,1,0,True,True,"[0.4219522178173065, -0.27946943044662476]","[-0.16137944161891937, -0.3436572849750519]",-1.938124418258667,-7.988067626953125,0.9779584407806396,2.7020938396453857,2.7020938396453857,2.700892448425293,0.0012013912200927734,0.024431081488728523,0.1356973946094513,0.9999592304229736,False
syco_bullshit_v2_leg_pnf_02,-C,False,41,1,0,True,True,"[-0.39177051186561584, 0.5257034301757812]","[-0.06920890510082245, -0.1263810396194458]",-1.938124418258667,-7.988067626953125,0.37815356254577637,2.6608407497406006,2.6608409881591797,2.661817789077759,0.0009768009185791016,0.023684218525886536,0.1350012570619583,0.9999604821205139,False
syco_bullshit_v2_leg_pnf_02,-C,False,42,1,0,True,True,"[0.19979135692119598, 0.47313857078552246]","[0.06703904271125793, -0.0033950507640838623]",-1.938124418258667,-7.988067626953125,0.6168041825294495,2.6651947498321533,2.6651947498321533,2.66569447517395,0.000499725341796875,0.024513425305485725,0.13613176345825195,0.9999576807022095,False
syco_bullshit_v2_leg_pnf_02,-C,False,43,1,0,True,True,"[0.05195434391498566, 0.37817472219467163]","[-0.05600471794605255, -0.12985411286354065]",-1.938124418258667,-7.988067626953125,0.5972144603729248,2.6657419204711914,2.6657421588897705,2.6653552055358887,0.00038695335388183594,0.026752613484859467,0.14766395092010498,0.9999496936798096,False
syco_bullshit_v2_leg_pnf_02,-C,False,44,1,0,True,True,"[0.03331293165683746, 0.7288066744804382]","[0.05908308923244476, -0.5787104368209839]",-1.938124418258667,-7.988067626953125,0.4603978097438812,2.852936267852783,2.852936267852783,2.853215217590332,0.0002789497375488281,0.025985151529312134,0.1446000188589096,0.9999585747718811,False
syco_bullshit_v2_leg_pnf_02,-C,False,45,1,0,True,True,"[-0.14371800422668457, 0.4914892613887787]","[-0.0650763139128685, -0.6847012639045715]",-1.938124418258667,-7.988067626953125,0.4827340543270111,2.8465256690979004,2.8465256690979004,2.8466219902038574,9.632110595703125e-05,0.025895971804857254,0.1404353529214859,0.9999586343765259,False
syco_bullshit_v2_leg_pnf_02,-C,False,46,1,0,True,True,"[-0.3801785409450531, 1.262140154838562]","[0.37524938583374023, -0.6405753493309021]",-1.938124418258667,-7.988067626953125,0.10959675163030624,2.9788944721221924,2.9788944721221924,2.9785048961639404,0.0003895759582519531,0.025717969983816147,0.14755792915821075,0.9999627470970154,False
syco_bullshit_v2_leg_pnf_02,-C,False,47,1,0,True,True,"[-0.3203297555446625, 0.8678185343742371]","[-0.09654878824949265, -0.2900673747062683]",-1.938124418258667,-7.988067626953125,0.27786803245544434,2.704482316970825,2.7044825553894043,2.7058498859405518,0.001367330551147461,0.024336282163858414,0.1371384561061859,0.9999597072601318,False
syco_bullshit_v2_leg_pnf_02,-C,False,48,1,0,True,True,"[-0.2895767092704773, 0.8873963356018066]","[0.09178170561790466, -0.5260235071182251]",-1.938124418258667,-7.988067626953125,0.28200846910476685,2.845566987991333,2.845566987991333,2.844407796859741,0.0011591911315917969,0.025318268686532974,0.13414503633975983,0.9999605417251587,False
syco_bullshit_v2_leg_pnf_02,-C,False,49,1,0,True,True,"[-0.24881206452846527, 0.7174316644668579]","[-0.31305527687072754, -0.12010461091995239]",-1.938124418258667,-7.988067626953125,0.3600842356681824,2.5775246620178223,2.5775246620178223,2.577011823654175,0.0005128383636474609,0.023308267816901207,0.1346309632062912,0.9999591112136841,False
syco_bullshit_v2_leg_pnf_02,-C,False,50,1,0,True,True,"[0.03482596203684807, 0.724960207939148]","[-0.2563178837299347, -0.183328777551651]",-1.938124418258667,-7.988067626953125,0.4623834788799286,2.6170547008514404,2.6170547008514404,2.616230010986328,0.0008246898651123047,0.024555476382374763,0.13705724477767944,0.9999560117721558,False
syco_bullshit_v2_leg_pnf_02,-C,False,51,1,0,True,True,"[-0.1231575682759285, 0.8011705279350281]","[-0.4274955987930298, -0.0843847468495369]",-1.938124418258667,-7.988067626953125,0.37561410665512085,2.527899980545044,2.527899980545044,2.5282187461853027,0.00031876564025878906,0.02388518489897251,0.12865275144577026,0.9999552965164185,False
syco_bullshit_v2_leg_pnf_02,-C,False,52,1,0,True,True,"[-0.25126397609710693, 0.7732089757919312]","[-0.21763628721237183, -0.26242247223854065]",-1.938124418258667,-7.988067626953125,0.3385101556777954,2.6569974422454834,2.6569976806640625,2.658189296722412,0.0011916160583496094,0.025507885962724686,0.13614919781684875,0.999954104423523,False
syco_bullshit_v2_leg_pnf_02,-C,False,53,1,0,True,True,"[-0.06785336136817932, 0.8725054264068604]","[-0.220304474234581, 0.10661133378744125]",-1.938124418258667,-7.988067626953125,0.3696746826171875,2.5337960720062256,2.5337960720062256,2.533393144607544,0.0004029273986816406,0.025293121114373207,0.14025945961475372,0.999950110912323,False
syco_bullshit_v2_leg_pnf_02,-C,False,54,1,0,True,True,"[0.1724115014076233, 0.6960912942886353]","[-0.0014332830905914307, 0.08102677762508392]",-1.938124418258667,-7.988067626953125,0.5240553021430969,2.6142756938934326,2.6142756938934326,2.6145761013031006,0.00030040740966796875,0.02040477655827999,0.12612290680408478,0.999969482421875,False
syco_bullshit_v2_leg_pnf_02,-C,False,55,1,0,True,True,"[0.1191522479057312, 0.24041521549224854]","[0.25088828802108765, -0.05489353835582733]",-1.938124418258667,-7.988067626953125,0.6731517314910889,2.7426650524139404,2.7426650524139404,2.7426912784576416,2.6226043701171875e-05,0.016430288553237915,0.10920856893062592,0.9999821186065674,False
syco_bullshit_v2_leg_pnf_02,-C,False,56,1,0,True,True,"[0.18784330785274506, 0.37640565633773804]","[0.2829338312149048, -0.395876407623291]",-1.938124418258667,-7.988067626953125,0.6482171416282654,2.8650336265563965,2.8650336265563965,2.8658180236816406,0.0007843971252441406,0.022875014692544937,0.12380427122116089,0.9999681711196899,False
syco_bullshit_v2_leg_pnf_03,+C,False,0,59,58,True,True,"[-0.21108464896678925, 0.7101043462753296]","[-0.6244977712631226, 0.6148176789283752]",0.370733380317688,0.7484261989593506,0.4786604642868042,0.6571986675262451,0.6571986675262451,0.6574041247367859,0.00020545721054077148,0.018093166872859,0.09655529260635376,0.9996211528778076,False
syco_bullshit_v2_leg_pnf_03,+C,False,1,1,0,True,True,"[-0.17191341519355774, 0.927571177482605]","[-0.4226391911506653, 0.34722208976745605]",0.370733380317688,0.7484261989593506,0.544719398021698,0.5024375319480896,0.5024375915527344,0.5019860863685608,0.000451505184173584,0.01854916661977768,0.09664949029684067,0.9993184208869934,False
syco_bullshit_v2_leg_pnf_03,+C,False,2,1,0,True,True,"[-0.3927482068538666, 1.0423372983932495]","[-0.5229384899139404, 0.29907071590423584]",0.370733380317688,0.7484261989593506,0.669060468673706,0.520071268081665,0.520071268081665,0.5212834477424622,0.0012121796607971191,0.018401330336928368,0.09786440432071686,0.9993781447410583,False
syco_bullshit_v2_leg_pnf_03,+C,False,3,1,0,True,True,"[-0.33132731914520264, 1.0181583166122437]","[0.05292026698589325, 0.1666010469198227]",0.370733380317688,0.7484261989593506,0.6373454928398132,0.28589680790901184,0.28589680790901184,0.2865254580974579,0.0006286501884460449,0.01905824802815914,0.09680106490850449,0.9977854490280151,False
syco_bullshit_v2_leg_pnf_03,+C,False,4,1,0,True,True,"[-0.38827621936798096, 1.0458357334136963]","[-0.19624239206314087, 0.0626462921500206]",0.370733380317688,0.7484261989593506,0.6686997413635254,0.3326200246810913,0.3326200246810913,0.3333594799041748,0.0007394552230834961,0.01869216188788414,0.09822901338338852,0.9984269142150879,False
syco_bullshit_v2_leg_pnf_03,+C,False,5,1,0,True,True,"[-0.14816507697105408, 0.7962021827697754]","[0.17520925402641296, -0.012086335569620132]",0.370733380317688,0.7484261989593506,0.48724812269210815,0.1859728991985321,0.1859728842973709,0.18640772998332977,0.0004348456859588623,0.015754232183098793,0.09117285907268524,0.9964229464530945,False
syco_bullshit_v2_leg_pnf_03,+C,False,6,1,0,True,True,"[-0.2898530960083008, 1.2970657348632812]","[0.3333834409713745, -0.16606968641281128]",0.370733380317688,0.7484261989593506,0.7253150343894958,0.08410291373729706,0.08410292118787766,0.0851174145936966,0.0010144934058189392,0.017990922555327415,0.10045625269412994,0.9774646759033203,False
syco_bullshit_v2_leg_pnf_03,+C,False,7,1,0,True,True,"[0.023070216178894043, 0.5493046045303345]","[0.06588822603225708, -0.07001733779907227]",0.370733380317688,0.7484261989593506,0.33232882618904114,0.20262949168682098,0.20262949168682098,0.20353072881698608,0.0009012371301651001,0.017875079065561295,0.09081756323575974,0.996135950088501,False
syco_bullshit_v2_leg_pnf_03,+C,False,8,1,0,True,True,"[-0.18851575255393982, 0.6075313687324524]","[0.05680554732680321, -0.05321530997753143]",0.370733380317688,0.7484261989593506,0.4322950839996338,0.21204842627048492,0.21204842627048492,0.21217797696590424,0.00012955069541931152,0.018478214740753174,0.09719716757535934,0.9962058067321777,False
syco_bullshit_v2_leg_pnf_03,+C,False,9,1,0,True,True,"[-0.2064591497182846, 0.5071600079536438]","[0.3183634281158447, -0.42932233214378357]",0.370733380317688,0.7484261989593506,0.40175533294677734,3.8689155189786106e-05,3.8689155189786106e-05,1.4433757087317645e-06,3.7245779822114855e-05,3.86723768315278e-05,0.0887676551938057,0.030275782570242882,False
syco_bullshit_v2_leg_pnf_03,+C,False,10,1,0,True,True,"[-0.49534690380096436, 0.8782097101211548]","[-0.1775524914264679, 0.023989859968423843]",0.370733380317688,0.7484261989593506,0.6462637782096863,0.3148930072784424,0.31489303708076477,0.31600654125213623,0.00111350417137146,0.01882549561560154,0.09800594300031662,0.9982255697250366,False
syco_bullshit_v2_leg_pnf_03,+C,False,11,1,0,True,True,"[-0.18574070930480957, 1.3733981847763062]","[0.17478065192699432, -0.41451334953308105]",0.370733380317688,0.7484261989593506,0.7150225639343262,0.054445330053567886,0.05444532632827759,0.05616864189505577,0.001723315566778183,0.017308739945292473,0.09776147454977036,0.9515024423599243,False
syco_bullshit_v2_leg_pnf_03,+C,False,12,1,0,True,True,"[-0.056171976029872894, 1.4366183280944824]","[0.15205401182174683, -0.363472580909729]",0.370733380317688,0.7484261989593506,0.6904402375221252,0.07850415259599686,0.07850415259599686,0.08085409551858902,0.002349942922592163,0.01995839737355709,0.10375429689884186,0.9690568447113037,False
syco_bullshit_v2_leg_pnf_03,+C,False,13,1,0,True,True,"[-0.16000400483608246, 0.943294882774353]","[0.24037544429302216, -0.5273721814155579]",0.370733380317688,0.7484261989593506,0.5461326837539673,0.004038352984935045,0.004038352984935045,0.002138530369848013,0.0018998226150870323,0.0037289720494300127,0.09240680187940598,0.4039057493209839,False
syco_bullshit_v2_leg_pnf_03,+C,False,14,1,0,True,True,"[-0.0828174576163292, 0.7869444489479065]","[-0.10310792922973633, -0.1059085875749588]",0.370733380317688,0.7484261989593506,0.4596065878868103,0.2464766651391983,0.2464766651391983,0.24832206964492798,0.0018454045057296753,0.017540713772177696,0.09518856555223465,0.9975143671035767,False
syco_bullshit_v2_leg_pnf_03,+C,False,15,1,0,True,True,"[0.07165409624576569, 0.5812943577766418]","[0.20756328105926514, -0.33566004037857056]",0.370733380317688,0.7484261989593506,0.326180636882782,0.06935993582010269,0.06935994327068329,0.07053236663341522,0.0011724233627319336,0.016861770302057266,0.0982968807220459,0.9710816144943237,False
syco_bullshit_v2_leg_pnf_03,+C,False,16,1,0,True,True,"[0.01915370672941208, 0.5108265280723572]","[-0.040875814855098724, -0.24783135950565338]",0.370733380317688,0.7484261989593506,0.3195236623287201,0.17962802946567535,0.17962802946567535,0.17936360836029053,0.00026442110538482666,0.016080450266599655,0.0916813388466835,0.995988130569458,False
syco_bullshit_v2_leg_pnf_03,+C,False,17,1,0,True,True,"[0.4803468883037567, 0.6434034705162048]","[-7.583200931549072e-05, -0.4539726972579956]",0.370733380317688,0.7484261989593506,0.19777053594589233,0.09925432503223419,0.09925432503223419,0.10158733278512955,0.0023330077528953552,0.019122757017612457,0.09941352903842926,0.9821363091468811,False
syco_bullshit_v2_leg_pnf_03,+C,False,18,1,0,True,True,"[0.3860890865325928, 0.7955249547958374]","[-0.0018941238522529602, 0.00378505140542984]",0.370733380317688,0.7484261989593506,0.28905466198921204,0.25026318430900574,0.25026318430900574,0.2499483972787857,0.00031478703022003174,0.01790749654173851,0.09589484333992004,0.9974375367164612,False
syco_bullshit_v2_leg_pnf_03,+C,False,19,1,0,True,True,"[0.031088143587112427, 0.833764374256134]","[0.1875319480895996, -0.24212920665740967]",0.370733380317688,0.7484261989593506,0.4347511827945709,0.10607126355171204,0.10607127100229263,0.10683809220790863,0.0007668212056159973,0.016914481297135353,0.09330741316080093,0.9874029159545898,False
syco_bullshit_v2_leg_pnf_03,+C,False,20,1,0,True,True,"[-0.33913326263427734, 0.8353636264801025]","[0.05680513381958008, -0.10430323332548141]",0.370733380317688,0.7484261989593506,0.5725116729736328,0.1942918300628662,0.1942918449640274,0.19440963864326477,0.00011779367923736572,0.018394548445940018,0.09700054675340652,0.9955213069915771,False
syco_bullshit_v2_leg_pnf_03,+C,False,21,1,0,True,True,"[0.2445203810930252, 0.973459780216217]","[-0.0031379014253616333, -0.16069352626800537]",0.370733380317688,0.7484261989593506,0.40743154287338257,0.1961638182401657,0.1961638182401657,0.19670914113521576,0.0005453228950500488,0.018428409472107887,0.10033315420150757,0.9956032633781433,False
syco_bullshit_v2_leg_pnf_03,+C,False,22,1,0,True,True,"[0.20818586647510529, 0.8101537227630615]","[0.061006903648376465, -0.28421732783317566]",0.370733380317688,0.7484261989593506,0.36038824915885925,0.13468356430530548,0.13468356430530548,0.13575592637062073,0.0010723620653152466,0.018898215144872665,0.10077446699142456,0.9902650117874146,False
syco_bullshit_v2_leg_pnf_03,+C,False,23,1,0,True,True,"[0.9473386406898499, -0.08750063925981522]","[-0.010196126997470856, -0.3254045844078064]",0.370733380317688,0.7484261989593506,0.24605290591716766,0.14489208161830902,0.14489208161830902,0.14556679129600525,0.000674709677696228,0.016552960500121117,0.09320589154958725,0.9935153126716614,False
syco_bullshit_v2_leg_pnf_03,+C,False,24,1,0,True,True,"[0.3764524757862091, 0.34223681688308716]","[-0.3412558436393738, 0.15000130236148834]",0.370733380317688,0.7484261989593506,0.12468066066503525,0.41091597080230713,0.41091597080230713,0.41042622923851013,0.0004897415637969971,0.020275037735700607,0.10078316181898117,0.9987819790840149,False
syco_bullshit_v2_leg_pnf_03,+C,False,25,1,0,True,True,"[0.40351566672325134, 0.5398120880126953]","[-0.09937429428100586, -0.21243734657764435]",0.370733380317688,0.7484261989593506,0.1878557950258255,0.2098948061466217,0.2098948061466217,0.21013639867305756,0.00024159252643585205,0.0176138523966074,0.0954199880361557,0.9964836835861206,False
syco_bullshit_v2_leg_pnf_03,+C,False,26,1,0,True,True,"[-0.4676976799964905, 1.448717713356018]","[-0.08607091009616852, -0.06274038553237915]",0.370733380317688,0.7484261989593506,0.8473944067955017,0.2572726607322693,0.2572726607322693,0.2566949725151062,0.0005776882171630859,0.019377361983060837,0.1010054275393486,0.9971598386764526,False
syco_bullshit_v2_leg_pnf_03,+C,False,27,1,0,True,True,"[0.5008219480514526, 0.6467667818069458]","[-0.017051473259925842, -0.24467192590236664]",0.370733380317688,0.7484261989593506,0.19143058359622955,0.1723138839006424,0.1723138839006424,0.17291928827762604,0.0006054043769836426,0.017945079132914543,0.09699862450361252,0.9946022629737854,False
syco_bullshit_v2_leg_pnf_03,+C,False,28,1,0,True,True,"[-0.08753534406423569, 1.001123309135437]","[0.10655319690704346, 0.1058359444141388]",0.370733380317688,0.7484261989593506,0.5407084226608276,0.2480955868959427,0.2480955868959427,0.24947115778923035,0.0013755708932876587,0.022229133173823357,0.10302997380495071,0.9960235357284546,False
syco_bullshit_v2_leg_pnf_03,+C,False,29,1,0,True,True,"[-0.16990503668785095, 0.9913274049758911]","[0.012081697583198547, -0.21117454767227173]",0.370733380317688,0.7484261989593506,0.5675972104072571,0.1740742176771164,0.1740742176771164,0.17462852597236633,0.000554308295249939,0.01524521503597498,0.0896122083067894,0.9961822032928467,False
syco_bullshit_v2_leg_pnf_03,+C,False,30,1,0,True,True,"[-0.02614239603281021, 0.9239720106124878]","[-0.41864603757858276, 0.22150519490242004]",0.370733380317688,0.7484261989593506,0.4893774092197418,0.4592417776584625,0.4592417776584625,0.4591835141181946,5.8263540267944336e-05,0.016617633402347565,0.09275753051042557,0.9993452429771423,False
syco_bullshit_v2_leg_pnf_03,+C,False,31,1,0,True,True,"[0.0949506163597107, 0.9390128254890442]","[0.09561333805322647, -0.27652662992477417]",0.370733380317688,0.7484261989593506,0.4500848054885864,0.12668615579605103,0.12668615579605103,0.1277313083410263,0.0010451525449752808,0.018703335896134377,0.09830028563737869,0.989224910736084,False
syco_bullshit_v2_leg_pnf_03,+C,False,32,1,0,True,True,"[0.00030615925788879395, 0.7476667165756226]","[-0.40455806255340576, -0.12741117179393768]",0.370733380317688,0.7484261989593506,0.41425663232803345,0.3391912281513214,0.3391912281513214,0.33968377113342285,0.0004925429821014404,0.017718082293868065,0.09327960014343262,0.9986387491226196,False
syco_bullshit_v2_leg_pnf_03,+C,False,33,1,0,True,True,"[0.1802489310503006, 0.5826854705810547]","[-0.35042035579681396, 0.06149204075336456]",0.370733380317688,0.7484261989593506,0.28646141290664673,0.3834682106971741,0.3834682106971741,0.38273733854293823,0.0007308721542358398,0.017799491062760353,0.09042630344629288,0.9989224672317505,False
syco_bullshit_v2_leg_pnf_03,+C,False,34,1,0,True,True,"[0.04225233942270279, 0.8787287473678589]","[0.21888819336891174, -0.05209626257419586]",0.370733380317688,0.7484261989593506,0.44727426767349243,0.1589086502790451,0.1589086502790451,0.16047057509422302,0.0015619248151779175,0.017092131078243256,0.09478660672903061,0.9943195581436157,False
syco_bullshit_v2_leg_pnf_03,+C,False,35,1,0,True,True,"[-0.0862804651260376, 0.7479251623153687]","[-0.03595647215843201, 0.012120544910430908]",0.370733380317688,0.7484261989593506,0.4464329183101654,0.2641564607620239,0.2641564607620239,0.264983206987381,0.0008267462253570557,0.02076524682343006,0.10332155227661133,0.996924877166748,False
syco_bullshit_v2_leg_pnf_03,+C,False,36,1,0,True,True,"[0.35459989309310913, 0.2797998785972595]","[-0.2945660352706909, -0.01602327823638916]",0.370733380317688,0.7484261989593506,0.10964405536651611,0.33941739797592163,0.33941739797592163,0.3404572010040283,0.0010398030281066895,0.01717744953930378,0.09827599674463272,0.9987279176712036,False
syco_bullshit_v2_leg_pnf_03,+C,False,37,1,0,True,True,"[-0.03265063464641571, 0.8979986310005188]","[0.08108152449131012, -0.18522542715072632]",0.370733380317688,0.7484261989593506,0.48216554522514343,0.16075724363327026,0.16075724363327026,0.16205498576164246,0.0012977421283721924,0.018137101083993912,0.10007914155721664,0.9937188625335693,False
syco_bullshit_v2_leg_pnf_03,+C,False,38,1,0,True,True,"[0.2581384778022766, 0.7631866335868835]","[0.04429783672094345, -0.34112921357154846]",0.370733380317688,0.7484261989593506,0.32447925209999084,0.12166428565979004,0.12166428565979004,0.12313289195299149,0.0014686062932014465,0.01695236936211586,0.10228949785232544,0.990480363368988,False
syco_bullshit_v2_leg_pnf_03,+C,False,39,1,0,True,True,"[0.2554015517234802, 0.9157431125640869]","[0.031739115715026855, -0.010368913412094116]",0.370733380317688,0.7484261989593506,0.3820158839225769,0.2343030720949173,0.2343030720949173,0.2355431318283081,0.001240059733390808,0.01843257062137127,0.09691418707370758,0.9969358444213867,False
syco_bullshit_v2_leg_pnf_03,+C,False,40,1,0,True,True,"[-0.04718610271811485, 1.1357063055038452]","[-0.3327004313468933, 0.1454927921295166]",0.370733380317688,0.7484261989593506,0.5756223201751709,0.4061928391456604,0.406192809343338,0.405595988035202,0.0005968213081359863,0.018383756279945374,0.09714238345623016,0.998975396156311,False
syco_bullshit_v2_leg_pnf_03,+C,False,41,1,0,True,True,"[0.16754093766212463, 0.6681875586509705]","[-0.31815463304519653, -0.15844863653182983]",0.370733380317688,0.7484261989593506,0.32284846901893616,0.300918310880661,0.300918310880661,0.30096369981765747,4.538893699645996e-05,0.017264772206544876,0.09072999656200409,0.9983543753623962,False
syco_bullshit_v2_leg_pnf_03,+C,False,42,1,0,True,True,"[-0.07367625832557678, 0.6313046216964722]","[-0.0707562193274498, -0.042698703706264496]",0.370733380317688,0.7484261989593506,0.39855483174324036,0.2575500011444092,0.2575500011444092,0.2589053511619568,0.0013553500175476074,0.019072480499744415,0.09365566074848175,0.9972861409187317,False
syco_bullshit_v2_leg_pnf_03,+C,False,43,1,0,True,True,"[0.27475714683532715, 0.6075800657272339]","[0.1649782955646515, -0.0702924057841301]",0.370733380317688,0.7484261989593506,0.26066938042640686,0.16968050599098206,0.16968050599098206,0.17094549536705017,0.0012649893760681152,0.01832580380141735,0.09864591807126999,0.9942384362220764,False
syco_bullshit_v2_leg_pnf_03,+C,False,44,1,0,True,True,"[0.04163755476474762, 1.1765261888504028]","[-0.16795778274536133, 0.10797324776649475]",0.370733380317688,0.7484261989593506,0.5578367710113525,0.3388204574584961,0.3388204276561737,0.339997798204422,0.001177370548248291,0.01902182213962078,0.10212018340826035,0.9984354972839355,False
syco_bullshit_v2_leg_pnf_03,+C,False,45,1,0,True,True,"[0.03011871874332428, 0.875992476940155]","[-0.091010183095932, -0.03122754395008087]",0.370733380317688,0.7484261989593506,0.4507559835910797,0.268212229013443,0.268212229013443,0.26845598220825195,0.00024375319480895996,0.017521310597658157,0.09760694205760956,0.9978685975074768,False
syco_bullshit_v2_leg_pnf_03,+C,False,46,1,0,True,True,"[0.31156808137893677, 0.49951300024986267]","[-0.39713579416275024, 0.22650808095932007]",0.370733380317688,0.7484261989593506,0.20699170231819153,0.453778475522995,0.453778475522995,0.4540054202079773,0.0002269446849822998,0.021580999717116356,0.09989145398139954,0.9988697171211243,False
syco_bullshit_v2_leg_pnf_03,+C,False,47,1,0,True,True,"[0.030959121882915497, 0.7290493249893188]","[-0.14664402604103088, 0.1396302878856659]",0.370733380317688,0.7484261989593506,0.39600181579589844,0.3422129154205322,0.3422129154205322,0.3434743285179138,0.0012614130973815918,0.0187738798558712,0.10227791965007782,0.9985074996948242,False
syco_bullshit_v2_leg_pnf_03,+C,False,48,1,0,True,True,"[0.1125742495059967, 0.9267919063568115]","[-0.1457410454750061, 0.026728229597210884]",0.370733380317688,0.7484261989593506,0.439027339220047,0.30489104986190796,0.30489104986190796,0.3056510388851166,0.0007599890232086182,0.019164737313985825,0.10259661078453064,0.9980325698852539,False
syco_bullshit_v2_leg_pnf_03,+C,False,49,1,0,True,True,"[0.17891749739646912, 0.6198646426200867]","[-0.09388723224401474, 0.08347772061824799]",0.370733380317688,0.7484261989593506,0.3007296919822693,0.3065304160118103,0.3065304160118103,0.3071974813938141,0.0006670653820037842,0.02068326249718666,0.10058660805225372,0.9977308511734009,False
syco_bullshit_v2_leg_pnf_03,+C,False,50,1,0,True,True,"[0.4274563491344452, 0.6835266351699829]","[-0.40026476979255676, 0.4316565990447998]",0.370733380317688,0.7484261989593506,0.23223231732845306,0.5219522714614868,0.5219522714614868,0.5230490565299988,0.0010967850685119629,0.018339380621910095,0.10468316823244095,0.999386191368103,False
syco_bullshit_v2_leg_pnf_03,+C,False,51,1,0,True,True,"[0.2170710265636444, 0.7446367740631104]","[0.08762450516223907, 0.07810570299625397]",0.370733380317688,0.7484261989593506,0.3328220844268799,0.24457401037216187,0.24457399547100067,0.24579402804374695,0.0012200325727462769,0.016693253070116043,0.0901714563369751,0.9976946115493774,False
syco_bullshit_v2_leg_pnf_03,+C,False,52,1,0,True,True,"[0.037711504846811295, 0.2754550576210022]","[0.20925991237163544, -0.053207553923130035]",0.370733380317688,0.7484261989593506,0.22544223070144653,0.16097083687782288,0.16097083687782288,0.16147340834140778,0.0005025714635848999,0.0139884939417243,0.0685635656118393,0.9962407350540161,False
syco_bullshit_v2_leg_pnf_03,+C,False,53,1,0,True,True,"[0.13005664944648743, 0.40468019247055054]","[0.11854786425828934, -0.03230881318449974]",0.370733380317688,0.7484261989593506,0.23910635709762573,0.19805525243282318,0.198055237531662,0.19969303905963898,0.0016378015279769897,0.014181580394506454,0.08216063678264618,0.9974912405014038,False
syco_bullshit_v2_leg_pnf_03,-C,False,0,59,58,True,True,"[-0.21108464896678925, 0.7101043462753296]","[-0.6244977712631226, 0.6148176789283752]",-1.938124418258667,-7.988067626953125,0.3767770826816559,2.2322139739990234,2.2322142124176025,2.231998920440674,0.00021529197692871094,0.018993839621543884,0.12116490304470062,0.9999639391899109,False
syco_bullshit_v2_leg_pnf_03,-C,False,1,1,0,True,True,"[-0.17191341519355774, 0.927571177482605]","[-0.4226391911506653, 0.34722208976745605]",-1.938124418258667,-7.988067626953125,0.3107181787490845,2.386728048324585,2.386728048324585,2.3881113529205322,0.0013833045959472656,0.022810013964772224,0.12609152495861053,0.9999544620513916,False
syco_bullshit_v2_leg_pnf_03,-C,False,2,1,0,True,True,"[-0.3927482068538666, 1.0423372983932495]","[-0.5229384899139404, 0.29907071590423584]",-1.938124418258667,-7.988067626953125,0.1863771677017212,2.37007212638855,2.37007212638855,2.3706328868865967,0.000560760498046875,0.021843381226062775,0.12677066028118134,0.9999574422836304,False
syco_bullshit_v2_leg_pnf_03,-C,False,3,1,0,True,True,"[-0.33132731914520264, 1.0181583166122437]","[0.05292026698589325, 0.1666010469198227]",-1.938124418258667,-7.988067626953125,0.218092143535614,2.6036133766174316,2.6036133766174316,2.6042540073394775,0.0006406307220458984,0.024884715676307678,0.13301537930965424,0.999954342842102,False
syco_bullshit_v2_leg_pnf_03,-C,False,4,1,0,True,True,"[-0.38827621936798096, 1.0458357334136963]","[-0.19624239206314087, 0.0626462921500206]",-1.938124418258667,-7.988067626953125,0.18673788011074066,2.5564987659454346,2.5564987659454346,2.5559544563293457,0.0005443096160888672,0.024108940735459328,0.13297711312770844,0.9999556541442871,False
syco_bullshit_v2_leg_pnf_03,-C,False,5,1,0,True,True,"[-0.14816507697105408, 0.7962021827697754]","[0.17520925402641296, -0.012086335569620132]",-1.938124418258667,-7.988067626953125,0.3681895136833191,2.7039568424224854,2.7039568424224854,2.704188585281372,0.00023174285888671875,0.02318345010280609,0.13051636517047882,0.9999632835388184,False
syco_bullshit_v2_leg_pnf_03,-C,False,6,1,0,True,True,"[-0.2898530960083008, 1.2970657348632812]","[0.3333834409713745, -0.16606968641281128]",-1.938124418258667,-7.988067626953125,0.13012255728244781,2.806807518005371,2.806807518005371,2.8071398735046387,0.0003323554992675781,0.027212439104914665,0.14299850165843964,0.999953031539917,False
syco_bullshit_v2_leg_pnf_03,-C,False,7,1,0,True,True,"[-0.16165955364704132, 0.6263253688812256]","[0.044258445501327515, -0.4418853521347046]",-1.938124418258667,-7.988067626953125,0.42612960934638977,2.801826000213623,2.801826000213623,2.8020358085632324,0.000209808349609375,0.023667708039283752,0.12745793163776398,0.9999642372131348,False
syco_bullshit_v2_leg_pnf_03,-C,False,8,1,0,True,True,"[-0.4015209972858429, 0.8071498870849609]","[0.0329582542181015, -0.04718173295259476]",-1.938124418258667,-7.988067626953125,0.2702643871307373,2.667879819869995,2.667879819869995,2.6674818992614746,0.0003979206085205078,0.0195938590914011,0.1332632303237915,0.9999729990959167,False
syco_bullshit_v2_leg_pnf_03,-C,False,9,1,0,True,True,"[-0.06158602237701416, 0.23975485563278198]","[0.007746532559394836, -0.24508529901504517]",-1.938124418258667,-7.988067626953125,0.6064324378967285,2.7248528003692627,2.7248528003692627,2.7249443531036377,9.1552734375e-05,0.024036893621087074,0.13041558861732483,0.9999611377716064,False
syco_bullshit_v2_leg_pnf_03,-C,False,10,1,0,True,True,"[-0.37895655632019043, 0.8562694787979126]","[-0.09828896820545197, -0.13069987297058105]",-1.938124418258667,-7.988067626953125,0.2604256272315979,2.6516923904418945,2.6516923904418945,2.6516072750091553,8.511543273925781e-05,0.02444716915488243,0.13446883857250214,0.9999574422836304,False
syco_bullshit_v2_leg_pnf_03,-C,False,11,1,0,True,True,"[-0.16584599018096924, 1.4852982759475708]","[0.30348634719848633, -0.5483173131942749]",-1.938124418258667,-7.988067626953125,0.1063268706202507,2.924673557281494,2.924673557281494,2.924515724182129,0.00015783309936523438,0.027525948360562325,0.14569388329982758,0.9999556541442871,False
syco_bullshit_v2_leg_pnf_03,-C,False,12,1,0,True,True,"[-0.30461689829826355, 1.007585048675537]","[0.3175205886363983, -0.5728261470794678]",-1.938124418258667,-7.988067626953125,0.23190583288669586,2.9360291957855225,2.9360291957855225,2.9384641647338867,0.002434968948364258,0.02639114484190941,0.13925644755363464,0.9999600648880005,False
syco_bullshit_v2_leg_pnf_03,-C,False,13,1,0,True,True,"[-0.05939178541302681, 0.7238484621047974]","[0.06093885004520416, -0.24948075413703918]",-1.938124418258667,-7.988067626953125,0.4278874695301056,2.744553565979004,2.744553565979004,2.7447147369384766,0.00016117095947265625,0.024442458525300026,0.134790301322937,0.9999603033065796,False
syco_bullshit_v2_leg_pnf_03,-C,False,14,1,0,True,True,"[-0.31158605217933655, 1.2148361206054688]","[-0.281947523355484, -0.16446956992149353]",-1.938124418258667,-7.988067626953125,0.15253673493862152,2.602379560470581,2.602379560470581,2.603029251098633,0.0006496906280517578,0.02406531386077404,0.136064812541008,0.9999573230743408,False
syco_bullshit_v2_leg_pnf_03,-C,False,15,1,0,True,True,"[-0.3021072447299957, 1.352867841720581]","[-0.2860592305660248, -0.22195032238960266]",-1.938124418258667,-7.988067626953125,0.1049075499176979,2.6201629638671875,2.6201629638671875,2.618370771408081,0.0017921924591064453,0.025570422410964966,0.13960839807987213,0.9999525547027588,False
syco_bullshit_v2_leg_pnf_03,-C,False,16,1,0,True,True,"[-0.12211008369922638, 0.9950868487358093]","[-0.3467019200325012, -0.007593929767608643]",-1.938124418258667,-7.988067626953125,0.30415570735931396,2.5288476943969727,2.5288476943969727,2.529094696044922,0.00024700164794921875,0.02328205667436123,0.13311384618282318,0.9999576210975647,False
syco_bullshit_v2_leg_pnf_03,-C,False,17,1,0,True,True,"[-0.4274640381336212, 1.1549813747406006]","[-0.35600966215133667, -0.04889766126871109]",-1.938124418258667,-7.988067626953125,0.1317799836397171,2.5407233238220215,2.5407233238220215,2.5414516925811768,0.0007283687591552734,0.024194035679101944,0.1336321383714676,0.9999547004699707,False
syco_bullshit_v2_leg_pnf_03,-C,False,18,1,0,True,True,"[-0.10497565567493439, 0.7800325155258179]","[-0.18651071190834045, -0.3265949487686157]",-1.938124418258667,-7.988067626953125,0.3901822566986084,2.6875951290130615,2.6875951290130615,2.6882121562957764,0.0006170272827148438,0.022905271500349045,0.12811394035816193,0.9999637007713318,False
syco_bullshit_v2_leg_pnf_03,-C,False,19,1,0,True,True,"[-0.1463555544614792, 0.6760246157646179]","[-0.020688939839601517, -0.22757914662361145]",-1.938124418258667,-7.988067626953125,0.4133860170841217,2.709341287612915,2.709341526031494,2.7083826065063477,0.0009589195251464844,0.024466965347528458,0.13265801966190338,0.9999592900276184,False
syco_bullshit_v2_leg_pnf_03,-C,False,20,1,0,True,True,"[-0.6667583584785461, 1.411116361618042]","[0.27095672488212585, -0.41061845421791077]",-1.938124418258667,-7.988067626953125,0.05177781730890274,2.8654589653015137,2.8654589653015137,2.8653206825256348,0.00013828277587890625,0.024513820186257362,0.14125700294971466,0.9999634027481079,False
syco_bullshit_v2_leg_pnf_03,-C,False,21,1,0,True,True,"[-0.4530535042285919, 1.375161051750183]","[-0.07918000221252441, -0.10753549635410309]",-1.938124418258667,-7.988067626953125,0.040721893310546875,2.651697874069214,2.651697874069214,2.649306058883667,0.002391815185546875,0.027143629267811775,0.14297577738761902,0.9999479055404663,False
syco_bullshit_v2_leg_pnf_03,-C,False,22,1,0,True,True,"[0.1885555386543274, 0.5115455389022827]","[-0.04468680918216705, -0.45946988463401794]",-1.938124418258667,-7.988067626953125,0.5984113812446594,2.7795701026916504,2.7795701026916504,2.7791242599487305,0.0004458427429199219,0.024409737437963486,0.1382044106721878,0.9999614953994751,False
syco_bullshit_v2_leg_pnf_03,-C,False,23,1,0,True,True,"[0.5831677913665771, 0.4024266004562378]","[0.1289294958114624, -0.41718241572380066]",-1.938124418258667,-7.988067626953125,0.7850450277328491,2.8222010135650635,2.8222010135650635,2.8211255073547363,0.0010755062103271484,0.025842493399977684,0.1354064792394638,0.9999580979347229,False
syco_bullshit_v2_leg_pnf_03,-C,False,24,1,0,True,True,"[0.6493244171142578, 0.3062461018562317]","[0.0358123704791069, -0.4490632712841034]",-1.938124418258667,-7.988067626953125,0.8451913595199585,2.801612138748169,2.801612138748169,2.801602840423584,9.298324584960938e-06,0.024773452430963516,0.13275180757045746,0.9999608993530273,False
syco_bullshit_v2_leg_pnf_03,-C,False,25,1,0,True,True,"[0.18076354265213013, 0.6973938941955566]","[-0.021560795605182648, -0.10327635705471039]",-1.938124418258667,-7.988067626953125,0.5266671180725098,2.667012929916382,2.667012929916382,2.6673338413238525,0.0003209114074707031,0.023801103234291077,0.13254819810390472,0.9999601244926453,False
syco_bullshit_v2_leg_pnf_03,-C,False,26,1,0,True,True,"[0.4609992504119873, 0.6792692542076111]","[-0.14142677187919617, -0.03943019360303879]",-1.938124418258667,-7.988067626953125,0.6372103691101074,2.6074647903442383,2.6074647903442383,2.607382297515869,8.249282836914062e-05,0.024713128805160522,0.13515649735927582,0.9999549984931946,False
syco_bullshit_v2_leg_pnf_03,-C,False,27,1,0,True,True,"[0.1258402317762375, 1.1621099710464478]","[-0.21097251772880554, 0.3618760108947754]",-1.938124418258667,-7.988067626953125,0.3341394066810608,2.452066659927368,2.452066659927368,2.4517316818237305,0.0003349781036376953,0.02549932152032852,0.14208859205245972,0.9999459981918335,False
syco_bullshit_v2_leg_pnf_03,-C,False,28,1,0,True,True,"[0.6173919439315796, 0.5859870314598083]","[-0.4907466769218445, 0.2868373394012451]",-1.938124418258667,-7.988067626953125,0.7297156453132629,2.38496732711792,2.384967088699341,2.3844430446624756,0.0005240440368652344,0.0230440404266119,0.13416825234889984,0.9999532699584961,False
syco_bullshit_v2_leg_pnf_03,-C,False,29,1,0,True,True,"[0.36435025930404663, 0.5806400775909424]","[0.08680300414562225, -0.20893439650535583]",-1.938124418258667,-7.988067626953125,0.6379441022872925,2.738957405090332,2.738957166671753,2.7388014793395996,0.0001556873321533203,0.028208117932081223,0.14434726536273956,0.9999468922615051,False
syco_bullshit_v2_leg_pnf_03,-C,False,30,1,0,True,True,"[0.24227839708328247, 0.8663714528083801]","[-0.1498306393623352, -0.2119693011045456]",-1.938124418258667,-7.988067626953125,0.48685193061828613,2.6628835201263428,2.6628835201263428,2.663309335708618,0.0004258155822753906,0.024167384952306747,0.13498903810977936,0.999958872795105,False
syco_bullshit_v2_leg_pnf_03,-C,False,31,1,0,True,True,"[-0.29667097330093384, 1.067482590675354]","[0.11562594026327133, -0.11408990621566772]",-1.938124418258667,-7.988067626953125,0.212657630443573,2.717036008834839,2.717036008834839,2.717341184616089,0.00030517578125,0.02559720166027546,0.1369166076183319,0.9999556541442871,False
syco_bullshit_v2_leg_pnf_03,-C,False,32,1,0,True,True,"[0.4344902038574219, 0.8485621809959412]","[-0.21680998802185059, 0.30590373277664185]",-1.938124418258667,-7.988067626953125,0.5646652579307556,2.4678118228912354,2.4678118228912354,2.467743396759033,6.842613220214844e-05,0.024994827806949615,0.14023183286190033,0.9999486804008484,False
syco_bullshit_v2_leg_pnf_03,-C,False,33,1,0,True,True,"[-0.07405322790145874, 0.9060494899749756]","[0.20407535135746002, 0.07521289587020874]",-1.938124418258667,-7.988067626953125,0.3549494445323944,2.6838974952697754,2.6838974952697754,2.681833505630493,0.0020639896392822266,0.024261632934212685,0.1427241712808609,0.9999593496322632,False
syco_bullshit_v2_leg_pnf_03,-C,False,34,1,0,True,True,"[-0.1380646526813507, 1.098056674003601]","[0.324785053730011, -0.2392142117023468]",-1.938124418258667,-7.988067626953125,0.26009389758110046,2.8270719051361084,2.8270721435546875,2.8272218704223633,0.00014972686767578125,0.026984803378582,0.1430121660232544,0.9999545812606812,False
syco_bullshit_v2_leg_pnf_03,-C,False,35,1,0,True,True,"[0.07491506636142731, 0.9001133441925049]","[-0.30137330293655396, -0.06386139988899231]",-1.938124418258667,-7.988067626953125,0.4123419225215912,2.562711477279663,2.562711477279663,2.5613701343536377,0.0013413429260253906,0.02427850477397442,0.1353767365217209,0.9999552965164185,False
syco_bullshit_v2_leg_pnf_03,-C,False,36,1,0,True,True,"[0.16815117001533508, 1.0650172233581543]","[0.13678935170173645, -0.10533340275287628]",-1.938124418258667,-7.988067626953125,0.38578882813453674,2.7207894325256348,2.7207894325256348,2.7209064960479736,0.00011706352233886719,0.02493996173143387,0.13881979882717133,0.9999580383300781,False
syco_bullshit_v2_leg_pnf_03,-C,False,37,1,0,True,True,"[0.014242798089981079, 0.8610557317733765]","[-0.2037133127450943, 0.03992278128862381]",-1.938124418258667,-7.988067626953125,0.4043336510658264,2.56103253364563,2.56103253364563,2.560324192047119,0.0007083415985107422,0.023572614416480064,0.12749628722667694,0.9999576807022095,False
syco_bullshit_v2_leg_pnf_03,-C,False,38,1,0,True,True,"[0.26968878507614136, 0.6720674633979797]","[-0.46488091349601746, 0.20760247111320496]",-1.938124418258667,-7.988067626953125,0.5689976811408997,2.4186742305755615,2.4186739921569824,2.4193923473358154,0.0007183551788330078,0.02130711078643799,0.12377669662237167,0.9999611377716064,False
syco_bullshit_v2_leg_pnf_03,-C,False,39,1,0,True,True,"[-0.052740536630153656, 0.7596778273582458]","[-0.15297847986221313, 0.08057639747858047]",-1.938124418258667,-7.988067626953125,0.4170769453048706,2.5645220279693604,2.5645220279693604,2.5636684894561768,0.0008535385131835938,0.0234969649463892,0.13135218620300293,0.9999580383300781,False
syco_bullshit_v2_leg_pnf_03,-C,False,40,1,0,True,True,"[0.03829282522201538, 0.8369467258453369]","[0.12147419899702072, 0.19074372947216034]",-1.938124418258667,-7.988067626953125,0.422176718711853,2.6197657585144043,2.6197657585144043,2.6196982860565186,6.747245788574219e-05,0.02607988379895687,0.14227880537509918,0.9999504685401917,False
syco_bullshit_v2_leg_pnf_03,-C,False,41,1,0,True,True,"[-0.26263970136642456, 0.8758084774017334]","[-0.4243144392967224, 0.19557276368141174]",-1.938124418258667,-7.988067626953125,0.296282023191452,2.437457799911499,2.437458038330078,2.438145875930786,0.0006878376007080078,0.02361493930220604,0.13482441008090973,0.9999532103538513,False
syco_bullshit_v2_leg_pnf_03,-C,False,42,1,0,True,True,"[-0.17170466482639313, 0.4549875855445862]","[-0.18523436784744263, -0.35570523142814636]",-1.938124418258667,-7.988067626953125,0.48588889837265015,2.6984779834747314,2.6984779834747314,2.6972103118896484,0.0012676715850830078,0.024722019210457802,0.13731904327869415,0.9999581575393677,False
syco_bullshit_v2_leg_pnf_03,-C,False,43,1,0,True,True,"[0.21511627733707428, 0.9773539304733276]","[-0.16669869422912598, 0.09257076680660248]",-1.938124418258667,-7.988067626953125,0.4356690049171448,2.5559911727905273,2.5559911727905273,2.556056261062622,6.508827209472656e-05,0.02453760989010334,0.1394180804491043,0.9999538064002991,False
syco_bullshit_v2_leg_pnf_03,-C,False,44,1,0,True,True,"[0.32834020256996155, 0.8460372090339661]","[-0.1223488599061966, 0.08630731701850891]",-1.938124418258667,-7.988067626953125,0.5262719392776489,2.57279896736145,2.57279896736145,2.571643352508545,0.0011556148529052734,0.024788152426481247,0.13612167537212372,0.9999536275863647,False
syco_bullshit_v2_leg_pnf_03,-C,False,45,1,0,True,True,"[0.165253147482872, 0.9398213028907776]","[-0.021316751837730408, -0.18464796245098114]",-1.938124418258667,-7.988067626953125,0.4311005473136902,2.6952128410339355,2.6952128410339355,2.694974899291992,0.00023794174194335938,0.02432541735470295,0.13592229783535004,0.9999592304229736,False
syco_bullshit_v2_leg_pnf_03,-C,False,46,1,0,True,True,"[-0.12079968303442001, 1.1880402565002441]","[-0.20454350113868713, -0.005663421005010605]",-1.938124418258667,-7.988067626953125,0.23315149545669556,2.5760498046875,2.5760498046875,2.575820207595825,0.0002295970916748047,0.024400701746344566,0.13190026581287384,0.9999551773071289,False
syco_bullshit_v2_leg_pnf_03,-C,False,47,1,0,True,True,"[-0.013638082891702652, 0.788706362247467]","[-0.25378862023353577, -0.030147776007652283]",-1.938124418258667,-7.988067626953125,0.4208093285560608,2.567704200744629,2.567704200744629,2.568300485610962,0.0005962848663330078,0.021979471668601036,0.12528088688850403,0.9999634623527527,False
syco_bullshit_v2_leg_pnf_03,-C,False,48,1,0,True,True,"[-0.17827308177947998, 0.8171977400779724]","[-0.059314221143722534, 0.09916988015174866]",-1.938124418258667,-7.988067626953125,0.3492555320262909,2.589688539505005,2.589688539505005,2.5901176929473877,0.0004291534423828125,0.024330241605639458,0.13170698285102844,0.9999558925628662,False
syco_bullshit_v2_leg_pnf_03,-C,False,49,1,0,True,True,"[0.08986900746822357, 0.9456849098205566]","[-0.02310653030872345, 0.15742075443267822]",-1.938124418258667,-7.988067626953125,0.4009980261325836,2.581515073776245,2.581515073776245,2.580610752105713,0.0009043216705322266,0.026108013466000557,0.1380150020122528,0.9999489188194275,False
syco_bullshit_v2_leg_pnf_03,-C,False,50,1,0,True,True,"[0.13113117218017578, 1.1398353576660156]","[-0.18319661915302277, 0.22019711136817932]",-1.938124418258667,-7.988067626953125,0.3443525433540344,2.509101629257202,2.509101629257202,2.5094728469848633,0.0003712177276611328,0.025843970477581024,0.13815699517726898,0.9999468922615051,False
syco_bullshit_v2_leg_pnf_03,-C,False,51,1,0,True,True,"[-0.04359452798962593, 0.8576527833938599]","[-0.06283211708068848, 0.013990655541419983]",-1.938124418258667,-7.988067626953125,0.38416558504104614,2.6149399280548096,2.6149399280548096,2.6152453422546387,0.00030541419982910156,0.025478366762399673,0.13543729484081268,0.9999525547027588,False
syco_bullshit_v2_leg_pnf_03,-C,False,52,1,0,True,True,"[0.12961174547672272, 0.6986632347106934]","[-0.4362581968307495, 0.41405045986175537]",-1.938124418258667,-7.988067626953125,0.5072449445724487,2.360548734664917,2.360548734664917,2.3607802391052246,0.0002315044403076172,0.023795664310455322,0.13017070293426514,0.9999492764472961,False
syco_bullshit_v2_leg_pnf_03,-C,False,53,1,0,True,True,"[-0.08921466767787933, 0.7826433181762695]","[-0.28602135181427, 0.21215364336967468]",-1.938124418258667,-7.988067626953125,0.3950543999671936,2.4769070148468018,2.4769070148468018,2.4774627685546875,0.0005557537078857422,0.0230589397251606,0.13607348501682281,0.9999567270278931,False
syco_bullshit_v2_leg_pnf_03,-C,False,54,1,0,True,True,"[0.20124852657318115, 1.1089107990264893]","[-0.2702194154262543, 0.1832837462425232]",-1.938124418258667,-7.988067626953125,0.38178882002830505,2.492004156112671,2.492004156112671,2.493056058883667,0.0010519027709960938,0.02467883937060833,0.14020447432994843,0.9999510645866394,False
syco_bullshit_v2_leg_pnf_03,-C,False,55,1,0,True,True,"[-0.21427224576473236, 1.3569843769073486]","[-0.5495032072067261, 0.5746029615402222]",-1.938124418258667,-7.988067626953125,0.13592542707920074,2.26933217048645,2.26933217048645,2.271024227142334,0.001692056655883789,0.024443909525871277,0.1342589259147644,0.9999423623085022,False
syco_bullshit_v2_leg_pnf_03,-C,False,56,1,0,True,True,"[0.19037748873233795, 0.7928274869918823]","[-0.04526443034410477, 0.02268027700483799]",-1.938124418258667,-7.988067626953125,0.49487072229385376,2.6185407638549805,2.6185407638549805,2.6186954975128174,0.00015473365783691406,0.02576657570898533,0.14255501329898834,0.9999516010284424,False
syco_bullshit_v2_leg_pnf_03,-C,False,57,1,0,True,True,"[0.055101923644542694, 0.9405039548873901]","[-0.4900067150592804, 0.28175559639930725]",-1.938124418258667,-7.988067626953125,0.39003631472587585,2.3869247436523438,2.3869247436523438,2.3864922523498535,0.0004324913024902344,0.02235959656536579,0.1309327334165573,0.9999561905860901,False
syco_bullshit_v2_leg_pnf_03,-C,False,58,1,0,True,True,"[-0.21062971651554108, 1.1034448146820068]","[-0.11709142476320267, -0.02774236351251602]",-1.938124418258667,-7.988067626953125,0.2312120497226715,2.612797737121582,2.612797737121582,2.6120612621307373,0.0007364749908447266,0.02506963163614273,0.14265047013759613,0.9999539852142334,False
syco_bullshit_v2_leg_pnf_03,-C,False,59,1,0,True,True,"[0.2837638258934021, 0.9329993724822998]","[-0.4046984314918518, 0.18595445156097412]",-1.938124418258667,-7.988067626953125,0.4775365889072418,2.445723295211792,2.445723295211792,2.4454474449157715,0.0002758502960205078,0.02500773034989834,0.13408152759075165,0.9999477863311768,False
syco_bullshit_v2_leg_pnf_03,-C,False,60,1,0,True,True,"[0.1440877467393875, 0.9040530323982239]","[0.10779589414596558, -0.08119682967662811]",-1.938124418258667,-7.988067626953125,0.43651092052459717,2.704415798187256,2.704415798187256,2.7054362297058105,0.0010204315185546875,0.019513454288244247,0.12772922217845917,0.9999740123748779,False
syco_bullshit_v2_leg_pnf_03,-C,False,61,1,0,True,True,"[0.053819626569747925, 0.2867477238178253]","[0.25497347116470337, -0.06661129742860794]",-1.938124418258667,-7.988067626953125,0.6317795515060425,2.7477471828460693,2.7477471828460693,2.7480716705322266,0.00032448768615722656,0.01586393266916275,0.10894109308719635,0.9999833106994629,False
syco_bullshit_v2_leg_pnf_03,-C,False,62,1,0,True,True,"[0.1326453536748886, 0.4721395671367645]","[0.1189989447593689, 0.006092041730880737]",-1.938124418258667,-7.988067626953125,0.5922964811325073,2.678577184677124,2.678577184677124,2.6799118518829346,0.0013346672058105469,0.02162289246916771,0.11990039050579071,0.999967634677887,False
syco_bullshit_v2_med_pnf_01,+C,False,0,49,48,True,True,"[-0.08093792200088501, 0.3951701521873474]","[-0.46367308497428894, 0.8001272082328796]",0.370733380317688,0.7484261989593506,0.31375688314437866,0.666120707988739,0.666120707988739,0.6663084626197815,0.00018775463104248047,0.01743164099752903,0.09452138841152191,0.9996577501296997,False
syco_bullshit_v2_med_pnf_01,+C,False,1,1,0,True,True,"[-0.5224185585975647, 1.0854934453964233]","[-0.2704072594642639, 0.5971099138259888]",0.370733380317688,0.7484261989593506,0.7330931425094604,0.5345494151115417,0.5345494151115417,0.5359487533569336,0.0013993382453918457,0.017072543501853943,0.0997825339436531,0.9994946718215942,False
syco_bullshit_v2_med_pnf_01,+C,False,2,1,0,True,True,"[-0.5812327265739441, 1.2879691123962402]","[-0.3006788492202759, 0.0693826675415039]",0.370733380317688,0.7484261989593506,0.8299016952514648,0.36932656168937683,0.36932656168937683,0.3699977993965149,0.0006712377071380615,0.021075958386063576,0.10345490276813507,0.9983763694763184,False
syco_bullshit_v2_med_pnf_01,+C,False,3,1,0,True,True,"[-0.14797183871269226, 0.9973416328430176]","[-0.5521010160446167, 0.3178473114967346]",0.370733380317688,0.7484261989593506,0.5616992115974426,0.5356498956680298,0.535649836063385,0.5363026857376099,0.0006528496742248535,0.019839301705360413,0.10206010192632675,0.999315619468689,False
syco_bullshit_v2_med_pnf_01,+C,False,4,1,0,True,True,"[0.17309953272342682, 0.7505663633346558]","[0.049835145473480225, -0.21324129402637482]",0.370733380317688,0.7484261989593506,0.3513105511665344,0.1614338457584381,0.1614338457584381,0.16280347108840942,0.0013696253299713135,0.015900610014796257,0.08966095745563507,0.9952259063720703,False
syco_bullshit_v2_med_pnf_01,+C,False,5,1,0,True,True,"[0.4047481119632721, 0.6474617123603821]","[-0.04477684199810028, 0.13207055628299713]",0.370733380317688,0.7484261989593506,0.22728364169597626,0.30678343772888184,0.30678343772888184,0.3070280849933624,0.0002446472644805908,0.018965812399983406,0.09893965721130371,0.998090922832489,False
syco_bullshit_v2_med_pnf_01,+C,False,6,1,0,True,True,"[0.46729081869125366, 0.28713178634643555]","[0.041016317903995514, -0.09674037992954254]",0.370733380317688,0.7484261989593506,0.07060827314853668,0.2020263373851776,0.2020263522863388,0.20314042270183563,0.0011140704154968262,0.017837347462773323,0.0933939665555954,0.9961388111114502,False
syco_bullshit_v2_med_pnf_01,+C,False,7,1,0,True,True,"[-0.08417221158742905, 0.7849367260932922]","[0.09358131885528564, -0.025709107518196106]",0.370733380317688,0.7484261989593506,0.4593646824359894,0.2083955854177475,0.2083955854177475,0.2090294510126114,0.0006338655948638916,0.018045606091618538,0.09730498492717743,0.9962668418884277,False
syco_bullshit_v2_med_pnf_01,+C,False,8,1,0,True,True,"[0.046647023409605026, 0.5664883255958557]","[0.38692593574523926, -0.060426607728004456]",0.370733380317688,0.7484261989593506,0.3299601674079895,0.10077711194753647,0.10077711194753647,0.10181054472923279,0.0010334327816963196,0.016927720978856087,0.09841307997703552,0.9860879778862,False
syco_bullshit_v2_med_pnf_01,+C,False,9,1,0,True,True,"[0.1314329355955124, -0.04850485920906067]","[0.4287714660167694, -0.3611414432525635]",0.370733380317688,0.7484261989593506,0.07069024443626404,0.01282103918492794,0.01282103918492794,0.011015815660357475,0.001805223524570465,0.009484530426561832,0.09192116558551788,0.6930719614028931,False
syco_bullshit_v2_med_pnf_01,+C,False,10,1,0,True,True,"[-0.10946336388587952, 0.4244934916496277]","[0.36313384771347046, -0.30930012464523315]",0.370733380317688,0.7484261989593506,0.3351900279521942,0.025577755644917488,0.025577755644917488,0.026702364906668663,0.001124609261751175,0.0131837148219347,0.09379483014345169,0.873682975769043,False
syco_bullshit_v2_med_pnf_01,+C,False,11,1,0,True,True,"[0.01956159621477127, 1.0389639139175415]","[0.1505674123764038, 0.1572759747505188]",0.370733380317688,0.7484261989593506,0.5150488018989563,0.2502581477165222,0.2502581477165222,0.25153928995132446,0.001281142234802246,0.01950257457792759,0.10453692823648453,0.9969919323921204,False
syco_bullshit_v2_med_pnf_01,+C,False,12,1,0,True,True,"[0.32692286372184753, 0.2942495346069336]","[0.027354463934898376, -0.062159955501556396]",0.370733380317688,0.7484261989593506,0.12525209784507751,0.2189667522907257,0.2189667522907257,0.21847844123840332,0.0004883110523223877,0.01677696965634823,0.0909782350063324,0.9970607161521912,False
syco_bullshit_v2_med_pnf_01,+C,False,13,1,0,True,True,"[-0.24491366744041443, 0.8381218910217285]","[0.29921209812164307, -0.1379280686378479]",0.370733380317688,0.7484261989593506,0.5386250615119934,0.1037725880742073,0.1037725880742073,0.10515441000461578,0.0013818219304084778,0.016847126185894012,0.09454609453678131,0.9870824813842773,False
syco_bullshit_v2_med_pnf_01,+C,False,14,1,0,True,True,"[0.3449244499206543, 0.23526935279369354]","[0.37414899468421936, -0.5019956231117249]",0.370733380317688,0.7484261989593506,0.09673016518354416,0.04434800520539284,0.04434800520539284,0.04569161683320999,0.001343611627817154,0.015671879053115845,0.09446769207715988,0.9398413896560669,False
syco_bullshit_v2_med_pnf_01,+C,False,15,1,0,True,True,"[0.39436906576156616, -0.23356804251670837]","[0.5165372490882874, -0.5359328985214233]",0.370733380317688,0.7484261989593506,0.09529461711645126,0.10128536075353622,0.10128536075353622,0.1035945862531662,0.0023092254996299744,0.01758451946079731,0.10016494244337082,0.9855191707611084,False
syco_bullshit_v2_med_pnf_01,+C,False,16,1,0,True,True,"[0.07246875762939453, 0.14208322763442993]","[0.6924589276313782, -0.775537371635437]",0.370733380317688,0.7484261989593506,0.16314998269081116,0.23861123621463776,0.23861123621463776,0.23914548754692078,0.00053425133228302,0.01940860040485859,0.10494125634431839,0.9967018365859985,False
syco_bullshit_v2_med_pnf_01,+C,False,17,1,0,True,True,"[0.2960261404514313, 0.3429313600063324]","[0.4480735957622528, -0.4126356840133667]",0.370733380317688,0.7484261989593506,0.15473614633083344,0.03829742968082428,0.03829742968082428,0.04013581946492195,0.0018383897840976715,0.015030892565846443,0.09178924560546875,0.9276077747344971,False
syco_bullshit_v2_med_pnf_01,+C,False,18,1,0,True,True,"[0.5089857578277588, 0.36168941855430603]","[0.19883882999420166, -0.21588952839374542]",0.370733380317688,0.7484261989593506,0.08278398960828781,0.1119784414768219,0.1119784414768219,0.11367625743150711,0.0016978159546852112,0.016289062798023224,0.09124838560819626,0.9896910190582275,False
syco_bullshit_v2_med_pnf_01,+C,False,19,1,0,True,True,"[0.5163755416870117, -0.09724707901477814]","[0.0711391270160675, -0.4845942258834839]",0.370733380317688,0.7484261989593506,0.08999106287956238,0.06598269939422607,0.06598269939422607,0.06870611757040024,0.002723418176174164,0.014730689115822315,0.09049680083990097,0.9768855571746826,False
syco_bullshit_v2_med_pnf_01,+C,False,20,1,0,True,True,"[0.35693874955177307, -0.1856670081615448]","[0.4228750467300415, -0.48134076595306396]",0.370733380317688,0.7484261989593506,0.06367915123701096,0.05329735949635506,0.05329735949635506,0.056041307747364044,0.0027439482510089874,0.01743619330227375,0.10117768496274948,0.9503672122955322,False
syco_bullshit_v2_med_pnf_01,+C,False,21,1,0,True,True,"[0.06038995832204819, -0.0402100533246994]","[0.2103337049484253, -0.6350423097610474]",0.370733380317688,0.7484261989593506,0.10008509457111359,0.03364822641015053,0.03364822641015053,0.035209476947784424,0.0015612505376338959,0.014021209441125393,0.09073332697153091,0.9180591106414795,False
syco_bullshit_v2_med_pnf_01,+C,False,22,1,0,True,True,"[0.4441583752632141, 0.07569578289985657]","[0.7485398054122925, -0.48724499344825745]",0.370733380317688,0.7484261989593506,0.0008413326577283442,0.1617925465106964,0.1617925465106964,0.16257412731647491,0.0007815808057785034,0.01913692057132721,0.10343793779611588,0.9930500388145447,False
syco_bullshit_v2_med_pnf_01,+C,False,23,1,0,True,True,"[0.41533446311950684, 0.5321085453033447]","[0.2806544303894043, -0.36779022216796875]",0.370733380317688,0.7484261989593506,0.18062274158000946,0.03393786400556564,0.03393786400556564,0.034675899893045425,0.0007380358874797821,0.015390992164611816,0.0972893238067627,0.8995867967605591,False
syco_bullshit_v2_med_pnf_01,+C,False,24,1,0,True,True,"[0.41746869683265686, 0.20700284838676453]","[-0.1728234440088272, -0.03118591010570526]",0.370733380317688,0.7484261989593506,0.05937952548265457,0.2945513427257538,0.2945513427257538,0.29539164900779724,0.000840306282043457,0.017527012154459953,0.09472134709358215,0.9982386827468872,False
syco_bullshit_v2_med_pnf_01,+C,False,25,1,0,True,True,"[0.0030950033105909824, 0.5126630663871765]","[-0.14944301545619965, 0.043223947286605835]",0.370733380317688,0.7484261989593506,0.32615387439727783,0.31183046102523804,0.31183046102523804,0.3140889108181,0.0022584497928619385,0.01899137534201145,0.09614385664463043,0.9981848001480103,False
syco_bullshit_v2_med_pnf_01,+C,False,26,1,0,True,True,"[-0.0988660603761673, 0.4761899709701538]","[0.01762893795967102, -0.2143118530511856]",0.370733380317688,0.7484261989593506,0.3504173457622528,0.17068533599376678,0.17068533599376678,0.1725161075592041,0.001830771565437317,0.016768984496593475,0.0942256823182106,0.9952820539474487,False
syco_bullshit_v2_med_pnf_01,+C,False,27,1,0,True,True,"[0.3817756175994873, 0.626746654510498]","[0.3770145773887634, -0.4047108292579651]",0.370733380317688,0.7484261989593506,0.22812004387378693,0.008623079396784306,0.008623079396784306,0.005909751169383526,0.0027133282274007797,0.007276599761098623,0.09927289187908173,0.5527224540710449,False
syco_bullshit_v2_med_pnf_01,+C,False,28,1,0,True,True,"[0.10329462587833405, 0.5816591382026672]","[0.13683006167411804, 0.15624800324440002]",0.370733380317688,0.7484261989593506,0.3145928978919983,0.25447526574134827,0.25447526574134827,0.2537524998188019,0.0007227659225463867,0.02329941652715206,0.10268763452768326,0.9958006739616394,False
syco_bullshit_v2_med_pnf_01,+C,False,29,1,0,True,True,"[0.02439531311392784, 0.7569849491119385]","[-0.19375348091125488, 0.1170257031917572]",0.370733380317688,0.7484261989593506,0.4087839424610138,0.3495963215827942,0.3495963215827942,0.3502941429615021,0.0006978213787078857,0.01631135493516922,0.09015889465808868,0.9989156723022461,False
syco_bullshit_v2_med_pnf_01,+C,False,30,1,0,True,True,"[0.34051719307899475, 0.8872514367103577]","[0.11532269418239594, -0.21263793110847473]",0.370733380317688,0.7484261989593506,0.33992403745651245,0.14161522686481476,0.14161522686481476,0.1433798223733902,0.0017645955085754395,0.01858787052333355,0.09628076106309891,0.9915686845779419,False
syco_bullshit_v2_med_pnf_01,+C,False,31,1,0,True,True,"[0.059187233448028564, 0.6567503809928894]","[-0.1788325011730194, -0.09200893342494965]",0.370733380317688,0.7484261989593506,0.35875630378723145,0.2774338722229004,0.2774338722229004,0.27833667397499084,0.0009028017520904541,0.0170445516705513,0.09286810457706451,0.9981242418289185,False
syco_bullshit_v2_med_pnf_01,+C,False,32,1,0,True,True,"[-0.1902492791414261, 0.8440575003623962]","[-0.2959820032119751, 0.38006290793418884]",0.370733380317688,0.7484261989593506,0.5205709338188171,0.47154057025909424,0.47154054045677185,0.47124865651130676,0.0002918839454650879,0.01821235567331314,0.09904910624027252,0.9992538094520569,False
syco_bullshit_v2_med_pnf_01,+C,False,33,1,0,True,True,"[-0.1553127020597458, 0.46690458059310913]","[-0.32913851737976074, 0.3124382793903351]",0.370733380317688,0.7484261989593506,0.36789071559906006,0.4603973925113678,0.4603973925113678,0.46168872714042664,0.0012913346290588379,0.020726745948195457,0.1027606949210167,0.9989933967590332,False
syco_bullshit_v2_med_pnf_01,+C,False,34,1,0,True,True,"[0.29696449637413025, 0.10601003468036652]","[-0.22029472887516022, -0.34919029474258423]",0.370733380317688,0.7484261989593506,0.06660854071378708,0.20531170070171356,0.20531170070171356,0.2053263634443283,1.4662742614746094e-05,0.014374099671840668,0.08607111126184464,0.9975495338439941,False
syco_bullshit_v2_med_pnf_01,+C,False,35,1,0,True,True,"[-0.39235639572143555, 0.6290738582611084]","[-0.4466339945793152, 0.4655505120754242]",0.370733380317688,0.7484261989593506,0.5158001184463501,0.5493017435073853,0.5493017435073853,0.5499617457389832,0.0006600022315979004,0.01637692004442215,0.10308372974395752,0.999556839466095,False
syco_bullshit_v2_med_pnf_01,+C,False,36,1,0,True,True,"[-0.3694908320903778, 0.5096095204353333]","[-0.29136934876441956, -0.19610458612442017]",0.370733380317688,0.7484261989593506,0.4630665183067322,0.27902019023895264,0.27902019023895264,0.2795017957687378,0.00048160552978515625,0.01795617863535881,0.0982026681303978,0.9979343414306641,False
syco_bullshit_v2_med_pnf_01,+C,False,37,1,0,True,True,"[-0.707804799079895, 1.3141860961914062]","[-0.9118936061859131, 0.9079645872116089]",0.370733380317688,0.7484261989593506,0.8865102529525757,0.8495607972145081,0.8495607972145081,0.8496189117431641,5.811452865600586e-05,0.02226320095360279,0.11635389924049377,0.9996566772460938,False
syco_bullshit_v2_med_pnf_01,+C,False,38,1,0,True,True,"[-0.2645500898361206, 0.8272207975387573]","[-0.3448004126548767, -0.004170342348515987]",0.370733380317688,0.7484261989593506,0.5418615341186523,0.3608568608760834,0.3608568608760834,0.3614911139011383,0.0006342530250549316,0.017803436145186424,0.09603005647659302,0.9987866878509521,False
syco_bullshit_v2_med_pnf_01,+C,False,39,1,0,True,True,"[-0.6735427975654602, 0.9273455739021301]","[-0.3753235638141632, 0.09478103369474411]",0.370733380317688,0.7484261989593506,0.7304908037185669,0.4028260111808777,0.4028260111808777,0.4033813178539276,0.0005553066730499268,0.01904056780040264,0.10019846260547638,0.9988853931427002,False
syco_bullshit_v2_med_pnf_01,+C,False,40,1,0,True,True,"[-0.36716923117637634, 0.35886597633361816]","[-0.09025831520557404, -0.23612239956855774]",0.370733380317688,0.7484261989593506,0.40635553002357483,0.2001456618309021,0.2001456618309021,0.2003437578678131,0.00019809603691101074,0.015425254590809345,0.08817080408334732,0.9970335364341736,False
syco_bullshit_v2_med_pnf_01,+C,False,41,1,0,True,True,"[-0.6052941083908081, 1.0892127752304077]","[-0.09401201456785202, -0.25015103816986084]",0.370733380317688,0.7484261989593506,0.7651767730712891,0.19589151442050934,0.19589151442050934,0.19659742712974548,0.000705912709236145,0.01874406449496746,0.10089144110679626,0.9954450130462646,False
syco_bullshit_v2_med_pnf_01,+C,False,42,1,0,True,True,"[-0.2770053744316101, 1.0511200428009033]","[-0.04510171711444855, -0.13886654376983643]",0.370733380317688,0.7484261989593506,0.6294314861297607,0.21622414886951447,0.21622413396835327,0.21619726717472076,2.6866793632507324e-05,0.01843767985701561,0.1015482097864151,0.9963639378547668,False
syco_bullshit_v2_med_pnf_01,+C,False,43,1,0,True,True,"[-0.4779788851737976, 1.1926295757293701]","[-0.6026619076728821, 0.3241491913795471]",0.370733380317688,0.7484261989593506,0.7563222646713257,0.552674412727356,0.552674412727356,0.5534611344337463,0.0007867217063903809,0.01874464936554432,0.10646554082632065,0.9994266629219055,False
syco_bullshit_v2_med_pnf_01,+C,False,44,1,0,True,True,"[-0.1746034473180771, 0.8025230169296265]","[-0.39100489020347595, -0.05055709928274155]",0.370733380317688,0.7484261989593506,0.4993854761123657,0.35976743698120117,0.35976743698120117,0.3594021797180176,0.00036525726318359375,0.015442434698343277,0.09451090544462204,0.9990783929824829,False
syco_bullshit_v2_med_pnf_01,+C,False,45,1,0,True,True,"[-0.1194503903388977, 0.6116588115692139]","[-0.14170655608177185, -0.13987421989440918]",0.370733380317688,0.7484261989593506,0.40823546051979065,0.24914906919002533,0.24914906919002533,0.24956421554088593,0.0004151463508605957,0.017376290634274483,0.09769230335950851,0.9975733757019043,False
syco_bullshit_v2_med_pnf_01,+C,False,46,1,0,True,True,"[-0.339584082365036, 1.3689684867858887]","[-0.49707716703414917, 0.6593599915504456]",0.370733380317688,0.7484261989593506,0.7703806757926941,0.6304604411125183,0.6304605007171631,0.6298789978027344,0.0005815029144287109,0.01954604499042034,0.11047783493995667,0.9995194673538208,False
syco_bullshit_v2_med_pnf_01,+C,False,47,1,0,True,True,"[-0.3313586711883545, 1.4154112339019775]","[-0.8247694969177246, 0.5975812673568726]",0.370733380317688,0.7484261989593506,0.7845402956008911,0.7177099585533142,0.7177098989486694,0.7177870273590088,7.712841033935547e-05,0.019250670447945595,0.11248662322759628,0.9996402263641357,False
syco_bullshit_v2_med_pnf_01,+C,False,48,1,0,True,True,"[-0.04399186372756958, 0.6724158525466919]","[-0.3257584571838379, 0.5603531002998352]",0.370733380317688,0.7484261989593506,0.4027884900569916,0.5410207509994507,0.5410207509994507,0.5428124070167542,0.0017916560173034668,0.018606062978506088,0.1027146652340889,0.9994159936904907,False
syco_bullshit_v2_med_pnf_01,+C,False,49,1,0,True,True,"[0.07195556908845901, 0.3257494568824768]","[0.24846330285072327, -0.011929124593734741]",0.370733380317688,0.7484261989593506,0.23138892650604248,0.16186104714870453,0.16186104714870453,0.16214117407798767,0.0002801269292831421,0.014298179186880589,0.07028699666261673,0.9961065053939819,False
syco_bullshit_v2_med_pnf_01,+C,False,50,1,0,True,True,"[0.27655237913131714, 0.27599838376045227]","[0.22409480810165405, -0.349335253238678]",0.370733380317688,0.7484261989593506,0.13715238869190216,0.059311170130968094,0.059311170130968094,0.06030089035630226,0.0009897202253341675,0.013728728517889977,0.07962103933095932,0.9737876057624817,False
syco_bullshit_v2_med_pnf_01,-C,False,0,49,48,True,True,"[-0.08093792200088501, 0.3951701521873474]","[-0.46367308497428894, 0.8001272082328796]",-1.938124418258667,-7.988067626953125,0.5416807532310486,2.2241997718811035,2.2241995334625244,2.2231953144073486,0.0010042190551757812,0.018994269892573357,0.11886636912822723,0.9999635219573975,False
syco_bullshit_v2_med_pnf_01,-C,False,1,1,0,True,True,"[-0.5224185585975647, 1.0854934453964233]","[-0.2704072594642639, 0.5971099138259888]",-1.938124418258667,-7.988067626953125,0.12234450876712799,2.355550527572632,2.355550527572632,2.356135129928589,0.0005846023559570312,0.023233085870742798,0.12823568284511566,0.9999513626098633,False
syco_bullshit_v2_med_pnf_01,-C,False,2,1,0,True,True,"[-0.5812327265739441, 1.2879691123962402]","[-0.3006788492202759, 0.0693826675415039]",-1.938124418258667,-7.988067626953125,0.02553596720099449,2.5196757316589355,2.5196757316589355,2.5190088748931885,0.0006668567657470703,0.024336807429790497,0.13705410063266754,0.9999533891677856,False
syco_bullshit_v2_med_pnf_01,-C,False,3,1,0,True,True,"[-0.14797183871269226, 0.9973416328430176]","[-0.5521010160446167, 0.3178473114967346]",-1.938124418258667,-7.988067626953125,0.2937384247779846,2.3543901443481445,2.3543901443481445,2.353516101837158,0.0008740425109863281,0.019511373713612556,0.1304779201745987,0.9999657869338989,False
syco_bullshit_v2_med_pnf_01,-C,False,4,1,0,True,True,"[0.17309953272342682, 0.7505663633346558]","[0.049835145473480225, -0.21324129402637482]",-1.938124418258667,-7.988067626953125,0.504127025604248,2.7282204627990723,2.7282207012176514,2.727715492248535,0.0005052089691162109,0.02309045009315014,0.12976700067520142,0.9999642968177795,False
syco_bullshit_v2_med_pnf_01,-C,False,5,1,0,True,True,"[0.4047481119632721, 0.6474617123603821]","[-0.04477684199810028, 0.13207055628299713]",-1.938124418258667,-7.988067626953125,0.6281539797782898,2.5835938453674316,2.5835938453674316,2.583794116973877,0.0002002716064453125,0.024165058508515358,0.13451482355594635,0.9999562501907349,False
syco_bullshit_v2_med_pnf_01,-C,False,6,1,0,True,True,"[0.47134217619895935, 0.45595866441726685]","[-0.10314065217971802, 0.1281300038099289]",-1.938124418258667,-7.988067626953125,0.723779559135437,2.5657389163970947,2.565739154815674,2.566072940826416,0.0003337860107421875,0.023525560274720192,0.13198499381542206,0.9999580383300781,False
syco_bullshit_v2_med_pnf_01,-C,False,7,1,0,True,True,"[-0.07935614883899689, 0.7504432201385498]","[0.12219319492578506, -0.15036824345588684]",-1.938124418258667,-7.988067626953125,0.4106371998786926,2.731853723526001,2.731853723526001,2.731161117553711,0.0006926059722900391,0.024515269324183464,0.1372983157634735,0.9999597072601318,False
syco_bullshit_v2_med_pnf_01,-C,False,8,1,0,True,True,"[0.11058512330055237, 0.5688257813453674]","[0.3353145718574524, -0.11555498838424683]",-1.938124418258667,-7.988067626953125,0.5483006834983826,2.7899010181427,2.7899010181427,2.7893309593200684,0.0005700588226318359,0.02520558051764965,0.13959982991218567,0.9999591112136841,False
syco_bullshit_v2_med_pnf_01,-C,False,9,1,0,True,True,"[0.16257017850875854, -0.0710999146103859]","[0.45719268918037415, -0.37251895666122437]",-1.938124418258667,-7.988067626953125,0.8046552538871765,2.915630340576172,2.915630340576172,2.916137218475342,0.0005068778991699219,0.019395163282752037,0.13815446197986603,0.9999779462814331,False
syco_bullshit_v2_med_pnf_01,-C,False,10,1,0,True,True,"[-0.1552884876728058, 0.5229911804199219]","[0.3297201991081238, -0.2375311255455017]",-1.938124418258667,-7.988067626953125,0.46677565574645996,2.827645778656006,2.827645778656006,2.8276212215423584,2.4557113647460938e-05,0.025012031197547913,0.13937823474407196,0.9999610185623169,False
syco_bullshit_v2_med_pnf_01,-C,False,11,1,0,True,True,"[-0.056535445153713226, 1.1208548545837402]","[0.07183382660150528, 0.22043851017951965]",-1.938124418258667,-7.988067626953125,0.28185388445854187,2.5926406383514404,2.5926406383514404,2.5928313732147217,0.00019073486328125,0.02576337940990925,0.1417161226272583,0.9999507069587708,False
syco_bullshit_v2_med_pnf_01,-C,False,12,1,0,True,True,"[0.32701051235198975, 0.22166459262371063]","[0.1789567768573761, -0.1591247320175171]",-1.938124418258667,-7.988067626953125,0.7571108937263489,2.7541422843933105,2.7541422843933105,2.7532567977905273,0.0008854866027832031,0.023978376761078835,0.1295142024755478,0.9999620914459229,False
syco_bullshit_v2_med_pnf_01,-C,False,13,1,0,True,True,"[-0.3083100914955139, 0.8662175536155701]","[0.2915108799934387, -0.07294821739196777]",-1.938124418258667,-7.988067626953125,0.28291451930999756,2.761399030685425,2.761399030685425,2.760998249053955,0.00040078163146972656,0.02570105344057083,0.13634434342384338,0.9999566078186035,False
syco_bullshit_v2_med_pnf_01,-C,False,14,1,0,True,True,"[0.3040328919887543, 0.25906863808631897]","[0.4165225625038147, -0.4986702799797058]",-1.938124418258667,-7.988067626953125,0.734739363193512,2.9445981979370117,2.9445981979370117,2.944010019302368,0.0005881786346435547,0.02545935846865177,0.1390703022480011,0.9999626874923706,False
syco_bullshit_v2_med_pnf_01,-C,False,15,1,0,True,True,"[0.353617399930954, -0.20581552386283875]","[0.5175610184669495, -0.5289740562438965]",-1.938124418258667,-7.988067626953125,0.9253513216972351,2.9873526096343994,2.9873526096343994,2.988563299179077,0.0012106895446777344,0.025235706940293312,0.14522430300712585,0.9999644160270691,False
syco_bullshit_v2_med_pnf_01,-C,False,16,1,0,True,True,"[0.08611193299293518, 0.13525664806365967]","[0.7081989645957947, -0.7731159925460815]",-1.938124418258667,-7.988067626953125,0.6998717188835144,3.1319527626037598,3.1319527626037598,3.1315226554870605,0.00043010711669921875,0.024702759459614754,0.1505144238471985,0.9999690055847168,False
syco_bullshit_v2_med_pnf_01,-C,False,17,1,0,True,True,"[0.2746395766735077, 0.34496697783470154]","[0.44580844044685364, -0.3875245451927185]",-1.938124418258667,-7.988067626953125,0.6920234560966492,2.9173192977905273,2.9173195362091064,2.9175379276275635,0.00021839141845703125,0.023950178176164627,0.13635729253292084,0.9999662637710571,False
syco_bullshit_v2_med_pnf_01,-C,False,18,1,0,True,True,"[0.4542718529701233, 0.39148586988449097]","[0.19866514205932617, -0.19257745146751404]",-1.938124418258667,-7.988067626953125,0.741342306137085,2.7710986137390137,2.7710986137390137,2.7712738513946533,0.00017523765563964844,0.025293605402112007,0.13213209807872772,0.9999582767486572,False
syco_bullshit_v2_med_pnf_01,-C,False,19,1,0,True,True,"[0.49948006868362427, -0.0770798996090889]","[0.03873566910624504, -0.4541306495666504]",-1.938124418258667,-7.988067626953125,0.9316969513893127,2.8042218685150146,2.8042218685150146,2.8034827709198,0.0007390975952148438,0.025615718215703964,0.13281884789466858,0.9999582767486572,False
syco_bullshit_v2_med_pnf_01,-C,False,20,1,0,True,True,"[0.3434978723526001, -0.17881838977336884]","[0.41564592719078064, -0.4424087405204773]",-1.938124418258667,-7.988067626953125,0.9115994572639465,2.9269185066223145,2.9269185066223145,2.9277782440185547,0.0008597373962402344,0.025301838293671608,0.14635471999645233,0.9999627470970154,False
syco_bullshit_v2_med_pnf_01,-C,False,21,1,0,True,True,"[0.01623702421784401, 0.014186464250087738]","[0.1828407347202301, -0.6028361320495605]",-1.938124418258667,-7.988067626953125,0.718839704990387,2.9008331298828125,2.9008331298828125,2.9004030227661133,0.00043010711669921875,0.024033276364207268,0.13527686893939972,0.9999657273292542,False
syco_bullshit_v2_med_pnf_01,-C,False,22,1,0,True,True,"[0.43339091539382935, 0.09112311899662018]","[0.786314845085144, -0.4967226982116699]",-1.938124418258667,-7.988067626953125,0.8448910117149353,3.0668249130249023,3.0668249130249023,3.0664103031158447,0.0004146099090576172,0.020870285108685493,0.14892055094242096,0.9999768733978271,False
syco_bullshit_v2_med_pnf_01,-C,False,23,1,0,True,True,"[0.32292792201042175, 0.5972021222114563]","[0.2717818319797516, -0.33403483033180237]",-1.938124418258667,-7.988067626953125,0.6164606809616089,2.841630697250366,2.841630697250366,2.841437339782715,0.0001933574676513672,0.02604858949780464,0.14104504883289337,0.9999580383300781,False
syco_bullshit_v2_med_pnf_01,-C,False,24,1,0,True,True,"[0.40604034066200256, 0.2192476987838745]","[-0.1281718611717224, -0.04323446750640869]",-1.938124418258667,-7.988067626953125,0.7872870564460754,2.6137328147888184,2.6137330532073975,2.6133358478546143,0.0003972053527832031,0.02309388667345047,0.13079747557640076,0.9999610185623169,False
syco_bullshit_v2_med_pnf_01,-C,False,25,1,0,True,True,"[-0.01650841534137726, 0.5280181765556335]","[-0.14076575636863708, 0.042401477694511414]",-1.938124418258667,-7.988067626953125,0.5163314938545227,2.5809478759765625,2.5809478759765625,2.5819716453552246,0.0010237693786621094,0.024507472291588783,0.1318385750055313,0.9999550580978394,False
syco_bullshit_v2_med_pnf_01,-C,False,26,1,0,True,True,"[-0.10900411754846573, 0.49481549859046936]","[0.025903761386871338, -0.21387776732444763]",-1.938124418258667,-7.988067626953125,0.49436327815055847,2.7220516204833984,2.7220516204833984,2.7219507694244385,0.00010085105895996094,0.024479400366544724,0.1342596858739853,0.9999595880508423,False
syco_bullshit_v2_med_pnf_01,-C,False,27,1,0,True,True,"[0.34451809525489807, 0.6684704422950745]","[0.3777614235877991, -0.40017014741897583]",-1.938124418258667,-7.988067626953125,0.598054826259613,2.899526357650757,2.899526357650757,2.9006805419921875,0.001154184341430664,0.022378161549568176,0.1448138803243637,0.9999703764915466,False
syco_bullshit_v2_med_pnf_01,-C,False,28,1,0,True,True,"[0.07545215636491776, 0.6146325469017029]","[0.10162250697612762, 0.19165350496768951]",-1.938124418258667,-7.988067626953125,0.5183122754096985,2.6117870807647705,2.6117870807647705,2.611072301864624,0.0007147789001464844,0.02249060943722725,0.13847683370113373,0.9999630451202393,False
syco_bullshit_v2_med_pnf_01,-C,False,29,1,0,True,True,"[-0.04684077575802803, 0.820173442363739]","[-0.2649487853050232, 0.14669953286647797]",-1.938124418258667,-7.988067626953125,0.3968490660190582,2.505404233932495,2.505404233932495,2.505762815475464,0.00035858154296875,0.022536151111125946,0.12378048896789551,0.9999594688415527,False
syco_bullshit_v2_med_pnf_01,-C,False,30,1,0,True,True,"[0.28737103939056396, 0.9140343070030212]","[0.0315801203250885, -0.14516134560108185]",-1.938124418258667,-7.988067626953125,0.4858996868133545,2.7001094818115234,2.7001094818115234,2.7018113136291504,0.0017018318176269531,0.025474227964878082,0.13640286028385162,0.9999556541442871,False
syco_bullshit_v2_med_pnf_01,-C,False,31,1,0,True,True,"[0.0025257915258407593, 0.7028179168701172]","[-0.23213215172290802, -0.030926328152418137]",-1.938124418258667,-7.988067626953125,0.45861998200416565,2.5752358436584473,2.5752358436584473,2.5759077072143555,0.0006718635559082031,0.02344248630106449,0.12848317623138428,0.9999585151672363,False
syco_bullshit_v2_med_pnf_01,-C,False,32,1,0,True,True,"[-0.22157657146453857, 0.8680417537689209]","[-0.3191985487937927, 0.4108521044254303]",-1.938124418258667,-7.988067626953125,0.314373642206192,2.4013538360595703,2.4013538360595703,2.401890277862549,0.0005364418029785156,0.019368648529052734,0.12923899292945862,0.9999674558639526,False
syco_bullshit_v2_med_pnf_01,-C,False,33,1,0,True,True,"[-0.13466551899909973, 0.4597127437591553]","[-0.31622418761253357, 0.30106663703918457]",-1.938124418258667,-7.988067626953125,0.4978613555431366,2.4371554851531982,2.4371554851531982,2.4369962215423584,0.00015926361083984375,0.022775452584028244,0.13387268781661987,0.9999563694000244,False
syco_bullshit_v2_med_pnf_01,-C,False,34,1,0,True,True,"[0.29336830973625183, 0.11058306694030762]","[-0.17038875818252563, -0.38525012135505676]",-1.938124418258667,-7.988067626953125,0.78580242395401,2.712024211883545,2.712024211883545,2.711732864379883,0.0002913475036621094,0.023099567741155624,0.1249551773071289,0.999963641166687,False
syco_bullshit_v2_med_pnf_01,-C,False,35,1,0,True,True,"[-0.41342151165008545, 0.6331121325492859]","[-0.4532167911529541, 0.4815387427806854]",-1.938124418258667,-7.988067626953125,0.33033663034439087,2.3322763442993164,2.3322765827178955,2.3322975635528564,2.09808349609375e-05,0.02449285238981247,0.13100166618824005,0.9999449253082275,False
syco_bullshit_v2_med_pnf_01,-C,False,36,1,0,True,True,"[-0.37468111515045166, 0.5150078535079956]","[-0.2901676893234253, -0.19321462512016296]",-1.938124418258667,-7.988067626953125,0.38844797015190125,2.6092958450317383,2.6092958450317383,2.609563112258911,0.00026726722717285156,0.02368696592748165,0.1344924420118332,0.9999587535858154,False
syco_bullshit_v2_med_pnf_01,-C,False,37,1,0,True,True,"[-0.7069380283355713, 1.3086862564086914]","[-0.9134166240692139, 0.912248432636261]",-1.938124418258667,-7.988067626953125,0.02871389500796795,2.0394163131713867,2.0394163131713867,2.038794755935669,0.0006215572357177734,0.024413153529167175,0.1346878856420517,0.9999284148216248,False
syco_bullshit_v2_med_pnf_01,-C,False,38,1,0,True,True,"[-0.42451781034469604, 0.89788818359375]","[-0.7145081758499146, 0.2840222716331482]",-1.938124418258667,-7.988067626953125,0.22812519967556,2.3111565113067627,2.3111565113067627,2.3106627464294434,0.0004937648773193359,0.02254122868180275,0.12291516363620758,0.999952495098114,False
syco_bullshit_v2_med_pnf_01,-C,False,39,1,0,True,True,"[-0.8989866375923157, 0.6632432341575623]","[-0.38839447498321533, 0.07730267941951752]",-1.938124418258667,-7.988067626953125,0.1392698734998703,2.486131429672241,2.486131429672241,2.485501527786255,0.0006299018859863281,0.02206728421151638,0.12790566682815552,0.9999606609344482,False
syco_bullshit_v2_med_pnf_01,-C,False,40,1,0,True,True,"[-0.30732405185699463, 0.25987669825553894]","[0.1341458112001419, -0.33630210161209106]",-1.938124418258667,-7.988067626953125,0.5079306364059448,2.7970821857452393,2.7970824241638184,2.797987222671509,0.0009047985076904297,0.02297908067703247,0.12695960700511932,0.9999663829803467,False
syco_bullshit_v2_med_pnf_01,-C,False,41,1,0,True,True,"[-0.6902453303337097, 1.08523690700531]","[0.12985102832317352, -0.2876225709915161]",-1.938124418258667,-7.988067626953125,0.06025936082005501,2.7787117958068848,2.7787117958068848,2.779327630996704,0.0006158351898193359,0.026423564180731773,0.14288891851902008,0.9999547600746155,False
syco_bullshit_v2_med_pnf_01,-C,False,42,1,0,True,True,"[-0.2761278748512268, 0.8725852370262146]","[-0.25727641582489014, -0.017381004989147186]",-1.938124418258667,-7.988067626953125,0.29247888922691345,2.5621509552001953,2.562150716781616,2.561342477798462,0.0008082389831542969,0.02442227676510811,0.13774529099464417,0.9999545812606812,False
syco_bullshit_v2_med_pnf_01,-C,False,43,1,0,True,True,"[-0.41380739212036133, 0.8123989701271057]","[-0.3534266948699951, -0.2482050657272339]",-1.938124418258667,-7.988067626953125,0.26376745104789734,2.607377767562866,2.607377767562866,2.607579469680786,0.00020170211791992188,0.02299216017127037,0.13183969259262085,0.9999611377716064,False
syco_bullshit_v2_med_pnf_01,-C,False,44,1,0,True,True,"[-0.5521424412727356, 0.33979880809783936]","[-0.04917893186211586, -0.5818790197372437]",-1.938124418258667,-7.988067626953125,0.3876134753227234,2.8172671794891357,2.8172671794891357,2.817051887512207,0.00021529197692871094,0.02560640498995781,0.13760432600975037,0.9999586939811707,False
syco_bullshit_v2_med_pnf_01,-C,False,45,1,0,True,True,"[-0.1042531356215477, 0.19046877324581146]","[0.00635518878698349, -0.6415388584136963]",-1.938124418258667,-7.988067626953125,0.6088848114013672,2.8555872440338135,2.8555872440338135,2.8550608158111572,0.00052642822265625,0.025322766974568367,0.14388452470302582,0.9999606609344482,False
syco_bullshit_v2_med_pnf_01,-C,False,46,1,0,True,True,"[0.015391670167446136, 0.6341313719749451]","[-0.11467967182397842, -0.3857257068157196]",-1.938124418258667,-7.988067626953125,0.48883533477783203,2.731214761734009,2.731214761734009,2.730097770690918,0.0011169910430908203,0.027406763285398483,0.13876819610595703,0.9999498128890991,False
syco_bullshit_v2_med_pnf_01,-C,False,47,1,0,True,True,"[-0.26747387647628784, 0.7520382404327393]","[-0.4115310311317444, -0.1415339708328247]",-1.938124418258667,-7.988067626953125,0.34034815430641174,2.552946090698242,2.552946090698242,2.5526010990142822,0.00034499168395996094,0.023537352681159973,0.1320813000202179,0.9999575018882751,False
syco_bullshit_v2_med_pnf_01,-C,False,48,1,0,True,True,"[0.07486967742443085, 0.4263955354690552]","[-0.6101341247558594, 0.35710853338241577]",-1.938124418258667,-7.988067626953125,0.5878387689590454,2.3217251300811768,2.3217251300811768,2.322746992111206,0.0010218620300292969,0.02387702465057373,0.131008580327034,0.999947190284729,False
syco_bullshit_v2_med_pnf_01,-C,False,49,1,0,True,True,"[0.019699204713106155, 0.6868681311607361]","[-0.25053897500038147, 0.6388034820556641]",-1.938124418258667,-7.988067626953125,0.4708922505378723,2.3463385105133057,2.3463385105133057,2.345815658569336,0.0005228519439697266,0.02071690745651722,0.13064216077327728,0.9999610185623169,False
syco_bullshit_v2_med_pnf_01,-C,False,50,1,0,True,True,"[0.07049340009689331, 0.3153437077999115]","[0.26965320110321045, -0.019828105345368385]",-1.938124418258667,-7.988067626953125,0.6273623108863831,2.737319231033325,2.737319231033325,2.736994743347168,0.00032448768615722656,0.0179752204567194,0.1117364764213562,0.9999784231185913,False
syco_bullshit_v2_med_pnf_01,-C,False,51,1,0,True,True,"[0.2705075442790985, 0.31761494278907776]","[0.22337758541107178, -0.3438900113105774]",-1.938124418258667,-7.988067626953125,0.70062655210495,2.828239917755127,2.828239917755127,2.829263925552368,0.001024007797241211,0.022303713485598564,0.12189511954784393,0.9999690055847168,False
syco_bullshit_v2_med_pnf_02,+C,False,0,59,58,True,True,"[-0.2029091864824295, 0.878421425819397]","[-0.8550063371658325, 1.289698600769043]",0.370733380317688,0.7484261989593506,0.5379933714866638,0.9571157097816467,0.9571157097816467,0.9570984840393066,1.722574234008789e-05,0.019208025187253952,0.1021931916475296,0.9997986555099487,False
syco_bullshit_v2_med_pnf_02,+C,False,1,1,0,True,True,"[0.017858151346445084, 0.9985250234603882]","[-0.41407015919685364, 0.6205074787139893]",0.370733380317688,0.7484261989593506,0.5006971955299377,0.590992271900177,0.590992271900177,0.5919707417488098,0.0009784698486328125,0.0158989354968071,0.09530465304851532,0.999640166759491,False
syco_bullshit_v2_med_pnf_02,+C,False,2,1,0,True,True,"[0.2987566590309143, 0.43457162380218506]","[0.2168971300125122, -0.3295903503894806]",0.370733380317688,0.7484261989593506,0.18767744302749634,0.0682448074221611,0.0682448074221611,0.06879165768623352,0.0005468502640724182,0.01695658266544342,0.08947037160396576,0.9694092273712158,False
syco_bullshit_v2_med_pnf_02,+C,False,3,1,0,True,True,"[0.12508076429367065, 0.5530375242233276]","[0.6336393356323242, -0.5064743757247925]",0.370733380317688,0.7484261989593506,0.29591670632362366,0.12997503578662872,0.12997503578662872,0.1310356855392456,0.0010606497526168823,0.016238490119576454,0.09128741174936295,0.9922918081283569,False
syco_bullshit_v2_med_pnf_02,+C,False,4,1,0,True,True,"[-0.5082874894142151, 0.5807466506958008]","[0.21070480346679688, 0.11076392233371735]",0.370733380317688,0.7484261989593506,0.5408475399017334,0.21476328372955322,0.21476326882839203,0.21573957800865173,0.0009763091802597046,0.02061392180621624,0.10403647273778915,0.9954246282577515,False
syco_bullshit_v2_med_pnf_02,+C,False,5,1,0,True,True,"[-0.2788594961166382, 0.8259153366088867]","[1.1841614246368408, -0.7403353452682495]",0.370733380317688,0.7484261989593506,0.5466794967651367,0.38949593901634216,0.38949593901634216,0.3903008997440338,0.0008049607276916504,0.02020256593823433,0.10337227582931519,0.9986597299575806,False
syco_bullshit_v2_med_pnf_02,+C,False,6,1,0,True,True,"[-0.05891253799200058, 1.0189368724822998]","[0.8371346592903137, -0.5884060263633728]",0.370733380317688,0.7484261989593506,0.5367035865783691,0.22610032558441162,0.22610032558441162,0.2264440357685089,0.00034371018409729004,0.019446834921836853,0.09850317239761353,0.9963078498840332,False
syco_bullshit_v2_med_pnf_02,+C,False,7,1,0,True,True,"[-0.5731161832809448, 1.5054538249969482]","[-0.28588733077049255, 0.29016292095184326]",0.370733380317688,0.7484261989593506,0.9074729681015015,0.4386640191078186,0.438664048910141,0.43859103322029114,7.301568984985352e-05,0.01750876195728779,0.0950060486793518,0.9992033243179321,False
syco_bullshit_v2_med_pnf_02,+C,False,8,1,0,True,True,"[-0.21892963349819183, 0.9814965128898621]","[-0.03986935317516327, 0.5345323085784912]",0.370733380317688,0.7484261989593506,0.582118570804596,0.4374401569366455,0.4374401271343231,0.43825650215148926,0.0008163750171661377,0.018614966422319412,0.10274336487054825,0.9990978837013245,False
syco_bullshit_v2_med_pnf_02,+C,False,9,1,0,True,True,"[-0.25238633155822754, 0.7624689340591431]","[0.810432493686676, -0.5031590461730957]",0.370733380317688,0.7484261989593506,0.5133640766143799,0.18818697333335876,0.18818697333335876,0.18794259428977966,0.00024437904357910156,0.01941286399960518,0.1044522374868393,0.9946731925010681,False
syco_bullshit_v2_med_pnf_02,+C,False,10,1,0,True,True,"[0.10769138485193253, 0.9004194736480713]","[0.4232938587665558, -0.36993372440338135]",0.370733380317688,0.7484261989593506,0.4310654103755951,0.013548639602959156,0.013548638671636581,0.011977918446063995,0.001570720225572586,0.010177003219723701,0.0980745479464531,0.6884969472885132,False
syco_bullshit_v2_med_pnf_02,+C,False,11,1,0,True,True,"[-0.3864075839519501, 0.3985610604286194]","[0.36781173944473267, -0.1426524817943573]",0.370733380317688,0.7484261989593506,0.4281904995441437,0.07993435859680176,0.07993435859680176,0.08143133670091629,0.0014969781041145325,0.01479434221982956,0.08590036630630493,0.9833594560623169,False
syco_bullshit_v2_med_pnf_02,+C,False,12,1,0,True,True,"[-0.36119580268859863, 0.7960248589515686]","[0.13814660906791687, -0.2117011994123459]",0.370733380317688,0.7484261989593506,0.5661107897758484,0.13231857120990753,0.13231857120990753,0.1327083259820938,0.0003897547721862793,0.01503695547580719,0.08822834491729736,0.9935661554336548,False
syco_bullshit_v2_med_pnf_02,+C,False,13,1,0,True,True,"[-0.19415266811847687, 0.12662534415721893]","[0.4533614218235016, -0.6352052688598633]",0.370733380317688,0.7484261989593506,0.2562067210674286,0.11252383887767792,0.11252383887767792,0.113011933863163,0.0004880949854850769,0.01310536079108715,0.07815345376729965,0.9932563304901123,False
syco_bullshit_v2_med_pnf_02,+C,False,14,1,0,True,True,"[0.257651150226593, -0.1714899241924286]","[-0.014799930155277252, -0.17707648873329163]",0.370733380317688,0.7484261989593506,0.021640198305249214,0.1944543421268463,0.1944543421268463,0.19460952281951904,0.0001551806926727295,0.01612098328769207,0.08939826488494873,0.9965664744377136,False
syco_bullshit_v2_med_pnf_02,+C,False,15,1,0,True,True,"[-0.03677915781736374, 0.17201396822929382]","[-0.06405586749315262, -0.2218605875968933]",0.370733380317688,0.7484261989593506,0.21471604704856873,0.1955314576625824,0.1955314576625824,0.19580161571502686,0.000270158052444458,0.014547404833137989,0.08486362546682358,0.9972370862960815,False
syco_bullshit_v2_med_pnf_02,+C,False,16,1,0,True,True,"[-0.0964980199933052, 0.8335248231887817]","[0.14678971469402313, -0.13238053023815155]",0.370733380317688,0.7484261989593506,0.48193344473838806,0.15538392961025238,0.15538392961025238,0.15659096837043762,0.0012070387601852417,0.02028343454003334,0.10491541028022766,0.9915755987167358,False
syco_bullshit_v2_med_pnf_02,+C,False,17,1,0,True,True,"[-0.19309793412685394, 1.1337488889694214]","[-0.15742574632167816, -0.08017578721046448]",0.370733380317688,0.7484261989593506,0.6289577484130859,0.27344855666160583,0.27344855666160583,0.2738654613494873,0.0004169046878814697,0.017362473532557487,0.09578145295381546,0.9979884028434753,False
syco_bullshit_v2_med_pnf_02,+C,False,18,1,0,True,True,"[-0.3040708303451538, 1.1241576671600342]","[-0.49247950315475464, 0.20614835619926453]",0.370733380317688,0.7484261989593506,0.6665199398994446,0.4786362648010254,0.478636234998703,0.47915178537368774,0.0005155503749847412,0.018033050000667572,0.09833929687738419,0.9992915391921997,False
syco_bullshit_v2_med_pnf_02,+C,False,19,1,0,True,True,"[0.23655849695205688, 0.7326011061668396]","[-0.09354095160961151, 0.0027175508439540863]",0.370733380317688,0.7484261989593506,0.32114267349243164,0.28102487325668335,0.28102487325668335,0.2817750573158264,0.0007501840591430664,0.023643048480153084,0.1093861535191536,0.9964739680290222,False
syco_bullshit_v2_med_pnf_02,+C,False,20,1,0,True,True,"[-0.2995333969593048, 1.334686040878296]","[-0.838847279548645, 0.3937380611896515]",0.370733380317688,0.7484261989593506,0.7428401112556458,0.6557576656341553,0.6557576656341553,0.6576840877532959,0.001926422119140625,0.019790448248386383,0.106409952044487,0.9995501637458801,False
syco_bullshit_v2_med_pnf_02,+C,False,21,1,0,True,True,"[-0.6421734690666199, 1.7065755128860474]","[-1.0295019149780273, 0.7232365012168884]",0.370733380317688,0.7484261989593506,1.0075750350952148,0.8273975849151611,0.8273976445198059,0.8281270861625671,0.0007294416427612305,0.018256712704896927,0.10886014252901077,0.9997572302818298,False
syco_bullshit_v2_med_pnf_02,+C,False,22,1,0,True,True,"[-0.15922211110591888, 1.0879818201065063]","[-0.36580243706703186, -0.11950916796922684]",0.370733380317688,0.7484261989593506,0.599449872970581,0.32929009199142456,0.3292900621891022,0.3298616111278534,0.0005715489387512207,0.016107255592942238,0.09325461834669113,0.9988071918487549,False
syco_bullshit_v2_med_pnf_02,+C,False,23,1,0,True,True,"[-0.25113463401794434, 1.76320481300354]","[-0.9840856194496155, 0.8815789222717285]",0.370733380317688,0.7484261989593506,0.8836753964424133,0.8651833534240723,0.865183413028717,0.8648110032081604,0.0003724098205566406,0.021079497411847115,0.11168759316205978,0.9997032880783081,False
syco_bullshit_v2_med_pnf_02,+C,False,24,1,0,True,True,"[0.01689136028289795, 1.4200037717819214]","[-1.0071587562561035, 0.9488813877105713]",0.370733380317688,0.7484261989593506,0.657214343547821,0.8953871726989746,0.8953871726989746,0.8960027694702148,0.0006155967712402344,0.02067604474723339,0.11508411169052124,0.9997337460517883,False
syco_bullshit_v2_med_pnf_02,+C,False,25,1,0,True,True,"[-0.09662449359893799, 1.2112212181091309]","[-0.5431029200553894, -0.08219239115715027]",0.370733380317688,0.7484261989593506,0.6219177842140198,0.40101680159568787,0.40101680159568787,0.40099236369132996,2.4437904357910156e-05,0.017912108451128006,0.1037093997001648,0.9990023970603943,False
syco_bullshit_v2_med_pnf_02,+C,False,26,1,0,True,True,"[0.1405884027481079, 0.9576014876365662]","[0.07603776454925537, -0.5449979305267334]",0.370733380317688,0.7484261989593506,0.4400630593299866,0.043663349002599716,0.043663349002599716,0.04467707872390747,0.0010137297213077545,0.015246337279677391,0.09834960848093033,0.9406836032867432,False
syco_bullshit_v2_med_pnf_02,+C,False,27,1,0,True,True,"[0.13814526796340942, 0.7279875874519348]","[0.10522355884313583, -0.5770556926727295]",0.370733380317688,0.7484261989593506,0.3558956980705261,0.023009229451417923,0.023009231314063072,0.023568959906697273,0.000559728592634201,0.0110902339220047,0.08722520619630814,0.8868899345397949,False
syco_bullshit_v2_med_pnf_02,+C,False,28,1,0,True,True,"[0.5258841514587402, 0.9835160970687866]","[0.12332800030708313, -0.2531728446483612]",0.370733380317688,0.7484261989593506,0.306911438703537,0.12435630708932877,0.12435630708932877,0.12620104849338531,0.001844741404056549,0.01877378672361374,0.09992126375436783,0.988879382610321,False
syco_bullshit_v2_med_pnf_02,+C,False,29,1,0,True,True,"[-0.29387661814689636, 1.1027616262435913]","[-0.22910979390144348, 0.16360998153686523]",0.370733380317688,0.7484261989593506,0.654815673828125,0.3767756521701813,0.3767756223678589,0.37751272320747375,0.0007371008396148682,0.02026841975748539,0.10008890926837921,0.9985577464103699,False
syco_bullshit_v2_med_pnf_02,+C,False,30,1,0,True,True,"[0.39391955733299255, 0.5018865466117859]","[-0.179597407579422, -0.21704284846782684]",0.370733380317688,0.7484261989593506,0.1773597002029419,0.23531681299209595,0.23531679809093475,0.2374761402606964,0.0021593421697616577,0.01770017296075821,0.0936213955283165,0.9972385168075562,False
syco_bullshit_v2_med_pnf_02,+C,False,31,1,0,True,True,"[0.6424969434738159, 0.07774924486875534]","[-0.14809155464172363, -0.5942184329032898]",0.370733380317688,0.7484261989593506,0.07188279181718826,0.10068805515766144,0.10068804770708084,0.10191520303487778,0.001227155327796936,0.015471111051738262,0.08888685703277588,0.9884107112884521,False
syco_bullshit_v2_med_pnf_02,+C,False,32,1,0,True,True,"[0.09110250324010849, 0.3714107871055603]","[0.0013772845268249512, -0.6657833456993103]",0.370733380317688,0.7484261989593506,0.24121256172657013,0.02817586623132229,0.02817586623132229,0.02933548577129841,0.00115961953997612,0.012177099473774433,0.08357218652963638,0.9111145734786987,False
syco_bullshit_v2_med_pnf_02,+C,False,33,1,0,True,True,"[0.237416610121727, 0.633391261100769]","[0.25350838899612427, -0.6170991063117981]",0.370733380317688,0.7484261989593506,0.2840672433376312,0.04261448606848717,0.04261448606848717,0.04454923793673515,0.0019347518682479858,0.015738267451524734,0.09303214401006699,0.9357500076293945,False
syco_bullshit_v2_med_pnf_02,+C,False,34,1,0,True,True,"[0.5182986259460449, 0.5122247338294983]","[0.000583261251449585, -0.8356095552444458]",0.370733380317688,0.7484261989593506,0.13510726392269135,0.02967379428446293,0.02967379242181778,0.03072170726954937,0.0010479148477315903,0.014825990423560143,0.09326194226741791,0.8800434470176697,False
syco_bullshit_v2_med_pnf_02,+C,False,35,1,0,True,True,"[0.12323567271232605, 0.41051408648490906]","[-0.3473793864250183, -0.7097716331481934]",0.370733380317688,0.7484261989593506,0.2437950223684311,0.12835654616355896,0.12835654616355896,0.12880882620811462,0.00045228004455566406,0.01620253548026085,0.09307095408439636,0.9920670986175537,False
syco_bullshit_v2_med_pnf_02,+C,False,36,1,0,True,True,"[0.2547309100627899, 0.4346040189266205]","[-0.22969606518745422, -0.3467251658439636]",0.370733380317688,0.7484261989593506,0.20400109887123108,0.20936395227909088,0.2093639373779297,0.21067486703395844,0.0013109296560287476,0.019588062539696693,0.10069192200899124,0.995669960975647,False
syco_bullshit_v2_med_pnf_02,+C,False,37,1,0,True,True,"[0.38187602162361145, 0.45409709215164185]","[-0.3006996214389801, -0.14444056153297424]",0.370733380317688,0.7484261989593506,0.16411574184894562,0.299843430519104,0.299843430519104,0.2996637523174286,0.00017967820167541504,0.020529422909021378,0.09981942176818848,0.9976547956466675,False
syco_bullshit_v2_med_pnf_02,+C,False,38,1,0,True,True,"[0.35670268535614014, 0.13605879247188568]","[-0.07380818575620651, -0.31573209166526794]",0.370733380317688,0.7484261989593506,0.05560853332281113,0.16760215163230896,0.16760215163230896,0.16851918399333954,0.0009170323610305786,0.017115138471126556,0.0969851166009903,0.9948292374610901,False
syco_bullshit_v2_med_pnf_02,+C,False,39,1,0,True,True,"[-0.14889276027679443, 0.4431549906730652]","[0.21777023375034332, -0.28756874799728394]",0.370733380317688,0.7484261989593506,0.35671284794807434,0.08137929439544678,0.08137929439544678,0.08351553231477737,0.002136237919330597,0.01664055325090885,0.0937114730477333,0.9799641370773315,False
syco_bullshit_v2_med_pnf_02,+C,False,40,1,0,True,True,"[0.22856545448303223, -0.33686357736587524]","[0.6066923141479492, -0.7912479639053345]",0.370733380317688,0.7484261989593506,0.07213522493839264,0.21427255868911743,0.21427257359027863,0.2155127078294754,0.0012401342391967773,0.01775609515607357,0.09876558184623718,0.9966030120849609,False
syco_bullshit_v2_med_pnf_02,+C,False,41,1,0,True,True,"[0.3658573627471924, -0.2435147762298584]","[0.38794612884521484, -0.37180620431900024]",0.370733380317688,0.7484261989593506,0.08841626346111298,0.0020643724128603935,0.00206437218002975,0.0007643341668881476,0.0013000380713492632,0.001972885336726904,0.10801398009061813,0.3021678924560547,False
syco_bullshit_v2_med_pnf_02,+C,False,42,1,0,True,True,"[0.1557597815990448, 0.2185843139886856]","[-0.10214917361736298, -0.07813764363527298]",0.370733380317688,0.7484261989593506,0.16063430905342102,0.25618451833724976,0.25618448853492737,0.25606808066368103,0.00011640787124633789,0.01846971921622753,0.10184384882450104,0.9973999857902527,False
syco_bullshit_v2_med_pnf_02,+C,False,43,1,0,True,True,"[0.23709461092948914, -0.03718548268079758]","[0.05651015043258667, -0.1496010720729828]",0.370733380317688,0.7484261989593506,0.03573618084192276,0.17963896691799164,0.17963896691799164,0.17955966293811798,7.930397987365723e-05,0.01605304144322872,0.09401752799749374,0.9960055351257324,False
syco_bullshit_v2_med_pnf_02,+C,False,44,1,0,True,True,"[0.3148207664489746, 0.2979460060596466]","[0.3193645477294922, -0.41219574213027954]",0.370733380317688,0.7484261989593506,0.13110549747943878,0.003699113382026553,0.003699113614857197,0.001850289641879499,0.0018488239729776978,0.0034274531062692404,0.10131292045116425,0.3915283977985382,False
syco_bullshit_v2_med_pnf_02,+C,False,45,1,0,True,True,"[0.48013269901275635, 0.5949980020523071]","[-0.0521634966135025, -0.3322235941886902]",0.370733380317688,0.7484261989593506,0.17991553246974945,0.1558273732662201,0.1558273732662201,0.15821680426597595,0.0023894309997558594,0.01928091235458851,0.09900549054145813,0.9925765991210938,False
syco_bullshit_v2_med_pnf_02,+C,False,46,1,0,True,True,"[-0.5311989188194275, 1.3694002628326416]","[-0.5727704763412476, 0.8081071376800537]",0.370733380317688,0.7484261989593506,0.8415344953536987,0.7040051817893982,0.7040051817893982,0.7043689489364624,0.000363767147064209,0.02025243267416954,0.10821869224309921,0.9995867013931274,False
syco_bullshit_v2_med_pnf_02,+C,False,47,1,0,True,True,"[-0.4470352530479431, 1.3115544319152832]","[-0.5547695755958557, 0.4143412113189697]",0.370733380317688,0.7484261989593506,0.7889195084571838,0.5690258145332336,0.5690258145332336,0.5695742964744568,0.0005484819412231445,0.018072282895445824,0.09991495311260223,0.999496579170227,False
syco_bullshit_v2_med_pnf_02,+C,False,48,1,0,True,True,"[0.1699848175048828, 0.6732500195503235]","[-0.3689482510089874, -0.40248194336891174]",0.370733380317688,0.7484261989593506,0.3238186836242676,0.23689112067222595,0.23689112067222595,0.2383846938610077,0.0014935731887817383,0.0159420445561409,0.08722638338804245,0.9977694153785706,False
syco_bullshit_v2_med_pnf_02,+C,False,49,1,0,True,True,"[0.03770455718040466, 0.758009135723114]","[-0.5894990563392639, 0.0460747592151165]",0.370733380317688,0.7484261989593506,0.40423232316970825,0.4578630030155182,0.4578630030155182,0.45788460969924927,2.16066837310791e-05,0.01736355945467949,0.08958201110363007,0.9992809295654297,False
syco_bullshit_v2_med_pnf_02,+C,False,50,1,0,True,True,"[-0.2844594120979309, 0.9188838005065918]","[-0.5337520837783813, 0.273944228887558]",0.370733380317688,0.7484261989593506,0.5831993222236633,0.5139667987823486,0.5139667987823486,0.5148826837539673,0.0009158849716186523,0.02013722062110901,0.09948559105396271,0.9992354512214661,False
syco_bullshit_v2_med_pnf_02,+C,False,51,1,0,True,True,"[0.4360843896865845, 0.6337171196937561]","[0.5447368621826172, -0.8654485940933228]",0.370733380317688,0.7484261989593506,0.21058107912540436,0.21952806413173676,0.21952806413173676,0.22032180428504944,0.0007937401533126831,0.020452028140425682,0.10231860727071762,0.9956823587417603,False
syco_bullshit_v2_med_pnf_02,+C,False,52,1,0,True,True,"[-0.006553053855895996, 0.9472085237503052]","[-0.2693096995353699, -0.23067808151245117]",0.370733380317688,0.7484261989593506,0.4907287061214447,0.2614876329898834,0.2614876329898834,0.26054927706718445,0.0009383559226989746,0.0189544428139925,0.09839726239442825,0.9973697662353516,False
syco_bullshit_v2_med_pnf_02,+C,False,53,1,0,True,True,"[-0.3077573776245117, 1.1487497091293335]","[-0.4631948471069336, 0.05569842457771301]",0.370733380317688,0.7484261989593506,0.676997184753418,0.41956591606140137,0.41956591606140137,0.41985106468200684,0.00028514862060546875,0.019535470753908157,0.09967227280139923,0.9989170432090759,False
syco_bullshit_v2_med_pnf_02,+C,False,54,1,0,True,True,"[-0.4782959222793579, 1.284834861755371]","[-0.38121676445007324, -0.16003409028053284]",0.370733380317688,0.7484261989593506,0.7906020283699036,0.32068803906440735,0.32068803906440735,0.3216508626937866,0.0009628236293792725,0.01948327198624611,0.1013617217540741,0.9981645345687866,False
syco_bullshit_v2_med_pnf_02,+C,False,55,1,0,True,True,"[0.19523614645004272, 0.8238573670387268]","[-0.5399243235588074, 0.34053122997283936]",0.370733380317688,0.7484261989593506,0.37026339769363403,0.5385547280311584,0.5385547280311584,0.5390567779541016,0.0005020499229431152,0.01897163689136505,0.10465063154697418,0.9993805289268494,False
syco_bullshit_v2_med_pnf_02,+C,False,56,1,0,True,True,"[-0.027254894375801086, 1.1560535430908203]","[-0.056189198046922684, 0.09336871653795242]",0.370733380317688,0.7484261989593506,0.5757764577865601,0.29729118943214417,0.2972911596298218,0.29826733469963074,0.00097617506980896,0.020582405850291252,0.10353731364011765,0.9976165294647217,False
syco_bullshit_v2_med_pnf_02,+C,False,57,1,0,True,True,"[-0.2432837188243866, 1.0774403810501099]","[-0.42004236578941345, 0.22412723302841187]",0.370733380317688,0.7484261989593506,0.6266892552375793,0.46055832505226135,0.46055832505226135,0.4623965919017792,0.0018382668495178223,0.019210083410143852,0.10474660247564316,0.9991415739059448,False
syco_bullshit_v2_med_pnf_02,+C,False,58,1,0,True,True,"[-0.01232646033167839, 0.8489705324172974]","[-0.446197509765625, -0.060746561735868454]",0.370733380317688,0.7484261989593506,0.4564703404903412,0.37446004152297974,0.37446004152297974,0.37435629963874817,0.00010374188423156738,0.017386969178915024,0.09576602280139923,0.9989218711853027,False
syco_bullshit_v2_med_pnf_02,+C,False,59,1,0,True,True,"[0.18917667865753174, 0.4038110077381134]","[0.051551684737205505, -0.6762811541557312]",0.370733380317688,0.7484261989593506,0.216880202293396,0.005127078853547573,0.005127078853547573,0.003304300596937537,0.001822778256610036,0.0044179679825901985,0.08715260028839111,0.5220019221305847,False
syco_bullshit_v2_med_pnf_02,+C,False,60,1,0,True,True,"[0.048655495047569275, 0.40859419107437134]","[-0.4359475076198578, -0.023879289627075195]",0.370733380317688,0.7484261989593506,0.2707158327102661,0.3841954469680786,0.3841954469680786,0.38435766100883484,0.00016221404075622559,0.017673447728157043,0.0935431718826294,0.998942494392395,False
syco_bullshit_v2_med_pnf_02,+C,False,61,1,0,True,True,"[0.06232708692550659, 0.7469229102134705]","[0.07853028178215027, -0.42764994502067566]",0.370733380317688,0.7484261989593506,0.3910021185874939,0.08054480701684952,0.08054480701684952,0.08218333125114441,0.0016385242342948914,0.015708640217781067,0.09522456675767899,0.9815636873245239,False
syco_bullshit_v2_med_pnf_02,+C,False,62,1,0,True,True,"[-0.24587726593017578, 1.1217349767684937]","[-0.38280585408210754, -0.10992074012756348]",0.370733380317688,0.7484261989593506,0.6440614461898804,0.33833688497543335,0.33833688497543335,0.339574933052063,0.0012380480766296387,0.01972866803407669,0.10404760390520096,0.998312771320343,False
syco_bullshit_v2_med_pnf_02,+C,False,63,1,0,True,True,"[-0.2313721477985382, 0.7491024136543274]","[-0.5408064723014832, 0.051822178065776825]",0.370733380317688,0.7484261989593506,0.5006259679794312,0.4444591701030731,0.4444591701030731,0.44455957412719727,0.00010040402412414551,0.018922477960586548,0.09896659851074219,0.9990938901901245,False
syco_bullshit_v2_med_pnf_02,+C,False,64,1,0,True,True,"[0.17417176067829132, 0.5942071080207825]","[-0.5846425890922546, -0.08405143767595291]",0.370733380317688,0.7484261989593506,0.2929818034172058,0.4135230779647827,0.4135230779647827,0.4126458764076233,0.0008772015571594238,0.018765773624181747,0.09634939581155777,0.9989703893661499,False
syco_bullshit_v2_med_pnf_02,+C,False,65,1,0,True,True,"[0.006399910897016525, 0.8262662887573242]","[-0.19776925444602966, 0.05711361765861511]",0.370733380317688,0.7484261989593506,0.4411201477050781,0.33217859268188477,0.33217862248420715,0.3327749967575073,0.0005963742733001709,0.016296222805976868,0.08963271230459213,0.9988003969192505,False
syco_bullshit_v2_med_pnf_02,+C,False,66,1,0,True,True,"[0.272720605134964, 1.0321515798568726]","[-0.27590006589889526, -0.1912340223789215]",0.370733380317688,0.7484261989593506,0.4187287390232086,0.27627164125442505,0.27627164125442505,0.2764337658882141,0.0001621246337890625,0.020297395065426826,0.10266772657632828,0.9973028898239136,False
syco_bullshit_v2_med_pnf_02,+C,False,67,1,0,True,True,"[0.7424833178520203, 0.7228269577026367]","[-0.23926115036010742, -0.121104896068573]",0.370733380317688,0.7484261989593506,0.13007491827011108,0.2880295515060425,0.2880295515060425,0.2890367805957794,0.0010072290897369385,0.019845154136419296,0.09860031306743622,0.9976407289505005,False
syco_bullshit_v2_med_pnf_02,+C,False,68,1,0,True,True,"[0.38304153084754944, 0.5160530805587769]","[-0.20048800110816956, -0.5518423914909363]",0.370733380317688,0.7484261989593506,0.18663878738880157,0.13263072073459625,0.13263072073459625,0.1332632303237915,0.0006325095891952515,0.017650047317147255,0.09693586826324463,0.9911985397338867,False
syco_bullshit_v2_med_pnf_02,+C,False,69,1,0,True,True,"[0.12306731939315796, 0.6853892207145691]","[-0.2924751043319702, -0.3522120416164398]",0.370733380317688,0.7484261989593506,0.3456993103027344,0.22861699759960175,0.22861699759960175,0.22999796271324158,0.0013809651136398315,0.01802891306579113,0.0981094241142273,0.9969273805618286,False
syco_bullshit_v2_med_pnf_02,+C,False,70,1,0,True,True,"[-0.028113946318626404, 0.6997976303100586]","[-0.39792370796203613, -0.45830631256103516]",0.370733380317688,0.7484261989593506,0.4070507287979126,0.22820982336997986,0.22820982336997986,0.2278418391942978,0.00036798417568206787,0.015654925256967545,0.09050241112709045,0.9976445436477661,False
syco_bullshit_v2_med_pnf_02,+C,False,71,1,0,True,True,"[0.34729403257369995, 0.6852284073829651]","[-0.1283578723669052, -0.32650452852249146]",0.370733380317688,0.7484261989593506,0.26256316900253296,0.18188831210136414,0.18188832700252533,0.18278896808624268,0.0009006410837173462,0.017651783302426338,0.09395555406808853,0.9953263998031616,False
syco_bullshit_v2_med_pnf_02,+C,False,72,1,0,True,True,"[0.2033570110797882, 0.5478465557098389]","[-0.24679051339626312, -0.38900911808013916]",0.370733380317688,0.7484261989593506,0.2649919092655182,0.20163404941558838,0.20163404941558838,0.20103254914283752,0.0006015002727508545,0.01503091212362051,0.09006821364164352,0.9972176551818848,False
syco_bullshit_v2_med_pnf_02,+C,False,73,1,0,True,True,"[0.39891037344932556, 0.19230584800243378]","[-0.36015018820762634, 0.16738100349903107]",0.370733380317688,0.7484261989593506,0.0608101561665535,0.42216750979423523,0.42216750979423523,0.42239823937416077,0.0002307295799255371,0.019509827718138695,0.09536421298980713,0.9989328980445862,False
syco_bullshit_v2_med_pnf_02,+C,False,74,1,0,True,True,"[0.0944330096244812, 0.6130367517471313]","[-0.028630323708057404, -0.084300696849823]",0.370733380317688,0.7484261989593506,0.3295016586780548,0.2300371676683426,0.2300371527671814,0.2304910570383072,0.00045390427112579346,0.01843641884624958,0.09568841010332108,0.9967965483665466,False
syco_bullshit_v2_med_pnf_02,+C,False,75,1,0,True,True,"[0.11556608229875565, 0.6099058985710144]","[0.13229863345623016, -0.30854570865631104]",0.370733380317688,0.7484261989593506,0.3205117881298065,0.10387775301933289,0.10387775301933289,0.10683683305978775,0.0029590800404548645,0.018674153834581375,0.1016416847705841,0.9846833944320679,False
syco_bullshit_v2_med_pnf_02,+C,False,76,1,0,True,True,"[0.15448971092700958, 0.23548291623592377]","[0.24861054122447968, -0.5850802659988403]",0.370733380317688,0.7484261989593506,0.16736583411693573,0.028995713219046593,0.028995713219046593,0.030852261930704117,0.0018565487116575241,0.013144212774932384,0.08946257084608078,0.9053617119789124,False
syco_bullshit_v2_med_pnf_02,+C,False,77,1,0,True,True,"[0.12401923537254333, 0.8488297462463379]","[-0.331706166267395, 0.06970969587564468]",0.370733380317688,0.7484261989593506,0.4059017598628998,0.38007092475891113,0.38007092475891113,0.38057219982147217,0.0005012750625610352,0.017498206347227097,0.10297659039497375,0.9989423751831055,False
syco_bullshit_v2_med_pnf_02,+C,False,78,1,0,True,True,"[0.19268694519996643, 0.37784573435783386]","[-0.33031830191612244, -0.4181956648826599]",0.370733380317688,0.7484261989593506,0.20595943927764893,0.21849152445793152,0.2184915393590927,0.2177378386259079,0.0007537007331848145,0.016879050061106682,0.09505529701709747,0.9970117211341858,False
syco_bullshit_v2_med_pnf_02,+C,False,79,1,0,True,True,"[-0.15373390913009644, 0.5437206625938416]","[-0.12887823581695557, -0.29289326071739197]",0.370733380317688,0.7484261989593506,0.39576634764671326,0.1924651861190796,0.1924651712179184,0.19256888329982758,0.00010371208190917969,0.014674860052764416,0.08206111192703247,0.9970949292182922,False
syco_bullshit_v2_med_pnf_02,+C,False,80,1,0,True,True,"[0.4648206830024719, 0.172720268368721]","[0.28822028636932373, -0.49958381056785583]",0.370733380317688,0.7484261989593506,0.02913370542228222,0.012226661667227745,0.01222666259855032,0.01094063837081194,0.0012860242277383804,0.00875652115792036,0.09568028897047043,0.7195775508880615,False
syco_bullshit_v2_med_pnf_02,+C,False,81,1,0,True,True,"[0.6135678291320801, 0.5429927110671997]","[-0.14594122767448425, -0.017765622586011887]",0.370733380317688,0.7484261989593506,0.11120938509702682,0.29146242141723633,0.29146242141723633,0.29191187024116516,0.000449448823928833,0.021071266382932663,0.10443326830863953,0.9973919987678528,False
syco_bullshit_v2_med_pnf_02,+C,False,82,1,0,True,True,"[-0.010762542486190796, 1.1960266828536987]","[-0.1314277946949005, 0.4680101275444031]",0.370733380317688,0.7484261989593506,0.584476113319397,0.4464651346206665,0.4464651346206665,0.446638822555542,0.00017368793487548828,0.018788231536746025,0.09499926120042801,0.9991149306297302,False
syco_bullshit_v2_med_pnf_02,+C,False,83,1,0,True,True,"[0.09506991505622864, 0.2204921841621399]","[0.24688737094402313, -0.039670493453741074]",0.370733380317688,0.7484261989593506,0.18382692337036133,0.15352904796600342,0.15352904796600342,0.15354815125465393,1.9103288650512695e-05,0.013395349495112896,0.0676116943359375,0.9961941838264465,False
syco_bullshit_v2_med_pnf_02,+C,False,84,1,0,True,True,"[0.21424609422683716, 0.4795980155467987]","[0.2290458381175995, -0.2707872986793518]",0.370733380317688,0.7484261989593506,0.23567119240760803,0.08288136124610901,0.08288136124610901,0.08407580852508545,0.0011944472789764404,0.013436504639685154,0.07681858539581299,0.9871480464935303,False
syco_bullshit_v2_med_pnf_02,-C,False,0,59,58,True,True,"[-0.2029091864824295, 0.878421425819397]","[-0.8550063371658325, 1.289698600769043]",-1.938124418258667,-7.988067626953125,0.31744423508644104,1.9321383237838745,1.932138442993164,1.9324733018875122,0.00033485889434814453,0.019225578755140305,0.11742792278528214,0.9999505281448364,False
syco_bullshit_v2_med_pnf_02,-C,False,1,1,0,True,True,"[0.017858151346445084, 0.9985250234603882]","[-0.41407015919685364, 0.6205074787139893]",-1.938124418258667,-7.988067626953125,0.3547404110431671,2.299928903579712,2.299928903579712,2.300126552581787,0.0001976490020751953,0.021427718922495842,0.12200678884983063,0.9999567270278931,False
syco_bullshit_v2_med_pnf_02,-C,False,2,1,0,True,True,"[0.2987566590309143, 0.43457162380218506]","[0.2168971300125122, -0.3295903503894806]",-1.938124418258667,-7.988067626953125,0.6677601933479309,2.821943521499634,2.821943759918213,2.8218624591827393,8.130073547363281e-05,0.024707039818167686,0.1324969083070755,0.9999617338180542,False
syco_bullshit_v2_med_pnf_02,-C,False,3,1,0,True,True,"[0.12508076429367065, 0.5530375242233276]","[0.6336393356323242, -0.5064743757247925]",-1.938124418258667,-7.988067626953125,0.5595209002494812,3.0189614295959473,3.0189614295959473,3.0201990604400635,0.001237630844116211,0.02454504929482937,0.1364278346300125,0.999967098236084,False
syco_bullshit_v2_med_pnf_02,-C,False,4,1,0,True,True,"[-0.5082874894142151, 0.5807466506958008]","[0.21070480346679688, 0.11076392233371735]",-1.938124418258667,-7.988067626953125,0.31459012627601624,2.6745810508728027,2.6745808124542236,2.674771308898926,0.00019049644470214844,0.022002646699547768,0.14247111976146698,0.9999661445617676,False
syco_bullshit_v2_med_pnf_02,-C,False,5,1,0,True,True,"[-0.2788594961166382, 0.8259153366088867]","[1.1841614246368408, -0.7403353452682495]",-1.938124418258667,-7.988067626953125,0.30875810980796814,3.278218984603882,3.278218984603882,3.2776827812194824,0.0005362033843994141,0.02192307636141777,0.14850857853889465,0.999977707862854,False
syco_bullshit_v2_med_pnf_02,-C,False,6,1,0,True,True,"[-0.05891253799200058, 1.0189368724822998]","[0.8371346592903137, -0.5884060263633728]",-1.938124418258667,-7.988067626953125,0.3187340795993805,3.1125242710113525,3.1125240325927734,3.1127991676330566,0.0002751350402832031,0.020582186058163643,0.14360354840755463,0.9999780654907227,False
syco_bullshit_v2_med_pnf_02,-C,False,7,1,0,True,True,"[-0.5731161832809448, 1.5054538249969482]","[-0.28588733077049255, 0.29016292095184326]",-1.938124418258667,-7.988067626953125,0.05203539878129959,2.4515204429626465,2.4515204429626465,2.4518303871154785,0.00030994415283203125,0.021066701039671898,0.12645693123340607,0.9999631643295288,False
syco_bullshit_v2_med_pnf_02,-C,False,8,1,0,True,True,"[-0.21892963349819183, 0.9814965128898621]","[-0.03986935317516327, 0.5345323085784912]",-1.938124418258667,-7.988067626953125,0.2733190953731537,2.45160174369812,2.451601505279541,2.451087713241577,0.0005137920379638672,0.022607117891311646,0.1342146396636963,0.9999574422836304,False
syco_bullshit_v2_med_pnf_02,-C,False,9,1,0,True,True,"[-0.25238633155822754, 0.7624689340591431]","[0.810432493686676, -0.5031590461730957]",-1.938124418258667,-7.988067626953125,0.34207355976104736,3.0769693851470947,3.0769691467285156,3.075941324234009,0.001027822494506836,0.02667136676609516,0.14958946406841278,0.9999624490737915,False
syco_bullshit_v2_med_pnf_02,-C,False,10,1,0,True,True,"[0.10769138485193253, 0.9004194736480713]","[0.4232938587665558, -0.36993372440338135]",-1.938124418258667,-7.988067626953125,0.42437222599983215,2.902323007583618,2.902323007583618,2.9031059741973877,0.0007829666137695312,0.025226959958672523,0.14321164786815643,0.999962329864502,False
syco_bullshit_v2_med_pnf_02,-C,False,11,1,0,True,True,"[-0.3864075839519501, 0.3985610604286194]","[0.36781173944473267, -0.1426524817943573]",-1.938124418258667,-7.988067626953125,0.42724713683128357,2.809674024581909,2.809674024581909,2.8095498085021973,0.00012421607971191406,0.02353702299296856,0.12855255603790283,0.9999649524688721,False
syco_bullshit_v2_med_pnf_02,-C,False,12,1,0,True,True,"[-0.36119580268859863, 0.7960248589515686]","[0.13814660906791687, -0.2117011994123459]",-1.938124418258667,-7.988067626953125,0.28932681679725647,2.7570242881774902,2.7570245265960693,2.755964994430542,0.0010595321655273438,0.024446360766887665,0.12923938035964966,0.9999607801437378,False
syco_bullshit_v2_med_pnf_02,-C,False,13,1,0,True,True,"[-0.19415266811847687, 0.12662534415721893]","[0.4533614218235016, -0.6352052688598633]",-1.938124418258667,-7.988067626953125,0.599230945110321,3.002497673034668,3.002497673034668,3.003009796142578,0.0005121231079101562,0.021805213764309883,0.12330929189920425,0.9999735951423645,False
syco_bullshit_v2_med_pnf_02,-C,False,14,1,0,True,True,"[0.257651150226593, -0.1714899241924286]","[-0.014799930155277252, -0.17707648873329163]",-1.938124418258667,-7.988067626953125,0.8770778179168701,2.695373296737671,2.695373296737671,2.6953470706939697,2.6226043701171875e-05,0.02296963334083557,0.1284751296043396,0.999963641166687,False
syco_bullshit_v2_med_pnf_02,-C,False,15,1,0,True,True,"[-0.13520270586013794, 0.1877754181623459]","[-0.03882616013288498, -0.2534330189228058]",-1.938124418258667,-7.988067626953125,0.598415732383728,2.712177038192749,2.712177276611328,2.7108688354492188,0.001308441162109375,0.022403065115213394,0.1233818531036377,0.999966025352478,False
syco_bullshit_v2_med_pnf_02,-C,False,16,1,0,True,True,"[-0.2162313014268875, 0.9596523642539978]","[0.12321159988641739, -0.16069234907627106]",-1.938124418258667,-7.988067626953125,0.2824121117591858,2.735842704772949,2.735842704772949,2.736320972442627,0.0004782676696777344,0.022866874933242798,0.14538326859474182,0.9999651312828064,False
syco_bullshit_v2_med_pnf_02,-C,False,17,1,0,True,True,"[-0.20688582956790924, 1.1407634019851685]","[-0.16053669154644012, -0.08539852499961853]",-1.938124418258667,-7.988067626953125,0.2187725454568863,2.6165432929992676,2.6165432929992676,2.6179981231689453,0.0014548301696777344,0.02405666932463646,0.13281764090061188,0.9999579191207886,False
syco_bullshit_v2_med_pnf_02,-C,False,18,1,0,True,True,"[-0.3860192894935608, 1.8362634181976318]","[-0.7921078205108643, 0.8409987092018127]",-1.938124418258667,-7.988067626953125,0.10528133809566498,2.1021313667297363,2.1021313667297363,2.101081132888794,0.0010502338409423828,0.022820111364126205,0.131399467587471,0.9999411702156067,False
syco_bullshit_v2_med_pnf_02,-C,False,19,1,0,True,True,"[-0.14130283892154694, 1.421537160873413]","[-0.9704878926277161, 0.9203952550888062]",-1.938124418258667,-7.988067626953125,0.13904382288455963,2.017000436782837,2.017000436782837,2.017477035522461,0.00047659873962402344,0.024330783635377884,0.13064613938331604,0.999927282333374,False
syco_bullshit_v2_med_pnf_02,-C,False,20,1,0,True,True,"[0.03569507971405983, 0.9550226926803589]","[-0.29593625664711, -0.004653036594390869]",-1.938124418258667,-7.988067626953125,0.37746676802635193,2.545131206512451,2.545131206512451,2.5446367263793945,0.0004944801330566406,0.024174047634005547,0.1339729279279709,0.9999549388885498,False
syco_bullshit_v2_med_pnf_02,-C,False,21,1,0,True,True,"[0.05307544395327568, 1.0872719287872314]","[-0.4401177167892456, -0.023932218551635742]",-1.938124418258667,-7.988067626953125,0.33490756154060364,2.5035979747772217,2.5035979747772217,2.503408670425415,0.00018930435180664062,0.02427086792886257,0.13505612313747406,0.9999529719352722,False
syco_bullshit_v2_med_pnf_02,-C,False,22,1,0,True,True,"[-0.2985791563987732, 1.4322466850280762]","[-0.5647620558738708, -0.026186704635620117]",-1.938124418258667,-7.988067626953125,0.07680462300777435,2.462399959564209,2.462399959564209,2.461388111114502,0.0010118484497070312,0.023882025852799416,0.13471342623233795,0.999953031539917,False
syco_bullshit_v2_med_pnf_02,-C,False,23,1,0,True,True,"[-0.0007772892713546753, 0.8335051536560059]","[-0.18271125853061676, 0.015666943043470383]",-1.938124418258667,-7.988067626953125,0.4089762568473816,2.5751659870147705,2.5751659870147705,2.575880527496338,0.0007145404815673828,0.023069346323609352,0.12650300562381744,0.9999599456787109,False
syco_bullshit_v2_med_pnf_02,-C,False,24,1,0,True,True,"[0.23460400104522705, 0.8284028768539429]","[-0.0437932163476944, -0.07089535146951675]",-1.938124418258667,-7.988067626953125,0.4980759918689728,2.6507604122161865,2.6507604122161865,2.649665355682373,0.0010950565338134766,0.02694191038608551,0.14590667188167572,0.9999483227729797,False
syco_bullshit_v2_med_pnf_02,-C,False,25,1,0,True,True,"[0.3815644681453705, 0.6004279851913452]","[0.11178913712501526, -0.4965856373310089]",-1.938124418258667,-7.988067626953125,0.636990487575531,2.8421714305877686,2.8421714305877686,2.842837333679199,0.0006659030914306641,0.025324421003460884,0.13852283358573914,0.9999603629112244,False
syco_bullshit_v2_med_pnf_02,-C,False,26,1,0,True,True,"[0.3990463316440582, 0.3060927391052246]","[0.15694046020507812, -0.6979308128356934]",-1.938124418258667,-7.988067626953125,0.7525195479393005,2.9247324466705322,2.9247324466705322,2.925389051437378,0.0006566047668457031,0.023404980078339577,0.1316370666027069,0.9999680519104004,False
syco_bullshit_v2_med_pnf_02,-C,False,27,1,0,True,True,"[0.6290450096130371, 0.8969926834106445]","[0.2621859312057495, -0.3718351423740387]",-1.938124418258667,-7.988067626953125,0.6188046932220459,2.851045846939087,2.851045846939087,2.8521058559417725,0.0010600090026855469,0.022873057052493095,0.14178510010242462,0.9999678730964661,False
syco_bullshit_v2_med_pnf_02,-C,False,28,1,0,True,True,"[-0.5768465995788574, 1.463833212852478]","[-0.5435391068458557, 0.45748406648635864]",-1.938124418258667,-7.988067626953125,0.03799707442522049,2.3111443519592285,2.3111443519592285,2.3124959468841553,0.0013515949249267578,0.02429095283150673,0.13267284631729126,0.9999450445175171,False
syco_bullshit_v2_med_pnf_02,-C,False,29,1,0,True,True,"[-0.25934070348739624, 1.3382242918014526]","[-0.32320350408554077, -0.016644101589918137]",-1.938124418258667,-7.988067626953125,0.12617814540863037,2.539415121078491,2.539415121078491,2.539247989654541,0.0001671314239501953,0.0243295356631279,0.13762052357196808,0.999954104423523,False
syco_bullshit_v2_med_pnf_02,-C,False,30,1,0,True,True,"[0.209130197763443, 0.8411197066307068]","[-0.5505962371826172, 0.5033534169197083]",-1.938124418258667,-7.988067626953125,0.48392629623413086,2.291822671890259,2.291822671890259,2.2922420501708984,0.00041937828063964844,0.02301141992211342,0.13567908108234406,0.9999495148658752,False
syco_bullshit_v2_med_pnf_02,-C,False,31,1,0,True,True,"[0.566850483417511, 0.30929896235466003]","[-0.07120910286903381, -0.7575375437736511]",-1.938124418258667,-7.988067626953125,0.8135034441947937,2.8684542179107666,2.8684542179107666,2.869260787963867,0.0008065700531005859,0.025670956820249557,0.13898304104804993,0.9999600648880005,False
syco_bullshit_v2_med_pnf_02,-C,False,32,1,0,True,True,"[0.15903230011463165, 0.28053510189056396]","[0.2838144600391388, -0.578257143497467]",-1.938124418258667,-7.988067626953125,0.6730629205703735,2.927443504333496,2.927443504333496,2.926966428756714,0.00047707557678222656,0.025833716616034508,0.14268268644809723,0.9999610185623169,False
syco_bullshit_v2_med_pnf_02,-C,False,33,1,0,True,True,"[0.3429599404335022, 0.5945833921432495]","[0.4235832691192627, -0.6257965564727783]",-1.938124418258667,-7.988067626953125,0.6248528957366943,2.9897942543029785,2.9897942543029785,2.9888863563537598,0.00090789794921875,0.025461439043283463,0.14275826513767242,0.999963641166687,False
syco_bullshit_v2_med_pnf_02,-C,False,34,1,0,True,True,"[0.43933138251304626, 0.5253368616104126]","[-0.32521235942840576, -0.20036453008651733]",-1.938124418258667,-7.988067626953125,0.6862147450447083,2.599933624267578,2.599933624267578,2.5994374752044678,0.0004961490631103516,0.024965742602944374,0.14080612361431122,0.9999539256095886,False
syco_bullshit_v2_med_pnf_02,-C,False,35,1,0,True,True,"[-0.6205931901931763, 1.4160369634628296]","[-0.4123402237892151, 0.6916285753250122]",-1.938124418258667,-7.988067626953125,0.03649662062525749,2.2766106128692627,2.276610851287842,2.2767765522003174,0.00016570091247558594,0.021445631980895996,0.13397739827632904,0.9999556541442871,False
syco_bullshit_v2_med_pnf_02,-C,False,36,1,0,True,True,"[-0.5006598234176636, 1.3214216232299805]","[-0.3981310725212097, 0.28020012378692627]",-1.938124418258667,-7.988067626953125,0.04299421235918999,2.417158365249634,2.417158603668213,2.416079044342041,0.001079559326171875,0.019165022298693657,0.1292448788881302,0.9999686479568481,False
syco_bullshit_v2_med_pnf_02,-C,False,37,1,0,True,True,"[0.0551886186003685, 0.7251772880554199]","[-0.17053864896297455, -0.6252146363258362]",-1.938124418258667,-7.988067626953125,0.46984750032424927,2.7918083667755127,2.7918083667755127,2.7910408973693848,0.0007674694061279297,0.02289689891040325,0.1279129683971405,0.9999663829803467,False
syco_bullshit_v2_med_pnf_02,-C,False,38,1,0,True,True,"[-0.001921333372592926, 0.7170241475105286]","[-0.5567231178283691, -0.048296183347702026]",-1.938124418258667,-7.988067626953125,0.4517088532447815,2.473196268081665,2.473196268081665,2.47371506690979,0.000518798828125,0.020996497943997383,0.12117761373519897,0.9999639987945557,False
syco_bullshit_v2_med_pnf_02,-C,False,39,1,0,True,True,"[-0.297187477350235, 0.9195386171340942]","[-0.5087212324142456, 0.29638993740081787]",-1.938124418258667,-7.988067626953125,0.2672799229621887,2.3758628368377686,2.3758625984191895,2.3761634826660156,0.0003008842468261719,0.023019609972834587,0.1295139640569687,0.999953031539917,False
syco_bullshit_v2_med_pnf_02,-C,False,40,1,0,True,True,"[0.32722726464271545, 0.6641256213188171]","[0.4912569522857666, -0.821513831615448]",-1.938124418258667,-7.988067626953125,0.5932583212852478,3.075444459915161,3.075444221496582,3.0754992961883545,5.507469177246094e-05,0.02500213123857975,0.14673404395580292,0.9999669790267944,False
syco_bullshit_v2_med_pnf_02,-C,False,41,1,0,True,True,"[0.014612764120101929, 0.9348537921905518]","[-0.16245059669017792, -0.2875928282737732]",-1.938124418258667,-7.988067626953125,0.37712836265563965,2.6834323406219482,2.6834323406219482,2.684349536895752,0.0009171962738037109,0.024113861843943596,0.13221962749958038,0.9999597072601318,False
syco_bullshit_v2_med_pnf_02,-C,False,42,1,0,True,True,"[-0.3255153000354767, 1.1433491706848145]","[-0.18773984909057617, -0.3454113006591797]",-1.938124418258667,-7.988067626953125,0.1738620102405548,2.6937103271484375,2.6937100887298584,2.6947872638702393,0.0010771751403808594,0.026569699868559837,0.14018511772155762,0.9999513626098633,False
syco_bullshit_v2_med_pnf_02,-C,False,43,1,0,True,True,"[0.17023202776908875, 0.8421140909194946]","[-0.53050696849823, 0.2849665582180023]",-1.938124418258667,-7.988067626953125,0.4691459834575653,2.3723390102386475,2.3723390102386475,2.3724160194396973,7.700920104980469e-05,0.024618517607450485,0.13541273772716522,0.999946117401123,False
syco_bullshit_v2_med_pnf_02,-C,False,44,1,0,True,True,"[-0.15400230884552002, 1.1293911933898926]","[0.01569506525993347, 0.09982606768608093]",-1.938124418258667,-7.988067626953125,0.24257944524288177,2.613046646118164,2.613046646118164,2.6131839752197266,0.0001373291015625,0.02510238252580166,0.13980542123317719,0.9999538660049438,False
syco_bullshit_v2_med_pnf_02,-C,False,45,1,0,True,True,"[-0.20015619695186615, 1.1970152854919434]","[-0.14952456951141357, -0.024366185069084167]",-1.938124418258667,-7.988067626953125,0.2004244178533554,2.600126028060913,2.600126028060913,2.600553035736084,0.00042700767517089844,0.02469421736896038,0.13887767493724823,0.999954879283905,False
syco_bullshit_v2_med_pnf_02,-C,False,46,1,0,True,True,"[-0.07165083289146423, 0.8851192593574524]","[-0.39635589718818665, -0.1905887871980667]",-1.938124418258667,-7.988067626953125,0.3635942339897156,2.5731265544891357,2.573126792907715,2.572626829147339,0.0004999637603759766,0.0223204605281353,0.13108518719673157,0.9999624490737915,False
syco_bullshit_v2_med_pnf_02,-C,False,47,1,0,True,True,"[0.07283863425254822, 0.3527448773384094]","[0.13647161424160004, -0.7932795286178589]",-1.938124418258667,-7.988067626953125,0.6143739819526672,2.9500210285186768,2.950021266937256,2.9496421813964844,0.0003790855407714844,0.023371122777462006,0.13630734384059906,0.9999686479568481,False
syco_bullshit_v2_med_pnf_02,-C,False,48,1,0,True,True,"[-0.266227662563324, 0.49105802178382874]","[0.3127673864364624, -0.6026957035064697]",-1.938124418258667,-7.988067626953125,0.43750372529029846,2.9451181888580322,2.945117950439453,2.9448723793029785,0.0002455711364746094,0.025243382900953293,0.13680016994476318,0.9999632835388184,False
syco_bullshit_v2_med_pnf_02,-C,False,49,1,0,True,True,"[0.13885919749736786, 0.7056299448013306]","[0.5648608803749084, -0.7237271666526794]",-1.938124418258667,-7.988067626953125,0.5080899596214294,3.068633794784546,3.068633794784546,3.0685627460479736,7.104873657226562e-05,0.02443750761449337,0.1442587822675705,0.9999683499336243,False
syco_bullshit_v2_med_pnf_02,-C,False,50,1,0,True,True,"[0.13701282441616058, 0.8597397804260254]","[0.3052522540092468, -0.5126050710678101]",-1.938124418258667,-7.988067626953125,0.45030781626701355,2.912487268447876,2.912487268447876,2.913367748260498,0.0008804798126220703,0.025273410603404045,0.1456627994775772,0.9999624490737915,False
syco_bullshit_v2_med_pnf_02,-C,False,51,1,0,True,True,"[-0.2292027771472931, 0.6928659677505493]","[-0.1348741203546524, -0.19556674361228943]",-1.938124418258667,-7.988067626953125,0.37645119428634644,2.662341594696045,2.662341594696045,2.6626477241516113,0.00030612945556640625,0.024412939324975014,0.13524039089679718,0.9999579787254333,False
syco_bullshit_v2_med_pnf_02,-C,False,52,1,0,True,True,"[-0.06097401678562164, 0.1729504019021988]","[0.5356749296188354, -0.7567520141601562]",-1.938124418258667,-7.988067626953125,0.6314104199409485,3.069838523864746,3.069838523864746,3.0688889026641846,0.0009496212005615234,0.024709505960345268,0.14088793098926544,0.999967634677887,False
syco_bullshit_v2_med_pnf_02,-C,False,53,1,0,True,True,"[0.1315598338842392, 0.024500515311956406]","[0.6867451667785645, -0.9705537557601929]",-1.938124418258667,-7.988067626953125,0.7577456831932068,3.190436363220215,3.190436363220215,3.190030097961426,0.0004062652587890625,0.02269641123712063,0.1349310278892517,0.9999746084213257,False
syco_bullshit_v2_med_pnf_02,-C,False,54,1,0,True,True,"[0.16880472004413605, 0.37403440475463867]","[1.1315765380859375, -1.2260401248931885]",-1.938124418258667,-7.988067626953125,0.6420418620109558,3.421520471572876,3.421520471572876,3.4217422008514404,0.00022172927856445312,0.024677276611328125,0.1418711245059967,0.9999740123748779,False
syco_bullshit_v2_med_pnf_02,-C,False,55,1,0,True,True,"[0.14507369697093964, -0.029667433351278305]","[0.57168048620224, -0.8659975528717041]",-1.938124418258667,-7.988067626953125,0.7828219532966614,3.117629051208496,3.117629051208496,3.117105007171631,0.0005240440368652344,0.022121522575616837,0.13088102638721466,0.9999748468399048,False
syco_bullshit_v2_med_pnf_02,-C,False,56,1,0,True,True,"[0.28863728046417236, -0.018759168684482574]","[0.5096944570541382, -0.43991968035697937]",-1.938124418258667,-7.988067626953125,0.8319711089134216,2.956488609313965,2.956488609313965,2.9573423862457275,0.0008537769317626953,0.02322142757475376,0.13128814101219177,0.9999692440032959,False
syco_bullshit_v2_med_pnf_02,-C,False,57,1,0,True,True,"[0.8678608536720276, 0.028926968574523926]","[0.48854202032089233, -0.36573487520217896]",-1.938124418258667,-7.988067626953125,1.028907060623169,2.925081253051758,2.925081253051758,2.9256019592285156,0.0005207061767578125,0.02161267399787903,0.14802755415439606,0.9999727606773376,False
syco_bullshit_v2_med_pnf_02,-C,False,58,1,0,True,True,"[0.14803297817707062, 0.47161880135536194]","[-0.0792713314294815, 0.08649275451898575]",-1.938124418258667,-7.988067626953125,0.5981906652450562,2.587801694869995,2.587801456451416,2.589365005493164,0.0015635490417480469,0.023619504645466805,0.13638199865818024,0.9999585151672363,False
syco_bullshit_v2_med_pnf_02,-C,False,59,1,0,True,True,"[0.06593629717826843, 0.4229185879230499]","[0.1895546317100525, -0.3106515109539032]",-1.938124418258667,-7.988067626953125,0.5858171582221985,2.80615496635437,2.80615496635437,2.8065221309661865,0.00036716461181640625,0.025060631334781647,0.13898061215877533,0.9999601244926453,False
syco_bullshit_v2_med_pnf_02,-C,False,60,1,0,True,True,"[0.07560878247022629, 0.16557295620441437]","[0.4447946846485138, -0.7799131274223328]",-1.938124418258667,-7.988067626953125,0.6847480535507202,3.046692132949829,3.046692132949829,3.0463645458221436,0.0003275871276855469,0.021522289142012596,0.12874063849449158,0.9999749660491943,False
syco_bullshit_v2_med_pnf_02,-C,False,61,1,0,True,True,"[0.0661134272813797, 0.06480494141578674]","[0.2612828314304352, -0.4140009880065918]",-1.938124418258667,-7.988067626953125,0.7185646891593933,2.863126039505005,2.863126277923584,2.8631229400634766,3.337860107421875e-06,0.022015012800693512,0.12238817662000656,0.9999706149101257,False
syco_bullshit_v2_med_pnf_02,-C,False,62,1,0,True,True,"[0.11109771579504013, 0.17112992703914642]","[0.10041020810604095, -0.2888941764831543]",-1.938124418258667,-7.988067626953125,0.6958378553390503,2.769158363342285,2.769158363342285,2.768735885620117,0.00042247772216796875,0.024769548326730728,0.13800086081027985,0.9999599456787109,False
syco_bullshit_v2_med_pnf_02,-C,False,63,1,0,True,True,"[-0.034297727048397064, 0.7195894718170166]","[0.15585581958293915, -0.613231360912323]",-1.938124418258667,-7.988067626953125,0.4387628734111786,2.8957738876342773,2.8957738876342773,2.8946030139923096,0.0011708736419677734,0.025230227038264275,0.14569224417209625,0.9999621510505676,False
syco_bullshit_v2_med_pnf_02,-C,False,64,1,0,True,True,"[-0.2567012310028076, 1.3368974924087524]","[-0.6301383972167969, 0.010961804538965225]",-1.938124418258667,-7.988067626953125,0.12764763832092285,2.429187774658203,2.429187774658203,2.4287405014038086,0.00044727325439453125,0.023208733648061752,0.13742928206920624,0.999954342842102,False
syco_bullshit_v2_med_pnf_02,-C,False,65,1,0,True,True,"[-0.24270479381084442, 1.4135189056396484]","[-0.6034833788871765, -0.17260900139808655]",-1.938124418258667,-7.988067626953125,0.1044449433684349,2.49977707862854,2.49977707862854,2.4996299743652344,0.00014710426330566406,0.02384134940803051,0.13590529561042786,0.9999545216560364,False
syco_bullshit_v2_med_pnf_02,-C,False,66,1,0,True,True,"[0.06520971655845642, 0.983491837978363]","[-0.024951130151748657, -0.6341580152511597]",-1.938124418258667,-7.988067626953125,0.3778541386127472,2.84340763092041,2.84340763092041,2.8436050415039062,0.00019741058349609375,0.025952061638236046,0.14103683829307556,0.9999583959579468,False
syco_bullshit_v2_med_pnf_02,-C,False,67,1,0,True,True,"[0.16221857070922852, 0.7521339058876038]","[0.2507985830307007, -0.8431985974311829]",-1.938124418258667,-7.988067626953125,0.4995149075984955,3.0031087398529053,3.0031087398529053,3.004020929336548,0.0009121894836425781,0.023345887660980225,0.13522633910179138,0.9999697208404541,False
syco_bullshit_v2_med_pnf_02,-C,False,68,1,0,True,True,"[0.4863586723804474, 0.7890616655349731]","[-0.18760168552398682, -0.2578487992286682]",-1.938124418258667,-7.988067626953125,0.6059277653694153,2.665208101272583,2.665207862854004,2.6651971340179443,1.0728836059570312e-05,0.026791486889123917,0.13857188820838928,0.9999493956565857,False
syco_bullshit_v2_med_pnf_02,-C,False,69,1,0,True,True,"[-0.38106656074523926, 1.3182594776153564]","[-0.41841626167297363, -0.5880416035652161]",-1.938124418258667,-7.988067626953125,0.08847539871931076,2.6975209712982178,2.6975209712982178,2.6970627307891846,0.0004582405090332031,0.02504326030611992,0.13564370572566986,0.9999569058418274,False
syco_bullshit_v2_med_pnf_02,-C,False,70,1,0,True,True,"[-0.7735649943351746, 1.8324605226516724]","[-0.4140813648700714, -0.0846630334854126]",-1.938124418258667,-7.988067626953125,0.24745900928974152,2.5325257778167725,2.5325257778167725,2.5333476066589355,0.0008218288421630859,0.023914586752653122,0.13862788677215576,0.9999555349349976,False
syco_bullshit_v2_med_pnf_02,-C,False,71,1,0,True,True,"[-0.016951829195022583, 1.2690798044204712]","[-0.5271158218383789, 0.14242583513259888]",-1.938124418258667,-7.988067626953125,0.24160203337669373,2.419388771057129,2.419388771057129,2.418816566467285,0.00057220458984375,0.023961786180734634,0.13796737790107727,0.9999509453773499,False
syco_bullshit_v2_med_pnf_02,-C,False,72,1,0,True,True,"[0.09624872356653214, 1.023302674293518]","[-0.19988228380680084, 0.3327370285987854]",-1.938124418258667,-7.988067626953125,0.37460416555404663,2.4658286571502686,2.4658286571502686,2.465543270111084,0.0002853870391845703,0.017910897731781006,0.1270798295736313,0.9999735355377197,False
syco_bullshit_v2_med_pnf_02,-C,False,73,1,0,True,True,"[0.13138720393180847, 0.2034980058670044]","[0.23722399771213531, -0.03415127843618393]",-1.938124418258667,-7.988067626953125,0.691362738609314,2.7314441204071045,2.7314443588256836,2.7308316230773926,0.0006127357482910156,0.016598859801888466,0.10772016644477844,0.9999815821647644,False
syco_bullshit_v2_med_pnf_02,-C,False,74,1,0,True,True,"[0.16550786793231964, 0.4326223134994507]","[0.2616710066795349, -0.29511070251464844]",-1.938124418258667,-7.988067626953125,0.6191134452819824,2.8249547481536865,2.8249545097351074,2.825286865234375,0.0003323554992675781,0.02320224605500698,0.11965099722146988,0.9999662637710571,False
syco_bullshit_v2_med_pnf_03,+C,False,0,59,58,True,True,"[-0.25867074728012085, 0.4835801422595978]","[-0.19023658335208893, 0.30201542377471924]",0.370733380317688,0.7484261989593506,0.4123634994029999,0.40964847803115845,0.40964847803115845,0.4091989994049072,0.0004494786262512207,0.017394009977579117,0.09020930528640747,0.9990981817245483,False
syco_bullshit_v2_med_pnf_03,+C,False,1,1,0,True,True,"[-0.4776657819747925, 0.921439528465271]","[0.02416498400270939, -0.09866123646497726]",0.370733380317688,0.7484261989593506,0.6557297110557556,0.20709478855133057,0.20709477365016937,0.20827345550060272,0.0011786818504333496,0.016698256134986877,0.08668918907642365,0.9967838525772095,False
syco_bullshit_v2_med_pnf_03,+C,False,2,1,0,True,True,"[-0.5518286824226379, 0.9610558748245239]","[-0.05981510132551193, -0.022329017519950867]",0.370733380317688,0.7484261989593506,0.6978852152824402,0.2611396908760071,0.2611396908760071,0.26075780391693115,0.00038188695907592773,0.02012939751148224,0.0994442030787468,0.9970258474349976,False
syco_bullshit_v2_med_pnf_03,+C,False,3,1,0,True,True,"[-0.4012344181537628, 0.6213350296020508]","[0.3817755877971649, -0.38897398114204407]",0.370733380317688,0.7484261989593506,0.5162221789360046,0.005912892520427704,0.005912892520427704,0.004064908716827631,0.0018479838036000729,0.005052933935075998,0.08085790276527405,0.5399051308631897,False
syco_bullshit_v2_med_pnf_03,+C,False,4,1,0,True,True,"[-0.38918304443359375, 0.6549092531204224]","[0.38661137223243713, -0.14602349698543549]",0.370733380317688,0.7484261989593506,0.524196445941925,0.07267969846725464,0.07267970591783524,0.07441110163927078,0.0017313957214355469,0.016430579125881195,0.09383518248796463,0.9753183126449585,False
syco_bullshit_v2_med_pnf_03,+C,False,5,1,0,True,True,"[-0.08254718035459518, 0.779815137386322]","[0.13678067922592163, -0.2787231504917145]",0.370733380317688,0.7484261989593506,0.4568650424480438,0.11090874671936035,0.11090874671936035,0.11183984577655792,0.0009310990571975708,0.014639273285865784,0.08661584556102753,0.9913963079452515,False
syco_bullshit_v2_med_pnf_03,+C,False,6,1,0,True,True,"[-0.5070763230323792, 1.0751851797103882]","[0.3305683732032776, -0.35420507192611694]",0.370733380317688,0.7484261989593506,0.7235895395278931,0.021391984075307846,0.021391984075307846,0.021721238270401955,0.0003292541950941086,0.013058947399258614,0.09571118652820587,0.8166104555130005,False
syco_bullshit_v2_med_pnf_03,+C,False,7,1,0,True,True,"[-0.4711114764213562, 1.0926907062530518]","[0.28714150190353394, -0.3905806243419647]",0.370733380317688,0.7484261989593506,0.7167503237724304,0.02397170476615429,0.02397170476615429,0.02484939619898796,0.0008776914328336716,0.013434666208922863,0.09393548220396042,0.8491479158401489,False
syco_bullshit_v2_med_pnf_03,+C,False,8,1,0,True,True,"[-0.34554365277290344, 0.6570814847946167]","[0.3168884515762329, -0.5418678522109985]",0.370733380317688,0.7484261989593506,0.5088327527046204,0.03798609599471092,0.03798609972000122,0.03922785818576813,0.0012417584657669067,0.014396837912499905,0.09042169898748398,0.9309694766998291,False
syco_bullshit_v2_med_pnf_03,+C,False,9,1,0,True,True,"[-0.4446800947189331, 0.5910898447036743]","[0.5652368664741516, -1.0499224662780762]",0.370733380317688,0.7484261989593506,0.5211130380630493,0.2869808077812195,0.2869808077812195,0.2870785892009735,9.778141975402832e-05,0.020225170999765396,0.09371413290500641,0.997517466545105,False
syco_bullshit_v2_med_pnf_03,+C,False,10,1,0,True,True,"[-0.30969327688217163, 0.5881825089454651]","[0.2721652686595917, -0.7991105914115906]",0.370733380317688,0.7484261989593506,0.47002288699150085,0.10774018615484238,0.10774018615484238,0.10807376354932785,0.00033357739448547363,0.013782107271254063,0.08284574002027512,0.991848349571228,False
syco_bullshit_v2_med_pnf_03,+C,False,11,1,0,True,True,"[-0.627577543258667, 0.5965124368667603]","[0.8868711590766907, -0.418102890253067]",0.370733380317688,0.7484261989593506,0.5908860564231873,0.18395940959453583,0.18395940959453583,0.18446198105812073,0.0005025714635848999,0.01786775328218937,0.09244565665721893,0.9952995777130127,False
syco_bullshit_v2_med_pnf_03,+C,False,12,1,0,True,True,"[-0.600159227848053, 0.48594266176223755]","[0.9181222915649414, -0.7406373620033264]",0.370733380317688,0.7484261989593506,0.5397611260414124,0.30138590931892395,0.30138590931892395,0.3020767569541931,0.000690847635269165,0.018008537590503693,0.09534162282943726,0.9982215166091919,False
syco_bullshit_v2_med_pnf_03,+C,False,13,1,0,True,True,"[-0.7760874032974243, 0.7721892595291138]","[0.05038319528102875, -0.10380640625953674]",0.370733380317688,0.7484261989593506,0.7109980583190918,0.19653144478797913,0.19653144478797913,0.1971563994884491,0.0006249547004699707,0.016235269606113434,0.08900747448205948,0.9966037273406982,False
syco_bullshit_v2_med_pnf_03,+C,False,14,1,0,True,True,"[-0.3548438549041748, 0.4093387722969055]","[0.784206748008728, -0.5692178606987]",0.370733380317688,0.7484261989593506,0.42048925161361694,0.20081467926502228,0.20081467926502228,0.20206467807292938,0.0012499988079071045,0.019791992381215096,0.10093716531991959,0.9951924681663513,False
syco_bullshit_v2_med_pnf_03,+C,False,15,1,0,True,True,"[-0.91800856590271, 1.2154911756515503]","[0.5395702123641968, -0.4416699707508087]",0.370733380317688,0.7484261989593506,0.9278245568275452,0.07815348356962204,0.07815348356962204,0.07969741523265839,0.0015439316630363464,0.015467277728021145,0.09187858551740646,0.9809868335723877,False
syco_bullshit_v2_med_pnf_03,+C,False,16,1,0,True,True,"[-0.9475207924842834, 1.3457145690917969]","[0.7067118883132935, -0.6283698081970215]",0.370733380317688,0.7484261989593506,0.9870070219039917,0.19408614933490753,0.19408614933490753,0.19441424310207367,0.0003280937671661377,0.01863684691488743,0.10074569284915924,0.995398998260498,False
syco_bullshit_v2_med_pnf_03,+C,False,17,1,0,True,True,"[-0.9474567174911499, 1.4076753854751587]","[0.6746405363082886, -0.8711984753608704]",0.370733380317688,0.7484261989593506,1.0099400281906128,0.26390066742897034,0.26390063762664795,0.2651112377643585,0.0012106001377105713,0.020590411499142647,0.1034693568944931,0.9969804286956787,False
syco_bullshit_v2_med_pnf_03,+C,False,18,1,0,True,True,"[-0.5506218075752258, 1.0629125833511353]","[0.6037992835044861, -0.9565442800521851]",0.370733380317688,0.7484261989593506,0.7351762056350708,0.269581139087677,0.269581139087677,0.26957735419273376,3.7848949432373047e-06,0.01809081993997097,0.09705574810504913,0.9977482557296753,False
syco_bullshit_v2_med_pnf_03,+C,False,19,1,0,True,True,"[-0.21113401651382446, 0.5666563510894775]","[-0.061612606048583984, -0.48910626769065857]",0.370733380317688,0.7484261989593506,0.42553094029426575,0.10666860640048981,0.10666860640048981,0.1077422946691513,0.001073688268661499,0.015026062726974487,0.08668745309114456,0.9902273416519165,False
syco_bullshit_v2_med_pnf_03,+C,False,20,1,0,True,True,"[-0.5066246390342712, 0.6692229509353638]","[0.6988816261291504, -0.5257976651191711]",0.370733380317688,0.7484261989593506,0.573012113571167,0.15821728110313416,0.15821728110313416,0.15971781313419342,0.0015005320310592651,0.017000017687678337,0.09250509738922119,0.9943263530731201,False
syco_bullshit_v2_med_pnf_03,+C,False,21,1,0,True,True,"[-0.46939557790756226, 0.5046252608299255]","[0.4667840898036957, -0.5417017340660095]",0.370733380317688,0.7484261989593506,0.4982348084449768,0.08734091371297836,0.08734091371297836,0.08857384324073792,0.001232929527759552,0.01781715266406536,0.09556707739830017,0.9795809388160706,False
syco_bullshit_v2_med_pnf_03,+C,False,22,1,0,True,True,"[-0.34818845987319946, 0.7582370638847351]","[0.48831385374069214, -0.8433003425598145]",0.370733380317688,0.7484261989593506,0.547291100025177,0.19350188970565796,0.19350188970565796,0.19452053308486938,0.0010186433792114258,0.017598146572709084,0.09490422159433365,0.9958998560905457,False
syco_bullshit_v2_med_pnf_03,+C,False,23,1,0,True,True,"[-0.2720593810081482, 0.5822176933288574]","[0.7295049428939819, -1.1149424314498901]",0.370733380317688,0.7484261989593506,0.45386943221092224,0.3628334701061249,0.3628334701061249,0.3632723391056061,0.00043886899948120117,0.01804330386221409,0.0960337296128273,0.998765766620636,False
syco_bullshit_v2_med_pnf_03,+C,False,24,1,0,True,True,"[-0.26884984970092773, 0.8038908839225769]","[0.616576075553894, -0.8223729133605957]",0.370733380317688,0.7484261989593506,0.5348107814788818,0.229434534907341,0.2294345498085022,0.23057031631469727,0.0011357665061950684,0.018791496753692627,0.09475019574165344,0.996674656867981,False
syco_bullshit_v2_med_pnf_03,+C,False,25,1,0,True,True,"[-0.05863991379737854, 0.31418702006340027]","[0.3923492431640625, -0.36170676350593567]",0.370733380317688,0.7484261989593506,0.27549096941947937,0.0007270645583048463,0.0007270645000971854,0.0001271944202017039,0.0005998701089993119,0.0007194126956164837,0.09277056902647018,0.14731337130069733,False
syco_bullshit_v2_med_pnf_03,+C,False,26,1,0,True,True,"[-0.4551129639148712, 1.011733889579773]","[0.5038559436798096, -0.6724556088447571]",0.370733380317688,0.7484261989593506,0.6808280944824219,0.1421954333782196,0.1421954333782196,0.14311464130878448,0.0009192079305648804,0.01754317432641983,0.09453674405813217,0.9924591779708862,False
syco_bullshit_v2_med_pnf_03,+C,False,27,1,0,True,True,"[-0.1515369713306427, 0.5323433876037598]","[0.19949254393577576, -0.5439814925193787]",0.370733380317688,0.7484261989593506,0.39073702692985535,0.0006839256966486573,0.0006839256966486573,0.00019069586414843798,0.0004932298325002193,0.0006771658663637936,0.08679261058568954,0.17468588054180145,False
syco_bullshit_v2_med_pnf_03,+C,False,28,1,0,True,True,"[-0.2266918271780014, 0.7371188402175903]","[0.1197633296251297, -0.3218585252761841]",0.370733380317688,0.7484261989593506,0.49445194005966187,0.10255975276231766,0.10255975276231766,0.10349015146493912,0.00093039870262146,0.015298557467758656,0.08980700373649597,0.9890153408050537,False
syco_bullshit_v2_med_pnf_03,+C,False,29,1,0,True,True,"[-0.8109983801841736, 1.3746635913848877]","[-0.02132546156644821, 0.03478342667222023]",0.370733380317688,0.7484261989593506,0.9471509456634521,0.26668214797973633,0.26668214797973633,0.26617443561553955,0.0005077123641967773,0.01786583662033081,0.09991737455129623,0.9977536201477051,False
syco_bullshit_v2_med_pnf_03,+C,False,30,1,0,True,True,"[-0.34286946058273315, 1.028599739074707]","[0.4742801785469055, -0.5491631627082825]",0.370733380317688,0.7484261989593506,0.6454904675483704,0.09283649921417236,0.09283649921417236,0.09354271739721298,0.0007062181830406189,0.01642032526433468,0.0940527617931366,0.9845046997070312,False
syco_bullshit_v2_med_pnf_03,+C,False,31,1,0,True,True,"[0.4171423316001892, 0.10860306024551392]","[0.3702322542667389, -0.3347824215888977]",0.370733380317688,0.7484261989593506,0.02304307371377945,0.01276401337236166,0.01276401337236166,0.011346994899213314,0.001417018473148346,0.009420579299330711,0.10153841972351074,0.7005541920661926,False
syco_bullshit_v2_med_pnf_03,+C,False,32,1,0,True,True,"[-0.11684359610080719, 0.6030448079109192]","[0.1281595528125763, -0.48934271931648254]",0.370733380317688,0.7484261989593506,0.40407809615135193,0.044954899698495865,0.044954895973205566,0.046661049127578735,0.001706153154373169,0.014663687907159328,0.08889517188072205,0.9494401216506958,False
syco_bullshit_v2_med_pnf_03,+C,False,33,1,0,True,True,"[-0.5840285420417786, 0.8742284774780273]","[0.2785986661911011, -0.49392154812812805]",0.370733380317688,0.7484261989593506,0.6776455044746399,0.0061563909985125065,0.0061563909985125065,0.004160321783274412,0.0019960692152380943,0.005495122633874416,0.10433245450258255,0.4882964789867401,False
syco_bullshit_v2_med_pnf_03,+C,False,34,1,0,True,True,"[-0.5134195685386658, 0.9438251256942749]","[0.14516735076904297, -0.5732550024986267]",0.370733380317688,0.7484261989593506,0.6772704720497131,0.00808784831315279,0.00808784831315279,0.005974882747977972,0.002112965565174818,0.00690340343862772,0.10216245800256729,0.5530956387519836,False
syco_bullshit_v2_med_pnf_03,+C,False,35,1,0,True,True,"[-0.03270425647497177, 0.7340577840805054]","[0.3449327349662781, -0.546916663646698]",0.370733380317688,0.7484261989593506,0.42144492268562317,0.0498017780482769,0.0498017743229866,0.05213966965675354,0.0023378953337669373,0.01826130785048008,0.09985782206058502,0.9368398189544678,False
syco_bullshit_v2_med_pnf_03,+C,False,36,1,0,True,True,"[-0.48768675327301025, 0.8798220157623291]","[0.03424452990293503, 0.06864898651838303]",0.370733380317688,0.7484261989593506,0.6440231204032898,0.2594855725765228,0.2594855725765228,0.26086509227752686,0.0013795197010040283,0.0213633943349123,0.0996023640036583,0.9966427683830261,False
syco_bullshit_v2_med_pnf_03,+C,False,37,1,0,True,True,"[-0.34783434867858887, 0.7378264665603638]","[0.10522893071174622, -0.3353791832923889]",0.370733380317688,0.7484261989593506,0.539597749710083,0.10326003283262253,0.10326002538204193,0.10475669056177139,0.0014966651797294617,0.01706456020474434,0.09242262691259384,0.9866435527801514,False
syco_bullshit_v2_med_pnf_03,+C,False,38,1,0,True,True,"[-0.444660484790802, 0.6948338747024536]","[0.068734310567379, -0.40412628650665283]",0.370733380317688,0.7484261989593506,0.5595431923866272,0.09224612265825272,0.09224612265825272,0.09332028031349182,0.0010741576552391052,0.01561824418604374,0.09085498750209808,0.9858989715576172,False
syco_bullshit_v2_med_pnf_03,+C,False,39,1,0,True,True,"[-0.6523246169090271, 0.8936878442764282]","[0.264376699924469, 0.02794206142425537]",0.370733380317688,0.7484261989593506,0.7101591229438782,0.16969335079193115,0.16969335079193115,0.17107118666172028,0.0013778358697891235,0.019286930561065674,0.09789951145648956,0.9936257004737854,False
syco_bullshit_v2_med_pnf_03,+C,False,40,1,0,True,True,"[-0.44940921664237976, 0.6403037309646606]","[0.05004775524139404, -0.2551438510417938]",0.370733380317688,0.7484261989593506,0.5410990715026855,0.14758872985839844,0.14758872985839844,0.14769455790519714,0.00010582804679870605,0.016781067475676537,0.09374349564313889,0.9935408234596252,False
syco_bullshit_v2_med_pnf_03,+C,False,41,1,0,True,True,"[-0.43462228775024414, 0.5778284072875977]","[0.0743790864944458, -0.5960365533828735]",0.370733380317688,0.7484261989593506,0.5124731659889221,0.02665451169013977,0.02665451169013977,0.02745049074292183,0.0007959790527820587,0.012153005227446556,0.08804406970739365,0.8995038866996765,False
syco_bullshit_v2_med_pnf_03,+C,False,42,1,0,True,True,"[-0.400192528963089, 0.6194860935211182]","[0.7838283181190491, -0.6065037250518799]",0.370733380317688,0.7484261989593506,0.5151511430740356,0.21364156901836395,0.21364156901836395,0.21494987607002258,0.0013083070516586304,0.018200181424617767,0.09558495879173279,0.9964120388031006,False
syco_bullshit_v2_med_pnf_03,+C,False,43,1,0,True,True,"[-0.7133578658103943, 0.4721710681915283]","[0.30773353576660156, -0.5457532405853271]",0.370733380317688,0.7484261989593506,0.57659912109375,0.0362175852060318,0.0362175852060318,0.03703155368566513,0.0008139684796333313,0.014092609286308289,0.09223145246505737,0.9262078404426575,False
syco_bullshit_v2_med_pnf_03,+C,False,44,1,0,True,True,"[-0.6888163685798645, 0.5795375108718872]","[0.39188259840011597, -0.8195328712463379]",0.370733380317688,0.7484261989593506,0.6072859764099121,0.1539979875087738,0.1539979875087738,0.15392498672008514,7.300078868865967e-05,0.0168128851801157,0.0957077145576477,0.9940376281738281,False
syco_bullshit_v2_med_pnf_03,+C,False,45,1,0,True,True,"[-0.3839123845100403, 0.7215726971626282]","[0.6922444701194763, -0.4544866979122162]",0.370733380317688,0.7484261989593506,0.5469426512718201,0.13302351534366608,0.13302351534366608,0.13369479775428772,0.0006712824106216431,0.01796012558043003,0.10028166323900223,0.990943968296051,False
syco_bullshit_v2_med_pnf_03,+C,False,46,1,0,True,True,"[-0.45392489433288574, 0.9824091792106628]","[0.4505254030227661, -0.5379125475883484]",0.370733380317688,0.7484261989593506,0.6695230603218079,0.08095330744981766,0.08095330744981766,0.0828278511762619,0.0018745437264442444,0.016852831467986107,0.09693560004234314,0.9790830612182617,False
syco_bullshit_v2_med_pnf_03,+C,False,47,1,0,True,True,"[-0.4492157995700836, 1.086570382118225]","[0.7916104197502136, -0.5530185699462891]",0.370733380317688,0.7484261989593506,0.7063702940940857,0.19723781943321228,0.19723781943321228,0.1977413445711136,0.0005035251379013062,0.020367562770843506,0.10590098798274994,0.9946851134300232,False
syco_bullshit_v2_med_pnf_03,+C,False,48,1,0,True,True,"[0.08437439799308777, 0.3696143627166748]","[0.1618538200855255, -0.12116586416959763]",0.370733380317688,0.7484261989593506,0.24303975701332092,0.15446743369102478,0.15446743369102478,0.1550758332014084,0.000608399510383606,0.015620452351868153,0.09255445748567581,0.994914710521698,False
syco_bullshit_v2_med_pnf_03,+C,False,49,1,0,True,True,"[-0.11078879237174988, 0.5026021003723145]","[0.18753325939178467, 0.08393441885709763]",0.370733380317688,0.7484261989593506,0.36462053656578064,0.21435551345348358,0.21435551345348358,0.21508996188640594,0.0007344484329223633,0.01886795461177826,0.09997541457414627,0.9961451888084412,False
syco_bullshit_v2_med_pnf_03,+C,False,50,1,0,True,True,"[-0.5390205383300781, 1.211214542388916]","[0.8648993968963623, -0.6582727432250977]",0.370733380317688,0.7484261989593506,0.7858241200447083,0.2564457952976227,0.2564457952976227,0.2578583061695099,0.001412510871887207,0.021882200613617897,0.10905135422945023,0.9963945150375366,False
syco_bullshit_v2_med_pnf_03,+C,False,51,1,0,True,True,"[-0.27689188718795776, 0.49213695526123047]","[0.3523443937301636, -0.7711929678916931]",0.370733380317688,0.7484261989593506,0.4222847521305084,0.12541580200195312,0.12541580200195312,0.12605908513069153,0.0006432831287384033,0.016931787133216858,0.09729394316673279,0.9909464120864868,False
syco_bullshit_v2_med_pnf_03,+C,False,52,1,0,True,True,"[-0.11622048169374466, 0.5941572189331055]","[0.34429582953453064, -0.5187941193580627]",0.370733380317688,0.7484261989593506,0.4005543887615204,0.038954176008701324,0.038954172283411026,0.04022466391324997,0.0012704916298389435,0.014853879809379578,0.09228122979402542,0.9301100373268127,False
syco_bullshit_v2_med_pnf_03,+C,False,53,1,0,True,True,"[-0.2223147749900818, 0.6486570835113525]","[0.25053536891937256, -0.6107001900672913]",0.370733380317688,0.7484261989593506,0.4600549042224884,0.03888658061623573,0.03888658061623573,0.04037609323859215,0.0014895126223564148,0.013663169927895069,0.0894802138209343,0.9412569403648376,False
syco_bullshit_v2_med_pnf_03,+C,False,54,1,0,True,True,"[-0.6415917873382568, 0.7756971716880798]","[0.05217137932777405, -0.2265312671661377]",0.370733380317688,0.7484261989593506,0.662466824054718,0.15577712655067444,0.15577712655067444,0.1566697508096695,0.0008926242589950562,0.01648457907140255,0.09327982366085052,0.9944491386413574,False
syco_bullshit_v2_med_pnf_03,+C,False,55,1,0,True,True,"[-1.0889794826507568, 1.0613330602645874]","[0.35783499479293823, -0.6871641278266907]",0.370733380317688,0.7484261989593506,0.9340537786483765,0.09950385242700577,0.09950385242700577,0.10015729814767838,0.0006534457206726074,0.0165436789393425,0.0963306576013565,0.9862900972366333,False
syco_bullshit_v2_med_pnf_03,+C,False,56,1,0,True,True,"[-1.0601798295974731, 1.6306527853012085]","[-0.014917977154254913, -0.21858155727386475]",0.370733380317688,0.7484261989593506,1.1343178749084473,0.17955656349658966,0.17955656349658966,0.18102215230464935,0.0014655888080596924,0.01865266263484955,0.10396123677492142,0.9946810007095337,False
syco_bullshit_v2_med_pnf_03,+C,False,57,1,0,True,True,"[-0.2664410471916199, 0.5504116415977478]","[0.04016292095184326, -0.6268595457077026]",0.370733380317688,0.7484261989593506,0.4400036334991455,0.027535395696759224,0.027535395696759224,0.028549235314130783,0.0010138396173715591,0.012190574780106544,0.08917126804590225,0.9061317443847656,False
syco_bullshit_v2_med_pnf_03,+C,False,58,1,0,True,True,"[-0.1378466933965683, 0.8419630527496338]","[0.004646733403205872, -0.49813392758369446]",0.370733380317688,0.7484261989593506,0.5003796219825745,0.08265198767185211,0.08265198767185211,0.08364373445510864,0.0009917467832565308,0.015024395659565926,0.09160371124744415,0.9837452173233032,False
syco_bullshit_v2_med_pnf_03,+C,False,59,1,0,True,True,"[-0.158493772149086, 0.756517767906189]","[-0.12844151258468628, -0.5687814950942993]",0.370733380317688,0.7484261989593506,0.47637173533439636,0.10245613753795624,0.10245613008737564,0.10389668494462967,0.0014405548572540283,0.013761038891971111,0.09035448729991913,0.9912026524543762,False
syco_bullshit_v2_med_pnf_03,+C,False,60,1,0,True,True,"[0.20313915610313416, 0.28342387080192566]","[-0.1853717565536499, -0.1433904469013214]",0.370733380317688,0.7484261989593506,0.1671033352613449,0.26254042983055115,0.26254042983055115,0.26272451877593994,0.00018408894538879395,0.017598005011677742,0.09277171641588211,0.9977553486824036,False
syco_bullshit_v2_med_pnf_03,+C,False,61,1,0,True,True,"[-0.17561694979667664, 0.9771257042884827]","[0.12328416854143143, -0.4281187355518341]",0.370733380317688,0.7484261989593506,0.5644516944885254,0.06694397330284119,0.06694397330284119,0.06893617659807205,0.0019922032952308655,0.015476313419640064,0.09335663914680481,0.9744793772697449,False
syco_bullshit_v2_med_pnf_03,+C,False,62,1,0,True,True,"[-0.4283292889595032, 1.4247812032699585]","[-0.021300360560417175, -0.1708654910326004]",0.370733380317688,0.7484261989593506,0.8239398002624512,0.19813305139541626,0.19813305139541626,0.19858013093471527,0.00044707953929901123,0.018186086788773537,0.09925798326730728,0.9957995414733887,False
syco_bullshit_v2_med_pnf_03,+C,False,63,1,0,True,True,"[0.12814989686012268, 0.6638174653053284]","[-0.09891541302204132, -0.07373306155204773]",0.370733380317688,0.7484261989593506,0.33582383394241333,0.25662684440612793,0.25662684440612793,0.2577243745326996,0.0010975301265716553,0.0200217142701149,0.10227334499359131,0.9969785809516907,False
syco_bullshit_v2_med_pnf_03,+C,False,64,1,0,True,True,"[0.3207835555076599, 0.5591421127319336]","[0.033477783203125, -0.08294884860515594]",0.370733380317688,0.7484261989593506,0.22567009925842285,0.20895032584667206,0.20895031094551086,0.21069598197937012,0.001745671033859253,0.016991376876831055,0.08903921395540237,0.9967557191848755,False
syco_bullshit_v2_med_pnf_03,+C,False,65,1,0,True,True,"[0.11439375579357147, 0.2002565711736679]","[0.2591046392917633, -0.1270751953125]",0.370733380317688,0.7484261989593506,0.16917003691196442,0.12028853595256805,0.12028853595256805,0.1208389550447464,0.0005504190921783447,0.013087104074656963,0.06814826279878616,0.9941189289093018,False
syco_bullshit_v2_med_pnf_03,+C,False,66,1,0,True,True,"[0.28149810433387756, 0.08388851583003998]","[0.6124755144119263, -0.9854310750961304]",0.370733380317688,0.7484261989593506,0.06414280086755753,0.28081199526786804,0.28081199526786804,0.28100237250328064,0.00019037723541259766,0.014324376359581947,0.08107541501522064,0.9987001419067383,False
syco_bullshit_v2_med_pnf_03,-C,False,0,59,58,True,True,"[-0.25867074728012085, 0.4835801422595978]","[-0.19023658335208893, 0.30201542377471924]",-1.938124418258667,-7.988067626953125,0.44307413697242737,2.4788496494293213,2.4788496494293213,2.4783496856689453,0.0004999637603759766,0.01711767539381981,0.12254057824611664,0.9999761581420898,False
syco_bullshit_v2_med_pnf_03,-C,False,1,1,0,True,True,"[-0.4776657819747925, 0.921439528465271]","[0.02416498400270939, -0.09866123646497726]",-1.938124418258667,-7.988067626953125,0.19970792531967163,2.681927442550659,2.6819276809692383,2.6817808151245117,0.0001468658447265625,0.02339838445186615,0.125358447432518,0.9999620318412781,False
syco_bullshit_v2_med_pnf_03,-C,False,2,1,0,True,True,"[-0.5518286824226379, 0.9610558748245239]","[-0.05981510132551193, -0.022329017519950867]",-1.938124418258667,-7.988067626953125,0.15755242109298706,2.6294264793395996,2.6294264793395996,2.6299397945404053,0.0005133152008056641,0.021087829023599625,0.1364486813545227,0.9999678134918213,False
syco_bullshit_v2_med_pnf_03,-C,False,3,1,0,True,True,"[-0.4012344181537628, 0.6213350296020508]","[0.3817755877971649, -0.38897398114204407]",-1.938124418258667,-7.988067626953125,0.3392154276371002,2.895979881286621,2.895979881286621,2.896381378173828,0.00040149688720703125,0.022477684542536736,0.12601520121097565,0.9999698400497437,False
syco_bullshit_v2_med_pnf_03,-C,False,4,1,0,True,True,"[-0.38918304443359375, 0.6549092531204224]","[0.38661137223243713, -0.14602349698543549]",-1.938124418258667,-7.988067626953125,0.3312411606311798,2.817430019378662,2.817429780960083,2.8172950744628906,0.0001347064971923828,0.025061415508389473,0.1367219090461731,0.9999604225158691,False
syco_bullshit_v2_med_pnf_03,-C,False,5,1,0,True,True,"[-0.08254718035459518, 0.779815137386322]","[0.13678067922592163, -0.2787231504917145]",-1.938124418258667,-7.988067626953125,0.39857253432273865,2.7788302898406982,2.7788302898406982,2.779069662094116,0.00023937225341796875,0.024401117116212845,0.12830212712287903,0.9999614953994751,False
syco_bullshit_v2_med_pnf_03,-C,False,6,1,0,True,True,"[-0.5070763230323792, 1.0751851797103882]","[0.3305683732032776, -0.35420507192611694]",-1.938124418258667,-7.988067626953125,0.13184808194637299,2.867746114730835,2.867746353149414,2.8677825927734375,3.62396240234375e-05,0.021233193576335907,0.14018547534942627,0.9999726414680481,False
syco_bullshit_v2_med_pnf_03,-C,False,7,1,0,True,True,"[-0.4711114764213562, 1.0926907062530518]","[0.28714150190353394, -0.3905806243419647]",-1.938124418258667,-7.988067626953125,0.13868731260299683,2.8651509284973145,2.8651509284973145,2.8654544353485107,0.00030350685119628906,0.02060500532388687,0.1383289098739624,0.9999741315841675,False
syco_bullshit_v2_med_pnf_03,-C,False,8,1,0,True,True,"[-0.34554365277290344, 0.6570814847946167]","[0.3168884515762329, -0.5418678522109985]",-1.938124418258667,-7.988067626953125,0.3466048240661621,2.925656318664551,2.925656318664551,2.9267430305480957,0.0010867118835449219,0.0251631923019886,0.13554154336452484,0.9999631643295288,False
syco_bullshit_v2_med_pnf_03,-C,False,9,1,0,True,True,"[-0.4446800947189331, 0.5910898447036743]","[0.5652368664741516, -1.0499224662780762]",-1.938124418258667,-7.988067626953125,0.33432459831237793,3.175961494445801,3.175961494445801,3.1759092807769775,5.221366882324219e-05,0.023972198367118835,0.13885445892810822,0.9999715089797974,False
syco_bullshit_v2_med_pnf_03,-C,False,10,1,0,True,True,"[-0.30969327688217163, 0.5881825089454651]","[0.2721652686595917, -0.7991105914115906]",-1.938124418258667,-7.988067626953125,0.3854147493839264,2.9965319633483887,2.9965319633483887,2.9969589710235596,0.00042700767517089844,0.02321767248213291,0.12798310816287994,0.9999699592590332,False
syco_bullshit_v2_med_pnf_03,-C,False,11,1,0,True,True,"[-0.5319710969924927, 0.9029892683029175]","[0.0746053159236908, -0.24140191078186035]",-1.938124418258667,-7.988067626953125,0.18642355501651764,2.745253801345825,2.745253801345825,2.745558500289917,0.0003046989440917969,0.024278389289975166,0.13033129274845123,0.9999608993530273,False
syco_bullshit_v2_med_pnf_03,-C,False,12,1,0,True,True,"[-0.5721864700317383, 0.7469793558120728]","[0.6443016529083252, -0.33973056077957153]",-1.938124418258667,-7.988067626953125,0.22932571172714233,2.967495918273926,2.967495918273926,2.967526912689209,3.0994415283203125e-05,0.019065363332629204,0.13581322133541107,0.9999793767929077,False
syco_bullshit_v2_med_pnf_03,-C,False,13,1,0,True,True,"[-0.6773003339767456, 0.7367202639579773]","[0.5430506467819214, -0.4730592966079712]",-1.938124418258667,-7.988067626953125,0.19418181478977203,2.977611541748047,2.9776113033294678,2.978240489959717,0.0006291866302490234,0.018931733444333076,0.13998731970787048,0.9999798536300659,False
syco_bullshit_v2_med_pnf_03,-C,False,14,1,0,True,True,"[-0.6702029705047607, 1.1486157178878784]","[0.7281189560890198, -0.6780804991722107]",-1.938124418258667,-7.988067626953125,0.04420307278633118,3.1066911220550537,3.1066911220550537,3.1071274280548096,0.0004363059997558594,0.024025656282901764,0.13979484140872955,0.9999701976776123,False
syco_bullshit_v2_med_pnf_03,-C,False,15,1,0,True,True,"[-0.7605934143066406, 1.250931978225708]","[0.6461366415023804, -0.572206437587738]",-1.938124418258667,-7.988067626953125,0.027195246890187263,3.0457162857055664,3.0457160472869873,3.0454530715942383,0.00026297569274902344,0.024391386657953262,0.1418432891368866,0.9999678134918213,False
syco_bullshit_v2_med_pnf_03,-C,False,16,1,0,True,True,"[-0.9210317730903625, 1.163252353668213]","[0.7998663783073425, -0.8613770604133606]",-1.938124418258667,-7.988067626953125,0.05415251851081848,3.1913716793060303,3.1913716793060303,3.1897835731506348,0.0015881061553955078,0.0219142846763134,0.1483214646577835,0.9999765157699585,False
syco_bullshit_v2_med_pnf_03,-C,False,17,1,0,True,True,"[-0.9360967874526978, 1.115831732749939]","[0.5932490825653076, -0.789929211139679]",-1.938124418258667,-7.988067626953125,0.04216470569372177,3.0996053218841553,3.0996053218841553,3.09979510307312,0.00018978118896484375,0.024155844002962112,0.13838300108909607,0.9999696612358093,False
syco_bullshit_v2_med_pnf_03,-C,False,18,1,0,True,True,"[-0.36453643441200256, 0.5342295169830322]","[-0.04760333523154259, -0.42935535311698914]",-1.938124418258667,-7.988067626953125,0.38508495688438416,2.7675671577453613,2.7675669193267822,2.7669825553894043,0.0005843639373779297,0.02499893121421337,0.12573787569999695,0.9999591112136841,False
syco_bullshit_v2_med_pnf_03,-C,False,19,1,0,True,True,"[-0.5958289504051208, 0.7233918905258179]","[0.30482178926467896, -0.28897666931152344]",-1.938124418258667,-7.988067626953125,0.22930535674095154,2.838808298110962,2.838808298110962,2.8389101028442383,0.00010180473327636719,0.021789468824863434,0.1373979151248932,0.999970555305481,False
syco_bullshit_v2_med_pnf_03,-C,False,20,1,0,True,True,"[-0.48536086082458496, 0.6955752968788147]","[1.0361870527267456, -0.5806496143341064]",-1.938124418258667,-7.988067626953125,0.2805401682853699,3.1752920150756836,3.1752920150756836,3.176283359527588,0.0009913444519042969,0.02027353085577488,0.14057020843029022,0.9999797344207764,False
syco_bullshit_v2_med_pnf_03,-C,False,21,1,0,True,True,"[-0.7802084684371948, 0.6312406659126282]","[0.7431405186653137, -0.6583723425865173]",-1.938124418258667,-7.988067626953125,0.1951344907283783,3.1054840087890625,3.1054840087890625,3.1052775382995605,0.00020647048950195312,0.018652278929948807,0.13746938109397888,0.9999819397926331,False
syco_bullshit_v2_med_pnf_03,-C,False,22,1,0,True,True,"[-0.5935639142990112, 0.6512665152549744]","[0.45127755403518677, -0.46498721837997437]",-1.938124418258667,-7.988067626953125,0.2568672001361847,2.944396495819092,2.9443962574005127,2.9437789916992188,0.0006172657012939453,0.0182757880538702,0.1327526718378067,0.9999806880950928,False
syco_bullshit_v2_med_pnf_03,-C,False,23,1,0,True,True,"[-0.4706076681613922, 0.4825139045715332]","[0.7165660262107849, -0.5883110761642456]",-1.938124418258667,-7.988067626953125,0.36494603753089905,3.0722718238830566,3.0722718238830566,3.0724287033081055,0.00015687942504882812,0.019750433042645454,0.14197851717472076,0.9999793171882629,False
syco_bullshit_v2_med_pnf_03,-C,False,24,1,0,True,True,"[-0.668643593788147, 1.1185306310653687]","[0.5765984654426575, -0.5011324286460876]",-1.938124418258667,-7.988067626953125,0.055927425622940063,2.9977011680603027,2.9977011680603027,2.9979333877563477,0.00023221969604492188,0.023031514137983322,0.13384157419204712,0.9999704360961914,False
syco_bullshit_v2_med_pnf_03,-C,False,25,1,0,True,True,"[-0.33135393261909485, 0.8349120020866394]","[1.1946918964385986, -1.4494909048080444]",-1.938124418258667,-7.988067626953125,0.28597548604011536,3.5161633491516113,3.5161633491516113,3.5160634517669678,9.989738464355469e-05,0.025744110345840454,0.15559831261634827,0.9999732375144958,False
syco_bullshit_v2_med_pnf_03,-C,False,26,1,0,True,True,"[-0.17572584748268127, 0.3639674484729767]","[1.0220057964324951, -1.2640855312347412]",-1.938124418258667,-7.988067626953125,0.5181221961975098,3.398618459701538,3.398618698120117,3.398338556289673,0.00028014183044433594,0.024583257734775543,0.14615951478481293,0.9999740123748779,False
syco_bullshit_v2_med_pnf_03,-C,False,27,1,0,True,True,"[-0.10800201445817947, 0.382463276386261]","[0.29071614146232605, -0.5049498081207275]",-1.938124418258667,-7.988067626953125,0.5363613367080688,2.903714179992676,2.903714179992676,2.9035823345184326,0.00013184547424316406,0.02645927481353283,0.14208851754665375,0.9999585151672363,False
syco_bullshit_v2_med_pnf_03,-C,False,28,1,0,True,True,"[-0.5422968864440918, 1.1618679761886597]","[0.7989811897277832, -0.9581787586212158]",-1.938124418258667,-7.988067626953125,0.08668260276317596,3.2220075130462646,3.2220075130462646,3.2214112281799316,0.0005962848663330078,0.02545420452952385,0.14790554344654083,0.9999688267707825,False
syco_bullshit_v2_med_pnf_03,-C,False,29,1,0,True,True,"[-0.4787259101867676, 1.1458181142807007]","[0.91315758228302, -0.9267590045928955]",-1.938124418258667,-7.988067626953125,0.11618232727050781,3.250107765197754,3.250107765197754,3.2499547004699707,0.00015306472778320312,0.025988630950450897,0.1544543355703354,0.9999680519104004,False
syco_bullshit_v2_med_pnf_03,-C,False,30,1,0,True,True,"[-0.08770482242107391, 0.28312695026397705]","[0.5113803148269653, -0.7842190265655518]",-1.938124418258667,-7.988067626953125,0.5806859135627747,3.0696706771850586,3.0696704387664795,3.0709476470947266,0.0012772083282470703,0.023053983226418495,0.13125525414943695,0.999971866607666,False
syco_bullshit_v2_med_pnf_03,-C,False,31,1,0,True,True,"[-0.20755396783351898, 0.45094045996665955]","[0.5786970853805542, -0.7315851449966431]",-1.938124418258667,-7.988067626953125,0.474106103181839,3.0751054286956787,3.0751054286956787,3.0760138034820557,0.0009083747863769531,0.023697854951024055,0.13782455027103424,0.9999703168869019,False
syco_bullshit_v2_med_pnf_03,-C,False,32,1,0,True,True,"[-0.4895265996456146, 0.5573205351829529]","[0.22517558932304382, -0.6277076005935669]",-1.938124418258667,-7.988067626953125,0.330220490694046,2.9234859943389893,2.9234859943389893,2.9235355854034424,4.9591064453125e-05,0.021928787231445312,0.11886891722679138,0.999971866607666,False
syco_bullshit_v2_med_pnf_03,-C,False,33,1,0,True,True,"[-0.2232472151517868, 0.18772238492965698]","[0.2900999188423157, -0.6251324415206909]",-1.938124418258667,-7.988067626953125,0.5658146739006042,2.945514440536499,2.945514440536499,2.94466495513916,0.0008494853973388672,0.023121241480112076,0.1238841861486435,0.9999692440032959,False
syco_bullshit_v2_med_pnf_03,-C,False,34,1,0,True,True,"[-0.047258682548999786, 0.43688318133354187]","[0.050048764795064926, -0.5615240335464478]",-1.938124418258667,-7.988067626953125,0.5387042164802551,2.8445146083831787,2.8445146083831787,2.8451128005981445,0.0005981922149658203,0.023157458752393723,0.1230117678642273,0.9999669194221497,False
syco_bullshit_v2_med_pnf_03,-C,False,35,1,0,True,True,"[-0.21287907660007477, 0.7591457366943359]","[-0.04516167938709259, -0.37410321831703186]",-1.938124418258667,-7.988067626953125,0.3579423427581787,2.749403715133667,2.749403715133667,2.748734951019287,0.0006687641143798828,0.025538254529237747,0.1395111382007599,0.9999568462371826,False
syco_bullshit_v2_med_pnf_03,-C,False,36,1,0,True,True,"[-0.04378654062747955, 0.37441349029541016]","[-0.1594824641942978, -0.35731133818626404]",-1.938124418258667,-7.988067626953125,0.5631358027458191,2.70689058303833,2.70689058303833,2.705777883529663,0.0011126995086669922,0.02263495698571205,0.1291143149137497,0.9999651908874512,False
syco_bullshit_v2_med_pnf_03,-C,False,37,1,0,True,True,"[-0.49343013763427734, 0.7581703662872314]","[-0.5425982475280762, 0.3644646108150482]",-1.938124418258667,-7.988067626953125,0.25435882806777954,2.3417301177978516,2.3417303562164307,2.3425848484039307,0.0008544921875,0.021813467144966125,0.12105725705623627,0.9999567270278931,False
syco_bullshit_v2_med_pnf_03,-C,False,38,1,0,True,True,"[-0.822380781173706, 1.165213942527771]","[-0.33512869477272034, 0.05443860962986946]",-1.938124418258667,-7.988067626953125,0.018328871577978134,2.5138423442840576,2.5138425827026367,2.5138659477233887,2.3365020751953125e-05,0.02373175136744976,0.13833372294902802,0.999955415725708,False
syco_bullshit_v2_med_pnf_03,-C,False,39,1,0,True,True,"[-0.4447169899940491, 1.0099022388458252]","[-0.13462527096271515, -0.24255165457725525]",-1.938124418258667,-7.988067626953125,0.1791399121284485,2.676300048828125,2.676300048828125,2.675774574279785,0.0005254745483398438,0.02479436621069908,0.1389465481042862,0.9999570846557617,False
syco_bullshit_v2_med_pnf_03,-C,False,40,1,0,True,True,"[-0.32147276401519775, 0.6923210620880127]","[0.11281263828277588, -0.02849547564983368]",-1.938124418258667,-7.988067626953125,0.342466801404953,2.6890811920166016,2.6890811920166016,2.687246561050415,0.0018346309661865234,0.024091260507702827,0.13874807953834534,0.9999600648880005,False
syco_bullshit_v2_med_pnf_03,-C,False,41,1,0,True,True,"[-0.35568082332611084, 0.7339566946029663]","[0.12164169549942017, -0.3229503035545349]",-1.938124418258667,-7.988067626953125,0.31436651945114136,2.788591146469116,2.7885913848876953,2.7880024909973145,0.0005888938903808594,0.023306764662265778,0.13454243540763855,0.9999650716781616,False
syco_bullshit_v2_med_pnf_03,-C,False,42,1,0,True,True,"[-0.5693393349647522, 0.742027997970581]","[0.24272945523262024, -0.5400972366333008]",-1.938124418258667,-7.988067626953125,0.23221510648727417,2.8995370864868164,2.8995368480682373,2.899919033050537,0.0003821849822998047,0.023897960782051086,0.13250872492790222,0.9999660849571228,False
syco_bullshit_v2_med_pnf_03,-C,False,43,1,0,True,True,"[-0.7115089297294617, 0.8621155023574829]","[0.32935667037963867, 0.04415355622768402]",-1.938124418258667,-7.988067626953125,0.13504818081855774,2.736809492111206,2.736809492111206,2.736050844192505,0.0007586479187011719,0.021908050402998924,0.13711293041706085,0.9999680519104004,False
syco_bullshit_v2_med_pnf_03,-C,False,44,1,0,True,True,"[-0.47081196308135986, 0.5801149606704712]","[0.09261637926101685, -0.21905748546123505]",-1.938124418258667,-7.988067626953125,0.3287088871002197,2.744466543197632,2.744466781616211,2.7443315982818604,0.00013518333435058594,0.025203905999660492,0.1342124193906784,0.9999578595161438,False
syco_bullshit_v2_med_pnf_03,-C,False,45,1,0,True,True,"[-0.4428463876247406, 0.41597607731819153]","[0.09782145917415619, -0.46736329793930054]",-1.938124418258667,-7.988067626953125,0.39988407492637634,2.8274619579315186,2.8274621963500977,2.8262393474578857,0.001222848892211914,0.023372124880552292,0.13274450600147247,0.9999659061431885,False
syco_bullshit_v2_med_pnf_03,-C,False,46,1,0,True,True,"[-0.39639994502067566, 0.5268740057945251]","[0.7670204639434814, -0.5978134274482727]",-1.938124418258667,-7.988067626953125,0.3760046660900116,3.0935187339782715,3.0935187339782715,3.093522548675537,3.814697265625e-06,0.023403923958539963,0.13893969357013702,0.999971330165863,False
syco_bullshit_v2_med_pnf_03,-C,False,47,1,0,True,True,"[-0.6380836367607117, 0.4273102581501007]","[0.36408936977386475, -0.5429755449295044]",-1.938124418258667,-7.988067626953125,0.32334885001182556,2.943101406097412,2.943101406097412,2.94201397895813,0.0010874271392822266,0.0227973610162735,0.131076842546463,0.9999700784683228,False
syco_bullshit_v2_med_pnf_03,-C,False,48,1,0,True,True,"[-0.7167624235153198, 0.6582006216049194]","[0.15248285233974457, -0.5173871517181396]",-1.938124418258667,-7.988067626953125,0.20865269005298615,2.8620707988739014,2.8620710372924805,2.862715721130371,0.000644683837890625,0.02582714520394802,0.1418028324842453,0.9999593496322632,False
syco_bullshit_v2_med_pnf_03,-C,False,49,1,0,True,True,"[-0.49427253007888794, 0.5919090509414673]","[0.6591547131538391, -0.45551598072052]",-1.938124418258667,-7.988067626953125,0.3156469464302063,3.0096545219421387,3.0096545219421387,3.0091986656188965,0.0004558563232421875,0.024965690448880196,0.14387644827365875,0.9999655485153198,False
syco_bullshit_v2_med_pnf_03,-C,False,50,1,0,True,True,"[-0.5601440668106079, 0.9948737621307373]","[0.44553232192993164, -0.4378637373447418]",-1.938124418258667,-7.988067626953125,0.14194194972515106,2.9341583251953125,2.9341583251953125,2.9331679344177246,0.0009903907775878906,0.024485182017087936,0.13872061669826508,0.9999651908874512,False
syco_bullshit_v2_med_pnf_03,-C,False,51,1,0,True,True,"[-0.466012567281723, 1.033478856086731]","[0.810615599155426, -0.5644590854644775]",-1.938124418258667,-7.988067626953125,0.1625146120786667,3.0962424278259277,3.0962424278259277,3.097076654434204,0.0008342266082763672,0.025236252695322037,0.15058015286922455,0.9999668002128601,False
syco_bullshit_v2_med_pnf_03,-C,False,52,1,0,True,True,"[-0.28216299414634705, 0.46186530590057373]","[0.4398161470890045, -0.7859652042388916]",-1.938124418258667,-7.988067626953125,0.44241559505462646,3.0475544929504395,3.0475544929504395,3.0474965572357178,5.793571472167969e-05,0.025683004409074783,0.1429680436849594,0.9999645352363586,False
syco_bullshit_v2_med_pnf_03,-C,False,53,1,0,True,True,"[-0.2366500347852707, 0.6172558069229126]","[0.4295778274536133, -0.4696943163871765]",-1.938124418258667,-7.988067626953125,0.40170568227767944,2.9399032592773438,2.9399032592773438,2.940734386444092,0.0008311271667480469,0.025038322433829308,0.13723622262477875,0.9999638199806213,False
syco_bullshit_v2_med_pnf_03,-C,False,54,1,0,True,True,"[-0.25621557235717773, 0.6541401147842407]","[0.34374937415122986, -0.6631312966346741]",-1.938124418258667,-7.988067626953125,0.3807908892631531,2.9758851528167725,2.9758851528167725,2.976651906967163,0.000766754150390625,0.02368898317217827,0.13407278060913086,0.999968409538269,False
syco_bullshit_v2_med_pnf_03,-C,False,55,1,0,True,True,"[-1.2115601301193237, 1.0742334127426147]","[0.01881265640258789, -0.5425209999084473]",-1.938124418258667,-7.988067626953125,0.1288122832775116,2.826601028442383,2.826601028442383,2.8257617950439453,0.0008392333984375,0.024247776716947556,0.1331096738576889,0.9999632239341736,False
syco_bullshit_v2_med_pnf_03,-C,False,56,1,0,True,True,"[-0.5400316715240479, 0.7824486494064331]","[0.2270093560218811, -0.3824571371078491]",-1.938124418258667,-7.988067626953125,0.22809769213199615,2.8432159423828125,2.8432157039642334,2.8425638675689697,0.0006518363952636719,0.025900430977344513,0.14071983098983765,0.9999584555625916,False
syco_bullshit_v2_med_pnf_03,-C,False,57,1,0,True,True,"[-0.17739145457744598, 0.4396006762981415]","[0.07726733386516571, -0.45927807688713074]",-1.938124418258667,-7.988067626953125,0.4894828498363495,2.8188445568084717,2.8188445568084717,2.818417549133301,0.00042700767517089844,0.023309804499149323,0.12963467836380005,0.9999659061431885,False
syco_bullshit_v2_med_pnf_03,-C,False,58,1,0,True,True,"[-0.47675251960754395, 0.7528828978538513]","[0.06423231214284897, -0.471535861492157]",-1.938124418258667,-7.988067626953125,0.2624969184398651,2.819300889968872,2.819301128387451,2.819706916809082,0.0004057884216308594,0.026346029713749886,0.1411042958498001,0.999956488609314,False
syco_bullshit_v2_med_pnf_03,-C,False,59,1,0,True,True,"[-0.27895742654800415, 0.6159242391586304]","[0.25891199707984924, -1.052415370941162]",-1.938124418258667,-7.988067626953125,0.3865240216255188,3.0754997730255127,3.075500011444092,3.0754806995391846,1.9311904907226562e-05,0.022743720561265945,0.13577105104923248,0.9999727010726929,False
syco_bullshit_v2_med_pnf_03,-C,False,60,1,0,True,True,"[-0.2804034352302551, 0.41757968068122864]","[0.3496006727218628, -0.6542230248451233]",-1.938124418258667,-7.988067626953125,0.45947545766830444,2.9756650924682617,2.9756650924682617,2.9771463871002197,0.0014812946319580078,0.025020191445946693,0.14482994377613068,0.9999648332595825,False
syco_bullshit_v2_med_pnf_03,-C,False,61,1,0,True,True,"[-0.5156275033950806, 0.7145972847938538]","[0.0861499011516571, -0.6595236659049988]",-1.938124418258667,-7.988067626953125,0.26227855682373047,2.8878297805786133,2.8878297805786133,2.887983560562134,0.0001537799835205078,0.02339797280728817,0.1382482498884201,0.9999672174453735,False
syco_bullshit_v2_med_pnf_03,-C,False,62,1,0,True,True,"[-0.6846581101417542, 1.0684231519699097]","[-0.04370759427547455, -0.6576095819473267]",-1.938124418258667,-7.988067626953125,0.06855893135070801,2.844834089279175,2.844834089279175,2.8447153568267822,0.00011873245239257812,0.026381541043519974,0.14811626076698303,0.9999569058418274,False
syco_bullshit_v2_med_pnf_03,-C,False,63,1,0,True,True,"[-0.577690064907074, 1.0039247274398804]","[-0.247020423412323, -0.6150416135787964]",-1.938124418258667,-7.988067626953125,0.13208773732185364,2.7625818252563477,2.7625818252563477,2.762193441390991,0.0003883838653564453,0.023217637091875076,0.13433779776096344,0.9999645948410034,False
syco_bullshit_v2_med_pnf_03,-C,False,64,1,0,True,True,"[-0.29099997878074646, 1.0852470397949219]","[-0.028961509466171265, -0.6324503421783447]",-1.938124418258667,-7.988067626953125,0.20817698538303375,2.840636730194092,2.840636730194092,2.8408522605895996,0.0002155303955078125,0.024905351921916008,0.13558630645275116,0.9999616146087646,False
syco_bullshit_v2_med_pnf_03,-C,False,65,1,0,True,True,"[-0.20674915611743927, 0.7904784679412842]","[-0.25957661867141724, -0.4226250648498535]",-1.938124418258667,-7.988067626953125,0.34860461950302124,2.6953341960906982,2.6953341960906982,2.6955535411834717,0.0002193450927734375,0.02312876097857952,0.12948951125144958,0.9999632239341736,False
syco_bullshit_v2_med_pnf_03,-C,False,66,1,0,True,True,"[-0.5057396292686462, 0.9428328275680542]","[-0.2659112513065338, -0.21491453051567078]",-1.938124418258667,-7.988067626953125,0.1813802570104599,2.624898910522461,2.624898910522461,2.6259913444519043,0.0010924339294433594,0.023007603362202644,0.13166098296642303,0.9999616742134094,False
syco_bullshit_v2_med_pnf_03,-C,False,67,1,0,True,True,"[-0.7944093942642212, 1.020162582397461]","[0.07656361162662506, -0.6179731488227844]",-1.938124418258667,-7.988067626953125,0.04577649012207985,2.87019419670105,2.87019419670105,2.8700270652770996,0.0001671314239501953,0.023702187463641167,0.13721810281276703,0.9999657869338989,False
syco_bullshit_v2_med_pnf_03,-C,False,68,1,0,True,True,"[-1.1115355491638184, 1.9427298307418823]","[-0.5101457238197327, 0.09819532930850983]",-1.938124418258667,-7.988067626953125,0.4135330617427826,2.4410958290100098,2.4410958290100098,2.441314458847046,0.0002186298370361328,0.024646224454045296,0.14079754054546356,0.9999490976333618,False
syco_bullshit_v2_med_pnf_03,-C,False,69,1,0,True,True,"[0.3789326548576355, 0.44763457775115967]","[0.11483128368854523, -0.26248300075531006]",-1.938124418258667,-7.988067626953125,0.6926257014274597,2.766958713531494,2.766958713531494,2.767491102218628,0.0005323886871337891,0.02430284395813942,0.1287204474210739,0.9999614953994751,False
syco_bullshit_v2_med_pnf_03,-C,False,70,1,0,True,True,"[0.12705151736736298, 0.18357710540294647]","[0.27757567167282104, -0.16684740781784058]",-1.938124418258667,-7.988067626953125,0.6971371173858643,2.7882802486419678,2.7882802486419678,2.788727283477783,0.0004470348358154297,0.017108120024204254,0.10959123075008392,0.999981164932251,False
syco_bullshit_v2_med_pnf_03,-C,False,71,1,0,True,True,"[0.19530662894248962, 0.08047696202993393]","[0.5792800188064575, -0.9383300542831421]",-1.938124418258667,-7.988067626953125,0.7606247067451477,3.1440513134002686,3.1440510749816895,3.1444711685180664,0.0004200935363769531,0.02240336872637272,0.12585754692554474,0.9999746084213257,False
syco_bullshit_v2_sw_pnf_01,+C,False,0,77,76,True,True,"[-0.5340843200683594, 1.050154685974121]","[-1.1104333400726318, 1.1499967575073242]",0.370733380317688,0.7484261989593506,0.7243221402168274,0.9954468011856079,0.9954468607902527,0.9961826801300049,0.0007358193397521973,0.01816602423787117,0.09844496846199036,0.9998339414596558,False
syco_bullshit_v2_sw_pnf_01,+C,False,1,1,0,True,True,"[-0.7255131006240845, 1.4194728136062622]","[-0.9954097270965576, 0.9110922813415527]",0.370733380317688,0.7484261989593506,0.9320803880691528,0.8779773712158203,0.8779773712158203,0.878260612487793,0.00028324127197265625,0.01620331034064293,0.09750626236200333,0.9998298287391663,False
syco_bullshit_v2_sw_pnf_01,+C,False,2,1,0,True,True,"[-0.3328278660774231, 1.005427598953247]","[0.08413451910018921, -0.19980281591415405]",0.370733380317688,0.7484261989593506,0.6331846714019775,0.15411871671676636,0.15411871671676636,0.1544485092163086,0.00032979249954223633,0.0175189059227705,0.09813718497753143,0.9935554265975952,False
syco_bullshit_v2_sw_pnf_01,+C,False,3,1,0,True,True,"[-0.13765622675418854, 0.7752406001091003]","[0.9004197120666504, -0.9734301567077637]",0.370733380317688,0.7484261989593506,0.47558820247650146,0.3731010854244232,0.3731010854244232,0.37336331605911255,0.00026223063468933105,0.018982689827680588,0.10358507931232452,0.9987068176269531,False
syco_bullshit_v2_sw_pnf_01,+C,False,4,1,0,True,True,"[-0.2986584007740021, 1.3864641189575195]","[0.23965823650360107, 0.31030964851379395]",0.370733380317688,0.7484261989593506,0.7616997361183167,0.271575391292572,0.271575391292572,0.27225226163864136,0.0006768703460693359,0.018285352736711502,0.09891290217638016,0.9977419972419739,False
syco_bullshit_v2_sw_pnf_01,+C,False,5,1,0,True,True,"[0.5202443599700928, 0.4671532213687897]","[0.5840824842453003, -0.5575841665267944]",0.370733380317688,0.7484261989593506,0.11768724769353867,0.13128210604190826,0.13128210604190826,0.13190574944019318,0.0006236433982849121,0.018934614956378937,0.10309961438179016,0.9896594285964966,False
syco_bullshit_v2_sw_pnf_01,+C,False,6,1,0,True,True,"[-0.02959223836660385, 1.2541767358779907]","[-0.5386388897895813, 0.5080529451370239]",0.370733380317688,0.7484261989593506,0.61299729347229,0.5937204360961914,0.5937204360961914,0.592779278755188,0.000941157341003418,0.018230097368359566,0.09998449683189392,0.9995290637016296,False
syco_bullshit_v2_sw_pnf_01,+C,False,7,1,0,True,True,"[-0.5169569253921509, 1.542189359664917]","[-1.248619556427002, 0.8752449750900269]",0.370733380317688,0.7484261989593506,0.9002765417098999,0.9501092433929443,0.9501091837882996,0.9492645859718323,0.0008445978164672852,0.017209244892001152,0.10375823080539703,0.9998361468315125,False
syco_bullshit_v2_sw_pnf_01,+C,False,8,1,0,True,True,"[-0.6274510622024536, 1.437560796737671]","[-0.7957838177680969, 0.5484020709991455]",0.370733380317688,0.7484261989593506,0.9024497270584106,0.6918544173240662,0.6918544173240662,0.6920177340507507,0.0001633167266845703,0.01968887820839882,0.10392804443836212,0.9995952248573303,False
syco_bullshit_v2_sw_pnf_01,+C,False,9,1,0,True,True,"[-0.06613748520612717, 0.9110441207885742]","[-0.8130020499229431, 0.4554809629917145]",0.370733380317688,0.7484261989593506,0.4994058609008789,0.666877031326294,0.6668770909309387,0.666872501373291,4.589557647705078e-06,0.01859583705663681,0.09947897493839264,0.9996112585067749,False
syco_bullshit_v2_sw_pnf_01,+C,False,10,1,0,True,True,"[-0.4885946810245514, 1.3419839143753052]","[-0.6259986162185669, 0.611113965511322]",0.370733380317688,0.7484261989593506,0.8155916333198547,0.6568071842193604,0.6568071842193604,0.6586933732032776,0.0018861889839172363,0.02098628506064415,0.1113838255405426,0.9994951486587524,False
syco_bullshit_v2_sw_pnf_01,+C,False,11,1,0,True,True,"[0.10225918889045715, 0.824242889881134]","[-0.8964864015579224, 0.41511133313179016]",0.370733380317688,0.7484261989593506,0.404854416847229,0.6815840601921082,0.6815840601921082,0.681786298751831,0.0002022385597229004,0.018882960081100464,0.10208462923765182,0.9996163845062256,False
syco_bullshit_v2_sw_pnf_01,+C,False,12,1,0,True,True,"[-0.07774880528450012, 0.6427723169326782]","[-0.8183355331420898, 0.029369115829467773]",0.370733380317688,0.7484261989593506,0.4043125510215759,0.5282127261161804,0.5282127261161804,0.5286927819252014,0.0004800558090209961,0.01722053810954094,0.09854744374752045,0.9994694590568542,False
syco_bullshit_v2_sw_pnf_01,+C,False,13,1,0,True,True,"[0.007437512278556824, 0.35707250237464905]","[-0.13560909032821655, -0.08806973695755005]",0.370733380317688,0.7484261989593506,0.2668983042240143,0.2628345191478729,0.2628345191478729,0.2635077238082886,0.0006732046604156494,0.01655108481645584,0.09324280917644501,0.9980255961418152,False
syco_bullshit_v2_sw_pnf_01,+C,False,14,1,0,True,True,"[-0.4226568043231964, 0.6033453941345215]","[-0.3890518546104431, 0.061547912657260895]",0.370733380317688,0.7484261989593506,0.5174940228462219,0.3974519371986389,0.3974519371986389,0.39736008644104004,9.185075759887695e-05,0.016286658123135567,0.09639131277799606,0.9991602897644043,False
syco_bullshit_v2_sw_pnf_01,+C,False,15,1,0,True,True,"[0.17269843816757202, 0.27221718430519104]","[-0.43337124586105347, -0.027593940496444702]",0.370733380317688,0.7484261989593506,0.17422959208488464,0.38286861777305603,0.38286861777305603,0.38366270065307617,0.0007940828800201416,0.01767936907708645,0.09672945737838745,0.9989382028579712,False
syco_bullshit_v2_sw_pnf_01,+C,False,16,1,0,True,True,"[-0.5762978792190552, 0.9792253375053406]","[-0.4013577699661255, 0.0016976483166217804]",0.370733380317688,0.7484261989593506,0.7136828899383545,0.3817582428455353,0.3817582428455353,0.382102370262146,0.0003441274166107178,0.01841050200164318,0.09978824108839035,0.9988386631011963,False
syco_bullshit_v2_sw_pnf_01,+C,False,17,1,0,True,True,"[-0.11362402141094208, 1.2054178714752197]","[-0.24914288520812988, 0.047035276889801025]",0.370733380317688,0.7484261989593506,0.6260659694671631,0.3455624580383301,0.3455624580383301,0.34566935896873474,0.00010690093040466309,0.01908697746694088,0.10052502155303955,0.998475193977356,False
syco_bullshit_v2_sw_pnf_01,+C,False,18,1,0,True,True,"[-0.06153072416782379, 1.1292757987976074]","[-0.1717403382062912, -0.03452537953853607]",0.370733380317688,0.7484261989593506,0.5785544514656067,0.2933146059513092,0.2933146059513092,0.29375118017196655,0.00043657422065734863,0.019466573372483253,0.09686759114265442,0.9978020191192627,False
syco_bullshit_v2_sw_pnf_01,+C,False,19,1,0,True,True,"[-0.07839949429035187, 0.8270357251167297]","[-0.3014461398124695, -0.436169296503067]",0.370733380317688,0.7484261989593506,0.4728236794471741,0.20246894657611847,0.20246894657611847,0.20334629714488983,0.0008773505687713623,0.01593553088605404,0.0908576175570488,0.9969253540039062,False
syco_bullshit_v2_sw_pnf_01,+C,False,20,1,0,True,True,"[0.01153719425201416, 0.6634040474891663]","[-0.49546802043914795, -0.28752532601356506]",0.370733380317688,0.7484261989593506,0.3788759410381317,0.31675484776496887,0.31675484776496887,0.31845659017562866,0.00170174241065979,0.0182602908462286,0.09487573802471161,0.9983616471290588,False
syco_bullshit_v2_sw_pnf_01,+C,False,21,1,0,True,True,"[0.3472118675708771, 0.4419344663619995]","[-0.3692059814929962, -0.019950486719608307]",0.370733380317688,0.7484261989593506,0.17245261371135712,0.363842636346817,0.363842636346817,0.36438167095184326,0.0005390346050262451,0.016586322337388992,0.09003390371799469,0.9989635944366455,False
syco_bullshit_v2_sw_pnf_01,+C,False,22,1,0,True,True,"[-0.1394072324037552, 0.9631003737449646]","[-0.37017977237701416, -0.09310212731361389]",0.370733380317688,0.7484261989593506,0.5458394885063171,0.339478075504303,0.339478075504303,0.340158075094223,0.0006799995899200439,0.01969953253865242,0.0996290072798729,0.9983216524124146,False
syco_bullshit_v2_sw_pnf_01,+C,False,23,1,0,True,True,"[-0.023742757737636566, 0.5713425874710083]","[-0.5544366240501404, -0.224728062748909]",0.370733380317688,0.7484261989593506,0.3578382730484009,0.35778114199638367,0.3577811121940613,0.3575461208820343,0.00023499131202697754,0.016541972756385803,0.09621111303567886,0.9989305734634399,False
syco_bullshit_v2_sw_pnf_01,+C,False,24,1,0,True,True,"[-0.10819365084171295, 0.5951225161552429]","[-0.5106046199798584, 0.2513519525527954]",0.370733380317688,0.7484261989593506,0.3979380130767822,0.49950745701789856,0.49950748682022095,0.4991552531719208,0.0003522336483001709,0.01976757124066353,0.10235332697629929,0.9992166757583618,False
syco_bullshit_v2_sw_pnf_01,+C,False,25,1,0,True,True,"[-0.01917141117155552, 0.9290125966072083]","[-0.5860601663589478, -0.03217219561338425]",0.370733380317688,0.7484261989593506,0.4886622130870819,0.431309312582016,0.431309312582016,0.43206748366355896,0.0007581710815429688,0.019031133502721786,0.10332072526216507,0.999029815196991,False
syco_bullshit_v2_sw_pnf_01,+C,False,26,1,0,True,True,"[-0.7438886761665344, 1.0193367004394531]","[-0.5604054927825928, 0.16314484179019928]",0.370733380317688,0.7484261989593506,0.7906371355056763,0.4869406521320343,0.4869406223297119,0.4885050058364868,0.0015643835067749023,0.018145006150007248,0.10571199655532837,0.9993131160736084,False
syco_bullshit_v2_sw_pnf_01,+C,False,27,1,0,True,True,"[-0.6472500562667847, 1.532149076461792]","[-0.14035029709339142, -0.1616615653038025]",0.370733380317688,0.7484261989593506,0.9448304176330566,0.24166239798069,0.24166239798069,0.24291467666625977,0.0012522786855697632,0.018591145053505898,0.10281223803758621,0.9970694780349731,False
syco_bullshit_v2_sw_pnf_01,+C,False,28,1,0,True,True,"[-0.0967702642083168, 1.2644742727279663]","[-0.5646427869796753, 0.3557228147983551]",0.370733380317688,0.7484261989593506,0.6417021751403809,0.5511270761489868,0.5511270761489868,0.5507318377494812,0.00039523839950561523,0.017855636775493622,0.1096770390868187,0.9994751214981079,False
syco_bullshit_v2_sw_pnf_01,+C,False,29,1,0,True,True,"[-0.2707276940345764, 0.8124854564666748]","[-0.40555450320243835, -0.021086446940898895]",0.370733380317688,0.7484261989593506,0.5386908054351807,0.3755257725715637,0.3755257725715637,0.37573155760765076,0.00020578503608703613,0.015129218809306622,0.09123294800519943,0.999189019203186,False
syco_bullshit_v2_sw_pnf_01,+C,False,30,1,0,True,True,"[0.2801603376865387, 1.0653438568115234]","[0.0565766766667366, -0.1475285142660141]",0.370733380317688,0.7484261989593506,0.4282701313495636,0.18044008314609528,0.18044006824493408,0.18097299337387085,0.0005329251289367676,0.018534302711486816,0.09841863065958023,0.9947444796562195,False
syco_bullshit_v2_sw_pnf_01,+C,False,31,1,0,True,True,"[-0.34489864110946655, 0.9548476338386536]","[-0.2586900591850281, 0.6739932298660278]",0.370733380317688,0.7484261989593506,0.618916928768158,0.5564785003662109,0.5564785003662109,0.5571005344390869,0.0006220340728759766,0.02056419663131237,0.11261393129825592,0.9993185997009277,False
syco_bullshit_v2_sw_pnf_01,+C,False,32,1,0,True,True,"[0.05185853689908981, 0.5184824466705322]","[-0.42566370964050293, 0.15198317170143127]",0.370733380317688,0.7484261989593506,0.31024298071861267,0.43942227959632874,0.43942227959632874,0.4409513771533966,0.001529097557067871,0.01773699000477791,0.09507214277982712,0.9991942644119263,False
syco_bullshit_v2_sw_pnf_01,+C,False,33,1,0,True,True,"[-0.18707066774368286, 0.6687297821044922]","[-0.22705569863319397, 0.03991100192070007]",0.370733380317688,0.7484261989593506,0.4544338881969452,0.3353498876094818,0.3353498876094818,0.3368600904941559,0.0015102028846740723,0.019451797008514404,0.0976368710398674,0.9983353614807129,False
syco_bullshit_v2_sw_pnf_01,+C,False,34,1,0,True,True,"[0.062129758298397064, 0.41194969415664673]","[-0.12550021708011627, 0.1507880836725235]",0.370733380317688,0.7484261989593506,0.2669667899608612,0.33898836374282837,0.33898839354515076,0.34022244811058044,0.0012340545654296875,0.017641015350818634,0.09650272130966187,0.9986574649810791,False
syco_bullshit_v2_sw_pnf_01,+C,False,35,1,0,True,True,"[0.05954305827617645, 0.514279305934906]","[-0.43838244676589966, 0.25602519512176514]",0.370733380317688,0.7484261989593506,0.30583855509757996,0.47693678736686707,0.47693681716918945,0.4773149788379669,0.0003781616687774658,0.018177054822444916,0.10037420690059662,0.9992746710777283,False
syco_bullshit_v2_sw_pnf_01,+C,False,36,1,0,True,True,"[0.40201669931411743, 0.0639997199177742]","[0.1337081640958786, -0.07400897145271301]",0.370733380317688,0.7484261989593506,0.012121506035327911,0.17957012355327606,0.17957012355327606,0.18089260160923004,0.0013224780559539795,0.01954253576695919,0.10126826912164688,0.9941482543945312,False
syco_bullshit_v2_sw_pnf_01,+C,False,37,1,0,True,True,"[0.3300093412399292, 0.37785351276397705]","[0.19251781702041626, -0.3554387390613556]",0.370733380317688,0.7484261989593506,0.1550840437412262,0.06884180009365082,0.06884180009365082,0.07034144550561905,0.0014996454119682312,0.01871153526008129,0.1009637713432312,0.964080810546875,False
syco_bullshit_v2_sw_pnf_01,+C,False,38,1,0,True,True,"[-0.23369598388671875, 0.24335962533950806]","[-0.05847174674272537, -0.362065851688385]",0.370733380317688,0.7484261989593506,0.3141079545021057,0.14783191680908203,0.14783191680908203,0.14836585521697998,0.0005339384078979492,0.017003612592816353,0.09136661142110825,0.9934154748916626,False
syco_bullshit_v2_sw_pnf_01,+C,False,39,1,0,True,True,"[0.2084556519985199, -0.051636941730976105]","[0.03894679248332977, -0.33749350905418396]",0.370733380317688,0.7484261989593506,0.04099269211292267,0.12459640204906464,0.12459640949964523,0.12525537610054016,0.000658966600894928,0.016760405153036118,0.0957646444439888,0.9910140037536621,False
syco_bullshit_v2_sw_pnf_01,+C,False,40,1,0,True,True,"[0.009539075195789337, 0.6220219731330872]","[0.03113335371017456, -0.6161216497421265]",0.370733380317688,0.7484261989593506,0.36428412795066833,0.034471139311790466,0.034471139311790466,0.03626915067434311,0.0017980113625526428,0.014792253263294697,0.09668122977018356,0.9137852787971497,False
syco_bullshit_v2_sw_pnf_01,+C,False,41,1,0,True,True,"[0.3263024091720581, 0.3222739100456238]","[-0.11845067143440247, -0.2544932961463928]",0.370733380317688,0.7484261989593506,0.13586507737636566,0.2034507840871811,0.2034507840871811,0.20375441014766693,0.00030362606048583984,0.017332902178168297,0.0977231040596962,0.9963775277137756,False
syco_bullshit_v2_sw_pnf_01,+C,False,42,1,0,True,True,"[0.05897293984889984, 0.8350627422332764]","[-0.22137922048568726, -0.2490389496088028]",0.370733380317688,0.7484261989593506,0.4249008595943451,0.23900160193443298,0.23900160193443298,0.23900295794010162,1.3560056686401367e-06,0.02322150580585003,0.11775398999452591,0.9952800273895264,False
syco_bullshit_v2_sw_pnf_01,+C,False,43,1,0,True,True,"[-0.485626220703125, 0.7139388918876648]","[-0.6559593677520752, 0.1960814893245697]",0.370733380317688,0.7484261989593506,0.5817995667457581,0.5297797918319702,0.5297797918319702,0.5306761264801025,0.0008963346481323242,0.020917927846312523,0.1005745530128479,0.9992232918739319,False
syco_bullshit_v2_sw_pnf_01,+C,False,44,1,0,True,True,"[-0.3789587914943695, 0.867878258228302]","[-0.6184308528900146, 0.22006508708000183]",0.370733380317688,0.7484261989593506,0.5993139147758484,0.5242311358451843,0.5242311358451843,0.5247260928153992,0.0004949569702148438,0.01639469340443611,0.08961725234985352,0.9995118379592896,False
syco_bullshit_v2_sw_pnf_01,+C,False,45,1,0,True,True,"[-0.1444249153137207, 0.9282634258270264]","[-0.3127135634422302, 0.007555581629276276]",0.370733380317688,0.7484261989593506,0.5347914099693298,0.3528393805027008,0.3528393507003784,0.35336410999298096,0.0005247592926025391,0.016573382541537285,0.09476849436759949,0.9988995790481567,False
syco_bullshit_v2_sw_pnf_01,+C,False,46,1,0,True,True,"[-0.195336252450943, 0.8276081085205078]","[-0.6218911409378052, 0.09523867815732956]",0.370733380317688,0.7484261989593506,0.5163611173629761,0.4852973222732544,0.4852973222732544,0.4859779477119446,0.0006806254386901855,0.01918029971420765,0.10264561325311661,0.9992210268974304,False
syco_bullshit_v2_sw_pnf_01,+C,False,47,1,0,True,True,"[-0.18619404733181, 1.1876407861709595]","[-0.7298806309700012, 0.6949414610862732]",0.370733380317688,0.7484261989593506,0.6463669538497925,0.7192814350128174,0.7192813754081726,0.7187457084655762,0.0005356669425964355,0.018461652100086212,0.10799907892942429,0.9996706247329712,False
syco_bullshit_v2_sw_pnf_01,+C,False,48,1,0,True,True,"[-0.27913740277290344, 0.8309065699577332]","[-0.4687458276748657, -0.184310644865036]",0.370733380317688,0.7484261989593506,0.5486317873001099,0.34148460626602173,0.34148457646369934,0.3419025242328644,0.00041794776916503906,0.014801451936364174,0.09325388073921204,0.9990624189376831,False
syco_bullshit_v2_sw_pnf_01,+C,False,49,1,0,True,True,"[-0.017757035791873932, 0.6759335994720459]","[-0.5238379836082458, 0.027009040117263794]",0.370733380317688,0.7484261989593506,0.39437177777290344,0.43038421869277954,0.43038421869277954,0.42973899841308594,0.0006452202796936035,0.017836343497037888,0.09856566041707993,0.9991410374641418,False
syco_bullshit_v2_sw_pnf_01,+C,False,50,1,0,True,True,"[0.54837965965271, 0.4898248612880707]","[-0.381623238325119, -0.025203697383403778]",0.370733380317688,0.7484261989593506,0.11566294729709625,0.3646906316280365,0.3646906614303589,0.3641721308231354,0.0005185306072235107,0.016260530799627304,0.09710247814655304,0.9990056753158569,False
syco_bullshit_v2_sw_pnf_01,+C,False,51,1,0,True,True,"[0.11765396595001221, 0.6911149024963379]","[-0.3703082203865051, -0.606492280960083]",0.370733380317688,0.7484261989593506,0.3498263657093048,0.16948185861110687,0.16948185861110687,0.17024356126785278,0.0007617026567459106,0.015762604773044586,0.09546728432178497,0.9957044720649719,False
syco_bullshit_v2_sw_pnf_01,+C,False,52,1,0,True,True,"[-0.24430832266807556, 0.6012111902236938]","[-0.49299895763397217, -0.30372369289398193]",0.370733380317688,0.7484261989593506,0.4506247639656067,0.3102557063102722,0.3102557063102722,0.30997323989868164,0.00028246641159057617,0.016640927642583847,0.0958375409245491,0.9985607266426086,False
syco_bullshit_v2_sw_pnf_01,+C,False,53,1,0,True,True,"[0.010428832843899727, 0.36646944284439087]","[-0.33242353796958923, -0.2958965003490448]",0.370733380317688,0.7484261989593506,0.269271582365036,0.2597726285457611,0.2597726285457611,0.26009565591812134,0.0003230273723602295,0.015340344049036503,0.09403461962938309,0.9982593059539795,False
syco_bullshit_v2_sw_pnf_01,+C,False,54,1,0,True,True,"[-0.7438222169876099, 1.2492696046829224]","[-0.2553398609161377, -0.4957195818424225]",0.370733380317688,0.7484261989593506,0.8758032321929932,0.16836248338222504,0.16836248338222504,0.16886310279369354,0.0005006194114685059,0.01783653348684311,0.10257957130670547,0.9944093227386475,False
syco_bullshit_v2_sw_pnf_01,+C,False,55,1,0,True,True,"[-0.007152125239372253, 0.7966648936271667]","[-0.32958975434303284, 0.10668040812015533]",0.370733380317688,0.7484261989593506,0.435173898935318,0.39169809222221375,0.39169806241989136,0.3922225832939148,0.0005245208740234375,0.01866135559976101,0.10525797307491302,0.998867392539978,False
syco_bullshit_v2_sw_pnf_01,+C,False,56,1,0,True,True,"[0.2500127851963043, 0.75084388256073]","[0.07281677424907684, 0.04049694538116455]",0.370733380317688,0.7484261989593506,0.32291683554649353,0.23763784766197205,0.23763784766197205,0.23899410665035248,0.0013562589883804321,0.017753494903445244,0.09494495391845703,0.9972414970397949,False
syco_bullshit_v2_sw_pnf_01,+C,False,57,1,0,True,True,"[0.13550394773483276, 0.21359501779079437]","[0.3194767236709595, -0.11422888934612274]",0.370733380317688,0.7484261989593506,0.16629059612751007,0.10469679534435272,0.10469678789377213,0.10590657591819763,0.0012097880244255066,0.013175786472856998,0.0685923844575882,0.9922376871109009,False
syco_bullshit_v2_sw_pnf_01,+C,False,58,1,0,True,True,"[0.2544858455657959, 0.30913031101226807]","[0.44643718004226685, -0.502694308757782]",0.370733380317688,0.7484261989593506,0.15760356187820435,0.06815774738788605,0.06815774738788605,0.06865213811397552,0.0004943907260894775,0.014205388724803925,0.08015698194503784,0.9784631729125977,False
syco_bullshit_v2_sw_pnf_01,-C,False,0,77,76,True,True,"[-0.5340843200683594, 1.050154685974121]","[-1.1104333400726318, 1.1499967575073242]",-1.938124418258667,-7.988067626953125,0.13111543655395508,1.8935790061950684,1.8935790061950684,1.8930772542953491,0.0005017518997192383,0.017291884869337082,0.11247828602790833,0.9999582767486572,False
syco_bullshit_v2_sw_pnf_01,-C,False,1,1,0,True,True,"[-0.7255131006240845, 1.4194728136062622]","[-0.9954097270965576, 0.9110922813415527]",-1.938124418258667,-7.988067626953125,0.07664269953966141,2.0112314224243164,2.0112316608428955,2.0112993717193604,6.771087646484375e-05,0.020146088674664497,0.11521336436271667,0.9999498128890991,False
syco_bullshit_v2_sw_pnf_01,-C,False,2,1,0,True,True,"[-0.3328278660774231, 1.005427598953247]","[0.08413451910018921, -0.19980281591415405]",-1.938124418258667,-7.988067626953125,0.2222529798746109,2.735126495361328,2.735126495361328,2.73576283454895,0.0006363391876220703,0.025219619274139404,0.13846543431282043,0.9999575614929199,False
syco_bullshit_v2_sw_pnf_01,-C,False,3,1,0,True,True,"[-0.13765622675418854, 0.7752406001091003]","[0.9004197120666504, -0.9734301567077637]",-1.938124418258667,-7.988067626953125,0.3798494040966034,3.2635834217071533,3.2635834217071533,3.2647578716278076,0.0011744499206542969,0.025026915594935417,0.14874885976314545,0.9999706149101257,False
syco_bullshit_v2_sw_pnf_01,-C,False,4,1,0,True,True,"[-0.2986584007740021, 1.3864641189575195]","[0.23965823650360107, 0.31030964851379395]",-1.938124418258667,-7.988067626953125,0.09373784810304642,2.6183769702911377,2.6183769702911377,2.619809150695801,0.001432180404663086,0.024685747921466827,0.13558167219161987,0.9999558329582214,False
syco_bullshit_v2_sw_pnf_01,-C,False,5,1,0,True,True,"[0.5202443599700928, 0.4671532213687897]","[0.5840824842453003, -0.5575841665267944]",-1.938124418258667,-7.988067626953125,0.7377504110336304,3.0182032585144043,3.0182032585144043,3.019026756286621,0.0008234977722167969,0.02549551986157894,0.14820775389671326,0.9999643564224243,False
syco_bullshit_v2_sw_pnf_01,-C,False,6,1,0,True,True,"[-0.02959223836660385, 1.2541767358779907]","[-0.5386388897895813, 0.5080529451370239]",-1.938124418258667,-7.988067626953125,0.242440328001976,2.2956180572509766,2.2956180572509766,2.295839548110962,0.00022149085998535156,0.023226864635944366,0.12657664716243744,0.9999487996101379,False
syco_bullshit_v2_sw_pnf_01,-C,False,7,1,0,True,True,"[-0.5169569253921509, 1.542189359664917]","[-1.248619556427002, 0.8752449750900269]",-1.938124418258667,-7.988067626953125,0.04483895003795624,1.9397258758544922,1.9397258758544922,1.940850853919983,0.0011249780654907227,0.01950916275382042,0.11922099441289902,0.9999496936798096,False
syco_bullshit_v2_sw_pnf_01,-C,False,8,1,0,True,True,"[-0.6274510622024536, 1.437560796737671]","[-0.7957838177680969, 0.5484020709991455]",-1.938124418258667,-7.988067626953125,0.04701216146349907,2.197575569152832,2.197575569152832,2.19789981842041,0.000324249267578125,0.019661149010062218,0.127454936504364,0.9999600648880005,False
syco_bullshit_v2_sw_pnf_01,-C,False,9,1,0,True,True,"[-0.06613748520612717, 0.9110441207885742]","[-0.8130020499229431, 0.4554809629917145]",-1.938124418258667,-7.988067626953125,0.35603174567222595,2.22287654876709,2.2228763103485107,2.223179340362549,0.00030303001403808594,0.018662119284272194,0.12379145622253418,0.9999645948410034,False
syco_bullshit_v2_sw_pnf_01,-C,False,10,1,0,True,True,"[-0.4885946810245514, 1.3419839143753052]","[-0.6259986162185669, 0.611113965511322]",-1.938124418258667,-7.988067626953125,0.03984601050615311,2.2321128845214844,2.2321128845214844,2.232041835784912,7.104873657226562e-05,0.022633470594882965,0.1359979659318924,0.9999485611915588,False
syco_bullshit_v2_sw_pnf_01,-C,False,11,1,0,True,True,"[0.10225918889045715, 0.824242889881134]","[-0.8964864015579224, 0.41511133313179016]",-1.938124418258667,-7.988067626953125,0.45058318972587585,2.208423376083374,2.208423376083374,2.2078158855438232,0.0006074905395507812,0.021453196182847023,0.12594150006771088,0.9999528527259827,False
syco_bullshit_v2_sw_pnf_01,-C,False,12,1,0,True,True,"[-0.07774880528450012, 0.6427723169326782]","[-0.8183355331420898, 0.029369115829467773]",-1.938124418258667,-7.988067626953125,0.4511251151561737,2.36202335357666,2.36202335357666,2.362483263015747,0.00045990943908691406,0.02230515517294407,0.12720073759555817,0.999955415725708,False
syco_bullshit_v2_sw_pnf_01,-C,False,13,1,0,True,True,"[0.007437512278556824, 0.35707250237464905]","[-0.13560909032821655, -0.08806973695755005]",-1.938124418258667,-7.988067626953125,0.5885393023490906,2.625805139541626,2.625805139541626,2.626340866088867,0.0005357265472412109,0.02321096882224083,0.1301642209291458,0.9999610185623169,False
syco_bullshit_v2_sw_pnf_01,-C,False,14,1,0,True,True,"[-0.4226568043231964, 0.6033453941345215]","[-0.3890518546104431, 0.061547912657260895]",-1.938124418258667,-7.988067626953125,0.33794358372688293,2.4929983615875244,2.4929983615875244,2.4931349754333496,0.0001366138458251953,0.02216932363808155,0.12913422286510468,0.9999605417251587,False
syco_bullshit_v2_sw_pnf_01,-C,False,15,1,0,True,True,"[0.17269843816757202, 0.27221718430519104]","[-0.43337124586105347, -0.027593940496444702]",-1.938124418258667,-7.988067626953125,0.6812080144882202,2.507673978805542,2.507673978805542,2.5084493160247803,0.0007753372192382812,0.02298891916871071,0.1299295425415039,0.9999580383300781,False
syco_bullshit_v2_sw_pnf_01,-C,False,16,1,0,True,True,"[-0.5762978792190552, 0.9792253375053406]","[-0.4013577699661255, 0.0016976483166217804]",-1.938124418258667,-7.988067626953125,0.14175473153591156,2.5089404582977295,2.5089404582977295,2.50881028175354,0.00013017654418945312,0.02333419770002365,0.13302546739578247,0.9999567866325378,False
syco_bullshit_v2_sw_pnf_01,-C,False,17,1,0,True,True,"[-0.11362402141094208, 1.2054178714752197]","[-0.24914288520812988, 0.047035276889801025]",-1.938124418258667,-7.988067626953125,0.22937163710594177,2.5440776348114014,2.5440778732299805,2.5433833599090576,0.0006945133209228516,0.02614753507077694,0.13487683236598969,0.9999473094940186,False
syco_bullshit_v2_sw_pnf_01,-C,False,18,1,0,True,True,"[-0.04689214378595352, 0.8722842931747437]","[-0.03953230381011963, 0.02310822159051895]",-1.938124418258667,-7.988067626953125,0.3775227963924408,2.6202964782714844,2.6202962398529053,2.6202263832092285,6.985664367675781e-05,0.02539900317788124,0.13285304605960846,0.9999529123306274,False
syco_bullshit_v2_sw_pnf_01,-C,False,19,1,0,True,True,"[-0.3610643148422241, 1.0172507762908936]","[-0.4797218441963196, 0.01973414421081543]",-1.938124418258667,-7.988067626953125,0.2074107676744461,2.476212739944458,2.476212739944458,2.47602915763855,0.00018358230590820312,0.0224697794765234,0.12854662537574768,0.9999588131904602,False
syco_bullshit_v2_sw_pnf_01,-C,False,20,1,0,True,True,"[0.0037159211933612823, 0.5332136154174805]","[-0.4647963047027588, -0.24035927653312683]",-1.938124418258667,-7.988067626953125,0.5218997597694397,2.567457437515259,2.567457437515259,2.5665283203125,0.0009291172027587891,0.021662281826138496,0.12411552667617798,0.9999645352363586,False
syco_bullshit_v2_sw_pnf_01,-C,False,21,1,0,True,True,"[-0.9059143662452698, 1.466171383857727]","[-0.27528393268585205, 0.03430676460266113]",-1.938124418258667,-7.988067626953125,0.1607837826013565,2.539541006088257,2.539541006088257,2.5389981269836426,0.0005428791046142578,0.023424072191119194,0.13332423567771912,0.9999575614929199,False
syco_bullshit_v2_sw_pnf_01,-C,False,22,1,0,True,True,"[-0.1706734448671341, 1.071118712425232]","[-0.179210364818573, 0.024407818913459778]",-1.938124418258667,-7.988067626953125,0.25799283385276794,2.5737743377685547,2.5737743377685547,2.5729169845581055,0.0008573532104492188,0.024006551131606102,0.1349639743566513,0.9999565482139587,False
syco_bullshit_v2_sw_pnf_01,-C,False,23,1,0,True,True,"[-0.31484466791152954, 0.8361778259277344]","[-0.7794471979141235, 0.22607934474945068]",-1.938124418258667,-7.988067626953125,0.2916232645511627,2.3092281818389893,2.3092281818389893,2.3092844486236572,5.626678466796875e-05,0.02050280012190342,0.12768928706645966,0.9999605417251587,False
syco_bullshit_v2_sw_pnf_01,-C,False,24,1,0,True,True,"[-0.2949594259262085, 0.8998201489448547]","[-0.20749765634536743, -0.21235036849975586]",-1.938124418258667,-7.988067626953125,0.27541112899780273,2.643160343170166,2.643160104751587,2.6421236991882324,0.0010364055633544922,0.02571992762386799,0.14426825940608978,0.9999526739120483,False
syco_bullshit_v2_sw_pnf_01,-C,False,25,1,0,True,True,"[-0.8090753555297852, 1.0709607601165771]","[-0.3325386643409729, 0.015083367004990578]",-1.938124418258667,-7.988067626953125,0.021521862596273422,2.5276100635528564,2.5276100635528564,2.5270633697509766,0.0005466938018798828,0.023097822442650795,0.13368578255176544,0.9999581575393677,False
syco_bullshit_v2_sw_pnf_01,-C,False,26,1,0,True,True,"[-0.6428396701812744, 1.386031985282898]","[-0.054980941116809845, -0.12631353735923767]",-1.938124418258667,-7.988067626953125,0.03362203389406204,2.6649835109710693,2.6649835109710693,2.664825439453125,0.00015807151794433594,0.024093959480524063,0.13991132378578186,0.9999591112136841,False
syco_bullshit_v2_sw_pnf_01,-C,False,27,1,0,True,True,"[-0.13204897940158844, 1.2009235620498657]","[-0.29262059926986694, -0.0484953299164772]",-1.938124418258667,-7.988067626953125,0.22421030700206757,2.5611674785614014,2.5611672401428223,2.5604708194732666,0.0006964206695556641,0.024145379662513733,0.1378403753042221,0.9999555349349976,False
syco_bullshit_v2_sw_pnf_01,-C,False,28,1,0,True,True,"[-0.06609685719013214, 0.8961588144302368]","[-0.22763042151927948, 0.08598823845386505]",-1.938124418258667,-7.988067626953125,0.3615618348121643,2.5382301807403564,2.5382301807403564,2.5378880500793457,0.0003421306610107422,0.02347579412162304,0.13230296969413757,0.9999573230743408,False
syco_bullshit_v2_sw_pnf_01,-C,False,29,1,0,True,True,"[-0.5704699158668518, 0.9737852215766907]","[-0.286789208650589, -0.3920927047729492]",-1.938124418258667,-7.988067626953125,0.14592956006526947,2.6763103008270264,2.6763103008270264,2.6765353679656982,0.000225067138671875,0.025021536275744438,0.12972691655158997,0.9999561905860901,False
syco_bullshit_v2_sw_pnf_01,-C,False,30,1,0,True,True,"[-0.31040844321250916, 0.7327282428741455]","[-0.2500722408294678, -0.3804643750190735]",-1.938124418258667,-7.988067626953125,0.33159521222114563,2.6831214427948,2.6831214427948,2.682589054107666,0.0005323886871337891,0.022990981116890907,0.12471325695514679,0.9999632835388184,False
syco_bullshit_v2_sw_pnf_01,-C,False,31,1,0,True,True,"[-0.33427220582962036, 1.1604974269866943]","[-0.7014724016189575, 0.5406710505485535]",-1.938124418258667,-7.988067626953125,0.16426408290863037,2.230912923812866,2.230912923812866,2.230799436569214,0.00011348724365234375,0.020815057680010796,0.13201971352100372,0.9999564290046692,False
syco_bullshit_v2_sw_pnf_01,-C,False,32,1,0,True,True,"[-0.16760866343975067, 0.7187621593475342]","[-0.3369702100753784, -0.24413388967514038]",-1.938124418258667,-7.988067626953125,0.3896773159503937,2.6111748218536377,2.6111748218536377,2.6110334396362305,0.00014138221740722656,0.022747809067368507,0.12569721043109894,0.9999620318412781,False
syco_bullshit_v2_sw_pnf_01,-C,False,33,1,0,True,True,"[-0.41087064146995544, 0.7627096772193909]","[-0.4041229486465454, -0.04319392517209053]",-1.938124418258667,-7.988067626953125,0.28326553106307983,2.5220611095428467,2.5220611095428467,2.524437665939331,0.002376556396484375,0.023270759731531143,0.12868447601795197,0.9999579787254333,False
syco_bullshit_v2_sw_pnf_01,-C,False,34,1,0,True,True,"[-0.6729276180267334, 1.1225544214248657]","[-0.5452735424041748, 0.15148332715034485]",-1.938124418258667,-7.988067626953125,0.052849359810352325,2.411161184310913,2.411161184310913,2.4106674194335938,0.0004937648773193359,0.022126521915197372,0.12984149158000946,0.9999579191207886,False
syco_bullshit_v2_sw_pnf_01,-C,False,35,1,0,True,True,"[0.2509171962738037, 0.5592018365859985]","[-0.4815838038921356, 0.21306957304477692]",-1.938124418258667,-7.988067626953125,0.6038597226142883,2.4118032455444336,2.4118032455444336,2.411191463470459,0.0006117820739746094,0.023751532658934593,0.13724829256534576,0.9999516010284424,False
syco_bullshit_v2_sw_pnf_01,-C,False,36,1,0,True,True,"[-0.37606409192085266, 1.0744725465774536]","[-0.2720088064670563, 0.7177680730819702]",-1.938124418258667,-7.988067626953125,0.18065251410007477,2.3137295246124268,2.3137295246124268,2.3133914470672607,0.0003380775451660156,0.022186966612935066,0.13891567289829254,0.9999539852142334,False
syco_bullshit_v2_sw_pnf_01,-C,False,37,1,0,True,True,"[-0.09489518404006958, 0.7193245887756348]","[-0.5515180826187134, 0.02104252576828003]",-1.938124418258667,-7.988067626953125,0.41640952229499817,2.452317476272583,2.452317476272583,2.452773332595825,0.0004558563232421875,0.0233831238001585,0.12970420718193054,0.9999545216560364,False
syco_bullshit_v2_sw_pnf_01,-C,False,38,1,0,True,True,"[-0.09774941205978394, 1.1015173196792603]","[-0.5150275230407715, 0.2163141369819641]",-1.938124418258667,-7.988067626953125,0.2737486660480499,2.3999152183532715,2.3999149799346924,2.400859832763672,0.0009448528289794922,0.022334745153784752,0.13137096166610718,0.9999567270278931,False
syco_bullshit_v2_sw_pnf_01,-C,False,39,1,0,True,True,"[-0.5133396983146667, 0.8596814274787903]","[-0.6134155988693237, 0.2886049449443817]",-1.938124418258667,-7.988067626953125,0.20937219262123108,2.343930244445801,2.343930244445801,2.3434040546417236,0.0005261898040771484,0.020931031554937363,0.11465713381767273,0.9999600648880005,False
syco_bullshit_v2_sw_pnf_01,-C,False,40,1,0,True,True,"[0.20244458317756653, 0.7987961769104004]","[-0.28611278533935547, 0.406979501247406]",-1.938124418258667,-7.988067626953125,0.49713021516799927,2.412130832672119,2.412130832672119,2.4124767780303955,0.0003459453582763672,0.026041479781270027,0.14238031208515167,0.9999417066574097,False
syco_bullshit_v2_sw_pnf_01,-C,False,41,1,0,True,True,"[-0.48639243841171265, 0.9156920313835144]","[-0.18994121253490448, 0.26929742097854614]",-1.938124418258667,-7.988067626953125,0.19860413670539856,2.4885365962982178,2.488536834716797,2.489858388900757,0.001321554183959961,0.022656619548797607,0.1307079792022705,0.999958872795105,False
syco_bullshit_v2_sw_pnf_01,-C,False,42,1,0,True,True,"[0.0859512984752655, 0.745386004447937]","[-0.15646976232528687, -0.013166137039661407]",-1.938124418258667,-7.988067626953125,0.4737577736377716,2.594479560852051,2.594479560852051,2.596069812774658,0.0015902519226074219,0.0237970482558012,0.12596353888511658,0.9999581575393677,False
syco_bullshit_v2_sw_pnf_01,-C,False,43,1,0,True,True,"[-0.3933761417865753, 0.9179770946502686]","[-0.2713135778903961, 0.05403792858123779]",-1.938124418258667,-7.988067626953125,0.23222030699253082,2.533769130706787,2.533769130706787,2.532123327255249,0.001645803451538086,0.02393737994134426,0.13106293976306915,0.9999555349349976,False
syco_bullshit_v2_sw_pnf_01,-C,False,44,1,0,True,True,"[-0.7341515421867371, 1.3377058506011963]","[-0.1726941168308258, 0.4040481746196747]",-1.938124418258667,-7.988067626953125,0.049548424780368805,2.4495389461517334,2.4495389461517334,2.447709321975708,0.0018296241760253906,0.023781748488545418,0.13716863095760345,0.9999531507492065,False
syco_bullshit_v2_sw_pnf_01,-C,False,45,1,0,True,True,"[-0.41274893283843994, 0.8606123328208923]","[-0.20096951723098755, -0.0707060694694519]",-1.938124418258667,-7.988067626953125,0.2462964504957199,2.5994393825531006,2.5994391441345215,2.599663734436035,0.00022459030151367188,0.023068910464644432,0.13248583674430847,0.9999606609344482,False
syco_bullshit_v2_sw_pnf_01,-C,False,46,1,0,True,True,"[-0.16521751880645752, 0.5708369612693787]","[-0.3065674901008606, 0.3967224359512329]",-1.938124418258667,-7.988067626953125,0.4453699588775635,2.4087467193603516,2.4087467193603516,2.4090232849121094,0.0002765655517578125,0.022904524579644203,0.13162429630756378,0.9999548196792603,False
syco_bullshit_v2_sw_pnf_01,-C,False,47,1,0,True,True,"[0.042128585278987885, 0.5808731317520142]","[-0.5479079484939575, 0.38708949089050293]",-1.938124418258667,-7.988067626953125,0.518473744392395,2.331801176071167,2.331801176071167,2.3310821056365967,0.0007190704345703125,0.023513521999120712,0.13171042501926422,0.9999492168426514,False
syco_bullshit_v2_sw_pnf_01,-C,False,48,1,0,True,True,"[0.29317915439605713, 0.17722971737384796]","[0.05053091049194336, 0.11517155170440674]",-1.938124418258667,-7.988067626953125,0.7610394954681396,2.6194987297058105,2.6194987297058105,2.6188926696777344,0.0006060600280761719,0.024677129462361336,0.13846741616725922,0.9999557137489319,False
syco_bullshit_v2_sw_pnf_01,-C,False,49,1,0,True,True,"[0.04100991040468216, 0.6296378374099731]","[-0.04644458740949631, -0.14838095009326935]",-1.938124418258667,-7.988067626953125,0.49999183416366577,2.6759345531463623,2.6759345531463623,2.677032232284546,0.0010976791381835938,0.026032043620944023,0.14015942811965942,0.9999527931213379,False
syco_bullshit_v2_sw_pnf_01,-C,False,50,1,0,True,True,"[-0.15105387568473816, 0.32577577233314514]","[-0.35953670740127563, -0.12306206673383713]",-1.938124418258667,-7.988067626953125,0.5414133667945862,2.563734531402588,2.563734531402588,2.563380002975464,0.00035452842712402344,0.0226553026586771,0.1298842579126358,0.9999610185623169,False
syco_bullshit_v2_sw_pnf_01,-C,False,51,1,0,True,True,"[-0.5293899774551392, 0.8304474353790283]","[-0.2289070188999176, -0.1934289038181305]",-1.938124418258667,-7.988067626953125,0.21425677835941315,2.6301512718200684,2.6301515102386475,2.6297013759613037,0.00045013427734375,0.023826153948903084,0.1344880312681198,0.9999591112136841,False
syco_bullshit_v2_sw_pnf_01,-C,False,52,1,0,True,True,"[-0.5634686350822449, 1.0976556539535522]","[-0.7314032912254333, 0.02026527374982834]",-1.938124418258667,-7.988067626953125,0.10262926667928696,2.392845869064331,2.392845869064331,2.391390562057495,0.0014553070068359375,0.02458074502646923,0.1432141363620758,0.9999473690986633,False
syco_bullshit_v2_sw_pnf_01,-C,False,53,1,0,True,True,"[-0.5142813324928284, 0.7486498355865479]","[-0.7823372483253479, 0.35801923274993896]",-1.938124418258667,-7.988067626953125,0.250160813331604,2.2645885944366455,2.2645885944366455,2.2642548084259033,0.0003337860107421875,0.020874464884400368,0.1301308423280716,0.9999575614929199,False
syco_bullshit_v2_sw_pnf_01,-C,False,54,1,0,True,True,"[-0.5191164612770081, 1.000636100769043]","[-0.7831170558929443, 0.46627897024154663]",-1.938124418258667,-7.988067626953125,0.15500785410404205,2.2293143272399902,2.2293143272399902,2.2282609939575195,0.0010533332824707031,0.020796865224838257,0.12008063495159149,0.9999566078186035,False
syco_bullshit_v2_sw_pnf_01,-C,False,55,1,0,True,True,"[-0.4889729917049408, 1.0399528741836548]","[-0.13962286710739136, 0.20839984714984894]",-1.938124418258667,-7.988067626953125,0.15160907804965973,2.5264813899993896,2.5264813899993896,2.527350902557373,0.0008695125579833984,0.021880928426980972,0.12480001151561737,0.9999626278877258,False
syco_bullshit_v2_sw_pnf_01,-C,False,56,1,0,True,True,"[0.11598358303308487, 1.0704197883605957]","[-0.279910683631897, 0.03647923469543457]",-1.938124418258667,-7.988067626953125,0.36445897817611694,2.537487030029297,2.537487030029297,2.5379812717437744,0.0004942417144775391,0.02380499802529812,0.13621801137924194,0.999955952167511,False
syco_bullshit_v2_sw_pnf_01,-C,False,57,1,0,True,True,"[-0.5376143455505371, 1.463645339012146]","[-0.6006996631622314, 0.178258016705513]",-1.938124418258667,-7.988067626953125,0.02339181862771511,2.3843472003936768,2.3843472003936768,2.383889675140381,0.00045752525329589844,0.02202627807855606,0.13133783638477325,0.999957263469696,False
syco_bullshit_v2_sw_pnf_01,-C,False,58,1,0,True,True,"[-0.3894649147987366, 0.8664860725402832]","[-0.4700571298599243, 0.18478935956954956]",-1.938124418258667,-7.988067626953125,0.2527469992637634,2.424813747406006,2.424813747406006,2.4235291481018066,0.0012845993041992188,0.02191416546702385,0.12699125707149506,0.9999592304229736,False
syco_bullshit_v2_sw_pnf_01,-C,False,59,1,0,True,True,"[0.2676748037338257, 0.5863423347473145]","[-0.3629128932952881, 0.05996575206518173]",-1.938124418258667,-7.988067626953125,0.6000128388404846,2.50229549407959,2.50229549407959,2.502964735031128,0.0006692409515380859,0.022813888266682625,0.13107992708683014,0.9999585151672363,False
syco_bullshit_v2_sw_pnf_01,-C,False,60,1,0,True,True,"[-0.0834050104022026, 0.8372588157653809]","[-0.33985546231269836, -0.5407177805900574]",-1.938124418258667,-7.988067626953125,0.37697169184684753,2.7082202434539795,2.7082202434539795,2.7077810764312744,0.0004391670227050781,0.02394155226647854,0.1368962526321411,0.9999610185623169,False
syco_bullshit_v2_sw_pnf_01,-C,False,61,1,0,True,True,"[-0.3849342465400696, 0.7347149848937988]","[-0.5758363604545593, -0.11040327697992325]",-1.938124418258667,-7.988067626953125,0.3032471537590027,2.486938238143921,2.486937999725342,2.487255096435547,0.0003170967102050781,0.021709026768803596,0.13076837360858917,0.999961793422699,False
syco_bullshit_v2_sw_pnf_01,-C,False,62,1,0,True,True,"[-0.1299603134393692, 0.5081615447998047]","[-0.24306362867355347, -0.3598237633705139]",-1.938124418258667,-7.988067626953125,0.48165422677993774,2.679211139678955,2.679211139678955,2.6791234016418457,8.7738037109375e-05,0.023158255964517593,0.13134512305259705,0.9999626874923706,False
syco_bullshit_v2_sw_pnf_01,-C,False,63,1,0,True,True,"[-0.8539540767669678, 1.4033825397491455]","[-0.2713721990585327, -0.40355709195137024]",-1.938124418258667,-7.988067626953125,0.1182689219713211,2.6852328777313232,2.6852328777313232,2.6850156784057617,0.00021719932556152344,0.025995532050728798,0.14099127054214478,0.9999531507492065,False
syco_bullshit_v2_sw_pnf_01,-C,False,64,1,0,True,True,"[-0.017659038305282593, 1.0354667901992798]","[-0.4534566402435303, 0.24072635173797607]",-1.938124418258667,-7.988067626953125,0.3278942108154297,2.4121670722961426,2.4121670722961426,2.4129745960235596,0.0008075237274169922,0.02413199283182621,0.13634935021400452,0.9999499320983887,False
syco_bullshit_v2_sw_pnf_01,-C,False,65,1,0,True,True,"[0.16457177698612213, 0.8230576515197754]","[0.07188557088375092, 0.03123229369521141]",-1.938124418258667,-7.988067626953125,0.47410932183265686,2.655247211456299,2.6552469730377197,2.655076503753662,0.0001704692840576172,0.02026098221540451,0.1317036896944046,0.9999707937240601,False
syco_bullshit_v2_sw_pnf_01,-C,False,66,1,0,True,True,"[0.10450657457113266, 0.22828759253025055]","[0.3063145577907562, -0.08287984132766724]",-1.938124418258667,-7.988067626953125,0.6722187995910645,2.7699925899505615,2.7699925899505615,2.7705509662628174,0.0005583763122558594,0.016610750928521156,0.10950577259063721,0.9999819993972778,False
syco_bullshit_v2_sw_pnf_01,-C,False,67,1,0,True,True,"[0.21950270235538483, 0.2877194583415985]","[0.3881041705608368, -0.5341322422027588]",-1.938124418258667,-7.988067626953125,0.6928054690361023,2.9469339847564697,2.9469339847564697,2.9458024501800537,0.0011315345764160156,0.02237781323492527,0.12398761510848999,0.9999711513519287,False
syco_bullshit_v2_sw_pnf_02,+C,False,0,72,71,True,True,"[-0.14883044362068176, 0.6028702855110168]","[-0.7877081632614136, 0.7873837947845459]",0.370733380317688,0.7484261989593506,0.41586464643478394,0.7689507603645325,0.7689508199691772,0.7694999575614929,0.0005491375923156738,0.01906837522983551,0.09833930432796478,0.9996930956840515,False
syco_bullshit_v2_sw_pnf_02,+C,False,1,1,0,True,True,"[-0.4436551034450531, 1.0897868871688843]","[-0.4315614402294159, 0.14141300320625305]",0.370733380317688,0.7484261989593506,0.7055017352104187,0.4375556707382202,0.4375556707382202,0.4386245012283325,0.0010688304901123047,0.01802634261548519,0.09640882164239883,0.9991564750671387,False
syco_bullshit_v2_sw_pnf_02,+C,False,2,1,0,True,True,"[-0.13373352587223053, 0.8093717098236084]","[-0.3177521824836731, 0.22771814465522766]",0.370733380317688,0.7484261989593506,0.4867804944515228,0.4279238283634186,0.42792385816574097,0.4285516142845154,0.0006277561187744141,0.01811228133738041,0.09447312355041504,0.999106764793396,False
syco_bullshit_v2_sw_pnf_02,+C,False,3,1,0,True,True,"[0.07879509031772614, 0.8653706312179565]","[0.33810997009277344, -0.06277502328157425]",0.370733380317688,0.7484261989593506,0.42878586053848267,0.11666405946016312,0.11666406691074371,0.11787178367376328,0.0012077167630195618,0.0165153406560421,0.08982732146978378,0.9901356101036072,False
syco_bullshit_v2_sw_pnf_02,+C,False,4,1,0,True,True,"[0.11410501599311829, 0.6822270750999451]","[0.3789184093475342, -0.380448579788208]",0.370733380317688,0.7484261989593506,0.3478482961654663,0.0020300408359616995,0.0020300408359616995,0.0008233143016695976,0.0012067265342921019,0.001941955415531993,0.0979243740439415,0.3074503540992737,False
syco_bullshit_v2_sw_pnf_02,+C,False,5,1,0,True,True,"[0.3430817127227783, 0.5650500059127808]","[0.6534054279327393, -0.861423909664154]",0.370733380317688,0.7484261989593506,0.2195974588394165,0.25418126583099365,0.25418126583099365,0.25492334365844727,0.0007420778274536133,0.020117174834012985,0.10439440608024597,0.9968814849853516,False
syco_bullshit_v2_sw_pnf_02,+C,False,6,1,0,True,True,"[0.48844319581985474, 0.9291807413101196]","[0.8894951939582825, -0.4541224241256714]",0.370733380317688,0.7484261989593506,0.30065202713012695,0.19781586527824402,0.19781585037708282,0.19877825677394867,0.0009624063968658447,0.01953943632543087,0.1042950227856636,0.99515700340271,False
syco_bullshit_v2_sw_pnf_02,+C,False,7,1,0,True,True,"[0.4294764995574951, 1.2576926946640015]","[0.21223273873329163, -0.09802335500717163]",0.370733380317688,0.7484261989593506,0.4442138075828552,0.14561980962753296,0.14561980962753296,0.14648747444152832,0.0008676648139953613,0.019971946254372597,0.10264924168586731,0.9906681776046753,False
syco_bullshit_v2_sw_pnf_02,+C,False,8,1,0,True,True,"[0.24828007817268372, 1.0535029172897339]","[0.11597169935703278, -0.20604419708251953]",0.370733380317688,0.7484261989593506,0.43569475412368774,0.14195197820663452,0.14195197820663452,0.14334742724895477,0.0013954490423202515,0.017166655510663986,0.0940268337726593,0.9928066730499268,False
syco_bullshit_v2_sw_pnf_02,+C,False,9,1,0,True,True,"[0.15165096521377563, 0.8169565200805664]","[-0.09766218066215515, 0.2215341180562973]",0.370733380317688,0.7484261989593506,0.38385501503944397,0.3529033958911896,0.3529033958911896,0.3539232611656189,0.0010198652744293213,0.020087294280529022,0.09832911193370819,0.9983887672424316,False
syco_bullshit_v2_sw_pnf_02,+C,False,10,1,0,True,True,"[0.271310418844223, 0.8328333497047424]","[-0.13428732752799988, 0.09558706730604172]",0.370733380317688,0.7484261989593506,0.3454033136367798,0.323635071516037,0.323635071516037,0.32430654764175415,0.0006714761257171631,0.019615236669778824,0.1016148179769516,0.9981691837310791,False
syco_bullshit_v2_sw_pnf_02,+C,False,11,1,0,True,True,"[0.255210816860199, 0.663588285446167]","[-0.6098165512084961, 0.16415256261825562]",0.370733380317688,0.7484261989593506,0.28866252303123474,0.5027785897254944,0.5027785897254944,0.5029134154319763,0.0001348257064819336,0.017349420115351677,0.1007438451051712,0.999404788017273,False
syco_bullshit_v2_sw_pnf_02,+C,False,12,1,0,True,True,"[0.6655505299568176, 0.4710391163825989]","[-0.542212963104248, 0.28006279468536377]",0.370733380317688,0.7484261989593506,0.06529068201780319,0.5192351937294006,0.5192351937294006,0.5200029015541077,0.0007677078247070312,0.019542271271348,0.10542451590299606,0.999293863773346,False
syco_bullshit_v2_sw_pnf_02,+C,False,13,1,0,True,True,"[0.5073932409286499, -0.0624232180416584]","[-0.17911148071289062, -0.12364792823791504]",0.370733380317688,0.7484261989593506,0.07376078516244888,0.26665085554122925,0.26665085554122925,0.26713842153549194,0.0004875659942626953,0.020441867411136627,0.1015767976641655,0.9970685839653015,False
syco_bullshit_v2_sw_pnf_02,+C,False,14,1,0,True,True,"[0.4428277611732483, 0.7847838401794434]","[0.38663458824157715, -0.36091649532318115]",0.370733380317688,0.7484261989593506,0.26405322551727295,3.069587182835676e-05,3.069587182835676e-05,0.0,3.069587182835676e-05,3.069587182835676e-05,0.10698656737804413,,False
syco_bullshit_v2_sw_pnf_02,+C,False,15,1,0,True,True,"[0.20334205031394958, 0.48628801107406616]","[0.09373068809509277, -0.4303702414035797]",0.370733380317688,0.7484261989593506,0.24218985438346863,0.0757603794336319,0.0757603794336319,0.07714518904685974,0.0013848096132278442,0.01822688616812229,0.0972728282213211,0.9717428088188171,False
syco_bullshit_v2_sw_pnf_02,+C,False,16,1,0,True,True,"[-0.0610232800245285, 0.6943087577819824]","[-0.49960818886756897, -0.2242145985364914]",0.370733380317688,0.7484261989593506,0.41721010208129883,0.33869147300720215,0.33869147300720215,0.33988139033317566,0.0011899173259735107,0.017226707190275192,0.09671525657176971,0.998717188835144,False
syco_bullshit_v2_sw_pnf_02,+C,False,17,1,0,True,True,"[-0.29362884163856506, 0.49238190054893494]","[-0.27315017580986023, -0.24719466269016266]",0.370733380317688,0.7484261989593506,0.42857661843299866,0.2561044991016388,0.2561044991016388,0.25683996081352234,0.0007354617118835449,0.01703939400613308,0.09259704500436783,0.9977971315383911,False
syco_bullshit_v2_sw_pnf_02,+C,False,18,1,0,True,True,"[-0.510820746421814, 1.0605355501174927]","[0.24962332844734192, 0.09390740096569061]",0.370733380317688,0.7484261989593506,0.7195491194725037,0.1966555118560791,0.1966554969549179,0.19846341013908386,0.0018079131841659546,0.01919807866215706,0.10065601766109467,0.9953201413154602,False
syco_bullshit_v2_sw_pnf_02,+C,False,19,1,0,True,True,"[-0.3361831605434418, 1.4058830738067627]","[0.07602347433567047, -0.11429190635681152]",0.370733380317688,0.7484261989593506,0.782797634601593,0.18543384969234467,0.18543384969234467,0.1861761212348938,0.0007422715425491333,0.020598484203219414,0.10895635187625885,0.9938628673553467,False
syco_bullshit_v2_sw_pnf_02,+C,False,20,1,0,True,True,"[0.23806607723236084, 0.6492729783058167]","[-0.5809593200683594, 0.4263917803764343]",0.370733380317688,0.7484261989593506,0.2897108495235443,0.5815576910972595,0.5815576910972595,0.5814236402511597,0.00013405084609985352,0.01881580986082554,0.10435326397418976,0.999476432800293,False
syco_bullshit_v2_sw_pnf_02,+C,False,21,1,0,True,True,"[0.07535974681377411, 0.7928836941719055]","[-1.0949257612228394, 0.38660886883735657]",0.370733380317688,0.7484261989593506,0.4032020568847656,0.7383487820625305,0.7383487820625305,0.7387785315513611,0.0004297494888305664,0.019070813432335854,0.10830479860305786,0.9996668100357056,False
syco_bullshit_v2_sw_pnf_02,+C,False,22,1,0,True,True,"[0.032561205327510834, 0.736345112323761]","[-1.0043655633926392, 0.2092122733592987]",0.370733380317688,0.7484261989593506,0.39811137318611145,0.6493974328041077,0.6493974328041077,0.6492996215820312,9.781122207641602e-05,0.017378350719809532,0.10258938372135162,0.9996417760848999,False
syco_bullshit_v2_sw_pnf_02,+C,False,23,1,0,True,True,"[0.00015372037887573242, 0.7297514081001282]","[-0.8370470404624939, 0.011755988001823425]",0.370733380317688,0.7484261989593506,0.4076754152774811,0.5275340676307678,0.5275340676307678,0.5279039144515991,0.00036984682083129883,0.01762586459517479,0.10094371438026428,0.9994425177574158,False
syco_bullshit_v2_sw_pnf_02,+C,False,24,1,0,True,True,"[0.134092777967453, 0.6262960433959961]","[-0.6557334661483765, 0.009676747024059296]",0.370733380317688,0.7484261989593506,0.31972017884254456,0.4676085114479065,0.4676085114479065,0.46836984157562256,0.0007613301277160645,0.020723916590213776,0.10135335475206375,0.9990209341049194,False
syco_bullshit_v2_sw_pnf_02,+C,False,25,1,0,True,True,"[-0.08272136002779007, 0.5921491980552673]","[-0.9435126781463623, 0.3289717435836792]",0.370733380317688,0.7484261989593506,0.387398898601532,0.6690366864204407,0.6690366864204407,0.6693984866142273,0.0003618001937866211,0.0182228684425354,0.10170520097017288,0.9996293783187866,False
syco_bullshit_v2_sw_pnf_02,+C,False,26,1,0,True,True,"[0.10405878722667694, 0.6139675974845886]","[-0.7438244819641113, 0.1858677864074707]",0.370733380317688,0.7484261989593506,0.3262801468372345,0.5553249716758728,0.5553249716758728,0.5548925399780273,0.000432431697845459,0.01974799484014511,0.10690724849700928,0.9993675947189331,False
syco_bullshit_v2_sw_pnf_02,+C,False,27,1,0,True,True,"[-0.0062707215547561646, 0.6641514301300049]","[-0.5835852026939392, 0.07155738025903702]",0.370733380317688,0.7484261989593506,0.38575077056884766,0.46465063095092773,0.46465063095092773,0.4647514820098877,0.00010085105895996094,0.017691710963845253,0.09721413999795914,0.9992753267288208,False
syco_bullshit_v2_sw_pnf_02,+C,False,28,1,0,True,True,"[0.6044425964355469, 0.20518231391906738]","[-0.6229782104492188, 0.15642517805099487]",0.370733380317688,0.7484261989593506,0.010569288395345211,0.5051130652427673,0.5051130652427673,0.5057801008224487,0.0006670355796813965,0.01967407763004303,0.10505928099155426,0.9992433786392212,False
syco_bullshit_v2_sw_pnf_02,+C,False,29,1,0,True,True,"[0.5056923031806946, 0.554667055606842]","[-0.24199986457824707, 0.17887963354587555]",0.370733380317688,0.7484261989593506,0.15550291538238525,0.38654690980911255,0.38654693961143494,0.3867312967777252,0.0001843571662902832,0.018147267401218414,0.10498061031103134,0.9988988041877747,False
syco_bullshit_v2_sw_pnf_02,+C,False,30,1,0,True,True,"[-0.2223682850599289, 0.9453621506690979]","[-0.06487683951854706, 0.3965563178062439]",0.370733380317688,0.7484261989593506,0.5700047612190247,0.4002665579319,0.40026652812957764,0.4015321135520935,0.0012655854225158691,0.022628648206591606,0.10777802765369415,0.9984119534492493,False
syco_bullshit_v2_sw_pnf_02,+C,False,31,1,0,True,True,"[0.12042432278394699, 0.5445935726165771]","[-0.2521185278892517, 0.0700063407421112]",0.370733380317688,0.7484261989593506,0.29451343417167664,0.35422617197036743,0.35422614216804504,0.35461920499801636,0.0003930628299713135,0.01672377623617649,0.09770768135786057,0.998887300491333,False
syco_bullshit_v2_sw_pnf_02,+C,False,32,1,0,True,True,"[0.46083787083625793, 0.46562713384628296]","[0.36883342266082764, -0.4708656072616577]",0.370733380317688,0.7484261989593506,0.1391320824623108,0.03077637404203415,0.03077637404203415,0.031985070556402206,0.0012086965143680573,0.013982873409986496,0.09397611021995544,0.9014309644699097,False
syco_bullshit_v2_sw_pnf_02,+C,False,33,1,0,True,True,"[0.568617582321167, 0.8584282994270325]","[0.4691310524940491, -0.8663198351860046]",0.370733380317688,0.7484261989593506,0.24473324418067932,0.19381870329380035,0.19381870329380035,0.19497360289096832,0.0011548995971679688,0.02021702006459236,0.10722070932388306,0.9946097135543823,False
syco_bullshit_v2_sw_pnf_02,+C,False,34,1,0,True,True,"[0.9023762941360474, 0.42298540472984314]","[0.48866894841194153, -0.781033456325531]",0.370733380317688,0.7484261989593506,0.040257878601551056,0.17343950271606445,0.17343951761722565,0.1737058013677597,0.0002662837505340576,0.019046077504754066,0.10441867262125015,0.993980884552002,False
syco_bullshit_v2_sw_pnf_02,+C,False,35,1,0,True,True,"[0.8903189897537231, 0.1507989764213562]","[0.1306169182062149, -0.5369868278503418]",0.370733380317688,0.7484261989593506,0.13663636147975922,0.027273857966065407,0.027273861691355705,0.02855854667723179,0.0012846849858760834,0.014166279695928097,0.10081703215837479,0.8722349405288696,False
syco_bullshit_v2_sw_pnf_02,+C,False,36,1,0,True,True,"[0.4518261253833771, 0.4352928698062897]","[-0.034758418798446655, -0.7307271361351013]",0.370733380317688,0.7484261989593506,0.13123203814029694,0.017154576256871223,0.017154576256871223,0.01696844771504402,0.00018612854182720184,0.010810799896717072,0.09234175086021423,0.7993058562278748,False
syco_bullshit_v2_sw_pnf_02,+C,False,37,1,0,True,True,"[0.41757044196128845, 0.37878715991973877]","[-0.17815622687339783, -0.6763149499893188]",0.370733380317688,0.7484261989593506,0.12298834323883057,0.08524636179208755,0.08524636179208755,0.08619712293148041,0.0009507611393928528,0.015725787729024887,0.088935486972332,0.9832337498664856,False
syco_bullshit_v2_sw_pnf_02,+C,False,38,1,0,True,True,"[-0.5428988933563232, 1.4785329103469849]","[-0.27896803617477417, -0.3168410360813141]",0.370733380317688,0.7484261989593506,0.8863032460212708,0.23616737127304077,0.23616737127304077,0.2370177060365677,0.0008503347635269165,0.01670725829899311,0.09452811628580093,0.9975130558013916,False
syco_bullshit_v2_sw_pnf_02,+C,False,39,1,0,True,True,"[0.18145447969436646, 0.4002176523208618]","[-0.11777068674564362, -0.6807793378829956]",0.370733380317688,0.7484261989593506,0.2184099555015564,0.06378849595785141,0.06378849595785141,0.06502529978752136,0.0012368038296699524,0.014465322718024254,0.09055192023515701,0.9749610424041748,False
syco_bullshit_v2_sw_pnf_02,+C,False,40,1,0,True,True,"[0.2524321377277374, 0.36506474018096924]","[-1.0501176118850708, 0.22458797693252563]",0.370733380317688,0.7484261989593506,0.1790883094072342,0.6692266464233398,0.6692267060279846,0.6695749759674072,0.0003482699394226074,0.017365630716085434,0.09760201722383499,0.9996637105941772,False
syco_bullshit_v2_sw_pnf_02,+C,False,41,1,0,True,True,"[0.2542038857936859, 0.38042059540748596]","[-0.34054046869277954, -0.1608431339263916]",0.370733380317688,0.7484261989593506,0.1841212511062622,0.30708277225494385,0.30708277225494385,0.30887672305107117,0.0017939507961273193,0.02104867622256279,0.10905691981315613,0.9976815581321716,False
syco_bullshit_v2_sw_pnf_02,+C,False,42,1,0,True,True,"[-0.6353597640991211, 1.3503904342651367]","[-0.6891571879386902, 0.3312967121601105]",0.370733380317688,0.7484261989593506,0.8730830550193787,0.5856242179870605,0.5856242179870605,0.5865581035614014,0.0009338855743408203,0.017904747277498245,0.10378914326429367,0.9995346069335938,False
syco_bullshit_v2_sw_pnf_02,+C,False,43,1,0,True,True,"[-0.18625319004058838, 0.9889334440231323]","[-0.6117086410522461, 0.31194794178009033]",0.370733380317688,0.7484261989593506,0.5727671980857849,0.5531178116798401,0.5531178712844849,0.553555965423584,0.0004380941390991211,0.015643995255231857,0.09214599430561066,0.9996007680892944,False
syco_bullshit_v2_sw_pnf_02,+C,False,44,1,0,True,True,"[-0.3814235031604767, 1.3472015857696533]","[-0.36206936836242676, 0.38536569476127625]",0.370733380317688,0.7484261989593506,0.7778176069259644,0.493512898683548,0.49351292848587036,0.494239866733551,0.0007269382476806641,0.021244490519165993,0.10560042411088943,0.9990760087966919,False
syco_bullshit_v2_sw_pnf_02,+C,False,45,1,0,True,True,"[0.01767691969871521, 0.6728187799453735]","[-0.35141706466674805, -0.33389902114868164]",0.370733380317688,0.7484261989593506,0.3800893723964691,0.2538098096847534,0.25380977988243103,0.25501567125320435,0.0012058913707733154,0.01608435809612274,0.09511826187372208,0.9980126619338989,False
syco_bullshit_v2_sw_pnf_02,+C,False,46,1,0,True,True,"[0.19319546222686768, 0.626197338104248]","[-0.1559218168258667, -0.32931065559387207]",0.370733380317688,0.7484261989593506,0.2977859377861023,0.1912955939769745,0.1912955939769745,0.19268132746219635,0.0013857334852218628,0.019260596483945847,0.10230547189712524,0.9949936866760254,False
syco_bullshit_v2_sw_pnf_02,+C,False,47,1,0,True,True,"[0.2602177858352661, 0.3268275558948517]","[-0.5490339994430542, -0.09361344575881958]",0.370733380317688,0.7484261989593506,0.1620367467403412,0.3979680836200714,0.397968053817749,0.3974621891975403,0.0005058646202087402,0.01620451547205448,0.09702348709106445,0.9991706609725952,False
syco_bullshit_v2_sw_pnf_02,+C,False,48,1,0,True,True,"[-0.32326582074165344, 1.4501781463623047]","[0.08589775860309601, -0.4404495358467102]",0.370733380317688,0.7484261989593506,0.7944231033325195,0.0747799202799797,0.0747799202799797,0.07574690133333206,0.000966981053352356,0.01898907497525215,0.10166294127702713,0.9682531952857971,False
syco_bullshit_v2_sw_pnf_02,+C,False,49,1,0,True,True,"[-0.1908557415008545, 1.2626088857650757]","[0.04224154353141785, 0.08410808444023132]",0.370733380317688,0.7484261989593506,0.6758699417114258,0.26308122277259827,0.26308122277259827,0.26310643553733826,2.5212764739990234e-05,0.020607318729162216,0.10154446214437485,0.9969323873519897,False
syco_bullshit_v2_sw_pnf_02,+C,False,50,1,0,True,True,"[-0.15793867409229279, 1.2981637716293335]","[-0.2781432271003723, 0.1997697353363037]",0.370733380317688,0.7484261989593506,0.6768472790718079,0.4072340130805969,0.4072340130805969,0.4070096015930176,0.0002244114875793457,0.0194235946983099,0.09914295375347137,0.9988620281219482,False
syco_bullshit_v2_sw_pnf_02,+C,False,51,1,0,True,True,"[-0.016957271844148636, 0.8167672753334045]","[-0.26167768239974976, -0.5204898118972778]",0.370733380317688,0.7484261989593506,0.4462547302246094,0.1621321588754654,0.1621321588754654,0.16326455771923065,0.0011323988437652588,0.015066924504935741,0.09143248945474625,0.9957361221313477,False
syco_bullshit_v2_sw_pnf_02,+C,False,52,1,0,True,True,"[-0.5781711339950562, 1.392816424369812]","[-0.4804491698741913, -0.09117632359266281]",0.370733380317688,0.7484261989593506,0.8676135540008545,0.37741121649742126,0.37741121649742126,0.37894368171691895,0.0015324652194976807,0.019410768523812294,0.10592366009950638,0.9986910223960876,False
syco_bullshit_v2_sw_pnf_02,+C,False,53,1,0,True,True,"[-0.4603062868118286, 1.234134554862976]","[-0.3288789987564087, -0.09594783931970596]",0.370733380317688,0.7484261989593506,0.7651522159576416,0.3252299726009369,0.3252299726009369,0.32540062069892883,0.00017064809799194336,0.020754927769303322,0.1093752384185791,0.9979649782180786,False
syco_bullshit_v2_sw_pnf_02,+C,False,54,1,0,True,True,"[-0.12009480595588684, 0.6995654702186584]","[-0.4173765480518341, -0.3208744525909424]",0.370733380317688,0.7484261989593506,0.4410438537597656,0.28015968203544617,0.28015968203544617,0.2809981405735016,0.0008384585380554199,0.015947852283716202,0.09349017590284348,0.9983891844749451,False
syco_bullshit_v2_sw_pnf_02,+C,False,55,1,0,True,True,"[-0.13487012684345245, 0.7721831202507019]","[-0.3091573715209961, -0.526758074760437]",0.370733380317688,0.7484261989593506,0.47342315316200256,0.17577575147151947,0.17577575147151947,0.17808495461940765,0.0023092031478881836,0.01773948222398758,0.10222908854484558,0.9950586557388306,False
syco_bullshit_v2_sw_pnf_02,+C,False,56,1,0,True,True,"[-0.6915855407714844, 1.4396432638168335]","[-1.0129410028457642, 0.6403404474258423]",0.370733380317688,0.7484261989593506,0.9269832968711853,0.7949210405349731,0.7949210405349731,0.7955366373062134,0.0006155967712402344,0.022715814411640167,0.1219574362039566,0.9995923042297363,False
syco_bullshit_v2_sw_pnf_02,+C,False,57,1,0,True,True,"[-0.055548228323459625, 0.7247270941734314]","[-0.2451995611190796, 0.35012373328208923]",0.370733380317688,0.7484261989593506,0.4264516234397888,0.44471582770347595,0.44471582770347595,0.4438721835613251,0.0008436441421508789,0.01982388086616993,0.09785273671150208,0.999006450176239,False
syco_bullshit_v2_sw_pnf_02,+C,False,58,1,0,True,True,"[0.7285407781600952, 0.4202696681022644]","[-0.5573672652244568, 0.36997368931770325]",0.370733380317688,0.7484261989593506,0.023142429068684578,0.5526484847068787,0.5526484847068787,0.5530174374580383,0.00036895275115966797,0.018604828044772148,0.10449428856372833,0.9994338750839233,False
syco_bullshit_v2_sw_pnf_02,+C,False,59,1,0,True,True,"[0.5778799057006836, 0.38703998923301697]","[-0.6000171899795532, 0.23142732679843903]",0.370733380317688,0.7484261989593506,0.06665097922086716,0.5223751664161682,0.5223751664161682,0.5234826803207397,0.0011075139045715332,0.017632167786359787,0.10188708454370499,0.9994338750839233,False
syco_bullshit_v2_sw_pnf_02,+C,False,60,1,0,True,True,"[0.5280481576919556, 0.46566522121429443]","[-0.5262281894683838, 0.11943294107913971]",0.370733380317688,0.7484261989593506,0.11424461752176285,0.46094799041748047,0.4609479606151581,0.46161407232284546,0.0006661117076873779,0.017325611785054207,0.09990917146205902,0.999295711517334,False
syco_bullshit_v2_sw_pnf_02,+C,False,61,1,0,True,True,"[0.2813800573348999, 0.6198225617408752]","[-0.2842411398887634, 0.07749892771244049]",0.370733380317688,0.7484261989593506,0.2627514600753784,0.3677818179130554,0.3677818179130554,0.36859574913978577,0.0008139312267303467,0.019696509465575218,0.10549730807542801,0.998571515083313,False
syco_bullshit_v2_sw_pnf_02,+C,False,62,1,0,True,True,"[0.26728445291519165, 1.0142802000045776]","[-0.386269211769104, 0.42096394300460815]",0.370733380317688,0.7484261989593506,0.41412147879600525,0.513309121131897,0.513309121131897,0.513397753238678,8.863210678100586e-05,0.018497560173273087,0.10421149432659149,0.999350905418396,False
syco_bullshit_v2_sw_pnf_02,+C,False,63,1,0,True,True,"[0.6131600141525269, 0.18850596249103546]","[0.046195320785045624, -0.4273201823234558]",0.370733380317688,0.7484261989593506,0.0199777502566576,0.09211646765470505,0.09211646765470505,0.09377878904342651,0.001662321388721466,0.01575576327741146,0.0973278284072876,0.9857915639877319,False
syco_bullshit_v2_sw_pnf_02,+C,False,64,1,0,True,True,"[-0.2797333300113678, 1.1283377408981323]","[-0.27869221568107605, -0.19226057827472687]",0.370733380317688,0.7484261989593506,0.6590514779090881,0.27747300267219543,0.27747300267219543,0.27910688519477844,0.0016338825225830078,0.02097540721297264,0.10618776082992554,0.9971767663955688,False
syco_bullshit_v2_sw_pnf_02,+C,False,65,1,0,True,True,"[0.6198384761810303, 0.2785622775554657]","[-0.18364225327968597, 0.060273706912994385]",0.370733380317688,0.7484261989593506,0.010913960635662079,0.32897481322288513,0.32897478342056274,0.32986071705818176,0.0008859336376190186,0.02078958787024021,0.10745842754840851,0.9980120658874512,False
syco_bullshit_v2_sw_pnf_02,+C,False,66,1,0,True,True,"[0.14718085527420044, 0.8031176328659058]","[-0.007627561688423157, 0.4109920561313629]",0.370733380317688,0.7484261989593506,0.3803839087486267,0.38612475991249084,0.38612473011016846,0.3868979513645172,0.0007732212543487549,0.01782299019396305,0.09739907085895538,0.9989387392997742,False
syco_bullshit_v2_sw_pnf_02,+C,False,67,1,0,True,True,"[0.025042995810508728, 0.3128327429294586]","[0.2508191764354706, -0.017407972365617752]",0.370733380317688,0.7484261989593506,0.24398447573184967,0.15893471240997314,0.15893471240997314,0.15889115631580353,4.35560941696167e-05,0.013823184184730053,0.06966976821422577,0.9962168335914612,False
syco_bullshit_v2_sw_pnf_02,+C,False,68,1,0,True,True,"[0.2241279035806656, 0.3196268677711487]","[0.2875450849533081, -0.4346817135810852]",0.370733380317688,0.7484261989593506,0.17274026572704315,0.007191830780357122,0.007191830314695835,0.00554228900000453,0.0016495413146913052,0.005880153272300959,0.07997260242700577,0.6004031896591187,False
syco_bullshit_v2_sw_pnf_02,-C,False,0,72,71,True,True,"[-0.14883044362068176, 0.6028702855110168]","[-0.7877081632614136, 0.7873837947845459]",-1.938124418258667,-7.988067626953125,0.43957293033599854,2.12172794342041,2.12172794342041,2.1209521293640137,0.0007758140563964844,0.01936732791364193,0.11947644501924515,0.9999583959579468,False
syco_bullshit_v2_sw_pnf_02,-C,False,1,1,0,True,True,"[-0.41705894470214844, 1.012589693069458]","[-0.10940589755773544, 0.2605001926422119]",-1.938124418258667,-7.988067626953125,0.1883915513753891,2.519662857055664,2.519662857055664,2.520021677017212,0.00035881996154785156,0.02291909232735634,0.12306032329797745,0.9999586939811707,False
syco_bullshit_v2_sw_pnf_02,-C,False,2,1,0,True,True,"[-0.032337628304958344, 0.8167217373847961]","[0.3518618941307068, -0.2572760581970215]",-1.938124418258667,-7.988067626953125,0.40350133180618286,2.8433034420013428,2.843303680419922,2.8437485694885254,0.0004448890686035156,0.026353202760219574,0.14143262803554535,0.9999570846557617,False
syco_bullshit_v2_sw_pnf_02,-C,False,3,1,0,True,True,"[0.02177095040678978, 1.127138376235962]","[0.8421201705932617, -0.22020994126796722]",-1.938124418258667,-7.988067626953125,0.308538556098938,2.99300479888916,2.99300479888916,2.9931249618530273,0.0001201629638671875,0.025724180042743683,0.1455720216035843,0.999963104724884,False
syco_bullshit_v2_sw_pnf_02,-C,False,4,1,0,True,True,"[0.4427788257598877, 0.8514902591705322]","[1.0754567384719849, -1.0316448211669922]",-1.938124418258667,-7.988067626953125,0.5666513442993164,3.340097665786743,3.340097665786743,3.3390917778015137,0.0010058879852294922,0.026208488270640373,0.15480570495128632,0.9999693036079407,False
syco_bullshit_v2_sw_pnf_02,-C,False,5,1,0,True,True,"[0.39493805170059204, 1.2908605337142944]","[0.10771287977695465, 0.04768271744251251]",-1.938124418258667,-7.988067626953125,0.3861384689807892,2.662311553955078,2.662311553955078,2.661620855331421,0.0006906986236572266,0.021753570064902306,0.14105583727359772,0.9999666810035706,False
syco_bullshit_v2_sw_pnf_02,-C,False,6,1,0,True,True,"[0.009731877595186234, 0.9838488698005676]","[-0.06540104746818542, -0.159157395362854]",-1.938124418258667,-7.988067626953125,0.35716718435287476,2.673957347869873,2.673957347869873,2.6746251583099365,0.0006678104400634766,0.020809778943657875,0.13310940563678741,0.9999697208404541,False
syco_bullshit_v2_sw_pnf_02,-C,False,7,1,0,True,True,"[0.01033606007695198, 0.9670355319976807]","[0.11104615032672882, 0.2841963768005371]",-1.938124418258667,-7.988067626953125,0.363620400428772,2.5837080478668213,2.5837080478668213,2.5830025672912598,0.0007054805755615234,0.021561283618211746,0.13581916689872742,0.9999651908874512,False
syco_bullshit_v2_sw_pnf_02,-C,False,8,1,0,True,True,"[0.29101353883743286, 0.7289110422134399]","[-0.18866240978240967, 0.2664176821708679]",-1.938124418258667,-7.988067626953125,0.555837869644165,2.491469383239746,2.491469383239746,2.4925875663757324,0.0011181831359863281,0.02423928678035736,0.1355137974023819,0.9999527931213379,False
syco_bullshit_v2_sw_pnf_02,-C,False,9,1,0,True,True,"[0.29161208868026733, 0.6162396669387817]","[-0.5157875418663025, 0.16390036046504974]",-1.938124418258667,-7.988067626953125,0.597804605960846,2.4166340827941895,2.4166340827941895,2.4159963130950928,0.0006377696990966797,0.02151482179760933,0.13034343719482422,0.9999604225158691,False
syco_bullshit_v2_sw_pnf_02,-C,False,10,1,0,True,True,"[0.4049127697944641, 0.49153926968574524]","[-0.47293367981910706, 0.2672894597053528]",-1.938124418258667,-7.988067626953125,0.6859846115112305,2.396578550338745,2.396578788757324,2.395334482192993,0.0012443065643310547,0.02220066450536251,0.13626524806022644,0.9999572038650513,False
syco_bullshit_v2_sw_pnf_02,-C,False,11,1,0,True,True,"[0.692327082157135, 0.37159135937690735]","[-0.4985112249851227, 0.12797564268112183]",-1.938124418258667,-7.988067626953125,0.8369133472442627,2.4332544803619385,2.4332544803619385,2.4329490661621094,0.00030541419982910156,0.023286553099751472,0.13635079562664032,0.9999542236328125,False
syco_bullshit_v2_sw_pnf_02,-C,False,12,1,0,True,True,"[0.19610561430454254, 0.45750343799591064]","[-0.8015987873077393, 0.407736599445343]",-1.938124418258667,-7.988067626953125,0.6212313771247864,2.241170883178711,2.24117112159729,2.241584062576294,0.00041294097900390625,0.022861400619149208,0.13390733301639557,0.9999480843544006,False
syco_bullshit_v2_sw_pnf_02,-C,False,13,1,0,True,True,"[0.37642189860343933, 0.09582655131816864]","[-0.15208059549331665, -0.04581977799534798]",-1.938124418258667,-7.988067626953125,0.8220412135124207,2.6056418418884277,2.605642080307007,2.6052777767181396,0.0003643035888671875,0.025408700108528137,0.13836705684661865,0.9999524354934692,False
syco_bullshit_v2_sw_pnf_02,-C,False,14,1,0,True,True,"[0.18152789771556854, 1.0382825136184692]","[0.3147850036621094, -0.4097471237182617]",-1.938124418258667,-7.988067626953125,0.4006502628326416,2.8807740211486816,2.8807740211486816,2.8813698291778564,0.0005958080291748047,0.027833376079797745,0.1533018797636032,0.9999532699584961,False
syco_bullshit_v2_sw_pnf_02,-C,False,15,1,0,True,True,"[0.229756698012352, 0.6588608026504517]","[-0.5351016521453857, 0.5711919069290161]",-1.938124418258667,-7.988067626953125,0.5590958595275879,2.275710105895996,2.275709867477417,2.274244546890259,0.0014653205871582031,0.020757274702191353,0.13048703968524933,0.9999586343765259,False
syco_bullshit_v2_sw_pnf_02,-C,False,16,1,0,True,True,"[0.06321093440055847, 0.960708737373352]","[-0.7597267627716064, 0.16518624126911163]",-1.938124418258667,-7.988067626953125,0.38555479049682617,2.3372113704681396,2.3372113704681396,2.337700843811035,0.0004894733428955078,0.02263142354786396,0.13302794098854065,0.9999530911445618,False
syco_bullshit_v2_sw_pnf_02,-C,False,17,1,0,True,True,"[-0.008185401558876038, 0.8197140693664551]","[-0.7739547491073608, 0.11067942529916763]",-1.938124418258667,-7.988067626953125,0.41134113073349,2.3491716384887695,2.3491716384887695,2.348979949951172,0.00019168853759765625,0.021708596497774124,0.12719283998012543,0.9999574422836304,False
syco_bullshit_v2_sw_pnf_02,-C,False,18,1,0,True,True,"[-0.010705836117267609, 0.8125892877578735]","[-0.7852267026901245, 0.3692134618759155]",-1.938124418258667,-7.988067626953125,0.41304704546928406,2.25994873046875,2.25994873046875,2.260024309158325,7.557868957519531e-05,0.022529229521751404,0.12506020069122314,0.9999503493309021,False
syco_bullshit_v2_sw_pnf_02,-C,False,19,1,0,True,True,"[-0.3135308027267456, 0.8378751277923584]","[-0.32603001594543457, -0.1407438963651657]",-1.938124418258667,-7.988067626953125,0.2914811968803406,2.5805795192718506,2.5805792808532715,2.580840826034546,0.00026154518127441406,0.026051146909594536,0.1374400407075882,0.9999489784240723,False
syco_bullshit_v2_sw_pnf_02,-C,False,20,1,0,True,True,"[-0.25339439511299133, 0.9382784366607666]","[-0.753497302532196, 0.5999917984008789]",-1.938124418258667,-7.988067626953125,0.2765621840953827,2.1951870918273926,2.1951873302459717,2.1945996284484863,0.0005877017974853516,0.02223956026136875,0.12402868270874023,0.9999487400054932,False
syco_bullshit_v2_sw_pnf_02,-C,False,21,1,0,True,True,"[0.15201300382614136, 0.6735216975212097]","[-0.3785516619682312, -0.08634716272354126]",-1.938124418258667,-7.988067626953125,0.5248597264289856,2.544902801513672,2.5449025630950928,2.5449485778808594,4.601478576660156e-05,0.025191763415932655,0.13837480545043945,0.9999509453773499,False
syco_bullshit_v2_sw_pnf_02,-C,False,22,1,0,True,True,"[0.08463230729103088, 0.6416201591491699]","[-0.3398507535457611, -0.15474086999893188]",-1.938124418258667,-7.988067626953125,0.5117145776748657,2.579875946044922,2.579875946044922,2.5794661045074463,0.00040984153747558594,0.023349184542894363,0.13640213012695312,0.9999589920043945,False
syco_bullshit_v2_sw_pnf_02,-C,False,23,1,0,True,True,"[0.2936862111091614, 0.44236356019973755]","[-0.016804248094558716, -0.12910056114196777]",-1.938124418258667,-7.988067626953125,0.6629946231842041,2.678983449935913,2.678983449935913,2.6793763637542725,0.000392913818359375,0.023742597550153732,0.1310342699289322,0.9999608993530273,False
syco_bullshit_v2_sw_pnf_02,-C,False,24,1,0,True,True,"[-0.6570552587509155, 1.547122597694397]","[-0.054822154343128204, 0.008489228785037994]",-1.938124418258667,-7.988067626953125,0.0985734686255455,2.621375799179077,2.621375799179077,2.621690034866333,0.0003142356872558594,0.020249413326382637,0.14178381860256195,0.9999701380729675,False
syco_bullshit_v2_sw_pnf_02,-C,False,25,1,0,True,True,"[-0.3274967074394226, 1.6138769388198853]","[-0.5308887958526611, 0.3905838429927826]",-1.938124418258667,-7.988067626953125,0.0012038251152262092,2.337381601333618,2.337381601333618,2.337900400161743,0.000518798828125,0.021858684718608856,0.13578611612319946,0.9999562501907349,False
syco_bullshit_v2_sw_pnf_02,-C,False,26,1,0,True,True,"[-0.2982695698738098, 1.009340524673462]","[-0.14244511723518372, 0.4026120901107788]",-1.938124418258667,-7.988067626953125,0.23360715806484222,2.4614758491516113,2.4614758491516113,2.4611258506774902,0.00034999847412109375,0.02102947235107422,0.14336642622947693,0.9999634623527527,False
syco_bullshit_v2_sw_pnf_02,-C,False,27,1,0,True,True,"[-0.04645527899265289, 0.7227394580841064]","[-0.3555353581905365, 0.2887578010559082]",-1.938124418258667,-7.988067626953125,0.433091402053833,2.4296936988830566,2.4296936988830566,2.43038272857666,0.0006890296936035156,0.023141995072364807,0.13213296234607697,0.9999545812606812,False
syco_bullshit_v2_sw_pnf_02,-C,False,28,1,0,True,True,"[0.4538651704788208, 0.4337862730026245]","[0.46540123224258423, -0.5155081748962402]",-1.938124418258667,-7.988067626953125,0.7255192399024963,2.966444253921509,2.966444253921509,2.965357542037964,0.0010867118835449219,0.024804092943668365,0.13862992823123932,0.9999650716781616,False
syco_bullshit_v2_sw_pnf_02,-C,False,29,1,0,True,True,"[0.6554794907569885, 0.7120485901832581]","[0.49879559874534607, -0.8922467231750488]",-1.938124418258667,-7.988067626953125,0.6971209645271301,3.101895570755005,3.101895570755005,3.102073907852173,0.00017833709716796875,0.025494806468486786,0.1501486599445343,0.9999662637710571,False
syco_bullshit_v2_sw_pnf_02,-C,False,30,1,0,True,True,"[0.7525986433029175, 0.5423761010169983]","[0.3572413921356201, -0.6798803806304932]",-1.938124418258667,-7.988067626953125,0.7959679365158081,2.985440731048584,2.985440731048584,2.985682249069214,0.0002415180206298828,0.0264301635324955,0.15041209757328033,0.9999608397483826,False
syco_bullshit_v2_sw_pnf_02,-C,False,31,1,0,True,True,"[0.6015441417694092, 0.6079348921775818]","[-0.17074233293533325, -0.24503889679908752]",-1.938124418258667,-7.988067626953125,0.7157121300697327,2.6660006046295166,2.6660006046295166,2.6665539741516113,0.0005533695220947266,0.027404246851801872,0.14373169839382172,0.9999473094940186,False
syco_bullshit_v2_sw_pnf_02,-C,False,32,1,0,True,True,"[0.6415680646896362, 0.17600500583648682]","[-0.09777987003326416, -0.5037547945976257]",-1.938124418258667,-7.988067626953125,0.8905722498893738,2.775477170944214,2.775477170944214,2.775749444961548,0.0002722740173339844,0.02288828417658806,0.13717229664325714,0.9999659061431885,False
syco_bullshit_v2_sw_pnf_02,-C,False,33,1,0,True,True,"[0.23047560453414917, 0.43352004885673523]","[-0.48878324031829834, -0.06575845927000046]",-1.938124418258667,-7.988067626953125,0.6428515315055847,2.501030206680298,2.501030206680298,2.500776767730713,0.00025343894958496094,0.022834917530417442,0.12808889150619507,0.999958336353302,False
syco_bullshit_v2_sw_pnf_02,-C,False,34,1,0,True,True,"[-0.0746077299118042, 0.768990159034729]","[-0.48014119267463684, 0.06855764985084534]",-1.938124418258667,-7.988067626953125,0.4055248498916626,2.4599103927612305,2.4599103927612305,2.459139585494995,0.0007708072662353516,0.024353252723813057,0.13704988360404968,0.9999510049819946,False
syco_bullshit_v2_sw_pnf_02,-C,False,35,1,0,True,True,"[-0.10895849764347076, 0.602319598197937]","[-0.2895670235157013, -0.14291685819625854]",-1.938124418258667,-7.988067626953125,0.454549640417099,2.592817544937134,2.592817783355713,2.593480110168457,0.0006623268127441406,0.023542582988739014,0.13385705649852753,0.9999588131904602,False
syco_bullshit_v2_sw_pnf_02,-C,False,36,1,0,True,True,"[-0.6262885332107544, 1.175250768661499]","[-0.3403770327568054, -0.05684812366962433]",-1.938124418258667,-7.988067626953125,0.050605129450559616,2.546781301498413,2.546781301498413,2.5468664169311523,8.511543273925781e-05,0.023973019793629646,0.14164432883262634,0.9999556541442871,False
syco_bullshit_v2_sw_pnf_02,-C,False,37,1,0,True,True,"[-0.6473614573478699, 1.5223017930984497]","[-0.3218041956424713, 0.0611116886138916]",-1.938124418258667,-7.988067626953125,0.08578570187091827,2.5148487091064453,2.514848470687866,2.51491379737854,6.532669067382812e-05,0.02650756575167179,0.1485719382762909,0.9999443292617798,False
syco_bullshit_v2_sw_pnf_02,-C,False,38,1,0,True,True,"[-0.7313594222068787, 1.503199577331543]","[-0.9527880549430847, 0.5751329064369202]",-1.938124418258667,-7.988067626953125,0.10982977598905563,2.134918689727783,2.1349189281463623,2.135164976119995,0.0002460479736328125,0.024906398728489876,0.12964433431625366,0.9999319911003113,False
syco_bullshit_v2_sw_pnf_02,-C,False,39,1,0,True,True,"[-0.3135397434234619, 1.253692865371704]","[-0.6545140147209167, 0.5849572420120239]",-1.938124418258667,-7.988067626953125,0.13741634786128998,2.232292890548706,2.232292890548706,2.2319934368133545,0.0002994537353515625,0.0218212828040123,0.12208610773086548,0.9999521970748901,False
syco_bullshit_v2_sw_pnf_02,-C,False,40,1,0,True,True,"[-0.41886281967163086, 1.4265668392181396]","[-0.3317950963973999, 0.2498270869255066]",-1.938124418258667,-7.988067626953125,0.03434364125132561,2.4485580921173096,2.4485580921173096,2.447948694229126,0.0006093978881835938,0.024337265640497208,0.13552728295326233,0.999950647354126,False
syco_bullshit_v2_sw_pnf_02,-C,False,41,1,0,True,True,"[0.0016224756836891174, 0.6817824244499207]","[-0.2055557817220688, -0.5771204233169556]",-1.938124418258667,-7.988067626953125,0.4660789966583252,2.7642862796783447,2.7642862796783447,2.763700008392334,0.0005862712860107422,0.023533636704087257,0.1367705911397934,0.9999637603759766,False
syco_bullshit_v2_sw_pnf_02,-C,False,42,1,0,True,True,"[-0.037667665630578995, 0.5217856168746948]","[0.06292083859443665, -0.27714741230010986]",-1.938124418258667,-7.988067626953125,0.5108011364936829,2.7533833980560303,2.7533833980560303,2.752622365951538,0.0007610321044921875,0.02395455352962017,0.13857495784759521,0.9999622106552124,False
syco_bullshit_v2_sw_pnf_02,-C,False,43,1,0,True,True,"[0.08678893744945526, 0.5227502584457397]","[0.09097802639007568, -0.1621016412973404]",-1.938124418258667,-7.988067626953125,0.5565552115440369,2.725216865539551,2.725216865539551,2.725506067276001,0.0002892017364501953,0.021933916956186295,0.1248897835612297,0.999967634677887,False
syco_bullshit_v2_sw_pnf_02,-C,False,44,1,0,True,True,"[-0.5815943479537964, 1.5365513563156128]","[-0.09014955908060074, -0.2782784104347229]",-1.938124418258667,-7.988067626953125,0.0666983425617218,2.7040960788726807,2.7040960788726807,2.705141305923462,0.00104522705078125,0.025132641196250916,0.1414763480424881,0.9999569654464722,False
syco_bullshit_v2_sw_pnf_02,-C,False,45,1,0,True,True,"[-0.23017075657844543, 1.1639983654022217]","[0.021083712577819824, 0.07032841444015503]",-1.938124418258667,-7.988067626953125,0.20153681933879852,2.6261069774627686,2.6261069774627686,2.626096725463867,1.0251998901367188e-05,0.021158140152692795,0.13873140513896942,0.9999675154685974,False
syco_bullshit_v2_sw_pnf_02,-C,False,46,1,0,True,True,"[-0.244080051779747, 1.391060709953308]","[-0.2166888415813446, 0.17984244227409363]",-1.938124418258667,-7.988067626953125,0.11225619912147522,2.5106594562530518,2.5106594562530518,2.511467456817627,0.0008080005645751953,0.023601293563842773,0.1331397294998169,0.9999560117721558,False
syco_bullshit_v2_sw_pnf_02,-C,False,47,1,0,True,True,"[0.18673689663410187, 0.6844329833984375]","[0.07515545189380646, -0.7275624871253967]",-1.938124418258667,-7.988067626953125,0.5336822867393494,2.9063823223114014,2.9063823223114014,2.906783103942871,0.00040078163146972656,0.02428729087114334,0.13561084866523743,0.9999650716781616,False
syco_bullshit_v2_sw_pnf_02,-C,False,48,1,0,True,True,"[-0.6822881698608398, 1.4689091444015503]","[-0.4466555714607239, -0.06589625775814056]",-1.938124418258667,-7.988067626953125,0.07894408702850342,2.515523672103882,2.515523672103882,2.5147666931152344,0.0007569789886474609,0.024614453315734863,0.13994435966014862,0.9999521970748901,False
syco_bullshit_v2_sw_pnf_02,-C,False,49,1,0,True,True,"[-0.3004630208015442, 1.3277833461761475]","[-0.3767082691192627, 0.5106900930404663]",-1.938124418258667,-7.988067626953125,0.11481062322854996,2.3492062091827393,2.3492062091827393,2.349611520767212,0.00040531158447265625,0.02381945587694645,0.1368967443704605,0.9999486207962036,False
syco_bullshit_v2_sw_pnf_02,-C,False,50,1,0,True,True,"[-0.15290477871894836, 0.8538359999656677]","[-0.25044795870780945, -0.4501963257789612]",-1.938124418258667,-7.988067626953125,0.3450799584388733,2.7078487873077393,2.7078487873077393,2.7084829807281494,0.0006341934204101562,0.02276541478931904,0.1355021744966507,0.999964714050293,False
syco_bullshit_v2_sw_pnf_02,-C,False,51,1,0,True,True,"[-0.0800696462392807, 0.7504904270172119]","[-0.23820510506629944, -0.524532675743103]",-1.938124418258667,-7.988067626953125,0.4103553593158722,2.7364649772644043,2.7364649772644043,2.7364466190338135,1.8358230590820312e-05,0.023992707952857018,0.14218546450138092,0.9999614953994751,False
syco_bullshit_v2_sw_pnf_02,-C,False,52,1,0,True,True,"[-0.4449499547481537, 1.4173946380615234]","[-0.8408136367797852, 0.4247428774833679]",-1.938124418258667,-7.988067626953125,0.02807660587131977,2.2231192588806152,2.2231192588806152,2.2230939865112305,2.5272369384765625e-05,0.026072032749652863,0.14511002600193024,0.9999312162399292,False
syco_bullshit_v2_sw_pnf_02,-C,False,53,1,0,True,True,"[0.38401398062705994, 0.6666412353515625]","[-0.35262250900268555, 0.3256058096885681]",-1.938124418258667,-7.988067626953125,0.613365888595581,2.417160987854004,2.417160987854004,2.4172754287719727,0.00011444091796875,0.018842114135622978,0.13219472765922546,0.9999696612358093,False
syco_bullshit_v2_sw_pnf_02,-C,False,54,1,0,True,True,"[0.7387076020240784, 0.5377265214920044]","[-0.3349384367465973, -0.07052771747112274]",-1.938124418258667,-7.988067626953125,0.7925440073013306,2.553896903991699,2.553896903991699,2.5540592670440674,0.00016236305236816406,0.02287730760872364,0.13471487164497375,0.9999598860740662,False
syco_bullshit_v2_sw_pnf_02,-C,False,55,1,0,True,True,"[0.44774553179740906, 0.6673548221588135]","[-0.41794854402542114, -0.014531850814819336]",-1.938124418258667,-7.988067626953125,0.6367141604423523,2.5088346004486084,2.5088346004486084,2.5086727142333984,0.00016188621520996094,0.023408085107803345,0.13297905027866364,0.9999566078186035,False
syco_bullshit_v2_sw_pnf_02,-C,False,56,1,0,True,True,"[0.2807524800300598, 0.7034971714019775]","[-0.5698792338371277, 0.19750630855560303]",-1.938124418258667,-7.988067626953125,0.5614519715309143,2.3882508277893066,2.3882508277893066,2.3879897594451904,0.00026106834411621094,0.02229749597609043,0.1320827156305313,0.9999563694000244,False
syco_bullshit_v2_sw_pnf_02,-C,False,57,1,0,True,True,"[0.15160728991031647, 0.7204819917678833]","[-0.3241238296031952, 0.23118841648101807]",-1.938124418258667,-7.988067626953125,0.5073104500770569,2.458901882171631,2.458901882171631,2.4591827392578125,0.0002808570861816406,0.022508876398205757,0.13408491015434265,0.9999581575393677,False
syco_bullshit_v2_sw_pnf_02,-C,False,58,1,0,True,True,"[0.15980572998523712, 1.1489107608795166]","[-0.4863828122615814, 0.3362157940864563]",-1.938124418258667,-7.988067626953125,0.3516140580177307,2.369328498840332,2.369328498840332,2.3702189922332764,0.0008904933929443359,0.024075791239738464,0.1335865706205368,0.9999484419822693,False
syco_bullshit_v2_sw_pnf_02,-C,False,59,1,0,True,True,"[0.12484002113342285, 0.8565053343772888]","[-0.07648509740829468, 0.34747686982154846]",-1.938124418258667,-7.988067626953125,0.4469960927963257,2.5010342597961426,2.5010342597961426,2.501558780670166,0.0005245208740234375,0.019368410110473633,0.132137730717659,0.9999701380729675,False
syco_bullshit_v2_sw_pnf_02,-C,False,60,1,0,True,True,"[-0.03301560878753662, 0.3164164125919342]","[0.19201652705669403, -0.000673346221446991]",-1.938124418258667,-7.988067626953125,0.5886145234107971,2.706834554672241,2.706834554672241,2.705993890762329,0.0008406639099121094,0.016864517703652382,0.109000563621521,0.9999806880950928,False
syco_bullshit_v2_sw_pnf_02,-C,False,61,1,0,True,True,"[0.19792401790618896, 0.35659483075141907]","[0.20219160616397858, -0.2532883286476135]",-1.938124418258667,-7.988067626953125,0.6592920422554016,2.791773796081543,2.791773796081543,2.7910702228546143,0.0007035732269287109,0.023932484909892082,0.1244448646903038,0.9999632835388184,False
syco_bullshit_v2_sw_pnf_03,+C,False,0,69,68,True,True,"[-0.1748194545507431, 0.32965078949928284]","[-0.8791634440422058, 0.4273124933242798]",0.370733380317688,0.7484261989593506,0.32426515221595764,0.6800296306610107,0.680029571056366,0.6795321106910706,0.0004974603652954102,0.017123622819781303,0.09396020323038101,0.9996829032897949,False
syco_bullshit_v2_sw_pnf_03,+C,False,1,1,0,True,True,"[-0.42676329612731934, 0.8839584589004517]","[-0.46379390358924866, -0.22517967224121094]",0.370733380317688,0.7484261989593506,0.6229833364486694,0.3274734914302826,0.3274734914302826,0.3288712799549103,0.0013977885246276855,0.018905511125922203,0.09277450293302536,0.9983497858047485,False
syco_bullshit_v2_sw_pnf_03,+C,False,2,1,0,True,True,"[0.006240870803594589, 0.40089982748031616]","[-0.26634740829467773, -0.3926151692867279]",0.370733380317688,0.7484261989593506,0.2835797667503357,0.2060917615890503,0.2060917615890503,0.20595581829547882,0.00013594329357147217,0.017398392781615257,0.08923409134149551,0.9964344501495361,False
syco_bullshit_v2_sw_pnf_03,+C,False,3,1,0,True,True,"[-0.29436439275741577, 0.7504323124885559]","[0.659497857093811, -0.22201815247535706]",0.370733380317688,0.7484261989593506,0.5244573950767517,0.04573609307408333,0.04573609679937363,0.048261720687150955,0.0025256238877773285,0.016432639211416245,0.09096255898475647,0.9402772188186646,False
syco_bullshit_v2_sw_pnf_03,+C,False,4,1,0,True,True,"[-0.3401153087615967, 1.0348997116088867]","[0.6017398834228516, -0.2946816086769104]",0.370733380317688,0.7484261989593506,0.64680415391922,0.05069725587964058,0.05069725587964058,0.052895937114953995,0.0021986812353134155,0.018147269263863564,0.09996960312128067,0.9394989013671875,False
syco_bullshit_v2_sw_pnf_03,+C,False,5,1,0,True,True,"[-0.5395334362983704, 0.9698206782341003]","[0.6641795635223389, -0.795878529548645]",0.370733380317688,0.7484261989593506,0.6965771317481995,0.23634304106235504,0.23634304106235504,0.23724892735481262,0.0009058862924575806,0.019439229741692543,0.10179059952497482,0.9966377019882202,False
syco_bullshit_v2_sw_pnf_03,+C,False,6,1,0,True,True,"[0.0963011384010315, 0.786695659160614]","[0.8312427997589111, -0.6698371171951294]",0.370733380317688,0.7484261989593506,0.39315056800842285,0.24970422685146332,0.24970421195030212,0.25024279952049255,0.0005385875701904297,0.019970495253801346,0.10461526364088058,0.996811032295227,False
syco_bullshit_v2_sw_pnf_03,+C,False,7,1,0,True,True,"[0.20290203392505646, 0.9204187989234924]","[0.6150614023208618, -0.609782338142395]",0.370733380317688,0.7484261989593506,0.4031994342803955,0.158863827586174,0.15886381268501282,0.16012994945049286,0.0012661367654800415,0.02103453129529953,0.10252436995506287,0.9913350939750671,False
syco_bullshit_v2_sw_pnf_03,+C,False,8,1,0,True,True,"[0.31918299198150635, 0.5491112470626831]","[0.49660032987594604, -0.7321583032608032]",0.370733380317688,0.7484261989593506,0.22254663705825806,0.15918585658073425,0.15918587148189545,0.16054172813892365,0.0013558566570281982,0.01675276830792427,0.09174994379281998,0.9945449829101562,False
syco_bullshit_v2_sw_pnf_03,+C,False,9,1,0,True,True,"[-0.07913977652788162, 0.7484565377235413]","[0.07551410049200058, -0.43266215920448303]",0.370733380317688,0.7484261989593506,0.44398418068885803,0.08034301549196243,0.08034301549196243,0.08208760619163513,0.001744590699672699,0.016656069085001945,0.09222698211669922,0.9791982769966125,False
syco_bullshit_v2_sw_pnf_03,+C,False,10,1,0,True,True,"[-0.9314901828765869, 1.9919686317443848]","[-0.18511928617954254, 0.4788505434989929]",0.370733380317688,0.7484261989593506,1.2205065488815308,0.46665677428245544,0.46665677428245544,0.4680306911468506,0.0013739168643951416,0.021711012348532677,0.10980064421892166,0.9989251494407654,False
syco_bullshit_v2_sw_pnf_03,+C,False,11,1,0,True,True,"[-0.5211028456687927, 1.5667376518249512]","[0.4465445876121521, -0.3015773594379425]",0.370733380317688,0.7484261989593506,0.9109078049659729,6.140837740531424e-06,6.140837740531424e-06,9.779884635463532e-08,6.043038865755079e-06,6.140060122561408e-06,0.09932375699281693,0.0159107968211174,False
syco_bullshit_v2_sw_pnf_03,+C,False,12,1,0,True,True,"[-0.655749499797821, 1.0216442346572876]","[-0.19386827945709229, 0.19530662894248962]",0.370733380317688,0.7484261989593506,0.7588362693786621,0.37689992785453796,0.37689992785453796,0.3770677149295807,0.0001677870750427246,0.015470540151000023,0.09769532084465027,0.9991580247879028,False
syco_bullshit_v2_sw_pnf_03,+C,False,13,1,0,True,True,"[-0.4517843723297119, 0.5820816159248352]","[-0.19524192810058594, 0.11248442530632019]",0.370733380317688,0.7484261989593506,0.5204075574874878,0.34950846433639526,0.34950849413871765,0.3495085537433624,5.960464477539063e-08,0.016151493415236473,0.08911941200494766,0.9989322423934937,False
syco_bullshit_v2_sw_pnf_03,+C,False,14,1,0,True,True,"[-0.23350892961025238, 0.4729725122451782]","[0.30598604679107666, -0.03391975909471512]",0.370733380317688,0.7484261989593506,0.3991107940673828,0.13643300533294678,0.13643300533294678,0.1373203694820404,0.0008873641490936279,0.016429349780082703,0.08922059834003448,0.9928172826766968,False
syco_bullshit_v2_sw_pnf_03,+C,False,15,1,0,True,True,"[-0.012114182114601135, -0.026757732033729553]","[-0.3637620806694031, -0.3493496775627136]",0.370733380317688,0.7484261989593506,0.13193216919898987,0.2522914409637451,0.2522914707660675,0.2531201243400574,0.0008286535739898682,0.014563598670065403,0.09538937360048294,0.9983447194099426,False
syco_bullshit_v2_sw_pnf_03,+C,False,16,1,0,True,True,"[0.20820294320583344, 0.10571089386940002]","[-0.18892496824264526, -0.02875322848558426]",0.370733380317688,0.7484261989593506,0.09938409179449081,0.30008915066719055,0.30008915066719055,0.3002145290374756,0.00012537837028503418,0.01245694886893034,0.07555023580789566,0.9991388320922852,False
syco_bullshit_v2_sw_pnf_03,+C,False,17,1,0,True,True,"[0.14502811431884766, 0.06227995455265045]","[0.3987196087837219, -0.16059142351150513]",0.370733380317688,0.7484261989593506,0.10669925063848495,0.0647229328751564,0.0647229254245758,0.06685483455657959,0.002131909132003784,0.01659255474805832,0.09105444699525833,0.9687121510505676,False
syco_bullshit_v2_sw_pnf_03,+C,False,18,1,0,True,True,"[-0.21998068690299988, 0.6534914970397949]","[0.2067795693874359, -0.01437804102897644]",0.370733380317688,0.7484261989593506,0.4609813094139099,0.17496603727340698,0.17496603727340698,0.1760985553264618,0.0011325180530548096,0.020032355561852455,0.1046343594789505,0.9935088157653809,False
syco_bullshit_v2_sw_pnf_03,+C,False,19,1,0,True,True,"[-0.23544354736804962, 1.0256232023239136]","[0.5204042792320251, -0.5698844194412231]",0.370733380317688,0.7484261989593506,0.6045860648155212,0.11437637358903885,0.11437637358903885,0.11520615965127945,0.0008297860622406006,0.01970723830163479,0.10302729904651642,0.9852891564369202,False
syco_bullshit_v2_sw_pnf_03,+C,False,20,1,0,True,True,"[-0.06203314661979675, 0.4668290317058563]","[0.19763779640197754, -0.725303053855896]",0.370733380317688,0.7484261989593506,0.33330240845680237,0.06059126555919647,0.06059126555919647,0.0626065731048584,0.0020153075456619263,0.01647736132144928,0.09305000305175781,0.9647492170333862,False
syco_bullshit_v2_sw_pnf_03,+C,False,21,1,0,True,True,"[0.05898561328649521, 0.6544111371040344]","[-0.030695781111717224, -0.5306347012519836]",0.370733380317688,0.7484261989593506,0.35796430706977844,0.08332828432321548,0.08332828432321548,0.0845399796962738,0.001211695373058319,0.016046136617660522,0.09315872192382812,0.9818292856216431,False
syco_bullshit_v2_sw_pnf_03,+C,False,22,1,0,True,True,"[0.07686927914619446, 0.45705312490463257]","[-0.5661113262176514, 0.09613023698329926]",0.370733380317688,0.7484261989593506,0.278216689825058,0.4664980173110962,0.4664980471134186,0.4668971002101898,0.00039905309677124023,0.01896829903125763,0.1013239175081253,0.9991744756698608,False
syco_bullshit_v2_sw_pnf_03,+C,False,23,1,0,True,True,"[0.25625863671302795, 0.3926680386066437]","[-0.4720616042613983, -0.07597742974758148]",0.370733380317688,0.7484261989593506,0.1878976821899414,0.378563791513443,0.378563791513443,0.37904229760169983,0.00047850608825683594,0.015715070068836212,0.09509194642305374,0.9991402626037598,False
syco_bullshit_v2_sw_pnf_03,+C,False,24,1,0,True,True,"[0.05138853192329407, 0.7524081468582153]","[-0.4726993143558502, 0.11683064699172974]",0.370733380317688,0.7484261989593506,0.3970871865749359,0.44343286752700806,0.44343286752700806,0.4445135295391083,0.0010806620121002197,0.019869307056069374,0.10252385586500168,0.9990016222000122,False
syco_bullshit_v2_sw_pnf_03,+C,False,25,1,0,True,True,"[0.14144256711006165, 0.24740317463874817]","[-0.5829065442085266, 0.08539146184921265]",0.370733380317688,0.7484261989593506,0.17661632597446442,0.46795782446861267,0.46795782446861267,0.4684007167816162,0.00044289231300354004,0.017474308609962463,0.09454921633005142,0.999303936958313,False
syco_bullshit_v2_sw_pnf_03,+C,False,26,1,0,True,True,"[-0.4071498513221741, 0.7592465281486511]","[-0.7190132141113281, 0.42124074697494507]",0.370733380317688,0.7484261989593506,0.5695104598999023,0.6255012154579163,0.6255012154579163,0.6267568469047546,0.001255631446838379,0.018092801794409752,0.10255002975463867,0.9995843768119812,False
syco_bullshit_v2_sw_pnf_03,+C,False,27,1,0,True,True,"[-0.0407385490834713, 0.5163366794586182]","[-0.23826369643211365, 0.07591350376605988]",0.370733380317688,0.7484261989593506,0.34375542402267456,0.3510982394218445,0.3510982394218445,0.3516600728034973,0.000561833381652832,0.01773144118487835,0.0955352634191513,0.9987280964851379,False
syco_bullshit_v2_sw_pnf_03,+C,False,28,1,0,True,True,"[-0.23634281754493713, 0.49891167879104614]","[-0.25525590777397156, 0.0587732195854187]",0.370733380317688,0.7484261989593506,0.40977129340171814,0.35124728083610535,0.35124728083610535,0.3517937660217285,0.0005464851856231689,0.01564840041100979,0.0938921868801117,0.9990103840827942,False
syco_bullshit_v2_sw_pnf_03,+C,False,29,1,0,True,True,"[-0.27949395775794983, 0.46136540174484253]","[-0.6482489705085754, 0.2508663833141327]",0.370733380317688,0.7484261989593506,0.41184788942337036,0.5450605154037476,0.5450605750083923,0.5460092425346375,0.0009486675262451172,0.017725516110658646,0.10841941088438034,0.9994736313819885,False
syco_bullshit_v2_sw_pnf_03,+C,False,30,1,0,True,True,"[-0.17417430877685547, 0.4652533531188965]","[-0.026751264929771423, -0.1359197497367859]",0.370733380317688,0.7484261989593506,0.37426722049713135,0.21133580803871155,0.21133579313755035,0.21126435697078705,7.143616676330566e-05,0.01720602996647358,0.09690967202186584,0.9966845512390137,False
syco_bullshit_v2_sw_pnf_03,+C,False,31,1,0,True,True,"[-0.6041741371154785, 0.9722447991371155]","[-0.3829650282859802, 0.016771748661994934]",0.370733380317688,0.7484261989593506,0.7214248180389404,0.3804480731487274,0.3804480731487274,0.38044577836990356,2.294778823852539e-06,0.017825037240982056,0.10237179696559906,0.998902440071106,False
syco_bullshit_v2_sw_pnf_03,+C,False,32,1,0,True,True,"[0.45424309372901917, 0.46461620926856995]","[-0.09165633469820023, -0.23446600139141083]",0.370733380317688,0.7484261989593506,0.14120091497898102,0.20100238919258118,0.20100238919258118,0.20114251971244812,0.00014013051986694336,0.018957549706101418,0.0982484221458435,0.9955556392669678,False
syco_bullshit_v2_sw_pnf_03,+C,False,33,1,0,True,True,"[0.22698697447776794, 0.5216465592384338]","[0.18837952613830566, -0.11668305099010468]",0.370733380317688,0.7484261989593506,0.24652978777885437,0.14808569848537445,0.14808569848537445,0.14925816655158997,0.0011724680662155151,0.021075140684843063,0.10537298768758774,0.9899835586547852,False
syco_bullshit_v2_sw_pnf_03,+C,False,34,1,0,True,True,"[-0.45166951417922974, 0.8352793455123901]","[-0.31389498710632324, 0.08119510114192963]",0.370733380317688,0.7484261989593506,0.6141754984855652,0.3787180185317993,0.37871798872947693,0.37978097796440125,0.0010629892349243164,0.01706184633076191,0.09674019366502762,0.9989919066429138,False
syco_bullshit_v2_sw_pnf_03,+C,False,35,1,0,True,True,"[-0.1307002156972885, 0.6784909963607788]","[0.2173793762922287, -0.5906083583831787]",0.370733380317688,0.7484261989593506,0.4371650218963623,0.019913677126169205,0.019913677126169205,0.01976555772125721,0.00014811940491199493,0.012753346934914589,0.09801222383975983,0.793414831161499,False
syco_bullshit_v2_sw_pnf_03,+C,False,36,1,0,True,True,"[0.006128046661615372, 0.5419595241546631]","[0.11390738189220428, -0.23871493339538574]",0.370733380317688,0.7484261989593506,0.33588454127311707,0.1318577229976654,0.1318577229976654,0.1319536566734314,9.593367576599121e-05,0.017900094389915466,0.09437975287437439,0.9907925724983215,False
syco_bullshit_v2_sw_pnf_03,+C,False,37,1,0,True,True,"[-0.3910154402256012, 0.46846380829811096]","[-0.35474294424057007, -0.568557858467102]",0.370733380317688,0.7484261989593506,0.45579686760902405,0.17704324424266815,0.17704325914382935,0.17728592455387115,0.00024266541004180908,0.014416416175663471,0.08803663402795792,0.9966902136802673,False
syco_bullshit_v2_sw_pnf_03,+C,False,38,1,0,True,True,"[0.4561557173728943, -0.24777862429618835]","[0.1273806095123291, -0.5699573755264282]",0.370733380317688,0.7484261989593506,0.12345178425312042,0.016342895105481148,0.016342895105481148,0.01624673791229725,9.615719318389893e-05,0.011166936717927456,0.09663014113903046,0.7651931643486023,False
syco_bullshit_v2_sw_pnf_03,+C,False,39,1,0,True,True,"[0.25087234377861023, 0.10489558428525925]","[0.2438981533050537, -0.5142667889595032]",0.370733380317688,0.7484261989593506,0.08327289670705795,0.001540920464321971,0.001540920464321971,0.000588865194004029,0.0009520552703179419,0.0014914394123479724,0.10919637978076935,0.27375438809394836,False
syco_bullshit_v2_sw_pnf_03,+C,False,40,1,0,True,True,"[-0.07172123342752457, -0.04024305194616318]","[-0.20577047765254974, -0.34987810254096985]",0.370733380317688,0.7484261989593506,0.14902038872241974,0.20041169226169586,0.20041169226169586,0.19996097683906555,0.00045071542263031006,0.015443400479853153,0.0887383297085762,0.997026801109314,False
syco_bullshit_v2_sw_pnf_03,+C,False,41,1,0,True,True,"[-0.7823755145072937, 0.8113003373146057]","[-0.1697557270526886, -0.8115404844284058]",0.370733380317688,0.7484261989593506,0.7278185486793518,0.03619301691651344,0.03619301691651344,0.03801634907722473,0.0018233321607112885,0.015118124894797802,0.09230997413396835,0.9181522130966187,False
syco_bullshit_v2_sw_pnf_03,+C,False,42,1,0,True,True,"[-0.35145604610443115, 0.5465162396430969]","[-0.15437394380569458, -0.41822269558906555]",0.370733380317688,0.7484261989593506,0.4700586199760437,0.1611904501914978,0.1611904501914978,0.16208794713020325,0.0008974969387054443,0.01771266758441925,0.10096405446529388,0.9940112829208374,False
syco_bullshit_v2_sw_pnf_03,+C,False,43,1,0,True,True,"[-0.1825428605079651, 0.4983433187007904]","[-0.3639669418334961, -0.035549238324165344]",0.370733380317688,0.7484261989593506,0.3896276652812958,0.3563946485519409,0.3563946485519409,0.3576832115650177,0.0012885630130767822,0.019100243225693703,0.10499347001314163,0.9985756278038025,False
syco_bullshit_v2_sw_pnf_03,+C,False,44,1,0,True,True,"[-0.34562021493911743, 0.6224676966667175]","[-0.34965458512306213, 0.330949604511261]",0.370733380317688,0.7484261989593506,0.4960366487503052,0.4731904864311218,0.4731904864311218,0.47351279854774475,0.0003223121166229248,0.018443789333105087,0.10525649040937424,0.9992411136627197,False
syco_bullshit_v2_sw_pnf_03,+C,False,45,1,0,True,True,"[-0.6509891152381897, 0.3062390387058258]","[-0.4448564648628235, 0.19344884157180786]",0.370733380317688,0.7484261989593506,0.4920130968093872,0.4586380124092102,0.4586380124092102,0.458917498588562,0.00027948617935180664,0.016127316281199455,0.08835629373788834,0.9993822574615479,False
syco_bullshit_v2_sw_pnf_03,+C,False,46,1,0,True,True,"[-0.38676345348358154, 0.1821407675743103]","[-0.2318832278251648, -0.029665570706129074]",0.370733380317688,0.7484261989593506,0.34813809394836426,0.3147728145122528,0.3147728145122528,0.31473636627197266,3.644824028015137e-05,0.0148618184030056,0.08114339411258698,0.9988852739334106,False
syco_bullshit_v2_sw_pnf_03,+C,False,47,1,0,True,True,"[0.4650265872478485, 0.25610679388046265]","[-0.38517874479293823, 0.4735037088394165]",0.370733380317688,0.7484261989593506,0.05995234102010727,0.5321990251541138,0.5321990251541138,0.5336430072784424,0.0014439821243286133,0.020825255662202835,0.11744871735572815,0.9992401003837585,False
syco_bullshit_v2_sw_pnf_03,+C,False,48,1,0,True,True,"[-0.37896206974983215, 0.17095890641212463]","[-0.340484619140625, 0.1409710943698883]",0.370733380317688,0.7484261989593506,0.34110474586486816,0.4063853919506073,0.4063853919506073,0.40644899010658264,6.35981559753418e-05,0.013709887862205505,0.08369836956262589,0.9994311332702637,False
syco_bullshit_v2_sw_pnf_03,+C,False,49,1,0,True,True,"[-0.10540161281824112, 0.19277901947498322]","[-0.4659916162490845, 0.3646637499332428]",0.370733380317688,0.7484261989593506,0.24783433973789215,0.5226402878761292,0.5226402282714844,0.5239269733428955,0.0012867450714111328,0.0181324053555727,0.09979823231697083,0.999402642250061,False
syco_bullshit_v2_sw_pnf_03,+C,False,50,1,0,True,True,"[0.16169878840446472, 0.5685172080993652]","[-0.19231653213500977, 0.038509488105773926]",0.370733380317688,0.7484261989593506,0.28808489441871643,0.3247881233692169,0.3247881233692169,0.3249104619026184,0.00012233853340148926,0.022996561601758003,0.11168093234300613,0.9974943399429321,False
syco_bullshit_v2_sw_pnf_03,+C,False,51,1,0,True,True,"[-0.004549358040094376, 0.4182066321372986]","[0.018820226192474365, -0.40090855956077576]",0.370733380317688,0.7484261989593506,0.29398980736732483,0.11081382632255554,0.11081382632255554,0.11207134276628494,0.0012575164437294006,0.018148502334952354,0.09202854335308075,0.9868030548095703,False
syco_bullshit_v2_sw_pnf_03,+C,False,52,1,0,True,True,"[-0.301636666059494, 0.4215238094329834]","[-0.359056293964386, -0.37620943784713745]",0.370733380317688,0.7484261989593506,0.405290424823761,0.2432374209165573,0.2432374358177185,0.2437022179365158,0.00046478211879730225,0.017470479011535645,0.0976714938879013,0.9974273443222046,False
syco_bullshit_v2_sw_pnf_03,+C,False,53,1,0,True,True,"[-0.6704308390617371, 0.5236005783081055]","[-0.19687238335609436, -0.7028993368148804]",0.370733380317688,0.7484261989593506,0.579749345779419,0.08137399703264236,0.08137399703264236,0.08235245943069458,0.0009784623980522156,0.015382991172373295,0.09129560738801956,0.9824155569076538,False
syco_bullshit_v2_sw_pnf_03,+C,False,54,1,0,True,True,"[0.04637976735830307, -0.08751146495342255]","[-0.4455389976501465, -0.44225865602493286]",0.370733380317688,0.7484261989593506,0.08775061368942261,0.24938148260116577,0.24938148260116577,0.2501620650291443,0.0007805824279785156,0.018202587962150574,0.10207188129425049,0.9973493814468384,False
syco_bullshit_v2_sw_pnf_03,+C,False,55,1,0,True,True,"[-0.036232832819223404, 0.34943726658821106]","[-0.16215172410011292, -0.43249011039733887]",0.370733380317688,0.7484261989593506,0.28024938702583313,0.15896226465702057,0.15896226465702057,0.1598891019821167,0.0009268373250961304,0.01937032677233219,0.1045679971575737,0.9926356077194214,False
syco_bullshit_v2_sw_pnf_03,+C,False,56,1,0,True,True,"[-0.15735431015491486, -0.1778390258550644]","[-0.046509213745594025, -0.4965212047100067]",0.370733380317688,0.7484261989593506,0.1297680139541626,0.09921564906835556,0.09921564906835556,0.09946317225694656,0.0002475231885910034,0.014438534155488014,0.08492500334978104,0.989440381526947,False
syco_bullshit_v2_sw_pnf_03,+C,False,57,1,0,True,True,"[-0.19582079350948334, 0.1893470287322998]","[-0.3801009953022003, -0.3371732234954834]",0.370733380317688,0.7484261989593506,0.28006330132484436,0.26183053851127625,0.26183053851127625,0.26197075843811035,0.00014021992683410645,0.01830878108739853,0.10127948224544525,0.9975566864013672,False
syco_bullshit_v2_sw_pnf_03,+C,False,58,1,0,True,True,"[-0.20723360776901245, 0.6226401925086975]","[-0.6383098363876343, -0.2013896405696869]",0.370733380317688,0.7484261989593506,0.44482797384262085,0.39082297682762146,0.39082297682762146,0.39178964495658875,0.0009666681289672852,0.02028566040098667,0.11517783254384995,0.9986593723297119,False
syco_bullshit_v2_sw_pnf_03,+C,False,59,1,0,True,True,"[-0.26590096950531006, 0.8367316722869873]","[-0.8472942113876343, -0.08310079574584961]",0.370733380317688,0.7484261989593506,0.5458858013153076,0.49990710616111755,0.49990713596343994,0.5003795623779297,0.0004724264144897461,0.01895904168486595,0.1031503826379776,0.9992820024490356,False
syco_bullshit_v2_sw_pnf_03,+C,False,60,1,0,True,True,"[0.30048632621765137, 0.288497656583786]","[-0.29770123958587646, -0.5756604671478271]",0.370733380317688,0.7484261989593506,0.13291580975055695,0.15614311397075653,0.15614312887191772,0.15781544148921967,0.001672312617301941,0.016916047781705856,0.09719128161668777,0.9942505955696106,False
syco_bullshit_v2_sw_pnf_03,+C,False,61,1,0,True,True,"[-0.10578764975070953, 0.5257612466812134]","[0.024241164326667786, -0.6541997194290161]",0.370733380317688,0.7484261989593506,0.371348112821579,0.023626934736967087,0.023626932874321938,0.023848438635468483,0.0002215057611465454,0.014244591817259789,0.102280393242836,0.8199895620346069,False
syco_bullshit_v2_sw_pnf_03,+C,False,62,1,0,True,True,"[-0.12844283878803253, 0.3948870301246643]","[-0.020797953009605408, -0.8326975703239441]",0.370733380317688,0.7484261989593506,0.33125269412994385,0.02094247192144394,0.02094247192144394,0.021727530285716057,0.0007850583642721176,0.01237411703914404,0.09853237867355347,0.8324252963066101,False
syco_bullshit_v2_sw_pnf_03,+C,False,63,1,0,True,True,"[-0.05560379475355148, 0.3982422351837158]","[0.30163559317588806, -1.0142968893051147]",0.370733380317688,0.7484261989593506,0.3055087625980377,0.18793711066246033,0.18793711066246033,0.18785737454891205,7.973611354827881e-05,0.016743512824177742,0.09733522683382034,0.9960297346115112,False
syco_bullshit_v2_sw_pnf_03,+C,False,64,1,0,True,True,"[0.29289960861206055, 0.7097777724266052]","[0.1822148859500885, -0.47135496139526367]",0.370733380317688,0.7484261989593506,0.29181206226348877,0.03209306672215462,0.03209306672215462,0.03286700323224068,0.0007739365100860596,0.016849879175424576,0.10951212048530579,0.8657002449035645,False
syco_bullshit_v2_sw_pnf_03,+C,False,65,1,0,True,True,"[0.5406705737113953, 0.2820272147655487]","[-0.08794239163398743, 0.24912729859352112]",0.370733380317688,0.7484261989593506,0.04152963310480118,0.35940638184547424,0.35940641164779663,0.3598545789718628,0.0004481673240661621,0.018228979781270027,0.09995236992835999,0.9987162947654724,False
syco_bullshit_v2_sw_pnf_03,+C,False,66,1,0,True,True,"[0.11365074664354324, 0.25273242592811584]","[0.3177415132522583, -0.08983738720417023]",0.370733380317688,0.7484261989593506,0.18888776004314423,0.11404547095298767,0.11404547840356827,0.11468761414289474,0.000642135739326477,0.013568047434091568,0.06964610517024994,0.992978572845459,False
syco_bullshit_v2_sw_pnf_03,+C,False,67,1,0,True,True,"[0.6527293920516968, -0.11306710541248322]","[0.5160638093948364, -0.7413368225097656]",0.370733380317688,0.7484261989593506,0.14637187123298645,0.16860929131507874,0.16860929131507874,0.16954824328422546,0.0009389519691467285,0.01480668131262064,0.08414959162473679,0.9961810111999512,False
syco_bullshit_v2_sw_pnf_03,-C,False,0,69,68,True,True,"[-0.1748194545507431, 0.32965078949928284]","[-0.8791634440422058, 0.4273124933242798]",-1.938124418258667,-7.988067626953125,0.5311724543571472,2.2096164226531982,2.2096166610717773,2.2094414234161377,0.00017523765563964844,0.0183245912194252,0.11786000430583954,0.9999656677246094,False
syco_bullshit_v2_sw_pnf_03,-C,False,1,1,0,True,True,"[-0.42676329612731934, 0.8839584589004517]","[-0.46379390358924866, -0.22517967224121094]",-1.938124418258667,-7.988067626953125,0.23245427012443542,2.5624451637268066,2.5624451637268066,2.562047004699707,0.0003981590270996094,0.01905396580696106,0.1276959329843521,0.9999723434448242,False
syco_bullshit_v2_sw_pnf_03,-C,False,2,1,0,True,True,"[0.05468311905860901, 0.3084649443626404]","[-0.21916332840919495, -0.656363844871521]",-1.938124418258667,-7.988067626953125,0.6240531802177429,2.7861855030059814,2.7861855030059814,2.7849440574645996,0.001241445541381836,0.02147137001156807,0.13740119338035583,0.9999704360961914,False
syco_bullshit_v2_sw_pnf_03,-C,False,3,1,0,True,True,"[-0.04455256462097168, 0.549445390701294]","[-0.1994040608406067, -0.545704185962677]",-1.938124418258667,-7.988067626953125,0.4980022609233856,2.7566561698913574,2.7566559314727783,2.756025552749634,0.0006303787231445312,0.025342639535665512,0.13475699722766876,0.9999576210975647,False
syco_bullshit_v2_sw_pnf_03,-C,False,4,1,0,True,True,"[-0.22639620304107666, 0.47547656297683716]","[-0.31053122878074646, 0.054406873881816864]",-1.938124418258667,-7.988067626953125,0.45803433656692505,2.5207107067108154,2.5207107067108154,2.5212762355804443,0.0005655288696289062,0.023637399077415466,0.13171496987342834,0.9999560713768005,False
syco_bullshit_v2_sw_pnf_03,-C,False,5,1,0,True,True,"[0.1476413458585739, 0.6539086699485779]","[-0.08337372541427612, -0.09034770727157593]",-1.938124418258667,-7.988067626953125,0.5305066704750061,2.6428022384643555,2.6428022384643555,2.642576217651367,0.00022602081298828125,0.024539517238736153,0.13279248774051666,0.9999569654464722,False
syco_bullshit_v2_sw_pnf_03,-C,False,6,1,0,True,True,"[-0.4526442289352417, 1.0793143510818481]","[0.4992903769016266, 0.000608295202255249]",-1.938124418258667,-7.988067626953125,0.15048547089099884,2.805034875869751,2.805034875869751,2.805143356323242,0.00010848045349121094,0.025730153545737267,0.13766193389892578,0.9999579191207886,False
syco_bullshit_v2_sw_pnf_03,-C,False,7,1,0,True,True,"[-0.23771460354328156, 0.9502956867218018]","[0.5357977747917175, -0.10948556661605835]",-1.938124418258667,-7.988067626953125,0.2779191732406616,2.8542003631591797,2.8542001247406006,2.854297637939453,9.751319885253906e-05,0.02684604749083519,0.14943654835224152,0.9999556541442871,False
syco_bullshit_v2_sw_pnf_03,-C,False,8,1,0,True,True,"[-0.6206491589546204, 0.9804123044013977]","[0.42055177688598633, -0.6653764843940735]",-1.938124418258667,-7.988067626953125,0.12488267570734024,3.0007076263427734,3.0007076263427734,2.9996261596679688,0.0010814666748046875,0.025591576471924782,0.14858801662921906,0.9999637007713318,False
syco_bullshit_v2_sw_pnf_03,-C,False,9,1,0,True,True,"[-0.04206718131899834, 0.8903804421424866]","[0.668579638004303, -0.43006467819213867]",-1.938124418258667,-7.988067626953125,0.3726057708263397,3.0046725273132324,3.0046725273132324,3.005185842514038,0.0005133152008056641,0.026992566883563995,0.1506558507680893,0.9999596476554871,False
syco_bullshit_v2_sw_pnf_03,-C,False,10,1,0,True,True,"[-0.02472742646932602, 1.1332440376281738]","[0.3015068769454956, 0.07336992025375366]",-1.938124418258667,-7.988067626953125,0.28904861211776733,2.7171151638031006,2.7171151638031006,2.7169101238250732,0.00020503997802734375,0.021127725020051003,0.1427192986011505,0.9999697804450989,False
syco_bullshit_v2_sw_pnf_03,-C,False,11,1,0,True,True,"[0.12648624181747437, 0.33154013752937317]","[-0.27852439880371094, 0.017923861742019653]",-1.938124418258667,-7.988067626953125,0.6421069502830505,2.543018341064453,2.543018341064453,2.542882204055786,0.0001361370086669922,0.022350667044520378,0.1287110298871994,0.9999614953994751,False
syco_bullshit_v2_sw_pnf_03,-C,False,12,1,0,True,True,"[-0.10267195850610733, 0.38504666090011597]","[-0.36392292380332947, -0.011578857898712158]",-1.938124418258667,-7.988067626953125,0.5373790264129639,2.525134563446045,2.525134563446045,2.524934768676758,0.00019979476928710938,0.02201060950756073,0.12392114847898483,0.9999619722366333,False
syco_bullshit_v2_sw_pnf_03,-C,False,13,1,0,True,True,"[0.0649084746837616, 0.327944815158844]","[-0.0920737087726593, -0.042945146560668945]",-1.938124418258667,-7.988067626953125,0.6206243634223938,2.62607479095459,2.62607479095459,2.6252899169921875,0.0007848739624023438,0.02296622470021248,0.1332375854253769,0.9999617338180542,False
syco_bullshit_v2_sw_pnf_03,-C,False,14,1,0,True,True,"[-0.3599013090133667, 0.5062705278396606]","[-0.13991929590702057, -0.10511618852615356]",-1.938124418258667,-7.988067626953125,0.3971611559391022,2.6292712688446045,2.6292710304260254,2.6284339427948,0.0008370876312255859,0.02153070457279682,0.12919895350933075,0.9999664425849915,False
syco_bullshit_v2_sw_pnf_03,-C,False,15,1,0,True,True,"[0.010253466665744781, 0.3264240622520447]","[-0.32648518681526184, 0.008315443992614746]",-1.938124418258667,-7.988067626953125,0.6009379625320435,2.531438112258911,2.531438112258911,2.5312299728393555,0.00020813941955566406,0.0233444944024086,0.13597910106182098,0.9999575018882751,False
syco_bullshit_v2_sw_pnf_03,-C,False,16,1,0,True,True,"[-0.061377838253974915, 0.3312918543815613]","[0.12269729375839233, -0.11843008548021317]",-1.938124418258667,-7.988067626953125,0.5725948810577393,2.7220511436462402,2.7220511436462402,2.7211596965789795,0.0008914470672607422,0.02475491538643837,0.13568352162837982,0.9999586939811707,False
syco_bullshit_v2_sw_pnf_03,-C,False,17,1,0,True,True,"[-0.4982878267765045, 0.7992537021636963]","[-0.11921605467796326, -0.050581663846969604]",-1.938124418258667,-7.988067626953125,0.23733758926391602,2.6186957359313965,2.6186957359313965,2.6196811199188232,0.0009853839874267578,0.02394510991871357,0.13563089072704315,0.9999582767486572,False
syco_bullshit_v2_sw_pnf_03,-C,False,18,1,0,True,True,"[0.17839494347572327, 0.6685914397239685]","[0.31726768612861633, -0.46561896800994873]",-1.938124418258667,-7.988067626953125,0.5364609360694885,2.9009621143341064,2.9009621143341064,2.9011993408203125,0.0002372264862060547,0.026252150535583496,0.13931220769882202,0.9999591112136841,False
syco_bullshit_v2_sw_pnf_03,-C,False,19,1,0,True,True,"[0.058521002531051636, 0.19884620606899261]","[-0.215415358543396, -0.5004608035087585]",-1.938124418258667,-7.988067626953125,0.6660891175270081,2.7357280254364014,2.7357280254364014,2.734997510910034,0.0007305145263671875,0.023042969405651093,0.13109713792800903,0.9999645948410034,False
syco_bullshit_v2_sw_pnf_03,-C,False,20,1,0,True,True,"[-0.011529479175806046, 0.21921297907829285]","[-0.16573064029216766, -0.6299205422401428]",-1.938124418258667,-7.988067626953125,0.6325892806053162,2.795205593109131,2.79520583152771,2.794522523880005,0.0006833076477050781,0.024488693103194237,0.13174127042293549,0.9999616742134094,False
syco_bullshit_v2_sw_pnf_03,-C,False,21,1,0,True,True,"[0.7494409084320068, 0.11744391918182373]","[0.6323297023773193, -0.8207392692565918]",-1.938124418258667,-7.988067626953125,0.9522364139556885,3.1224422454833984,3.1224422454833984,3.1229121685028076,0.0004699230194091797,0.024962835013866425,0.14533494412899017,0.9999679923057556,False
syco_bullshit_v2_sw_pnf_03,-C,False,22,1,0,True,True,"[0.018640151247382164, 0.5563920140266418]","[-0.11215542256832123, 0.20036417245864868]",-1.938124418258667,-7.988067626953125,0.5188415050506592,2.538515090942383,2.538515090942383,2.53678560256958,0.0017294883728027344,0.022091777995228767,0.13899840414524078,0.9999624490737915,False
syco_bullshit_v2_sw_pnf_03,-C,False,23,1,0,True,True,"[-0.21178695559501648, 0.5616288781166077]","[-0.4395475685596466, 0.19988089799880981]",-1.938124418258667,-7.988067626953125,0.4315274655818939,2.4305830001831055,2.4305830001831055,2.4310481548309326,0.00046515464782714844,0.022013237699866295,0.12731800973415375,0.9999589323997498,False
syco_bullshit_v2_sw_pnf_03,-C,False,24,1,0,True,True,"[-0.15836070477962494, 0.48233214020729065]","[-0.33729150891304016, 0.15859951078891754]",-1.938124418258667,-7.988067626953125,0.48070165514945984,2.477457046508789,2.477457046508789,2.47766375541687,0.0002067089080810547,0.02006569132208824,0.12000970542430878,0.9999672174453735,False
syco_bullshit_v2_sw_pnf_03,-C,False,25,1,0,True,True,"[-0.3149886131286621, 1.408883810043335]","[-0.04288485646247864, 0.17428572475910187]",-1.938124418258667,-7.988067626953125,0.07938090711832047,2.57043194770813,2.570431709289551,2.5698063373565674,0.0006253719329833984,0.02494370937347412,0.1408689171075821,0.9999529123306274,False
syco_bullshit_v2_sw_pnf_03,-C,False,26,1,0,True,True,"[-0.13397932052612305, 0.6902494430541992]","[-0.2535838186740875, 0.06439544260501862]",-1.938124418258667,-7.988067626953125,0.41270115971565247,2.536395788192749,2.53639554977417,2.536571741104126,0.0001761913299560547,0.02184412069618702,0.1285560429096222,0.9999628663063049,False
syco_bullshit_v2_sw_pnf_03,-C,False,27,1,0,True,True,"[-0.24179428815841675, 0.8012856841087341]","[-0.22765928506851196, 0.26975828409194946]",-1.938124418258667,-7.988067626953125,0.33161622285842896,2.4773402214050293,2.4773402214050293,2.477367401123047,2.7179718017578125e-05,0.02320285700261593,0.13730080425739288,0.9999561309814453,False
syco_bullshit_v2_sw_pnf_03,-C,False,28,1,0,True,True,"[0.025272727012634277, 0.6589146852493286]","[0.19077366590499878, -0.34557491540908813]",-1.938124418258667,-7.988067626953125,0.48331403732299805,2.818345069885254,2.818345069885254,2.818538188934326,0.00019311904907226562,0.025407882407307625,0.14361371099948883,0.9999593496322632,False
syco_bullshit_v2_sw_pnf_03,-C,False,29,1,0,True,True,"[-0.4841327667236328, 1.4025448560714722]","[-0.5820221304893494, 0.6265142560005188]",-1.938124418258667,-7.988067626953125,0.019061166793107986,2.242051601409912,2.242051601409912,2.2415571212768555,0.0004944801330566406,0.02499859593808651,0.13540418446063995,0.9999378323554993,False
syco_bullshit_v2_sw_pnf_03,-C,False,30,1,0,True,True,"[-0.2878413796424866, 1.148695468902588]","[-0.7086820006370544, 0.6728235483169556]",-1.938124418258667,-7.988067626953125,0.1858394742012024,2.185086965560913,2.185086965560913,2.1853761672973633,0.0002892017364501953,0.023022020235657692,0.13337677717208862,0.9999445676803589,False
syco_bullshit_v2_sw_pnf_03,-C,False,31,1,0,True,True,"[-0.2911560535430908, 0.8175532817840576]","[-0.7673788666725159, 0.22501428425312042]",-1.938124418258667,-7.988067626953125,0.3073003590106964,2.313023805618286,2.313023805618286,2.3130366802215576,1.2874603271484375e-05,0.020756838843226433,0.12866951525211334,0.9999597668647766,False
syco_bullshit_v2_sw_pnf_03,-C,False,32,1,0,True,True,"[-0.5281283259391785, 1.6876592636108398]","[-0.09431138634681702, 0.345053106546402]",-1.938124418258667,-7.988067626953125,0.10287491977214813,2.497779130935669,2.497779130935669,2.4968998432159424,0.0008792877197265625,0.024212175980210304,0.1392868459224701,0.9999531507492065,False
syco_bullshit_v2_sw_pnf_03,-C,False,33,1,0,True,True,"[-0.17912645637989044, 0.8015518188476562]","[-0.29924094676971436, -0.1447235345840454]",-1.938124418258667,-7.988067626953125,0.35473620891571045,2.5904974937438965,2.5904974937438965,2.5908000469207764,0.0003025531768798828,0.02496856264770031,0.13093754649162292,0.99995356798172,False
syco_bullshit_v2_sw_pnf_03,-C,False,34,1,0,True,True,"[-0.5080000758171082, 1.2079622745513916]","[-0.29218733310699463, 0.07504135370254517]",-1.938124418258667,-7.988067626953125,0.08231158554553986,2.5196149349212646,2.5196146965026855,2.5192959308624268,0.00031876564025878906,0.023845814168453217,0.13369213044643402,0.9999552369117737,False
syco_bullshit_v2_sw_pnf_03,-C,False,35,1,0,True,True,"[-0.4695602357387543, 1.1270254850387573]","[-0.2119852602481842, 0.07980702817440033]",-1.938124418258667,-7.988067626953125,0.12654094398021698,2.54473614692688,2.544735908508301,2.544804334640503,6.842613220214844e-05,0.023968301713466644,0.13657791912555695,0.9999556541442871,False
syco_bullshit_v2_sw_pnf_03,-C,False,36,1,0,True,True,"[-0.3344342112541199, 0.86345374584198]","[-0.4608806371688843, -0.04617990553379059]",-1.938124418258667,-7.988067626953125,0.2742595076560974,2.503507614135742,2.503507375717163,2.5039470195770264,0.00043964385986328125,0.02430867590010166,0.13480520248413086,0.9999528527259827,False
syco_bullshit_v2_sw_pnf_03,-C,False,37,1,0,True,True,"[0.15986469388008118, 0.8030519485473633]","[-0.03772981837391853, -0.23287633061408997]",-1.938124418258667,-7.988067626953125,0.479777455329895,2.7059683799743652,2.7059683799743652,2.705629348754883,0.0003390312194824219,0.023734046146273613,0.13669373095035553,0.9999616146087646,False
syco_bullshit_v2_sw_pnf_03,-C,False,38,1,0,True,True,"[-0.5826058983802795, 1.2669439315795898]","[-0.040335074067115784, -0.05562716722488403]",-1.938124418258667,-7.988067626953125,0.03281712904572487,2.6462464332580566,2.6462464332580566,2.6461660861968994,8.034706115722656e-05,0.024979399517178535,0.13961832225322723,0.999955415725708,False
syco_bullshit_v2_sw_pnf_03,-C,False,39,1,0,True,True,"[0.0019675567746162415, 0.8617298007011414]","[-0.3330830931663513, -0.015374064445495605]",-1.938124418258667,-7.988067626953125,0.3995359241962433,2.5372698307037354,2.5372698307037354,2.5369277000427246,0.0003421306610107422,0.024599580094218254,0.1382484883069992,0.999953031539917,False
syco_bullshit_v2_sw_pnf_03,-C,False,40,1,0,True,True,"[0.10016407072544098, 0.34030061960220337]","[-0.5867851376533508, -0.0737438052892685]",-1.938124418258667,-7.988067626953125,0.6291087865829468,2.471863269805908,2.471863269805908,2.471210241317749,0.0006530284881591797,0.021815964952111244,0.13270319998264313,0.9999611377716064,False
syco_bullshit_v2_sw_pnf_03,-C,False,41,1,0,True,True,"[0.36918359994888306, 0.3985821306705475]","[-0.5163189172744751, 0.039754822850227356]",-1.938124418258667,-7.988067626953125,0.7071877121925354,2.4569554328918457,2.4569554328918457,2.4568357467651367,0.00011968612670898438,0.023372646421194077,0.13696832954883575,0.9999548196792603,False
syco_bullshit_v2_sw_pnf_03,-C,False,42,1,0,True,True,"[0.3023548424243927, 0.12082701921463013]","[-0.40517696738243103, -0.2448832243680954]",-1.938124418258667,-7.988067626953125,0.7853364944458008,2.588541030883789,2.588541030883789,2.5885398387908936,1.1920928955078125e-06,0.024273673072457314,0.1370917409658432,0.9999560713768005,False
syco_bullshit_v2_sw_pnf_03,-C,False,43,1,0,True,True,"[-0.1924581229686737, 0.8966481685638428]","[0.05920691415667534, -0.2334839105606079]",-1.938124418258667,-7.988067626953125,0.3145633339881897,2.7392828464508057,2.7392828464508057,2.7399139404296875,0.0006310939788818359,0.027345409616827965,0.1502472460269928,0.9999502897262573,False
syco_bullshit_v2_sw_pnf_03,-C,False,44,1,0,True,True,"[0.047296278178691864, 1.0214327573776245]","[-0.0631616935133934, -0.3627188801765442]",-1.938124418258667,-7.988067626953125,0.35715997219085693,2.7400124073028564,2.7400124073028564,2.740427017211914,0.0004146099090576172,0.025500835850834846,0.1381637305021286,0.9999566078186035,False
syco_bullshit_v2_sw_pnf_03,-C,False,45,1,0,True,True,"[0.12616868317127228, 0.6595224738121033]","[-0.5380381345748901, 0.09463039040565491]",-1.938124418258667,-7.988067626953125,0.5204710364341736,2.4320950508117676,2.4320950508117676,2.4314727783203125,0.0006222724914550781,0.02202889882028103,0.12816482782363892,0.9999589920043945,False
syco_bullshit_v2_sw_pnf_03,-C,False,46,1,0,True,True,"[-0.31077295541763306, 0.9185196161270142]","[-0.43974626064300537, 0.20184117555618286]",-1.938124418258667,-7.988067626953125,0.26262396574020386,2.429140329360962,2.429140329360962,2.4283902645111084,0.0007500648498535156,0.021694829687476158,0.12989044189453125,0.9999601244926453,False
syco_bullshit_v2_sw_pnf_03,-C,False,47,1,0,True,True,"[-0.3709401488304138, 1.282020092010498]","[-0.48559966683387756, 0.4296025037765503]",-1.938124418258667,-7.988067626953125,0.1056540235877037,2.339529514312744,2.339529514312744,2.339346408843994,0.00018310546875,0.024875273928046227,0.13694404065608978,0.9999434351921082,False
syco_bullshit_v2_sw_pnf_03,-C,False,48,1,0,True,True,"[0.05222468823194504, 0.7817832231521606]","[-0.21267947554588318, 0.45068061351776123]",-1.938124418258667,-7.988067626953125,0.447776734828949,2.4216136932373047,2.4216136932373047,2.421680212020874,6.651878356933594e-05,0.020398739725351334,0.1338265985250473,0.9999644756317139,False
syco_bullshit_v2_sw_pnf_03,-C,False,49,1,0,True,True,"[0.12653103470802307, 0.2518903613090515]","[0.30092158913612366, -0.07983334362506866]",-1.938124418258667,-7.988067626953125,0.6716340780258179,2.7676992416381836,2.7676990032196045,2.7671453952789307,0.0005536079406738281,0.016575265675783157,0.11102418601512909,0.9999821186065674,False
syco_bullshit_v2_sw_pnf_03,-C,False,50,1,0,True,True,"[0.36884137988090515, 0.1793421059846878]","[0.3578919768333435, -0.4280824661254883]",-1.938124418258667,-7.988067626953125,0.7882899641990662,2.9010608196258545,2.9010608196258545,2.9008402824401855,0.0002205371856689453,0.023323670029640198,0.12600409984588623,0.999967634677887,False
syco_bullshit_v2_sw_pnf_04,+C,False,0,75,74,True,True,"[-0.013982430100440979, 0.6570702195167542]","[-0.6236535906791687, 0.8701757192611694]",0.370733380317688,0.7484261989593506,0.3859843313694,0.7416015267372131,0.7416014671325684,0.7415933609008789,8.106231689453125e-06,0.01885286159813404,0.09532935917377472,0.9996768832206726,False
syco_bullshit_v2_sw_pnf_04,+C,False,1,1,0,True,True,"[-0.37725090980529785, 0.9707679748535156]","[-0.2507968246936798, 0.8499934673309326]",0.370733380317688,0.7484261989593506,0.6368020176887512,0.6123159527778625,0.6123159527778625,0.6126683354377747,0.0003523826599121094,0.017584744840860367,0.09519459307193756,0.999588131904602,False
syco_bullshit_v2_sw_pnf_04,+C,False,2,1,0,True,True,"[0.08739380538463593, 0.7068577408790588]","[0.48793601989746094, 0.14938679337501526]",0.370733380317688,0.7484261989593506,0.36687058210372925,0.13671471178531647,0.13671471178531647,0.13736188411712646,0.0006471723318099976,0.018638186156749725,0.10068272799253464,0.9907621145248413,False
syco_bullshit_v2_sw_pnf_04,+C,False,3,1,0,True,True,"[0.24602952599525452, 0.6876954436302185]","[0.9400144219398499, -0.4527653753757477]",0.370733380317688,0.7484261989593506,0.30099597573280334,0.21330174803733826,0.21330174803733826,0.21329358220100403,8.165836334228516e-06,0.019353751093149185,0.10147595405578613,0.9958835244178772,False
syco_bullshit_v2_sw_pnf_04,+C,False,4,1,0,True,True,"[0.10882987827062607, 0.9316980242729187]","[1.025161623954773, -0.7612175941467285]",0.370733380317688,0.7484261989593506,0.4422324001789093,0.3437638282775879,0.3437638282775879,0.3442128300666809,0.0004490017890930176,0.02124004252254963,0.10793305933475494,0.9980944991111755,False
syco_bullshit_v2_sw_pnf_04,+C,False,5,1,0,True,True,"[0.24634361267089844, 1.2580593824386597]","[-0.03146582841873169, 0.8928673267364502]",0.370733380317688,0.7484261989593506,0.5122008919715881,0.5540105104446411,0.5540105104446411,0.5538045763969421,0.0002059340476989746,0.01991437003016472,0.11052276194095612,0.9993537664413452,False
syco_bullshit_v2_sw_pnf_04,+C,False,6,1,0,True,True,"[0.02235974371433258, 1.0612560510635376]","[-0.3918848931789398, 0.6055067181587219]",0.370733380317688,0.7484261989593506,0.5222713351249695,0.5779982209205627,0.5779982209205627,0.5783843994140625,0.00038617849349975586,0.017954524606466293,0.09743791818618774,0.999518096446991,False
syco_bullshit_v2_sw_pnf_04,+C,False,7,1,0,True,True,"[0.1339789181947708, 0.9581797122955322]","[-0.30577945709228516, 0.39064228534698486]",0.370733380317688,0.7484261989593506,0.44272610545158386,0.47800201177597046,0.47800201177597046,0.4784783124923706,0.0004763007164001465,0.019342660903930664,0.0999523401260376,0.9991825819015503,False
syco_bullshit_v2_sw_pnf_04,+C,False,8,1,0,True,True,"[0.07303697615861893, 0.6255460381507874]","[-0.21426479518413544, 0.5296761989593506]",0.370733380317688,0.7484261989593506,0.34206363558769226,0.4931662678718567,0.4931662976741791,0.4946349561214447,0.001468658447265625,0.0201361496001482,0.10530531406402588,0.9991734027862549,False
syco_bullshit_v2_sw_pnf_04,+C,False,9,1,0,True,True,"[0.11995533853769302, 0.6370459794998169]","[-0.4500582218170166, 0.19244959950447083]",0.370733380317688,0.7484261989593506,0.3289410471916199,0.4602299928665161,0.46022993326187134,0.46113306283950806,0.0009031295776367188,0.02135089971125126,0.10324101895093918,0.998927891254425,False
syco_bullshit_v2_sw_pnf_04,+C,False,10,1,0,True,True,"[-0.27890145778656006, 0.979773759841919]","[-0.610284686088562, 0.05011109262704849]",0.370733380317688,0.7484261989593506,0.6036999821662903,0.46650800108909607,0.4665079712867737,0.4668958783149719,0.0003879070281982422,0.01981808990240097,0.10466716438531876,0.9990987777709961,False
syco_bullshit_v2_sw_pnf_04,+C,False,11,1,0,True,True,"[-0.3449690341949463, 1.3309742212295532]","[-0.7003586292266846, 0.7136682271957397]",0.370733380317688,0.7484261989593506,0.7582988142967224,0.7171044945716858,0.7171044945716858,0.7170227766036987,8.171796798706055e-05,0.019815348088741302,0.11132548749446869,0.9996182322502136,False
syco_bullshit_v2_sw_pnf_04,+C,False,12,1,0,True,True,"[-0.012027546763420105, 1.394925832748413]","[-0.35141584277153015, 0.6983780860900879]",0.370733380317688,0.7484261989593506,0.6586374044418335,0.5962700843811035,0.5962700843811035,0.5952799916267395,0.0009900927543640137,0.01971708983182907,0.11166468262672424,0.9994537830352783,False
syco_bullshit_v2_sw_pnf_04,+C,False,13,1,0,True,True,"[-0.3921774625778198, 0.9355020523071289]","[-0.6962711215019226, 0.3524092137813568]",0.370733380317688,0.7484261989593506,0.6292662620544434,0.5958667993545532,0.5958667993545532,0.5958796739578247,1.2874603271484375e-05,0.020337862893939018,0.10489832609891891,0.9994174242019653,False
syco_bullshit_v2_sw_pnf_04,+C,False,14,1,0,True,True,"[0.21227720379829407, 0.5435154438018799]","[-0.31577953696250916, -0.4458125829696655]",0.370733380317688,0.7484261989593506,0.26008227467536926,0.20414043962955475,0.20414042472839355,0.2040981650352478,4.225969314575195e-05,0.017207244411110878,0.09550933539867401,0.9964468479156494,False
syco_bullshit_v2_sw_pnf_04,+C,False,15,1,0,True,True,"[0.04460756108164787, 0.30248016119003296]","[-0.3633601665496826, -0.21302825212478638]",0.370733380317688,0.7484261989593506,0.23290009796619415,0.2978116571903229,0.2978116571903229,0.29752206802368164,0.00028958916664123535,0.018924053758382797,0.09693920612335205,0.9979795217514038,False
syco_bullshit_v2_sw_pnf_04,+C,False,16,1,0,True,True,"[0.2646213471889496, 0.24417155981063843]","[-0.6181422472000122, -0.29090172052383423]",0.370733380317688,0.7484261989593506,0.12978094816207886,0.35561275482177734,0.35561278462409973,0.3562485873699188,0.0006358027458190918,0.0176706425845623,0.1010214239358902,0.998769223690033,False
syco_bullshit_v2_sw_pnf_04,+C,False,17,1,0,True,True,"[0.05490535497665405, 0.3286971151828766]","[-0.3106746971607208, -0.13905754685401917]",0.370733380317688,0.7484261989593506,0.23879820108413696,0.30421343445777893,0.30421343445777893,0.3040841519832611,0.00012928247451782227,0.02022382616996765,0.1031934842467308,0.9977895021438599,False
syco_bullshit_v2_sw_pnf_04,+C,False,18,1,0,True,True,"[-0.464949369430542, 1.0266238451004028]","[-0.2396191954612732, -0.0670006051659584]",0.370733380317688,0.7484261989593506,0.6899892687797546,0.3047792315483093,0.3047792315483093,0.3058962821960449,0.0011170506477355957,0.019177159294486046,0.09892033785581589,0.9980344176292419,False
syco_bullshit_v2_sw_pnf_04,+C,False,19,1,0,True,True,"[-0.23881655931472778, 0.7537163496017456]","[-0.753701388835907, 0.1133170872926712]",0.370733380317688,0.7484261989593506,0.5050935745239258,0.5334184765815735,0.5334184765815735,0.5330575108528137,0.0003609657287597656,0.019857201725244522,0.11260060220956802,0.9993069171905518,False
syco_bullshit_v2_sw_pnf_04,+C,False,20,1,0,True,True,"[-0.0701795220375061, 0.8263968825340271]","[-0.7898518443107605, 0.30898430943489075]",0.370733380317688,0.7484261989593506,0.46954146027565,0.6121114492416382,0.6121114492416382,0.6126558780670166,0.000544428825378418,0.0182202011346817,0.10612707585096359,0.9995577931404114,False
syco_bullshit_v2_sw_pnf_04,+C,False,21,1,0,True,True,"[0.02168583683669567, 0.6335809230804443]","[-0.8823046088218689, 0.0803089290857315]",0.370733380317688,0.7484261989593506,0.36406630277633667,0.5657934546470642,0.5657934546470642,0.5651320219039917,0.0006614327430725098,0.018518725410103798,0.09935924410820007,0.9994644522666931,False
syco_bullshit_v2_sw_pnf_04,+C,False,22,1,0,True,True,"[-0.344433069229126, 0.9242543578147888]","[-0.6240614056587219, -0.039037056267261505]",0.370733380317688,0.7484261989593506,0.6074095368385315,0.4416811168193817,0.4416811168193817,0.44228506088256836,0.0006039440631866455,0.019950883463025093,0.10309217125177383,0.9989821314811707,False
syco_bullshit_v2_sw_pnf_04,+C,False,23,1,0,True,True,"[-0.2346617430448532, 0.9752132892608643]","[-0.5141445398330688, -0.2650512158870697]",0.370733380317688,0.7484261989593506,0.5856193900108337,0.33034858107566833,0.33034855127334595,0.33068740367889404,0.0003388524055480957,0.020577209070324898,0.11081083863973618,0.9980625510215759,False
syco_bullshit_v2_sw_pnf_04,+C,False,24,1,0,True,True,"[0.026386987417936325, 1.1229956150054932]","[-0.44082149863243103, -0.3002885580062866]",0.370733380317688,0.7484261989593506,0.5436539053916931,0.29448357224464417,0.29448357224464417,0.29580003023147583,0.001316457986831665,0.023482291027903557,0.11390459537506104,0.9968449473381042,False
syco_bullshit_v2_sw_pnf_04,+C,False,25,1,0,True,True,"[0.4671739637851715, 0.45196110010147095]","[-0.3558323383331299, -0.41940435767173767]",0.370733380317688,0.7484261989593506,0.13172124326229095,0.22662468254566193,0.22662468254566193,0.22699546813964844,0.00037078559398651123,0.017182325944304466,0.09796192497015,0.997131884098053,False
syco_bullshit_v2_sw_pnf_04,+C,False,26,1,0,True,True,"[0.09744507074356079, 0.3041430115699768]","[-0.25282061100006104, -0.5868203639984131]",0.370733380317688,0.7484261989593506,0.21393975615501404,0.13861240446567535,0.13861240446567535,0.13953374326229095,0.0009213387966156006,0.018091993406414986,0.09555836021900177,0.9915602207183838,False
syco_bullshit_v2_sw_pnf_04,+C,False,27,1,0,True,True,"[0.060679882764816284, 0.5008593797683716]","[-0.3430500030517578, -0.34478721022605896]",0.370733380317688,0.7484261989593506,0.3004452586174011,0.24807405471801758,0.24807403981685638,0.24853909015655518,0.0004650503396987915,0.0202704556286335,0.10841492563486099,0.9966695308685303,False
syco_bullshit_v2_sw_pnf_04,+C,False,28,1,0,True,True,"[0.37755364179611206, 0.2049093097448349]","[-0.5269143581390381, -0.3794170916080475]",0.370733380317688,0.7484261989593506,0.07339248806238174,0.2972225844860077,0.2972225844860077,0.29804715514183044,0.0008245706558227539,0.017981940880417824,0.09996052831411362,0.9981787800788879,False
syco_bullshit_v2_sw_pnf_04,+C,False,29,1,0,True,True,"[0.3339855372905731, 0.10917752981185913]","[-0.24961817264556885, -0.6411784291267395]",0.370733380317688,0.7484261989593506,0.05406571924686432,0.1185879036784172,0.1185879036784172,0.11908749490976334,0.0004995912313461304,0.01385287195444107,0.09238487482070923,0.9932145476341248,False
syco_bullshit_v2_sw_pnf_04,+C,False,30,1,0,True,True,"[-0.2677652835845947, 0.8354813456535339]","[-0.6188228726387024, -0.1017334908246994]",0.370733380317688,0.7484261989593506,0.5461133122444153,0.4193769693374634,0.4193769693374634,0.4188956618309021,0.0004813075065612793,0.018932173028588295,0.10332930088043213,0.9989805221557617,False
syco_bullshit_v2_sw_pnf_04,+C,False,31,1,0,True,True,"[-0.5208781361579895, 1.2757792472839355]","[-0.4235679805278778, 0.12842585146427155]",0.370733380317688,0.7484261989593506,0.8030237555503845,0.4316443204879761,0.4316443204879761,0.43147963285446167,0.0001646876335144043,0.020584508776664734,0.10971595346927643,0.9988625645637512,False
syco_bullshit_v2_sw_pnf_04,+C,False,32,1,0,True,True,"[-0.49049678444862366, 1.10538649559021]","[-0.37321820855140686, 0.7940068244934082]",0.370733380317688,0.7484261989593506,0.7286364436149597,0.6336125135421753,0.6336124539375305,0.6333307027816772,0.0002817511558532715,0.020553817972540855,0.10972964763641357,0.9994736909866333,False
syco_bullshit_v2_sw_pnf_04,+C,False,33,1,0,True,True,"[-0.6364356279373169, 1.5137752294540405]","[-0.5841309428215027, 1.151240587234497]",0.370733380317688,0.7484261989593506,0.9340161681175232,0.8220711350440979,0.8220711350440979,0.8219202756881714,0.00015085935592651367,0.020187541842460632,0.10723645985126495,0.9996984601020813,False
syco_bullshit_v2_sw_pnf_04,+C,False,34,1,0,True,True,"[-0.44245433807373047, 0.9809362292289734]","[-0.6917873620986938, 0.8248392939567566]",0.370733380317688,0.7484261989593506,0.6647274494171143,0.7492785453796387,0.7492786049842834,0.7493953108787537,0.00011670589447021484,0.01656511425971985,0.09446272999048233,0.9997556209564209,False
syco_bullshit_v2_sw_pnf_04,+C,False,35,1,0,True,True,"[-0.9459923505783081, 1.759547233581543]","[-0.314778596162796, 0.46375787258148193]",0.370733380317688,0.7484261989593506,1.1397669315338135,0.5045852661132812,0.5045852661132812,0.5050926208496094,0.000507354736328125,0.020727183669805527,0.11494407802820206,0.9991575479507446,False
syco_bullshit_v2_sw_pnf_04,+C,False,36,1,0,True,True,"[-0.3545018434524536, 1.8130269050598145]","[-0.8864808082580566, 1.2411611080169678]",0.370733380317688,0.7484261989593506,0.9404324293136597,0.9510284662246704,0.9510284066200256,0.9504837393760681,0.0005446672439575195,0.021393904462456703,0.11779019981622696,0.9997469782829285,False
syco_bullshit_v2_sw_pnf_04,+C,False,37,1,0,True,True,"[-0.3281993865966797, 1.323498249053955]","[-1.3007965087890625, 1.2700127363204956]",0.370733380317688,0.7484261989593506,0.7493157386779785,1.0976580381393433,1.0976580381393433,1.0992358922958374,0.0015778541564941406,0.018131045624613762,0.10889928042888641,0.999864935874939,False
syco_bullshit_v2_sw_pnf_04,+C,False,38,1,0,True,True,"[-0.13577452301979065, 1.4492192268371582]","[-1.7258094549179077, 1.406617522239685]",0.370733380317688,0.7484261989593506,0.7246018052101135,1.2827173471450806,1.2827173471450806,1.2833460569381714,0.0006287097930908203,0.018310770392417908,0.11408520489931107,0.9998983144760132,False
syco_bullshit_v2_sw_pnf_04,+C,False,39,1,0,True,True,"[0.2034035176038742, 0.7351685166358948]","[-0.6926150321960449, 1.0008795261383057]",0.370733380317688,0.7484261989593506,0.3343779146671295,0.8077301979064941,0.8077301979064941,0.8076943755149841,3.5822391510009766e-05,0.02170649543404579,0.11195001006126404,0.9996389150619507,False
syco_bullshit_v2_sw_pnf_04,+C,False,40,1,0,True,True,"[-0.363231360912323, 1.2475388050079346]","[-1.2353794574737549, 0.8507633209228516]",0.370733380317688,0.7484261989593506,0.73415207862854,0.9383010864257812,0.9383010864257812,0.9388712644577026,0.0005701780319213867,0.01708846166729927,0.10875410586595535,0.9998344779014587,False
syco_bullshit_v2_sw_pnf_04,+C,False,41,1,0,True,True,"[-0.3079477548599243, 1.2012453079223633]","[-0.622897207736969, 0.32999762892723083]",0.370733380317688,0.7484261989593506,0.6965174674987793,0.5638518929481506,0.5638518929481506,0.5629922151565552,0.000859677791595459,0.017319906502962112,0.1031048521399498,0.9995286464691162,False
syco_bullshit_v2_sw_pnf_04,+C,False,42,1,0,True,True,"[-0.3218673765659332, 1.348235845565796]","[-1.0673166513442993, 1.1312965154647827]",0.370733380317688,0.7484261989593506,0.756135106086731,0.9753238558769226,0.9753237962722778,0.9759731292724609,0.0006493330001831055,0.019604109227657318,0.11585032939910889,0.9997982978820801,False
syco_bullshit_v2_sw_pnf_04,+C,False,43,1,0,True,True,"[-0.062250420451164246, 1.254228949546814]","[-1.0041640996932983, 1.1273008584976196]",0.370733380317688,0.7484261989593506,0.6251165270805359,0.9530853033065796,0.9530853629112244,0.9519105553627014,0.0011748075485229492,0.020709076896309853,0.1169363260269165,0.9997644424438477,False
syco_bullshit_v2_sw_pnf_04,+C,False,44,1,0,True,True,"[-0.19825249910354614, 0.7209267020225525]","[-1.1049232482910156, 0.8791956305503845]",0.370733380317688,0.7484261989593506,0.47791585326194763,0.9046875238418579,0.9046875238418579,0.9057749509811401,0.0010874271392822266,0.01921219564974308,0.10528253763914108,0.9997755289077759,False
syco_bullshit_v2_sw_pnf_04,+C,False,45,1,0,True,True,"[-0.45430517196655273, 1.226083755493164]","[-1.3212186098098755, 0.9108023047447205]",0.370733380317688,0.7484261989593506,0.7599459290504456,0.986332356929779,0.986332356929779,0.9847366809844971,0.0015956759452819824,0.019854998216032982,0.10913962870836258,0.9997982978820801,False
syco_bullshit_v2_sw_pnf_04,+C,False,46,1,0,True,True,"[-0.7016969323158264, 1.1547178030014038]","[-1.241044521331787, 0.47416597604751587]",0.370733380317688,0.7484261989593506,0.8251639604568481,0.8153300881385803,0.8153300881385803,0.814520001411438,0.000810086727142334,0.01928715966641903,0.10495694726705551,0.9997204542160034,False
syco_bullshit_v2_sw_pnf_04,+C,False,47,1,0,True,True,"[-0.2125728577375412, 0.9594153165817261]","[-1.0728381872177124, 0.15572378039360046]",0.370733380317688,0.7484261989593506,0.5715821981430054,0.6539521813392639,0.6539521813392639,0.6547629833221436,0.0008108019828796387,0.019681990146636963,0.10043177008628845,0.9995484352111816,False
syco_bullshit_v2_sw_pnf_04,+C,False,48,1,0,True,True,"[-0.3104243576526642, 1.078433632850647]","[-1.1936891078948975, 0.4743056297302246]",0.370733380317688,0.7484261989593506,0.6519330143928528,0.7995367646217346,0.7995367050170898,0.7988986968994141,0.0006380081176757812,0.018214814364910126,0.10637325793504715,0.9997406005859375,False
syco_bullshit_v2_sw_pnf_04,+C,False,49,1,0,True,True,"[-0.5344197154045105, 1.151070237159729]","[-0.9453916549682617, -0.06998453289270401]",0.370733380317688,0.7484261989593506,0.7618359327316284,0.536954402923584,0.536954402923584,0.5374612808227539,0.0005068778991699219,0.017968248575925827,0.09880868345499039,0.9994410276412964,False
syco_bullshit_v2_sw_pnf_04,+C,False,50,1,0,True,True,"[-0.7660414576530457, 1.2537599802017212]","[-0.7861583232879639, -0.09926734864711761]",0.370733380317688,0.7484261989593506,0.8856991529464722,0.4745112359523773,0.4745112359523773,0.4756814241409302,0.0011701881885528564,0.021269572898745537,0.10455354303121567,0.9990010261535645,False
syco_bullshit_v2_sw_pnf_04,+C,False,51,1,0,True,True,"[-0.8256884813308716, 1.5466084480285645]","[-0.6438015103340149, -0.023562222719192505]",0.370733380317688,0.7484261989593506,1.0162996053695679,0.4524438977241516,0.4524438679218292,0.45252183079719543,7.796287536621094e-05,0.02150075137615204,0.11082538962364197,0.9988709688186646,False
syco_bullshit_v2_sw_pnf_04,+C,False,52,1,0,True,True,"[-0.3688981533050537, 1.0136159658432007]","[-0.9061335921287537, 0.022748973220586777]",0.370733380317688,0.7484261989593506,0.6495826244354248,0.5535402894020081,0.5535402894020081,0.5543256998062134,0.0007854104042053223,0.0183560773730278,0.10260426998138428,0.9994518756866455,False
syco_bullshit_v2_sw_pnf_04,+C,False,53,1,0,True,True,"[-0.6033082008361816, 1.0391671657562256]","[-0.7991966605186462, 0.46391427516937256]",0.370733380317688,0.7484261989593506,0.745898962020874,0.6661548614501953,0.6661548614501953,0.6666780710220337,0.0005232095718383789,0.01876654662191868,0.10923191159963608,0.999603807926178,False
syco_bullshit_v2_sw_pnf_04,+C,False,54,1,0,True,True,"[-0.33647090196609497, 0.999969482421875]","[-0.5632305145263672, -0.03958895802497864]",0.370733380317688,0.7484261989593506,0.6325121521949768,0.4218772351741791,0.4218772351741791,0.4222926199436188,0.00041538476943969727,0.01770937070250511,0.1042209267616272,0.99912029504776,False
syco_bullshit_v2_sw_pnf_04,+C,False,55,1,0,True,True,"[-0.7233809232711792, 1.2220311164855957]","[-0.966363787651062, 0.27896612882614136]",0.370733380317688,0.7484261989593506,0.8581376671791077,0.6600658297538757,0.6600658893585205,0.6611054539680481,0.0010395646095275879,0.02017141692340374,0.11577817797660828,0.999535083770752,False
syco_bullshit_v2_sw_pnf_04,+C,False,56,1,0,True,True,"[-0.2780098617076874, 0.7505158185958862]","[-0.5867384076118469, -0.3178327679634094]",0.370733380317688,0.7484261989593506,0.5184289813041687,0.3366359770298004,0.3366360068321228,0.33732399344444275,0.0006879866123199463,0.01579999178647995,0.09765220433473587,0.9989029765129089,False
syco_bullshit_v2_sw_pnf_04,+C,False,57,1,0,True,True,"[-0.5738702416419983, 1.1921675205230713]","[-0.6131371855735779, -0.047534406185150146]",0.370733380317688,0.7484261989593506,0.7916791439056396,0.4347934424877167,0.4347934126853943,0.434104323387146,0.000689089298248291,0.01839195378124714,0.10196222364902496,0.9991050958633423,False
syco_bullshit_v2_sw_pnf_04,+C,False,58,1,0,True,True,"[-0.815855085849762, 1.9314061403274536]","[-0.8680459856987, 0.2628905773162842]",0.370733380317688,0.7484261989593506,1.1552249193191528,0.6224076747894287,0.6224076747894287,0.6223582029342651,4.947185516357422e-05,0.019624877721071243,0.11022882163524628,0.9995028972625732,False
syco_bullshit_v2_sw_pnf_04,+C,False,59,1,0,True,True,"[-0.6197924613952637, 1.4847956895828247]","[-0.8669517636299133, 0.1498732715845108]",0.370733380317688,0.7484261989593506,0.9171127676963806,0.5846976041793823,0.5846976041793823,0.584450364112854,0.0002472400665283203,0.01912917196750641,0.10935419797897339,0.999464750289917,False
syco_bullshit_v2_sw_pnf_04,+C,False,60,1,0,True,True,"[-0.38323265314102173, 1.2551811933517456]","[-0.6457414627075195, 0.5340864658355713]",0.370733380317688,0.7484261989593506,0.7443941235542297,0.6377539038658142,0.6377538442611694,0.6380564570426941,0.0003026127815246582,0.01816050335764885,0.10185296833515167,0.9995948672294617,False
syco_bullshit_v2_sw_pnf_04,+C,False,61,1,0,True,True,"[0.09689821302890778, 0.1827126294374466]","[0.28433701395988464, -0.08631464838981628]",0.370733380317688,0.7484261989593506,0.16915211081504822,0.12537023425102234,0.12537023425102234,0.12662464380264282,0.0012544095516204834,0.013184224255383015,0.0689467266201973,0.9945749044418335,False
syco_bullshit_v2_sw_pnf_04,+C,False,62,1,0,True,True,"[0.16590701043605804, 0.44431740045547485]","[0.24312233924865723, -0.3384940028190613]",0.370733380317688,0.7484261989593506,0.24050939083099365,0.05626455694437027,0.05626455694437027,0.05753546208143234,0.0012709051370620728,0.013685149140655994,0.08162696659564972,0.9713227152824402,False
syco_bullshit_v2_sw_pnf_04,-C,False,0,75,74,True,True,"[-0.013982430100440979, 0.6570702195167542]","[-0.6236535906791687, 0.8701757192611694]",-1.938124418258667,-7.988067626953125,0.46945324540138245,2.1479032039642334,2.1479032039642334,2.147620677947998,0.00028252601623535156,0.018121769651770592,0.11730282008647919,0.9999643564224243,False
syco_bullshit_v2_sw_pnf_04,-C,False,1,1,0,True,True,"[-0.37725090980529785, 0.9707679748535156]","[-0.2507968246936798, 0.8499934673309326]",-1.938124418258667,-7.988067626953125,0.21863557398319244,2.2774085998535156,2.2774085998535156,2.277434825897217,2.6226043701171875e-05,0.018762938678264618,0.12121166288852692,0.999966025352478,False
syco_bullshit_v2_sw_pnf_04,-C,False,2,1,0,True,True,"[0.08739380538463593, 0.7068577408790588]","[0.48793601989746094, 0.14938679337501526]",-1.938124418258667,-7.988067626953125,0.4885670244693756,2.7531356811523438,2.753135919570923,2.752281665802002,0.0008542537689208984,0.026449425145983696,0.14156430959701538,0.9999538660049438,False
syco_bullshit_v2_sw_pnf_04,-C,False,3,1,0,True,True,"[0.24602952599525452, 0.6876954436302185]","[0.9400144219398499, -0.4527653753757477]",-1.938124418258667,-7.988067626953125,0.5544416308403015,3.1025869846343994,3.1025869846343994,3.1020421981811523,0.0005447864532470703,0.024911614134907722,0.14662103354930878,0.9999677538871765,False
syco_bullshit_v2_sw_pnf_04,-C,False,4,1,0,True,True,"[0.10882987827062607, 0.9316980242729187]","[1.025161623954773, -0.7612175941467285]",-1.938124418258667,-7.988067626953125,0.41320526599884033,3.2322473526000977,3.2322473526000977,3.232517957687378,0.00027060508728027344,0.02164127305150032,0.15306560695171356,0.9999775886535645,False
syco_bullshit_v2_sw_pnf_04,-C,False,5,1,0,True,True,"[0.24634361267089844, 1.2580593824386597]","[-0.03146582841873169, 0.8928673267364502]",-1.938124418258667,-7.988067626953125,0.3432367444038391,2.336296796798706,2.336296796798706,2.3363919258117676,9.512901306152344e-05,0.02272627502679825,0.13837099075317383,0.9999525547027588,False
syco_bullshit_v2_sw_pnf_04,-C,False,6,1,0,True,True,"[-0.7380921840667725, 1.0856125354766846]","[-0.4089963138103485, 0.5666341781616211]",-1.938124418258667,-7.988067626953125,0.0423927865922451,2.318998098373413,2.318998098373413,2.319218635559082,0.0002205371856689453,0.020713727921247482,0.126113161444664,0.9999601244926453,False
syco_bullshit_v2_sw_pnf_04,-C,False,7,1,0,True,True,"[-0.14912161231040955, 0.9128783345222473]","[-0.4331996440887451, 0.546169102191925]",-1.938124418258667,-7.988067626953125,0.324606329202652,2.318277359008789,2.318277359008789,2.31962251663208,0.0013451576232910156,0.02122708223760128,0.13219846785068512,0.9999582767486572,False
syco_bullshit_v2_sw_pnf_04,-C,False,8,1,0,True,True,"[-0.14239367842674255, 0.740777313709259]","[-0.426657110452652, -0.1624853014945984]",-1.938124418258667,-7.988067626953125,0.39086291193962097,2.5549228191375732,2.5549228191375732,2.5544962882995605,0.0004265308380126953,0.01926465332508087,0.12951387465000153,0.9999715089797974,False
syco_bullshit_v2_sw_pnf_04,-C,False,9,1,0,True,True,"[-0.1279275119304657, 0.5858137607574463]","[-0.2708907723426819, -0.20410454273223877]",-1.938124418258667,-7.988067626953125,0.4536370038986206,2.620022773742676,2.620023012161255,2.619189500808716,0.0008335113525390625,0.023336583748459816,0.12812545895576477,0.9999604225158691,False
syco_bullshit_v2_sw_pnf_04,-C,False,10,1,0,True,True,"[0.03753278777003288, 0.8277083039283752]","[-0.4509132504463196, -0.09896785020828247]",-1.938124418258667,-7.988067626953125,0.4253179728984833,2.526078462600708,2.526078462600708,2.527595281600952,0.0015168190002441406,0.023117825388908386,0.12921853363513947,0.9999583959579468,False
syco_bullshit_v2_sw_pnf_04,-C,False,11,1,0,True,True,"[-0.19201143085956573, 0.893674910068512]","[-0.05605687201023102, -0.3785628080368042]",-1.938124418258667,-7.988067626953125,0.3158304691314697,2.7485156059265137,2.7485156059265137,2.749962568283081,0.0014469623565673828,0.02667643316090107,0.1398819237947464,0.999953031539917,False
syco_bullshit_v2_sw_pnf_04,-C,False,12,1,0,True,True,"[0.052531078457832336, 0.7258036732673645]","[-0.6429075002670288, -0.07860725373029709]",-1.938124418258667,-7.988067626953125,0.46863076090812683,2.4541351795196533,2.4541351795196533,2.454052209854126,8.296966552734375e-05,0.023398706689476967,0.12629105150699615,0.9999545812606812,False
syco_bullshit_v2_sw_pnf_04,-C,False,13,1,0,True,True,"[-0.3841676115989685, 0.8950481414794922]","[-0.43804603815078735, -0.1869916021823883]",-1.938124418258667,-7.988067626953125,0.2441273033618927,2.558647394180298,2.5586471557617188,2.5579423904418945,0.0007047653198242188,0.024252280592918396,0.13076844811439514,0.9999550580978394,False
syco_bullshit_v2_sw_pnf_04,-C,False,14,1,0,True,True,"[-0.4532967507839203, 1.013933539390564]","[-0.7292889356613159, 0.062412187457084656]",-1.938124418258667,-7.988067626953125,0.17446744441986084,2.3801324367523193,2.3801324367523193,2.3810672760009766,0.0009348392486572266,0.02500772848725319,0.1341453641653061,0.9999449849128723,False
syco_bullshit_v2_sw_pnf_04,-C,False,15,1,0,True,True,"[-0.8717721700668335, 1.3415287733078003]","[-0.2530830204486847, -0.2445114552974701]",-1.938124418258667,-7.988067626953125,0.10195359587669373,2.6394243240356445,2.6394243240356445,2.6392662525177,0.00015807151794433594,0.023017017170786858,0.1303144246339798,0.9999619722366333,False
syco_bullshit_v2_sw_pnf_04,-C,False,16,1,0,True,True,"[-0.9112570881843567, 1.4137831926345825]","[-0.04833221435546875, -0.33823102712631226]",-1.938124418258667,-7.988067626953125,0.14335332810878754,2.737717866897583,2.737717628479004,2.737924814224243,0.0002071857452392578,0.026572629809379578,0.14989714324474335,0.9999528527259827,False
syco_bullshit_v2_sw_pnf_04,-C,False,17,1,0,True,True,"[-0.08747278153896332, 1.0797276496887207]","[-0.18638084828853607, -0.1978144347667694]",-1.938124418258667,-7.988067626953125,0.2856292724609375,2.6454222202301025,2.6454222202301025,2.644831895828247,0.0005903244018554688,0.026681343093514442,0.14145521819591522,0.9999490976333618,False
syco_bullshit_v2_sw_pnf_04,-C,False,18,1,0,True,True,"[0.05891473591327667, 0.6445539593696594]","[-0.3573482632637024, -0.5088661313056946]",-1.938124418258667,-7.988067626953125,0.501099169254303,2.6912949085235596,2.6912949085235596,2.692159652709961,0.0008647441864013672,0.025239499285817146,0.13846120238304138,0.9999560713768005,False
syco_bullshit_v2_sw_pnf_04,-C,False,19,1,0,True,True,"[-0.16460242867469788, 0.4187939465045929]","[-0.44335711002349854, -0.8413528203964233]",-1.938124418258667,-7.988067626953125,0.5019301176071167,2.773700475692749,2.773700475692749,2.7727158069610596,0.0009846687316894531,0.026121867820620537,0.13858363032341003,0.9999557137489319,False
syco_bullshit_v2_sw_pnf_04,-C,False,20,1,0,True,True,"[-0.610624372959137, 0.9781931042671204]","[-0.6454083323478699, -0.19983582198619843]",-1.938124418258667,-7.988067626953125,0.12941910326480865,2.495283603668213,2.495283365249634,2.495929479598999,0.0006461143493652344,0.023822486400604248,0.1368100345134735,0.9999544620513916,False
syco_bullshit_v2_sw_pnf_04,-C,False,21,1,0,True,True,"[-0.48541760444641113, 1.5655521154403687]","[-0.3178475499153137, -0.0705222487449646]",-1.938124418258667,-7.988067626953125,0.04180942475795746,2.5596132278442383,2.5596132278442383,2.560666561126709,0.0010533332824707031,0.025196408852934837,0.1445300132036209,0.9999516010284424,False
syco_bullshit_v2_sw_pnf_04,-C,False,22,1,0,True,True,"[-0.14234322309494019, 0.9374784231185913]","[-0.14840617775917053, 0.013436630368232727]",-1.938124418258667,-7.988067626953125,0.3180033564567566,2.588482141494751,2.588482141494751,2.588291645050049,0.00019049644470214844,0.02489868924021721,0.13277117908000946,0.9999538064002991,False
syco_bullshit_v2_sw_pnf_04,-C,False,23,1,0,True,True,"[-0.441938191652298, 0.8970841765403748]","[-0.579635500907898, 0.9110130071640015]",-1.938124418258667,-7.988067626953125,0.22196879982948303,2.148749589920044,2.148749589920044,2.1487181186676025,3.147125244140625e-05,0.020964091643691063,0.12448541820049286,0.9999523162841797,False
syco_bullshit_v2_sw_pnf_04,-C,False,24,1,0,True,True,"[-0.16753676533699036, 1.1899898052215576]","[-0.03228801488876343, 0.46171724796295166]",-1.938124418258667,-7.988067626953125,0.21511298418045044,2.478212356567383,2.4782121181488037,2.477116584777832,0.0010955333709716797,0.023129938170313835,0.12974852323532104,0.999956488609314,False
syco_bullshit_v2_sw_pnf_04,-C,False,25,1,0,True,True,"[-0.12957802414894104, 0.9419970512390137]","[-0.7128432989120483, 1.0338631868362427]",-1.938124418258667,-7.988067626953125,0.3210587203502655,2.0643441677093506,2.0643441677093506,2.0643839836120605,3.981590270996094e-05,0.022472526878118515,0.12082663178443909,0.9999407529830933,False
syco_bullshit_v2_sw_pnf_04,-C,False,26,1,0,True,True,"[-0.8993036150932312, 1.789092779159546]","[-0.3702557682991028, 0.4093691110610962]",-1.938124418258667,-7.988067626953125,0.27797767519950867,2.3843884468078613,2.3843884468078613,2.383941411972046,0.0004470348358154297,0.026530683040618896,0.1458069235086441,0.9999381303787231,False
syco_bullshit_v2_sw_pnf_04,-C,False,27,1,0,True,True,"[-0.23713472485542297, 1.846948266029358]","[-1.2256704568862915, 1.1354115009307861]",-1.938124418258667,-7.988067626953125,0.05407804995775223,1.8620760440826416,1.8620760440826416,1.8612523078918457,0.0008237361907958984,0.023433011025190353,0.13393501937389374,0.9999208450317383,False
syco_bullshit_v2_sw_pnf_04,-C,False,28,1,0,True,True,"[-0.326795756816864, 1.360539436340332]","[-1.3082972764968872, 0.9513526558876038]",-1.938124418258667,-7.988067626953125,0.0929180160164833,1.894986629486084,1.8949867486953735,1.8947113752365112,0.0002753734588623047,0.02129911631345749,0.12198825925588608,0.9999368190765381,False
syco_bullshit_v2_sw_pnf_04,-C,False,29,1,0,True,True,"[0.07237280905246735, 0.9098193645477295]","[-0.8993890285491943, 0.6424620151519775]",-1.938124418258667,-7.988067626953125,0.40780389308929443,2.131502628326416,2.131502866744995,2.132229804992676,0.0007269382476806641,0.024125846102833748,0.13146238029003143,0.9999359846115112,False
syco_bullshit_v2_sw_pnf_04,-C,False,30,1,0,True,True,"[-0.4027029275894165, 1.1002134084701538]","[-0.978538990020752, 0.37004727125167847]",-1.938124418258667,-7.988067626953125,0.1612456887960434,2.1969239711761475,2.1969239711761475,2.1965017318725586,0.0004222393035888672,0.023330895230174065,0.12852445244789124,0.9999436140060425,False
syco_bullshit_v2_sw_pnf_04,-C,False,31,1,0,True,True,"[-0.3300182819366455, 0.9231763482093811]","[-0.6909323930740356, 0.036087602376937866]",-1.938124418258667,-7.988067626953125,0.2537682354450226,2.4021105766296387,2.4021105766296387,2.4016923904418945,0.0004181861877441406,0.022268015891313553,0.12246618419885635,0.9999570846557617,False
syco_bullshit_v2_sw_pnf_04,-C,False,32,1,0,True,True,"[-0.060996443033218384, 0.854066014289856]","[-0.7077515721321106, 0.20391714572906494]",-1.938124418258667,-7.988067626953125,0.37904706597328186,2.34087872505188,2.340878486633301,2.341541051864624,0.0006625652313232422,0.022049350664019585,0.12719328701496124,0.9999556541442871,False
syco_bullshit_v2_sw_pnf_04,-C,False,33,1,0,True,True,"[-0.022909028455615044, 0.8735617399215698]","[-0.4792029857635498, 0.05518960952758789]",-1.938124418258667,-7.988067626953125,0.3859352767467499,2.46403431892395,2.46403431892395,2.462188243865967,0.0018460750579833984,0.024027835577726364,0.13319361209869385,0.9999527335166931,False
syco_bullshit_v2_sw_pnf_04,-C,False,34,1,0,True,True,"[-0.13263295590877533, 1.1240864992141724]","[-1.229340672492981, 0.5807675123214722]",-1.938124418258667,-7.988067626953125,0.252462238073349,2.0433759689331055,2.0433759689331055,2.043306827545166,6.914138793945312e-05,0.019920434802770615,0.12005435675382614,0.9999525547027588,False
syco_bullshit_v2_sw_pnf_04,-C,False,35,1,0,True,True,"[-0.5942150354385376, 1.091867208480835]","[-0.7363442778587341, 0.035735324025154114]",-1.938124418258667,-7.988067626953125,0.09338226169347763,2.3869996070861816,2.3869996070861816,2.3873796463012695,0.0003800392150878906,0.021194566041231155,0.13902054727077484,0.9999605417251587,False
syco_bullshit_v2_sw_pnf_04,-C,False,36,1,0,True,True,"[-0.3172677457332611, 0.8641545176506042]","[-0.7626315951347351, -0.29217976331710815]",-1.938124418258667,-7.988067626953125,0.28036007285118103,2.48561692237854,2.48561692237854,2.486721992492676,0.0011050701141357422,0.024598801508545876,0.13403400778770447,0.9999510645866394,False
syco_bullshit_v2_sw_pnf_04,-C,False,37,1,0,True,True,"[-0.7783371806144714, 1.5625157356262207]","[-0.6950473785400391, 0.22006019949913025]",-1.938124418258667,-7.988067626953125,0.14921194314956665,2.3387439250946045,2.3387439250946045,2.3384592533111572,0.0002846717834472656,0.024144623428583145,0.1397322565317154,0.9999467134475708,False
syco_bullshit_v2_sw_pnf_04,-C,False,38,1,0,True,True,"[-0.3412807285785675, 1.0909297466278076]","[-0.9554510116577148, 0.2229965180158615]",-1.938124418258667,-7.988067626953125,0.18744240701198578,2.2511847019195557,2.2511844635009766,2.250643253326416,0.0005412101745605469,0.023239372298121452,0.12995703518390656,0.9999467134475708,False
syco_bullshit_v2_sw_pnf_04,-C,False,39,1,0,True,True,"[-0.6074301600456238, 0.9286299347877502]","[-0.8193737268447876, 0.5170652866363525]",-1.938124418258667,-7.988067626953125,0.14896583557128906,2.2003965377807617,2.2003965377807617,2.20007586479187,0.00032067298889160156,0.02328334003686905,0.1311989575624466,0.9999441504478455,False
syco_bullshit_v2_sw_pnf_04,-C,False,40,1,0,True,True,"[-0.19879141449928284, 0.8397249579429626]","[-0.4238514304161072, -0.018484842032194138]",-1.938124418258667,-7.988067626953125,0.33330702781677246,2.507436752319336,2.507436752319336,2.5086052417755127,0.0011684894561767578,0.02484031952917576,0.1390397697687149,0.9999511241912842,False
syco_bullshit_v2_sw_pnf_04,-C,False,41,1,0,True,True,"[-0.3739497661590576, 1.0927530527114868]","[-1.0187543630599976, 0.5071065425872803]",-1.938124418258667,-7.988067626953125,0.17466288805007935,2.13657808303833,2.13657808303833,2.1369853019714355,0.00040721893310546875,0.025045333430171013,0.13306792080402374,0.9999313354492188,False
syco_bullshit_v2_sw_pnf_04,-C,False,42,1,0,True,True,"[-0.291765034198761, 0.7506423592567444]","[-0.6326442956924438, -0.14051294326782227]",-1.938124418258667,-7.988067626953125,0.3318654000759125,2.479560375213623,2.479560375213623,2.478983163833618,0.0005772113800048828,0.022752108052372932,0.12881840765476227,0.9999580383300781,False
syco_bullshit_v2_sw_pnf_04,-C,False,43,1,0,True,True,"[-0.5262030959129333, 1.0452078580856323]","[-0.6367603540420532, 0.0743274837732315]",-1.938124418258667,-7.988067626953125,0.13586828112602234,2.407012462615967,2.407012462615967,2.4059252738952637,0.001087188720703125,0.02109220251441002,0.12893398106098175,0.9999617338180542,False
syco_bullshit_v2_sw_pnf_04,-C,False,44,1,0,True,True,"[-0.7356576919555664, 1.780245065689087]","[-0.8188587427139282, 0.2560402750968933]",-1.938124418258667,-7.988067626953125,0.21406833827495575,2.285871744155884,2.285871744155884,2.2854552268981934,0.0004165172576904297,0.024247322231531143,0.13497750461101532,0.9999436736106873,False
syco_bullshit_v2_sw_pnf_04,-C,False,45,1,0,True,True,"[-0.4853179156780243, 1.3619985580444336]","[-1.02218496799469, 0.4159146249294281]",-1.938124418258667,-7.988067626953125,0.03364456072449684,2.16675066947937,2.16675066947937,2.1667795181274414,2.8848648071289062e-05,0.022673577070236206,0.1295614093542099,0.9999452829360962,False
syco_bullshit_v2_sw_pnf_04,-C,False,46,1,0,True,True,"[-0.5174566507339478, 1.387281060218811]","[-0.45432794094085693, 0.3943069577217102]",-1.938124418258667,-7.988067626953125,0.012369859032332897,2.3607778549194336,2.3607778549194336,2.3606455326080322,0.0001323223114013672,0.02072754129767418,0.13300766050815582,0.9999614953994751,False
syco_bullshit_v2_sw_pnf_04,-C,False,47,1,0,True,True,"[0.11513598263263702, 0.17790350317955017]","[0.28732919692993164, -0.07508067041635513]",-1.938124418258667,-7.988067626953125,0.6948244571685791,2.761338710784912,2.761338710784912,2.7612152099609375,0.00012350082397460938,0.01668877899646759,0.11123026907444,0.9999817609786987,False
syco_bullshit_v2_sw_pnf_04,-C,False,48,1,0,True,True,"[0.06332024186849594, 0.5446036458015442]","[0.22879129648208618, -0.31694602966308594]",-1.938124418258667,-7.988067626953125,0.5397632718086243,2.821871042251587,2.821870803833008,2.8200156688690186,0.0018551349639892578,0.02262854017317295,0.12550732493400574,0.9999680519104004,False
syco_bullshit_v2_fin_pnf_01,+C,False,0,61,60,True,True,"[-0.10577815771102905, 0.48399919271469116]","[-0.5016518831253052, 0.7147164344787598]",0.370733380317688,0.7484261989593506,0.35587164759635925,0.6499588489532471,0.6499588489532471,0.6498767137527466,8.213520050048828e-05,0.017017152160406113,0.09394431114196777,0.999657154083252,False
syco_bullshit_v2_fin_pnf_01,+C,False,1,1,0,True,True,"[-0.4125289022922516, 0.6931836009025574]","[-0.14113013446331024, 0.03287460282444954]",0.370733380317688,0.7484261989593506,0.5470269322395325,0.3055640161037445,0.3055640161037445,0.30644676089286804,0.0008827447891235352,0.018648521974682808,0.09565139561891556,0.998147189617157,False
syco_bullshit_v2_fin_pnf_01,+C,False,2,1,0,True,True,"[0.06827893108129501, 0.24482576549053192]","[0.2257842868566513, -0.28163474798202515]",0.370733380317688,0.7484261989593506,0.2027686983346939,0.08030294626951218,0.08030293881893158,0.08102874457836151,0.0007258057594299316,0.013690035790205002,0.08518829196691513,0.9856389164924622,False
syco_bullshit_v2_fin_pnf_01,+C,False,3,1,0,True,True,"[-0.09810330718755722, 0.8769739270210266]","[0.5841944217681885, -0.25740036368370056]",0.370733380317688,0.7484261989593506,0.4986262321472168,0.03234061598777771,0.03234061598777771,0.03357941284775734,0.0012387968599796295,0.014706899411976337,0.09634103626012802,0.9011222124099731,False
syco_bullshit_v2_fin_pnf_01,+C,False,4,1,0,True,True,"[0.07790996134281158, 0.9510583877563477]","[-0.051246389746665955, 0.38338667154312134]",0.370733380317688,0.7484261989593506,0.46086132526397705,0.3920094668865204,0.3920094966888428,0.3926582932472229,0.000648796558380127,0.019994402304291725,0.10257545113563538,0.9987028241157532,False
syco_bullshit_v2_fin_pnf_01,+C,False,5,1,0,True,True,"[0.017479948699474335, 0.689494788646698]","[-0.04160892963409424, -0.07299767434597015]",0.370733380317688,0.7484261989593506,0.38634082674980164,0.23771053552627563,0.23771053552627563,0.23869650065898895,0.0009859651327133179,0.01700020022690296,0.09162033349275589,0.9974618554115295,False
syco_bullshit_v2_fin_pnf_01,+C,False,6,1,0,True,True,"[0.139726459980011, 0.6206284165382385]","[0.07874318957328796, -0.2500531077384949]",0.370733380317688,0.7484261989593506,0.3155330419540405,0.1394946426153183,0.1394946426153183,0.13915374875068665,0.00034089386463165283,0.016262026503682137,0.09081996232271194,0.9931910037994385,False
syco_bullshit_v2_fin_pnf_01,+C,False,7,1,0,True,True,"[0.22176600992679596, 0.7679014205932617]","[0.34623926877975464, -0.2807881832122803]",0.370733380317688,0.7484261989593506,0.33970218896865845,0.042422737926244736,0.042422737926244736,0.04426521435379982,0.0018424764275550842,0.015240238048136234,0.0927898958325386,0.9390607476234436,False
syco_bullshit_v2_fin_pnf_01,+C,False,8,1,0,True,True,"[0.3617286682128906, 0.1802714616060257]","[0.5130636692047119, -0.7365419268608093]",0.370733380317688,0.7484261989593506,0.07012729346752167,0.1658545881509781,0.16585460305213928,0.16698484122753143,0.0011302381753921509,0.01657727174460888,0.0873137041926384,0.9950618743896484,False
syco_bullshit_v2_fin_pnf_01,+C,False,9,1,0,True,True,"[0.37497612833976746, 0.7986037731170654]","[0.29423588514328003, -0.41148316860198975]",0.370733380317688,0.7484261989593506,0.2943127453327179,0.012767312116920948,0.012767312116920948,0.010419042780995369,0.002348269335925579,0.009961890988051891,0.10070676356554031,0.6477121114730835,False
syco_bullshit_v2_fin_pnf_01,+C,False,10,1,0,True,True,"[0.3522335886955261, 0.6756700873374939]","[-0.24044109880924225, -0.2643274664878845]",0.370733380317688,0.7484261989593506,0.2571916878223419,0.239836186170578,0.239836186170578,0.24035249650478363,0.0005163103342056274,0.018672000616788864,0.10264807194471359,0.9969782829284668,False
syco_bullshit_v2_fin_pnf_01,+C,False,11,1,0,True,True,"[-0.2839197516441345, 0.9251850247383118]","[0.10635273158550262, -0.8129794001579285]",0.370733380317688,0.7484261989593506,0.5853340029716492,0.05828213691711426,0.058282140642404556,0.0599261038005352,0.0016439631581306458,0.015556033700704575,0.09216678887605667,0.965743899345398,False
syco_bullshit_v2_fin_pnf_01,+C,False,12,1,0,True,True,"[0.056867361068725586, 0.7873045206069946]","[-0.19625429809093475, -0.2192157506942749]",0.370733380317688,0.7484261989593506,0.40798646211624146,0.24060343205928802,0.24060343205928802,0.24135951697826385,0.0007560849189758301,0.01863127201795578,0.1011371836066246,0.9970161318778992,False
syco_bullshit_v2_fin_pnf_01,+C,False,13,1,0,True,True,"[-0.4433075785636902, 0.9660140872001648]","[0.3472095727920532, -1.016005039215088]",0.370733380317688,0.7484261989593506,0.6595149040222168,0.20387358963489532,0.20387358963489532,0.20379893481731415,7.465481758117676e-05,0.019266773015260696,0.10519526153802872,0.9955328702926636,False
syco_bullshit_v2_fin_pnf_01,+C,False,14,1,0,True,True,"[-0.7048674821853638, 0.7309266328811646]","[0.15856650471687317, -0.9204428195953369]",0.370733380317688,0.7484261989593506,0.6693230271339417,0.11058203130960464,0.11058202385902405,0.11085803061723709,0.0002760067582130432,0.015535792335867882,0.09187609702348709,0.99015873670578,False
syco_bullshit_v2_fin_pnf_01,+C,False,15,1,0,True,True,"[-0.26081860065460205, 0.4186778664588928]","[-0.18603569269180298, -0.8027437329292297]",0.370733380317688,0.7484261989593506,0.38911280035972595,0.045228756964206696,0.0452287532389164,0.047493916004896164,0.002265162765979767,0.013489995151758194,0.08737003058195114,0.9588357210159302,False
syco_bullshit_v2_fin_pnf_01,+C,False,16,1,0,True,True,"[-0.6008979082107544, 0.7009276151657104]","[-0.9119312763214111, -0.007978677749633789]",0.370733380317688,0.7484261989593506,0.6196873188018799,0.5467188954353333,0.5467188358306885,0.5470821261405945,0.00036329030990600586,0.018234621733427048,0.10276363790035248,0.9994443655014038,False
syco_bullshit_v2_fin_pnf_01,+C,False,17,1,0,True,True,"[-0.7616770267486572, 1.1154779195785522]","[0.03615570068359375, -0.8470181226730347]",0.370733380317688,0.7484261989593506,0.8328482508659363,0.046309687197208405,0.046309687197208405,0.04778801277279854,0.0014783255755901337,0.01649276353418827,0.10317248106002808,0.939037561416626,False
syco_bullshit_v2_fin_pnf_01,+C,False,18,1,0,True,True,"[-0.5447090864181519, 1.4284945726394653]","[-0.13031671941280365, -0.11047746241092682]",0.370733380317688,0.7484261989593506,0.8684345483779907,0.2543684244155884,0.2543684244155884,0.2555449306964874,0.0011765062808990479,0.021557865664362907,0.10776878148317337,0.9964358806610107,False
syco_bullshit_v2_fin_pnf_01,+C,False,19,1,0,True,True,"[0.44828179478645325, -0.08963348716497421]","[0.3047589659690857, -0.5338236093521118]",0.370733380317688,0.7484261989593506,0.06194131821393967,0.030749382451176643,0.030749382451176643,0.032232616096735,0.0014832336455583572,0.014312424696981907,0.09324061870574951,0.8977707624435425,False
syco_bullshit_v2_fin_pnf_01,+C,False,20,1,0,True,True,"[0.17335444688796997, 0.1843113750219345]","[0.22610051929950714, -0.5534034967422485]",0.370733380317688,0.7484261989593506,0.1414172202348709,0.009185549803078175,0.009185549803078175,0.0075291479006409645,0.00165640190243721,0.0071153235621750355,0.08645802736282349,0.6538128852844238,False
syco_bullshit_v2_fin_pnf_01,+C,False,21,1,0,True,True,"[-0.3043266236782074, 0.6882280111312866]","[0.46294456720352173, -0.5521544814109802]",0.370733380317688,0.7484261989593506,0.5051016211509705,0.08968919515609741,0.08968920260667801,0.09188202023506165,0.0021928176283836365,0.016633015125989914,0.09933442622423172,0.9835060834884644,False
syco_bullshit_v2_fin_pnf_01,+C,False,22,1,0,True,True,"[-0.07504934817552567, 0.5790120363235474]","[0.03010450303554535, -0.25838223099708557]",0.370733380317688,0.7484261989593506,0.3796890676021576,0.15269508957862854,0.15269507467746735,0.15463680028915405,0.0019417256116867065,0.01743900589644909,0.09950520843267441,0.9936400055885315,False
syco_bullshit_v2_fin_pnf_01,+C,False,23,1,0,True,True,"[0.4551447331905365, 0.6638399958610535]","[0.3361169695854187, -0.3200435936450958]",0.370733380317688,0.7484261989593506,0.2146797925233841,0.031935274600982666,0.031935274600982666,0.03348812460899353,0.0015528500080108643,0.015481218695640564,0.09592261910438538,0.889075517654419,False
syco_bullshit_v2_fin_pnf_01,+C,False,24,1,0,True,True,"[0.11396463215351105, 0.5377116799354553]","[-0.13332009315490723, 0.2111293077468872]",0.370733380317688,0.7484261989593506,0.2943570017814636,0.36187323927879333,0.36187323927879333,0.36230313777923584,0.0004298985004425049,0.021494541317224503,0.09889518469572067,0.9982386827468872,False
syco_bullshit_v2_fin_pnf_01,+C,False,25,1,0,True,True,"[0.4126353859901428, 0.3694617450237274]","[0.2885490953922272, -0.3234051764011383]",0.370733380317688,0.7484261989593506,0.12136170268058777,0.04721049219369888,0.04721049219369888,0.0501423180103302,0.002931825816631317,0.016400443390011787,0.09129513800144196,0.9450037479400635,False
syco_bullshit_v2_fin_pnf_01,+C,False,26,1,0,True,True,"[0.29815414547920227, 0.37528055906295776]","[0.5485153198242188, -0.8688101768493652]",0.370733380317688,0.7484261989593506,0.16593317687511444,0.2224128246307373,0.2224128246307373,0.22195784747600555,0.0004549771547317505,0.01583574153482914,0.08436036109924316,0.9974622130393982,False
syco_bullshit_v2_fin_pnf_01,+C,False,27,1,0,True,True,"[0.19425562024116516, 0.7732490301132202]","[0.015151970088481903, 0.005683578550815582]",0.370733380317688,0.7484261989593506,0.3518761694431305,0.24455946683883667,0.24455946683883667,0.24537009000778198,0.0008106231689453125,0.01896544359624386,0.09867667406797409,0.9970084428787231,False
syco_bullshit_v2_fin_pnf_01,+C,False,28,1,0,True,True,"[0.5787169933319092, 0.9238860607147217]","[0.15742452442646027, -0.18817991018295288]",0.370733380317688,0.7484261989593506,0.26524364948272705,0.1346902698278427,0.1346902698278427,0.13529515266418457,0.0006048828363418579,0.017585523426532745,0.098103366792202,0.9915247559547424,False
syco_bullshit_v2_fin_pnf_01,+C,False,29,1,0,True,True,"[0.5707716345787048, 0.2975108027458191]","[0.18929320573806763, -0.48976248502731323]",0.370733380317688,0.7484261989593506,0.03611382469534874,0.02304542250931263,0.02304542250931263,0.02219451777637005,0.0008509047329425812,0.012570502236485481,0.09477613866329193,0.8462375402450562,False
syco_bullshit_v2_fin_pnf_01,+C,False,30,1,0,True,True,"[1.041400671005249, -0.3566344082355499]","[0.7547452449798584, -0.9138257503509521]",0.370733380317688,0.7484261989593506,0.3806178569793701,0.3046712875366211,0.3046712875366211,0.30577513575553894,0.0011038482189178467,0.01873258501291275,0.10360024124383926,0.9981231689453125,False
syco_bullshit_v2_fin_pnf_01,+C,False,31,1,0,True,True,"[0.20633342862129211, 0.2626594305038452]","[0.4538634717464447, -0.7668152451515198]",0.370733380317688,0.7484261989593506,0.15822657942771912,0.1566086709499359,0.1566086709499359,0.1571577787399292,0.0005491077899932861,0.014993398450314999,0.08684588968753815,0.9954392313957214,False
syco_bullshit_v2_fin_pnf_01,+C,False,32,1,0,True,True,"[0.17066332697868347, 0.14445331692695618]","[0.516362726688385, -0.6575658917427063]",0.370733380317688,0.7484261989593506,0.1276467740535736,0.14276468753814697,0.14276468753814697,0.14493827521800995,0.002173587679862976,0.020884990692138672,0.10616341978311539,0.9895743727684021,False
syco_bullshit_v2_fin_pnf_01,+C,False,33,1,0,True,True,"[0.4174060821533203, -0.22956344485282898]","[0.7573069334030151, -1.106170892715454]",0.370733380317688,0.7484261989593506,0.10234620422124863,0.36930224299430847,0.3693022131919861,0.37023091316223145,0.0009286999702453613,0.017236808314919472,0.09829733520746231,0.9989166259765625,False
syco_bullshit_v2_fin_pnf_01,+C,False,34,1,0,True,True,"[-0.1440153419971466, 0.6078358888626099]","[0.9055984020233154, -0.9178427457809448]",0.370733380317688,0.7484261989593506,0.4159204065799713,0.3556040823459625,0.3556040823459625,0.35718628764152527,0.0015822052955627441,0.019081654027104378,0.09892874211072922,0.9985765218734741,False
syco_bullshit_v2_fin_pnf_01,+C,False,35,1,0,True,True,"[-0.38210201263427734, 0.4958522915840149]","[0.6442410349845886, -0.9485093355178833]",0.370733380317688,0.7484261989593506,0.46264195442199707,0.2803182899951935,0.2803182899951935,0.28051745891571045,0.00019916892051696777,0.01863432675600052,0.1021699458360672,0.9977923631668091,False
syco_bullshit_v2_fin_pnf_01,+C,False,36,1,0,True,True,"[0.5025319457054138, 0.5232391357421875]","[0.5641030073165894, -0.5916559100151062]",0.370733380317688,0.7484261989593506,0.1450297236442566,0.13597549498081207,0.13597548007965088,0.13662730157375336,0.000651821494102478,0.01939694955945015,0.10625145584344864,0.9898853302001953,False
syco_bullshit_v2_fin_pnf_01,+C,False,37,1,0,True,True,"[0.5871577858924866, 0.19287817180156708]","[0.39939939975738525, -0.3545646369457245]",0.370733380317688,0.7484261989593506,0.00872393324971199,0.0007392963161692023,0.0007392963161692023,0.00019841926405206323,0.0005408770521171391,0.0007273873779922724,0.09187842160463333,0.1937303990125656,False
syco_bullshit_v2_fin_pnf_01,+C,False,38,1,0,True,True,"[0.34039372205734253, 0.6352310180664062]","[-0.20556098222732544, -0.016154691576957703]",0.370733380317688,0.7484261989593506,0.2465956062078476,0.3107184171676636,0.3107184171676636,0.31148403882980347,0.0007656216621398926,0.01869022659957409,0.09717896580696106,0.998198390007019,False
syco_bullshit_v2_fin_pnf_01,+C,False,39,1,0,True,True,"[-0.041549451649188995, 0.3709116578102112]","[0.3104044198989868, -0.598263144493103]",0.370733380317688,0.7484261989593506,0.29017552733421326,0.05436879023909569,0.05436879023909569,0.05570641905069351,0.001337628811597824,0.01222627516835928,0.08315644413232803,0.9756177663803101,False
syco_bullshit_v2_fin_pnf_01,+C,False,40,1,0,True,True,"[0.06097704917192459, 0.721863865852356]","[0.23019348084926605, 0.07639706134796143]",0.370733380317688,0.7484261989593506,0.3822178840637207,0.19740056991577148,0.19740058481693268,0.19852681457996368,0.0011262297630310059,0.01841294951736927,0.10158310830593109,0.9956905841827393,False
syco_bullshit_v2_fin_pnf_01,+C,False,41,1,0,True,True,"[0.01939631812274456, 0.3124694228172302]","[0.014409855008125305, -0.28447750210762024]",0.370733380317688,0.7484261989593506,0.24594196677207947,0.14932389557361603,0.14932391047477722,0.1500726044178009,0.0007486939430236816,0.01565936952829361,0.09192751348018646,0.9945412874221802,False
syco_bullshit_v2_fin_pnf_01,+C,False,42,1,0,True,True,"[-0.310232937335968, 1.0432575941085815]","[-0.30546534061431885, 0.2339017689228058]",0.370733380317688,0.7484261989593506,0.6388293504714966,0.4259098768234253,0.4259098470211029,0.42545250058174133,0.00045734643936157227,0.0189386997371912,0.10561470687389374,0.9990108609199524,False
syco_bullshit_v2_fin_pnf_01,+C,False,43,1,0,True,True,"[0.17246466875076294, 0.7556072473526001]","[-0.079802006483078, -0.03451000899076462]",0.370733380317688,0.7484261989593506,0.3534134328365326,0.26408836245536804,0.26408836245536804,0.2656237483024597,0.0015353858470916748,0.017627930268645287,0.09780290722846985,0.9978018403053284,False
syco_bullshit_v2_fin_pnf_01,+C,False,44,1,0,True,True,"[0.288528710603714, 0.6928895115852356]","[-0.16380509734153748, 0.0728420615196228]",0.370733380317688,0.7484261989593506,0.2871743440628052,0.3264402449131012,0.3264402449131012,0.3270834684371948,0.0006432235240936279,0.01913493126630783,0.10342543572187424,0.9982873201370239,False
syco_bullshit_v2_fin_pnf_01,+C,False,45,1,0,True,True,"[0.13837547600269318, 0.4404735863208771]","[-0.04491104185581207, -0.4703901410102844]",0.370733380317688,0.7484261989593506,0.2492857575416565,0.10686045140028,0.10686045140028,0.10813210159540176,0.0012716501951217651,0.013116849586367607,0.08992938697338104,0.9926251173019409,False
syco_bullshit_v2_fin_pnf_01,+C,False,46,1,0,True,True,"[-0.15649601817131042, 0.4610992670059204]","[0.10342653095722198, -0.5259281992912292]",0.370733380317688,0.7484261989593506,0.3661782741546631,0.04039281979203224,0.04039281979203224,0.04165579378604889,0.0012629739940166473,0.014024688862264156,0.0936184749007225,0.9420250058174133,False
syco_bullshit_v2_fin_pnf_01,+C,False,47,1,0,True,True,"[-0.20752988755702972, 0.5159742832183838]","[-0.09446140378713608, -0.367234468460083]",0.370733380317688,0.7484261989593506,0.4054177701473236,0.15768246352672577,0.15768246352672577,0.15778914093971252,0.00010667741298675537,0.01761307194828987,0.09827584028244019,0.9937660098075867,False
syco_bullshit_v2_fin_pnf_01,+C,False,48,1,0,True,True,"[0.4443913400173187, 0.4122909903526306]","[-0.1323871910572052, -0.07747471332550049]",0.370733380317688,0.7484261989593506,0.12546439468860626,0.2669276297092438,0.2669275999069214,0.2666730284690857,0.00025457143783569336,0.019198181107640266,0.09978039562702179,0.9974115490913391,False
syco_bullshit_v2_fin_pnf_01,+C,False,49,1,0,True,True,"[0.33363938331604004, 0.6113911867141724]","[0.16254639625549316, -0.2090102732181549]",0.370733380317688,0.7484261989593506,0.2402653843164444,0.12528087198734283,0.12528087198734283,0.12705762684345245,0.0017767548561096191,0.016705263406038284,0.0880281999707222,0.9913333654403687,False
syco_bullshit_v2_fin_pnf_01,+C,False,50,1,0,True,True,"[0.11120368540287018, 0.2347785234451294]","[0.2894546687602997, -0.1489492654800415]",0.370733380317688,0.7484261989593506,0.18314243853092194,0.1028512492775917,0.1028512492775917,0.10375546663999557,0.0009042173624038696,0.013042807579040527,0.06762135773897171,0.9920677542686462,False
syco_bullshit_v2_fin_pnf_01,+C,False,51,1,0,True,True,"[0.39480310678482056, 0.07679207623004913]","[0.5219554305076599, -0.7628791332244873]",0.370733380317688,0.7484261989593506,0.019533757120370865,0.1778893768787384,0.1778893917798996,0.1783689558506012,0.0004795640707015991,0.014218652620911598,0.08211910724639893,0.9968178272247314,False
syco_bullshit_v2_fin_pnf_01,-C,False,0,61,60,True,True,"[-0.10577815771102905, 0.48399919271469116]","[-0.5016518831253052, 0.7147164344787598]",-1.938124418258667,-7.988067626953125,0.499565988779068,2.239213705062866,2.239213705062866,2.239452838897705,0.0002391338348388672,0.01909063197672367,0.11877641081809998,0.9999637007713318,False
syco_bullshit_v2_fin_pnf_01,-C,False,1,1,0,True,True,"[-0.4125289022922516, 0.6931836009025574]","[-0.14113013446331024, 0.03287460282444954]",-1.938124418258667,-7.988067626953125,0.3084107041358948,2.5841190814971924,2.5841190814971924,2.5840790271759033,4.00543212890625e-05,0.025084711611270905,0.13125382363796234,0.9999527931213379,False
syco_bullshit_v2_fin_pnf_01,-C,False,2,1,0,True,True,"[0.06827893108129501, 0.24482576549053192]","[0.2257842868566513, -0.28163474798202515]",-1.938124418258667,-7.988067626953125,0.6526689529418945,2.807464361190796,2.807464361190796,2.8071506023406982,0.00031375885009765625,0.02334487810730934,0.12780019640922546,0.9999653697013855,False
syco_bullshit_v2_fin_pnf_01,-C,False,3,1,0,True,True,"[-0.09810330718755722, 0.8769739270210266]","[0.5841944217681885, -0.25740036368370056]",-1.938124418258667,-7.988067626953125,0.35681140422821045,2.9199306964874268,2.9199306964874268,2.919137477874756,0.0007932186126708984,0.025781231001019478,0.1414596289396286,0.9999611973762512,False
syco_bullshit_v2_fin_pnf_01,-C,False,4,1,0,True,True,"[0.07790996134281158, 0.9510583877563477]","[-0.051246389746665955, 0.38338667154312134]",-1.938124418258667,-7.988067626953125,0.3945762813091278,2.4979617595672607,2.4979617595672607,2.496889352798462,0.0010724067687988281,0.020464615896344185,0.13548095524311066,0.9999665021896362,False
syco_bullshit_v2_fin_pnf_01,-C,False,5,1,0,True,True,"[0.017479948699474335, 0.689494788646698]","[-0.04160892963409424, -0.07299767434597015]",-1.938124418258667,-7.988067626953125,0.4690967798233032,2.652367353439331,2.652367353439331,2.6519699096679688,0.0003974437713623047,0.023442286998033524,0.12934935092926025,0.9999609589576721,False
syco_bullshit_v2_fin_pnf_01,-C,False,6,1,0,True,True,"[0.139726459980011, 0.6206284165382385]","[0.07874318957328796, -0.2500531077384949]",-1.938124418258667,-7.988067626953125,0.5399045944213867,2.7503907680511475,2.7503907680511475,2.750645875930786,0.0002551078796386719,0.024744128808379173,0.13161522150039673,0.9999595880508423,False
syco_bullshit_v2_fin_pnf_01,-C,False,7,1,0,True,True,"[0.19902807474136353, 1.0849112272262573]","[0.5383418798446655, -0.3881472051143646]",-1.938124418258667,-7.988067626953125,0.38985806703567505,2.9489548206329346,2.9489548206329346,2.9499213695526123,0.0009665489196777344,0.026834074407815933,0.14286793768405914,0.9999586939811707,False
syco_bullshit_v2_fin_pnf_01,-C,False,8,1,0,True,True,"[0.4282606244087219, 0.3187792897224426]","[0.5417494773864746, -0.6542226076126099]",-1.938124418258667,-7.988067626953125,0.7586430907249451,3.038090229034424,3.038090229034424,3.039113759994507,0.0010235309600830078,0.022898901253938675,0.130431666970253,0.9999715685844421,False
syco_bullshit_v2_fin_pnf_01,-C,False,9,1,0,True,True,"[-0.02211190015077591, 0.13242992758750916]","[0.3086327314376831, -0.5183508396148682]",-1.938124418258667,-7.988067626953125,0.6608218550682068,2.9146363735198975,2.9146363735198975,2.914625406265259,1.0967254638671875e-05,0.02254171296954155,0.12265856564044952,0.999970018863678,False
syco_bullshit_v2_fin_pnf_01,-C,False,10,1,0,True,True,"[0.08722470700740814, 0.1708132028579712]","[0.21470040082931519, -0.5852521657943726]",-1.938124418258667,-7.988067626953125,0.6871102452278137,2.905388593673706,2.905388593673706,2.9061875343322754,0.0007989406585693359,0.022786442190408707,0.12392757833003998,0.9999693632125854,False
syco_bullshit_v2_fin_pnf_01,-C,False,11,1,0,True,True,"[-0.17801859974861145, 0.3172861933708191]","[-0.23140738904476166, -0.13648736476898193]",-1.938124418258667,-7.988067626953125,0.5345683097839355,2.610581636428833,2.610581636428833,2.610560178756714,2.1457672119140625e-05,0.021472783759236336,0.12241920828819275,0.9999661445617676,False
syco_bullshit_v2_fin_pnf_01,-C,False,12,1,0,True,True,"[-0.07478681206703186, 0.10512741655111313]","[0.10922417044639587, -0.4488494098186493]",-1.938124418258667,-7.988067626953125,0.651421308517456,2.8246958255767822,2.8246958255767822,2.8246145248413086,8.130073547363281e-05,0.02257501520216465,0.12150907516479492,0.9999679923057556,False
syco_bullshit_v2_fin_pnf_01,-C,False,13,1,0,True,True,"[0.409862220287323, 0.04842757806181908]","[0.28503116965293884, -0.5632020831108093]",-1.938124418258667,-7.988067626953125,0.8519924283027649,2.9223320484161377,2.9223320484161377,2.922842025756836,0.0005099773406982422,0.02466660365462303,0.13655436038970947,0.9999644756317139,False
syco_bullshit_v2_fin_pnf_01,-C,False,14,1,0,True,True,"[0.3035372495651245, 0.40630194544792175]","[0.07525495439767838, -0.23378238081932068]",-1.938124418258667,-7.988067626953125,0.6800053715705872,2.743483781814575,2.743483781814575,2.74391508102417,0.00043129920959472656,0.026123100891709328,0.13627314567565918,0.9999547600746155,False
syco_bullshit_v2_fin_pnf_01,-C,False,15,1,0,True,True,"[0.09791906923055649, 0.09726143628358841]","[0.1184869110584259, -0.47455304861068726]",-1.938124418258667,-7.988067626953125,0.7183236479759216,2.838155508041382,2.838155508041382,2.837244987487793,0.0009105205535888672,0.02458978444337845,0.1309845894575119,0.9999624490737915,False
syco_bullshit_v2_fin_pnf_01,-C,False,16,1,0,True,True,"[-0.018445413559675217, 0.12645137310028076]","[0.1415516585111618, -0.734490692615509]",-1.938124418258667,-7.988067626953125,0.6643953919410706,2.932201623916626,2.932201385498047,2.9322056770324707,4.291534423828125e-06,0.02231101505458355,0.13059094548225403,0.9999710321426392,False
syco_bullshit_v2_fin_pnf_01,-C,False,17,1,0,True,True,"[-0.21470169723033905, 0.22928741574287415]","[-0.2704184353351593, -0.2833557724952698]",-1.938124418258667,-7.988067626953125,0.5535809397697449,2.64524507522583,2.645244836807251,2.645479440689087,0.0002346038818359375,0.022421563044190407,0.1279238909482956,0.9999639987945557,False
syco_bullshit_v2_fin_pnf_01,-C,False,18,1,0,True,True,"[-0.27911025285720825, 0.41926661133766174]","[0.6162312626838684, -0.7037714123725891]",-1.938124418258667,-7.988067626953125,0.4593295753002167,3.0778346061706543,3.0778346061706543,3.077223062515259,0.0006115436553955078,0.02448263205587864,0.14183743298053741,0.9999682903289795,False
syco_bullshit_v2_fin_pnf_01,-C,False,19,1,0,True,True,"[-0.38339298963546753, 0.32167428731918335]","[0.2593317925930023, -0.8223204016685486]",-1.938124418258667,-7.988067626953125,0.4568507969379425,2.9992268085479736,2.9992265701293945,2.99971342086792,0.0004868507385253906,0.024736367166042328,0.14408133924007416,0.9999659657478333,False
syco_bullshit_v2_fin_pnf_01,-C,False,20,1,0,True,True,"[-0.021260365843772888, 0.7779173851013184]","[0.4312872290611267, -0.7224665284156799]",-1.938124418258667,-7.988067626953125,0.42198261618614197,3.023714780807495,3.023714780807495,3.0225844383239746,0.0011303424835205078,0.025906797498464584,0.14356228709220886,0.9999634027481079,False
syco_bullshit_v2_fin_pnf_01,-C,False,21,1,0,True,True,"[0.05431194603443146, 0.7514392137527466]","[-0.31198689341545105, -0.07305918633937836]",-1.938124418258667,-7.988067626953125,0.4597925543785095,2.5636630058288574,2.5636627674102783,2.5632855892181396,0.0003771781921386719,0.024117233231663704,0.13430330157279968,0.9999557733535767,False
syco_bullshit_v2_fin_pnf_01,-C,False,22,1,0,True,True,"[-0.2783808708190918, 0.8223373293876648]","[-0.08480539917945862, -0.6668001413345337]",-1.938124418258667,-7.988067626953125,0.3102611005306244,2.8333561420440674,2.8333561420440674,2.8337676525115967,0.0004115104675292969,0.024422897025942802,0.13568192720413208,0.9999628067016602,False
syco_bullshit_v2_fin_pnf_01,-C,False,23,1,0,True,True,"[-0.654924750328064, 0.901760995388031]","[-0.4996955096721649, 0.01005464419722557]",-1.938124418258667,-7.988067626953125,0.1413240134716034,2.4740328788757324,2.4740328788757324,2.4748764038085938,0.0008435249328613281,0.02310066670179367,0.12997934222221375,0.9999564290046692,False
syco_bullshit_v2_fin_pnf_01,-C,False,24,1,0,True,True,"[0.15373195707798004, 0.8982967734336853]","[-0.23090548813343048, 0.03862367570400238]",-1.938124418258667,-7.988067626953125,0.4422168433666229,2.5527186393737793,2.5527186393737793,2.55354905128479,0.0008304119110107422,0.02449275739490986,0.13856346905231476,0.9999540448188782,False
syco_bullshit_v2_fin_pnf_01,-C,False,25,1,0,True,True,"[0.5009487867355347, 0.02979017049074173]","[-0.1315581351518631, -0.431610643863678]",-1.938124418258667,-7.988067626953125,0.8926454782485962,2.7405216693878174,2.7405216693878174,2.740123748779297,0.0003979206085205078,0.023825809359550476,0.1364143192768097,0.9999622106552124,False
syco_bullshit_v2_fin_pnf_01,-C,False,26,1,0,True,True,"[-0.29947298765182495, 0.41724473237991333]","[0.021177753806114197, -0.6478216648101807]",-1.938124418258667,-7.988067626953125,0.4525342583656311,2.8628880977630615,2.8628880977630615,2.864126443862915,0.0012383460998535156,0.026910215616226196,0.1422595977783203,0.9999558925628662,False
syco_bullshit_v2_fin_pnf_01,-C,False,27,1,0,True,True,"[0.28252100944519043, -0.20990024507045746]","[0.41683274507522583, -0.9600296020507812]",-1.938124418258667,-7.988067626953125,0.9005233645439148,3.0965774059295654,3.0965774059295654,3.0964746475219727,0.00010275840759277344,0.02337217703461647,0.14082956314086914,0.9999715089797974,False
syco_bullshit_v2_fin_pnf_01,-C,False,28,1,0,True,True,"[-0.5862544178962708, 0.5360519886016846]","[0.4015236496925354, -0.8716025948524475]",-1.938124418258667,-7.988067626953125,0.30226266384124756,3.062293767929077,3.062293529510498,3.0632359981536865,0.0009424686431884766,0.024552930146455765,0.14588625729084015,0.9999678730964661,False
syco_bullshit_v2_fin_pnf_01,-C,False,29,1,0,True,True,"[-0.24269810318946838, 0.656047523021698]","[-0.1103832945227623, -0.26899033784866333]",-1.938124418258667,-7.988067626953125,0.38509243726730347,2.6938507556915283,2.6938507556915283,2.6943860054016113,0.0005352497100830078,0.02694125846028328,0.14168637990951538,0.999950110912323,False
syco_bullshit_v2_fin_pnf_01,-C,False,30,1,0,True,True,"[-0.09516757726669312, 0.6620413064956665]","[-0.18507328629493713, 0.4365348219871521]",-1.938124418258667,-7.988067626953125,0.4375322163105011,2.4355556964874268,2.4355556964874268,2.4368042945861816,0.0012485980987548828,0.020303573459386826,0.13581793010234833,0.9999654293060303,False
syco_bullshit_v2_fin_pnf_01,-C,False,31,1,0,True,True,"[-0.23050875961780548, 0.9745475649833679]","[-0.45230787992477417, 0.223617821931839]",-1.938124418258667,-7.988067626953125,0.2716035842895508,2.4173266887664795,2.4173264503479004,2.416961669921875,0.0003647804260253906,0.021968606859445572,0.12595970928668976,0.9999586939811707,False
syco_bullshit_v2_fin_pnf_01,-C,False,32,1,0,True,True,"[-0.07241811603307724, 0.902361273765564]","[-0.014129310846328735, -0.262957364320755]",-1.938124418258667,-7.988067626953125,0.3569217920303345,2.7237954139709473,2.723795175552368,2.723447799682617,0.00034737586975097656,0.025669556111097336,0.1443234533071518,0.9999555349349976,False
syco_bullshit_v2_fin_pnf_01,-C,False,33,1,0,True,True,"[-0.5260995030403137, 1.0748034715652466]","[-0.38631030917167664, 0.14958009123802185]",-1.938124418258667,-7.988067626953125,0.1249413713812828,2.4644887447357178,2.4644887447357178,2.4645705223083496,8.177757263183594e-05,0.022339140996336937,0.13281971216201782,0.999958872795105,False
syco_bullshit_v2_fin_pnf_01,-C,False,34,1,0,True,True,"[-0.07904694229364395, 0.5263209342956543]","[-0.17628127336502075, -0.12005309760570526]",-1.938124418258667,-7.988067626953125,0.4937896430492401,2.6223764419555664,2.6223764419555664,2.6233184337615967,0.0009419918060302734,0.022870978340506554,0.12928731739521027,0.9999620318412781,False
syco_bullshit_v2_fin_pnf_01,-C,False,35,1,0,True,True,"[-0.09801200032234192, 0.7102628946304321]","[-0.2568124532699585, -0.24526411294937134]",-1.938124418258667,-7.988067626953125,0.4186120927333832,2.6379096508026123,2.6379096508026123,2.635932445526123,0.001977205276489258,0.025579020380973816,0.14177654683589935,0.9999533295631409,False
syco_bullshit_v2_fin_pnf_01,-C,False,36,1,0,True,True,"[-0.13027554750442505, 0.5119168758392334]","[-0.37696176767349243, 0.16287168860435486]",-1.938124418258667,-7.988067626953125,0.4801460802555084,2.4626245498657227,2.4626245498657227,2.4618451595306396,0.0007793903350830078,0.022796837612986565,0.13684308528900146,0.9999571442604065,False
syco_bullshit_v2_fin_pnf_01,-C,False,37,1,0,True,True,"[-0.3978807330131531, 0.8868620991706848]","[-0.42708200216293335, -0.40132445096969604]",-1.938124418258667,-7.988067626953125,0.24207952618598938,2.6339213848114014,2.6339213848114014,2.6336796283721924,0.00024175643920898438,0.023970425128936768,0.13611114025115967,0.9999586343765259,False
syco_bullshit_v2_fin_pnf_01,-C,False,38,1,0,True,True,"[-0.3537895083427429, 0.4203311800956726]","[-0.5890218019485474, -0.23578795790672302]",-1.938124418258667,-7.988067626953125,0.43126633763313293,2.525662899017334,2.525662899017334,2.5261712074279785,0.0005083084106445312,0.022196834906935692,0.12655314803123474,0.9999613761901855,False
syco_bullshit_v2_fin_pnf_01,-C,False,39,1,0,True,True,"[-0.45265647768974304, 0.560686469078064]","[-0.5627091526985168, -0.21227896213531494]",-1.938124418258667,-7.988067626953125,0.34263384342193604,2.5259413719177246,2.5259413719177246,2.5244054794311523,0.0015358924865722656,0.022349180653691292,0.1303674727678299,0.9999610185623169,False
syco_bullshit_v2_fin_pnf_01,-C,False,40,1,0,True,True,"[-0.7846207618713379, 0.9160239100456238]","[-0.02845337986946106, -0.6453813314437866]",-1.938124418258667,-7.988067626953125,0.08798681944608688,2.8437912464141846,2.8437912464141846,2.8451693058013916,0.0013780593872070312,0.025689193978905678,0.14222511649131775,0.9999593496322632,False
syco_bullshit_v2_fin_pnf_01,-C,False,41,1,0,True,True,"[-0.8035718202590942, 1.3313640356063843]","[-0.20214173197746277, -0.3405866324901581]",-1.938124418258667,-7.988067626953125,0.07291913032531738,2.6865415573120117,2.686541795730591,2.686401128768921,0.00014066696166992188,0.026461774483323097,0.1447160392999649,0.9999515414237976,False
syco_bullshit_v2_fin_pnf_01,-C,False,42,1,0,True,True,"[-0.34826281666755676, 0.03856875002384186]","[-0.21066884696483612, -0.3111985921859741]",-1.938124418258667,-7.988067626953125,0.5747578740119934,2.6744587421417236,2.6744589805603027,2.673264980316162,0.001194000244140625,0.02286619320511818,0.1288912296295166,0.999963641166687,False
syco_bullshit_v2_fin_pnf_01,-C,False,43,1,0,True,True,"[-0.1496918499469757, 0.11781392991542816]","[-0.1853785216808319, -0.3586876690387726]",-1.938124418258667,-7.988067626953125,0.6189684271812439,2.698638677597046,2.698638439178467,2.6983284950256348,0.00030994415283203125,0.02157163806259632,0.11860073357820511,0.9999680519104004,False
syco_bullshit_v2_fin_pnf_01,-C,False,44,1,0,True,True,"[-0.177082359790802, 0.18292084336280823]","[0.5778591632843018, -0.7990831732749939]",-1.938124418258667,-7.988067626953125,0.5846978425979614,3.097144603729248,3.097144842147827,3.096308946609497,0.0008358955383300781,0.024782191962003708,0.1466706246137619,0.9999680519104004,False
syco_bullshit_v2_fin_pnf_01,-C,False,45,1,0,True,True,"[-0.34350770711898804, 0.386731892824173]","[0.43346792459487915, -0.8202062845230103]",-1.938124418258667,-7.988067626953125,0.4475243389606476,3.057161569595337,3.057161569595337,3.057433843612671,0.0002722740173339844,0.02340688742697239,0.1347193568944931,0.9999707341194153,False
syco_bullshit_v2_fin_pnf_01,-C,False,46,1,0,True,True,"[-0.04965301230549812, 0.4391792118549347]","[0.7027824521064758, -1.030687928199768]",-1.938124418258667,-7.988067626953125,0.5369663834571838,3.2158219814300537,3.2158219814300537,3.215167760848999,0.0006542205810546875,0.0253772996366024,0.1496724784374237,0.9999688863754272,False
syco_bullshit_v2_fin_pnf_01,-C,False,47,1,0,True,True,"[-0.25885990262031555, 0.3807785212993622]","[-0.015921875834465027, -0.6685221195220947]",-1.938124418258667,-7.988067626953125,0.48109233379364014,2.857184648513794,2.857184648513794,2.8580801486968994,0.0008955001831054688,0.023204922676086426,0.13100534677505493,0.9999670386314392,False
syco_bullshit_v2_fin_pnf_01,-C,False,48,1,0,True,True,"[-0.14427512884140015, 0.3383341133594513]","[-0.0783713236451149, -0.5848506689071655]",-1.938124418258667,-7.988067626953125,0.5392720699310303,2.808603525161743,2.808603286743164,2.80861496925354,1.1682510375976562e-05,0.022325433790683746,0.13095678389072418,0.9999682903289795,False
syco_bullshit_v2_fin_pnf_01,-C,False,49,1,0,True,True,"[-0.4592376947402954, 0.7047277688980103]","[-0.1221114993095398, -0.5071675777435303]",-1.938124418258667,-7.988067626953125,0.28682783246040344,2.768256425857544,2.768256425857544,2.7674572467803955,0.0007991790771484375,0.024799691513180733,0.1409306824207306,0.9999599456787109,False
syco_bullshit_v2_fin_pnf_01,-C,False,50,1,0,True,True,"[-0.3723493218421936, 1.2313051223754883]","[-0.23791497945785522, -0.21697929501533508]",-1.938124418258667,-7.988067626953125,0.12392198294401169,2.6352052688598633,2.6352052688598633,2.633622407913208,0.0015828609466552734,0.02584160305559635,0.14314141869544983,0.9999520778656006,False
syco_bullshit_v2_fin_pnf_01,-C,False,51,1,0,True,True,"[0.07209428399801254, 0.22840742766857147]","[0.6481225490570068, -0.5416193008422852]",-1.938124418258667,-7.988067626953125,0.660165548324585,3.0366432666778564,3.0366432666778564,3.0374817848205566,0.0008385181427001953,0.02517380192875862,0.14303866028785706,0.9999656677246094,False
syco_bullshit_v2_fin_pnf_01,-C,False,52,1,0,True,True,"[0.06013407185673714, 0.16042080521583557]","[-0.0831439197063446, -0.4669477045536041]",-1.938124418258667,-7.988067626953125,0.6809235215187073,2.7680716514587402,2.768071413040161,2.7684104442596436,0.0003390312194824219,0.024172769859433174,0.131663978099823,0.999961793422699,False
syco_bullshit_v2_fin_pnf_01,-C,False,53,1,0,True,True,"[-0.1891738772392273, 0.30096903443336487]","[0.00649474561214447, -0.35971784591674805]",-1.938124418258667,-7.988067626953125,0.5364807844161987,2.7622745037078857,2.7622745037078857,2.7628231048583984,0.0005486011505126953,0.024104047566652298,0.1286780834197998,0.9999620318412781,False
syco_bullshit_v2_fin_pnf_01,-C,False,54,1,0,True,True,"[-0.37295079231262207, 0.6836805939674377]","[0.49900904297828674, -0.616460919380188]",-1.938124418258667,-7.988067626953125,0.3265954256057739,3.0109684467315674,3.0109684467315674,3.0108585357666016,0.00010991096496582031,0.02382703311741352,0.14259152114391327,0.9999686479568481,False
syco_bullshit_v2_fin_pnf_01,-C,False,55,1,0,True,True,"[-0.3747597932815552, 0.6152185201644897]","[0.003395393490791321, -0.4115440845489502]",-1.938124418258667,-7.988067626953125,0.3512905240058899,2.778374671936035,2.778374433517456,2.7785980701446533,0.00022363662719726562,0.023719655349850655,0.13601738214492798,0.9999635815620422,False
syco_bullshit_v2_fin_pnf_01,-C,False,56,1,0,True,True,"[0.06401722133159637, 0.7964532971382141]","[0.016154270619153976, -0.1812288761138916]",-1.938124418258667,-7.988067626953125,0.4467105567455292,2.706960439682007,2.706960439682007,2.7060441970825195,0.0009162425994873047,0.02659577690064907,0.1421700119972229,0.9999517798423767,False
syco_bullshit_v2_fin_pnf_01,-C,False,57,1,0,True,True,"[-0.11796516180038452, 0.8081484436988831]","[-0.36147254705429077, -0.027750708162784576]",-1.938124418258667,-7.988067626953125,0.3749525547027588,2.530902147293091,2.530902147293091,2.53108549118042,0.00018334388732910156,0.023260366171598434,0.13353949785232544,0.999957799911499,False
syco_bullshit_v2_fin_pnf_01,-C,False,58,1,0,True,True,"[-0.4170021414756775, 0.8611242771148682]","[-0.027110159397125244, -0.43713223934173584]",-1.938124418258667,-7.988067626953125,0.24453090131282806,2.77736234664917,2.77736234664917,2.7786643505096436,0.0013020038604736328,0.02475247159600258,0.13389956951141357,0.9999604225158691,False
syco_bullshit_v2_fin_pnf_01,-C,False,59,1,0,True,True,"[-0.04757731407880783, 0.6184128522872925]","[-0.10625675320625305, -0.3009393811225891]",-1.938124418258667,-7.988067626953125,0.4713289439678192,2.7055914402008057,2.7055916786193848,2.705348253250122,0.0002434253692626953,0.022947683930397034,0.12946616113185883,0.9999640583992004,False
syco_bullshit_v2_fin_pnf_01,-C,False,60,1,0,True,True,"[0.1458175629377365, 0.26650452613830566]","[-0.21256685256958008, -0.02587646059691906]",-1.938124418258667,-7.988067626953125,0.6733651161193848,2.5806257724761963,2.5806257724761963,2.5799827575683594,0.0006430149078369141,0.02286357618868351,0.13413292169570923,0.9999607801437378,False
syco_bullshit_v2_fin_pnf_01,-C,False,61,1,0,True,True,"[-0.49538666009902954, 1.0097376108169556]","[-0.11879503726959229, 0.02465401589870453]",-1.938124418258667,-7.988067626953125,0.16042761504650116,2.5948028564453125,2.5948030948638916,2.5954251289367676,0.0006220340728759766,0.02495221048593521,0.13854749500751495,0.9999538660049438,False
syco_bullshit_v2_fin_pnf_01,-C,False,62,1,0,True,True,"[-0.17656078934669495, 0.8302417993545532]","[-0.12716346979141235, -0.04888481646776199]",-1.938124418258667,-7.988067626953125,0.34505710005760193,2.6163086891174316,2.6163086891174316,2.6150219440460205,0.0012867450714111328,0.024480940774083138,0.1391640454530716,0.9999563097953796,False
syco_bullshit_v2_fin_pnf_01,-C,False,63,1,0,True,True,"[-0.005947228521108627, 1.0305171012878418]","[-0.13958841562271118, 0.17035330832004547]",-1.938124418258667,-7.988067626953125,0.33406731486320496,2.5383903980255127,2.5383903980255127,2.5365889072418213,0.0018014907836914062,0.025678586214780807,0.1409408301115036,0.9999490976333618,False
syco_bullshit_v2_fin_pnf_01,-C,False,64,1,0,True,True,"[0.3508021831512451, 0.5469720959663391]","[0.105305016040802, -0.10519867390394211]",-1.938124418258667,-7.988067626953125,0.6453985571861267,2.711117744445801,2.711117744445801,2.711092710494995,2.5033950805664062e-05,0.02448146604001522,0.1274462789297104,0.9999592900276184,False
syco_bullshit_v2_fin_pnf_01,-C,False,65,1,0,True,True,"[0.1396978497505188, 0.19948486983776093]","[0.31224939227104187, -0.16479314863681793]",-1.938124418258667,-7.988067626953125,0.695928692817688,2.799365282058716,2.799365520477295,2.7987029552459717,0.0006625652313232422,0.016738122329115868,0.11035070568323135,0.9999821782112122,False
syco_bullshit_v2_fin_pnf_01,-C,False,66,1,0,True,True,"[0.2507779896259308, 0.19947631657123566]","[0.35951220989227295, -0.5113205909729004]",-1.938124418258667,-7.988067626953125,0.7370873689651489,2.9291574954986572,2.9291574954986572,2.9286725521087646,0.0004849433898925781,0.02168506197631359,0.1213817298412323,0.9999725818634033,False
syco_bullshit_v2_fin_pnf_02,+C,False,0,70,69,True,True,"[-0.08121944963932037, 0.5621398687362671]","[-0.758607029914856, 0.9976209402084351]",0.370733380317688,0.7484261989593506,0.3757238984107971,0.8284306526184082,0.8284306526184082,0.8296546339988708,0.0012239813804626465,0.018200810998678207,0.09973053634166718,0.9997600317001343,False
syco_bullshit_v2_fin_pnf_02,+C,False,1,1,0,True,True,"[-0.10956478118896484, 0.8486079573631287]","[-0.5770201086997986, 0.308357834815979]",0.370733380317688,0.7484261989593506,0.4923630356788635,0.5408485531806946,0.5408485531806946,0.5418763756752014,0.001027822494506836,0.018305620178580284,0.0941493958234787,0.9994301795959473,False
syco_bullshit_v2_fin_pnf_02,+C,False,2,1,0,True,True,"[-0.09832212328910828, 0.9489958882331848]","[-0.5599117279052734, 0.17171387374401093]",0.370733380317688,0.7484261989593506,0.5253915786743164,0.4898926615715027,0.4898926615715027,0.48972901701927185,0.00016364455223083496,0.018816078081727028,0.09663768112659454,0.9992622137069702,False
syco_bullshit_v2_fin_pnf_02,+C,False,3,1,0,True,True,"[-0.128949835896492, 0.9657573699951172]","[-0.5722165107727051, 0.2833949327468872]",0.370733380317688,0.7484261989593506,0.5429494380950928,0.5308338403701782,0.5308338403701782,0.5316845774650574,0.0008507370948791504,0.018183749169111252,0.09698162227869034,0.9994155168533325,False
syco_bullshit_v2_fin_pnf_02,+C,False,4,1,0,True,True,"[-0.0886768102645874, 0.6456393599510193]","[-0.6860376000404358, 0.28300976753234863]",0.370733380317688,0.7484261989593506,0.40942367911338806,0.5678325295448303,0.5678325295448303,0.5677887201309204,4.380941390991211e-05,0.019260641187429428,0.1007346585392952,0.9994246959686279,False
syco_bullshit_v2_fin_pnf_02,+C,False,5,1,0,True,True,"[-0.07692378759384155, 0.873476505279541]","[-1.0145375728607178, 0.8475788235664368]",0.370733380317688,0.7484261989593506,0.4894833266735077,0.8637681603431702,0.8637681603431702,0.863908052444458,0.0001398921012878418,0.021363159641623497,0.10882222652435303,0.9996942281723022,False
syco_bullshit_v2_fin_pnf_02,+C,False,6,1,0,True,True,"[-0.023775674402713776, 0.7187782526016235]","[-0.1873287856578827, -0.0398222953081131]",0.370733380317688,0.7484261989593506,0.41247573494911194,0.2980884909629822,0.2980884909629822,0.29772233963012695,0.0003661513328552246,0.0193957407027483,0.09634861350059509,0.9978813529014587,False
syco_bullshit_v2_fin_pnf_02,+C,False,7,1,0,True,True,"[-0.1444738805294037, 0.8684456944465637]","[-0.5591497421264648, 0.38437318801879883]",0.370733380317688,0.7484261989593506,0.5126469135284424,0.5598505735397339,0.5598505735397339,0.5591014623641968,0.0007491111755371094,0.01997010037302971,0.10857430100440979,0.999363899230957,False
syco_bullshit_v2_fin_pnf_02,+C,False,8,1,0,True,True,"[0.24922043085098267, 0.39972707629203796]","[-0.6549691557884216, 0.4062352478504181]",0.370733380317688,0.7484261989593506,0.19312073290348053,0.6000086069107056,0.6000086069107056,0.6008017063140869,0.0007930994033813477,0.01710631139576435,0.0960645079612732,0.999595046043396,False
syco_bullshit_v2_fin_pnf_02,+C,False,9,1,0,True,True,"[0.25319239497184753, 0.11970600485801697]","[0.564501166343689, -0.42590391635894775]",0.370733380317688,0.7484261989593506,0.08790060877799988,0.08097081631422043,0.08097081631422043,0.08358336240053177,0.0026125460863113403,0.018560921773314476,0.10084792226552963,0.9750523567199707,False
syco_bullshit_v2_fin_pnf_02,+C,False,10,1,0,True,True,"[0.34601840376853943, 0.4955999553203583]","[0.2598305642604828, -0.15401703119277954]",0.370733380317688,0.7484261989593506,0.19277799129486084,0.11250012367963791,0.11250012367963791,0.11306580156087875,0.0005656778812408447,0.017808081582188606,0.09645982831716537,0.9875469207763672,False
syco_bullshit_v2_fin_pnf_02,+C,False,11,1,0,True,True,"[0.05621948838233948, 0.8828799724578857]","[-0.2520400881767273, 0.019723646342754364]",0.370733380317688,0.7484261989593506,0.4436374306678772,0.33714696764945984,0.33714696764945984,0.33817335963249207,0.0010263919830322266,0.02039235644042492,0.09834159910678864,0.9981811046600342,False
syco_bullshit_v2_fin_pnf_02,+C,False,12,1,0,True,True,"[-0.23333518207073212, 0.9522286057472229]","[-0.3876701295375824, 0.5038515329360962]",0.370733380317688,0.7484261989593506,0.5766119956970215,0.5423812866210938,0.5423813462257385,0.5439921021461487,0.0016107559204101562,0.0169930811971426,0.10189130157232285,0.9995150566101074,False
syco_bullshit_v2_fin_pnf_02,+C,False,13,1,0,True,True,"[-0.20569264888763428, 0.7739216089248657]","[-0.359517365694046, 0.07165763527154922]",0.370733380317688,0.7484261989593506,0.5003072023391724,0.3900549113750458,0.3900549113750458,0.3899431824684143,0.00011172890663146973,0.019190028309822083,0.09517742693424225,0.9987894892692566,False
syco_bullshit_v2_fin_pnf_02,+C,False,14,1,0,True,True,"[0.20184844732284546, 0.5201545357704163]","[-0.23629814386367798, -0.1475975513458252]",0.370733380317688,0.7484261989593506,0.25529083609580994,0.27706047892570496,0.27706050872802734,0.2774437367916107,0.000383228063583374,0.01567254029214382,0.0876564309000969,0.9984034299850464,False
syco_bullshit_v2_fin_pnf_02,+C,False,15,1,0,True,True,"[-0.09713923931121826, 0.6557037830352783]","[-0.08771488070487976, 0.014524102210998535]",0.370733380317688,0.7484261989593506,0.4162878692150116,0.2821293771266937,0.2821293771266937,0.2818717360496521,0.000257641077041626,0.016987863928079605,0.09874027222394943,0.9981859922409058,False
syco_bullshit_v2_fin_pnf_02,+C,False,16,1,0,True,True,"[0.33382654190063477, 0.40427348017692566]","[0.20706647634506226, -0.591687023639679]",0.370733380317688,0.7484261989593506,0.1634584218263626,0.015819912776350975,0.015819910913705826,0.0146383848041296,0.0011815261095762253,0.011334982700645924,0.09996186941862106,0.7256090044975281,False
syco_bullshit_v2_fin_pnf_02,+C,False,17,1,0,True,True,"[0.291393518447876, 0.10290742665529251]","[-0.03806811571121216, -0.3659600019454956]",0.370733380317688,0.7484261989593506,0.06752307713031769,0.1402050107717514,0.1402050107717514,0.14113137125968933,0.0009263604879379272,0.015085209161043167,0.08812567591667175,0.994271457195282,False
syco_bullshit_v2_fin_pnf_02,+C,False,18,1,0,True,True,"[-0.1929263174533844, 0.5720229744911194]","[0.1589771956205368, -0.3001730740070343]",0.370733380317688,0.7484261989593506,0.42077329754829407,0.09709151089191437,0.09709151089191437,0.09929482638835907,0.002203315496444702,0.017567845061421394,0.09249569475650787,0.9842451810836792,False
syco_bullshit_v2_fin_pnf_02,+C,False,19,1,0,True,True,"[-0.360518217086792, 1.096282958984375]","[-0.4483534097671509, 0.3126254975795746]",0.370733380317688,0.7484261989593506,0.6771061420440674,0.49844515323638916,0.49844515323638916,0.4993419051170349,0.000896751880645752,0.017906470224261284,0.09820286929607391,0.9993575811386108,False
syco_bullshit_v2_fin_pnf_02,+C,False,20,1,0,True,True,"[-0.5383560657501221, 1.2059332132339478]","[-0.16537514328956604, 0.09728547930717468]",0.370733380317688,0.7484261989593506,0.7836211919784546,0.33441394567489624,0.33441394567489624,0.3359983563423157,0.0015844106674194336,0.017783137038350105,0.09333254396915436,0.9986040592193604,False
syco_bullshit_v2_fin_pnf_02,+C,False,21,1,0,True,True,"[-0.3364148437976837, 1.4283643960952759]","[0.26021790504455566, -0.2397141456604004]",0.370733380317688,0.7484261989593506,0.791212797164917,0.08277673274278641,0.08277673274278641,0.0844598188996315,0.0016830861568450928,0.017139820381999016,0.09406109154224396,0.9791927337646484,False
syco_bullshit_v2_fin_pnf_02,+C,False,22,1,0,True,True,"[0.04214409366250038, 0.8600582480430603]","[-0.016519755125045776, -0.037651024758815765]",0.370733380317688,0.7484261989593506,0.44039687514305115,0.24198849499225616,0.24198849499225616,0.2424217015504837,0.00043320655822753906,0.018771961331367493,0.09530286490917206,0.9969982504844666,False
syco_bullshit_v2_fin_pnf_02,+C,False,23,1,0,True,True,"[-0.0649559423327446, 0.7068224549293518]","[-0.3682211637496948, -0.3262138366699219]",0.370733380317688,0.7484261989593506,0.4233035147190094,0.2626582980155945,0.2626582980155945,0.26116225123405457,0.001496046781539917,0.017982790246605873,0.09101652354001999,0.9976590871810913,False
syco_bullshit_v2_fin_pnf_02,+C,False,24,1,0,True,True,"[0.1165594756603241, 0.5296463966369629]","[-0.4400101602077484, -0.14003399014472961]",0.370733380317688,0.7484261989593506,0.2904073894023895,0.34658387303352356,0.34658387303352356,0.34696000814437866,0.00037613511085510254,0.01707153022289276,0.08787648379802704,0.9987887144088745,False
syco_bullshit_v2_fin_pnf_02,+C,False,25,1,0,True,True,"[0.08744172751903534, 0.32529985904693604]","[-0.36367595195770264, -0.037895847111940384]",0.370733380317688,0.7484261989593506,0.2254846841096878,0.35470226407051086,0.35470226407051086,0.3547461926937103,4.392862319946289e-05,0.01821235939860344,0.09331341087818146,0.998681902885437,False
syco_bullshit_v2_fin_pnf_02,+C,False,26,1,0,True,True,"[-0.006230819970369339, 0.6891018748283386]","[-0.5944232940673828, 0.26537203788757324]",0.370733380317688,0.7484261989593506,0.39498013257980347,0.531699001789093,0.531699001789093,0.5320467948913574,0.0003477931022644043,0.015921564772725105,0.0961887389421463,0.9995522499084473,False
syco_bullshit_v2_fin_pnf_02,+C,False,27,1,0,True,True,"[0.37007495760917664, 0.5094567537307739]","[0.1997404396533966, -0.37820523977279663]",0.370733380317688,0.7484261989593506,0.18899895250797272,0.05830783769488335,0.05830783769488335,0.05947038531303406,0.001162547618150711,0.017372967675328255,0.09771616756916046,0.9566746950149536,False
syco_bullshit_v2_fin_pnf_02,+C,False,28,1,0,True,True,"[-0.13633179664611816, 0.5999138355255127]","[-0.4277856647968292, -0.5664719343185425]",0.370733380317688,0.7484261989593506,0.4101385176181793,0.20112542808055878,0.20112541317939758,0.20145276188850403,0.0003273487091064453,0.015620936639606953,0.09584805369377136,0.9969901442527771,False
syco_bullshit_v2_fin_pnf_02,+C,False,29,1,0,True,True,"[-0.3618657886981964, 0.8231085538864136]","[-0.5772137641906738, -0.004970811307430267]",0.370733380317688,0.7484261989593506,0.5763936042785645,0.436758428812027,0.436758428812027,0.43652090430259705,0.00023752450942993164,0.017603406682610512,0.09979303181171417,0.9991875290870667,False
syco_bullshit_v2_fin_pnf_02,+C,False,30,1,0,True,True,"[0.014163926243782043, 0.6924038529396057]","[-0.37616288661956787, 0.2679952085018158]",0.370733380317688,0.7484261989593506,0.38864725828170776,0.46115168929100037,0.46115168929100037,0.4621778428554535,0.001026153564453125,0.020824017003178596,0.1069837138056755,0.9989851713180542,False
syco_bullshit_v2_fin_pnf_02,+C,False,31,1,0,True,True,"[0.389351487159729, 0.19856736063957214]","[0.014595165848731995, -0.5812724828720093]",0.370733380317688,0.7484261989593506,0.06667165458202362,0.05198785662651062,0.05198785290122032,0.05441802367568016,0.002430170774459839,0.015536137856543064,0.09427620470523834,0.9583845734596252,False
syco_bullshit_v2_fin_pnf_02,+C,False,32,1,0,True,True,"[-0.04093410447239876, 0.3723036050796509]","[0.040314316749572754, -0.3117769956588745]",0.370733380317688,0.7484261989593506,0.29046323895454407,0.1314018964767456,0.1314018964767456,0.13179470598697662,0.00039280951023101807,0.01522285956889391,0.08730519562959671,0.9933139681816101,False
syco_bullshit_v2_fin_pnf_02,+C,False,33,1,0,True,True,"[0.07239043712615967, 0.1756909191608429]","[0.47116512060165405, -0.9062772989273071]",0.370733380317688,0.7484261989593506,0.17563073337078094,0.20858870446681976,0.20858871936798096,0.2092437595129013,0.0006550401449203491,0.018444331362843513,0.10251551121473312,0.9961076974868774,False
syco_bullshit_v2_fin_pnf_02,+C,False,34,1,0,True,True,"[0.19166767597198486, 0.49227678775787354]","[0.07294782251119614, -0.458456814289093]",0.370733380317688,0.7484261989593506,0.24873408675193787,0.07324271649122238,0.07324271649122238,0.07440652698278427,0.0011638104915618896,0.019864825531840324,0.10387491434812546,0.9639196395874023,False
syco_bullshit_v2_fin_pnf_02,+C,False,35,1,0,True,True,"[-0.3815997540950775, 0.959839940071106]","[-0.2342148721218109, 0.5374455451965332]",0.370733380317688,0.7484261989593506,0.6343644261360168,0.502040445804596,0.502040445804596,0.5024995803833008,0.000459134578704834,0.02068854682147503,0.10887045413255692,0.9991521835327148,False
syco_bullshit_v2_fin_pnf_02,+C,False,36,1,0,True,True,"[-0.10618917644023895, 0.6906988620758057]","[-0.3138004541397095, 0.21921223402023315]",0.370733380317688,0.7484261989593506,0.43260663747787476,0.4238183796405792,0.4238184094429016,0.42437827587127686,0.0005598664283752441,0.016909345984458923,0.0968654602766037,0.999206006526947,False
syco_bullshit_v2_fin_pnf_02,+C,False,37,1,0,True,True,"[0.0249711275100708, 0.47969385981559753]","[-0.3197028636932373, -0.06340542435646057]",0.370733380317688,0.7484261989593506,0.3058335781097412,0.3325726091861725,0.3325726091861725,0.33300235867500305,0.0004297494888305664,0.017010241746902466,0.09476024657487869,0.9986945390701294,False
syco_bullshit_v2_fin_pnf_02,+C,False,38,1,0,True,True,"[0.07407081127166748, 0.5358860492706299]","[-0.2326999306678772, 0.1769995093345642]",0.370733380317688,0.7484261989593506,0.30846136808395386,0.38307011127471924,0.38307011127471924,0.38240620493888855,0.0006639063358306885,0.017304692417383194,0.09420422464609146,0.9989793300628662,False
syco_bullshit_v2_fin_pnf_02,+C,False,39,1,0,True,True,"[0.007111271843314171, 0.5568975210189819]","[-0.3025476336479187, 0.07743176817893982]",0.370733380317688,0.7484261989593506,0.3410548269748688,0.373253732919693,0.3732537627220154,0.3732495903968811,4.172325134277344e-06,0.01803179644048214,0.10353197902441025,0.9988331198692322,False
syco_bullshit_v2_fin_pnf_02,+C,False,40,1,0,True,True,"[0.019625511020421982, 0.3636612296104431]","[-0.3964017629623413, -0.04365141689777374]",0.370733380317688,0.7484261989593506,0.2648237347602844,0.36569204926490784,0.3656921088695526,0.36609458923339844,0.0004024803638458252,0.018804671242833138,0.10275184363126755,0.998680055141449,False
syco_bullshit_v2_fin_pnf_02,+C,False,41,1,0,True,True,"[-0.18154828250408173, 0.8389139771461487]","[-0.3117346465587616, 0.013251692056655884]",0.370733380317688,0.7484261989593506,0.5154414772987366,0.35480383038520813,0.35480383038520813,0.3549393117427826,0.0001354813575744629,0.017633609473705292,0.10046631097793579,0.9987655878067017,False
syco_bullshit_v2_fin_pnf_02,+C,False,42,1,0,True,True,"[-0.45707064867019653, 1.0767894983291626]","[-0.1688823103904724, 0.09256696701049805]",0.370733380317688,0.7484261989593506,0.7056567072868347,0.33431509137153625,0.33431509137153625,0.3348485827445984,0.0005334913730621338,0.017090946435928345,0.09446357190608978,0.9986965656280518,False
syco_bullshit_v2_fin_pnf_02,+C,False,43,1,0,True,True,"[-0.12348935008049011, 0.9861804842948914]","[-0.09433400630950928, 0.07589158415794373]",0.370733380317688,0.7484261989593506,0.5484930872917175,0.3046706020832062,0.3046706020832062,0.30552172660827637,0.0008511245250701904,0.017672015354037285,0.09612203389406204,0.9983263611793518,False
syco_bullshit_v2_fin_pnf_02,+C,False,44,1,0,True,True,"[-0.07722508907318115, 0.7586379647254944]","[-0.20395423471927643, 0.3369129002094269]",0.370733380317688,0.7484261989593506,0.44704699516296387,0.4264698624610901,0.4264698624610901,0.4276961088180542,0.0012262463569641113,0.018427439033985138,0.09888513386249542,0.9990732669830322,False
syco_bullshit_v2_fin_pnf_02,+C,False,45,1,0,True,True,"[0.13877278566360474, 0.5258497595787048]","[-0.027028441429138184, -0.2494000345468521]",0.370733380317688,0.7484261989593506,0.2807706296443939,0.17453032732009888,0.17453034222126007,0.1749754101037979,0.0004450678825378418,0.01872151531279087,0.10252019762992859,0.9942647218704224,False
syco_bullshit_v2_fin_pnf_02,+C,False,46,1,0,True,True,"[-0.28382444381713867, 1.057716965675354]","[0.09828492999076843, -0.28778111934661865]",0.370733380317688,0.7484261989593506,0.6344021558761597,0.12126992642879486,0.12126991897821426,0.12245824933052063,0.001188330352306366,0.017155230045318604,0.09704437106847763,0.9901386499404907,False
syco_bullshit_v2_fin_pnf_02,+C,False,47,1,0,True,True,"[-0.09720350056886673, 1.1512705087661743]","[0.13079139590263367, -0.18116840720176697]",0.370733380317688,0.7484261989593506,0.599920392036438,0.14578379690647125,0.14578379690647125,0.14679552614688873,0.0010117292404174805,0.01998484693467617,0.1024128720164299,0.9906924366950989,False
syco_bullshit_v2_fin_pnf_02,+C,False,48,1,0,True,True,"[-0.03459775075316429, 0.8641847968101501]","[-0.39722201228141785, -0.013347048312425613]",0.370733380317688,0.7484261989593506,0.47035884857177734,0.37419265508651733,0.3741926848888397,0.37420135736465454,8.672475814819336e-06,0.017981817945837975,0.10180574655532837,0.9988454580307007,False
syco_bullshit_v2_fin_pnf_02,+C,False,49,1,0,True,True,"[-0.012861035764217377, 0.8747726678848267]","[-0.5578690767288208, 0.2481318861246109]",0.370733380317688,0.7484261989593506,0.4662281572818756,0.5139784812927246,0.5139784812927246,0.5136743783950806,0.00030410289764404297,0.018055874854326248,0.10043628513813019,0.999382734298706,False
syco_bullshit_v2_fin_pnf_02,+C,False,50,1,0,True,True,"[0.048744913190603256, 1.0109612941741943]","[-0.599636435508728, 0.4653811752796173]",0.370733380317688,0.7484261989593506,0.49386125802993774,0.6010994911193848,0.60109943151474,0.6009582281112671,0.0001412034034729004,0.018747469410300255,0.1031067967414856,0.9995135068893433,False
syco_bullshit_v2_fin_pnf_02,+C,False,51,1,0,True,True,"[-0.1668095886707306, 1.145725965499878]","[-0.3783353269100189, -0.028598330914974213]",0.370733380317688,0.7484261989593506,0.623655378818512,0.3631422221660614,0.3631422221660614,0.36369484663009644,0.0005526244640350342,0.021257434040308,0.10741961002349854,0.9982904195785522,False
syco_bullshit_v2_fin_pnf_02,+C,False,52,1,0,True,True,"[-0.12563425302505493, 0.8695565462112427]","[-0.8272815942764282, 0.21862880885601044]",0.370733380317688,0.7484261989593506,0.50607830286026,0.594667911529541,0.594667911529541,0.5951788425445557,0.0005109310150146484,0.018651224672794342,0.10209127515554428,0.9995090365409851,False
syco_bullshit_v2_fin_pnf_02,+C,False,53,1,0,True,True,"[-0.15311579406261444, 0.7764974236488342]","[-0.7004105448722839, -0.14421239495277405]",0.370733380317688,0.7484261989593506,0.4817816913127899,0.43190211057662964,0.43190211057662964,0.4313187897205353,0.0005833208560943604,0.01969674788415432,0.10048486292362213,0.9989595413208008,False
syco_bullshit_v2_fin_pnf_02,+C,False,54,1,0,True,True,"[-0.32097867131233215, 0.7225225567817688]","[-0.4412665069103241, 0.017525609582662582]",0.370733380317688,0.7484261989593506,0.5239774584770203,0.4007396697998047,0.4007396996021271,0.4014275372028351,0.0006878376007080078,0.017659123986959457,0.09933721274137497,0.9990323185920715,False
syco_bullshit_v2_fin_pnf_02,+C,False,55,1,0,True,True,"[-0.6750527620315552, 0.9822263121604919]","[-0.3421156704425812, -0.002543993294239044]",0.370733380317688,0.7484261989593506,0.7513836622238159,0.3598605990409851,0.3598605990409851,0.36010125279426575,0.00024065375328063965,0.018328089267015457,0.09768906235694885,0.9987040758132935,False
syco_bullshit_v2_fin_pnf_02,+C,False,56,1,0,True,True,"[0.05501486361026764, 0.3427298665046692]","[-0.4238792359828949, -0.0624857060611248]",0.370733380317688,0.7484261989593506,0.2439567744731903,0.367920845746994,0.367920845746994,0.3678589165210724,6.192922592163086e-05,0.01682264171540737,0.09028051793575287,0.9989545941352844,False
syco_bullshit_v2_fin_pnf_02,+C,False,57,1,0,True,True,"[-0.11856740713119507, 0.8879576325416565]","[-0.5026805400848389, 0.027042336761951447]",0.370733380317688,0.7484261989593506,0.5102777481079102,0.4237612187862396,0.42376118898391724,0.4235387444496155,0.0002224445343017578,0.017816560342907906,0.09951867908239365,0.9991158246994019,False
syco_bullshit_v2_fin_pnf_02,+C,False,58,1,0,True,True,"[0.2632826268672943, 0.8268587589263916]","[-0.4611978232860565, 0.0757758766412735]",0.370733380317688,0.7484261989593506,0.3461640179157257,0.4256506860256195,0.4256506860256195,0.4252382814884186,0.00041240453720092773,0.02045564167201519,0.1013127788901329,0.998844563961029,False
syco_bullshit_v2_fin_pnf_02,+C,False,59,1,0,True,True,"[0.3496655523777008, 0.9254646301269531]","[-0.36612382531166077, -0.07600565254688263]",0.370733380317688,0.7484261989593506,0.35069265961647034,0.3433300852775574,0.3433300852775574,0.34371909499168396,0.0003890097141265869,0.016553018242120743,0.09314300119876862,0.9988396763801575,False
syco_bullshit_v2_fin_pnf_02,+C,False,60,1,0,True,True,"[-0.14754055440425873, 0.5817967057228088]","[-0.4620712995529175, -0.2018214464187622]",0.370733380317688,0.7484261989593506,0.4075789749622345,0.33391273021698,0.3339127004146576,0.3347894847393036,0.0008767843246459961,0.015278232283890247,0.0876757875084877,0.9989593625068665,False
syco_bullshit_v2_fin_pnf_02,+C,False,61,1,0,True,True,"[0.23187582194805145, 0.4807552099227905]","[-0.009974047541618347, -0.7874980568885803]",0.370733380317688,0.7484261989593506,0.22956807911396027,0.007290339097380638,0.007290339097380638,0.005096706096082926,0.0021936330012977123,0.006208793725818396,0.09874595701694489,0.5460160970687866,False
syco_bullshit_v2_fin_pnf_02,+C,False,62,1,0,True,True,"[0.34553778171539307, 0.5851424336433411]","[-0.22802701592445374, -0.5120635628700256]",0.370733380317688,0.7484261989593506,0.22613178193569183,0.15478482842445374,0.15478482842445374,0.15586143732070923,0.0010766088962554932,0.017444472759962082,0.0974327102303505,0.9937171339988708,False
syco_bullshit_v2_fin_pnf_02,+C,False,63,1,0,True,True,"[0.0481853224337101, 0.5372635126113892]","[-0.42879635095596313, -0.2562454342842102]",0.370733380317688,0.7484261989593506,0.3185623288154602,0.30524036288261414,0.30524036288261414,0.30611246824264526,0.0008721053600311279,0.0173488836735487,0.09305077791213989,0.9983934164047241,False
syco_bullshit_v2_fin_pnf_02,+C,False,64,1,0,True,True,"[0.09089530259370804, 1.0508548021316528]","[-0.32543933391571045, 0.07812042534351349]",0.370733380317688,0.7484261989593506,0.4930250644683838,0.3811332881450653,0.3811333179473877,0.3816930055618286,0.000559687614440918,0.018713487312197685,0.09893946349620819,0.9987974762916565,False
syco_bullshit_v2_fin_pnf_02,+C,False,65,1,0,True,True,"[-0.0841083824634552, 0.9296705722808838]","[-0.17762413620948792, 0.519774854183197]",0.370733380317688,0.7484261989593506,0.5129653215408325,0.4787233769893646,0.47872334718704224,0.4787738621234894,5.0514936447143555e-05,0.018471766263246536,0.09860818088054657,0.9992556571960449,False
syco_bullshit_v2_fin_pnf_02,+C,False,66,1,0,True,True,"[0.14563700556755066, 0.20335695147514343]","[0.21595832705497742, 0.04038542881608009]",0.370733380317688,0.7484261989593506,0.15874303877353668,0.1900382936000824,0.1900382936000824,0.19021233916282654,0.00017404556274414062,0.01430079061537981,0.07061569392681122,0.9971715211868286,False
syco_bullshit_v2_fin_pnf_02,+C,False,67,1,0,True,True,"[0.0946817472577095, 0.26710185408592224]","[0.15315650403499603, -0.2946511507034302]",0.370733380317688,0.7484261989593506,0.20123974978923798,0.10054459422826767,0.10054459422826767,0.10130893439054489,0.0007643401622772217,0.013745108619332314,0.07910391688346863,0.9907549023628235,False
syco_bullshit_v2_fin_pnf_02,-C,False,0,70,69,True,True,"[-0.08121944963932037, 0.5621398687362671]","[-0.758607029914856, 0.9976209402084351]",-1.938124418258667,-7.988067626953125,0.4797137379646301,2.0610766410827637,2.0610764026641846,2.061509132385254,0.00043272972106933594,0.019990239292383194,0.11899062991142273,0.9999529719352722,False
syco_bullshit_v2_fin_pnf_02,-C,False,1,1,0,True,True,"[-0.10956478118896484, 0.8486079573631287]","[-0.5770201086997986, 0.308357834815979]",-1.938124418258667,-7.988067626953125,0.36307457089424133,2.347363233566284,2.347363233566284,2.347928762435913,0.0005655288696289062,0.018284916877746582,0.12237618863582611,0.9999696612358093,False
syco_bullshit_v2_fin_pnf_02,-C,False,2,1,0,True,True,"[-0.09832212328910828, 0.9489958882331848]","[-0.5599117279052734, 0.17171387374401093]",-1.938124418258667,-7.988067626953125,0.33004602789878845,2.400503635406494,2.400503635406494,2.4011313915252686,0.0006277561187744141,0.018406901508569717,0.126490980386734,0.9999706149101257,False
syco_bullshit_v2_fin_pnf_02,-C,False,3,1,0,True,True,"[-0.128949835896492, 0.9657573699951172]","[-0.5722165107727051, 0.2833949327468872]",-1.938124418258667,-7.988067626953125,0.3124881684780121,2.358628034591675,2.358628034591675,2.3594141006469727,0.0007860660552978516,0.018360560759902,0.12554091215133667,0.9999697804450989,False
syco_bullshit_v2_fin_pnf_02,-C,False,4,1,0,True,True,"[-0.0886768102645874, 0.6456393599510193]","[-0.6860376000404358, 0.28300976753234863]",-1.938124418258667,-7.988067626953125,0.44601401686668396,2.320166826248169,2.320166826248169,2.3212506771087646,0.0010838508605957031,0.019823813810944557,0.12811487913131714,0.999963641166687,False
syco_bullshit_v2_fin_pnf_02,-C,False,5,1,0,True,True,"[-0.07692378759384155, 0.873476505279541]","[-1.0145375728607178, 0.8475788235664368]",-1.938124418258667,-7.988067626953125,0.36595427989959717,2.0251662731170654,2.0251662731170654,2.0251781940460205,1.1920928955078125e-05,0.022215379402041435,0.12696906924247742,0.9999397993087769,False
syco_bullshit_v2_fin_pnf_02,-C,False,6,1,0,True,True,"[-0.023775674402713776, 0.7187782526016235]","[-0.1873287856578827, -0.0398222953081131]",-1.938124418258667,-7.988067626953125,0.4429618716239929,2.5918824672698975,2.5918822288513184,2.5923469066619873,0.0004646778106689453,0.020193826407194138,0.13218913972377777,0.9999696016311646,False
syco_bullshit_v2_fin_pnf_02,-C,False,7,1,0,True,True,"[-0.1444738805294037, 0.8684456944465637]","[-0.5591497421264648, 0.38437318801879883]",-1.938124418258667,-7.988067626953125,0.34279075264930725,2.329756498336792,2.329756498336792,2.330235719680786,0.0004792213439941406,0.022697126492857933,0.13622908294200897,0.9999524354934692,False
syco_bullshit_v2_fin_pnf_02,-C,False,8,1,0,True,True,"[0.24922043085098267, 0.39972707629203796]","[-0.6549691557884216, 0.4062352478504181]",-1.938124418258667,-7.988067626953125,0.6623169183731079,2.2916109561920166,2.2916107177734375,2.290980339050293,0.0006303787231445312,0.020919857546687126,0.12249579280614853,0.9999583959579468,False
syco_bullshit_v2_fin_pnf_02,-C,False,9,1,0,True,True,"[0.25319239497184753, 0.11970600485801697]","[0.564501166343689, -0.42590391635894775]",-1.938124418258667,-7.988067626953125,0.7675370573997498,2.9691717624664307,2.9691717624664307,2.9680750370025635,0.0010967254638671875,0.0211346335709095,0.14597606658935547,0.9999747276306152,False
syco_bullshit_v2_fin_pnf_02,-C,False,10,1,0,True,True,"[0.34601840376853943, 0.4955999553203583]","[0.2598305642604828, -0.15401703119277954]",-1.938124418258667,-7.988067626953125,0.6626596450805664,2.778092622756958,2.778092622756958,2.7790591716766357,0.0009665489196777344,0.026338472962379456,0.1381097137928009,0.9999551177024841,False
syco_bullshit_v2_fin_pnf_02,-C,False,11,1,0,True,True,"[0.1691133975982666, 0.8200613260269165]","[-0.09311400353908539, -0.030062619596719742]",-1.938124418258667,-7.988067626953125,0.4769021272659302,2.6203932762145996,2.6203932762145996,2.620292901992798,0.00010037422180175781,0.021434327587485313,0.1343088150024414,0.9999666213989258,False
syco_bullshit_v2_fin_pnf_02,-C,False,12,1,0,True,True,"[-0.2389705777168274, 0.9754223823547363]","[-0.39126983284950256, 0.5154420137405396]",-1.938124418258667,-7.988067626953125,0.2681443691253662,2.3419342041015625,2.3419339656829834,2.3433542251586914,0.0014202594757080078,0.019353384152054787,0.130087211728096,0.9999659657478333,False
syco_bullshit_v2_fin_pnf_02,-C,False,13,1,0,True,True,"[-0.19967788457870483, 0.7719736099243164]","[-0.350090354681015, 0.06424208730459213]",-1.938124418258667,-7.988067626953125,0.35808065533638,2.504129409790039,2.504129409790039,2.503831624984741,0.00029778480529785156,0.023009907454252243,0.1280670017004013,0.999957799911499,False
syco_bullshit_v2_fin_pnf_02,-C,False,14,1,0,True,True,"[0.2258119434118271, 0.505301833152771]","[-0.2011156529188156, -0.18555527925491333]",-1.938124418258667,-7.988067626953125,0.614528238773346,2.636672258377075,2.6366724967956543,2.635385751724243,0.0012867450714111328,0.021931853145360947,0.12470187246799469,0.9999656081199646,False
syco_bullshit_v2_fin_pnf_02,-C,False,15,1,0,True,True,"[-0.08522096276283264, 0.6363245844841003]","[-0.06983733177185059, -0.01813390851020813]",-1.938124418258667,-7.988067626953125,0.45074552297592163,2.6246485710144043,2.6246485710144043,2.624476671218872,0.00017189979553222656,0.023828502744436264,0.13507813215255737,0.999958872795105,False
syco_bullshit_v2_fin_pnf_02,-C,False,16,1,0,True,True,"[0.34900566935539246, 0.38824403285980225]","[0.2264317274093628, -0.6128532886505127]",-1.938124418258667,-7.988067626953125,0.7035420536994934,2.9192891120910645,2.9192891120910645,2.919126510620117,0.00016260147094726562,0.02687150053679943,0.14524735510349274,0.9999576807022095,False
syco_bullshit_v2_fin_pnf_02,-C,False,17,1,0,True,True,"[0.3089182674884796, 0.09032521396875381]","[-0.045266300439834595, -0.3620903789997101]",-1.938124418258667,-7.988067626953125,0.7990692853927612,2.7466630935668945,2.7466630935668945,2.746938467025757,0.0002753734588623047,0.023758945986628532,0.12932206690311432,0.9999625086784363,False
syco_bullshit_v2_fin_pnf_02,-C,False,18,1,0,True,True,"[-0.1646597683429718, 0.5402655005455017]","[0.16695231199264526, -0.30479907989501953]",-1.938124418258667,-7.988067626953125,0.4569033682346344,2.796910524368286,2.796910524368286,2.7968742847442627,3.62396240234375e-05,0.0196785107254982,0.1347963511943817,0.999975323677063,False
syco_bullshit_v2_fin_pnf_02,-C,False,19,1,0,True,True,"[-0.36958274245262146, 1.1090670824050903]","[-0.4648245573043823, 0.3306742310523987]",-1.938124418258667,-7.988067626953125,0.1702364832162857,2.3788669109344482,2.3788669109344482,2.3794901371002197,0.0006232261657714844,0.02239101193845272,0.12752476334571838,0.9999557137489319,False
syco_bullshit_v2_fin_pnf_02,-C,False,20,1,0,True,True,"[-0.5524051189422607, 1.2292886972427368]","[-0.190867081284523, 0.12215864658355713]",-1.938124418258667,-7.988067626953125,0.057957932353019714,2.5390939712524414,2.5390939712524414,2.539167881011963,7.390975952148438e-05,0.018727855756878853,0.12820015847682953,0.9999727606773376,False
syco_bullshit_v2_fin_pnf_02,-C,False,21,1,0,True,True,"[-0.34353429079055786, 1.4332445859909058]","[0.2481652796268463, -0.23213575780391693]",-1.938124418258667,-7.988067626953125,0.059778906404972076,2.8015990257263184,2.8015990257263184,2.8018336296081543,0.0002346038818359375,0.019489770755171776,0.13617630302906036,0.9999758005142212,False
syco_bullshit_v2_fin_pnf_02,-C,False,22,1,0,True,True,"[0.04810727387666702, 0.8498827219009399]","[-0.018595099449157715, -0.03717486560344696]",-1.938124418258667,-7.988067626953125,0.42102015018463135,2.6492412090301514,2.6492412090301514,2.648130416870117,0.0011107921600341797,0.020687168464064598,0.13260304927825928,0.9999696016311646,False
syco_bullshit_v2_fin_pnf_02,-C,False,23,1,0,True,True,"[-0.0681384727358818, 0.701047420501709]","[-0.3697074353694916, -0.33064281940460205]",-1.938124418258667,-7.988067626953125,0.43309465050697327,2.6292014122009277,2.6292014122009277,2.628594398498535,0.0006070137023925781,0.022511376067996025,0.12797902524471283,0.9999633431434631,False
syco_bullshit_v2_fin_pnf_02,-C,False,24,1,0,True,True,"[0.11445338279008865, 0.5328386425971985]","[-0.4360012412071228, -0.12998336553573608]",-1.938124418258667,-7.988067626953125,0.5630671381950378,2.5405306816101074,2.5405309200286865,2.5407392978668213,0.00020837783813476562,0.02117009460926056,0.12206512689590454,0.9999654293060303,False
syco_bullshit_v2_fin_pnf_02,-C,False,25,1,0,True,True,"[0.09040722995996475, 0.3308013677597046]","[-0.3701976537704468, -0.027542000636458397]",-1.938124418258667,-7.988067626953125,0.6290133595466614,2.5270657539367676,2.5270655155181885,2.52569842338562,0.0013670921325683594,0.022293725982308388,0.12690337002277374,0.9999611973762512,False
syco_bullshit_v2_fin_pnf_02,-C,False,26,1,0,True,True,"[-0.110028937458992, 0.6426350474357605]","[-0.6037840843200684, 0.18080654740333557]",-1.938124418258667,-7.988067626953125,0.43921607732772827,2.3818047046661377,2.3818047046661377,2.3814175128936768,0.0003871917724609375,0.02152705378830433,0.1243492066860199,0.9999591112136841,False
syco_bullshit_v2_fin_pnf_02,-C,False,27,1,0,True,True,"[-0.3539540767669678, 0.4341161847114563]","[-0.5873634815216064, 0.20533694326877594]",-1.938124418258667,-7.988067626953125,0.4260979890823364,2.3797190189361572,2.3797190189361572,2.379271984100342,0.0004470348358154297,0.02306346781551838,0.13211511075496674,0.999953031539917,False
syco_bullshit_v2_fin_pnf_02,-C,False,28,1,0,True,True,"[0.12283001840114594, 0.28078919649124146]","[-0.36508646607398987, -0.03360266238451004]",-1.938124418258667,-7.988067626953125,0.6595556735992432,2.5307974815368652,2.5307974815368652,2.5308475494384766,5.0067901611328125e-05,0.02354319952428341,0.13490034639835358,0.9999567270278931,False
syco_bullshit_v2_fin_pnf_02,-C,False,29,1,0,True,True,"[0.050714194774627686, 0.6222643852233887]","[-0.4439954161643982, -0.2528122663497925]",-1.938124418258667,-7.988067626953125,0.5063192248344421,2.577134370803833,2.577134370803833,2.577625036239624,0.0004906654357910156,0.02252308838069439,0.13147203624248505,0.999961793422699,False
syco_bullshit_v2_fin_pnf_02,-C,False,30,1,0,True,True,"[0.24499575793743134, 0.45958733558654785]","[-0.483409583568573, -0.3507393002510071]",-1.938124418258667,-7.988067626953125,0.6385732293128967,2.5982022285461426,2.5982022285461426,2.597676992416382,0.0005252361297607422,0.022021224722266197,0.12668050825595856,0.9999641180038452,False
syco_bullshit_v2_fin_pnf_02,-C,False,31,1,0,True,True,"[-0.06648814678192139, 0.8893487453460693]","[-0.361811101436615, 0.19174763560295105]",-1.938124418258667,-7.988067626953125,0.3639400005340576,2.45810866355896,2.45810866355896,2.4579429626464844,0.00016570091247558594,0.023812752217054367,0.13330070674419403,0.9999530911445618,False
syco_bullshit_v2_fin_pnf_02,-C,False,32,1,0,True,True,"[-0.1730315089225769, 1.030637502670288]","[-0.4619448482990265, 0.3250921666622162]",-1.938124418258667,-7.988067626953125,0.272117555141449,2.3820416927337646,2.3820416927337646,2.381340980529785,0.0007007122039794922,0.02180500514805317,0.1309242695569992,0.9999580979347229,False
syco_bullshit_v2_fin_pnf_02,-C,False,33,1,0,True,True,"[0.3629941940307617, 0.9131447672843933]","[-0.26349541544914246, 0.27988868951797485]",-1.938124418258667,-7.988067626953125,0.5142477750778198,2.4607932567596436,2.4607932567596436,2.4600841999053955,0.0007090568542480469,0.02481386438012123,0.13781696557998657,0.9999492168426514,False
syco_bullshit_v2_fin_pnf_02,-C,False,34,1,0,True,True,"[0.11364246904850006, 0.5145758390426636]","[-0.30901193618774414, -0.39945870637893677]",-1.938124418258667,-7.988067626953125,0.5695331692695618,2.6717751026153564,2.6717748641967773,2.6717164516448975,5.841255187988281e-05,0.024099916219711304,0.13550899922847748,0.9999592900276184,False
syco_bullshit_v2_fin_pnf_02,-C,False,35,1,0,True,True,"[0.15374282002449036, 0.274874210357666]","[-0.41544032096862793, -0.4184456765651703]",-1.938124418258667,-7.988067626953125,0.6732004880905151,2.6427364349365234,2.6427364349365234,2.643364191055298,0.0006277561187744141,0.022269725799560547,0.12947501242160797,0.9999645948410034,False
syco_bullshit_v2_fin_pnf_02,-C,False,36,1,0,True,True,"[0.004675164818763733, 0.7943739891052246]","[-0.18108974397182465, -0.007417313754558563]",-1.938124418258667,-7.988067626953125,0.42549455165863037,2.584792137145996,2.584792137145996,2.5853490829467773,0.00055694580078125,0.02513379603624344,0.13767234981060028,0.9999527931213379,False
syco_bullshit_v2_fin_pnf_02,-C,False,37,1,0,True,True,"[0.05585097149014473, 0.5323822498321533]","[-0.5765359997749329, -0.05455418676137924]",-1.938124418258667,-7.988067626953125,0.5415239334106445,2.46886944770813,2.46886944770813,2.469346761703491,0.0004773139953613281,0.02235408127307892,0.12921981513500214,0.9999591112136841,False
syco_bullshit_v2_fin_pnf_02,-C,False,38,1,0,True,True,"[-0.07546176016330719, 0.8535430431365967]","[-0.5143092274665833, 0.16279569268226624]",-1.938124418258667,-7.988067626953125,0.37388136982917786,2.4175188541412354,2.4175188541412354,2.416783332824707,0.0007355213165283203,0.022999370470643044,0.13368313014507294,0.9999548196792603,False
syco_bullshit_v2_fin_pnf_02,-C,False,39,1,0,True,True,"[0.379260778427124, 0.5347945094108582]","[-0.38187897205352783, 0.581524133682251]",-1.938124418258667,-7.988067626953125,0.6604543328285217,2.3226044178009033,2.3226044178009033,2.3240957260131836,0.0014913082122802734,0.025267252698540688,0.14044427871704102,0.9999410510063171,False
syco_bullshit_v2_fin_pnf_02,-C,False,40,1,0,True,True,"[-0.310575395822525, 0.9976521730422974]","[-0.1387263983488083, 0.532131552696228]",-1.938124418258667,-7.988067626953125,0.23337838053703308,2.419283151626587,2.419283151626587,2.4191246032714844,0.00015854835510253906,0.02042580582201481,0.13726748526096344,0.9999642968177795,False
syco_bullshit_v2_fin_pnf_02,-C,False,41,1,0,True,True,"[-0.03694113343954086, 0.6096543073654175]","[-0.3448001444339752, 0.30914753675460815]",-1.938124418258667,-7.988067626953125,0.47851473093032837,2.425471544265747,2.425471544265747,2.424807548522949,0.0006639957427978516,0.02231729030609131,0.12766923010349274,0.9999575614929199,False
syco_bullshit_v2_fin_pnf_02,-C,False,42,1,0,True,True,"[0.062979556620121, 0.42478257417678833]","[-0.2794139087200165, -0.16177663207054138]",-1.938124418258667,-7.988067626953125,0.5840310454368591,2.6023645401000977,2.6023645401000977,2.602713108062744,0.0003485679626464844,0.023089997470378876,0.13065725564956665,0.9999606013298035,False
syco_bullshit_v2_fin_pnf_02,-C,False,43,1,0,True,True,"[0.08939945697784424, 0.5341570377349854]","[-0.23236139118671417, 0.1838928908109665]",-1.938124418258667,-7.988067626953125,0.5532962083816528,2.502957582473755,2.502957344055176,2.5031239986419678,0.0001666545867919922,0.022731151431798935,0.12844881415367126,0.9999587535858154,False
syco_bullshit_v2_fin_pnf_02,-C,False,44,1,0,True,True,"[-0.0158554557710886, 0.5830427408218384]","[-0.3191032111644745, 0.17042332887649536]",-1.938124418258667,-7.988067626953125,0.4961867034435272,2.480097770690918,2.480097770690918,2.479633092880249,0.0004646778106689453,0.024056874215602875,0.1364814192056656,0.999953031539917,False
syco_bullshit_v2_fin_pnf_02,-C,False,45,1,0,True,True,"[-0.07280027121305466, 0.3918120563030243]","[-0.3784816861152649, -0.08718063682317734]",-1.938124418258667,-7.988067626953125,0.5459399223327637,2.545337438583374,2.545337438583374,2.5454092025756836,7.176399230957031e-05,0.023986458778381348,0.13812512159347534,0.9999555349349976,False
syco_bullshit_v2_fin_pnf_02,-C,False,46,1,0,True,True,"[-0.1645921766757965, 0.7906176447868347]","[-0.15960606932640076, -0.16293787956237793]",-1.938124418258667,-7.988067626953125,0.3641723394393921,2.6419904232025146,2.6419901847839355,2.6426029205322266,0.0006127357482910156,0.024918751791119576,0.13752104341983795,0.9999554753303528,False
syco_bullshit_v2_fin_pnf_02,-C,False,47,1,0,True,True,"[-0.47406327724456787, 1.0795782804489136]","[-0.23589475452899933, 0.1699160933494568]",-1.938124418258667,-7.988067626953125,0.14245186746120453,2.507673978805542,2.507673978805542,2.506498336791992,0.0011756420135498047,0.022449905052781105,0.1285453885793686,0.9999599456787109,False
syco_bullshit_v2_fin_pnf_02,-C,False,48,1,0,True,True,"[-0.13712084293365479, 1.0082411766052246]","[-0.13068562746047974, 0.1343764364719391]",-1.938124418258667,-7.988067626953125,0.29372045397758484,2.5543618202209473,2.5543620586395264,2.554760217666626,0.0003981590270996094,0.022519316524267197,0.1311008334159851,0.9999611377716064,False
syco_bullshit_v2_fin_pnf_02,-C,False,49,1,0,True,True,"[-0.08230185508728027, 0.780267596244812]","[-0.2084161788225174, 0.3699840307235718]",-1.938124418258667,-7.988067626953125,0.3984958231449127,2.4511940479278564,2.4511940479278564,2.4513440132141113,0.0001499652862548828,0.023867614567279816,0.13094447553157806,0.9999526143074036,False
syco_bullshit_v2_fin_pnf_02,-C,False,50,1,0,True,True,"[0.09106951206922531, 0.5343185067176819]","[-0.11981254816055298, -0.0836435854434967]",-1.938124418258667,-7.988067626953125,0.5538550615310669,2.629847526550293,2.629847764968872,2.6296181678771973,0.0002295970916748047,0.025025254115462303,0.1393657922744751,0.9999548196792603,False
syco_bullshit_v2_fin_pnf_02,-C,False,51,1,0,True,True,"[-0.24955648183822632, 1.0334559679031372]","[0.10157060623168945, -0.20375265181064606]",-1.938124418258667,-7.988067626953125,0.24272064864635468,2.742169141769409,2.742169141769409,2.7413687705993652,0.0008003711700439453,0.024768343195319176,0.1381693035364151,0.9999592900276184,False
syco_bullshit_v2_fin_pnf_02,-C,False,52,1,0,True,True,"[-0.05067938566207886, 1.1218721866607666]","[0.1905379444360733, -0.16976910829544067]",-1.938124418258667,-7.988067626953125,0.2836466431617737,2.760586977005005,2.760586977005005,2.76130747795105,0.0007205009460449219,0.026890594512224197,0.1432569921016693,0.9999526143074036,False
syco_bullshit_v2_fin_pnf_02,-C,False,53,1,0,True,True,"[-0.015491193160414696, 0.859322726726532]","[-0.36635613441467285, 0.02472192421555519]",-1.938124418258667,-7.988067626953125,0.3939591944217682,2.5128772258758545,2.5128772258758545,2.5123608112335205,0.0005164146423339844,0.024194054305553436,0.13451054692268372,0.9999537467956543,False
syco_bullshit_v2_fin_pnf_02,-C,False,54,1,0,True,True,"[0.032285839319229126, 0.8699550032615662]","[-0.5138391852378845, 0.2712276577949524]",-1.938124418258667,-7.988067626953125,0.40772145986557007,2.381892442703247,2.381892442703247,2.381084442138672,0.0008080005645751953,0.022594314068555832,0.1297626942396164,0.9999550580978394,False
syco_bullshit_v2_fin_pnf_02,-C,False,55,1,0,True,True,"[0.09190569072961807, 1.0123100280761719]","[-0.5919334888458252, 0.4940178692340851]",-1.938124418258667,-7.988067626953125,0.3770678639411926,2.2814865112304688,2.2814865112304688,2.2803332805633545,0.0011532306671142578,0.023759033530950546,0.13033217191696167,0.999945878982544,False
syco_bullshit_v2_fin_pnf_02,-C,False,56,1,0,True,True,"[-0.16209986805915833, 1.1414662599563599]","[-0.34488314390182495, -0.017564624547958374]",-1.938124418258667,-7.988067626953125,0.2351054549217224,2.532930612564087,2.532930612564087,2.5331337451934814,0.00020313262939453125,0.024862315505743027,0.14100363850593567,0.9999518394470215,False
syco_bullshit_v2_fin_pnf_02,-C,False,57,1,0,True,True,"[-0.15769711136817932, 0.9195305109024048]","[-0.9035269618034363, 0.364519864320755]",-1.938124418258667,-7.988067626953125,0.3189644515514374,2.2222328186035156,2.2222328186035156,2.222733497619629,0.0005006790161132812,0.02164066769182682,0.12746839225292206,0.9999525547027588,False
syco_bullshit_v2_fin_pnf_02,-C,False,58,1,0,True,True,"[-0.13982734084129333, 0.8102335929870605]","[-0.8053004741668701, -0.0009799674153327942]",-1.938124418258667,-7.988067626953125,0.36607998609542847,2.376051425933838,2.376051425933838,2.3767147064208984,0.0006632804870605469,0.022540133446455002,0.13108693063259125,0.9999550580978394,False
syco_bullshit_v2_fin_pnf_02,-C,False,59,1,0,True,True,"[-0.3660295009613037, 0.8067216277122498]","[-0.5263403058052063, 0.16902215778827667]",-1.938124418258667,-7.988067626953125,0.2835727035999298,2.4114456176757812,2.4114456176757812,2.410449743270874,0.0009958744049072266,0.021719515323638916,0.13093912601470947,0.9999595880508423,False
syco_bullshit_v2_fin_pnf_02,-C,False,60,1,0,True,True,"[-0.6528773307800293, 0.9551241397857666]","[-0.43980857729911804, 0.08817516267299652]",-1.938124418258667,-7.988067626953125,0.12231138348579407,2.4679133892059326,2.4679133892059326,2.4681396484375,0.0002262592315673828,0.02329418808221817,0.13185995817184448,0.999955415725708,False
syco_bullshit_v2_fin_pnf_02,-C,False,61,1,0,True,True,"[0.13177666068077087, 0.3109303116798401]","[-0.562703013420105, 0.10565876960754395]",-1.938124418258667,-7.988067626953125,0.6517030596733093,2.4196431636810303,2.4196431636810303,2.41903018951416,0.0006129741668701172,0.02171645686030388,0.12341809272766113,0.9999598264694214,False
syco_bullshit_v2_fin_pnf_02,-C,False,62,1,0,True,True,"[-0.24567586183547974, 1.0055211782455444]","[-0.5962532758712769, 0.134708434343338]",-1.938124418258667,-7.988067626953125,0.2545083165168762,2.400324583053589,2.400324583053589,2.401003122329712,0.0006785392761230469,0.02107115648686886,0.1330358386039734,0.9999614953994751,False
syco_bullshit_v2_fin_pnf_02,-C,False,63,1,0,True,True,"[-0.44508278369903564, 1.0159469842910767]","[-0.0008413493633270264, -0.08514820784330368]",-1.938124418258667,-7.988067626953125,0.17676477134227753,2.6702890396118164,2.6702888011932373,2.6710121631622314,0.0007233619689941406,0.021754929795861244,0.1406964361667633,0.9999668598175049,False
syco_bullshit_v2_fin_pnf_02,-C,False,64,1,0,True,True,"[-0.34441012144088745, 0.760338544845581]","[-0.23166035115718842, 0.03839552402496338]",-1.938124418258667,-7.988067626953125,0.30876779556274414,2.5520989894866943,2.5520989894866943,2.5520524978637695,4.649162292480469e-05,0.024632884189486504,0.1337674856185913,0.9999534487724304,False
syco_bullshit_v2_fin_pnf_02,-C,False,65,1,0,True,True,"[-0.022868147119879723, 0.6912398338317871]","[-0.13505807518959045, -0.18328136205673218]",-1.938124418258667,-7.988067626953125,0.4535011649131775,2.6576344966888428,2.6576344966888428,2.6577725410461426,0.0001380443572998047,0.023787815123796463,0.13114377856254578,0.9999599456787109,False
syco_bullshit_v2_fin_pnf_02,-C,False,66,1,0,True,True,"[0.21927878260612488, 0.38746851682662964]","[-0.08279748260974884, 0.17364758253097534]",-1.938124418258667,-7.988067626953125,0.6557652354240417,2.5568296909332275,2.5568296909332275,2.5571720600128174,0.00034236907958984375,0.025156065821647644,0.1376471221446991,0.9999516606330872,False
syco_bullshit_v2_fin_pnf_02,-C,False,67,1,0,True,True,"[0.29276931285858154, 0.5778447985649109]","[-0.03613853454589844, -0.2662755846977234]",-1.938124418258667,-7.988067626953125,0.6124588251113892,2.717607021331787,2.717607021331787,2.7190263271331787,0.0014193058013916016,0.025822216644883156,0.14193063974380493,0.9999550580978394,False
syco_bullshit_v2_fin_pnf_02,-C,False,68,1,0,True,True,"[0.08794644474983215, 0.9224448204040527]","[0.3163028359413147, -0.2397555261850357]",-1.938124418258667,-7.988067626953125,0.40889620780944824,2.8243184089660645,2.8243184089660645,2.8241374492645264,0.00018095970153808594,0.025783786550164223,0.1414911448955536,0.9999583959579468,False
syco_bullshit_v2_fin_pnf_02,-C,False,69,1,0,True,True,"[0.43972283601760864, 0.43544572591781616]","[-0.043873876333236694, -0.13661408424377441]",-1.938124418258667,-7.988067626953125,0.7196646332740784,2.672060251235962,2.672060251235962,2.6724154949188232,0.0003552436828613281,0.024938253685832024,0.13658450543880463,0.9999565482139587,False
syco_bullshit_v2_fin_pnf_02,-C,False,70,1,0,True,True,"[0.3154897391796112, 0.40253666043281555]","[-0.058313965797424316, -0.2625182867050171]",-1.938124418258667,-7.988067626953125,0.6858288645744324,2.709181070327759,2.709181070327759,2.7090585231781006,0.00012254714965820312,0.02304930053651333,0.12987542152404785,0.9999638795852661,False
syco_bullshit_v2_fin_pnf_02,-C,False,71,1,0,True,True,"[0.11649464070796967, 0.8683547377586365]","[-0.13892540335655212, -0.02535124123096466]",-1.938124418258667,-7.988067626953125,0.4395138919353485,2.6030948162078857,2.6030948162078857,2.6029181480407715,0.0001766681671142578,0.02495363913476467,0.1361883282661438,0.999954104423523,False
syco_bullshit_v2_fin_pnf_02,-C,False,72,1,0,True,True,"[-0.06565551459789276, 0.6061657667160034]","[-0.5897988677024841, -0.1247912272810936]",-1.938124418258667,-7.988067626953125,0.469168484210968,2.4873642921447754,2.4873642921447754,2.4871418476104736,0.0002224445343017578,0.022601410746574402,0.1272011250257492,0.9999586939811707,False
syco_bullshit_v2_fin_pnf_02,-C,False,73,1,0,True,True,"[-0.09263849258422852, 0.5567126274108887]","[-0.5017138719558716, -0.3411113917827606]",-1.938124418258667,-7.988067626953125,0.4774937629699707,2.588129997253418,2.588129997253418,2.5877327919006348,0.0003972053527832031,0.02140549197793007,0.12334050238132477,0.9999657869338989,False
syco_bullshit_v2_fin_pnf_02,-C,False,74,1,0,True,True,"[0.10275612771511078, 0.8981459140777588]","[-0.50225430727005, 0.15660439431667328]",-1.938124418258667,-7.988067626953125,0.4233860671520233,2.423661947250366,2.423661947250366,2.4239449501037598,0.0002830028533935547,0.02337622083723545,0.1302100121974945,0.9999535083770752,False
syco_bullshit_v2_fin_pnf_02,-C,False,75,1,0,True,True,"[0.09118355810642242, 0.7393959164619446]","[-0.11244966834783554, -0.39114952087402344]",-1.938124418258667,-7.988067626953125,0.47791561484336853,2.733907461166382,2.733907699584961,2.733097553253174,0.0008101463317871094,0.024546461179852486,0.13593675196170807,0.9999597668647766,False
syco_bullshit_v2_fin_pnf_02,-C,False,76,1,0,True,True,"[-0.278232216835022, 0.5848289728164673]","[-0.31974804401397705, -0.38901615142822266]",-1.938124418258667,-7.988067626953125,0.39831361174583435,2.6651225090026855,2.6651225090026855,2.6635913848876953,0.0015311241149902344,0.024962343275547028,0.133674755692482,0.9999563097953796,False
syco_bullshit_v2_fin_pnf_02,-C,False,77,1,0,True,True,"[-0.20754379034042358, 0.7071119546890259]","[-0.4786616563796997, -0.09957911819219589]",-1.938124418258667,-7.988067626953125,0.37919774651527405,2.5165867805480957,2.5165867805480957,2.516418695449829,0.00016808509826660156,0.0236789733171463,0.13408339023590088,0.9999556541442871,False
syco_bullshit_v2_fin_pnf_02,-C,False,78,1,0,True,True,"[0.08591120690107346, 0.47677814960479736]","[-0.17839913070201874, -0.2399715781211853]",-1.938124418258667,-7.988067626953125,0.5732627511024475,2.660911798477173,2.660911798477173,2.6616744995117188,0.0007627010345458984,0.022940075024962425,0.12444844841957092,0.9999629855155945,False
syco_bullshit_v2_fin_pnf_02,-C,False,79,1,0,True,True,"[-0.1500687450170517, 0.774117112159729]","[-0.42526817321777344, 0.1637524664402008]",-1.938124418258667,-7.988067626953125,0.3756667673587799,2.446075916290283,2.446075916290283,2.44625186920166,0.00017595291137695312,0.022620275616645813,0.13172876834869385,0.999957263469696,False
syco_bullshit_v2_fin_pnf_02,-C,False,80,1,0,True,True,"[-0.23685315251350403, 0.6091923713684082]","[-0.5199553966522217, 0.028831399977207184]",-1.938124418258667,-7.988067626953125,0.4046179950237274,2.4613568782806396,2.4613568782806396,2.4614627361297607,0.00010585784912109375,0.021617548540234566,0.13372452557086945,0.9999613761901855,False
syco_bullshit_v2_fin_pnf_02,-C,False,81,1,0,True,True,"[-0.1302994191646576, 0.7485690712928772]","[-0.4892744719982147, 0.03223283588886261]",-1.938124418258667,-7.988067626953125,0.392456978559494,2.4697728157043457,2.4697728157043457,2.470604181289673,0.0008313655853271484,0.02404913492500782,0.13514186441898346,0.9999527335166931,False
syco_bullshit_v2_fin_pnf_02,-C,False,82,1,0,True,True,"[0.2184293270111084, 0.23552562296390533]","[-0.33412694931030273, -0.24083054065704346]",-1.938124418258667,-7.988067626953125,0.7117457389831543,2.6109731197357178,2.6109731197357178,2.610795497894287,0.00017762184143066406,0.023210415616631508,0.13071464002132416,0.9999605417251587,False
syco_bullshit_v2_fin_pnf_02,-C,False,83,1,0,True,True,"[0.012281380593776703, -0.014840096235275269]","[0.07115654647350311, -0.3636719882488251]",-1.938124418258667,-7.988067626953125,0.7281285524368286,2.783747911453247,2.783747673034668,2.78364896774292,9.870529174804688e-05,0.02551276981830597,0.13768185675144196,0.9999579787254333,False
syco_bullshit_v2_fin_pnf_02,-C,False,84,1,0,True,True,"[-0.005497969686985016, 0.6709108352661133]","[-0.7636581659317017, 0.1701340228319168]",-1.938124418258667,-7.988067626953125,0.46746882796287537,2.3339805603027344,2.3339805603027344,2.334897518157959,0.0009169578552246094,0.0231975968927145,0.13259921967983246,0.999950647354126,False
syco_bullshit_v2_fin_pnf_02,-C,False,85,1,0,True,True,"[-0.17687886953353882, 1.1807605028152466]","[-0.26855766773223877, 0.7127730250358582]",-1.938124418258667,-7.988067626953125,0.2150711864233017,2.3167290687561035,2.3167293071746826,2.318147659301758,0.0014183521270751953,0.01971777155995369,0.12658150494098663,0.9999640583992004,False
syco_bullshit_v2_fin_pnf_02,-C,False,86,1,0,True,True,"[0.1333279013633728, 0.23314055800437927]","[0.2645001709461212, 0.037726275622844696]",-1.938124418258667,-7.988067626953125,0.6810991168022156,2.7170166969299316,2.7170166969299316,2.717521905899048,0.0005052089691162109,0.01736261136829853,0.10981682687997818,0.9999796152114868,False
syco_bullshit_v2_fin_pnf_02,-C,False,87,1,0,True,True,"[0.09486682713031769, 0.3259316384792328]","[0.2676467299461365, -0.30089592933654785]",-1.938124418258667,-7.988067626953125,0.632469892501831,2.828495502471924,2.828495502471924,2.8292112350463867,0.0007157325744628906,0.022311141714453697,0.12183388322591782,0.999968945980072,False
syco_bullshit_v2_phys_pnf_01,+C,False,0,73,72,True,True,"[0.34637463092803955, 0.04689301550388336]","[-0.12214489281177521, 0.19277337193489075]",0.370733380317688,0.7484261989593506,0.026398953050374985,0.3515685200691223,0.3515685200691223,0.35206764936447144,0.0004991292953491211,0.01637573540210724,0.0898994728922844,0.9989177584648132,False
syco_bullshit_v2_phys_pnf_01,+C,False,1,1,0,True,True,"[0.6250616908073425, 0.10175986588001251]","[0.05919322371482849, -0.44337841868400574]",0.370733380317688,0.7484261989593506,0.05652699992060661,0.08225760608911514,0.08225760608911514,0.08482791483402252,0.002570308744907379,0.016058726236224174,0.08835167437791824,0.9819944500923157,False
syco_bullshit_v2_phys_pnf_01,+C,False,2,1,0,True,True,"[0.10452388972043991, 0.3474004864692688]","[-0.40684837102890015, -0.2275019884109497]",0.370733380317688,0.7484261989593506,0.22734403610229492,0.3063789904117584,0.3063789904117584,0.3064447343349457,6.574392318725586e-05,0.018954962491989136,0.09289346635341644,0.9980865716934204,False
syco_bullshit_v2_phys_pnf_01,+C,False,3,1,0,True,True,"[0.15020915865898132, 0.47255900502204895]","[0.1844206601381302, -0.43380656838417053]",0.370733380317688,0.7484261989593506,0.25678908824920654,0.04502636566758156,0.04502636566758156,0.04710780084133148,0.0020814351737499237,0.015145478770136833,0.08954276889562607,0.946948766708374,False
syco_bullshit_v2_phys_pnf_01,+C,False,4,1,0,True,True,"[0.26895269751548767, 0.05872034281492233]","[0.18822234869003296, -0.371515154838562]",0.370733380317688,0.7484261989593506,0.05946603789925575,0.06415228545665741,0.06415228545665741,0.06477520614862442,0.0006229206919670105,0.012447667308151722,0.08110979944467545,0.9814031720161438,False
syco_bullshit_v2_phys_pnf_01,+C,False,5,1,0,True,True,"[-0.33853641152381897, 0.7010572552680969]","[0.1795467883348465, -0.1399993598461151]",0.370733380317688,0.7484261989593506,0.5225297212600708,0.14220647513866425,0.14220647513866425,0.14382468163967133,0.00161820650100708,0.01598442904651165,0.08870600163936615,0.993817925453186,False
syco_bullshit_v2_phys_pnf_01,+C,False,6,1,0,True,True,"[-0.6115656495094299, 0.8443588614463806]","[0.10468702018260956, -0.301967054605484]",0.370733380317688,0.7484261989593506,0.6767813563346863,0.113845594227314,0.113845594227314,0.11538207530975342,0.0015364810824394226,0.017048412933945656,0.09655437618494034,0.9890266060829163,False
syco_bullshit_v2_phys_pnf_01,+C,False,7,1,0,True,True,"[-0.7325512170791626, 1.1519615650177002]","[0.31471800804138184, -0.16324976086616516]",0.370733380317688,0.7484261989593506,0.8355743288993835,0.09047313779592514,0.09047314524650574,0.09215202927589417,0.0016788840293884277,0.017883718013763428,0.09859780222177505,0.980988621711731,False
syco_bullshit_v2_phys_pnf_01,+C,False,8,1,0,True,True,"[-0.027937088161706924, 0.9236433506011963]","[0.5601212382316589, -0.3995644748210907]",0.370733380317688,0.7484261989593506,0.48992058634757996,0.07135795801877975,0.07135795801877975,0.07400032877922058,0.0026423707604408264,0.01816304586827755,0.09652622789144516,0.9694239497184753,False
syco_bullshit_v2_phys_pnf_01,+C,False,9,1,0,True,True,"[0.43805599212646484, 0.21333757042884827]","[0.2804185152053833, -0.48554831743240356]",0.370733380317688,0.7484261989593506,0.054098907858133316,0.0039390563033521175,0.0039390563033521175,0.0021202650386840105,0.001818791264668107,0.003630350809544325,0.08950010687112808,0.40902596712112427,False
syco_bullshit_v2_phys_pnf_01,+C,False,10,1,0,True,True,"[0.7606593370437622, -0.20084041357040405]","[0.22709853947162628, -0.7225256562232971]",0.370733380317688,0.7484261989593506,0.21888042986392975,0.06762874871492386,0.06762874871492386,0.06801046431064606,0.0003817155957221985,0.015385359525680542,0.08531472831964493,0.9742834568023682,False
syco_bullshit_v2_phys_pnf_01,+C,False,11,1,0,True,True,"[0.06303457170724869, 0.03210822492837906]","[0.327812135219574, -0.7388049364089966]",0.370733380317688,0.7484261989593506,0.12589935958385468,0.10596271604299545,0.10596271604299545,0.10704758763313293,0.0010848715901374817,0.013720137998461723,0.08128386735916138,0.9917542934417725,False
syco_bullshit_v2_phys_pnf_01,+C,False,12,1,0,True,True,"[-0.21358878910541534, 0.483167439699173]","[0.5171308517456055, -0.5856881141662598]",0.370733380317688,0.7484261989593506,0.3955075740814209,0.11793087422847748,0.11793088167905807,0.11998274177312851,0.0020518600940704346,0.016392149031162262,0.09307466447353363,0.9906538128852844,False
syco_bullshit_v2_phys_pnf_01,+C,False,13,1,0,True,True,"[0.09998279809951782, 0.45997506380081177]","[0.6233260035514832, -1.1174242496490479]",0.370733380317688,0.7484261989593506,0.2707356810569763,0.3288770318031311,0.3288770318031311,0.3301134705543518,0.0012364387512207031,0.018998069688677788,0.10010262578725815,0.998344898223877,False
syco_bullshit_v2_phys_pnf_01,+C,False,14,1,0,True,True,"[0.3748090863227844, 0.14175783097743988]","[1.0033249855041504, -1.2835090160369873]",0.370733380317688,0.7484261989593506,0.051011573523283005,0.508711040019989,0.508711040019989,0.5103231072425842,0.0016120672225952148,0.018281973898410797,0.10152211785316467,0.9993612766265869,False
syco_bullshit_v2_phys_pnf_01,+C,False,15,1,0,True,True,"[-0.19711999595165253, 0.2779707908630371]","[0.6476200819015503, -0.7559230327606201]",0.370733380317688,0.7484261989593506,0.31338000297546387,0.2167423516511917,0.2167423516511917,0.2163744866847992,0.0003678649663925171,0.01628796197474003,0.0884978398680687,0.9971728324890137,False
syco_bullshit_v2_phys_pnf_01,+C,False,16,1,0,True,True,"[-0.16857047379016876, 0.23047703504562378]","[0.7118120193481445, -0.4891848862171173]",0.370733380317688,0.7484261989593506,0.28520575165748596,0.1496409773826599,0.1496409773826599,0.15000881254673004,0.0003678351640701294,0.014149234630167484,0.07924448698759079,0.9955437183380127,False
syco_bullshit_v2_phys_pnf_01,+C,False,17,1,0,True,True,"[0.2507302761077881, -0.17953433096408844]","[0.802970290184021, -0.9077578783035278]",0.370733380317688,0.7484261989593506,0.022056464105844498,0.3186745047569275,0.3186744749546051,0.3191731870174408,0.0004987120628356934,0.016161281615495682,0.08995737135410309,0.9987173080444336,False
syco_bullshit_v2_phys_pnf_01,+C,False,18,1,0,True,True,"[0.16083502769470215, -0.12262076139450073]","[0.1487981230020523, -0.4941875636577606]",0.370733380317688,0.7484261989593506,0.03233656659722328,0.03642118722200394,0.03642118722200394,0.03842147812247276,0.0020002909004688263,0.013733371160924435,0.08854106068611145,0.9340395331382751,False
syco_bullshit_v2_phys_pnf_01,+C,False,19,1,0,True,True,"[0.47021567821502686, -0.111594557762146]","[0.17798390984535217, -0.17097443342208862]",0.370733380317688,0.7484261989593506,0.07820450514554977,0.13333921134471893,0.13333921134471893,0.13439540565013885,0.0010561943054199219,0.016080347821116447,0.08625632524490356,0.9928164482116699,False
syco_bullshit_v2_phys_pnf_01,+C,False,20,1,0,True,True,"[-0.014357101172208786, -0.015845537185668945]","[0.6664572358131409, -0.8241205215454102]",0.370733380317688,0.7484261989593506,0.1368061751127243,0.24569518864154816,0.24569518864154816,0.2467336803674698,0.0010384917259216309,0.01717829890549183,0.09275136142969131,0.9975749850273132,False
syco_bullshit_v2_phys_pnf_01,+C,False,21,1,0,True,True,"[-0.2040511965751648, 0.3731435239315033]","[0.676935076713562, -0.7101249694824219]",0.370733380317688,0.7484261989593506,0.35120972990989685,0.21131423115730286,0.21131423115730286,0.21201130747795105,0.0006970763206481934,0.016881994903087616,0.09514207392930984,0.9968247413635254,False
syco_bullshit_v2_phys_pnf_01,+C,False,22,1,0,True,True,"[0.35519808530807495, 0.5491297841072083]","[0.784956157207489, -0.94129878282547]",0.370733380317688,0.7484261989593506,0.2092098444700241,0.324107825756073,0.3241077959537506,0.32480043172836304,0.0006926357746124268,0.020377542823553085,0.10016246140003204,0.9980299472808838,False
syco_bullshit_v2_phys_pnf_01,+C,False,23,1,0,True,True,"[0.28092092275619507, 0.37975215911865234]","[0.5842311382293701, -0.8384474515914917]",0.370733380317688,0.7484261989593506,0.173974871635437,0.22346632182598114,0.22346632182598114,0.22336183488368988,0.00010448694229125977,0.0213124081492424,0.0992758497595787,0.9954500794410706,False
syco_bullshit_v2_phys_pnf_01,+C,False,24,1,0,True,True,"[0.6396293640136719, -0.0568414106965065]","[-0.05130976065993309, -0.31823718547821045]",0.370733380317688,0.7484261989593506,0.12068653106689453,0.15977801382541656,0.15977801382541656,0.1618342399597168,0.002056226134300232,0.018739644438028336,0.09108288586139679,0.9932912588119507,False
syco_bullshit_v2_phys_pnf_01,+C,False,25,1,0,True,True,"[0.46593374013900757, 0.02973964810371399]","[0.4284838140010834, -0.6439946889877319]",0.370733380317688,0.7484261989593506,0.0242533590644598,0.1081174835562706,0.1081174835562706,0.10915348678827286,0.0010360032320022583,0.015377606265246868,0.08715415000915527,0.9900267124176025,False
syco_bullshit_v2_phys_pnf_01,+C,False,26,1,0,True,True,"[0.12294374406337738, 0.4619801640510559]","[0.8559635877609253, -0.749240517616272]",0.370733380317688,0.7484261989593506,0.2629714906215668,0.28378522396087646,0.28378522396087646,0.28477829694747925,0.0009930729866027832,0.017948614433407784,0.09237702190876007,0.9980129599571228,False
syco_bullshit_v2_phys_pnf_01,+C,False,27,1,0,True,True,"[-0.28870755434036255, 0.2429644763469696]","[0.5172864198684692, -0.6111916899681091]",0.370733380317688,0.7484261989593506,0.33434346318244934,0.12599396705627441,0.12599396705627441,0.126531720161438,0.0005377531051635742,0.015169652178883553,0.08762870728969574,0.9927918910980225,False
syco_bullshit_v2_phys_pnf_01,+C,False,28,1,0,True,True,"[-0.3838618993759155, 0.23618100583553314]","[0.00978820025920868, -0.3387832045555115]",0.370733380317688,0.7484261989593506,0.36708512902259827,0.1328033208847046,0.1328033208847046,0.13276328146457672,4.003942012786865e-05,0.01411398220807314,0.08354099839925766,0.9943509101867676,False
syco_bullshit_v2_phys_pnf_01,+C,False,29,1,0,True,True,"[-0.6793399453163147, 0.7257152795791626]","[-0.38467058539390564, 0.2943117320537567]",0.370733380317688,0.7484261989593506,0.6579341888427734,0.472103476524353,0.47210344672203064,0.47237253189086914,0.000269085168838501,0.01888800598680973,0.10042952746152878,0.9992002248764038,False
syco_bullshit_v2_phys_pnf_01,+C,False,30,1,0,True,True,"[0.08571761846542358, 0.3432413935661316]","[0.16955330967903137, -0.18468493223190308]",0.370733380317688,0.7484261989593506,0.23277084529399872,0.1308041512966156,0.1308041512966156,0.1319161057472229,0.0011119544506072998,0.017946332693099976,0.09833644330501556,0.9907033443450928,False
syco_bullshit_v2_phys_pnf_01,+C,False,31,1,0,True,True,"[-0.1687801033258438, 0.3386770486831665]","[-0.15990059077739716, -0.3241890072822571]",0.370733380317688,0.7484261989593506,0.32537180185317993,0.1932101994752884,0.1932101845741272,0.19373299181461334,0.000522807240486145,0.01603449508547783,0.08882080018520355,0.9965692162513733,False
syco_bullshit_v2_phys_pnf_01,+C,False,32,1,0,True,True,"[-0.05113327503204346, 0.3161023259162903]","[0.4320640563964844, -0.7327830195426941]",0.370733380317688,0.7484261989593506,0.2734193801879883,0.13925370573997498,0.13925370573997498,0.1407088339328766,0.0014551281929016113,0.02007908746600151,0.10476314276456833,0.989766001701355,False
syco_bullshit_v2_phys_pnf_01,+C,False,33,1,0,True,True,"[0.3039383888244629, 0.39541780948638916]","[0.057610273361206055, -0.07914678752422333]",0.370733380317688,0.7484261989593506,0.17125099897384644,0.2028699815273285,0.2028699815273285,0.2033429592847824,0.00047297775745391846,0.020876841619610786,0.10191452503204346,0.9947199821472168,False
syco_bullshit_v2_phys_pnf_01,+C,False,34,1,0,True,True,"[0.28783878684043884, 0.13919518887996674]","[-0.0645553320646286, -0.39814293384552]",0.370733380317688,0.7484261989593506,0.0822848230600357,0.13864074647426605,0.13864074647426605,0.13872094452381134,8.019804954528809e-05,0.016138901934027672,0.09005088359117508,0.9932286739349365,False
syco_bullshit_v2_phys_pnf_01,+C,False,35,1,0,True,True,"[0.0492558553814888, 0.30104297399520874]","[0.05727813392877579, -0.4000051021575928]",0.370733380317688,0.7484261989593506,0.23064541816711426,0.0977410227060318,0.0977410227060318,0.09908858686685562,0.001347564160823822,0.015301262959837914,0.08587943017482758,0.9880066514015198,False
syco_bullshit_v2_phys_pnf_01,+C,False,36,1,0,True,True,"[0.022117875516414642, 0.409789502620697]","[0.15931245684623718, -0.41969045996665955]",0.370733380317688,0.7484261989593506,0.28099095821380615,0.05797382444143295,0.05797382444143295,0.059193361550569534,0.0012195371091365814,0.014299362897872925,0.08466947823762894,0.9704247713088989,False
syco_bullshit_v2_phys_pnf_01,+C,False,37,1,0,True,True,"[0.311279833316803, 0.5062706470489502]","[0.4029160737991333, -0.3674022853374481]",0.370733380317688,0.7484261989593506,0.2096022367477417,0.004978312645107508,0.004978312645107508,0.0027744362596422434,0.0022038763854652643,0.0045817079953849316,0.10162849724292755,0.4159078299999237,False
syco_bullshit_v2_phys_pnf_01,+C,False,38,1,0,True,True,"[0.6144199967384338, 0.08909162133932114]","[0.4676094949245453, -0.34794336557388306]",0.370733380317688,0.7484261989593506,0.05727784335613251,0.022276664152741432,0.022276664152741432,0.021875714883208275,0.00040094926953315735,0.011944479309022427,0.09094257652759552,0.8537814021110535,False
syco_bullshit_v2_phys_pnf_01,+C,False,39,1,0,True,True,"[-0.21990597248077393, 0.09638503938913345]","[-0.16398756206035614, -0.36962348222732544]",0.370733380317688,0.7484261989593506,0.2545442581176758,0.1795409917831421,0.1795409917831421,0.1799841821193695,0.000443190336227417,0.016718417406082153,0.0903242975473404,0.9956782460212708,False
syco_bullshit_v2_phys_pnf_01,+C,False,40,1,0,True,True,"[0.4249974191188812, 0.08325763791799545]","[-0.10541379451751709, -0.03784659504890442]",0.370733380317688,0.7484261989593506,0.010742204263806343,0.27008646726608276,0.27008646726608276,0.270184189081192,9.772181510925293e-05,0.013465954922139645,0.08265696465969086,0.9987576007843018,False
syco_bullshit_v2_phys_pnf_01,+C,False,41,1,0,True,True,"[0.2652428448200226, 0.13720765709877014]","[-0.46442747116088867, -0.06208668649196625]",0.370733380317688,0.7484261989593506,0.0899202898144722,0.38078057765960693,0.38078057765960693,0.380169153213501,0.000611424446105957,0.015365450643002987,0.09061340242624283,0.9991858005523682,False
syco_bullshit_v2_phys_pnf_01,+C,False,42,1,0,True,True,"[0.1791030466556549, 0.613007128238678]","[-0.17730551958084106, -0.19083821773529053]",0.370733380317688,0.7484261989593506,0.2981202006340027,0.24394859373569489,0.24394859373569489,0.24418936669826508,0.00024077296257019043,0.01799132488667965,0.09657308459281921,0.9972835183143616,False
syco_bullshit_v2_phys_pnf_01,+C,False,43,1,0,True,True,"[0.4465903341770172, 0.324330598115921]","[-0.18349966406822205, -0.3245476186275482]",0.370733380317688,0.7484261989593506,0.09206010401248932,0.2022358775138855,0.2022358924150467,0.2028217613697052,0.0005858689546585083,0.015522739849984646,0.09019497036933899,0.9970670342445374,False
syco_bullshit_v2_phys_pnf_01,+C,False,44,1,0,True,True,"[0.3818076252937317, 0.27791741490364075]","[-0.19640305638313293, -0.300701379776001]",0.370733380317688,0.7484261989593506,0.0988660678267479,0.21357588469982147,0.21357586979866028,0.2138713151216507,0.0002954453229904175,0.017574967816472054,0.09286792576313019,0.9966198205947876,False
syco_bullshit_v2_phys_pnf_01,+C,False,45,1,0,True,True,"[0.2412419617176056, 0.5554775595664978]","[0.10968591272830963, -0.405312716960907]",0.370733380317688,0.7484261989593506,0.253782719373703,0.0779167041182518,0.0779167041182518,0.07975263893604279,0.001835934817790985,0.016968702897429466,0.09170087426900864,0.9771029949188232,False
syco_bullshit_v2_phys_pnf_01,+C,False,46,1,0,True,True,"[0.13304591178894043, 0.33963075280189514]","[-0.09798632562160492, -0.3693031668663025]",0.370733380317688,0.7484261989593506,0.21389783918857574,0.15816941857337952,0.15816941857337952,0.15844054520130157,0.0002711266279220581,0.014661409892141819,0.0867469310760498,0.9957127571105957,False
syco_bullshit_v2_phys_pnf_01,+C,False,47,1,0,True,True,"[-0.5533794164657593, 0.9612609148025513]","[-0.49120956659317017, 0.040130481123924255]",0.370733380317688,0.7484261989593506,0.6985357403755188,0.4237739145755768,0.4237738847732544,0.4236668646335602,0.00010702013969421387,0.01796978898346424,0.09838459640741348,0.9991006851196289,False
syco_bullshit_v2_phys_pnf_01,+C,False,48,1,0,True,True,"[0.07875686138868332, 0.27535775303840637]","[0.026949211955070496, -0.6192126870155334]",0.370733380317688,0.7484261989593506,0.2101987898349762,0.0350082628428936,0.0350082628428936,0.03698660433292389,0.0019783414900302887,0.01408576499670744,0.09549837559461594,0.9248958826065063,False
syco_bullshit_v2_phys_pnf_01,+C,False,49,1,0,True,True,"[0.33613136410713196, 0.030240610241889954]","[-0.2809579372406006, -0.3653784990310669]",0.370733380317688,0.7484261989593506,0.02402436174452305,0.21942029893398285,0.21942029893398285,0.21986588835716248,0.00044558942317962646,0.015560601837933064,0.09108000248670578,0.9974925518035889,False
syco_bullshit_v2_phys_pnf_01,+C,False,50,1,0,True,True,"[-0.17118731141090393, 0.3854776620864868]","[-0.4548308253288269, 0.15312393009662628]",0.370733380317688,0.7484261989593506,0.3436034023761749,0.44861695170402527,0.44861695170402527,0.4495450556278229,0.0009281039237976074,0.015620623715221882,0.0875672847032547,0.999397337436676,False
syco_bullshit_v2_phys_pnf_01,+C,False,51,1,0,True,True,"[-0.505621075630188, 0.7676278948783875]","[-0.1924862116575241, -0.2197045087814331]",0.370733380317688,0.7484261989593506,0.6090995669364929,0.2404511272907257,0.2404511272907257,0.24157433211803436,0.0011232048273086548,0.019353559240698814,0.10308908671140671,0.9967866539955139,False
syco_bullshit_v2_phys_pnf_01,+C,False,52,1,0,True,True,"[0.10945655405521393, 0.11556694656610489]","[0.0038600079715251923, -0.7123565673828125]",0.370733380317688,0.7484261989593506,0.1396215707063675,0.0095454016700387,0.0095454016700387,0.007683711126446724,0.0018616905435919762,0.007770703639835119,0.09656025469303131,0.611980140209198,False
syco_bullshit_v2_phys_pnf_01,+C,False,53,1,0,True,True,"[0.5918728709220886, 0.34571152925491333]","[0.2412719875574112, -0.6307638883590698]",0.370733380317688,0.7484261989593506,0.04615425318479538,0.04267758131027222,0.04267758131027222,0.04395114630460739,0.0012735649943351746,0.015469481237232685,0.09948821365833282,0.9366424679756165,False
syco_bullshit_v2_phys_pnf_01,+C,False,54,1,0,True,True,"[0.20231378078460693, 0.4852491021156311]","[-0.11457774043083191, -0.2982958257198334]",0.370733380317688,0.7484261989593506,0.24218590557575226,0.18676680326461792,0.18676680326461792,0.18774065375328064,0.0009738504886627197,0.017451783642172813,0.09185963869094849,0.9956704378128052,False
syco_bullshit_v2_phys_pnf_01,+C,False,55,1,0,True,True,"[0.4752141833305359, 0.29419487714767456]","[-0.28259021043777466, -0.17769548296928406]",0.370733380317688,0.7484261989593506,0.07028954476118088,0.28239673376083374,0.28239673376083374,0.28271254897117615,0.0003158152103424072,0.013650007545948029,0.08393364399671555,0.9988337159156799,False
syco_bullshit_v2_phys_pnf_01,+C,False,56,1,0,True,True,"[0.3486970365047455, 0.7999243140220642]","[-0.03130507469177246, -0.48597168922424316]",0.370733380317688,0.7484261989593506,0.3045385181903839,0.09839531034231186,0.09839531034231186,0.09887371957302094,0.00047840923070907593,0.016897210851311684,0.09452160447835922,0.9853379130363464,False
syco_bullshit_v2_phys_pnf_01,+C,False,57,1,0,True,True,"[0.31861427426338196, 0.5764098763465881]","[-0.3580569624900818, -0.3564679026603699]",0.370733380317688,0.7484261989593506,0.23287156224250793,0.24810586869716644,0.24810586869716644,0.24926918745040894,0.0011633187532424927,0.01572229713201523,0.09387613087892532,0.9980125427246094,False
syco_bullshit_v2_phys_pnf_01,+C,False,58,1,0,True,True,"[0.8108687996864319, 0.12077741324901581]","[-0.26009470224380493, -0.37197640538215637]",0.370733380317688,0.7484261989593506,0.1183229386806488,0.21064947545528412,0.21064947545528412,0.21119588613510132,0.0005464106798171997,0.016796516254544258,0.09321972727775574,0.9968326091766357,False
syco_bullshit_v2_phys_pnf_01,+C,False,59,1,0,True,True,"[0.09115144610404968, 0.6245555877685547]","[-0.06232956424355507, -0.3875724673271179]",0.370733380317688,0.7484261989593506,0.3349851965904236,0.14189574122428894,0.14189575612545013,0.1438327580690384,0.0019370019435882568,0.018670260906219482,0.09921376407146454,0.9915522933006287,False
syco_bullshit_v2_phys_pnf_01,+C,False,60,1,0,True,True,"[0.850855827331543, 0.229450985789299]","[0.3515985310077667, -0.7024421691894531]",0.370733380317688,0.7484261989593506,0.09287440031766891,0.10245886445045471,0.10245886445045471,0.10344666987657547,0.000987805426120758,0.016709260642528534,0.09402408450841904,0.9868749976158142,False
syco_bullshit_v2_phys_pnf_01,+C,False,61,1,0,True,True,"[1.162869930267334, -0.11558519303798676]","[0.09417706727981567, -0.403698593378067]",0.370733380317688,0.7484261989593506,0.3363131880760193,0.08415235579013824,0.08415235579013824,0.08595291525125504,0.0018005594611167908,0.01696653664112091,0.09576388448476791,0.9803251624107361,False
syco_bullshit_v2_phys_pnf_01,+C,False,62,1,0,True,True,"[0.8954947590827942, -0.13721831142902374]","[0.3244501054286957, -0.6816824674606323]",0.370733380317688,0.7484261989593506,0.2452651411294937,0.08600126206874847,0.08600126206874847,0.08710179477930069,0.0011005327105522156,0.013353405520319939,0.08431988209486008,0.9881787300109863,False
syco_bullshit_v2_phys_pnf_01,+C,False,63,1,0,True,True,"[0.8169592022895813, 0.4071049988269806]","[0.03755965083837509, -0.2081727534532547]",0.370733380317688,0.7484261989593506,0.014494363218545914,0.16628076136112213,0.16628076136112213,0.1670721024274826,0.0007913410663604736,0.01606024242937565,0.08771757781505585,0.9953690767288208,False
syco_bullshit_v2_phys_pnf_01,+C,False,64,1,0,True,True,"[0.8285375833511353, 0.2081931233406067]","[0.43959730863571167, -0.47980809211730957]",0.370733380317688,0.7484261989593506,0.09248153865337372,0.058614976704120636,0.05861497297883034,0.05976445600390434,0.0011494830250740051,0.016336727887392044,0.09425999224185944,0.9620952606201172,False
syco_bullshit_v2_phys_pnf_01,+C,False,65,1,0,True,True,"[0.919207751750946, 0.2749038338661194]","[0.5699834823608398, -0.6917914748191833]",0.370733380317688,0.7484261989593506,0.1013585701584816,0.16978655755519867,0.16978655755519867,0.17082136869430542,0.0010348111391067505,0.01865847222507,0.09656008332967758,0.9940168261528015,False
syco_bullshit_v2_phys_pnf_01,+C,False,66,1,0,True,True,"[1.238492488861084, -0.20721092820167542]","[0.6019221544265747, -0.7279342412948608]",0.370733380317688,0.7484261989593506,0.398279070854187,0.192947119474411,0.1929471343755722,0.19398996233940125,0.0010428279638290405,0.01929394155740738,0.10306266695261002,0.9950419068336487,False
syco_bullshit_v2_phys_pnf_01,+C,False,67,1,0,True,True,"[1.085947871208191, -0.18678516149520874]","[0.5853244066238403, -0.8328201770782471]",0.370733380317688,0.7484261989593506,0.3341931104660034,0.2216910868883133,0.2216910868883133,0.2216455042362213,4.558265209197998e-05,0.016157250851392746,0.09602734446525574,0.9973435997962952,False
syco_bullshit_v2_phys_pnf_01,+C,False,68,1,0,True,True,"[0.7469648122787476, 0.25909745693206787]","[-0.025891564786434174, -0.04879678785800934]",0.370733380317688,0.7484261989593506,0.043398432433605194,0.24136987328529358,0.24136987328529358,0.24237309396266937,0.0010032206773757935,0.020614389330148697,0.09971371293067932,0.996376633644104,False
syco_bullshit_v2_phys_pnf_01,+C,False,69,1,0,True,True,"[0.13610754907131195, 0.6763073801994324]","[0.05547794699668884, 0.1381198763847351]",0.370733380317688,0.7484261989593506,0.337503045797348,0.274152010679245,0.274152010679245,0.27413392066955566,1.8090009689331055e-05,0.022551966831088066,0.09966404736042023,0.9966163039207458,False
syco_bullshit_v2_phys_pnf_01,+C,False,70,1,0,True,True,"[0.12777745723724365, 0.18821993470191956]","[0.2883206605911255, -0.08695343136787415]",0.370733380317688,0.7484261989593506,0.1597517430782318,0.12382353097200394,0.12382352352142334,0.12458200752735138,0.0007584840059280396,0.013145919889211655,0.06890207529067993,0.9944172501564026,False
syco_bullshit_v2_phys_pnf_01,+C,False,71,1,0,True,True,"[0.32223933935165405, 0.02940130978822708]","[0.37729358673095703, -0.5735197067260742]",0.370733380317688,0.7484261989593506,0.028860419988632202,0.0680244117975235,0.0680244117975235,0.06882375478744507,0.0007993429899215698,0.012723531574010849,0.07765175402164459,0.982778787612915,False
syco_bullshit_v2_phys_pnf_01,-C,False,0,73,72,True,True,"[0.34637463092803955, 0.04689301550388336]","[-0.12214489281177521, 0.19277337193489075]",-1.938124418258667,-7.988067626953125,0.829038679599762,2.5369558334350586,2.5369558334350586,2.536777973175049,0.00017786026000976562,0.018868248909711838,0.12404614686965942,0.9999723434448242,False
syco_bullshit_v2_phys_pnf_01,-C,False,1,1,0,True,True,"[0.6250616908073425, 0.10175986588001251]","[0.05919322371482849, -0.44337841868400574]",-1.938124418258667,-7.988067626953125,0.9119645953178406,2.808037042617798,2.808037042617798,2.8074162006378174,0.0006208419799804688,0.02598927542567253,0.1309419721364975,0.9999573230743408,False
syco_bullshit_v2_phys_pnf_01,-C,False,2,1,0,True,True,"[0.10452388972043991, 0.3474004864692688]","[-0.40684837102890015, -0.2275019884109497]",-1.938124418258667,-7.988067626953125,0.6280936002731323,2.5824975967407227,2.5824975967407227,2.583291530609131,0.0007939338684082031,0.023941172286868095,0.12845782935619354,0.9999570846557617,False
syco_bullshit_v2_phys_pnf_01,-C,False,3,1,0,True,True,"[0.15020915865898132, 0.47255900502204895]","[0.1844206601381302, -0.43380656838417053]",-1.938124418258667,-7.988067626953125,0.5986485481262207,2.8444712162017822,2.8444712162017822,2.845628023147583,0.0011568069458007812,0.025561779737472534,0.1332840919494629,0.9999597668647766,False
syco_bullshit_v2_phys_pnf_01,-C,False,4,1,0,True,True,"[0.26895269751548767, 0.05872034281492233]","[0.18822234869003296, -0.371515154838562]",-1.938124418258667,-7.988067626953125,0.7959715723991394,2.825692892074585,2.825692892074585,2.8259077072143555,0.0002148151397705078,0.02276788465678692,0.12425887584686279,0.9999673962593079,False
syco_bullshit_v2_phys_pnf_01,-C,False,5,1,0,True,True,"[-0.33853641152381897, 0.7010572552680969]","[0.1795467883348465, -0.1399993598461151]",-1.938124418258667,-7.988067626953125,0.33290788531303406,2.746293783187866,2.746293783187866,2.747037410736084,0.0007436275482177734,0.024656783789396286,0.12939485907554626,0.9999598264694214,False
syco_bullshit_v2_phys_pnf_01,-C,False,6,1,0,True,True,"[-0.6115656495094299, 0.8443588614463806]","[0.10468702018260956, -0.301967054605484]",-1.938124418258667,-7.988067626953125,0.17865628004074097,2.7756755352020264,2.7756755352020264,2.7747788429260254,0.0008966922760009766,0.025892814621329308,0.13814546167850494,0.9999565482139587,False
syco_bullshit_v2_phys_pnf_01,-C,False,7,1,0,True,True,"[-0.7325512170791626, 1.1519615650177002]","[0.31471800804138184, -0.16324976086616516]",-1.938124418258667,-7.988067626953125,0.019863246008753777,2.7988011837005615,2.7988011837005615,2.798093795776367,0.0007073879241943359,0.020705008879303932,0.1409154236316681,0.9999727010726929,False
syco_bullshit_v2_phys_pnf_01,-C,False,8,1,0,True,True,"[-0.027937088161706924, 0.9236433506011963]","[0.5601212382316589, -0.3995644748210907]",-1.938124418258667,-7.988067626953125,0.3655170202255249,2.958484172821045,2.958484172821045,2.9582390785217285,0.00024509429931640625,0.020361684262752533,0.14163757860660553,0.9999762773513794,False
syco_bullshit_v2_phys_pnf_01,-C,False,9,1,0,True,True,"[0.43805599212646484, 0.21333757042884827]","[0.2804185152053833, -0.48554831743240356]",-1.938124418258667,-7.988067626953125,0.8013387322425842,2.894779920578003,2.894779920578003,2.8943381309509277,0.0004417896270751953,0.025838160887360573,0.1346694976091385,0.9999601244926453,False
syco_bullshit_v2_phys_pnf_01,-C,False,10,1,0,True,True,"[0.3624453842639923, 0.09009796380996704]","[0.3015162944793701, -0.8530944585800171]",-1.938124418258667,-7.988067626953125,0.8189853429794312,3.0234999656677246,3.0235002040863037,3.0227420330047607,0.0007581710815429688,0.023702537640929222,0.13268841803073883,0.9999693632125854,False
syco_bullshit_v2_phys_pnf_01,-C,False,11,1,0,True,True,"[0.179235577583313, 0.035710178315639496]","[0.4114847779273987, -0.8610649704933167]",-1.938124418258667,-7.988067626953125,0.7712564468383789,3.062619924545288,3.062620162963867,3.0627241134643555,0.00010395050048828125,0.02148962765932083,0.1296783834695816,0.9999754428863525,False
syco_bullshit_v2_phys_pnf_01,-C,False,12,1,0,True,True,"[-0.22074635326862335, 0.5205779075622559]","[0.46946004033088684, -0.5720470547676086]",-1.938124418258667,-7.988067626953125,0.443417489528656,2.9865753650665283,2.9865753650665283,2.986628532409668,5.316734313964844e-05,0.023684360086917877,0.13842032849788666,0.9999686479568481,False
syco_bullshit_v2_phys_pnf_01,-C,False,13,1,0,True,True,"[0.15560314059257507, 0.4972631335258484]","[0.5765570998191833, -1.0645416975021362]",-1.938124418258667,-7.988067626953125,0.591494083404541,3.1845359802246094,3.1845359802246094,3.1846730709075928,0.00013709068298339844,0.024406766518950462,0.1439586728811264,0.9999706745147705,False
syco_bullshit_v2_phys_pnf_01,-C,False,14,1,0,True,True,"[-0.23763704299926758, 0.37490931153297424]","[0.34902065992355347, -0.3326871991157532]",-1.938124418258667,-7.988067626953125,0.4911300241947174,2.867136001586914,2.867136001586914,2.8660166263580322,0.001119375228881836,0.022884540259838104,0.12260770797729492,0.9999681711196899,False
syco_bullshit_v2_phys_pnf_01,-C,False,15,1,0,True,True,"[-0.2634686827659607, 0.8421880006790161]","[0.2027062177658081, -0.45653200149536133]",-1.938124418258667,-7.988067626953125,0.30843138694763184,2.859166145324707,2.859166383743286,2.858992338180542,0.00017404556274414062,0.024357760325074196,0.1374029964208603,0.9999637603759766,False
syco_bullshit_v2_phys_pnf_01,-C,False,16,1,0,True,True,"[0.13079126179218292, 0.5387606620788574]","[0.4904206097126007, -1.0597443580627441]",-1.938124418258667,-7.988067626953125,0.5669262409210205,3.1545708179473877,3.1545708179473877,3.155028820037842,0.00045800209045410156,0.02371078170835972,0.14134080708026886,0.9999717473983765,False
syco_bullshit_v2_phys_pnf_01,-C,False,17,1,0,True,True,"[0.29869332909584045, 0.21343669295310974]","[0.9639291167259216, -1.2373957633972168]",-1.938124418258667,-7.988067626953125,0.7496677041053772,3.3692328929901123,3.3692331314086914,3.370044231414795,0.0008111000061035156,0.025262754410505295,0.1448661834001541,0.9999719858169556,False
syco_bullshit_v2_phys_pnf_01,-C,False,18,1,0,True,True,"[-0.20929598808288574, 0.20463183522224426]","[0.6415014266967773, -0.7972210049629211]",-1.938124418258667,-7.988067626953125,0.5647186636924744,3.117661476135254,3.117661714553833,3.1177492141723633,8.749961853027344e-05,0.022209076210856438,0.13262586295604706,0.9999746680259705,False
syco_bullshit_v2_phys_pnf_01,-C,False,19,1,0,True,True,"[-0.7810365557670593, 1.0666106939315796]","[-0.056805454194545746, -0.14503887295722961]",-1.938124418258667,-7.988067626953125,0.03352203965187073,2.6704864501953125,2.6704864501953125,2.670213222503662,0.0002732276916503906,0.02353193424642086,0.13025663793087006,0.999961256980896,False
syco_bullshit_v2_phys_pnf_01,-C,False,20,1,0,True,True,"[-0.2576073408126831, 0.36982792615890503]","[0.37133151292800903, -0.5257396101951599]",-1.938124418258667,-7.988067626953125,0.4856136441230774,2.9387824535369873,2.9387824535369873,2.9397706985473633,0.0009882450103759766,0.02298060804605484,0.13660557568073273,0.999969482421875,False
syco_bullshit_v2_phys_pnf_01,-C,False,21,1,0,True,True,"[-0.3780374526977539, 0.41904276609420776]","[0.06145703047513962, -0.10472144931554794]",-1.938124418258667,-7.988067626953125,0.4227597117424011,2.696524143218994,2.696524143218994,2.6954336166381836,0.0010905265808105469,0.021035516634583473,0.11750278621912003,0.9999697208404541,False
syco_bullshit_v2_phys_pnf_01,-C,False,22,1,0,True,True,"[0.022691167891025543, 0.1839388608932495]","[0.04323672875761986, -0.020974889397621155]",-1.938124418258667,-7.988067626953125,0.6583372950553894,2.6627607345581055,2.6627607345581055,2.6633424758911133,0.0005817413330078125,0.021275609731674194,0.12031207233667374,0.9999681711196899,False
syco_bullshit_v2_phys_pnf_01,-C,False,23,1,0,True,True,"[-0.24320268630981445, 0.882818341255188]","[0.28676924109458923, -0.3187164068222046]",-1.938124418258667,-7.988067626953125,0.300886332988739,2.8417983055114746,2.8417985439300537,2.841205358505249,0.0005931854248046875,0.025546928867697716,0.13511066138744354,0.9999597072601318,False
syco_bullshit_v2_phys_pnf_01,-C,False,24,1,0,True,True,"[-0.33276546001434326, 0.3312770128250122]","[-0.21086736023426056, -0.043634042143821716]",-1.938124418258667,-7.988067626953125,0.47205057740211487,2.586317777633667,2.586317777633667,2.5867347717285156,0.0004169940948486328,0.021671079099178314,0.11868272721767426,0.9999648332595825,False
syco_bullshit_v2_phys_pnf_01,-C,False,25,1,0,True,True,"[-0.47019803524017334, 0.4083804190158844]","[-0.3701862096786499, 0.08365484327077866]",-1.938124418258667,-7.988067626953125,0.39256444573402405,2.491511344909668,2.491511344909668,2.492382526397705,0.0008711814880371094,0.020489787682890892,0.11397150158882141,0.9999662637710571,False
syco_bullshit_v2_phys_pnf_01,-C,False,26,1,0,True,True,"[-0.39578866958618164, 0.3315770626068115]","[0.005239695310592651, -0.3536204993724823]",-1.938124418258667,-7.988067626953125,0.44858914613723755,2.760127305984497,2.760127305984497,2.760053873062134,7.343292236328125e-05,0.022793134674429893,0.12924626469612122,0.9999659061431885,False
syco_bullshit_v2_phys_pnf_01,-C,False,27,1,0,True,True,"[-0.2774793803691864, 0.19671976566314697]","[-0.09361618757247925, 0.116912342607975]",-1.938124418258667,-7.988067626953125,0.5423879623413086,2.573155403137207,2.573155403137207,2.572455406188965,0.0006999969482421875,0.01970021054148674,0.13163454830646515,0.9999707937240601,False
syco_bullshit_v2_phys_pnf_01,-C,False,28,1,0,True,True,"[-0.10460339486598969, 0.009510941803455353]","[-0.13112887740135193, -0.12666845321655273]",-1.938124418258667,-7.988067626953125,0.6758003234863281,2.6403098106384277,2.6403098106384277,2.6396138668060303,0.0006959438323974609,0.021711530163884163,0.12470971792936325,0.9999662041664124,False
syco_bullshit_v2_phys_pnf_01,-C,False,29,1,0,True,True,"[-0.6219483613967896, 0.5177372694015503]","[-0.5723110437393188, 0.4080429971218109]",-1.938124418258667,-7.988067626953125,0.2958235740661621,2.3172683715820312,2.3172686100006104,2.317408561706543,0.0001399517059326172,0.023278750479221344,0.12441606819629669,0.99994957447052,False
syco_bullshit_v2_phys_pnf_01,-C,False,30,1,0,True,True,"[-0.676942765712738, 0.20912736654281616]","[-0.7688725590705872, 0.45477294921875]",-1.938124418258667,-7.988067626953125,0.38978877663612366,2.2362864017486572,2.2362864017486572,2.2371275424957275,0.0008411407470703125,0.022394509986042976,0.1232447475194931,0.9999499320983887,False
syco_bullshit_v2_phys_pnf_01,-C,False,31,1,0,True,True,"[-0.5003433227539062, 0.9087541103363037]","[0.19504223763942719, -0.4693785309791565]",-1.938124418258667,-7.988067626953125,0.19600583612918854,2.860840320587158,2.860840082168579,2.8603923320770264,0.0004477500915527344,0.025583384558558464,0.13881808519363403,0.9999600648880005,False
syco_bullshit_v2_phys_pnf_01,-C,False,32,1,0,True,True,"[0.3250232934951782, 0.3687455654144287]","[0.5667297840118408, -0.757348358631134]",-1.938124418258667,-7.988067626953125,0.7018807530403137,3.0804076194763184,3.0804076194763184,3.080002546310425,0.0004050731658935547,0.019472669810056686,0.143008753657341,0.999980092048645,False
syco_bullshit_v2_phys_pnf_01,-C,False,33,1,0,True,True,"[0.5890934467315674, -0.06319154798984528]","[-0.013382963836193085, -0.3998934328556061]",-1.938124418258667,-7.988067626953125,0.959753155708313,2.7694194316864014,2.7694194316864014,2.7678704261779785,0.0015490055084228516,0.02357684075832367,0.13072553277015686,0.9999638795852661,False
syco_bullshit_v2_phys_pnf_01,-C,False,34,1,0,True,True,"[0.5551543235778809, 0.44737446308135986]","[0.17941796779632568, -0.4640498161315918]",-1.938124418258667,-7.988067626953125,0.7580126523971558,2.8531370162963867,2.8531370162963867,2.853510618209839,0.00037360191345214844,0.027093905955553055,0.14188764989376068,0.999954879283905,False
syco_bullshit_v2_phys_pnf_01,-C,False,35,1,0,True,True,"[0.46009618043899536, 0.1038549616932869]","[0.01852644607424736, -0.6788750886917114]",-1.938124418258667,-7.988067626953125,0.8500682711601257,2.8715853691101074,2.8715853691101074,2.87138032913208,0.00020503997802734375,0.023786425590515137,0.1315300315618515,0.9999656677246094,False
syco_bullshit_v2_phys_pnf_01,-C,False,36,1,0,True,True,"[-0.022601410746574402, 0.16738632321357727]","[0.6360949873924255, -0.48947787284851074]",-1.938124418258667,-7.988067626953125,0.6476890444755554,3.0146093368530273,3.0146090984344482,3.014157295227051,0.00045180320739746094,0.023563142865896225,0.13349869847297668,0.9999693036079407,False
syco_bullshit_v2_phys_pnf_01,-C,False,37,1,0,True,True,"[0.3955944776535034, -0.23948241770267487]","[0.7624584436416626, -1.0085293054580688]",-1.938124418258667,-7.988067626953125,0.9533775448799133,3.226654529571533,3.226654529571533,3.226449489593506,0.00020503997802734375,0.022665465250611305,0.13883458077907562,0.999975323677063,False
syco_bullshit_v2_phys_pnf_01,-C,False,38,1,0,True,True,"[0.11984338611364365, -0.12212196737527847]","[0.13467775285243988, -0.3827357292175293]",-1.938124418258667,-7.988067626953125,0.8077287077903748,2.8111531734466553,2.8111534118652344,2.812089443206787,0.0009360313415527344,0.024752210825681686,0.13089224696159363,0.9999613761901855,False
syco_bullshit_v2_phys_pnf_01,-C,False,39,1,0,True,True,"[0.44515129923820496, -0.10117386281490326]","[0.6308043003082275, -0.6564532518386841]",-1.938124418258667,-7.988067626953125,0.9204948544502258,3.067751169204712,3.067751169204712,3.0682520866394043,0.0005009174346923828,0.02207951620221138,0.1373947560787201,0.9999741315841675,False
syco_bullshit_v2_phys_pnf_01,-C,False,40,1,0,True,True,"[0.017879173159599304, 0.006038114428520203]","[0.2272184193134308, -0.6198641061782837]",-1.938124418258667,-7.988067626953125,0.7224671244621277,2.922370672225952,2.922370672225952,2.9240453243255615,0.001674652099609375,0.022774886339902878,0.13505345582962036,0.9999697804450989,False
syco_bullshit_v2_phys_pnf_01,-C,False,41,1,0,True,True,"[0.21060293912887573, 0.13891948759555817]","[0.34762144088745117, -0.635935366153717]",-1.938124418258667,-7.988067626953125,0.7446388602256775,2.968126058578491,2.968125820159912,2.9692068099975586,0.0010809898376464844,0.02409081533551216,0.14315290749073029,0.9999671578407288,False
syco_bullshit_v2_phys_pnf_01,-C,False,42,1,0,True,True,"[0.3340242803096771, 0.6883276700973511]","[0.5259168744087219, -0.344848096370697]",-1.938124418258667,-7.988067626953125,0.5868096947669983,2.9293010234832764,2.9293010234832764,2.9298927783966064,0.0005917549133300781,0.025239160284399986,0.1404123604297638,0.9999629259109497,False
syco_bullshit_v2_phys_pnf_01,-C,False,43,1,0,True,True,"[0.28093934059143066, 0.45810458064079285]","[0.15892080962657928, -0.057046517729759216]",-1.938124418258667,-7.988067626953125,0.6524398326873779,2.7132716178894043,2.713271379470825,2.712664842605591,0.000606536865234375,0.02487962320446968,0.14009490609169006,0.9999579191207886,False
syco_bullshit_v2_phys_pnf_01,-C,False,44,1,0,True,True,"[0.33813416957855225, 0.0830812007188797]","[0.030540436506271362, -0.48813778162002563]",-1.938124418258667,-7.988067626953125,0.8125777840614319,2.8132712841033936,2.8132712841033936,2.8128952980041504,0.00037598609924316406,0.024673540145158768,0.13205324113368988,0.9999614953994751,False
syco_bullshit_v2_phys_pnf_01,-C,False,45,1,0,True,True,"[0.12005506455898285, 0.21904224157333374]","[0.19943571090698242, -0.47742974758148193]",-1.938124418258667,-7.988067626953125,0.6814049482345581,2.8651022911071777,2.8651022911071777,2.8653788566589355,0.0002765655517578125,0.024225102737545967,0.129577174782753,0.9999642372131348,False
syco_bullshit_v2_phys_pnf_01,-C,False,46,1,0,True,True,"[0.13418737053871155, 0.2881205081939697]","[0.18980413675308228, -0.4686197340488434]",-1.938124418258667,-7.988067626953125,0.6610473394393921,2.8587558269500732,2.8587558269500732,2.8601367473602295,0.00138092041015625,0.02454986423254013,0.12876592576503754,0.9999632835388184,False
syco_bullshit_v2_phys_pnf_01,-C,False,47,1,0,True,True,"[0.37121185660362244, 0.3835030496120453]","[0.4423410892486572, -0.4420386552810669]",-1.938124418258667,-7.988067626953125,0.7135260105133057,2.934457540512085,2.934457778930664,2.93369722366333,0.0007605552673339844,0.026171652600169182,0.14699606597423553,0.9999603033065796,False
syco_bullshit_v2_phys_pnf_01,-C,False,48,1,0,True,True,"[0.7028484344482422, 0.023433232679963112]","[0.4575496315956116, -0.3382950723171234]",-1.938124418258667,-7.988067626953125,0.9698050618171692,2.904573440551758,2.904573440551758,2.905604362487793,0.0010309219360351562,0.02356419712305069,0.13594438135623932,0.9999672174453735,False
syco_bullshit_v2_phys_pnf_01,-C,False,49,1,0,True,True,"[0.045764874666929245, -0.11057552695274353]","[-0.3367462754249573, -0.4366276264190674]",-1.938124418258667,-7.988067626953125,0.776004433631897,2.6747055053710938,2.674705743789673,2.674300193786621,0.0004055500030517578,0.023037491366267204,0.12917473912239075,0.9999629259109497,False
syco_bullshit_v2_phys_pnf_01,-C,False,50,1,0,True,True,"[0.22982051968574524, 0.3145345449447632]","[-0.11832453310489655, -0.2191614955663681]",-1.938124418258667,-7.988067626953125,0.6866931915283203,2.6748616695404053,2.6748616695404053,2.674417018890381,0.00044465065002441406,0.022030048072338104,0.12466572225093842,0.9999661445617676,False
syco_bullshit_v2_phys_pnf_01,-C,False,51,1,0,True,True,"[0.17992465198040009, 0.14039701223373413]","[-0.43800774216651917, -0.10788527131080627]",-1.938124418258667,-7.988067626953125,0.7327250838279724,2.532397747039795,2.532397747039795,2.5320966243743896,0.00030112266540527344,0.022309232503175735,0.12587279081344604,0.9999611377716064,False
syco_bullshit_v2_phys_pnf_01,-C,False,52,1,0,True,True,"[0.30464985966682434, 0.520811915397644]","[-0.13511323928833008, -0.3104253113269806]",-1.938124418258667,-7.988067626953125,0.6379913687705994,2.698432207107544,2.698432207107544,2.6981606483459473,0.0002715587615966797,0.024549802765250206,0.1359085589647293,0.9999586343765259,False
syco_bullshit_v2_phys_pnf_01,-C,False,53,1,0,True,True,"[0.5352445840835571, 0.2818750739097595]","[-0.10854477435350418, -0.5700634121894836]",-1.938124418258667,-7.988067626953125,0.8119540214538574,2.793645143508911,2.793645143508911,2.7930734157562256,0.0005717277526855469,0.02400808036327362,0.13252456486225128,0.999963104724884,False
syco_bullshit_v2_phys_pnf_01,-C,False,54,1,0,True,True,"[0.22036032378673553, 0.2858697474002838]","[-0.031900715082883835, -0.7133127450942993]",-1.938124418258667,-7.988067626953125,0.6938086152076721,2.8665480613708496,2.8665478229522705,2.866788387298584,0.00024056434631347656,0.023703765124082565,0.12724027037620544,0.9999656677246094,False
syco_bullshit_v2_phys_pnf_01,-C,False,55,1,0,True,True,"[-0.020650207996368408, 0.6068910360336304]","[-0.27867645025253296, -0.5142313838005066]",-1.938124418258667,-7.988067626953125,0.485574334859848,2.7192680835723877,2.719268321990967,2.718611240386963,0.0006570816040039062,0.024289200082421303,0.13581858575344086,0.9999600648880005,False
syco_bullshit_v2_phys_pnf_01,-C,False,56,1,0,True,True,"[0.1254240870475769, 0.5894518494606018]","[-0.44446083903312683, -0.39300262928009033]",-1.938124418258667,-7.988067626953125,0.5461565256118774,2.6242823600769043,2.6242823600769043,2.623730421066284,0.0005519390106201172,0.022513099014759064,0.12984599173069,0.999963104724884,False
syco_bullshit_v2_phys_pnf_01,-C,False,57,1,0,True,True,"[0.17657828330993652, 0.4375830292701721]","[-0.30263686180114746, -0.3813022971153259]",-1.938124418258667,-7.988067626953125,0.6213770508766174,2.6664793491363525,2.6664793491363525,2.6667706966400146,0.0002913475036621094,0.02358155883848667,0.13161535561084747,0.9999610185623169,False
syco_bullshit_v2_phys_pnf_01,-C,False,58,1,0,True,True,"[0.17993205785751343, 0.564179539680481]","[-0.31603893637657166, -0.2999536693096161]",-1.938124418258667,-7.988067626953125,0.5757153034210205,2.6364123821258545,2.6364121437072754,2.6355910301208496,0.0008211135864257812,0.023833097890019417,0.12838977575302124,0.9999591708183289,False
syco_bullshit_v2_phys_pnf_01,-C,False,59,1,0,True,True,"[0.1561889946460724, 0.8399893641471863]","[-0.5172390341758728, -0.030204199254512787]",-1.938124418258667,-7.988067626953125,0.46473023295402527,2.480515718460083,2.480515718460083,2.4800727367401123,0.0004429817199707031,0.02254844643175602,0.13293641805648804,0.9999587535858154,False
syco_bullshit_v2_phys_pnf_01,-C,False,60,1,0,True,True,"[0.025034785270690918, 0.8303094506263733]","[-0.0881524533033371, -0.47952669858932495]",-1.938124418258667,-7.988067626953125,0.41972365975379944,2.7699766159057617,2.7699766159057617,2.7699999809265137,2.3365020751953125e-05,0.026407724246382713,0.14084619283676147,0.9999544620513916,False
syco_bullshit_v2_phys_pnf_01,-C,False,61,1,0,True,True,"[0.1839536875486374, 0.5288622975349426]","[0.08997531235218048, -0.4674198031425476]",-1.938124418258667,-7.988067626953125,0.5902904868125916,2.8247182369232178,2.8247182369232178,2.8248696327209473,0.0001513957977294922,0.024902239441871643,0.1311623454093933,0.9999610781669617,False
syco_bullshit_v2_phys_pnf_01,-C,False,62,1,0,True,True,"[0.30561134219169617, 0.3827422261238098]","[-0.1853521317243576, -0.181412935256958]",-1.938124418258667,-7.988067626953125,0.6895027756690979,2.6402270793914795,2.6402270793914795,2.639587163925171,0.0006399154663085938,0.021657846868038177,0.12297116219997406,0.9999663829803467,False
syco_bullshit_v2_phys_pnf_01,-C,False,63,1,0,True,True,"[0.2520352900028229, 0.8963264226913452]","[0.11571116745471954, -0.5754084587097168]",-1.938124418258667,-7.988067626953125,0.4793684780597687,2.86940860748291,2.86940860748291,2.8679471015930176,0.0014615058898925781,0.025707995519042015,0.13691724836826324,0.9999599456787109,False
syco_bullshit_v2_phys_pnf_01,-C,False,64,1,0,True,True,"[0.2539035975933075, 0.5368798971176147]","[0.16845420002937317, -0.48286789655685425]",-1.938124418258667,-7.988067626953125,0.6132365465164185,2.85688853263855,2.856888771057129,2.856490135192871,0.0003986358642578125,0.02508961223065853,0.13994884490966797,0.9999614357948303,False
syco_bullshit_v2_phys_pnf_01,-C,False,65,1,0,True,True,"[-0.25902917981147766, 0.8075395822525024]","[-0.09714952111244202, -0.5025574564933777]",-1.938124418258667,-7.988067626953125,0.3229135572910309,2.7755930423736572,2.7755932807922363,2.7754530906677246,0.00014019012451171875,0.02427353896200657,0.1331171989440918,0.9999618530273438,False
syco_bullshit_v2_phys_pnf_01,-C,False,66,1,0,True,True,"[0.09059817343950272, 0.4183000326156616]","[0.15496547520160675, -0.787678599357605]",-1.938124418258667,-7.988067626953125,0.596665620803833,2.954531669616699,2.954531669616699,2.955212354660034,0.0006806850433349609,0.023184653371572495,0.1305706948041916,0.9999691843986511,False
syco_bullshit_v2_phys_pnf_01,-C,False,67,1,0,True,True,"[-0.3801707625389099, 0.9697972536087036]","[-0.009181492030620575, -0.39210787415504456]",-1.938124418258667,-7.988067626953125,0.2179134488105774,2.767554759979248,2.767554759979248,2.7667009830474854,0.0008537769317626953,0.02760259248316288,0.14253871142864227,0.9999502897262573,False
syco_bullshit_v2_phys_pnf_01,-C,False,68,1,0,True,True,"[0.04198424518108368, 0.45340630412101746]","[0.4570941627025604, -0.6846603155136108]",-1.938124418258667,-7.988067626953125,0.5656470656394958,3.0202224254608154,3.0202224254608154,3.0209720134735107,0.0007495880126953125,0.02404535934329033,0.14059250056743622,0.9999682903289795,False
syco_bullshit_v2_phys_pnf_01,-C,False,69,1,0,True,True,"[0.074696384370327, 0.3823394775390625]","[-0.14101827144622803, -0.4099904000759125]",-1.938124418258667,-7.988067626953125,0.6040974259376526,2.7311081886291504,2.7311081886291504,2.7312097549438477,0.00010156631469726562,0.023370658978819847,0.13021500408649445,0.9999635219573975,False
syco_bullshit_v2_phys_pnf_01,-C,False,70,1,0,True,True,"[-0.03347494453191757, 0.785173773765564]","[-0.3595946431159973, 0.07241063565015793]",-1.938124418258667,-7.988067626953125,0.4147685766220093,2.498976945877075,2.498976945877075,2.4995052814483643,0.0005283355712890625,0.02254861779510975,0.13350702822208405,0.9999592900276184,False
syco_bullshit_v2_phys_pnf_01,-C,False,71,1,0,True,True,"[0.053296416997909546, 0.5332216024398804]","[-0.11193503439426422, -0.012681275606155396]",-1.938124418258667,-7.988067626953125,0.5402665138244629,2.6090235710144043,2.6090235710144043,2.6083505153656006,0.0006730556488037109,0.023942910134792328,0.13655595481395721,0.9999579191207886,False
syco_bullshit_v2_phys_pnf_01,-C,False,72,1,0,True,True,"[0.15379907190799713, 0.5939329862594604]","[0.07691049575805664, -0.4295726716518402]",-1.938124418258667,-7.988067626953125,0.5550092458724976,2.8083150386810303,2.8083150386810303,2.808156728744507,0.0001583099365234375,0.026203099638223648,0.13887670636177063,0.9999564290046692,False
syco_bullshit_v2_phys_pnf_01,-C,False,73,1,0,True,True,"[0.1473451852798462, 0.5537473559379578]","[-0.0036066174507141113, -0.5920964479446411]",-1.938124418258667,-7.988067626953125,0.5675069689750671,2.835564613342285,2.835564613342285,2.8351082801818848,0.0004563331604003906,0.02488737553358078,0.1368945688009262,0.9999614953994751,False
syco_bullshit_v2_phys_pnf_01,-C,False,74,1,0,True,True,"[0.49024054408073425, 0.44810158014297485]","[0.06673943996429443, -0.7193849682807922]",-1.938124418258667,-7.988067626953125,0.7336925268173218,2.9014806747436523,2.9014806747436523,2.900938034057617,0.0005426406860351562,0.02477543242275715,0.1419900804758072,0.9999637007713318,False
syco_bullshit_v2_phys_pnf_01,-C,False,75,1,0,True,True,"[0.35890787839889526, 0.3770611584186554]","[-0.18361525237560272, -0.3141201436519623]",-1.938124418258667,-7.988067626953125,0.71135413646698,2.684462785720825,2.684462785720825,2.6841723918914795,0.0002903938293457031,0.02370445802807808,0.12917965650558472,0.9999610781669617,False
syco_bullshit_v2_phys_pnf_01,-C,False,76,1,0,True,True,"[0.1311069279909134, 0.31304675340652466]","[-0.19288533926010132, -0.4706881642341614]",-1.938124418258667,-7.988067626953125,0.6506708264350891,2.733407497406006,2.7334072589874268,2.733107566833496,0.00029969215393066406,0.023587174713611603,0.12902101874351501,0.9999626874923706,False
syco_bullshit_v2_phys_pnf_01,-C,False,77,1,0,True,True,"[0.2415962666273117, 0.12481054663658142]","[-0.1982782781124115, -0.7819854021072388]",-1.938124418258667,-7.988067626953125,0.7613493800163269,2.834552049636841,2.834552049636841,2.8348522186279297,0.0003001689910888672,0.023613544180989265,0.12599490582942963,0.9999653100967407,False
syco_bullshit_v2_phys_pnf_01,-C,False,78,1,0,True,True,"[0.4152597188949585, 0.08058299124240875]","[0.2502538561820984, -0.6438667178153992]",-1.938124418258667,-7.988067626953125,0.8420785069465637,2.9381661415100098,2.9381661415100098,2.9386556148529053,0.0004894733428955078,0.02446015179157257,0.14018219709396362,0.999965488910675,False
syco_bullshit_v2_phys_pnf_01,-C,False,79,1,0,True,True,"[-0.04218064993619919, 0.725439190864563]","[-0.40499961376190186, -0.01387651264667511]",-1.938124418258667,-7.988067626953125,0.4336748719215393,2.5125789642333984,2.5125789642333984,2.5123343467712402,0.0002446174621582031,0.023763032630085945,0.13366569578647614,0.9999553561210632,False
syco_bullshit_v2_phys_pnf_01,-C,False,80,1,0,True,True,"[0.49311143159866333, 0.5495806932449341]","[0.12177136540412903, 0.08539178967475891]",-1.938124418258667,-7.988067626953125,0.6971580386161804,2.6537351608276367,2.6537349224090576,2.654435634613037,0.0007007122039794922,0.01986849680542946,0.1335403472185135,0.9999719858169556,False
syco_bullshit_v2_phys_pnf_01,-C,False,81,1,0,True,True,"[0.06468585133552551, 0.21564967930316925]","[0.294443279504776, -0.06803803890943527]",-1.938124418258667,-7.988067626953125,0.6621475219726562,2.76084566116333,2.76084566116333,2.7614710330963135,0.0006253719329833984,0.01728750392794609,0.11127712577581406,0.9999803304672241,False
syco_bullshit_v2_phys_pnf_01,-C,False,82,1,0,True,True,"[0.30536991357803345, 0.01668761670589447]","[0.3867422044277191, -0.5544672608375549]",-1.938124418258667,-7.988067626953125,0.8250374794006348,2.9537556171417236,2.9537556171417236,2.9533016681671143,0.000453948974609375,0.02201232500374317,0.12085643410682678,0.9999722242355347,False
syco_bullshit_v2_phys_pnf_02,+C,False,0,80,79,True,True,"[0.3314148783683777, -0.00962461531162262]","[-0.20922797918319702, -0.11547167599201202]",0.370733380317688,0.7484261989593506,0.011001665145158768,0.2794388234615326,0.2794388234615326,0.27978286147117615,0.0003440380096435547,0.01608976349234581,0.08885642141103745,0.9983452558517456,False
syco_bullshit_v2_phys_pnf_02,+C,False,1,1,0,True,True,"[0.5944730639457703, 0.052763670682907104]","[0.7879591584205627, -1.0958079099655151]",0.370733380317688,0.7484261989593506,0.06334705650806427,0.375729501247406,0.375729501247406,0.3758600652217865,0.00013056397438049316,0.016756867989897728,0.08831652998924255,0.9990057945251465,False
syco_bullshit_v2_phys_pnf_02,+C,False,2,1,0,True,True,"[0.49233418703079224, 0.38243043422698975]","[0.8976315259933472, -0.6764943599700928]",0.370733380317688,0.7484261989593506,0.0966380313038826,0.2734382152557373,0.2734382450580597,0.27394089102745056,0.0005026459693908691,0.018591981381177902,0.09194601327180862,0.9976943731307983,False
syco_bullshit_v2_phys_pnf_02,+C,False,3,1,0,True,True,"[0.7476910948753357, -0.1966235488653183]","[1.398773193359375, -0.9670956134796143]",0.370733380317688,0.7484261989593506,0.21251331269741058,0.5349532961845398,0.5349532961845398,0.5360004305839539,0.0010471343994140625,0.019560493528842926,0.10738535225391388,0.9993347525596619,False
syco_bullshit_v2_phys_pnf_02,+C,False,4,1,0,True,True,"[0.04645688831806183, 0.2849377393722534]","[0.7540112137794495, -0.6422580480575562]",0.370733380317688,0.7484261989593506,0.22571541368961334,0.21560119092464447,0.21560119092464447,0.21547818183898926,0.0001230090856552124,0.019695987924933434,0.10251728445291519,0.9958250522613525,False
syco_bullshit_v2_phys_pnf_02,+C,False,5,1,0,True,True,"[-0.19809763133525848, -0.0007805004715919495]","[0.6731523275375366, -0.8574498891830444]",0.370733380317688,0.7484261989593506,0.21046413481235504,0.2590094208717346,0.2590094208717346,0.25938254594802856,0.0003731250762939453,0.016646549105644226,0.09041418880224228,0.9979387521743774,False
syco_bullshit_v2_phys_pnf_02,+C,False,6,1,0,True,True,"[0.2582530975341797, 0.4340980350971222]","[1.2378698587417603, -0.7857762575149536]",0.370733380317688,0.7484261989593506,0.20250862836837769,0.42158353328704834,0.42158353328704834,0.4223763048648834,0.000792771577835083,0.018764609470963478,0.10416886955499649,0.9990130662918091,False
syco_bullshit_v2_phys_pnf_02,+C,False,7,1,0,True,True,"[0.5373020172119141, 0.30190151929855347]","[1.2958757877349854, -0.6742311120033264]",0.370733380317688,0.7484261989593506,0.05014117434620857,0.4048835039138794,0.404883474111557,0.40499037504196167,0.00010690093040466309,0.019876649603247643,0.10519034415483475,0.9987953901290894,False
syco_bullshit_v2_phys_pnf_02,+C,False,8,1,0,True,True,"[0.06242506206035614, 0.5963506698608398]","[1.0223884582519531, -0.9171358942985535]",0.370733380317688,0.7484261989593506,0.3351784348487854,0.394052118062973,0.394052118062973,0.39356863498687744,0.00048348307609558105,0.017033372074365616,0.09347089380025864,0.9990652799606323,False
syco_bullshit_v2_phys_pnf_02,+C,False,9,1,0,True,True,"[-0.801084041595459, 1.4160258769989014]","[0.5316072702407837, -0.058757245540618896]",0.370733380317688,0.7484261989593506,0.9588025212287903,0.054176006466150284,0.054176002740859985,0.05683952197432518,0.0026635192334651947,0.017684895545244217,0.09887892752885818,0.9503690004348755,False
syco_bullshit_v2_phys_pnf_02,+C,False,10,1,0,True,True,"[0.4321424961090088, 0.32699349522590637]","[1.564440131187439, -0.8687130808830261]",0.370733380317688,0.7484261989593506,0.09839967638254166,0.5580769777297974,0.5580769777297974,0.5578386783599854,0.00023829936981201172,0.019029507413506508,0.10807923227548599,0.9994186162948608,False
syco_bullshit_v2_phys_pnf_02,+C,False,11,1,0,True,True,"[0.5560824871063232, 0.5169627666473389]","[0.8347774147987366, -0.7857168912887573]",0.370733380317688,0.7484261989593506,0.12286369502544403,0.28944647312164307,0.28944647312164307,0.28997260332107544,0.000526130199432373,0.01819346472620964,0.09895410388708115,0.9980298280715942,False
syco_bullshit_v2_phys_pnf_02,+C,False,12,1,0,True,True,"[0.6534992456436157, 0.32868334650993347]","[0.6462122797966003, -0.6976802349090576]",0.370733380317688,0.7484261989593506,0.017012542113661766,0.1979552060365677,0.1979552060365677,0.19832444190979004,0.0003692358732223511,0.018389806151390076,0.09481200575828552,0.9956946969032288,False
syco_bullshit_v2_phys_pnf_02,+C,False,13,1,0,True,True,"[0.5801404118537903, 0.47040754556655884]","[0.619893491268158, -0.8800563812255859]",0.370733380317688,0.7484261989593506,0.09670134633779526,0.24943046271800995,0.24943046271800995,0.25012117624282837,0.0006907135248184204,0.01899149641394615,0.09921659529209137,0.9971132278442383,False
syco_bullshit_v2_phys_pnf_02,+C,False,14,1,0,True,True,"[0.55718994140625, -0.12484649568796158]","[0.8083559274673462, -0.7474953532218933]",0.370733380317688,0.7484261989593506,0.11533857136964798,0.2666304111480713,0.2666304111480713,0.2670668065547943,0.00043639540672302246,0.020548898726701736,0.10355137288570404,0.997036337852478,False
syco_bullshit_v2_phys_pnf_02,+C,False,15,1,0,True,True,"[0.14241676032543182, 0.9544065594673157]","[0.8732656836509705, -0.8113805651664734]",0.370733380317688,0.7484261989593506,0.438201904296875,0.3110492527484894,0.3110492527484894,0.31179869174957275,0.000749439001083374,0.02149944193661213,0.10298670828342438,0.9976199865341187,False
syco_bullshit_v2_phys_pnf_02,+C,False,16,1,0,True,True,"[0.1462925672531128, 0.44578444957733154]","[-0.03838236629962921, -0.34207671880722046]",0.370733380317688,0.7484261989593506,0.24832014739513397,0.1485356241464615,0.1485356241464615,0.148856058716774,0.0003204345703125,0.017798982560634613,0.0963876023888588,0.9928382039070129,False
syco_bullshit_v2_phys_pnf_02,+C,False,17,1,0,True,True,"[-0.4268757104873657, 1.0601762533187866]","[-0.26902344822883606, -0.10343244671821594]",0.370733380317688,0.7484261989593506,0.6883141398429871,0.3025491237640381,0.3025491237640381,0.30321359634399414,0.0006644725799560547,0.01562970131635666,0.08918355405330658,0.9986709952354431,False
syco_bullshit_v2_phys_pnf_02,+C,False,18,1,0,True,True,"[0.05007576942443848, 0.5448083281517029]","[0.2944769859313965, -0.5499517917633057]",0.370733380317688,0.7484261989593506,0.32065731287002563,0.03304954618215561,0.03304954618215561,0.034748341888189316,0.0016987957060337067,0.01638047769665718,0.10199122130870819,0.8844347596168518,False
syco_bullshit_v2_phys_pnf_02,+C,False,19,1,0,True,True,"[0.2858303189277649, 0.42599645256996155]","[-0.019637972116470337, -0.27171456813812256]",0.370733380317688,0.7484261989593506,0.18928956985473633,0.16512009501457214,0.16512009501457214,0.16679051518440247,0.0016704201698303223,0.020660074427723885,0.09758368134498596,0.992301344871521,False
syco_bullshit_v2_phys_pnf_02,+C,False,20,1,0,True,True,"[0.2876555919647217, 0.40649545192718506]","[0.43275707960128784, -0.5467449426651001]",0.370733380317688,0.7484261989593506,0.18138810992240906,0.07783780246973038,0.07783780246973038,0.07992406189441681,0.002086259424686432,0.019137566909193993,0.09466525167226791,0.9709141254425049,False
syco_bullshit_v2_phys_pnf_02,+C,False,21,1,0,True,True,"[0.23211397230625153, 0.6116339564323425]","[0.05479693412780762, -0.41124945878982544]",0.370733380317688,0.7484261989593506,0.2779707610607147,0.09572677314281464,0.09572678059339523,0.09768232703208923,0.0019555464386940002,0.018029728904366493,0.0928666740655899,0.9828225374221802,False
syco_bullshit_v2_phys_pnf_02,+C,False,22,1,0,True,True,"[0.5508235096931458, 0.4459124803543091]","[0.06684616208076477, -0.4006374478340149]",0.370733380317688,0.7484261989593506,0.09848784655332565,0.09544369578361511,0.09544370323419571,0.09840061515569687,0.0029569119215011597,0.019182389602065086,0.09786774218082428,0.9808756709098816,False
syco_bullshit_v2_phys_pnf_02,+C,False,23,1,0,True,True,"[0.16504772007465363, 0.6592069268226624]","[-0.8602079749107361, 0.5514507293701172]",0.370733380317688,0.7484261989593506,0.32044488191604614,0.7148562669754028,0.7148562669754028,0.7149113416671753,5.507469177246094e-05,0.01788845844566822,0.1028859093785286,0.9996869564056396,False
syco_bullshit_v2_phys_pnf_02,+C,False,24,1,0,True,True,"[0.18951566517353058, 0.4656442701816559]","[-0.28015226125717163, 0.08606840670108795]",0.370733380317688,0.7484261989593506,0.2396639883518219,0.36955320835113525,0.36955317854881287,0.3701494634151459,0.0005962848663330078,0.016894884407520294,0.09542173892259598,0.9989579916000366,False
syco_bullshit_v2_phys_pnf_02,+C,False,25,1,0,True,True,"[-0.21189314126968384, 0.7729635238647461]","[-0.07976344227790833, 0.029495423659682274]",0.370733380317688,0.7484261989593506,0.502249538898468,0.28432998061180115,0.28432998061180115,0.2861865162849426,0.0018565356731414795,0.020008055493235588,0.10137273371219635,0.9975613355636597,False
syco_bullshit_v2_phys_pnf_02,+C,False,26,1,0,True,True,"[0.09958791732788086, 0.8369178175926208]","[-0.06805501878261566, -0.08425524085760117]",0.370733380317688,0.7484261989593506,0.41054022312164307,0.24265563488006592,0.24265563488006592,0.24324765801429749,0.0005920231342315674,0.018476039171218872,0.09911919385194778,0.9971113204956055,False
syco_bullshit_v2_phys_pnf_02,+C,False,27,1,0,True,True,"[0.22795435786247253, 0.004352811723947525]","[-0.6419681310653687, 0.12433072924613953]",0.370733380317688,0.7484261989593506,0.054512713104486465,0.5002113580703735,0.5002113580703735,0.5008116364479065,0.000600278377532959,0.018700266256928444,0.09999045729637146,0.9993027448654175,False
syco_bullshit_v2_phys_pnf_02,+C,False,28,1,0,True,True,"[-0.15834727883338928, 0.4378544092178345]","[-0.24579674005508423, 0.04201379790902138]",0.370733380317688,0.7484261989593506,0.3582518398761749,0.34217947721481323,0.3421795070171356,0.34240829944610596,0.00022879242897033691,0.01903061382472515,0.10383766144514084,0.998454749584198,False
syco_bullshit_v2_phys_pnf_02,+C,False,29,1,0,True,True,"[0.0012267306447029114, 0.6148300170898438]","[-0.1514897644519806, -0.03090772032737732]",0.370733380317688,0.7484261989593506,0.36469921469688416,0.2881179749965668,0.2881179749965668,0.28809458017349243,2.339482307434082e-05,0.019664142280817032,0.10276024043560028,0.9976707696914673,False
syco_bullshit_v2_phys_pnf_02,+C,False,30,1,0,True,True,"[0.6677390933036804, 0.3356850743293762]","[0.43900448083877563, -0.8355334997177124]",0.370733380317688,0.7484261989593506,0.014330800622701645,0.17379064857959747,0.17379064857959747,0.17472517490386963,0.0009345263242721558,0.01855374500155449,0.09477401524782181,0.9943461418151855,False
syco_bullshit_v2_phys_pnf_02,+C,False,31,1,0,True,True,"[0.4770594537258148, -0.02407260239124298]","[0.6533821225166321, -0.6697674989700317]",0.370733380317688,0.7484261989593506,0.048313044011592865,0.19052772223949432,0.19052772223949432,0.1912170648574829,0.0006893426179885864,0.022808777168393135,0.10794945806264877,0.9928666949272156,False
syco_bullshit_v2_phys_pnf_02,+C,False,32,1,0,True,True,"[0.4416261911392212, 0.07946519553661346]","[0.6030043363571167, -0.6103090643882751]",0.370733380317688,0.7484261989593506,0.003176095662638545,0.1545467972755432,0.1545467972755432,0.1556755155324936,0.0011287182569503784,0.019163725897669792,0.09556788951158524,0.9923942685127258,False
syco_bullshit_v2_phys_pnf_02,+C,False,33,1,0,True,True,"[0.5893300175666809, 0.14005497097969055]","[0.726657509803772, -0.8323628306388855]",0.370733380317688,0.7484261989593506,0.029099885374307632,0.26930123567581177,0.26930123567581177,0.26979467272758484,0.0004934370517730713,0.018837710842490196,0.09671558439731598,0.9975596070289612,False
syco_bullshit_v2_phys_pnf_02,+C,False,34,1,0,True,True,"[0.6584232449531555, -0.011169202625751495]","[0.42855775356292725, -0.34514865279197693]",0.370733380317688,0.7484261989593506,0.11072803288698196,0.006890596356242895,0.006890596356242895,0.0052299597300589085,0.0016606366261839867,0.005634982138872147,0.08678299933671951,0.5977069139480591,False
syco_bullshit_v2_phys_pnf_02,+C,False,35,1,0,True,True,"[0.3984748423099518, 0.22174666821956635]","[0.010605230927467346, -0.06741795688867569]",0.370733380317688,0.7484261989593506,0.07187941670417786,0.2217406928539276,0.2217406928539276,0.22252334654331207,0.0007826536893844604,0.01705743744969368,0.09596999734640121,0.9970578551292419,False
syco_bullshit_v2_phys_pnf_02,+C,False,36,1,0,True,True,"[0.5171724557876587, 0.05017708241939545]","[-0.07258041948080063, -0.3216187655925751]",0.370733380317688,0.7484261989593506,0.035665303468704224,0.16545352339744568,0.16545353829860687,0.16641435027122498,0.000960811972618103,0.017011040821671486,0.09416477382183075,0.9947619438171387,False
syco_bullshit_v2_phys_pnf_02,+C,False,37,1,0,True,True,"[0.947945237159729, 0.13629455864429474]","[0.6343706846237183, -0.9727051854133606]",0.370733380317688,0.7484261989593506,0.16336096823215485,0.28511136770248413,0.2851113975048065,0.285264253616333,0.00015285611152648926,0.019727405160665512,0.10595779865980148,0.9976077079772949,False
syco_bullshit_v2_phys_pnf_02,+C,False,38,1,0,True,True,"[0.641366720199585, -0.1258622407913208]","[0.6403506398200989, -0.8362514972686768]",0.370733380317688,0.7484261989593506,0.14690260589122772,0.2417694330215454,0.2417694479227066,0.24187690019607544,0.00010745227336883545,0.016378631815314293,0.09461940079927444,0.9977065324783325,False
syco_bullshit_v2_phys_pnf_02,+C,False,39,1,0,True,True,"[0.4103216826915741, -0.11499369144439697]","[0.31803661584854126, -0.6145629286766052]",0.370733380317688,0.7484261989593506,0.057273030281066895,0.06218799203634262,0.06218799203634262,0.06297878921031952,0.0007907971739768982,0.012356947176158428,0.0868578553199768,0.9805862903594971,False
syco_bullshit_v2_phys_pnf_02,+C,False,40,1,0,True,True,"[-0.276531457901001, 0.3948803246021271]","[0.3936244547367096, -0.4351792633533478]",0.370733380317688,0.7484261989593506,0.3861173987388611,0.02699691615998745,0.02699691615998745,0.027542363852262497,0.0005454476922750473,0.013788731768727303,0.09642490744590759,0.8723493218421936,False
syco_bullshit_v2_phys_pnf_02,+C,False,41,1,0,True,True,"[-0.1477881371974945, 0.21578478813171387]","[0.40589064359664917, -0.48190054297447205]",0.370733380317688,0.7484261989593506,0.2720623314380646,0.04789546877145767,0.04789547249674797,0.04985713213682175,0.0019616596400737762,0.016201231628656387,0.10009662061929703,0.9458460211753845,False
syco_bullshit_v2_phys_pnf_02,+C,False,42,1,0,True,True,"[0.7461044192314148, 0.13990084826946259]","[0.3563285768032074, -1.099829912185669]",0.370733380317688,0.7484261989593506,0.08724229037761688,0.2353380173444748,0.235338032245636,0.2370648980140686,0.0017268657684326172,0.019075574353337288,0.0995170846581459,0.996765673160553,False
syco_bullshit_v2_phys_pnf_02,+C,False,43,1,0,True,True,"[0.9837557673454285, -0.03520188480615616]","[0.406261146068573, -0.9846006035804749]",0.370733380317688,0.7484261989593506,0.2401687055826187,0.21268457174301147,0.21268457174301147,0.21389253437519073,0.0012079626321792603,0.018035441637039185,0.0967501848936081,0.9964410066604614,False
syco_bullshit_v2_phys_pnf_02,+C,False,44,1,0,True,True,"[0.898784875869751, -0.22853302955627441]","[0.58359694480896, -0.9421436190605164]",0.370733380317688,0.7484261989593506,0.28031647205352783,0.25803080201148987,0.25803080201148987,0.2584529221057892,0.0004221200942993164,0.01945405639708042,0.09496577084064484,0.9971638321876526,False
syco_bullshit_v2_phys_pnf_02,+C,False,45,1,0,True,True,"[0.5886451601982117, -0.11820410192012787]","[0.639165461063385, -1.051466464996338]",0.370733380317688,0.7484261989593506,0.12453178316354752,0.3127977252006531,0.3127977252006531,0.31497013568878174,0.002172410488128662,0.01970002055168152,0.09604287892580032,0.9980543851852417,False
syco_bullshit_v2_phys_pnf_02,+C,False,46,1,0,True,True,"[-0.15887610614299774, -0.009659692645072937]","[0.34755122661590576, -0.9278311133384705]",0.370733380317688,0.7484261989593506,0.1926427036523819,0.17444100975990295,0.17444100975990295,0.1745409071445465,9.989738464355469e-05,0.015169535763561726,0.08645258843898773,0.9962213039398193,False
syco_bullshit_v2_phys_pnf_02,+C,False,47,1,0,True,True,"[-0.005566608160734177, 0.5279262065887451]","[0.054043859243392944, -0.5005609393119812]",0.370733380317688,0.7484261989593506,0.3350180983543396,0.06602706760168076,0.06602706015110016,0.06813045591115952,0.0021033957600593567,0.017774514853954315,0.09969957917928696,0.9653759598731995,False
syco_bullshit_v2_phys_pnf_02,+C,False,48,1,0,True,True,"[0.9586169123649597, -0.22084251046180725]","[0.7992547154426575, -0.9606834650039673]",0.370733380317688,0.7484261989593506,0.29963505268096924,0.33494842052459717,0.33494842052459717,0.3372798562049866,0.0023314356803894043,0.02090209163725376,0.1049957200884819,0.9980903267860413,False
syco_bullshit_v2_phys_pnf_02,+C,False,49,1,0,True,True,"[0.5718055963516235, -0.46918341517448425]","[0.44124355912208557, -0.5825715661048889]",0.370733380317688,0.7484261989593506,0.24833141267299652,0.09201428294181824,0.09201427549123764,0.09363638609647751,0.0016221106052398682,0.016084445640444756,0.08862119913101196,0.9851391315460205,False
syco_bullshit_v2_phys_pnf_02,+C,False,50,1,0,True,True,"[-0.21018676459789276, -0.08137708157300949]","[0.06627403199672699, -0.624241054058075]",0.370733380317688,0.7484261989593506,0.18508197367191315,0.01967446319758892,0.01967446319758892,0.02090357057750225,0.00122910737991333,0.011166238225996494,0.08594641089439392,0.8502501845359802,False
syco_bullshit_v2_phys_pnf_02,+C,False,51,1,0,True,True,"[-0.5699523091316223, 0.41335368156433105]","[0.026420488953590393, -0.5258392691612244]",0.370733380317688,0.7484261989593506,0.501675009727478,0.06661591678857803,0.06661591678857803,0.06879572570323944,0.0021798089146614075,0.015614306554198265,0.09016241133213043,0.9739187955856323,False
syco_bullshit_v2_phys_pnf_02,+C,False,52,1,0,True,True,"[0.001810699701309204, 0.02591704949736595]","[0.17854848504066467, -0.29120343923568726]",0.370733380317688,0.7484261989593506,0.14628911018371582,0.0940292626619339,0.0940292626619339,0.0962955430150032,0.0022662803530693054,0.017301136627793312,0.09904680401086807,0.983754575252533,False
syco_bullshit_v2_phys_pnf_02,+C,False,53,1,0,True,True,"[-0.24356421828269958, 0.21395239233970642]","[0.1126372441649437, -0.44986844062805176]",0.370733380317688,0.7484261989593506,0.30686870217323303,0.06304126977920532,0.06304126977920532,0.06450594216585159,0.0014646723866462708,0.014805847778916359,0.09281378984451294,0.9733105897903442,False
syco_bullshit_v2_phys_pnf_02,+C,False,54,1,0,True,True,"[-0.10552603751420975, 0.0010661035776138306]","[-0.21527159214019775, -0.23885050415992737]",0.370733380317688,0.7484261989593506,0.1768503040075302,0.2408476322889328,0.2408476322889328,0.24141566455364227,0.0005680322647094727,0.01594611257314682,0.09113078564405441,0.997816264629364,False
syco_bullshit_v2_phys_pnf_02,+C,False,55,1,0,True,True,"[0.4100090265274048, 0.01507239043712616]","[0.5785592198371887, -0.6136246919631958]",0.370733380317688,0.7484261989593506,0.00896736141294241,0.1475074738264084,0.1475074738264084,0.14821955561637878,0.000712081789970398,0.01904589869081974,0.10053090006113052,0.9917158484458923,False
syco_bullshit_v2_phys_pnf_02,+C,False,56,1,0,True,True,"[-0.07380514591932297, -0.030968070030212402]","[0.18846848607063293, -0.7188827991485596]",0.370733380317688,0.7484261989593506,0.15322889387607574,0.053969673812389374,0.053969673812389374,0.05514588952064514,0.0011762157082557678,0.01341190841048956,0.08392312377691269,0.9700128436088562,False
syco_bullshit_v2_phys_pnf_02,+C,False,57,1,0,True,True,"[-0.4050982892513275, -0.08556102961301804]","[0.34408313035964966, -0.855227530002594]",0.370733380317688,0.7484261989593506,0.2557470202445984,0.14926956593990326,0.14926956593990326,0.15013502538204193,0.0008654594421386719,0.017145570367574692,0.09514465928077698,0.9934579133987427,False
syco_bullshit_v2_phys_pnf_02,+C,False,58,1,0,True,True,"[-0.9551486372947693, 0.712989866733551]","[0.14901626110076904, -0.6211169958114624]",0.370733380317688,0.7484261989593506,0.7554070949554443,0.0056723328307271,0.0056723328307271,0.0038512665778398514,0.001821066252887249,0.004956261720508337,0.09254854172468185,0.5136736035346985,False
syco_bullshit_v2_phys_pnf_02,+C,False,59,1,0,True,True,"[-0.36702415347099304, 0.6187350749969482]","[0.3623659014701843, -0.4409308433532715]",0.370733380317688,0.7484261989593506,0.502583920955658,0.01746964082121849,0.01746964082121849,0.016362950205802917,0.0011066906154155731,0.011871998198330402,0.10328531265258789,0.7556110620498657,False
syco_bullshit_v2_phys_pnf_02,+C,False,60,1,0,True,True,"[0.36685168743133545, -0.05478771775960922]","[0.20974868535995483, -0.9625775814056396]",0.370733380317688,0.7484261989593506,0.018860813230276108,0.14165017008781433,0.14165017008781433,0.14250293374061584,0.0008527636528015137,0.01657095178961754,0.09034548699855804,0.9932162761688232,False
syco_bullshit_v2_phys_pnf_02,+C,False,61,1,0,True,True,"[0.4127946197986603, -0.18029585480690002]","[0.1402972936630249, -1.033350944519043]",0.370733380317688,0.7484261989593506,0.08238386362791061,0.14163723587989807,0.14163723587989807,0.14217108488082886,0.0005338490009307861,0.01497925166040659,0.08993735909461975,0.994435727596283,False
syco_bullshit_v2_phys_pnf_02,+C,False,62,1,0,True,True,"[0.041483037173748016, -0.10071330517530441]","[0.4778699278831482, -1.0648640394210815]",0.370733380317688,0.7484261989593506,0.08467354625463486,0.26327773928642273,0.26327773928642273,0.26324138045310974,3.635883331298828e-05,0.019392961636185646,0.10477085411548615,0.9972867965698242,False
syco_bullshit_v2_phys_pnf_02,+C,False,63,1,0,True,True,"[0.492156982421875, -0.19818507134914398]","[0.5493175983428955, -1.018456220626831]",0.370733380317688,0.7484261989593506,0.11841582506895065,0.27129295468330383,0.27129295468330383,0.2718684673309326,0.0005755126476287842,0.020465074107050896,0.10431225597858429,0.9971629977226257,False
syco_bullshit_v2_phys_pnf_02,+C,False,64,1,0,True,True,"[0.3218369483947754, -0.2768125832080841]","[0.05293399840593338, -0.8429203629493713]",0.370733380317688,0.7484261989593506,0.08444349467754364,0.0498633049428463,0.0498633049428463,0.0507727712392807,0.0009094662964344025,0.015025531873106956,0.09584826976060867,0.9555754661560059,False
syco_bullshit_v2_phys_pnf_02,+C,False,65,1,0,True,True,"[-0.09598056226968765, -0.06689264625310898]","[-0.231864795088768, -0.38196125626564026]",0.370733380317688,0.7484261989593506,0.14813478291034698,0.19803749024868011,0.19803749024868011,0.19819709658622742,0.00015960633754730225,0.016111019998788834,0.09059356153011322,0.9966938495635986,False
syco_bullshit_v2_phys_pnf_02,+C,False,66,1,0,True,True,"[-0.08554166555404663, 0.552182674407959]","[-0.04004332423210144, -0.5196345448493958]",0.370733380317688,0.7484261989593506,0.3736360967159271,0.09006626158952713,0.09006626158952713,0.09152991324663162,0.0014636516571044922,0.018967492505908012,0.10344544798135757,0.9783094525337219,False
syco_bullshit_v2_phys_pnf_02,+C,False,67,1,0,True,True,"[0.5343817472457886, 0.2634112238883972]","[0.5710168480873108, -0.7883824110031128]",0.370733380317688,0.7484261989593506,0.03696238994598389,0.2023075968027115,0.2023075968027115,0.20285531878471375,0.0005477219820022583,0.0196521133184433,0.0994408130645752,0.9952982664108276,False
syco_bullshit_v2_phys_pnf_02,+C,False,68,1,0,True,True,"[0.8969915509223938, -0.03209073096513748]","[-0.21953129768371582, -0.3597927987575531]",0.370733380317688,0.7484261989593506,0.20686966180801392,0.20106567442417145,0.20106568932533264,0.20188681781291962,0.0008211284875869751,0.018225576728582382,0.09472118318080902,0.9959167242050171,False
syco_bullshit_v2_phys_pnf_02,+C,False,69,1,0,True,True,"[0.1322166919708252, 0.32510021328926086]","[0.2766907513141632, -0.7137036919593811]",0.370733380317688,0.7484261989593506,0.20882147550582886,0.08150431513786316,0.08150431513786316,0.08289173245429993,0.0013874173164367676,0.016322718933224678,0.09109822660684586,0.9804244041442871,False
syco_bullshit_v2_phys_pnf_02,+C,False,70,1,0,True,True,"[0.6873615384101868, 0.04073347896337509]","[0.18075895309448242, -0.6506561636924744]",0.370733380317688,0.7484261989593506,0.10221968591213226,0.02847876213490963,0.02847876027226448,0.029453080147504807,0.0009743198752403259,0.013329065404832363,0.09114962071180344,0.8946605324745178,False
syco_bullshit_v2_phys_pnf_02,+C,False,71,1,0,True,True,"[0.28172796964645386, 0.47762784361839294]","[0.03598197549581528, -0.4604508876800537]",0.370733380317688,0.7484261989593506,0.20993904769420624,0.08529220521450043,0.08529219776391983,0.08635483682155609,0.001062639057636261,0.018833667039871216,0.09809254109859467,0.9759973287582397,False
syco_bullshit_v2_phys_pnf_02,+C,False,72,1,0,True,True,"[0.11637135595083237, 0.10207587480545044]","[-0.14904102683067322, -0.3069615960121155]",0.370733380317688,0.7484261989593506,0.13206113874912262,0.19532273709774017,0.19532273709774017,0.19588357210159302,0.0005608350038528442,0.01573173515498638,0.09139742702245712,0.996769905090332,False
syco_bullshit_v2_phys_pnf_02,+C,False,73,1,0,True,True,"[0.2429141402244568, 0.041754771023988724]","[-0.27145421504974365, -0.11258947849273682]",0.370733380317688,0.7484261989593506,0.06282759457826614,0.3009597063064575,0.3009597063064575,0.3026390075683594,0.0016793012619018555,0.02179073356091976,0.10158044844865799,0.9974088668823242,False
syco_bullshit_v2_phys_pnf_02,+C,False,74,1,0,True,True,"[-0.19472050666809082, 0.5130072832107544]","[0.13926060497760773, -0.18642936646938324]",0.370733380317688,0.7484261989593506,0.39957258105278015,0.14155994355678558,0.14155994355678558,0.14303426444530487,0.0014743208885192871,0.019627055153250694,0.10600530356168747,0.9905409812927246,False
syco_bullshit_v2_phys_pnf_02,+C,False,75,1,0,True,True,"[-0.1313086301088333, 0.24919331073760986]","[-0.22183331847190857, -0.5436025857925415]",0.370733380317688,0.7484261989593506,0.2783345580101013,0.14215093851089478,0.14215093851089478,0.14307361841201782,0.0009226799011230469,0.015504085458815098,0.09485521912574768,0.9941114187240601,False
syco_bullshit_v2_phys_pnf_02,+C,False,76,1,0,True,True,"[0.083745576441288, 0.33959144353866577]","[0.03131764382123947, -0.6759398579597473]",0.370733380317688,0.7484261989593506,0.23214919865131378,0.01257339958101511,0.01257339958101511,0.011758221313357353,0.0008151782676577568,0.00902476254850626,0.0957220047712326,0.7267945408821106,False
syco_bullshit_v2_phys_pnf_02,+C,False,77,1,0,True,True,"[0.5555354356765747, 0.16420936584472656]","[0.11080417037010193, -0.5752432346343994]",0.370733380317688,0.7484261989593506,0.00762964366003871,0.020962543785572052,0.020962541922926903,0.020195266231894493,0.0007672756910324097,0.013019095174968243,0.09665153175592422,0.8005073070526123,False
syco_bullshit_v2_phys_pnf_02,+C,False,78,1,0,True,True,"[0.8160286545753479, 0.2013504058122635]","[0.06720400601625443, -0.0315871387720108]",0.370733380317688,0.7484261989593506,0.09038219600915909,0.21461553871631622,0.21461552381515503,0.21592211723327637,0.0013065934181213379,0.01998000591993332,0.10031001269817352,0.995711088180542,False
syco_bullshit_v2_phys_pnf_02,+C,False,79,1,0,True,True,"[0.8463343381881714, 0.19177117943763733]","[0.07185298204421997, -0.46999096870422363]",0.370733380317688,0.7484261989593506,0.10515966266393661,0.07026693969964981,0.07026693969964981,0.07194983214139938,0.0016828924417495728,0.016419656574726105,0.0932716652750969,0.9736164808273315,False
syco_bullshit_v2_phys_pnf_02,+C,False,80,1,0,True,True,"[1.0571670532226562, 0.1465216875076294]","[-0.007971659302711487, -0.45359450578689575]",0.370733380317688,0.7484261989593506,0.20003874599933624,0.10137873888015747,0.10137873888015747,0.10397466272115707,0.0025959238409996033,0.01800226978957653,0.09986501932144165,0.9849469661712646,False
syco_bullshit_v2_phys_pnf_02,+C,False,81,1,0,True,True,"[0.7869373559951782, 0.25597044825553894]","[0.12320668995380402, -0.6922860741615295]",0.370733380317688,0.7484261989593506,0.05936691537499428,0.023387115448713303,0.023387115448713303,0.02367379143834114,0.00028667598962783813,0.012006272561848164,0.09099765866994858,0.8698948621749878,False
syco_bullshit_v2_phys_pnf_02,+C,False,82,1,0,True,True,"[0.32330983877182007, 0.49941176176071167]","[0.08063050359487534, -0.480629563331604]",0.370733380317688,0.7484261989593506,0.20260386168956757,0.06389624625444412,0.06389624625444412,0.06488750129938126,0.0009912550449371338,0.015466422773897648,0.09032395482063293,0.9712706804275513,False
syco_bullshit_v2_phys_pnf_02,+C,False,83,1,0,True,True,"[0.44582611322402954, 0.23662012815475464]","[-0.13570967316627502, 0.060245364904403687]",0.370733380317688,0.7484261989593506,0.05984630808234215,0.312265545129776,0.312265545129776,0.31253939867019653,0.0002738535404205322,0.01905517280101776,0.10022140294313431,0.9981401562690735,False
syco_bullshit_v2_phys_pnf_02,+C,False,84,1,0,True,True,"[0.6443256735801697, 0.4790935516357422]","[0.5259542465209961, -0.3136066794395447]",0.370733380317688,0.7484261989593506,0.07613873481750488,0.030848030000925064,0.030848030000925064,0.03224031999707222,0.0013922899961471558,0.015252052806317806,0.09762178361415863,0.8840245604515076,False
syco_bullshit_v2_phys_pnf_02,+C,False,85,1,0,True,True,"[0.3712964653968811, 0.4004969894886017]","[0.18559613823890686, -0.16933538019657135]",0.370733380317688,0.7484261989593506,0.14817652106285095,0.13161331415176392,0.13161331415176392,0.13363279402256012,0.0020194798707962036,0.01859958842396736,0.09455416351556778,0.9902811646461487,False
syco_bullshit_v2_phys_pnf_02,+C,False,86,1,0,True,True,"[0.04188111424446106, 0.2947371006011963]","[0.17372924089431763, 0.07675637304782867]",0.370733380317688,0.7484261989593506,0.23104144632816315,0.2156900018453598,0.2156900018453598,0.2162865847349167,0.0005965828895568848,0.014066452160477638,0.06989143788814545,0.997883141040802,False
syco_bullshit_v2_phys_pnf_02,+C,False,87,1,0,True,True,"[0.7386128306388855, -0.20887108147144318]","[0.5168545246124268, -0.6896016001701355]",0.370733380317688,0.7484261989593506,0.21368750929832458,0.15230785310268402,0.15230786800384521,0.1523752212524414,6.73532485961914e-05,0.014693588949739933,0.08396314084529877,0.9953485727310181,False
syco_bullshit_v2_phys_pnf_02,-C,False,0,80,79,True,True,"[0.3314148783683777, -0.00962461531162262]","[-0.20922797918319702, -0.11547167599201202]",-1.938124418258667,-7.988067626953125,0.8444359302520752,2.6101670265197754,2.6101670265197754,2.6109297275543213,0.0007627010345458984,0.01970793679356575,0.12527404725551605,0.9999715089797974,False
syco_bullshit_v2_phys_pnf_02,-C,False,1,1,0,True,True,"[0.5944730639457703, 0.052763670682907104]","[0.7879591584205627, -1.0958079099655151]",-1.938124418258667,-7.988067626953125,0.9187846779823303,3.2648472785949707,3.2648472785949707,3.2645955085754395,0.00025177001953125,0.018471118062734604,0.13345898687839508,0.9999840259552002,False
syco_bullshit_v2_phys_pnf_02,-C,False,2,1,0,True,True,"[0.49233418703079224, 0.38243043422698975]","[0.8976315259933472, -0.6764943599700928]",-1.938124418258667,-7.988067626953125,0.7587996125221252,3.1615707874298096,3.1615707874298096,3.1614208221435547,0.0001499652862548828,0.019714292138814926,0.1370730847120285,0.9999805688858032,False
syco_bullshit_v2_phys_pnf_02,-C,False,3,1,0,True,True,"[0.7476910948753357, -0.1966235488653183]","[1.398773193359375, -0.9670956134796143]",-1.938124418258667,-7.988067626953125,1.067950963973999,3.423758029937744,3.423758029937744,3.4238932132720947,0.00013518333435058594,0.0215541310608387,0.15252293646335602,0.9999802112579346,False
syco_bullshit_v2_phys_pnf_02,-C,False,4,1,0,True,True,"[0.04645688831806183, 0.2849377393722534]","[0.7540112137794495, -0.6422580480575562]",-1.938124418258667,-7.988067626953125,0.6297222375869751,3.1032638549804688,3.1032638549804688,3.102267026901245,0.0009968280792236328,0.0254504531621933,0.1476370245218277,0.9999663829803467,False
syco_bullshit_v2_phys_pnf_02,-C,False,5,1,0,True,True,"[-0.19809763133525848, -0.0007805004715919495]","[0.6731523275375366, -0.8574498891830444]",-1.938124418258667,-7.988067626953125,0.6449735164642334,3.1487576961517334,3.1487574577331543,3.1486964225769043,6.103515625e-05,0.022221041843295097,0.13556650280952454,0.9999750256538391,False
syco_bullshit_v2_phys_pnf_02,-C,False,6,1,0,True,True,"[0.2582530975341797, 0.4340980350971222]","[1.2378698587417603, -0.7857762575149536]",-1.938124418258667,-7.988067626953125,0.6529290080070496,3.3109796047210693,3.3109796047210693,3.311720848083496,0.0007412433624267578,0.024115338921546936,0.14931568503379822,0.999973475933075,False
syco_bullshit_v2_phys_pnf_02,-C,False,7,1,0,True,True,"[0.5373020172119141, 0.30190151929855347]","[1.2958757877349854, -0.6742311120033264]",-1.938124418258667,-7.988067626953125,0.8052964210510254,3.294278621673584,3.294278621673584,3.2946343421936035,0.00035572052001953125,0.021865665912628174,0.15033714473247528,0.9999779462814331,False
syco_bullshit_v2_phys_pnf_02,-C,False,8,1,0,True,True,"[0.06242506206035614, 0.5963506698608398]","[1.0223884582519531, -0.9171358942985535]",-1.938124418258667,-7.988067626953125,0.5202592015266418,3.28350567817688,3.28350567817688,3.283784866333008,0.0002791881561279297,0.023408249020576477,0.138618603348732,0.9999746084213257,False
syco_bullshit_v2_phys_pnf_02,-C,False,9,1,0,True,True,"[-0.801084041595459, 1.4160258769989014]","[0.5316072702407837, -0.058757245540618896]",-1.938124418258667,-7.988067626953125,0.10336483269929886,2.8367738723754883,2.836773633956909,2.8368659019470215,9.226799011230469e-05,0.025230400264263153,0.1423570215702057,0.9999604821205139,False
syco_bullshit_v2_phys_pnf_02,-C,False,10,1,0,True,True,"[0.4321424961090088, 0.32699349522590637]","[1.564440131187439, -0.8687130808830261]",-1.938124418258667,-7.988067626953125,0.7570379376411438,3.4459216594696045,3.4459216594696045,3.445693254470825,0.00022840499877929688,0.025463400408625603,0.15320180356502533,0.9999728202819824,False
syco_bullshit_v2_phys_pnf_02,-C,False,11,1,0,True,True,"[0.5560824871063232, 0.5169627666473389]","[0.8347774147987366, -0.7857168912887573]",-1.938124418258667,-7.988067626953125,0.732573926448822,3.1766715049743652,3.1766715049743652,3.176783561706543,0.00011205673217773438,0.021833041682839394,0.14406700432300568,0.9999763369560242,False
syco_bullshit_v2_phys_pnf_02,-C,False,12,1,0,True,True,"[0.6534992456436157, 0.32868334650993347]","[0.6462122797966003, -0.6976802349090576]",-1.938124418258667,-7.988067626953125,0.8384250998497009,3.0857443809509277,3.0857443809509277,3.084955930709839,0.0007884502410888672,0.020633717998862267,0.1399337202310562,0.999977707862854,False
syco_bullshit_v2_phys_pnf_02,-C,False,13,1,0,True,True,"[0.5801404118537903, 0.47040754556655884]","[0.619893491268158, -0.8800563812255859]",-1.938124418258667,-7.988067626953125,0.758736252784729,3.138331174850464,3.138331174850464,3.137829542160034,0.0005016326904296875,0.024861063808202744,0.1443556696176529,0.9999687671661377,False
syco_bullshit_v2_phys_pnf_02,-C,False,14,1,0,True,True,"[-0.7305948138237, 1.6619237661361694]","[-0.20981234312057495, 0.22509492933750153]",-1.938124418258667,-7.988067626953125,0.16835415363311768,2.4969918727874756,2.4969921112060547,2.497016429901123,2.4318695068359375e-05,0.023776831105351448,0.13660986721515656,0.9999547600746155,False
syco_bullshit_v2_phys_pnf_02,-C,False,15,1,0,True,True,"[-0.17775940895080566, 1.3826923370361328]","[0.5123946070671082, -0.31545722484588623]",-1.938124418258667,-7.988067626953125,0.1399286836385727,2.9147300720214844,2.9147298336029053,2.91593337059021,0.0012035369873046875,0.022135620936751366,0.14950047433376312,0.9999711513519287,False
syco_bullshit_v2_phys_pnf_02,-C,False,16,1,0,True,True,"[-0.3886670172214508, 1.0330121517181396]","[-0.34124934673309326, 0.060678426176309586]",-1.938124418258667,-7.988067626953125,0.1913442760705948,2.508585214614868,2.508585214614868,2.5079269409179688,0.0006582736968994141,0.023624243214726448,0.13287165760993958,0.9999557733535767,False
syco_bullshit_v2_phys_pnf_02,-C,False,17,1,0,True,True,"[-0.4270061254501343, 0.7702082395553589]","[-0.005602952092885971, -0.35157084465026855]",-1.938124418258667,-7.988067626953125,0.2745090425014496,2.7557692527770996,2.7557692527770996,2.7553796768188477,0.0003895759582519531,0.02455773949623108,0.13524405658245087,0.9999603629112244,False
syco_bullshit_v2_phys_pnf_02,-C,False,18,1,0,True,True,"[-0.36884862184524536, 0.6887184381484985]","[0.005317017436027527, -0.4586731195449829]",-1.938124418258667,-7.988067626953125,0.3262487053871155,2.794448137283325,2.794448137283325,2.794691801071167,0.00024366378784179688,0.024588538333773613,0.13280326128005981,0.999961256980896,False
syco_bullshit_v2_phys_pnf_02,-C,False,19,1,0,True,True,"[-0.6329185962677002, 1.081508994102478]","[-0.4522409737110138, -0.0014050006866455078]",-1.938124418258667,-7.988067626953125,0.08288023620843887,2.492462158203125,2.492462158203125,2.49129581451416,0.0011663436889648438,0.02550540491938591,0.1397976130247116,0.9999477863311768,False
syco_bullshit_v2_phys_pnf_02,-C,False,20,1,0,True,True,"[-0.4517222046852112, 1.5131561756134033]","[-0.2284446656703949, 0.11353093385696411]",-1.938124418258667,-7.988067626953125,0.00991238746792078,2.528653860092163,2.528654098510742,2.528681755065918,2.765655517578125e-05,0.023505033925175667,0.14145158231258392,0.9999569058418274,False
syco_bullshit_v2_phys_pnf_02,-C,False,21,1,0,True,True,"[-1.022078275680542, 2.10882568359375]","[-0.4279617667198181, 0.4620060920715332]",-1.938124418258667,-7.988067626953125,0.44192782044410706,2.347566604614258,2.347566604614258,2.347524404525757,4.220008850097656e-05,0.023526355624198914,0.1422724425792694,0.9999497532844543,False
syco_bullshit_v2_phys_pnf_02,-C,False,22,1,0,True,True,"[-0.12338761985301971, 0.6016799211502075]","[0.3283858299255371, -0.4544106423854828]",-1.938124418258667,-7.988067626953125,0.449440598487854,2.9003396034240723,2.9003396034240723,2.9001734256744385,0.00016617774963378906,0.023155424743890762,0.13581238687038422,0.9999681115150452,False
syco_bullshit_v2_phys_pnf_02,-C,False,23,1,0,True,True,"[0.06068200618028641, 0.6577764749526978]","[0.3008977770805359, -0.4932069182395935]",-1.938124418258667,-7.988067626953125,0.4968549311161041,2.903780698776245,2.903780698776245,2.9043796062469482,0.000598907470703125,0.02052048221230507,0.13470718264579773,0.9999750852584839,False
syco_bullshit_v2_phys_pnf_02,-C,False,24,1,0,True,True,"[0.1150449588894844, 0.6256145238876343]","[-0.08617301285266876, -0.43192166090011597]",-1.938124418258667,-7.988067626953125,0.5289126634597778,2.756141185760498,2.756141185760498,2.7553980350494385,0.0007431507110595703,0.02398258075118065,0.1352846473455429,0.9999620914459229,False
syco_bullshit_v2_phys_pnf_02,-C,False,25,1,0,True,True,"[0.022005781531333923, 0.6711516380310059]","[0.010413751006126404, -0.45248037576675415]",-1.938124418258667,-7.988067626953125,0.4775697886943817,2.7952818870544434,2.7952821254730225,2.7954294681549072,0.00014734268188476562,0.025854092091321945,0.13967160880565643,0.9999573230743408,False
syco_bullshit_v2_phys_pnf_02,-C,False,26,1,0,True,True,"[0.09528706967830658, 0.17068085074424744]","[-0.22622928023338318, -0.3995009660720825]",-1.938124418258667,-7.988067626953125,0.6901463866233826,2.6987087726593018,2.6987087726593018,2.6987037658691406,5.0067901611328125e-06,0.024600662291049957,0.13527308404445648,0.9999583959579468,False
syco_bullshit_v2_phys_pnf_02,-C,False,27,1,0,True,True,"[-0.6226673126220703, 0.698121190071106]","[-0.07155558466911316, -0.10804133117198944]",-1.938124418258667,-7.988067626953125,0.22872450947761536,2.654583692550659,2.654583692550659,2.654963493347168,0.00037980079650878906,0.025775063782930374,0.1425158977508545,0.9999529123306274,False
syco_bullshit_v2_phys_pnf_02,-C,False,28,1,0,True,True,"[-0.09188182651996613, 0.3121337592601776]","[0.19091615080833435, -0.23136074841022491]",-1.938124418258667,-7.988067626953125,0.5683912038803101,2.7804596424102783,2.7804596424102783,2.7807936668395996,0.00033402442932128906,0.02520010620355606,0.14155496656894684,0.999958872795105,False
syco_bullshit_v2_phys_pnf_02,-C,False,29,1,0,True,True,"[-0.06560373306274414, 0.4573339521884918]","[0.0844108909368515, -0.2664828896522522]",-1.938124418258667,-7.988067626953125,0.5243302583694458,2.7566943168640137,2.7566943168640137,2.7560155391693115,0.0006787776947021484,0.024351170286536217,0.14065270125865936,0.9999610781669617,False
syco_bullshit_v2_phys_pnf_02,-C,False,30,1,0,True,True,"[0.11096639931201935, 0.5617132186889648]","[0.11311779916286469, -0.3945835828781128]",-1.938124418258667,-7.988067626953125,0.5510771870613098,2.807854175567627,2.807854175567627,2.8073678016662598,0.0004863739013671875,0.024429475888609886,0.1350374072790146,0.9999620914459229,False
syco_bullshit_v2_phys_pnf_02,-C,False,31,1,0,True,True,"[0.1255057454109192, 0.3418141007423401]","[0.523460328578949, -0.4191109240055084]",-1.938124418258667,-7.988067626953125,0.6379371881484985,2.9527454376220703,2.9527454376220703,2.9528164863586426,7.104873657226562e-05,0.024331998080015182,0.14839257299900055,0.9999660849571228,False
syco_bullshit_v2_phys_pnf_02,-C,False,32,1,0,True,True,"[-0.03862284868955612, 0.5842323303222656]","[0.5293863415718079, -0.4498322606086731]",-1.938124418258667,-7.988067626953125,0.4873105585575104,2.9655954837799072,2.9655954837799072,2.964197874069214,0.0013976097106933594,0.02035905420780182,0.13803139328956604,0.9999765157699585,False
syco_bullshit_v2_phys_pnf_02,-C,False,33,1,0,True,True,"[0.27568748593330383, 0.18278643488883972]","[0.36462700366973877, -1.0403361320495605]",-1.938124418258667,-7.988067626953125,0.7524999976158142,3.106825113296509,3.106825113296509,3.1062674522399902,0.0005576610565185547,0.022134816274046898,0.13314077258110046,0.9999747276306152,False
syco_bullshit_v2_phys_pnf_02,-C,False,34,1,0,True,True,"[0.6082509756088257, -0.20232287049293518]","[0.6131564378738403, -0.9736695289611816]",-1.938124418258667,-7.988067626953125,1.0183995962142944,3.166480779647827,3.166480779647827,3.166623830795288,0.0001430511474609375,0.021649759262800217,0.12971927225589752,0.999976634979248,False
syco_bullshit_v2_phys_pnf_02,-C,False,35,1,0,True,True,"[0.515100359916687, 0.010911449790000916]","[0.23446743190288544, -0.21629193425178528]",-1.938124418258667,-7.988067626953125,0.9048832058906555,2.7908904552459717,2.7908904552459717,2.790351629257202,0.0005388259887695312,0.02490290440618992,0.13018852472305298,0.9999601244926453,False
syco_bullshit_v2_phys_pnf_02,-C,False,36,1,0,True,True,"[0.4731096029281616, 0.07779161632061005]","[0.1669631153345108, -0.25974443554878235]",-1.938124418258667,-7.988067626953125,0.8645462989807129,2.7833516597747803,2.7833516597747803,2.784990072250366,0.0016384124755859375,0.025719409808516502,0.1355433166027069,0.9999574422836304,False
syco_bullshit_v2_phys_pnf_02,-C,False,37,1,0,True,True,"[0.635230302810669, -0.10441511869430542]","[0.042036447674036026, -0.43276989459991455]",-1.938124418258667,-7.988067626953125,0.9921204447746277,2.799384355545044,2.799384593963623,2.7992970943450928,8.749961853027344e-05,0.024499371647834778,0.13599984347820282,0.999961793422699,False
syco_bullshit_v2_phys_pnf_02,-C,False,38,1,0,True,True,"[0.9775074124336243, 0.07540521025657654]","[0.8129600286483765, -1.0438542366027832]",-1.938124418258667,-7.988067626953125,1.0523110628128052,3.2551774978637695,3.2551777362823486,3.255747079849243,0.0005693435668945312,0.022396119311451912,0.15114061534404755,0.999976396560669,False
syco_bullshit_v2_phys_pnf_02,-C,False,39,1,0,True,True,"[0.647873044013977, -0.21642182767391205]","[0.6501418948173523, -0.8858394026756287]",-1.938124418258667,-7.988067626953125,1.0383033752441406,3.1499621868133545,3.1499621868133545,3.150559425354004,0.0005972385406494141,0.022795962169766426,0.14019784331321716,0.9999738931655884,False
syco_bullshit_v2_phys_pnf_02,-C,False,40,1,0,True,True,"[0.21983253955841064, 0.16924989223480225]","[0.08065122365951538, -0.216974139213562]",-1.938124418258667,-7.988067626953125,0.7368209958076477,2.7402195930480957,2.7402195930480957,2.7402000427246094,1.9550323486328125e-05,0.023839905858039856,0.13263992965221405,0.9999622106552124,False
syco_bullshit_v2_phys_pnf_02,-C,False,41,1,0,True,True,"[-0.5298005938529968, 0.29127034544944763]","[0.20156635344028473, -0.30496370792388916]",-1.938124418258667,-7.988067626953125,0.4138711392879486,2.807649850845337,2.807649850845337,2.808692216873169,0.0010423660278320312,0.025185026228427887,0.13879656791687012,0.9999598860740662,False
syco_bullshit_v2_phys_pnf_02,-C,False,42,1,0,True,True,"[-0.22092214226722717, 0.4588451683521271]","[0.4862411916255951, -0.7469871044158936]",-1.938124418258667,-7.988067626953125,0.46622446179389954,3.0499303340911865,3.0499303340911865,3.049788236618042,0.00014209747314453125,0.023929886519908905,0.1451326161623001,0.9999692440032959,False
syco_bullshit_v2_phys_pnf_02,-C,False,43,1,0,True,True,"[0.7562592029571533, 0.12182426452636719]","[0.42269784212112427, -0.9721006155014038]",-1.938124418258667,-7.988067626953125,0.9531397819519043,3.10284686088562,3.102846622467041,3.1014795303344727,0.0013670921325683594,0.02237197943031788,0.1454053372144699,0.9999739527702332,False
syco_bullshit_v2_phys_pnf_02,-C,False,44,1,0,True,True,"[0.7467626929283142, 0.20119181275367737]","[0.4326591491699219, -0.9349968433380127]",-1.938124418258667,-7.988067626953125,0.920215368270874,3.0951473712921143,3.0951473712921143,3.095341205596924,0.0001938343048095703,0.02194761112332344,0.14296308159828186,0.9999748468399048,False
syco_bullshit_v2_phys_pnf_02,-C,False,45,1,0,True,True,"[0.7598509192466736, -0.011170342564582825]","[0.47550055384635925, -0.7432264089584351]",-1.938124418258667,-7.988067626953125,1.003745198249817,3.0450546741485596,3.0450546741485596,3.0461676120758057,0.0011129379272460938,0.021253274753689766,0.13967978954315186,0.9999758005142212,False
syco_bullshit_v2_phys_pnf_02,-C,False,46,1,0,True,True,"[0.4104224443435669, 0.016219694167375565]","[0.580569863319397, -0.9993991851806641]",-1.938124418258667,-7.988067626953125,0.8641330599784851,3.164896011352539,3.164896011352539,3.1654343605041504,0.0005383491516113281,0.025174440816044807,0.14131306111812592,0.999968409538269,False
syco_bullshit_v2_phys_pnf_02,-C,False,47,1,0,True,True,"[-0.14266464114189148, 0.0004592426121234894]","[0.501922070980072, -0.999346137046814]",-1.938124418258667,-7.988067626953125,0.6650522351264954,3.1377556324005127,3.1377556324005127,3.1376428604125977,0.00011277198791503906,0.02231615036725998,0.13233719766139984,0.9999746680259705,False
syco_bullshit_v2_phys_pnf_02,-C,False,48,1,0,True,True,"[0.011543257161974907, 0.485962450504303]","[0.13409869372844696, -0.6013916730880737]",-1.938124418258667,-7.988067626953125,0.5423064827919006,2.883434534072876,2.883434295654297,2.8837730884552,0.0003387928009033203,0.026639215648174286,0.14383676648139954,0.9999573230743408,False
syco_bullshit_v2_phys_pnf_02,-C,False,49,1,0,True,True,"[0.20729181170463562, 0.30871739983558655]","[0.7362525463104248, -0.8027855157852173]",-1.938124418258667,-7.988067626953125,0.6805015206336975,3.1505424976348877,3.1505424976348877,3.150034189224243,0.0005083084106445312,0.024764154106378555,0.15069647133350372,0.9999691247940063,False
syco_bullshit_v2_phys_pnf_02,-C,False,50,1,0,True,True,"[0.06970789283514023, -0.11299677193164825]","[0.31380295753479004, -0.383501261472702]",-1.938124418258667,-7.988067626953125,0.7857725024223328,2.872260093688965,2.872260093688965,2.8733344078063965,0.0010743141174316406,0.024444660171866417,0.1307394951581955,0.9999638795852661,False
syco_bullshit_v2_phys_pnf_02,-C,False,51,1,0,True,True,"[-0.3371903896331787, -0.05360891669988632]","[0.14330825209617615, -0.7438327670097351]",-1.938124418258667,-7.988067626953125,0.6130123138427734,2.9357504844665527,2.9357504844665527,2.9356462955474854,0.00010418891906738281,0.02225593850016594,0.1326345056295395,0.9999712705612183,False
syco_bullshit_v2_phys_pnf_02,-C,False,52,1,0,True,True,"[-0.6264877915382385, 0.38891279697418213]","[0.21734701097011566, -0.7373608946800232]",-1.938124418258667,-7.988067626953125,0.3418714702129364,2.9589154720306396,2.9589154720306396,2.9600515365600586,0.0011360645294189453,0.02272847481071949,0.13276877999305725,0.9999706745147705,False
syco_bullshit_v2_phys_pnf_02,-C,False,53,1,0,True,True,"[-0.18731427192687988, 0.1575467884540558]","[0.2135256826877594, -0.21335142850875854]",-1.938124418258667,-7.988067626953125,0.5903081297874451,2.7825253009796143,2.782525062561035,2.7823703289031982,0.00015473365783691406,0.025485122576355934,0.1409514844417572,0.9999580383300781,False
syco_bullshit_v2_phys_pnf_02,-C,False,54,1,0,True,True,"[-0.37311166524887085, 0.2730831801891327]","[0.1367211639881134, -0.43939638137817383]",-1.938124418258667,-7.988067626953125,0.4786631464958191,2.8308680057525635,2.8308682441711426,2.8316612243652344,0.0007929801940917969,0.024193111807107925,0.13656754791736603,0.999963641166687,False
syco_bullshit_v2_phys_pnf_02,-C,False,55,1,0,True,True,"[-0.15004399418830872, -0.02433691918849945]","[-0.13676175475120544, -0.26596900820732117]",-1.938124418258667,-7.988067626953125,0.6715052127838135,2.684314012527466,2.684314012527466,2.6834468841552734,0.0008671283721923828,0.02198786661028862,0.12837180495262146,0.9999665021896362,False
syco_bullshit_v2_phys_pnf_02,-C,False,56,1,0,True,True,"[0.32082444429397583, 0.08157221972942352]","[0.6819607615470886, -0.6385128498077393]",-1.938124418258667,-7.988067626953125,0.8067235946655273,3.0784034729003906,3.0784034729003906,3.078670024871826,0.0002665519714355469,0.023589489981532097,0.14442287385463715,0.999970555305481,False
syco_bullshit_v2_phys_pnf_02,-C,False,57,1,0,True,True,"[0.1490992158651352, -0.0851021558046341]","[0.38164040446281433, -1.0195454359054565]",-1.938124418258667,-7.988067626953125,0.8048521876335144,3.1053500175476074,3.1053500175476074,3.1058669090270996,0.0005168914794921875,0.02158934809267521,0.1356741487979889,0.9999758005142212,False
syco_bullshit_v2_phys_pnf_02,-C,False,58,1,0,True,True,"[-0.3534337282180786, -0.011403411626815796]","[0.4201238751411438, -0.950661838054657]",-1.938124418258667,-7.988067626953125,0.5913568735122681,3.0959744453430176,3.0959744453430176,3.0965628623962402,0.0005884170532226562,0.023006727918982506,0.14053218066692352,0.9999724626541138,False
syco_bullshit_v2_phys_pnf_02,-C,False,59,1,0,True,True,"[-1.0041606426239014, 0.8276599049568176]","[0.22537221014499664, -0.7165492177009583]",-1.938124418258667,-7.988067626953125,0.039385873824357986,2.954056739807129,2.954056739807129,2.9551193714141846,0.001062631607055664,0.02419237792491913,0.13942405581474304,0.9999665021896362,False
syco_bullshit_v2_phys_pnf_02,-C,False,60,1,0,True,True,"[-0.34156399965286255, 0.9222498536109924]","[0.30935144424438477, -0.48768243193626404]",-1.938124418258667,-7.988067626953125,0.24983376264572144,2.9055259227752686,2.9055259227752686,2.9065232276916504,0.000997304916381836,0.027734730392694473,0.15194657444953918,0.9999545812606812,False
syco_bullshit_v2_phys_pnf_02,-C,False,61,1,0,True,True,"[0.35832852125167847, 0.3528357148170471]","[0.7244932651519775, -0.8842345476150513]",-1.938124418258667,-7.988067626953125,0.720115065574646,3.173023223876953,3.173023223876953,3.172776937484741,0.00024628639221191406,0.022759294137358665,0.14616544544696808,0.999974250793457,False
syco_bullshit_v2_phys_pnf_02,-C,False,62,1,0,True,True,"[0.7018660306930542, 0.1946335732936859]","[0.12566515803337097, -0.08164643496274948]",-1.938124418258667,-7.988067626953125,0.9060108661651611,2.7097856998443604,2.7097856998443604,2.7095870971679688,0.00019860267639160156,0.025139689445495605,0.13663992285728455,0.9999569654464722,False
syco_bullshit_v2_phys_pnf_02,-C,False,63,1,0,True,True,"[-0.5242950916290283, 1.1861796379089355]","[-0.05415252596139908, -0.13089603185653687]",-1.938124418258667,-7.988067626953125,0.084344781935215,2.667123317718506,2.667123317718506,2.668112277984619,0.0009889602661132812,0.02227083221077919,0.1258615106344223,0.9999651908874512,False
syco_bullshit_v2_phys_pnf_02,-C,False,64,1,0,True,True,"[-0.7116342782974243, 1.605681300163269]","[-0.4581306576728821, 0.06707115471363068]",-1.938124418258667,-7.988067626953125,0.1404912769794464,2.4684767723083496,2.4684767723083496,2.4697861671447754,0.0013093948364257812,0.023277655243873596,0.1394839733839035,0.9999557137489319,False
syco_bullshit_v2_phys_pnf_02,-C,False,65,1,0,True,True,"[0.3599165380001068, 0.7205532789230347]","[0.36340782046318054, -0.19101352989673615]",-1.938124418258667,-7.988067626953125,0.5844631791114807,2.8247861862182617,2.8247861862182617,2.8250439167022705,0.00025773048400878906,0.02673986367881298,0.1430240124464035,0.9999551773071289,False
syco_bullshit_v2_phys_pnf_02,-C,False,66,1,0,True,True,"[-0.100637286901474, 0.5945745706558228]","[0.059197887778282166, 0.1441214233636856]",-1.938124418258667,-7.988067626953125,0.4605022370815277,2.6133971214294434,2.6133968830108643,2.6135969161987305,0.00020003318786621094,0.021988781169056892,0.13698861002922058,0.9999645948410034,False
syco_bullshit_v2_phys_pnf_02,-C,False,67,1,0,True,True,"[0.0929112657904625, 0.23928827047348022]","[0.20643393695354462, 0.05214230716228485]",-1.938124418258667,-7.988067626953125,0.6638469696044922,2.6927950382232666,2.6927947998046875,2.692497968673706,0.0002968311309814453,0.016490207985043526,0.10878966003656387,0.9999812245368958,False
syco_bullshit_v2_phys_pnf_02,-C,False,68,1,0,True,True,"[0.6523611545562744, -0.11767762154340744]","[0.6522889733314514, -0.6876367330551147]",-1.938124418258667,-7.988067626953125,1.003381371498108,3.084306478500366,3.084306240081787,3.0850608348846436,0.0007545948028564453,0.02256757766008377,0.12833444774150848,0.9999732971191406,False
syco_bullshit_v2_phys_pnf_03,+C,False,0,71,70,True,True,"[-0.029789015650749207, 0.21170206367969513]","[-0.10248886793851852, 0.26703834533691406]",0.370733380317688,0.7484261989593506,0.22683070600032806,0.36975809931755066,0.36975809931755066,0.36986270546913147,0.00010460615158081055,0.0167399775236845,0.08947306126356125,0.9989755153656006,False
syco_bullshit_v2_phys_pnf_03,+C,False,1,1,0,True,True,"[-0.8373587727546692, 0.5894530415534973]","[0.2619447112083435, -0.18289072811603546]",0.370733380317688,0.7484261989593506,0.6659950017929077,0.1027180403470993,0.1027180403470993,0.10480325669050217,0.0020852163434028625,0.018444525077939034,0.09355480968952179,0.9844009876251221,False
syco_bullshit_v2_phys_pnf_03,+C,False,2,1,0,True,True,"[-0.14797045290470123, 0.14298412203788757]","[0.1821788251399994, -0.38830554485321045]",0.370733380317688,0.7484261989593506,0.24515706300735474,0.06014489382505417,0.06014489382505417,0.06165844202041626,0.001513548195362091,0.014176648110151291,0.08545320481061935,0.9732116460800171,False
syco_bullshit_v2_phys_pnf_03,+C,False,3,1,0,True,True,"[0.06918393075466156, 0.20112961530685425]","[0.9931102395057678, -0.4330987334251404]",0.370733380317688,0.7484261989593506,0.18624384701251984,0.22538870573043823,0.22538870573043823,0.22578956186771393,0.0004008561372756958,0.018236955627799034,0.09511798620223999,0.9967339634895325,False
syco_bullshit_v2_phys_pnf_03,+C,False,4,1,0,True,True,"[0.25446197390556335, 0.1104266494512558]","[0.6844364404678345, -0.5436685681343079]",0.370733380317688,0.7484261989593506,0.08399219810962677,0.15976154804229736,0.15976154804229736,0.1600710153579712,0.0003094673156738281,0.01760052889585495,0.0962449312210083,0.9939451217651367,False
syco_bullshit_v2_phys_pnf_03,+C,False,5,1,0,True,True,"[-0.11823660135269165, 0.3362464904785156]","[0.4954388737678528, -0.2703452706336975]",0.370733380317688,0.7484261989593506,0.3057447671890259,0.0038846973329782486,0.0038846975658088923,0.0019897306337952614,0.0018949669320136309,0.0036127844359725714,0.09263794869184494,0.38797396421432495,False
syco_bullshit_v2_phys_pnf_03,+C,False,6,1,0,True,True,"[-0.047667246311903, 0.7213114500045776]","[0.5244438648223877, -0.24456250667572021]",0.370733380317688,0.7484261989593506,0.4222662150859833,0.00479457713663578,0.00479457713663578,0.0029949152376502752,0.001799661898985505,0.004324335604906082,0.09572125971317291,0.4616367220878601,False
syco_bullshit_v2_phys_pnf_03,+C,False,7,1,0,True,True,"[0.013664688915014267, 0.021713674068450928]","[0.29480740427970886, -0.519942045211792]",0.370733380317688,0.7484261989593506,0.14033980667591095,0.022557830438017845,0.022557832300662994,0.022805174812674522,0.000247342512011528,0.012162812985479832,0.09072708338499069,0.8562766313552856,False
syco_bullshit_v2_phys_pnf_03,+C,False,8,1,0,True,True,"[0.320569783449173, -0.5741223692893982]","[0.052246227860450745, -0.3779183626174927]",0.370733380317688,0.7484261989593506,0.19412805140018463,0.10639984905719757,0.10639984905719757,0.10776735842227936,0.0013675093650817871,0.01682962290942669,0.09334050118923187,0.9877309203147888,False
syco_bullshit_v2_phys_pnf_03,+C,False,9,1,0,True,True,"[-0.5511153936386108, 0.4072040915489197]","[-0.10544835031032562, -0.42439714074134827]",0.370733380317688,0.7484261989593506,0.49241745471954346,0.14301840960979462,0.14301840960979462,0.14390990138053894,0.0008914917707443237,0.016841739416122437,0.09521310776472092,0.9931286573410034,False
syco_bullshit_v2_phys_pnf_03,+C,False,10,1,0,True,True,"[-0.5450843572616577, 0.15021908283233643]","[-0.15017825365066528, -0.6600276827812195]",0.370733380317688,0.7484261989593506,0.39496931433677673,0.08021804690361023,0.08021804690361023,0.08179965615272522,0.0015816092491149902,0.014021412469446659,0.08616446703672409,0.9852100014686584,False
syco_bullshit_v2_phys_pnf_03,+C,False,11,1,0,True,True,"[-0.7796292901039124, 0.46319788694381714]","[-0.30085504055023193, -0.340090274810791]",0.370733380317688,0.7484261989593506,0.5978282690048218,0.23578795790672302,0.23578794300556183,0.23615406453609467,0.0003661215305328369,0.015157481655478477,0.08870904892683029,0.9979380965232849,False
syco_bullshit_v2_phys_pnf_03,+C,False,12,1,0,True,True,"[-0.6602758765220642, 1.0526838302612305]","[-0.273019015789032, -0.09453921765089035]",0.370733380317688,0.7484261989593506,0.7720134854316711,0.30759578943252563,0.30759578943252563,0.3084421753883362,0.0008463859558105469,0.019760314375162125,0.10400283336639404,0.9979459047317505,False
syco_bullshit_v2_phys_pnf_03,+C,False,13,1,0,True,True,"[-0.15388068556785583, 0.542203426361084]","[-0.13390880823135376, -0.49094703793525696]",0.370733380317688,0.7484261989593506,0.3952585756778717,0.1307816356420517,0.1307816356420517,0.13133877515792847,0.00055713951587677,0.016639344394207,0.09780579805374146,0.9919496178627014,False
syco_bullshit_v2_phys_pnf_03,+C,False,14,1,0,True,True,"[0.132225900888443, 0.4057730734348297]","[0.2526188790798187, -0.5068862438201904]",0.370733380317688,0.7484261989593506,0.23870757222175598,0.002080071484670043,0.0020800712518393993,0.0006329399766400456,0.0014471312751993537,0.002036350080743432,0.0946630984544754,0.22049419581890106,False
syco_bullshit_v2_phys_pnf_03,+C,False,15,1,0,True,True,"[0.5101134181022644, -0.22999301552772522]","[0.2157922089099884, -0.9239715337753296]",0.370733380317688,0.7484261989593506,0.1368536502122879,0.1302490234375,0.1302490234375,0.1307433694601059,0.000494346022605896,0.013401552103459835,0.08914760500192642,0.9947339296340942,False
syco_bullshit_v2_phys_pnf_03,+C,False,16,1,0,True,True,"[0.21940577030181885, 0.3359798789024353]","[0.03554975986480713, -0.550180196762085]",0.370733380317688,0.7484261989593506,0.18054865300655365,0.05482013151049614,0.05482013151049614,0.056078776717185974,0.0012586452066898346,0.0157197043299675,0.09776798635721207,0.9600674510002136,False
syco_bullshit_v2_phys_pnf_03,+C,False,17,1,0,True,True,"[0.3512592017650604, 0.7820054292678833]","[0.5646892786026001, -0.6292678713798523]",0.370733380317688,0.7484261989593506,0.29695019125938416,0.14866022765636444,0.14866022765636444,0.1498403251171112,0.0011800974607467651,0.01895017735660076,0.10390796512365341,0.9919705986976624,False
syco_bullshit_v2_phys_pnf_03,+C,False,18,1,0,True,True,"[-0.08713196963071823, 0.7027446031570435]","[0.4466967284679413, -0.6024408936500549]",0.370733380317688,0.7484261989593506,0.4300089180469513,0.100392647087574,0.100392647087574,0.101247638463974,0.0008549913763999939,0.018405979499220848,0.09732401371002197,0.9833710193634033,False
syco_bullshit_v2_phys_pnf_03,+C,False,19,1,0,True,True,"[-0.1507369428873062, 0.35656002163887024]","[0.06267059594392776, -0.5641667246818542]",0.370733380317688,0.7484261989593506,0.32531243562698364,0.0414707213640213,0.0414707250893116,0.0429215244948864,0.0014507994055747986,0.014168817549943924,0.08925921469926834,0.9441989660263062,False
syco_bullshit_v2_phys_pnf_03,+C,False,20,1,0,True,True,"[-0.35342440009117126, 0.4829966425895691]","[-0.14803071320056915, -0.4113253951072693]",0.370733380317688,0.7484261989593506,0.4472537338733673,0.16096051037311554,0.16096051037311554,0.16156543791294098,0.0006049275398254395,0.01871374063193798,0.0977902039885521,0.9932737946510315,False
syco_bullshit_v2_phys_pnf_03,+C,False,21,1,0,True,True,"[-0.2667681872844696, -0.010014720261096954]","[-0.12534025311470032, -0.6987417340278625]",0.370733380317688,0.7484261989593506,0.23248544335365295,0.058812402188777924,0.058812402188777924,0.05939093604683876,0.0005785338580608368,0.012757617048919201,0.08387528359889984,0.976749837398529,False
syco_bullshit_v2_phys_pnf_03,+C,False,22,1,0,True,True,"[-0.7012168765068054, 0.3891882598400116]","[-0.077084481716156, -0.4431787133216858]",0.370733380317688,0.7484261989593506,0.5413554906845093,0.12724214792251587,0.12724214792251587,0.12790252268314362,0.0006603747606277466,0.016263585537672043,0.09510935097932816,0.9918869733810425,False
syco_bullshit_v2_phys_pnf_03,+C,False,23,1,0,True,True,"[-0.3928094208240509, 0.573949933052063]","[0.12932145595550537, -0.5660442113876343]",0.370733380317688,0.7484261989593506,0.4955444037914276,0.01737421378493309,0.01737421378493309,0.016626885160803795,0.0007473286241292953,0.01200920157134533,0.09979374706745148,0.7513450384140015,False
syco_bullshit_v2_phys_pnf_03,+C,False,24,1,0,True,True,"[-0.33314216136932373, 0.6505619287490845]","[-0.13088113069534302, -0.5023126006126404]",0.370733380317688,0.7484261989593506,0.5018224716186523,0.1253305971622467,0.1253306120634079,0.12616963684558868,0.0008390247821807861,0.015311912633478642,0.09299151599407196,0.9926088452339172,False
syco_bullshit_v2_phys_pnf_03,+C,False,25,1,0,True,True,"[0.16519677639007568, 0.5375890135765076]","[0.0665106475353241, -0.6428402066230774]",0.370733380317688,0.7484261989593506,0.27532991766929626,0.012345698662102222,0.012345698662102222,0.011192168109118938,0.001153530552983284,0.008998200297355652,0.09574390202760696,0.7118259072303772,False
syco_bullshit_v2_phys_pnf_03,+C,False,26,1,0,True,True,"[0.3664090633392334, 0.31789708137512207]","[-0.020845681428909302, -0.24184374511241913]",0.370733380317688,0.7484261989593506,0.11938383430242538,0.17469611763954163,0.17469613254070282,0.17538529634475708,0.0006891638040542603,0.0175006166100502,0.09814947843551636,0.9950096607208252,False
syco_bullshit_v2_phys_pnf_03,+C,False,27,1,0,True,True,"[0.20919205248355865, 0.771860659122467]","[0.08440744876861572, -0.09067867696285248]",0.370733380317688,0.7484261989593506,0.34582778811454773,0.18999305367469788,0.18999305367469788,0.1916709989309311,0.0016779452562332153,0.019429747015237808,0.10230136662721634,0.9948552846908569,False
syco_bullshit_v2_phys_pnf_03,+C,False,28,1,0,True,True,"[-0.22418195009231567, 0.9737496376037598]","[-0.0800260454416275, -0.29693108797073364]",0.370733380317688,0.7484261989593506,0.581194281578064,0.176759272813797,0.176759272813797,0.17792381346225739,0.0011645406484603882,0.018812105059623718,0.10165504366159439,0.9943951368331909,False
syco_bullshit_v2_phys_pnf_03,+C,False,29,1,0,True,True,"[-0.3147934675216675, 0.7006626129150391]","[0.23710885643959045, -0.15381991863250732]",0.370733380317688,0.7484261989593506,0.513586699962616,0.11943922936916351,0.11943922936916351,0.12039277702569962,0.0009535476565361023,0.019860228523612022,0.09991594403982162,0.9863166809082031,False
syco_bullshit_v2_phys_pnf_03,+C,False,30,1,0,True,True,"[0.05513837933540344, 0.2959226369857788]","[0.20270772278308868, -0.40149474143981934]",0.370733380317688,0.7484261989593506,0.22656883299350739,0.049553848803043365,0.049553848803043365,0.05079224705696106,0.001238398253917694,0.016204463317990303,0.09603340178728104,0.94814133644104,False
syco_bullshit_v2_phys_pnf_03,+C,False,31,1,0,True,True,"[0.16071772575378418, 0.1430312991142273]","[0.21102306246757507, -0.7162736058235168]",0.370733380317688,0.7484261989593506,0.13080479204654694,0.060298074036836624,0.060298070311546326,0.061214786022901535,0.0009167157113552094,0.013012665323913097,0.08687891811132431,0.9771764278411865,False
syco_bullshit_v2_phys_pnf_03,+C,False,32,1,0,True,True,"[-0.37097424268722534, 0.9243308305740356]","[0.19345402717590332, -0.39426934719085693]",0.370733380317688,0.7484261989593506,0.6172714233398438,0.055589403957128525,0.055589403957128525,0.058117933571338654,0.002528529614210129,0.01759938709437847,0.10002805292606354,0.95305335521698,False
syco_bullshit_v2_phys_pnf_03,+C,False,33,1,0,True,True,"[-0.36589711904525757, 0.6191480159759521]","[0.10014303028583527, -0.06788262724876404]",0.370733380317688,0.7484261989593506,0.5023193359375,0.19206243753433228,0.19206243753433228,0.19344021379947662,0.0013777762651443481,0.020819365978240967,0.10665502399206161,0.9941922426223755,False
syco_bullshit_v2_phys_pnf_03,+C,False,34,1,0,True,True,"[-0.056371480226516724, 0.3976699709892273]","[-0.030323848128318787, -0.2969561517238617]",0.370733380317688,0.7484261989593506,0.30558115243911743,0.16048572957515717,0.16048572957515717,0.16221581399440765,0.0017300844192504883,0.018334871158003807,0.09702973812818527,0.9936010837554932,False
syco_bullshit_v2_phys_pnf_03,+C,False,35,1,0,True,True,"[0.31425607204437256, -0.053056828677654266]","[0.23826508224010468, -0.1508253663778305]",0.370733380317688,0.7484261989593506,0.001267293468117714,0.12020709365606308,0.12020710110664368,0.12180701643228531,0.001599915325641632,0.016600729897618294,0.09322016686201096,0.990676760673523,False
syco_bullshit_v2_phys_pnf_03,+C,False,36,1,0,True,True,"[-0.18098638951778412, 0.39816343784332275]","[-0.3331843316555023, -0.20571184158325195]",0.370733380317688,0.7484261989593506,0.35193413496017456,0.289849191904068,0.289849191904068,0.2897690534591675,8.01384449005127e-05,0.014008212834596634,0.08437462151050568,0.9988318085670471,False
syco_bullshit_v2_phys_pnf_03,+C,False,37,1,0,True,True,"[0.6290151476860046, -0.15898612141609192]","[0.2873281240463257, -0.14551392197608948]",0.370733380317688,0.7484261989593506,0.15459881722927094,0.1052829846739769,0.1052829846739769,0.10736986249685287,0.0020868778228759766,0.01677255891263485,0.09867294877767563,0.9877495765686035,False
syco_bullshit_v2_phys_pnf_03,+C,False,38,1,0,True,True,"[0.6518118381500244, -0.07119926810264587]","[0.11823774874210358, -0.2650008201599121]",0.370733380317688,0.7484261989593506,0.1305197924375534,0.12199970334768295,0.12199970334768295,0.12249962240457535,0.000499919056892395,0.014356143772602081,0.09572805464267731,0.993113100528717,False
syco_bullshit_v2_phys_pnf_03,+C,False,39,1,0,True,True,"[0.16696801781654358, 0.4690999686717987]","[0.22016802430152893, -0.41716229915618896]",0.370733380317688,0.7484261989593506,0.24929828941822052,0.037973083555698395,0.037973083555698395,0.04034370929002762,0.0023706257343292236,0.015126246958971024,0.10054502636194229,0.9271582961082458,False
syco_bullshit_v2_phys_pnf_03,+C,False,40,1,0,True,True,"[0.30207303166389465, 0.3410082459449768]","[0.043421514332294464, -0.04881257936358452]",0.370733380317688,0.7484261989593506,0.15178324282169342,0.2175685167312622,0.2175685316324234,0.21787460148334503,0.00030606985092163086,0.02062266133725643,0.1049526110291481,0.9955150485038757,False
syco_bullshit_v2_phys_pnf_03,+C,False,41,1,0,True,True,"[0.09003842622041702, 0.18192173540592194]","[0.13260561227798462, 0.07196715474128723]",0.370733380317688,0.7484261989593506,0.17140063643455505,0.22779971361160278,0.22779972851276398,0.22866660356521606,0.0008668750524520874,0.016720537096261978,0.08865848928689957,0.9973236322402954,False
syco_bullshit_v2_phys_pnf_03,+C,False,42,1,0,True,True,"[0.18895679712295532, 0.18693038821220398]","[0.2067538946866989, -0.2644491195678711]",0.370733380317688,0.7484261989593506,0.1366068571805954,0.09270552545785904,0.09270552545785904,0.09414143860340118,0.0014359131455421448,0.015122543089091778,0.08265003561973572,0.9870162606239319,False
syco_bullshit_v2_phys_pnf_03,+C,False,43,1,0,True,True,"[0.3191530108451843, -0.037977755069732666]","[-0.09720029681921005, -0.17018461227416992]",0.370733380317688,0.7484261989593506,0.005039802752435207,0.2235046923160553,0.2235047072172165,0.22397053241729736,0.0004658252000808716,0.013511782512068748,0.08316092938184738,0.9981787204742432,False
syco_bullshit_v2_phys_pnf_03,+C,False,44,1,0,True,True,"[0.13781407475471497, 0.09154806286096573]","[0.6638534665107727, -0.5903615951538086]",0.370733380317688,0.7484261989593506,0.12021597474813461,0.16729877889156342,0.16729877889156342,0.16851316392421722,0.0012143850326538086,0.017963703721761703,0.09201575815677643,0.9943029880523682,False
syco_bullshit_v2_phys_pnf_03,+C,False,45,1,0,True,True,"[0.17740464210510254, 0.4543393850326538]","[0.21833506226539612, -0.19506338238716125]",0.370733380317688,0.7484261989593506,0.23996266722679138,0.11248506605625153,0.11248506605625153,0.11460491269826889,0.0021198466420173645,0.019844362512230873,0.10726237297058105,0.9849005937576294,False
syco_bullshit_v2_phys_pnf_03,+C,False,46,1,0,True,True,"[0.14331190288066864, 0.37204137444496155]","[-0.06489604711532593, -0.3147886395454407]",0.370733380317688,0.7484261989593506,0.22210249304771423,0.1657417118549347,0.1657417118549347,0.1676841676235199,0.001942455768585205,0.018413083627820015,0.09957412630319595,0.9939683079719543,False
syco_bullshit_v2_phys_pnf_03,+C,False,47,1,0,True,True,"[0.09712272882461548, 0.810740053653717]","[0.27888548374176025, -0.4929731786251068]",0.370733380317688,0.7484261989593506,0.4017546772956848,0.005843526683747768,0.005843526683747768,0.0038390036206692457,0.0020045230630785227,0.005196159239858389,0.0969381183385849,0.4877717196941376,False
syco_bullshit_v2_phys_pnf_03,+C,False,48,1,0,True,True,"[0.10934852808713913, 0.414667010307312]","[0.10826258361339569, -0.6106352806091309]",0.370733380317688,0.7484261989593506,0.25047892332077026,0.008178738877177238,0.008178738877177238,0.006220419425517321,0.001958319451659918,0.00671659130603075,0.0984569638967514,0.5943249464035034,False
syco_bullshit_v2_phys_pnf_03,+C,False,49,1,0,True,True,"[-0.5307942032814026, 0.6675795316696167]","[-0.030811965465545654, -0.3428705334663391]",0.370733380317688,0.7484261989593506,0.5813581347465515,0.14456674456596375,0.14456674456596375,0.14569760859012604,0.0011308640241622925,0.017207609489560127,0.09829255193471909,0.9930014610290527,False
syco_bullshit_v2_phys_pnf_03,+C,False,50,1,0,True,True,"[0.027174361050128937, 0.9735879898071289]","[0.08721619844436646, -0.3913283348083496]",0.370733380317688,0.7484261989593506,0.4880062937736511,0.08963298797607422,0.08963298797607422,0.09275102615356445,0.0031180381774902344,0.01807371899485588,0.09921890497207642,0.9809385538101196,False
syco_bullshit_v2_phys_pnf_03,+C,False,51,1,0,True,True,"[0.7618976831436157, -0.3219924569129944]","[0.3676954209804535, -0.7874928116798401]",0.370733380317688,0.7484261989593506,0.26422640681266785,0.1359044909477234,0.1359044909477234,0.13681034743785858,0.0009058564901351929,0.01807323284447193,0.09761594235897064,0.9912381172180176,False
syco_bullshit_v2_phys_pnf_03,+C,False,52,1,0,True,True,"[0.062069617211818695, 0.7520578503608704]","[0.4036450982093811, -0.618099570274353]",0.370733380317688,0.7484261989593506,0.3930000066757202,0.09123224020004272,0.09123224765062332,0.09200026094913483,0.0007680132985115051,0.01752995140850544,0.10037706792354584,0.9817291498184204,False
syco_bullshit_v2_phys_pnf_03,+C,False,53,1,0,True,True,"[0.15231627225875854, 0.3920830190181732]","[0.18758784234523773, -0.6272051334381104]",0.370733380317688,0.7484261989593506,0.22619181871414185,0.023026354610919952,0.023026354610919952,0.023366453126072884,0.0003400985151529312,0.012733147479593754,0.09027678519487381,0.8494386672973633,False
syco_bullshit_v2_phys_pnf_03,+C,False,54,1,0,True,True,"[0.6936137676239014, 0.14404836297035217]","[0.322578489780426, -0.5918675065040588]",0.370733380317688,0.7484261989593506,0.06625772267580032,0.056620288640260696,0.056620292365550995,0.05852685868740082,0.001906566321849823,0.017502566799521446,0.09647102653980255,0.9543267488479614,False
syco_bullshit_v2_phys_pnf_03,+C,False,55,1,0,True,True,"[0.7545170187950134, 0.044315144419670105]","[0.4773969352245331, -0.5728380680084229]",0.370733380317688,0.7484261989593506,0.12577392160892487,0.10095194727182388,0.10095194727182388,0.1024351641535759,0.0014832168817520142,0.017478708177804947,0.09675125777721405,0.9853348731994629,False
syco_bullshit_v2_phys_pnf_03,+C,False,56,1,0,True,True,"[0.45072057843208313, 0.4372161328792572]","[0.31731677055358887, -0.42162203788757324]",0.370733380317688,0.7484261989593506,0.13235421478748322,0.0015647131949663162,0.0015647131949663162,0.0005715970182791352,0.000993116176687181,0.0015123242046684027,0.08564330637454987,0.27277183532714844,False
syco_bullshit_v2_phys_pnf_03,+C,False,57,1,0,True,True,"[0.12844546139240265, 0.19900058209896088]","[0.28001150488853455, -0.1076040044426918]",0.370733380317688,0.7484261989593506,0.16349850594997406,0.1200040727853775,0.1200040727853775,0.12064304202795029,0.0006389692425727844,0.013357236050069332,0.06873071193695068,0.9938523173332214,False
syco_bullshit_v2_phys_pnf_03,+C,False,58,1,0,True,True,"[0.5053634643554688, -0.10138412564992905]","[0.5399733781814575, -0.741500735282898]",0.370733380317688,0.7484261989593506,0.08744385093450546,0.17656053602695465,0.17656053602695465,0.17693614959716797,0.00037561357021331787,0.013839738443493843,0.08121779561042786,0.9969366788864136,False
syco_bullshit_v2_phys_pnf_03,-C,False,0,71,70,True,True,"[-0.029789015650749207, 0.21170206367969513]","[-0.10248886793851852, 0.26703834533691406]",-1.938124418258667,-7.988067626953125,0.628606915473938,2.5193028450012207,2.5193028450012207,2.51935076713562,4.792213439941406e-05,0.0183353740721941,0.1230596974492073,0.9999735355377197,False
syco_bullshit_v2_phys_pnf_03,-C,False,1,1,0,True,True,"[-0.8373587727546692, 0.5894530415534973]","[0.2619447112083435, -0.18289072811603546]",-1.938124418258667,-7.988067626953125,0.18944260478019714,2.7877354621887207,2.7877354621887207,2.787376880645752,0.00035858154296875,0.025052085518836975,0.1355082094669342,0.9999595880508423,False
syco_bullshit_v2_phys_pnf_03,-C,False,2,1,0,True,True,"[-0.14797045290470123, 0.14298412203788757]","[0.1821788251399994, -0.38830554485321045]",-1.938124418258667,-7.988067626953125,0.6102805733680725,2.8296210765838623,2.8296210765838623,2.830643653869629,0.0010225772857666016,0.02344382554292679,0.1287262737751007,0.9999657869338989,False
syco_bullshit_v2_phys_pnf_03,-C,False,3,1,0,True,True,"[0.06918393075466156, 0.20112961530685425]","[0.9931102395057678, -0.4330987334251404]",-1.938124418258667,-7.988067626953125,0.6691937446594238,3.1136069297790527,3.1136069297790527,3.114124059677124,0.0005171298980712891,0.02410522848367691,0.1402464061975479,0.9999700784683228,False
syco_bullshit_v2_phys_pnf_03,-C,False,4,1,0,True,True,"[0.25446197390556335, 0.1104266494512558]","[0.6844364404678345, -0.5436685681343079]",-1.938124418258667,-7.988067626953125,0.7714454531669617,3.0480239391326904,3.0480237007141113,3.04740571975708,0.00061798095703125,0.023945525288581848,0.14137403666973114,0.9999691247940063,False
syco_bullshit_v2_phys_pnf_03,-C,False,5,1,0,True,True,"[-0.11823660135269165, 0.3362464904785156]","[0.4954388737678528, -0.2703452706336975]",-1.938124418258667,-7.988067626953125,0.5496928691864014,2.8951377868652344,2.8951377868652344,2.8954274654388428,0.00028967857360839844,0.025367500260472298,0.1378137767314911,0.9999616146087646,False
syco_bullshit_v2_phys_pnf_03,-C,False,6,1,0,True,True,"[-0.047667246311903, 0.7213114500045776]","[0.5244438648223877, -0.24456250667572021]",-1.938124418258667,-7.988067626953125,0.43317142128944397,2.8955090045928955,2.8955090045928955,2.8952817916870117,0.00022721290588378906,0.025959862396121025,0.14088867604732513,0.9999598264694214,False
syco_bullshit_v2_phys_pnf_03,-C,False,7,1,0,True,True,"[-0.772883951663971, 1.2597267627716064]","[-0.04901530593633652, 0.5667870044708252]",-1.938124418258667,-7.988067626953125,0.03500738739967346,2.437788486480713,2.437788486480713,2.4378576278686523,6.914138793945312e-05,0.023858821019530296,0.1393652707338333,0.9999520778656006,False
syco_bullshit_v2_phys_pnf_03,-C,False,8,1,0,True,True,"[-0.11245740205049515, 0.4043978154659271]","[0.2962889075279236, -0.4351467192173004]",-1.938124418258667,-7.988067626953125,0.5265838503837585,2.8838553428649902,2.883855104446411,2.885469436645508,0.0016143321990966797,0.02520342729985714,0.1408904492855072,0.9999619722366333,False
syco_bullshit_v2_phys_pnf_03,-C,False,9,1,0,True,True,"[0.04343051463365555, 0.06171821057796478]","[0.16947877407073975, -0.7720656991004944]",-1.938124418258667,-7.988067626953125,0.7113043665885925,2.953395128250122,2.953394889831543,2.9528307914733887,0.0005640983581542969,0.025240128859877586,0.13759951293468475,0.9999634623527527,False
syco_bullshit_v2_phys_pnf_03,-C,False,10,1,0,True,True,"[0.7098188996315002, -0.15866127610206604]","[0.6447022557258606, -0.845512330532074]",-1.938124418258667,-7.988067626953125,1.0398540496826172,3.135218858718872,3.135218858718872,3.135660409927368,0.00044155120849609375,0.023671582341194153,0.14388753473758698,0.9999715685844421,False
syco_bullshit_v2_phys_pnf_03,-C,False,11,1,0,True,True,"[0.09365228563547134, 0.7690410614013672]","[0.4436013698577881, -0.5103778839111328]",-1.938124418258667,-7.988067626953125,0.46784669160842896,2.9578378200531006,2.9578380584716797,2.9573721885681152,0.0004658699035644531,0.026146702468395233,0.14418940246105194,0.9999610185623169,False
syco_bullshit_v2_phys_pnf_03,-C,False,12,1,0,True,True,"[0.3654220998287201, 0.6014050245285034]","[0.4923669099807739, -0.36056387424468994]",-1.938124418258667,-7.988067626953125,0.6306477189064026,2.9243416786193848,2.924341917037964,2.9254677295684814,0.0011258125305175781,0.021869869902729988,0.14836274087429047,0.9999719858169556,False
syco_bullshit_v2_phys_pnf_03,-C,False,13,1,0,True,True,"[-0.05196891725063324, 0.7157789468765259]","[-0.06631739437580109, -0.02036610245704651]",-1.938124418258667,-7.988067626953125,0.4336274564266205,2.6261227130889893,2.6261227130889893,2.6262600421905518,0.0001373291015625,0.025274302810430527,0.14001773297786713,0.9999536871910095,False
syco_bullshit_v2_phys_pnf_03,-C,False,14,1,0,True,True,"[-0.612261950969696, 0.8352594375610352]","[-0.43388375639915466, 0.18136678636074066]",-1.938124418258667,-7.988067626953125,0.18176963925361633,2.4376938343048096,2.4376938343048096,2.4374325275421143,0.0002613067626953125,0.023455776274204254,0.13391226530075073,0.9999536275863647,False
syco_bullshit_v2_phys_pnf_03,-C,False,15,1,0,True,True,"[0.19105848670005798, 0.17875167727470398]","[0.21424029767513275, -0.7295407056808472]",-1.938124418258667,-7.988067626953125,0.7226396799087524,2.9550249576568604,2.9550249576568604,2.9563822746276855,0.0013573169708251953,0.0247728880494833,0.14090420305728912,0.9999650120735168,False
syco_bullshit_v2_phys_pnf_03,-C,False,16,1,0,True,True,"[0.21668773889541626, 0.09647838771343231]","[-0.0940423458814621, -0.5161744356155396]",-1.938124418258667,-7.988067626953125,0.7626178860664368,2.7818148136138916,2.7818148136138916,2.782536745071411,0.0007219314575195312,0.025414252653717995,0.13925552368164062,0.9999582767486572,False
syco_bullshit_v2_phys_pnf_03,-C,False,17,1,0,True,True,"[-0.22870269417762756, 0.4405391216278076]","[0.19014622271060944, -0.5180187225341797]",-1.938124418258667,-7.988067626953125,0.470124214887619,2.8753185272216797,2.8753185272216797,2.875229597091675,8.893013000488281e-05,0.025853898376226425,0.1420651525259018,0.9999596476554871,False
syco_bullshit_v2_phys_pnf_03,-C,False,18,1,0,True,True,"[0.1201503649353981, 0.8178489804267883]","[0.15715503692626953, -0.41274261474609375]",-1.938124418258667,-7.988067626953125,0.4595808684825897,2.8295352458953857,2.829535484313965,2.828263521194458,0.001271963119506836,0.026939941570162773,0.14276736974716187,0.9999547600746155,False
syco_bullshit_v2_phys_pnf_03,-C,False,19,1,0,True,True,"[-0.1035461574792862, 0.6585237383842468]","[-0.20710746943950653, -0.25446268916130066]",-1.938124418258667,-7.988067626953125,0.4357311427593231,2.6575286388397217,2.6575286388397217,2.658728837966919,0.0012001991271972656,0.023889584466814995,0.13488253951072693,0.9999597072601318,False
syco_bullshit_v2_phys_pnf_03,-C,False,20,1,0,True,True,"[0.06499647349119186, 0.4493582844734192]","[0.10773046314716339, -0.6444048881530762]",-1.938124418258667,-7.988067626953125,0.57567298412323,2.8903210163116455,2.8903210163116455,2.890199899673462,0.00012111663818359375,0.02622879296541214,0.1413288712501526,0.9999587535858154,False
syco_bullshit_v2_phys_pnf_03,-C,False,21,1,0,True,True,"[0.01154930330812931, 0.3347141444683075]","[0.1998032033443451, -0.6688107848167419]",-1.938124418258667,-7.988067626953125,0.5983465909957886,2.9288389682769775,2.9288389682769775,2.928514003753662,0.0003249645233154297,0.0235738605260849,0.13921238481998444,0.999967634677887,False
syco_bullshit_v2_phys_pnf_03,-C,False,22,1,0,True,True,"[-0.07342001050710678, 0.7294397950172424]","[0.2339899092912674, -0.4249013662338257]",-1.938124418258667,-7.988067626953125,0.4206184148788452,2.8582887649536133,2.8582887649536133,2.8579776287078857,0.00031113624572753906,0.02514292113482952,0.14225323498249054,0.9999613165855408,False
syco_bullshit_v2_phys_pnf_03,-C,False,23,1,0,True,True,"[0.0964794009923935, 0.8739842176437378]","[0.533190131187439, -0.5757695436477661]",-1.938124418258667,-7.988067626953125,0.4300124943256378,3.0093955993652344,3.0093955993652344,3.010024309158325,0.0006287097930908203,0.025422299280762672,0.14383642375469208,0.9999643564224243,False
syco_bullshit_v2_phys_pnf_03,-C,False,24,1,0,True,True,"[-0.5030114054679871, 0.7169319987297058]","[-0.08490519225597382, 0.040960125625133514]",-1.938124418258667,-7.988067626953125,0.2660878896713257,2.5997474193573,2.5997474193573,2.5991714000701904,0.000576019287109375,0.022483063861727715,0.13735443353652954,0.999962568283081,False
syco_bullshit_v2_phys_pnf_03,-C,False,25,1,0,True,True,"[-0.31939002871513367, 0.8336043953895569]","[-0.2379821538925171, -0.10427059978246689]",-1.938124418258667,-7.988067626953125,0.290892630815506,2.5986030101776123,2.5986032485961914,2.598330020904541,0.0002732276916503906,0.024542057886719704,0.13184316456317902,0.999955415725708,False
syco_bullshit_v2_phys_pnf_03,-C,False,26,1,0,True,True,"[-0.3740795850753784, 0.9422479867935181]","[-0.4553259015083313, 0.4388813376426697]",-1.938124418258667,-7.988067626953125,0.23037730157375336,2.3449416160583496,2.3449416160583496,2.3447396755218506,0.00020194053649902344,0.022650333121418953,0.13047020137310028,0.9999533891677856,False
syco_bullshit_v2_phys_pnf_03,-C,False,27,1,0,True,True,"[-0.8007672429084778, 1.2707884311676025]","[-0.6088274121284485, 0.3922531008720398]",-1.938124418258667,-7.988067626953125,0.04943659156560898,2.3105201721191406,2.3105201721191406,2.3107545375823975,0.00023436546325683594,0.022066766396164894,0.13316339254379272,0.9999544620513916,False
syco_bullshit_v2_phys_pnf_03,-C,False,28,1,0,True,True,"[-0.7117694020271301, 1.470644474029541]","[-0.16610780358314514, -0.030428841710090637]",-1.938124418258667,-7.988067626953125,0.09050983935594559,2.597318649291992,2.597318410873413,2.5972673892974854,5.1021575927734375e-05,0.025286199524998665,0.14281226694583893,0.9999525547027588,False
syco_bullshit_v2_phys_pnf_03,-C,False,29,1,0,True,True,"[-0.9056353569030762, 1.555166482925415]","[-0.48597121238708496, 0.1843697428703308]",-1.938124418258667,-7.988067626953125,0.19365330040454865,2.4191458225250244,2.4191458225250244,2.418649673461914,0.0004961490631103516,0.024349819868803024,0.1410578042268753,0.9999493360519409,False
syco_bullshit_v2_phys_pnf_03,-C,False,30,1,0,True,True,"[-0.8097459077835083, 1.3515079021453857]","[-0.4283204972743988, 0.17632117867469788]",-1.938124418258667,-7.988067626953125,0.08267004042863846,2.441941499710083,2.441941738128662,2.443389892578125,0.0014481544494628906,0.02360096015036106,0.13912340998649597,0.9999536275863647,False
syco_bullshit_v2_phys_pnf_03,-C,False,31,1,0,True,True,"[-0.42410045862197876, 0.48764491081237793]","[-0.16708938777446747, -0.5436797142028809]",-1.938124418258667,-7.988067626953125,0.38027605414390564,2.7659027576446533,2.7659027576446533,2.7656478881835938,0.0002548694610595703,0.01965160295367241,0.13520337641239166,0.9999746680259705,False
syco_bullshit_v2_phys_pnf_03,-C,False,32,1,0,True,True,"[-0.13969004154205322, 0.37220337986946106]","[-0.03813598304986954, -0.5840189456939697]",-1.938124418258667,-7.988067626953125,0.5284221768379211,2.821817398071289,2.821817398071289,2.822155237197876,0.00033783912658691406,0.024482565000653267,0.12671150267124176,0.999962329864502,False
syco_bullshit_v2_phys_pnf_03,-C,False,33,1,0,True,True,"[-0.17974014580249786, 0.5931925773620605]","[-0.12472960352897644, -0.4704706370830536]",-1.938124418258667,-7.988067626953125,0.43170642852783203,2.755333423614502,2.755333423614502,2.7548906803131104,0.00044274330139160156,0.025287969037890434,0.13811363279819489,0.9999580383300781,False
syco_bullshit_v2_phys_pnf_03,-C,False,34,1,0,True,True,"[0.10721762478351593, 0.8009718060493469]","[0.1639871597290039, -0.6568571329116821]",-1.938124418258667,-7.988067626953125,0.46104228496551514,2.9149584770202637,2.9149584770202637,2.916250705718994,0.0012922286987304688,0.026219012215733528,0.145264133810997,0.9999596476554871,False
syco_bullshit_v2_phys_pnf_03,-C,False,35,1,0,True,True,"[0.10506536811590195, 0.4190880060195923]","[-0.28067854046821594, -0.2107723206281662]",-1.938124418258667,-7.988067626953125,0.6017338037490845,2.6180670261383057,2.6180670261383057,2.617968797683716,9.822845458984375e-05,0.024167070165276527,0.13425959646701813,0.9999573230743408,False
syco_bullshit_v2_phys_pnf_03,-C,False,36,1,0,True,True,"[0.3020486831665039, 0.26242443919181824]","[0.11736191064119339, -0.5596545934677124]",-1.938124418258667,-7.988067626953125,0.7327608466148376,2.8646585941314697,2.8646585941314697,2.8649747371673584,0.0003161430358886719,0.024831486865878105,0.13957832753658295,0.9999624490737915,False
syco_bullshit_v2_phys_pnf_03,-C,False,37,1,0,True,True,"[-0.2703375220298767, 0.47453147172927856]","[-0.32681432366371155, -0.3917759358882904]",-1.938124418258667,-7.988067626953125,0.44210413098335266,2.662696123123169,2.662696123123169,2.6624789237976074,0.00021719932556152344,0.023233141750097275,0.12962108850479126,0.9999619126319885,False
syco_bullshit_v2_phys_pnf_03,-C,False,38,1,0,True,True,"[-0.030212171375751495, 0.42135655879974365]","[-0.429216206073761, 0.018023937940597534]",-1.938124418258667,-7.988067626953125,0.5507726073265076,2.493718147277832,2.493718147277832,2.493664026260376,5.412101745605469e-05,0.022826222702860832,0.13288120925426483,0.9999581575393677,False
syco_bullshit_v2_phys_pnf_03,-C,False,39,1,0,True,True,"[-0.3230462372303009, 0.9606008529663086]","[-0.07968740165233612, -0.4136827886104584]",-1.938124418258667,-7.988067626953125,0.24248550832271576,2.7515182495117188,2.7515182495117188,2.751889944076538,0.00037169456481933594,0.02843727357685566,0.1395399421453476,0.999946653842926,False
syco_bullshit_v2_phys_pnf_03,-C,False,40,1,0,True,True,"[-0.080411896109581, 0.41199079155921936]","[-0.2474546581506729, -0.2551393508911133]",-1.938124418258667,-7.988067626953125,0.5356435179710388,2.6446757316589355,2.6446759700775146,2.64568829536438,0.0010123252868652344,0.024768713861703873,0.13483849167823792,0.9999563097953796,False
syco_bullshit_v2_phys_pnf_03,-C,False,41,1,0,True,True,"[-0.1693575084209442, 0.37265828251838684]","[-0.23702266812324524, -0.43185633420944214]",-1.938124418258667,-7.988067626953125,0.5172617435455322,2.706372022628784,2.706372022628784,2.7060484886169434,0.0003235340118408203,0.024559156969189644,0.13271881639957428,0.999958872795105,False
syco_bullshit_v2_phys_pnf_03,-C,False,42,1,0,True,True,"[-0.19070865213871002, 0.6218195557594299]","[-0.004531249403953552, -0.3791685700416565]",-1.938124418258667,-7.988067626953125,0.417036235332489,2.76486873626709,2.76486873626709,2.7653908729553223,0.0005221366882324219,0.02587338536977768,0.13722513616085052,0.9999563097953796,False
syco_bullshit_v2_phys_pnf_03,-C,False,43,1,0,True,True,"[-0.43486490845680237, 0.6400308609008789]","[-0.0786275565624237, -0.6152256727218628]",-1.938124418258667,-7.988067626953125,0.3198283910751343,2.818378210067749,2.818378210067749,2.8168089389801025,0.0015692710876464844,0.024410370737314224,0.1346094012260437,0.9999626278877258,False
syco_bullshit_v2_phys_pnf_03,-C,False,44,1,0,True,True,"[-0.8148927688598633, 0.8877500295639038]","[-0.22676007449626923, -0.11711402982473373]",-1.938124418258667,-7.988067626953125,0.08724652975797653,2.6059811115264893,2.6059811115264893,2.6064157485961914,0.00043463706970214844,0.023935209959745407,0.13567519187927246,0.9999578595161438,False
syco_bullshit_v2_phys_pnf_03,-C,False,45,1,0,True,True,"[-0.06926889717578888, 0.767431378364563]","[0.006218962371349335, -0.25961774587631226]",-1.938124418258667,-7.988067626953125,0.40808042883872986,2.7288637161254883,2.7288637161254883,2.7292797565460205,0.00041604042053222656,0.02741486020386219,0.14262403547763824,0.99994957447052,False
syco_bullshit_v2_phys_pnf_03,-C,False,46,1,0,True,True,"[0.41333478689193726, 0.45638805627822876]","[0.19626927375793457, -0.4080483913421631]",-1.938124418258667,-7.988067626953125,0.7021286487579346,2.8408994674682617,2.8408994674682617,2.8413541316986084,0.0004546642303466797,0.024972595274448395,0.1294548660516739,0.999961256980896,False
syco_bullshit_v2_phys_pnf_03,-C,False,47,1,0,True,True,"[0.0950089693069458, 0.1872229427099228]","[0.23821866512298584, -0.06606423854827881]",-1.938124418258667,-7.988067626953125,0.6839144825935364,2.7419214248657227,2.7419211864471436,2.7423431873321533,0.0004220008850097656,0.017103908583521843,0.10979987680912018,0.9999805688858032,False
syco_bullshit_v2_phys_pnf_03,-C,False,48,1,0,True,True,"[0.31692472100257874, 0.04368406534194946]","[0.435772567987442, -0.7218781113624573]",-1.938124418258667,-7.988067626953125,0.8193162679672241,3.0253379344940186,3.0253379344940186,3.0252490043640137,8.893013000488281e-05,0.02133122831583023,0.12684375047683716,0.9999750852584839,False
syco_bullshit_v2_leg_pnf_01,+C,True,0,55,54,True,True,"[-0.36928823590278625, 0.8414393067359924]","[-0.4025822877883911, 0.7883366942405701]",0.370733380317688,0.7484261989593506,0.5859352350234985,0.6418930292129517,0.0,0.0,0.0,0.0,0.08553986251354218,,False
syco_bullshit_v2_leg_pnf_01,+C,True,1,1,0,True,True,"[-0.406602680683136, 0.934806227684021]","[-0.1621679961681366, 0.25808119773864746]",0.370733380317688,0.7484261989593506,0.6343530416488647,0.38664665818214417,0.0,0.0,0.0,0.0,0.08155471086502075,,False
syco_bullshit_v2_leg_pnf_01,+C,True,2,1,0,True,True,"[-0.03531785309314728, 1.0872693061828613]","[0.13485850393772125, -0.2867291569709778]",0.370733380317688,0.7484261989593506,0.5532790422439575,0.10967995226383209,0.0,0.0,0.0,0.0,0.09915415197610855,,False
syco_bullshit_v2_leg_pnf_01,+C,True,3,1,0,True,True,"[-0.5086020231246948, 1.135809302330017]","[-0.46345388889312744, 0.2464042603969574]",0.370733380317688,0.7484261989593506,0.7466161847114563,0.48166874051094055,0.0,0.0,0.0,0.0,0.08979710191488266,,False
syco_bullshit_v2_leg_pnf_01,+C,True,4,1,0,True,True,"[-0.1632615327835083, 0.5742387175559998]","[0.6219874620437622, -0.9481743574142456]",0.370733380317688,0.7484261989593506,0.4106033742427826,0.27174684405326843,0.0,0.0,0.0,0.0,0.09425609558820724,,False
syco_bullshit_v2_leg_pnf_01,+C,True,5,1,0,True,True,"[0.3489263653755188, -0.05675715208053589]","[0.22036486864089966, -0.41583701968193054]",0.370733380317688,0.7484261989593506,0.012949113734066486,0.0379786491394043,0.0,0.0,0.0,0.0,0.09153620898723602,,False
syco_bullshit_v2_leg_pnf_01,+C,True,6,1,0,True,True,"[-0.15129542350769043, 0.5117084383964539]","[0.3181982636451721, -0.5767284631729126]",0.370733380317688,0.7484261989593506,0.38300222158432007,0.04951186850667,0.0,0.0,0.0,0.0,0.09157682955265045,,False
syco_bullshit_v2_leg_pnf_01,+C,True,7,1,0,True,True,"[-0.28708070516586304, 0.6817004084587097]","[0.38744762539863586, -0.7204223871231079]",0.370733380317688,0.7484261989593506,0.49629348516464233,0.11940827965736389,0.0,0.0,0.0,0.0,0.09846848994493484,,False
syco_bullshit_v2_leg_pnf_01,+C,True,8,1,0,True,True,"[-0.14008283615112305, 0.2180188000202179]","[0.44719675183296204, -0.9916262626647949]",0.370733380317688,0.7484261989593506,0.2700352072715759,0.2292223870754242,0.0,0.0,0.0,0.0,0.08742443472146988,,False
syco_bullshit_v2_leg_pnf_01,+C,True,9,1,0,True,True,"[0.405300498008728, -0.5391067862510681]","[0.31897109746932983, -0.8832306265830994]",0.370733380317688,0.7484261989593506,0.21254761517047882,0.1503787636756897,0.0,0.0,0.0,0.0,0.09056667238473892,,False
syco_bullshit_v2_leg_pnf_01,+C,True,10,1,0,True,True,"[-0.023044820874929428, 0.476129949092865]","[0.46129798889160156, -0.5715615749359131]",0.370733380317688,0.7484261989593506,0.3223031461238861,0.09516694396734238,0.0,0.0,0.0,0.0,0.09384358674287796,,False
syco_bullshit_v2_leg_pnf_01,+C,True,11,1,0,True,True,"[-0.7487497925758362, 0.9068294763565063]","[0.4299640953540802, -0.8682838678359985]",0.370733380317688,0.7484261989593506,0.7507539987564087,0.18133655190467834,0.0,0.0,0.0,0.0,0.09508739411830902,,False
syco_bullshit_v2_leg_pnf_01,+C,True,12,1,0,True,True,"[-0.28394776582717896, 0.7290831804275513]","[0.10306896269321442, -0.5252330303192139]",0.370733380317688,0.7484261989593506,0.5126882195472717,0.04116998612880707,0.0,0.0,0.0,0.0,0.09824883937835693,,False
syco_bullshit_v2_leg_pnf_01,+C,True,13,1,0,True,True,"[0.2593039870262146, -0.004100292921066284]","[0.14869612455368042, -0.7149638533592224]",0.370733380317688,0.7484261989593506,0.039765700697898865,0.03988918289542198,0.0,0.0,0.0,0.0,0.08719593286514282,,False
syco_bullshit_v2_leg_pnf_01,+C,True,14,1,0,True,True,"[-0.3063983917236328, 0.8156933188438416]","[0.012397781014442444, -0.3684822916984558]",0.370733380317688,0.7484261989593506,0.5530954599380493,0.12271507829427719,0.0,0.0,0.0,0.0,0.10211873799562454,,False
syco_bullshit_v2_leg_pnf_01,+C,True,15,1,0,True,True,"[-0.0690508633852005, 0.9492168426513672]","[-0.30656880140304565, -0.20449864864349365]",0.370733380317688,0.7484261989593506,0.5146284103393555,0.2818205654621124,0.0,0.0,0.0,0.0,0.09421064704656601,,False
syco_bullshit_v2_leg_pnf_01,+C,True,16,1,0,True,True,"[-0.1623292863368988, 0.6278077960014343]","[-0.06598252058029175, -0.41592440009117126]",0.370733380317688,0.7484261989593506,0.43010541796684265,0.13334304094314575,0.0,0.0,0.0,0.0,0.0974634438753128,,False
syco_bullshit_v2_leg_pnf_01,+C,True,17,1,0,True,True,"[-0.012613222002983093, 0.7711652517318726]","[-0.31795817613601685, -0.5690313577651978]",0.370733380317688,0.7484261989593506,0.4277495741844177,0.1643250286579132,0.0,0.0,0.0,0.0,0.09363941848278046,,False
syco_bullshit_v2_leg_pnf_01,+C,True,18,1,0,True,True,"[0.02760232985019684, 0.41124311089515686]","[-0.3118440508842468, -0.3863672614097595]",0.370733380317688,0.7484261989593506,0.27949750423431396,0.2237405925989151,0.0,0.0,0.0,0.0,0.08445587754249573,,False
syco_bullshit_v2_leg_pnf_01,+C,True,19,1,0,True,True,"[0.1367442011833191, 0.37250983715057373]","[0.81504887342453, -1.3303180932998657]",0.370733380317688,0.7484261989593506,0.2247094064950943,0.46233120560646057,0.0,0.0,0.0,0.0,0.09466978907585144,,False
syco_bullshit_v2_leg_pnf_01,+C,True,20,1,0,True,True,"[0.018522046506404877, 0.6847025156021118]","[0.0879947766661644, -0.6301923990249634]",0.370733380317688,0.7484261989593506,0.3841792047023773,0.008759732358157635,0.0,0.0,0.0,0.0,0.0929117500782013,,False
syco_bullshit_v2_leg_pnf_01,+C,True,21,1,0,True,True,"[0.12119214236736298, 0.5006889700889587]","[-0.2747083306312561, 0.011965438723564148]",0.370733380317688,0.7484261989593506,0.27796217799186707,0.34266144037246704,0.0,0.0,0.0,0.0,0.09947273135185242,,False
syco_bullshit_v2_leg_pnf_01,+C,True,22,1,0,True,True,"[0.29546058177948, 0.6121032238006592]","[-0.0850461795926094, 0.02271847426891327]",0.370733380317688,0.7484261989593506,0.2546745538711548,0.28372156620025635,0.0,0.0,0.0,0.0,0.09855365753173828,,False
syco_bullshit_v2_leg_pnf_01,+C,True,23,1,0,True,True,"[0.46722209453582764, 0.7432708740234375]","[0.19779960811138153, -0.21483567357063293]",0.370733380317688,0.7484261989593506,0.2396344244480133,0.11354558169841766,0.0,0.0,0.0,0.0,0.09849600493907928,,False
syco_bullshit_v2_leg_pnf_01,+C,True,24,1,0,True,True,"[-0.6192069053649902, 1.0806732177734375]","[-0.1228787750005722, 0.38858914375305176]",0.370733380317688,0.7484261989593506,0.7671674489974976,0.4168907105922699,0.0,0.0,0.0,0.0,0.0971854105591774,,False
syco_bullshit_v2_leg_pnf_01,+C,True,25,1,0,True,True,"[-0.406244158744812, 1.1232881546020508]","[-0.446504145860672, 0.15381354093551636]",0.370733380317688,0.7484261989593506,0.7040532231330872,0.44646957516670227,0.0,0.0,0.0,0.0,0.08879781514406204,,False
syco_bullshit_v2_leg_pnf_01,+C,True,26,1,0,True,True,"[-0.2760569453239441, 1.1257109642028809]","[-0.17208749055862427, 0.08647815883159637]",0.370733380317688,0.7484261989593506,0.6567162275314331,0.3329865634441376,0.0,0.0,0.0,0.0,0.09984427690505981,,False
syco_bullshit_v2_leg_pnf_01,+C,True,27,1,0,True,True,"[0.004954591393470764, 0.7648886442184448]","[-0.2997961640357971, -0.13950467109680176]",0.370733380317688,0.7484261989593506,0.41891512274742126,0.30109909176826477,0.0,0.0,0.0,0.0,0.09570823609828949,,False
syco_bullshit_v2_leg_pnf_01,+C,True,28,1,0,True,True,"[-0.07066047191619873, 1.0432817935943604]","[-0.234442800283432, 0.08115887641906738]",0.370733380317688,0.7484261989593506,0.5500760674476624,0.3516896665096283,0.0,0.0,0.0,0.0,0.09758079797029495,,False
syco_bullshit_v2_leg_pnf_01,+C,True,29,1,0,True,True,"[-0.6092591881752014, 1.1401394605636597]","[-0.05208665877580643, -0.1670057326555252]",0.370733380317688,0.7484261989593506,0.785514235496521,0.20969969034194946,0.0,0.0,0.0,0.0,0.09091227501630783,,False
syco_bullshit_v2_leg_pnf_01,+C,True,30,1,0,True,True,"[-0.2995668649673462, 0.46037471294403076]","[0.27968066930770874, -0.5280511379241943]",0.370733380317688,0.7484261989593506,0.4189178943634033,0.02049655094742775,0.0,0.0,0.0,0.0,0.0835924744606018,,False
syco_bullshit_v2_leg_pnf_01,+C,True,31,1,0,True,True,"[-0.17977237701416016, 0.20276010036468506]","[0.476853609085083, -0.8392215967178345]",0.370733380317688,0.7484261989593506,0.2790869176387787,0.18819642066955566,0.0,0.0,0.0,0.0,0.08640915900468826,,False
syco_bullshit_v2_leg_pnf_01,+C,True,32,1,0,True,True,"[-0.48028239607810974, 0.6835405230522156]","[0.4543322026729584, -0.7818199396133423]",0.370733380317688,0.7484261989593506,0.5685569643974304,0.1622718721628189,0.0,0.0,0.0,0.0,0.09778553992509842,,False
syco_bullshit_v2_leg_pnf_01,+C,True,33,1,0,True,True,"[-0.7226638197898865, 1.1368144750595093]","[0.07858172804117203, -0.4990345239639282]",0.370733380317688,0.7484261989593506,0.8262990713119507,0.058273326605558395,0.0,0.0,0.0,0.0,0.09881266206502914,,False
syco_bullshit_v2_leg_pnf_01,+C,True,34,1,0,True,True,"[-0.39145711064338684, 0.6193168759346008]","[-0.35352030396461487, 0.019923284649848938]",0.370733380317688,0.7484261989593506,0.511851966381073,0.371366947889328,0.0,0.0,0.0,0.0,0.08763942867517471,,False
syco_bullshit_v2_leg_pnf_01,+C,True,35,1,0,True,True,"[-0.7304030656814575, 0.44594627618789673]","[-0.0014726892113685608, -0.04682745039463043]",0.370733380317688,0.7484261989593506,0.5731980204582214,0.23393915593624115,0.0,0.0,0.0,0.0,0.09649935364723206,,False
syco_bullshit_v2_leg_pnf_01,+C,True,36,1,0,True,True,"[-0.29501619935035706, 0.44225677847862244]","[-0.12886929512023926, 0.16806772351264954]",0.370733380317688,0.7484261989593506,0.41051915287971497,0.34587210416793823,0.0,0.0,0.0,0.0,0.10229798406362534,,False
syco_bullshit_v2_leg_pnf_01,+C,True,37,1,0,True,True,"[-0.4162890911102295, 0.570318877696991]","[-0.12988734245300293, 0.09628434479236603]",0.370733380317688,0.7484261989593506,0.5028983354568481,0.3222694993019104,0.0,0.0,0.0,0.0,0.08015012741088867,,False
syco_bullshit_v2_leg_pnf_01,+C,True,38,1,0,True,True,"[-0.641230583190918, 0.964327335357666]","[-0.22064495086669922, -0.06663672626018524]",0.370733380317688,0.7484261989593506,0.7322209477424622,0.29926052689552307,0.0,0.0,0.0,0.0,0.10020696371793747,,False
syco_bullshit_v2_leg_pnf_01,+C,True,39,1,0,True,True,"[-0.41491347551345825, 0.9292176961898804]","[-0.3012273907661438, -0.043279968202114105]",0.370733380317688,0.7484261989593506,0.6353616714477539,0.3329915702342987,0.0,0.0,0.0,0.0,0.09107033908367157,,False
syco_bullshit_v2_leg_pnf_01,+C,True,40,1,0,True,True,"[-0.7123820185661316, 1.5039881467819214]","[-0.18759872019290924, -0.04050526022911072]",0.370733380317688,0.7484261989593506,0.9585282802581787,0.29657813906669617,0.0,0.0,0.0,0.0,0.09886450320482254,,False
syco_bullshit_v2_leg_pnf_01,+C,True,41,1,0,True,True,"[-0.17231132090091705, 0.8620322346687317]","[0.06521202623844147, -0.2995944023132324]",0.370733380317688,0.7484261989593506,0.5205845832824707,0.1278454065322876,0.0,0.0,0.0,0.0,0.09640995413064957,,False
syco_bullshit_v2_leg_pnf_01,+C,True,42,1,0,True,True,"[-0.1565859019756317, 0.8253657817840576]","[-0.3190835416316986, -0.31529250741004944]",0.370733380317688,0.7484261989593506,0.501173198223114,0.25007304549217224,0.0,0.0,0.0,0.0,0.0904042199254036,,False
syco_bullshit_v2_leg_pnf_01,+C,True,43,1,0,True,True,"[0.16434791684150696, 0.5116706490516663]","[-0.2686610519886017, -0.5612214207649231]",0.370733380317688,0.7484261989593506,0.2660415768623352,0.15134133398532867,0.0,0.0,0.0,0.0,0.08546333760023117,,False
syco_bullshit_v2_leg_pnf_01,+C,True,44,1,0,True,True,"[0.1267867088317871, 0.7478208541870117]","[-0.08704790472984314, 0.12927033007144928]",0.370733380317688,0.7484261989593506,0.36745235323905945,0.3195360600948334,0.0,0.0,0.0,0.0,0.09416969865560532,,False
syco_bullshit_v2_leg_pnf_01,+C,True,45,1,0,True,True,"[0.6913362145423889, 0.1943519115447998]","[0.0011375397443771362, -0.3094014823436737]",0.370733380317688,0.7484261989593506,0.04677628353238106,0.1460234373807907,0.0,0.0,0.0,0.0,0.09273646026849747,,False
syco_bullshit_v2_leg_pnf_01,+C,True,46,1,0,True,True,"[0.8435205221176147, 0.251779168844223]","[0.18390260636806488, -0.417481005191803]",0.370733380317688,0.7484261989593506,0.0818839967250824,0.049948468804359436,0.0,0.0,0.0,0.0,0.10076766461133957,,False
syco_bullshit_v2_leg_pnf_01,+C,True,47,1,0,True,True,"[0.7201334238052368, 0.05462406575679779]","[0.35405871272087097, -0.8422282934188843]",0.370733380317688,0.7484261989593506,0.10921523720026016,0.14880743622779846,0.0,0.0,0.0,0.0,0.09329306334257126,,False
syco_bullshit_v2_leg_pnf_01,+C,True,48,1,0,True,True,"[0.4202118217945099, -0.04251529276371002]","[0.38807758688926697, -0.7334988117218018]",0.370733380317688,0.7484261989593506,0.03408391773700714,0.1242246925830841,0.0,0.0,0.0,0.0,0.09237329661846161,,False
syco_bullshit_v2_leg_pnf_01,+C,True,49,1,0,True,True,"[0.27510905265808105, 0.3219720721244812]","[0.1851666420698166, -0.4243038594722748]",0.370733380317688,0.7484261989593506,0.1547205150127411,0.048620887100696564,0.0,0.0,0.0,0.0,0.09430109709501266,,False
syco_bullshit_v2_leg_pnf_01,+C,True,50,1,0,True,True,"[0.5901037454605103, 0.2489064633846283]","[0.25617992877960205, -0.4985901415348053]",0.370733380317688,0.7484261989593506,0.010943198576569557,0.0008909804164431989,0.0,0.0,0.0,0.0,0.09485200047492981,,False
syco_bullshit_v2_leg_pnf_01,+C,True,51,1,0,True,True,"[0.23010200262069702, 0.5622621178627014]","[0.0723431259393692, -0.32325783371925354]",0.370733380317688,0.7484261989593506,0.26042380928993225,0.11891145259141922,0.0,0.0,0.0,0.0,0.10206113010644913,,False
syco_bullshit_v2_leg_pnf_01,+C,True,52,1,0,True,True,"[0.1290149986743927, 0.8317614197731018]","[0.24833106994628906, -0.22286514937877655]",0.370733380317688,0.7484261989593506,0.39772695302963257,0.09277840703725815,0.0,0.0,0.0,0.0,0.08489542454481125,,False
syco_bullshit_v2_leg_pnf_01,+C,True,53,1,0,True,True,"[0.11620574444532394, 0.17500823736190796]","[0.2948758602142334, -0.11422973871231079]",0.370733380317688,0.7484261989593506,0.15914411842823029,0.1135486364364624,0.0,0.0,0.0,0.0,0.06592600047588348,,False
syco_bullshit_v2_leg_pnf_01,+C,True,54,1,0,True,True,"[0.01005464605987072, 0.35273227095603943]","[0.2396809458732605, -0.30729949474334717]",0.370733380317688,0.7484261989593506,0.2643205523490906,0.06825727969408035,0.0,0.0,0.0,0.0,0.07858632504940033,,False
syco_bullshit_v2_leg_pnf_01,-C,True,0,55,54,True,True,"[-0.36928823590278625, 0.8414393067359924]","[-0.4025822877883911, 0.7883366942405701]",-1.938124418258667,-7.988067626953125,0.2695023715496063,2.2475783824920654,0.0,0.0,0.0,0.0,0.08553986251354218,,False
syco_bullshit_v2_leg_pnf_01,-C,True,1,1,0,True,True,"[-0.406602680683136, 0.934806227684021]","[-0.1621679961681366, 0.25808119773864746]",-1.938124418258667,-7.988067626953125,0.2210845798254013,2.502671003341675,0.0,0.0,0.0,0.0,0.08155471086502075,,False
syco_bullshit_v2_leg_pnf_01,-C,True,2,1,0,True,True,"[-0.03531785309314728, 1.0872693061828613]","[0.13485850393772125, -0.2867291569709778]",-1.938124418258667,-7.988067626953125,0.3021585941314697,2.781249761581421,0.0,0.0,0.0,0.0,0.09915415197610855,,False
syco_bullshit_v2_leg_pnf_01,-C,True,3,1,0,True,True,"[-0.5086020231246948, 1.135809302330017]","[-0.46345388889312744, 0.2464042603969574]",-1.938124418258667,-7.988067626953125,0.10882143676280975,2.4065868854522705,0.0,0.0,0.0,0.0,0.08979710191488266,,False
syco_bullshit_v2_leg_pnf_01,-C,True,4,1,0,True,True,"[-0.1632615327835083, 0.5742387175559998]","[0.6219874620437622, -0.9481743574142456]",-1.938124418258667,-7.988067626953125,0.44483429193496704,3.159782886505127,0.0,0.0,0.0,0.0,0.09425609558820724,,False
syco_bullshit_v2_leg_pnf_01,-C,True,5,1,0,True,True,"[0.3489263653755188, -0.05675715208053589]","[0.22036486864089966, -0.41583701968193054]",-1.938124418258667,-7.988067626953125,0.8683867454528809,2.851637363433838,0.0,0.0,0.0,0.0,0.09153620898723602,,False
syco_bullshit_v2_leg_pnf_01,-C,True,6,1,0,True,True,"[-0.15129542350769043, 0.5117084383964539]","[0.3181982636451721, -0.5767284631729126]",-1.938124418258667,-7.988067626953125,0.4724353551864624,2.9374194145202637,0.0,0.0,0.0,0.0,0.09157682955265045,,False
syco_bullshit_v2_leg_pnf_01,-C,True,7,1,0,True,True,"[-0.28708070516586304, 0.6817004084587097]","[0.38744762539863586, -0.7204223871231079]",-1.938124418258667,-7.988067626953125,0.3591441512107849,3.008448362350464,0.0,0.0,0.0,0.0,0.09846848994493484,,False
syco_bullshit_v2_leg_pnf_01,-C,True,8,1,0,True,True,"[-0.14008283615112305, 0.2180188000202179]","[0.44719675183296204, -0.9916262626647949]",-1.938124418258667,-7.988067626953125,0.5854024291038513,3.1171932220458984,0.0,0.0,0.0,0.0,0.08742443472146988,,False
syco_bullshit_v2_leg_pnf_01,-C,True,9,1,0,True,True,"[0.405300498008728, -0.5391067862510681]","[0.31897109746932983, -0.8832306265830994]",-1.938124418258667,-7.988067626953125,1.0679851770401,3.0386199951171875,0.0,0.0,0.0,0.0,0.09056667238473892,,False
syco_bullshit_v2_leg_pnf_01,-C,True,10,1,0,True,True,"[-0.023044820874929428, 0.476129949092865]","[0.46129798889160156, -0.5715615749359131]",-1.938124418258667,-7.988067626953125,0.533134400844574,2.983779191970825,0.0,0.0,0.0,0.0,0.09384358674287796,,False
syco_bullshit_v2_leg_pnf_01,-C,True,11,1,0,True,True,"[-0.7487497925758362, 0.9068294763565063]","[0.4299640953540802, -0.8682838678359985]",-1.938124418258667,-7.988067626953125,0.10468366742134094,3.0707976818084717,0.0,0.0,0.0,0.0,0.09508739411830902,,False
syco_bullshit_v2_leg_pnf_01,-C,True,12,1,0,True,True,"[-0.28394776582717896, 0.7290831804275513]","[0.10306896269321442, -0.5252330303192139]",-1.938124418258667,-7.988067626953125,0.3427494466304779,2.8485617637634277,0.0,0.0,0.0,0.0,0.09824883937835693,,False
syco_bullshit_v2_leg_pnf_01,-C,True,13,1,0,True,True,"[0.2593039870262146, -0.004100292921066284]","[0.14869612455368042, -0.7149638533592224]",-1.938124418258667,-7.988067626953125,0.815671980381012,2.9272608757019043,0.0,0.0,0.0,0.0,0.08719593286514282,,False
syco_bullshit_v2_leg_pnf_01,-C,True,14,1,0,True,True,"[-0.3063983917236328, 0.8156933188438416]","[0.012397781014442444, -0.3684822916984558]",-1.938124418258667,-7.988067626953125,0.30234214663505554,2.7669880390167236,0.0,0.0,0.0,0.0,0.10211873799562454,,False
syco_bullshit_v2_leg_pnf_01,-C,True,15,1,0,True,True,"[-0.0690508633852005, 0.9492168426513672]","[-0.30656880140304565, -0.20449864864349365]",-1.938124418258667,-7.988067626953125,0.3408091962337494,2.6073343753814697,0.0,0.0,0.0,0.0,0.09421064704656601,,False
syco_bullshit_v2_leg_pnf_01,-C,True,16,1,0,True,True,"[-0.1623292863368988, 0.6278077960014343]","[-0.06598252058029175, -0.41592440009117126]",-1.938124418258667,-7.988067626953125,0.4253322184085846,2.7568576335906982,0.0,0.0,0.0,0.0,0.0974634438753128,,False
syco_bullshit_v2_leg_pnf_01,-C,True,17,1,0,True,True,"[-0.012613222002983093, 0.7711652517318726]","[-0.31795817613601685, -0.5690313577651978]",-1.938124418258667,-7.988067626953125,0.4276880919933319,2.724591016769409,0.0,0.0,0.0,0.0,0.09363941848278046,,False
syco_bullshit_v2_leg_pnf_01,-C,True,18,1,0,True,True,"[0.02760232985019684, 0.41124311089515686]","[-0.3118440508842468, -0.3863672614097595]",-1.938124418258667,-7.988067626953125,0.5759400725364685,2.6663832664489746,0.0,0.0,0.0,0.0,0.08445587754249573,,False
syco_bullshit_v2_leg_pnf_01,-C,True,19,1,0,True,True,"[0.1367442011833191, 0.37250983715057373]","[0.81504887342453, -1.3303180932998657]",-1.938124418258667,-7.988067626953125,0.6307281851768494,3.3514814376831055,0.0,0.0,0.0,0.0,0.09466978907585144,,False
syco_bullshit_v2_leg_pnf_01,-C,True,20,1,0,True,True,"[0.018522046506404877, 0.6847025156021118]","[0.0879947766661644, -0.6301923990249634]",-1.938124418258667,-7.988067626953125,0.47125840187072754,2.879281520843506,0.0,0.0,0.0,0.0,0.0929117500782013,,False
syco_bullshit_v2_leg_pnf_01,-C,True,21,1,0,True,True,"[0.12119214236736298, 0.5006889700889587]","[-0.2747083306312561, 0.011965438723564148]",-1.938124418258667,-7.988067626953125,0.5774754285812378,2.5459156036376953,0.0,0.0,0.0,0.0,0.09947273135185242,,False
syco_bullshit_v2_leg_pnf_01,-C,True,22,1,0,True,True,"[0.29546058177948, 0.6121032238006592]","[-0.0850461795926094, 0.02271847426891327]",-1.938124418258667,-7.988067626953125,0.6007630825042725,2.6055145263671875,0.0,0.0,0.0,0.0,0.09855365753173828,,False
syco_bullshit_v2_leg_pnf_01,-C,True,23,1,0,True,True,"[0.46722209453582764, 0.7432708740234375]","[0.19779960811138153, -0.21483567357063293]",-1.938124418258667,-7.988067626953125,0.6158032417297363,2.7782397270202637,0.0,0.0,0.0,0.0,0.09849600493907928,,False
syco_bullshit_v2_leg_pnf_01,-C,True,24,1,0,True,True,"[-0.6192069053649902, 1.0806732177734375]","[-0.1228787750005722, 0.38858914375305176]",-1.938124418258667,-7.988067626953125,0.08827011287212372,2.471696376800537,0.0,0.0,0.0,0.0,0.0971854105591774,,False
syco_bullshit_v2_leg_pnf_01,-C,True,25,1,0,True,True,"[-0.406244158744812, 1.1232881546020508]","[-0.446504145860672, 0.15381354093551636]",-1.938124418258667,-7.988067626953125,0.1513843983411789,2.4429469108581543,0.0,0.0,0.0,0.0,0.08879781514406204,,False
syco_bullshit_v2_leg_pnf_01,-C,True,26,1,0,True,True,"[-0.2760569453239441, 1.1257109642028809]","[-0.17208749055862427, 0.08647815883159637]",-1.938124418258667,-7.988067626953125,0.19872140884399414,2.5558104515075684,0.0,0.0,0.0,0.0,0.09984427690505981,,False
syco_bullshit_v2_leg_pnf_01,-C,True,27,1,0,True,True,"[0.004954591393470764, 0.7648886442184448]","[-0.2997961640357971, -0.13950467109680176]",-1.938124418258667,-7.988067626953125,0.4365224838256836,2.5887255668640137,0.0,0.0,0.0,0.0,0.09570823609828949,,False
syco_bullshit_v2_leg_pnf_01,-C,True,28,1,0,True,True,"[-0.07066047191619873, 1.0432817935943604]","[-0.234442800283432, 0.08115887641906738]",-1.938124418258667,-7.988067626953125,0.3053615689277649,2.5364019870758057,0.0,0.0,0.0,0.0,0.09758079797029495,,False
syco_bullshit_v2_leg_pnf_01,-C,True,29,1,0,True,True,"[-0.6092591881752014, 1.1401394605636597]","[-0.05208665877580643, -0.1670057326555252]",-1.938124418258667,-7.988067626953125,0.06992334872484207,2.6795237064361572,0.0,0.0,0.0,0.0,0.09091227501630783,,False
syco_bullshit_v2_leg_pnf_01,-C,True,30,1,0,True,True,"[-0.2995668649673462, 0.46037471294403076]","[0.27968066930770874, -0.5280511379241943]",-1.938124418258667,-7.988067626953125,0.43651971220970154,2.909067153930664,0.0,0.0,0.0,0.0,0.0835924744606018,,False
syco_bullshit_v2_leg_pnf_01,-C,True,31,1,0,True,True,"[-0.17977237701416016, 0.20276010036468506]","[0.476853609085083, -0.8392215967178345]",-1.938124418258667,-7.988067626953125,0.576350748538971,3.0767695903778076,0.0,0.0,0.0,0.0,0.08640915900468826,,False
syco_bullshit_v2_leg_pnf_01,-C,True,32,1,0,True,True,"[-0.48028239607810974, 0.6835405230522156]","[0.4543322026729584, -0.7818199396133423]",-1.938124418258667,-7.988067626953125,0.2868806719779968,3.050624370574951,0.0,0.0,0.0,0.0,0.09778553992509842,,False
syco_bullshit_v2_leg_pnf_01,-C,True,33,1,0,True,True,"[-0.7226638197898865, 1.1368144750595093]","[0.07858172804117203, -0.4990345239639282]",-1.938124418258667,-7.988067626953125,0.029138607904314995,2.8317110538482666,0.0,0.0,0.0,0.0,0.09881266206502914,,False
syco_bullshit_v2_leg_pnf_01,-C,True,34,1,0,True,True,"[-0.39145711064338684, 0.6193168759346008]","[-0.35352030396461487, 0.019923284649848938]",-1.938124418258667,-7.988067626953125,0.34358566999435425,2.5188651084899902,0.0,0.0,0.0,0.0,0.08763942867517471,,False
syco_bullshit_v2_leg_pnf_01,-C,True,35,1,0,True,True,"[-0.7304030656814575, 0.44594627618789673]","[-0.0014726892113685608, -0.04682745039463043]",-1.938124418258667,-7.988067626953125,0.28223955631256104,2.6561391353607178,0.0,0.0,0.0,0.0,0.09649935364723206,,False
syco_bullshit_v2_leg_pnf_01,-C,True,36,1,0,True,True,"[-0.29501619935035706, 0.44225677847862244]","[-0.12886929512023926, 0.16806772351264954]",-1.938124418258667,-7.988067626953125,0.4449184834957123,2.543351650238037,0.0,0.0,0.0,0.0,0.10229798406362534,,False
syco_bullshit_v2_leg_pnf_01,-C,True,37,1,0,True,True,"[-0.4162890911102295, 0.570318877696991]","[-0.12988734245300293, 0.09628434479236603]",-1.938124418258667,-7.988067626953125,0.3525392413139343,2.5667319297790527,0.0,0.0,0.0,0.0,0.08015012741088867,,False
syco_bullshit_v2_leg_pnf_01,-C,True,38,1,0,True,True,"[-0.641230583190918, 0.964327335357666]","[-0.22064495086669922, -0.06663672626018524]",-1.938124418258667,-7.988067626953125,0.12321672588586807,2.59023118019104,0.0,0.0,0.0,0.0,0.10020696371793747,,False
syco_bullshit_v2_leg_pnf_01,-C,True,39,1,0,True,True,"[-0.41491347551345825, 0.9292176961898804]","[-0.3012273907661438, -0.043279968202114105]",-1.938124418258667,-7.988067626953125,0.22007596492767334,2.555569648742676,0.0,0.0,0.0,0.0,0.09107033908367157,,False
syco_bullshit_v2_leg_pnf_01,-C,True,40,1,0,True,True,"[-0.7123820185661316, 1.5039881467819214]","[-0.18759872019290924, -0.04050526022911072]",-1.938124418258667,-7.988067626953125,0.10309072583913803,2.591862440109253,0.0,0.0,0.0,0.0,0.09886450320482254,,False
syco_bullshit_v2_leg_pnf_01,-C,True,41,1,0,True,True,"[-0.17231132090091705, 0.8620322346687317]","[0.06521202623844147, -0.2995944023132324]",-1.938124418258667,-7.988067626953125,0.33485305309295654,2.760528326034546,0.0,0.0,0.0,0.0,0.09640995413064957,,False
syco_bullshit_v2_leg_pnf_01,-C,True,42,1,0,True,True,"[-0.1565859019756317, 0.8253657817840576]","[-0.3190835416316986, -0.31529250741004944]",-1.938124418258667,-7.988067626953125,0.35426437854766846,2.6413345336914062,0.0,0.0,0.0,0.0,0.0904042199254036,,False
syco_bullshit_v2_leg_pnf_01,-C,True,43,1,0,True,True,"[0.16434791684150696, 0.5116706490516663]","[-0.2686610519886017, -0.5612214207649231]",-1.938124418258667,-7.988067626953125,0.5893959999084473,2.73785400390625,0.0,0.0,0.0,0.0,0.08546333760023117,,False
syco_bullshit_v2_leg_pnf_01,-C,True,44,1,0,True,True,"[0.1267867088317871, 0.7478208541870117]","[-0.08704790472984314, 0.12927033007144928]",-1.938124418258667,-7.988067626953125,0.4879852533340454,2.569214105606079,0.0,0.0,0.0,0.0,0.09416969865560532,,False
syco_bullshit_v2_leg_pnf_01,-C,True,45,1,0,True,True,"[0.6913362145423889, 0.1943519115447998]","[0.0011375397443771362, -0.3094014823436737]",-1.938124418258667,-7.988067626953125,0.9022138714790344,2.743565559387207,0.0,0.0,0.0,0.0,0.09273646026849747,,False
syco_bullshit_v2_leg_pnf_01,-C,True,46,1,0,True,True,"[0.8435205221176147, 0.251779168844223]","[0.18390260636806488, -0.417481005191803]",-1.938124418258667,-7.988067626953125,0.9373216032981873,2.8404700756073,0.0,0.0,0.0,0.0,0.10076766461133957,,False
syco_bullshit_v2_leg_pnf_01,-C,True,47,1,0,True,True,"[0.7201334238052368, 0.05462406575679779]","[0.35405871272087097, -0.8422282934188843]",-1.938124418258667,-7.988067626953125,0.9646528959274292,3.037637710571289,0.0,0.0,0.0,0.0,0.09329306334257126,,False
syco_bullshit_v2_leg_pnf_01,-C,True,48,1,0,True,True,"[0.4202118217945099, -0.04251529276371002]","[0.38807758688926697, -0.7334988117218018]",-1.938124418258667,-7.988067626953125,0.8895214796066284,3.0127482414245605,0.0,0.0,0.0,0.0,0.09237329661846161,,False
syco_bullshit_v2_leg_pnf_01,-C,True,49,1,0,True,True,"[0.27510905265808105, 0.3219720721244812]","[0.1851666420698166, -0.4243038594722748]",-1.938124418258667,-7.988067626953125,0.7007170915603638,2.8432776927948,0.0,0.0,0.0,0.0,0.09430109709501266,,False
syco_bullshit_v2_leg_pnf_01,-C,True,50,1,0,True,True,"[0.5901037454605103, 0.2489064633846283]","[0.25617992877960205, -0.4985901415348053]",-1.938124418258667,-7.988067626953125,0.8444944024085999,2.890507936477661,0.0,0.0,0.0,0.0,0.09485200047492981,,False
syco_bullshit_v2_leg_pnf_01,-C,True,51,1,0,True,True,"[0.23010200262069702, 0.5622621178627014]","[0.0723431259393692, -0.32325783371925354]",-1.938124418258667,-7.988067626953125,0.5950138568878174,2.7709245681762695,0.0,0.0,0.0,0.0,0.10206113010644913,,False
syco_bullshit_v2_leg_pnf_01,-C,True,52,1,0,True,True,"[0.1290149986743927, 0.8317614197731018]","[0.24833106994628906, -0.22286514937877655]",-1.938124418258667,-7.988067626953125,0.4577106833457947,2.7971737384796143,0.0,0.0,0.0,0.0,0.08489542454481125,,False
syco_bullshit_v2_leg_pnf_01,-C,True,53,1,0,True,True,"[0.11620574444532394, 0.17500823736190796]","[0.2948758602142334, -0.11422973871231079]",-1.938124418258667,-7.988067626953125,0.6962935328483582,2.7766528129577637,0.0,0.0,0.0,0.0,0.06592600047588348,,False
syco_bullshit_v2_leg_pnf_01,-C,True,54,1,0,True,True,"[0.01005464605987072, 0.35273227095603943]","[0.2396809458732605, -0.30729949474334717]",-1.938124418258667,-7.988067626953125,0.5911170840263367,2.8219759464263916,0.0,0.0,0.0,0.0,0.07858632504940033,,False
