scenario,condition,call,sequence_length,position_in_forward,coordinates_before,coordinates_after,target_gap,target_gap_error,all_position_patch_norms,next_block_input_exact,absolute_position,input_token_id,predicted_token_id,counterfactual_source_norm,random_actual_norm,rounding_error_norm,rounding_error_bound,actual_span_coordinates,actual_direction_cosine
syco_bullshit_v2_leg_pnf_01,random_identity_minus,0,55,54,"[-1.0510940551757812, 0.2816615402698517]","[-1.0510940551757812, 0.2816615402698517]",-7.5542134046554565,6.2214579582214355,"[0.0, 0.0, 0.0, 0.0, 0.0, 0.0, 0.0, 0.0, 0.0, 0.0, 0.0, 0.0, 0.0, 0.0, 0.0, 0.0, 0.0, 0.0, 0.0, 0.0, 0.0, 0.0, 0.0, 0.0, 0.0, 0.0, 0.0, 0.0, 0.0, 0.0, 0.0, 0.0, 0.0, 0.0, 0.0, 0.0, 0.0, 0.0, 0.0, 0.0, 0.0, 0.0, 0.0, 0.0, 0.0, 0.0, 0.0, 0.0, 0.0, 0.0, 0.0, 0.0, 0.0, 0.0, 0.0]",True,54,271,760,,,,,,
syco_bullshit_v2_leg_pnf_01,random_identity_minus,1,1,0,"[-1.351455569267273, -0.4318118095397949]","[-1.351455569267273, -0.4318118095397949]",-7.5542134046554565,6.6345696449279785,[0.0],True,55,760,62966,,,,,,
syco_bullshit_v2_leg_pnf_01,random_identity_minus,2,1,0,"[-0.6737901568412781, -0.44049352407455444]","[-0.6737901568412781, -0.44049352407455444]",-7.5542134046554565,7.320917129516602,[0.0],True,56,62966,1220,,,,,,
syco_bullshit_v2_leg_pnf_01,random_identity_minus,3,1,0,"[-1.0608139038085938, -0.2812788486480713]","[-1.0608139038085938, -0.2812788486480713]",-7.5542134046554565,6.7746782302856445,[0.0],True,57,1220,40729,,,,,,
syco_bullshit_v2_leg_pnf_01,random_identity_minus,4,1,0,"[-0.733013927936554, -0.1674043983221054]","[-0.733013927936554, -0.1674043983221054]",-7.5542134046554565,6.9886040687561035,[0.0],True,58,40729,85945,,,,,,
syco_bullshit_v2_leg_pnf_01,random_identity_minus,5,1,0,"[-1.1214791536331177, -0.06489824503660202]","[-1.1214791536331177, -0.06489824503660202]",-7.5542134046554565,6.4976325035095215,[0.0],True,59,85945,477,,,,,,
syco_bullshit_v2_leg_pnf_01,random_identity_minus,6,1,0,"[-1.421255111694336, -0.1420598328113556]","[-1.421255111694336, -0.1420598328113556]",-7.5542134046554565,6.275018215179443,[0.0],True,60,477,28201,,,,,,
syco_bullshit_v2_leg_pnf_01,random_identity_minus,7,1,0,"[-1.419653058052063, -0.4289746880531311]","[-1.419653058052063, -0.4289746880531311]",-7.5542134046554565,6.563535213470459,[0.0],True,61,28201,539,,,,,,
syco_bullshit_v2_leg_pnf_01,random_identity_minus,8,1,0,"[-1.1295334100723267, -0.5345595479011536]","[-1.1295334100723267, -0.5345595479011536]",-7.5542134046554565,6.959239482879639,[0.0],True,62,539,3050,,,,,,
syco_bullshit_v2_leg_pnf_01,random_identity_minus,9,1,0,"[-1.0663096904754639, -0.2584916651248932]","[-1.0663096904754639, -0.2584916651248932]",-7.5542134046554565,6.746395587921143,[0.0],True,63,3050,6577,,,,,,
syco_bullshit_v2_leg_pnf_01,random_identity_minus,10,1,0,"[-0.8668653964996338, -0.3490222692489624]","[-0.8668653964996338, -0.3490222692489624]",-7.5542134046554565,7.036370277404785,[0.0],True,64,6577,9052,,,,,,
syco_bullshit_v2_leg_pnf_01,random_identity_minus,11,1,0,"[-1.3824355602264404, -0.6121443510055542]","[-1.3824355602264404, -0.6121443510055542]",-7.5542134046554565,6.78392219543457,[0.0],True,65,9052,523,,,,,,
syco_bullshit_v2_leg_pnf_01,random_identity_minus,12,1,0,"[-1.3590492010116577, -0.5213941335678101]","[-1.3590492010116577, -0.5213941335678101]",-7.5542134046554565,6.716558456420898,[0.0],True,66,523,321,,,,,,
syco_bullshit_v2_leg_pnf_01,random_identity_minus,13,1,0,"[-1.5912379026412964, -0.5344302654266357]","[-1.5912379026412964, -0.5344302654266357]",-7.5542134046554565,6.497406005859375,[0.0],True,67,321,27095,,,,,,
syco_bullshit_v2_leg_pnf_01,random_identity_minus,14,1,0,"[-1.2398875951766968, -0.4769195020198822]","[-1.2398875951766968, -0.4769195020198822]",-7.5542134046554565,6.791245460510254,[0.0],True,68,27095,310,,,,,,
syco_bullshit_v2_leg_pnf_01,random_identity_minus,15,1,0,"[-1.2812142372131348, -0.6874326467514038]","[-1.2812142372131348, -0.6874326467514038]",-7.5542134046554565,6.960432052612305,[0.0],True,69,310,28299,,,,,,
syco_bullshit_v2_leg_pnf_01,random_identity_minus,16,1,0,"[-1.423140287399292, -0.4720389246940613]","[-1.423140287399292, -0.4720389246940613]",-7.5542134046554565,6.60311222076416,[0.0],True,70,28299,8443,,,,,,
syco_bullshit_v2_leg_pnf_01,random_identity_minus,17,1,0,"[-1.7981436252593994, -0.46581554412841797]","[-1.7981436252593994, -0.46581554412841797]",-7.5542134046554565,6.221885681152344,[0.0],True,71,8443,279,,,,,,
syco_bullshit_v2_leg_pnf_01,random_identity_minus,18,1,0,"[-1.645918846130371, -0.29252007603645325]","[-1.645918846130371, -0.29252007603645325]",-7.5542134046554565,6.200814723968506,[0.0],True,72,279,2100,,,,,,
syco_bullshit_v2_leg_pnf_01,random_identity_minus,19,1,0,"[-1.6423473358154297, -0.31602224707603455]","[-1.6423473358154297, -0.31602224707603455]",-7.5542134046554565,6.227888584136963,[0.0],True,73,2100,579,,,,,,
syco_bullshit_v2_leg_pnf_01,random_identity_minus,20,1,0,"[-1.9535164833068848, -0.33328962326049805]","[-1.9535164833068848, -0.33328962326049805]",-7.5542134046554565,5.933986663818359,[0.0],True,74,579,3558,,,,,,
syco_bullshit_v2_leg_pnf_01,random_identity_minus,21,1,0,"[-1.7323739528656006, -0.14333055913448334]","[-1.7323739528656006, -0.14333055913448334]",-7.5542134046554565,5.965169906616211,[0.0],True,75,3558,19342,,,,,,
syco_bullshit_v2_leg_pnf_01,random_identity_minus,22,1,0,"[-1.2716221809387207, -0.16771496832370758]","[-1.2716221809387207, -0.16771496832370758]",-7.5542134046554565,6.450306415557861,[0.0],True,76,19342,14832,,,,,,
syco_bullshit_v2_leg_pnf_01,random_identity_minus,23,1,0,"[-1.29494047164917, -0.10177396237850189]","[-1.29494047164917, -0.10177396237850189]",-7.5542134046554565,6.36104679107666,[0.0],True,77,14832,13,,,,,,
syco_bullshit_v2_leg_pnf_01,random_identity_minus,24,1,0,"[-0.8421624302864075, -0.17148059606552124]","[-0.8421624302864075, -0.17148059606552124]",-7.5542134046554565,6.88353157043457,[0.0],True,78,13,1061,,,,,,
syco_bullshit_v2_leg_pnf_01,random_identity_minus,25,1,0,"[-1.3127633333206177, -0.5292785167694092]","[-1.3127633333206177, -0.5292785167694092]",-7.5542134046554565,6.770728588104248,[0.0],True,79,1061,15271,,,,,,
syco_bullshit_v2_leg_pnf_01,random_identity_minus,26,1,0,"[-1.1638495922088623, -0.10881336778402328]","[-1.1638495922088623, -0.10881336778402328]",-7.5542134046554565,6.4991774559021,[0.0],True,80,15271,1231,,,,,,
syco_bullshit_v2_leg_pnf_01,random_identity_minus,27,1,0,"[-1.8157137632369995, -0.5988866686820984]","[-1.8157137632369995, -0.5988866686820984]",-7.5542134046554565,6.337386131286621,[0.0],True,81,1231,5313,,,,,,
syco_bullshit_v2_leg_pnf_01,random_identity_minus,28,1,0,"[-1.3876094818115234, -0.6621693968772888]","[-1.3876094818115234, -0.6621693968772888]",-7.5542134046554565,6.828773498535156,[0.0],True,82,5313,24546,,,,,,
syco_bullshit_v2_leg_pnf_01,random_identity_minus,29,1,0,"[-1.1996508836746216, -0.4536895453929901]","[-1.1996508836746216, -0.4536895453929901]",-7.5542134046554565,6.808252334594727,[0.0],True,83,24546,279,,,,,,
syco_bullshit_v2_leg_pnf_01,random_identity_minus,30,1,0,"[-1.529854416847229, -0.3346762955188751]","[-1.529854416847229, -0.3346762955188751]",-7.5542134046554565,6.359035491943359,[0.0],True,84,279,7384,,,,,,
syco_bullshit_v2_leg_pnf_01,random_identity_minus,31,1,0,"[-1.4383890628814697, -0.4131297767162323]","[-1.4383890628814697, -0.4131297767162323]",-7.5542134046554565,6.52895450592041,[0.0],True,85,7384,3240,,,,,,
syco_bullshit_v2_leg_pnf_01,random_identity_minus,32,1,0,"[-1.440434217453003, -0.23246876895427704]","[-1.440434217453003, -0.23246876895427704]",-7.5542134046554565,6.346248149871826,[0.0],True,86,3240,23014,,,,,,
syco_bullshit_v2_leg_pnf_01,random_identity_minus,33,1,0,"[-1.4680744409561157, -0.12424856424331665]","[-1.4680744409561157, -0.12424856424331665]",-7.5542134046554565,6.210387706756592,[0.0],True,87,23014,321,,,,,,
syco_bullshit_v2_leg_pnf_01,random_identity_minus,34,1,0,"[-1.6942145824432373, -0.4956342875957489]","[-1.6942145824432373, -0.4956342875957489]",-7.5542134046554565,6.35563325881958,[0.0],True,88,321,3707,,,,,,
syco_bullshit_v2_leg_pnf_01,random_identity_minus,35,1,0,"[-1.610109806060791, -0.43277406692504883]","[-1.610109806060791, -0.43277406692504883]",-7.5542134046554565,6.376877784729004,[0.0],True,89,3707,633,,,,,,
syco_bullshit_v2_leg_pnf_01,random_identity_minus,36,1,0,"[-1.5739957094192505, -0.13063448667526245]","[-1.5739957094192505, -0.13063448667526245]",-7.5542134046554565,6.110852241516113,[0.0],True,90,633,3222,,,,,,
syco_bullshit_v2_leg_pnf_01,random_identity_minus,37,1,0,"[-1.2235723733901978, -0.3058358430862427]","[-1.2235723733901978, -0.3058358430862427]",-7.5542134046554565,6.636476993560791,[0.0],True,91,3222,23358,,,,,,
syco_bullshit_v2_leg_pnf_01,random_identity_minus,38,1,0,"[-0.9566804766654968, -0.18534354865550995]","[-0.9566804766654968, -0.18534354865550995]",-7.5542134046554565,6.782876491546631,[0.0],True,92,23358,513,,,,,,
syco_bullshit_v2_leg_pnf_01,random_identity_minus,39,1,0,"[-1.2739362716674805, -0.5259966850280762]","[-1.2739362716674805, -0.5259966850280762]",-7.5542134046554565,6.806273937225342,[0.0],True,93,513,82054,,,,,,
syco_bullshit_v2_leg_pnf_01,random_identity_minus,40,1,0,"[-1.4721988439559937, -0.39577555656433105]","[-1.4721988439559937, -0.39577555656433105]",-7.5542134046554565,6.477790355682373,[0.0],True,94,82054,22898,,,,,,
syco_bullshit_v2_leg_pnf_01,random_identity_minus,41,1,0,"[-1.552972674369812, -0.3410479724407196]","[-1.552972674369812, -0.3410479724407196]",-7.5542134046554565,6.342288970947266,[0.0],True,95,22898,310,,,,,,
syco_bullshit_v2_leg_pnf_01,random_identity_minus,42,1,0,"[-1.9674677848815918, -0.3926617205142975]","[-1.9674677848815918, -0.3926617205142975]",-7.5542134046554565,5.97940731048584,[0.0],True,96,310,279,,,,,,
syco_bullshit_v2_leg_pnf_01,random_identity_minus,43,1,0,"[-1.8573589324951172, -0.24923421442508698]","[-1.8573589324951172, -0.24923421442508698]",-7.5542134046554565,5.946088790893555,[0.0],True,97,279,18356,,,,,,
syco_bullshit_v2_leg_pnf_01,random_identity_minus,44,1,0,"[-1.3824750185012817, -0.4865565299987793]","[-1.3824750185012817, -0.4865565299987793]",-7.5542134046554565,6.658295154571533,[0.0],True,98,18356,321,,,,,,
syco_bullshit_v2_leg_pnf_01,random_identity_minus,45,1,0,"[-1.602980613708496, -0.3853268325328827]","[-1.602980613708496, -0.3853268325328827]",-7.5542134046554565,6.336559772491455,[0.0],True,99,321,28943,,,,,,
syco_bullshit_v2_leg_pnf_01,random_identity_minus,46,1,0,"[-1.4897358417510986, -0.43891337513923645]","[-1.4897358417510986, -0.43891337513923645]",-7.5542134046554565,6.503391265869141,[0.0],True,100,28943,314,,,,,,
syco_bullshit_v2_leg_pnf_01,random_identity_minus,47,1,0,"[-2.0515005588531494, -0.3647799789905548]","[-2.0515005588531494, -0.3647799789905548]",-7.5542134046554565,5.86749267578125,[0.0],True,101,314,4499,,,,,,
syco_bullshit_v2_leg_pnf_01,random_identity_minus,48,1,0,"[-1.7908024787902832, -0.4261707663536072]","[-1.7908024787902832, -0.4261707663536072]",-7.5542134046554565,6.189581871032715,[0.0],True,102,4499,6577,,,,,,
syco_bullshit_v2_leg_pnf_01,random_identity_minus,49,1,0,"[-1.3708715438842773, -0.5688284039497375]","[-1.3708715438842773, -0.5688284039497375]",-7.5542134046554565,6.752170562744141,[0.0],True,103,6577,13505,,,,,,
syco_bullshit_v2_leg_pnf_01,random_identity_minus,50,1,0,"[-1.83524489402771, -0.5926247835159302]","[-1.83524489402771, -0.5926247835159302]",-7.5542134046554565,6.311593532562256,[0.0],True,104,13505,7929,,,,,,
syco_bullshit_v2_leg_pnf_01,random_identity_minus,51,1,0,"[-1.8824769258499146, -0.2631719708442688]","[-1.8824769258499146, -0.2631719708442688]",-7.5542134046554565,5.934908866882324,[0.0],True,105,7929,13,,,,,,
syco_bullshit_v2_leg_pnf_01,random_identity_minus,52,1,0,"[-1.4170068502426147, -0.4627701938152313]","[-1.4170068502426147, -0.4627701938152313]",-7.5542134046554565,6.599977016448975,[0.0],True,106,13,248046,,,,,,
syco_bullshit_v2_leg_pnf_01,random_identity_minus,53,1,0,"[-0.9316497445106506, -0.27230313420295715]","[-0.9316497445106506, -0.27230313420295715]",-7.5542134046554565,6.894866943359375,[0.0],True,107,248046,198,,,,,,
syco_bullshit_v2_leg_pnf_01,random_identity_minus,54,1,0,"[-1.677799940109253, -0.5805965662002563]","[-1.677799940109253, -0.5805965662002563]",-7.5542134046554565,6.457010269165039,[0.0],True,108,198,248044,,,,,,
syco_bullshit_v2_leg_pnf_01,random_17_minus,0,55,54,"[-1.0510940551757812, 0.2816615402698517]","[-1.0508428812026978, 0.2822413444519043]",-7.5542134046554565,6.221129417419434,"[0.0, 0.0, 0.0, 0.0, 0.0, 0.0, 0.0, 0.0, 0.0, 0.0, 0.0, 0.0, 0.0, 0.0, 0.0, 0.0, 0.0, 0.0, 0.0, 0.0, 0.0, 0.0, 0.0, 0.0, 0.0, 0.0, 0.0, 0.0, 0.0, 0.0, 0.0, 0.0, 0.0, 0.0, 0.0, 0.0, 0.0, 0.0, 0.0, 0.0, 0.0, 0.0, 0.0, 0.0, 0.0, 0.0, 0.0, 0.0, 0.0, 0.0, 0.0, 0.0, 0.0, 0.0, 3.7885067462921143]",True,54,271,760,3.788508653640747,3.7885067462921143,0.02139849029481411,0.14473530650138855,"[[0.0002511870115995407, 0.0005797222256660461]]",0.9999840259552002
syco_bullshit_v2_leg_pnf_01,random_17_minus,1,1,0,"[-1.351455569267273, -0.4318118095397949]","[-1.3474122285842896, -0.43036481738090515]",-7.5542134046554565,6.6371660232543945,[4.043824672698975],True,55,760,62966,4.043542861938477,4.043824672698975,0.022786511108279228,0.14473506808280945,"[[0.004043342545628548, 0.001446995884180069]]",0.999984085559845
syco_bullshit_v2_leg_pnf_01,random_17_minus,2,1,0,"[-0.6737901568412781, -0.44049352407455444]","[-0.6710910201072693, -0.44069647789001465]",-7.5542134046554565,7.323819160461426,[4.459890842437744],True,56,62966,1220,4.45928955078125,4.459890842437744,0.023861609399318695,0.16883055865764618,"[[0.00269915908575058, -0.00020289048552513123]]",0.9999855756759644
syco_bullshit_v2_leg_pnf_01,random_17_minus,3,1,0,"[-1.0608139038085938, -0.2812788486480713]","[-1.0559126138687134, -0.2795327305793762]",-7.5542134046554565,6.777833461761475,[4.127115249633789],True,57,1220,381,4.127614974975586,4.127115249633789,0.02496841736137867,0.1542910784482956,"[[0.004901275038719177, 0.0017460063099861145]]",0.9999818205833435
syco_bullshit_v2_leg_pnf_01,random_17_minus,4,1,0,"[-1.0558562278747559, -0.6847997903823853]","[-1.0589449405670166, -0.6858735680580139]",-7.5542134046554565,7.181142330169678,[4.3760199546813965],True,58,381,15271,4.376823902130127,4.3760199546813965,0.021983467042446136,0.1551944464445114,"[[-0.003088679164648056, -0.0010738037526607513]]",0.9999873638153076
syco_bullshit_v2_leg_pnf_01,random_17_minus,5,1,0,"[-0.6463797688484192, 0.04862295091152191]","[-0.6465519666671753, 0.048446908593177795]",-7.5542134046554565,6.859214782714844,[4.177855491638184],True,59,15271,1231,4.177412033081055,4.177855491638184,0.024603305384516716,0.16307945549488068,"[[-0.000172298401594162, -0.000176113098859787]]",0.9999825954437256
syco_bullshit_v2_leg_pnf_01,random_17_minus,6,1,0,"[-1.2383700609207153, -0.1900480091571808]","[-1.234793782234192, -0.18815326690673828]",-7.5542134046554565,6.507573127746582,[3.962113857269287],True,60,1231,3213,3.962193012237549,3.962113857269287,0.0250224769115448,0.15818214416503906,"[[0.003576226532459259, 0.0018947981297969818]]",0.999980092048645
syco_bullshit_v2_leg_pnf_01,random_17_minus,7,1,0,"[-0.8462989330291748, -0.33411598205566406]","[-0.8457522392272949, -0.3347425162792206]",-7.5542134046554565,7.043203830718994,[4.291172981262207],True,61,3213,310,4.2908830642700195,4.291172981262207,0.022548392415046692,0.1607387214899063,"[[0.0005466006696224213, -0.000626537948846817]]",0.9999861121177673
syco_bullshit_v2_leg_pnf_01,random_17_minus,8,1,0,"[-1.1813989877700806, -0.6532855033874512]","[-1.185217261314392, -0.654708743095398]",-7.5542134046554565,7.023705005645752,[4.277062892913818],True,62,310,40729,4.276994705200195,4.277062892913818,0.023196343332529068,0.15744677186012268,"[[-0.0038181692361831665, -0.0014232322573661804]]",0.9999852180480957
syco_bullshit_v2_leg_pnf_01,random_17_minus,9,1,0,"[-0.9548619389533997, -0.13730457425117493]","[-0.950546383857727, -0.13668221235275269]",-7.5542134046554565,6.740349292755127,[4.105668544769287],True,63,40729,3050,4.105903148651123,4.105668544769287,0.025079062208533287,0.15695445239543915,"[[0.0043153464794158936, 0.0006222762167453766]]",0.9999813437461853
syco_bullshit_v2_leg_pnf_01,random_17_minus,10,1,0,"[-1.2352408170700073, -0.34023427963256836]","[-1.2309911251068115, -0.3393705487251282]",-7.5542134046554565,6.662592887878418,[4.058144569396973],True,64,3050,6577,4.058492183685303,4.058144569396973,0.02380390465259552,0.15271569788455963,"[[0.004249855875968933, 0.0008637309074401855]]",0.9999827146530151
syco_bullshit_v2_leg_pnf_01,random_17_minus,11,1,0,"[-0.8525497913360596, -0.37169143557548523]","[-0.8567276000976562, -0.37330302596092224]",-7.5542134046554565,7.070788860321045,[4.306818008422852],True,65,6577,11433,4.306996822357178,4.306818008422852,0.02590024098753929,0.16350294649600983,"[[-0.0041777342557907104, -0.0016116052865982056]]",0.9999818801879883
syco_bullshit_v2_leg_pnf_01,random_17_minus,12,1,0,"[-1.4082998037338257, -0.5631999969482422]","[-1.4046953916549683, -0.5630747079849243]",-7.5542134046554565,6.712593078613281,[4.088072776794434],True,66,11433,321,4.088745594024658,4.088072776794434,0.026994826272130013,0.16226544976234436,"[[0.0036041419953107834, 0.00012534111738204956]]",0.9999781847000122
syco_bullshit_v2_leg_pnf_01,random_17_minus,13,1,0,"[-1.5951550006866455, -0.4888102114200592]","[-1.5924662351608276, -0.4877670109272003]",-7.5542134046554565,6.449514389038086,[3.9257853031158447],True,67,321,836,3.927255868911743,3.9257853031158447,0.02147078886628151,0.15019558370113373,"[[0.0026888027787208557, 0.0010433532297611237]]",0.9999850988388062
syco_bullshit_v2_leg_pnf_01,random_17_minus,14,1,0,"[-1.660629391670227, -0.41569799184799194]","[-1.658332109451294, -0.4151613712310791]",-7.5542134046554565,6.311042785644531,[3.8450021743774414],True,68,836,5634,3.8445236682891846,3.8450021743774414,0.02153725177049637,0.1568167805671692,"[[0.002296900376677513, 0.000536598265171051]]",0.9999843835830688
syco_bullshit_v2_leg_pnf_01,random_17_minus,15,1,0,"[-1.8113303184509277, -0.19536319375038147]","[-1.8113102912902832, -0.19629241526126862]",-7.5542134046554565,5.93919563293457,[3.6176469326019287],True,69,5634,12585,3.6169538497924805,3.6176469326019287,0.020819639787077904,0.15011978149414062,"[[2.0040199160575867e-05, -0.0009293146431446075]]",0.9999834299087524
syco_bullshit_v2_leg_pnf_01,random_17_minus,16,1,0,"[-1.5743038654327393, -0.7764747142791748]","[-1.5702650547027588, -0.7753573656082153]",-7.5542134046554565,6.759305953979492,[4.1169610023498535],True,70,12585,22327,4.117120742797852,4.1169610023498535,0.025761598721146584,0.16533203423023224,"[[0.004038810729980469, 0.001117456704378128]]",0.9999803304672241
syco_bullshit_v2_leg_pnf_01,random_17_minus,17,1,0,"[-1.4184106588363647, -0.6892459392547607]","[-1.4229726791381836, -0.691982090473175]",-7.5542134046554565,6.823223114013672,[4.159325122833252],True,71,22327,11,4.158069133758545,4.159325122833252,0.028835730627179146,0.16702856123447418,"[[-0.004561781883239746, -0.0027359910309314728]]",0.9999759197235107
syco_bullshit_v2_leg_pnf_01,random_17_minus,18,1,0,"[-1.4745339155197144, -0.591852068901062]","[-1.4706984758377075, -0.5914884805679321]",-7.5542134046554565,6.675003528594971,[4.0642170906066895],True,72,11,21873,4.064983367919922,4.0642170906066895,0.025664033368229866,0.1589430421590805,"[[0.0038359705358743668, 0.0003637559711933136]]",0.999980092048645
syco_bullshit_v2_leg_pnf_01,random_17_minus,19,1,0,"[-1.3271836042404175, -0.4870724380016327]","[-1.3240382671356201, -0.48615312576293945]",-7.5542134046554565,6.7163286209106445,[4.091069221496582],True,73,21873,1754,4.091794013977051,4.091069221496582,0.024904673919081688,0.1567760854959488,"[[0.003145800903439522, 0.0009192898869514465]]",0.9999815821647644
syco_bullshit_v2_leg_pnf_01,random_17_minus,20,1,0,"[-1.5507692098617554, -0.6239677667617798]","[-1.5471837520599365, -0.6224160194396973]",-7.5542134046554565,6.629446029663086,[4.03585147857666],True,74,1754,3566,4.035572528839111,4.03585147857666,0.022861381992697716,0.15430356562137604,"[[0.003585485741496086, 0.0015516504645347595]]",0.9999840259552002
syco_bullshit_v2_leg_pnf_01,random_17_minus,21,1,0,"[-1.590495228767395, -0.6081221103668213]","[-1.5865894556045532, -0.6081140637397766]",-7.5542134046554565,6.575737953186035,[4.000412940979004],True,75,3566,579,4.001248359680176,4.000412940979004,0.02512708492577076,0.1571253538131714,"[[0.0039057359099388123, 8.05780291557312e-06]]",0.9999803304672241
syco_bullshit_v2_leg_pnf_01,random_17_minus,22,1,0,"[-1.6980119943618774, -0.5078959465026855]","[-1.6962224245071411, -0.5078138709068298]",-7.5542134046554565,6.365804672241211,[3.876297950744629],True,76,579,5048,3.8766915798187256,3.876297950744629,0.02236863039433956,0.15452641248703003,"[[0.0017899908125400543, 8.194521069526672e-05]]",0.9999833106994629
syco_bullshit_v2_leg_pnf_01,random_17_minus,23,1,0,"[-1.6601250171661377, -0.2757105231285095]","[-1.6587315797805786, -0.27532169222831726]",-7.5542134046554565,6.170803546905518,[3.759598731994629],True,77,5048,5353,3.7596850395202637,3.759598731994629,0.021692445501685143,0.15454812347888947,"[[0.0013937726616859436, 0.00038886070251464844]]",0.9999833703041077
syco_bullshit_v2_leg_pnf_01,random_17_minus,24,1,0,"[-1.4559530019760132, -0.39301425218582153]","[-1.453092336654663, -0.392385870218277]",-7.5542134046554565,6.493506908416748,[3.9529387950897217],True,78,5353,369,3.9533398151397705,3.9529387950897217,0.024870583787560463,0.1594468653202057,"[[0.002860661596059799, 0.0006285496056079865]]",0.9999802112579346
syco_bullshit_v2_leg_pnf_01,random_17_minus,25,1,0,"[-1.557396650314331, -0.531808614730835]","[-1.554188847541809, -0.532593309879303]",-7.5542134046554565,6.532618045806885,[3.9763729572296143],True,79,369,9077,3.976674795150757,3.9763729572296143,0.02544409967958927,0.15674401819705963,"[[0.0032077431678771973, -0.000784754753112793]]",0.999979555606842
syco_bullshit_v2_leg_pnf_01,random_17_minus,26,1,0,"[-1.7358386516571045, -0.2915387451648712]","[-1.7345325946807861, -0.2919873595237732]",-7.5542134046554565,6.111668586730957,[3.7215089797973633],True,80,9077,4364,3.7212271690368652,3.7215089797973633,0.020665032789111137,0.1555090695619583,"[[0.0013060029596090317, -0.0004486776888370514]]",0.999984622001648
syco_bullshit_v2_leg_pnf_01,random_17_minus,27,1,0,"[-1.7876286506652832, -0.6221942901611328]","[-1.785121202468872, -0.620865523815155]",-7.5542134046554565,6.389957904815674,[3.891435384750366],True,81,4364,13,3.891444444656372,3.891435384750366,0.024217283353209496,0.15957611799240112,"[[0.0025074034929275513, 0.001328885555267334]]",0.9999805688858032
syco_bullshit_v2_leg_pnf_01,random_17_minus,28,1,0,"[-0.9139077067375183, -0.1751662939786911]","[-0.9131708145141602, -0.17460383474826813]",-7.5542134046554565,6.815646648406982,[4.15196418762207],True,82,13,1061,4.151493072509766,4.15196418762207,0.023947229608893394,0.16247735917568207,"[[0.0007367245852947235, 0.0005624666810035706]]",0.9999834299087524
syco_bullshit_v2_leg_pnf_01,random_17_minus,29,1,0,"[-1.2949587106704712, -0.6886099576950073]","[-1.2988743782043457, -0.6897661089897156]",-7.5542134046554565,6.945105075836182,[4.232791423797607],True,83,1061,2119,4.231865882873535,4.232791423797607,0.02533414587378502,0.1568038910627365,"[[-0.003915656358003616, -0.0011562779545783997]]",0.9999821186065674
syco_bullshit_v2_leg_pnf_01,random_17_minus,30,1,0,"[-1.0490633249282837, -0.4939132630825043]","[-1.0531750917434692, -0.49517592787742615]",-7.5542134046554565,6.996214389801025,[4.262424945831299],True,84,2119,314,4.261871337890625,4.262424945831299,0.02651558816432953,0.1643778681755066,"[[-0.0041120052337646484, -0.0012626461684703827]]",0.999980628490448
syco_bullshit_v2_leg_pnf_01,random_17_minus,31,1,0,"[-1.675324559211731, -0.74455326795578]","[-1.6712380647659302, -0.7429553866386414]",-7.5542134046554565,6.6259307861328125,[4.032928466796875],True,85,314,7472,4.033082485198975,4.032928466796875,0.023483293130993843,0.15660814940929413,"[[0.004086649045348167, 0.0015978291630744934]]",0.9999830722808838
syco_bullshit_v2_leg_pnf_01,random_17_minus,32,1,0,"[-1.0624297857284546, -0.6968396902084351]","[-1.0654629468917847, -0.6970921754837036]",-7.5542134046554565,7.185842514038086,[4.381414890289307],True,86,7472,369,4.3818254470825195,4.381414890289307,0.025644749402999878,0.17191462218761444,"[[-0.0030329078435897827, -0.0002524629235267639]]",0.9999828934669495
syco_bullshit_v2_leg_pnf_01,random_17_minus,33,1,0,"[-0.9602879285812378, -0.5146426558494568]","[-0.9634570479393005, -0.5148311257362366]",-7.5542134046554565,7.105587482452393,[4.332486152648926],True,87,369,8751,4.331637382507324,4.332486152648926,0.02368687465786934,0.1574200987815857,"[[-0.0031691640615463257, -0.00018856674432754517]]",0.9999850988388062
syco_bullshit_v2_leg_pnf_01,random_17_minus,34,1,0,"[-0.8219473958015442, -0.5375664830207825]","[-0.8247672319412231, -0.5375926494598389]",-7.5542134046554565,7.267038822174072,[4.4286980628967285],True,88,8751,364,4.4280548095703125,4.4286980628967285,0.02467872016131878,0.1682855635881424,"[[-0.0028197430074214935, -2.6173889636993408e-05]]",0.9999844431877136
syco_bullshit_v2_leg_pnf_01,random_17_minus,35,1,0,"[-1.3774330615997314, -0.6756496429443359]","[-1.3818351030349731, -0.6768519878387451]",-7.5542134046554565,6.8492302894592285,[4.174594402313232],True,89,364,28299,4.174644470214844,4.174594402313232,0.02581331506371498,0.15705065429210663,"[[-0.00440220907330513, -0.0012022033333778381]]",0.9999809265136719
syco_bullshit_v2_leg_pnf_01,random_17_minus,36,1,0,"[-1.4789819717407227, -0.4990963339805603]","[-1.4753270149230957, -0.49745628237724304]",-7.5542134046554565,6.576342582702637,[4.00249719619751],True,90,28299,20568,4.0027618408203125,4.00249719619751,0.024065813049674034,0.15896669030189514,"[[0.0036550424993038177, 0.0016400441527366638]]",0.9999819993972778
syco_bullshit_v2_leg_pnf_01,random_17_minus,37,1,0,"[-1.6210274696350098, -0.5122830271720886]","[-1.6178653240203857, -0.5119293928146362]",-7.5542134046554565,6.448277473449707,[3.9251739978790283],True,91,20568,279,3.926090955734253,3.9251739978790283,0.02332323044538498,0.15847553312778473,"[[0.003162035718560219, 0.0003536790609359741]]",0.9999823570251465
syco_bullshit_v2_leg_pnf_01,random_17_minus,38,1,0,"[-1.8649975061416626, -0.5038853883743286]","[-1.8631947040557861, -0.5031567215919495]",-7.5542134046554565,6.194175720214844,[3.7743687629699707],True,92,279,85945,3.7739062309265137,3.7743687629699707,0.019349735230207443,0.1464242935180664,"[[0.0018025562167167664, 0.0007286705076694489]]",0.9999867677688599
syco_bullshit_v2_leg_pnf_01,random_17_minus,39,1,0,"[-1.1530967950820923, -0.1394183486700058]","[-1.1494207382202148, -0.13704842329025269]",-7.5542134046554565,6.541841506958008,[3.982767343521118],True,93,85945,477,3.9827113151550293,3.982767343521118,0.023169687017798424,0.15621180832386017,"[[0.003676068037748337, 0.0023698434233665466]]",0.9999830722808838
syco_bullshit_v2_leg_pnf_01,random_17_minus,40,1,0,"[-1.8222137689590454, -0.34669071435928345]","[-1.820517897605896, -0.3468746840953827]",-7.5542134046554565,6.080570220947266,[3.7029166221618652],True,94,477,321,3.7024080753326416,3.7029166221618652,0.023677201941609383,0.15979954600334167,"[[0.0016957316547632217, -0.00018412992358207703]]",0.999979555606842
syco_bullshit_v2_leg_pnf_01,random_17_minus,41,1,0,"[-1.7504464387893677, -0.808363676071167]","[-1.7472054958343506, -0.8075973391532898]",-7.5542134046554565,6.61460542678833,[4.026330471038818],True,95,321,1968,4.025890827178955,4.026330471038818,0.024558745324611664,0.1584196239709854,"[[0.0032411012798547745, 0.0007661804556846619]]",0.9999814033508301
syco_bullshit_v2_leg_pnf_01,random_17_minus,42,1,0,"[-1.49149489402771, -0.5509854555130005]","[-1.4874277114868164, -0.5508726239204407]",-7.5542134046554565,6.617658615112305,[4.0258049964904785],True,96,1968,1618,4.026309967041016,4.0258049964904785,0.024714959785342216,0.16385750472545624,"[[0.004067257046699524, 0.00011304020881652832]]",0.999981164932251
syco_bullshit_v2_leg_pnf_01,random_17_minus,43,1,0,"[-1.9766294956207275, -0.6082112789154053]","[-1.9759297370910645, -0.6071985363960266]",-7.5542134046554565,6.185482025146484,[3.764860153198242],True,97,1618,279,3.765395402908325,3.764860153198242,0.020029615610837936,0.15488870441913605,"[[0.0006998889148235321, 0.001012749969959259]]",0.9999858736991882
syco_bullshit_v2_leg_pnf_01,random_17_minus,44,1,0,"[-2.0528576374053955, -0.33458441495895386]","[-2.05302095413208, -0.33405086398124695]",-7.5542134046554565,5.835243225097656,[3.556215763092041],True,98,279,3372,3.5560834407806396,3.556215763092041,0.01857229322195053,0.14552971720695496,"[[-0.00016343966126441956, 0.0005335025489330292]]",0.9999863505363464
syco_bullshit_v2_leg_pnf_01,random_17_minus,45,1,0,"[-1.554124355316162, -0.3710951805114746]","[-1.5513008832931519, -0.3705205023288727]",-7.5542134046554565,6.3734331130981445,[3.8805062770843506],True,99,3372,310,3.8810365200042725,3.8805062770843506,0.0249088853597641,0.16024990379810333,"[[0.002823440358042717, 0.0005747750401496887]]",0.9999794363975525
syco_bullshit_v2_leg_pnf_01,random_17_minus,46,1,0,"[-1.798989176750183, -0.6559908986091614]","[-1.7969697713851929, -0.6564121246337891]",-7.5542134046554565,6.413655757904053,[3.904757261276245],True,100,310,47699,3.905947208404541,3.904757261276245,0.021166250109672546,0.15361261367797852,"[[0.0020198188722133636, -0.00042135268449783325]]",0.9999853372573853
syco_bullshit_v2_leg_pnf_01,random_17_minus,47,1,0,"[-1.7668734788894653, -0.551220178604126]","[-1.7652297019958496, -0.5500311255455017]",-7.5542134046554565,6.339015007019043,[3.862265110015869],True,101,47699,279,3.8621275424957275,3.862265110015869,0.022071056067943573,0.15852679312229156,"[[0.0016440507024526596, 0.0011889152228832245]]",0.9999837279319763
syco_bullshit_v2_leg_pnf_01,random_17_minus,48,1,0,"[-1.5329304933547974, -0.5920823812484741]","[-1.5292720794677734, -0.5916174054145813]",-7.5542134046554565,6.616559028625488,[4.026325225830078],True,102,279,19342,4.0268073081970215,4.026325225830078,0.022675981745123863,0.15552952885627747,"[[0.003658333793282509, 0.00046503543853759766]]",0.9999841451644897
syco_bullshit_v2_leg_pnf_01,random_17_minus,49,1,0,"[-1.0762687921524048, -0.18652282655239105]","[-1.073350429534912, -0.1843651831150055]",-7.5542134046554565,6.665228366851807,[4.061835289001465],True,103,19342,5048,4.061436653137207,4.061835289001465,0.027076398953795433,0.1611243635416031,"[[0.0029185842722654343, 0.0021576620638370514]]",0.9999777674674988
syco_bullshit_v2_leg_pnf_01,random_17_minus,50,1,0,"[-1.697024941444397, -0.3039340376853943]","[-1.6945440769195557, -0.3041241765022278]",-7.5542134046554565,6.163793563842773,[3.7511680126190186],True,104,5048,35761,3.751250982284546,3.7511680126190186,0.023669680580496788,0.15552841126918793,"[[0.0024808254092931747, -0.00019016116857528687]]",0.999980092048645
syco_bullshit_v2_leg_pnf_01,random_17_minus,51,1,0,"[-1.5057752132415771, -0.42787250876426697]","[-1.504038691520691, -0.4267476797103882]",-7.5542134046554565,6.476922512054443,[3.944376230239868],True,105,35761,303,3.944831371307373,3.944376230239868,0.02469511330127716,0.16006316244602203,"[[0.0017365757375955582, 0.0011248961091041565]]",0.9999805092811584
syco_bullshit_v2_leg_pnf_01,random_17_minus,52,1,0,"[-1.8519576787948608, -0.6607939004898071]","[-1.8495179414749146, -0.6605792045593262]",-7.5542134046554565,6.365274906158447,[3.8759753704071045],True,106,303,678,3.8757684230804443,3.8759753704071045,0.02112734504044056,0.15426263213157654,"[[0.0024396125227212906, 0.0002145729959011078]]",0.9999851584434509
syco_bullshit_v2_leg_pnf_01,random_17_minus,53,1,0,"[-1.4867067337036133, -0.42625540494918823]","[-1.4843249320983887, -0.4236818552017212]",-7.5542134046554565,6.493570327758789,[3.9544498920440674],True,107,678,2100,3.9549336433410645,3.9544498920440674,0.022401202470064163,0.14853061735630035,"[[0.0023820362985134125, 0.002573557198047638]]",0.9999839663505554
syco_bullshit_v2_leg_pnf_01,random_17_minus,54,1,0,"[-1.5610264539718628, -0.6409768462181091]","[-1.5578824281692505, -0.6383809447288513]",-7.5542134046554565,6.634712219238281,[4.038758277893066],True,108,2100,579,4.039117336273193,4.038758277893066,0.023933013901114464,0.15576204657554626,"[[0.0031442344188690186, 0.0025958456099033356]]",0.999982476234436
syco_bullshit_v2_leg_pnf_01,random_17_minus,55,1,0,"[-1.9744696617126465, -0.6874967217445374]","[-1.972599744796753, -0.6874724626541138]",-7.5542134046554565,6.2690863609313965,[3.819197416305542],True,109,579,6577,3.8188037872314453,3.819197416305542,0.02108369767665863,0.15422458946704865,"[[0.0018696561455726624, 2.432987093925476e-05]]",0.9999847412109375
syco_bullshit_v2_leg_pnf_01,random_17_minus,56,1,0,"[-1.6419745683670044, -0.7501588463783264]","[-1.6384248733520508, -0.7485837936401367]",-7.5542134046554565,6.664372444152832,[4.060125827789307],True,110,6577,18967,4.060141086578369,4.060125827789307,0.024165378883481026,0.1608111411333084,"[[0.003549637272953987, 0.0015751123428344727]]",0.9999822974205017
syco_bullshit_v2_leg_pnf_01,random_17_minus,57,1,0,"[-1.449970006942749, -0.7144491672515869]","[-1.446310043334961, -0.7136862277984619]",-7.5542134046554565,6.821589469909668,[4.1519036293029785],True,111,18967,13,4.152207374572754,4.1519036293029785,0.027878910303115845,0.1651107519865036,"[[0.003659794107079506, 0.0007630139589309692]]",0.9999774694442749
syco_bullshit_v2_leg_pnf_01,random_17_minus,58,1,0,"[-1.4422935247421265, -0.4412054419517517]","[-1.4388688802719116, -0.4403334856033325]",-7.5542134046554565,6.555678367614746,[3.9916634559631348],True,112,13,248046,3.9928858280181885,3.9916634559631348,0.02307349629700184,0.14675907790660858,"[[0.0034245699644088745, 0.0008719451725482941]]",0.9999833106994629
syco_bullshit_v2_leg_pnf_01,random_17_minus,59,1,0,"[-0.886203408241272, -0.28418779373168945]","[-0.8859719634056091, -0.28396958112716675]",-7.5542134046554565,6.952211380004883,[4.234216213226318],True,113,248046,198,4.234893321990967,4.234216213226318,0.019286958500742912,0.13092799484729767,"[[0.0002315714955329895, 0.0002181902527809143]]",0.9999896287918091
syco_bullshit_v2_leg_pnf_01,random_17_minus,60,1,0,"[-1.717507004737854, -0.6223345398902893]","[-1.714726448059082, -0.6215750575065613]",-7.5542134046554565,6.461062431335449,[3.9337286949157715],True,114,198,248044,3.9342682361602783,3.9337286949157715,0.02001175656914711,0.14115355908870697,"[[0.0027809180319309235, 0.0007595904171466827]]",0.9999871253967285
syco_bullshit_v2_leg_pnf_01,random_23_minus,0,55,54,"[-1.0510940551757812, 0.2816615402698517]","[-1.0504788160324097, 0.2818690538406372]",-7.5542134046554565,6.221865653991699,"[0.0, 0.0, 0.0, 0.0, 0.0, 0.0, 0.0, 0.0, 0.0, 0.0, 0.0, 0.0, 0.0, 0.0, 0.0, 0.0, 0.0, 0.0, 0.0, 0.0, 0.0, 0.0, 0.0, 0.0, 0.0, 0.0, 0.0, 0.0, 0.0, 0.0, 0.0, 0.0, 0.0, 0.0, 0.0, 0.0, 0.0, 0.0, 0.0, 0.0, 0.0, 0.0, 0.0, 0.0, 0.0, 0.0, 0.0, 0.0, 0.0, 0.0, 0.0, 0.0, 0.0, 0.0, 3.7879245281219482]",True,54,271,760,3.788508653640747,3.7879245281219482,0.02046157605946064,0.14473530650138855,"[[0.0006153006106615067, 0.00020750798285007477]]",0.99998539686203
syco_bullshit_v2_leg_pnf_01,random_23_minus,1,1,0,"[-1.351455569267273, -0.4318118095397949]","[-1.3543384075164795, -0.4328119158744812]",-7.5542134046554565,6.632687091827393,[4.043467998504639],True,55,760,62966,4.043542861938477,4.043467998504639,0.022542491555213928,0.14473506808280945,"[[-0.002882758155465126, -0.0010001026093959808]]",0.9999843835830688
syco_bullshit_v2_leg_pnf_01,random_23_minus,2,1,0,"[-0.6737901568412781, -0.44049352407455444]","[-0.6728459596633911, -0.44041216373443604]",-7.5542134046554565,7.321779727935791,[4.459213733673096],True,56,62966,1220,4.45928955078125,4.459213733673096,0.023850809782743454,0.16883055865764618,"[[0.0009442884474992752, 8.136406540870667e-05]]",0.9999856948852539
syco_bullshit_v2_leg_pnf_01,random_23_minus,3,1,0,"[-1.0608139038085938, -0.2812788486480713]","[-1.0638455152511597, -0.2824046313762665]",-7.5542134046554565,6.772772789001465,[4.12809419631958],True,57,1220,40729,4.127614974975586,4.12809419631958,0.02469474822282791,0.1542910784482956,"[[-0.0030316058546304703, -0.0011258143931627274]]",0.9999821186065674
syco_bullshit_v2_leg_pnf_01,random_23_minus,4,1,0,"[-0.733013927936554, -0.1674043983221054]","[-0.7322494983673096, -0.16725823283195496]",-7.5542134046554565,6.989222526550293,[4.256039142608643],True,58,40729,55155,4.2557148933410645,4.256039142608643,0.02128615230321884,0.16075164079666138,"[[0.0007645627483725548, 0.00014621764421463013]]",0.9999876022338867
syco_bullshit_v2_leg_pnf_01,random_23_minus,5,1,0,"[-1.1975311040878296, 0.019392937421798706]","[-1.2021266222000122, 0.017965510487556458]",-7.5542134046554565,6.334121227264404,[3.861379384994507],True,59,55155,539,3.862217426300049,3.861379384994507,0.02566458471119404,0.15554089844226837,"[[-0.004595475271344185, -0.0014274828135967255]]",0.9999779462814331
syco_bullshit_v2_leg_pnf_01,random_23_minus,6,1,0,"[-1.0761239528656006, -0.5429669618606567]","[-1.0791125297546387, -0.5448882579803467]",-7.5542134046554565,7.019989013671875,[4.274120330810547],True,60,539,3050,4.274347305297852,4.274120330810547,0.02353000082075596,0.15802304446697235,"[[-0.0029887650161981583, -0.0019213370978832245]]",0.9999848008155823
syco_bullshit_v2_leg_pnf_01,random_23_minus,7,1,0,"[-1.1892062425613403, -0.3045171797275543]","[-1.1932893991470337, -0.3055361807346344]",-7.5542134046554565,6.666460037231445,[4.06381893157959],True,61,3050,6577,4.064267158508301,4.06381893157959,0.024685010313987732,0.15473835170269012,"[[-0.004083252511918545, -0.0010189935564994812]]",0.9999816417694092
syco_bullshit_v2_leg_pnf_01,random_23_minus,8,1,0,"[-0.8035342693328857, -0.36398327350616455]","[-0.8076626062393188, -0.36443981528282166]",-7.5542134046554565,7.110990524291992,[4.337179660797119],True,62,6577,9052,4.336373329162598,4.337179660797119,0.024218382313847542,0.16137726604938507,"[[-0.004128120839595795, -0.00045654550194740295]]",0.9999845027923584
syco_bullshit_v2_leg_pnf_01,random_23_minus,9,1,0,"[-1.3969523906707764, -0.6050289869308472]","[-1.3998245000839233, -0.6065469980239868]",-7.5542134046554565,6.7609357833862305,[4.1207499504089355],True,63,9052,523,4.120598316192627,4.1207499504089355,0.023784499615430832,0.16039614379405975,"[[-0.0028721652925014496, -0.0015180278569459915]]",0.9999833106994629
syco_bullshit_v2_leg_pnf_01,random_23_minus,10,1,0,"[-1.3939621448516846, -0.4708276689052582]","[-1.3977619409561157, -0.4712204337120056]",-7.5542134046554565,6.62767219543457,[4.041346073150635],True,64,523,11,4.041193008422852,4.041346073150635,0.023958932608366013,0.16194680333137512,"[[-0.0037998016923666, -0.0003927517682313919]]",0.9999823570251465
syco_bullshit_v2_leg_pnf_01,random_23_minus,11,1,0,"[-1.2080153226852417, -0.47646617889404297]","[-1.2116771936416626, -0.47746914625167847]",-7.5542134046554565,6.820005416870117,[4.155047416687012],True,65,11,3714,4.155385494232178,4.155047416687012,0.02355070784687996,0.1560976356267929,"[[-0.0036618486046791077, -0.0010028984397649765]]",0.9999839067459106
syco_bullshit_v2_leg_pnf_01,random_23_minus,12,1,0,"[-1.2574241161346436, -0.24545449018478394]","[-1.2612320184707642, -0.24634316563606262]",-7.5542134046554565,6.539324760437012,[3.9839842319488525],True,66,3714,23795,3.98371958732605,3.9839842319488525,0.025419311597943306,0.15517742931842804,"[[-0.0038078464567661285, -0.0008886121213436127]]",0.9999796152114868
syco_bullshit_v2_leg_pnf_01,random_23_minus,13,1,0,"[-1.347935438156128, -0.6679322123527527]","[-1.3510801792144775, -0.6679892539978027]",-7.5542134046554565,6.871122360229492,[4.187350273132324],True,67,23795,18967,4.187303066253662,4.187350273132324,0.02454143576323986,0.16350369155406952,"[[-0.0031447159126400948, -5.7134777307510376e-05]]",0.9999828338623047
syco_bullshit_v2_leg_pnf_01,random_23_minus,14,1,0,"[-1.4468632936477661, -0.6447647213935852]","[-1.4499485492706299, -0.646264910697937]",-7.5542134046554565,6.750529766082764,[4.113799095153809],True,68,18967,11,4.113781452178955,4.113799095153809,0.024404900148510933,0.16075272858142853,"[[-0.0030854903161525726, -0.0015003569424152374]]",0.9999823570251465
syco_bullshit_v2_leg_pnf_01,random_23_minus,15,1,0,"[-1.3368934392929077, -0.5405466556549072]","[-1.3395516872406006, -0.5414266586303711]",-7.5542134046554565,6.7560882568359375,[4.118508338928223],True,69,11,321,4.117811679840088,4.118508338928223,0.023715132847428322,0.15480802953243256,"[[-0.002658221870660782, -0.0008799377828836441]]",0.9999834299087524
syco_bullshit_v2_leg_pnf_01,random_23_minus,16,1,0,"[-1.5602691173553467, -0.4239588975906372]","[-1.563853144645691, -0.42417341470718384]",-7.5542134046554565,6.414533615112305,[3.910435438156128],True,70,321,12103,3.9098856449127197,3.910435438156128,0.023443298414349556,0.1486581712961197,"[[-0.0035837888717651367, -0.0002145729959011078]]",0.9999820590019226
syco_bullshit_v2_leg_pnf_01,random_23_minus,17,1,0,"[-1.758176565170288, -0.4167526364326477]","[-1.7624741792678833, -0.4177755117416382]",-7.5542134046554565,6.209514617919922,[3.785306453704834],True,71,12103,326,3.7852423191070557,3.785306453704834,0.02387138642370701,0.1511063575744629,"[[-0.004297683946788311, -0.0010226927697658539]]",0.999980092048645
syco_bullshit_v2_leg_pnf_01,random_23_minus,18,1,0,"[-1.655110478401184, -0.4311818480491638]","[-1.658720850944519, -0.43324369192123413]",-7.5542134046554565,6.328736305236816,[3.8553009033203125],True,72,326,62427,3.855611562728882,3.8553009033203125,0.023930460214614868,0.14983898401260376,"[[-0.003610498271882534, -0.002061847597360611]]",0.9999806880950928
syco_bullshit_v2_leg_pnf_01,random_23_minus,19,1,0,"[-1.7611196041107178, -0.5045886039733887]","[-1.7661290168762207, -0.5058225393295288]",-7.5542134046554565,6.293907165527344,[3.836036205291748],True,73,62427,12585,3.835907459259033,3.836036205291748,0.025673985481262207,0.16125701367855072,"[[-0.005009304732084274, -0.0012339688837528229]]",0.9999775886535645
syco_bullshit_v2_leg_pnf_01,random_23_minus,20,1,0,"[-1.9811210632324219, -0.6364114284515381]","[-1.9843629598617554, -0.6374993324279785]",-7.5542134046554565,6.20734977722168,[3.783024311065674],True,74,12585,22327,3.783060312271118,3.783024311065674,0.025253182277083397,0.15978600084781647,"[[-0.0032420288771390915, -0.0010879281908273697]]",0.999977707862854
syco_bullshit_v2_leg_pnf_01,random_23_minus,21,1,0,"[-1.3740341663360596, -0.6340763568878174]","[-1.3778893947601318, -0.6348381042480469]",-7.5542134046554565,6.811161994934082,[4.151212692260742],True,75,22327,310,4.150930404663086,4.151212692260742,0.02475736103951931,0.16570137441158295,"[[-0.003855101764202118, -0.0007617250084877014]]",0.9999822378158569
syco_bullshit_v2_leg_pnf_01,random_23_minus,22,1,0,"[-1.271339774131775, -0.6078163981437683]","[-1.2759062051773071, -0.6083057522773743]",-7.5542134046554565,6.886612892150879,[4.1966986656188965],True,76,310,28299,4.197019577026367,4.1966986656188965,0.02472730167210102,0.15845203399658203,"[[-0.004566529765725136, -0.0004892684519290924]]",0.9999827146530151
syco_bullshit_v2_leg_pnf_01,random_23_minus,23,1,0,"[-1.4564266204833984, -0.43402889370918274]","[-1.459954857826233, -0.4358207583427429]",-7.5542134046554565,6.530079364776611,[3.9775798320770264],True,77,28299,8443,3.9772486686706543,3.9775798320770264,0.025014536455273628,0.1600690335035324,"[[-0.003528272733092308, -0.001791851595044136]]",0.9999802708625793
syco_bullshit_v2_leg_pnf_01,random_23_minus,24,1,0,"[-1.8648951053619385, -0.4192643165588379]","[-1.8689607381820679, -0.42046618461608887]",-7.5542134046554565,6.105719089508057,[3.7191624641418457],True,78,8443,279,3.7197763919830322,3.7191624641418457,0.023949535563588142,0.15189479291439056,"[[-0.004065755754709244, -0.0012019257992506027]]",0.9999792575836182
syco_bullshit_v2_leg_pnf_01,random_23_minus,25,1,0,"[-1.668182373046875, -0.22589384019374847]","[-1.6718759536743164, -0.22787269949913025]",-7.5542134046554565,6.110210418701172,[3.7214949131011963],True,79,279,2100,3.7208809852600098,3.7214949131011963,0.022844679653644562,0.14325551688671112,"[[-0.003693428821861744, -0.001978810876607895]]",0.999981164932251
syco_bullshit_v2_leg_pnf_01,random_23_minus,26,1,0,"[-1.5959267616271973, -0.3221919536590576]","[-1.6001899242401123, -0.32332223653793335]",-7.5542134046554565,6.277345657348633,[3.8271310329437256],True,80,2100,579,3.8265538215637207,3.8271310329437256,0.02511458843946457,0.15500779449939728,"[[-0.0042627668008208275, -0.0011302325874567032]]",0.9999785423278809
syco_bullshit_v2_leg_pnf_01,random_23_minus,27,1,0,"[-1.8839000463485718, -0.3988763689994812]","[-1.8877710103988647, -0.4005555510520935]",-7.5542134046554565,6.06699800491333,[3.6967694759368896],True,81,579,19342,3.6964516639709473,3.6967694759368896,0.023457566276192665,0.15061376988887787,"[[-0.003870973363518715, -0.0016790404915809631]]",0.9999799132347107
syco_bullshit_v2_leg_pnf_01,random_23_minus,28,1,0,"[-1.3378957509994507, -0.09519852697849274]","[-1.3417701721191406, -0.0981951579451561]",-7.5542134046554565,6.310638427734375,[3.844761610031128],True,82,19342,14832,3.8447952270507812,3.844761610031128,0.02565300092101097,0.15948303043842316,"[[-0.003874288871884346, -0.0029966384172439575]]",0.9999777674674988
syco_bullshit_v2_leg_pnf_01,random_23_minus,29,1,0,"[-1.5357930660247803, -0.02666136622428894]","[-1.540055274963379, -0.028218336403369904]",-7.5542134046554565,6.042376518249512,[3.682676315307617],True,83,14832,13,3.681784152984619,3.682676315307617,0.025746334344148636,0.1584179848432541,"[[-0.004262229427695274, -0.001556912437081337]]",0.9999755620956421
syco_bullshit_v2_leg_pnf_01,random_23_minus,30,1,0,"[-0.8186008930206299, -0.1573803424835205]","[-0.8184574842453003, -0.15593698620796204]",-7.5542134046554565,6.891693115234375,[4.197459697723389],True,84,13,1061,4.1980085372924805,4.197459697723389,0.02231195755302906,0.1643061637878418,"[[0.00014340877532958984, 0.0014433078467845917]]",0.9999858736991882
syco_bullshit_v2_leg_pnf_01,random_23_minus,31,1,0,"[-1.3188855648040771, -0.535477876663208]","[-1.3215361833572388, -0.5370525121688843]",-7.5542134046554565,6.7697296142578125,[4.125467777252197],True,85,1061,15271,4.12542724609375,4.125467777252197,0.023276034742593765,0.1547151803970337,"[[-0.002650636248290539, -0.0015746038407087326]]",0.9999840259552002
syco_bullshit_v2_leg_pnf_01,random_23_minus,32,1,0,"[-1.194987416267395, -0.1270916759967804]","[-1.1988880634307861, -0.12903544306755066]",-7.5542134046554565,6.484360694885254,[3.951115369796753],True,86,15271,1231,3.950593948364258,3.951115369796753,0.025267338380217552,0.16308344900608063,"[[-0.0039007337763905525, -0.0019438285380601883]]",0.9999794960021973
syco_bullshit_v2_leg_pnf_01,random_23_minus,33,1,0,"[-1.8624274730682373, -0.5308767557144165]","[-1.8664741516113281, -0.5331037044525146]",-7.5542134046554565,6.220843315124512,[3.79207444190979],True,87,1231,5313,3.7919585704803467,3.79207444190979,0.02448226697742939,0.15511667728424072,"[[-0.004046467132866383, -0.0022269506007432938]]",0.9999791383743286
syco_bullshit_v2_leg_pnf_01,random_23_minus,34,1,0,"[-1.3628443479537964, -0.666196882724762]","[-1.3661941289901733, -0.6672711372375488]",-7.5542134046554565,6.855290412902832,[4.175821781158447],True,88,5313,24546,4.1761674880981445,4.175821781158447,0.025212345644831657,0.16272224485874176,"[[-0.0033496469259262085, -0.001074139028787613]]",0.999981701374054
syco_bullshit_v2_leg_pnf_01,random_23_minus,35,1,0,"[-1.1851201057434082, -0.43192946910858154]","[-1.1891411542892456, -0.4324684143066406]",-7.5542134046554565,6.797540664672852,[4.143996238708496],True,89,24546,279,4.143970489501953,4.143996238708496,0.02442256547510624,0.15606509149074554,"[[-0.004021197557449341, -0.0005389135330915451]]",0.9999826550483704
syco_bullshit_v2_leg_pnf_01,random_23_minus,36,1,0,"[-1.6185781955718994, -0.37016549706459045]","[-1.6234349012374878, -0.37068435549736023]",-7.5542134046554565,6.3014631271362305,[3.842742443084717],True,90,279,85945,3.842003107070923,3.842742443084717,0.022750845178961754,0.14521849155426025,"[[-0.004856678657233715, -0.0005189664661884308]]",0.9999824166297913
syco_bullshit_v2_leg_pnf_01,random_23_minus,37,1,0,"[-1.3122469186782837, 0.04331044852733612]","[-1.3158855438232422, 0.04148450866341591]",-7.5542134046554565,6.19684362411499,[3.776982307434082],True,91,85945,477,3.7766940593719482,3.776982307434082,0.024361176416277885,0.15347543358802795,"[[-0.003638666123151779, -0.0018259026110172272]]",0.9999791383743286
syco_bullshit_v2_leg_pnf_01,random_23_minus,38,1,0,"[-1.8494701385498047, -0.22831276059150696]","[-1.8532319068908691, -0.22936972975730896]",-7.5542134046554565,5.930351257324219,[3.61559796333313],True,92,477,23014,3.615459442138672,3.61559796333313,0.024438878521323204,0.1519678682088852,"[[-0.0037620794028043747, -0.001056905835866928]]",0.9999772310256958
syco_bullshit_v2_leg_pnf_01,random_23_minus,39,1,0,"[-1.562667965888977, -0.39059436321258545]","[-1.5664350986480713, -0.39234471321105957]",-7.5542134046554565,6.380123138427734,[3.8887765407562256],True,93,23014,22898,3.8889379501342773,3.8887765407562256,0.02579762600362301,0.15683318674564362,"[[-0.003766973502933979, -0.001750301569700241]]",0.9999779462814331
syco_bullshit_v2_leg_pnf_01,random_23_minus,40,1,0,"[-1.594956398010254, -0.45299121737480164]","[-1.5986202955245972, -0.45518702268600464]",-7.5542134046554565,6.41077995300293,[3.90635347366333],True,94,22898,8798,3.9067065715789795,3.90635347366333,0.025296835228800774,0.15801072120666504,"[[-0.0036636460572481155, -0.0021958332508802414]]",0.9999790191650391
syco_bullshit_v2_leg_pnf_01,random_23_minus,41,1,0,"[-1.7438405752182007, -0.3183731436729431]","[-1.7483620643615723, -0.31855061650276184]",-7.5542134046554565,6.124402046203613,[3.7319746017456055],True,95,8798,279,3.7322471141815186,3.7319746017456055,0.0250240508466959,0.15144000947475433,"[[-0.004521524533629417, -0.0001775342971086502]]",0.9999775886535645
syco_bullshit_v2_leg_pnf_01,random_23_minus,42,1,0,"[-1.8934736251831055, -0.37483859062194824]","[-1.8985004425048828, -0.37593790888786316]",-7.5542134046554565,6.031651020050049,[3.6763927936553955],True,96,279,3558,3.6762452125549316,3.6763927936553955,0.02238631807267666,0.14394806325435638,"[[-0.005026781931519508, -0.0010994542390108109]]",0.9999814033508301
syco_bullshit_v2_leg_pnf_01,random_23_minus,43,1,0,"[-1.6806124448776245, -0.2379860281944275]","[-1.683968186378479, -0.2391354888677597]",-7.5542134046554565,6.109380722045898,[3.720581531524658],True,97,3558,6577,3.720317840576172,3.720581531524658,0.024455662816762924,0.1563299298286438,"[[-0.0033556120470166206, -0.0011493545025587082]]",0.9999784231185913
syco_bullshit_v2_leg_pnf_01,random_23_minus,44,1,0,"[-1.9091012477874756, -0.562922477722168]","[-1.9134258031845093, -0.5636629462242126]",-7.5542134046554565,6.204450607299805,[3.7828047275543213],True,98,6577,18948,3.7831099033355713,3.7828047275543213,0.02423851191997528,0.1564725637435913,"[[-0.004324508830904961, -0.0007405206561088562]]",0.9999794960021973
syco_bullshit_v2_leg_pnf_01,random_23_minus,45,1,0,"[-1.4777568578720093, -0.4159565567970276]","[-1.4805779457092285, -0.41845840215682983]",-7.5542134046554565,6.492094039916992,[3.9544389247894287],True,99,18948,321,3.954263925552368,3.9544389247894287,0.026087382808327675,0.1666337102651596,"[[-0.002821149304509163, -0.0025019217282533646]]",0.999978244304657
syco_bullshit_v2_leg_pnf_01,random_23_minus,46,1,0,"[-1.8602323532104492, -0.5849971175193787]","[-1.8637419939041138, -0.5865627527236938]",-7.5542134046554565,6.277034282684326,[3.8253893852233887],True,100,321,12585,3.825233221054077,3.8253893852233887,0.024391407147049904,0.15190327167510986,"[[-0.003509647212922573, -0.0015656258910894394]]",0.9999796748161316
syco_bullshit_v2_leg_pnf_01,random_23_minus,47,1,0,"[-2.0544421672821045, -0.6937101483345032]","[-2.0583746433258057, -0.6948227286338806]",-7.5542134046554565,6.190661430358887,[3.7739312648773193],True,101,12585,19342,3.774381637573242,3.7739312648773193,0.02454986795783043,0.15904514491558075,"[[-0.0039328839629888535, -0.0011125635355710983]]",0.9999788999557495
syco_bullshit_v2_leg_pnf_01,random_23_minus,48,1,0,"[-1.2797932624816895, -0.3404664993286133]","[-1.284029245376587, -0.34285134077072144]",-7.5542134046554565,6.613035678863525,[4.027733325958252],True,102,19342,35761,4.028325080871582,4.027733325958252,0.024987924844026566,0.16351522505283356,"[[-0.004236022010445595, -0.002384863793849945]]",0.9999807476997375
syco_bullshit_v2_leg_pnf_01,random_23_minus,49,1,0,"[-1.5342390537261963, -0.40550318360328674]","[-1.538590669631958, -0.4069581627845764]",-7.5542134046554565,6.422580718994141,[3.91587495803833],True,103,35761,303,3.914959192276001,3.91587495803833,0.026106029748916626,0.15948498249053955,"[[-0.004351560026407242, -0.0014550238847732544]]",0.9999778270721436
syco_bullshit_v2_leg_pnf_01,random_23_minus,50,1,0,"[-1.989444613456726, -0.6500817537307739]","[-1.9932310581207275, -0.6517223119735718]",-7.5542134046554565,6.212704658508301,[3.7865774631500244],True,104,303,264,3.786830186843872,3.7865774631500244,0.023554790765047073,0.15356923639774323,"[[-0.0037861885502934456, -0.0016406886279582977]]",0.9999806880950928
syco_bullshit_v2_leg_pnf_01,random_23_minus,51,1,0,"[-1.8498475551605225, -0.5587197542190552]","[-1.8541922569274902, -0.5597710013389587]",-7.5542134046554565,6.259792327880859,[3.81522274017334],True,105,264,4937,3.8158719539642334,3.81522274017334,0.0231255441904068,0.14832724630832672,"[[-0.00434473529458046, -0.0010513216257095337]]",0.999981701374054
syco_bullshit_v2_leg_pnf_01,random_23_minus,52,1,0,"[-1.9666727781295776, -0.4101337492465973]","[-1.9700722694396973, -0.4120303690433502]",-7.5542134046554565,5.996171474456787,[3.653531074523926],True,106,4937,46141,3.6527605056762695,3.653531074523926,0.024038661271333694,0.1477029025554657,"[[-0.003399359993636608, -0.0018967259675264359]]",0.9999783635139465
syco_bullshit_v2_leg_pnf_01,random_23_minus,53,1,0,"[-2.169485330581665, -0.4128613770008087]","[-2.1741979122161865, -0.414755254983902]",-7.5542134046554565,5.79477071762085,[3.5335354804992676],True,107,46141,326,3.533491611480713,3.5335354804992676,0.025283940136432648,0.1541513055562973,"[[-0.004712444730103016, -0.0018938686698675156]]",0.9999744296073914
syco_bullshit_v2_leg_pnf_01,random_23_minus,54,1,0,"[-1.8813326358795166, -0.433837354183197]","[-1.8858505487442017, -0.4349380135536194]",-7.5542134046554565,6.103301048278809,[3.718756914138794],True,108,326,62427,3.7192769050598145,3.718756914138794,0.022362302988767624,0.14686353504657745,"[[-0.004518074914813042, -0.001100609079003334]]",0.9999819397926331
syco_bullshit_v2_leg_pnf_01,random_23_minus,55,1,0,"[-1.7095050811767578, -0.4570823013782501]","[-1.7134101390838623, -0.45688727498054504]",-7.5542134046554565,6.297690391540527,[3.8395066261291504],True,109,62427,7499,3.8396053314208984,3.8395066261291504,0.02503424696624279,0.15881599485874176,"[[-0.0039051957428455353, 0.00019500777125358582]]",0.99997878074646
syco_bullshit_v2_leg_pnf_01,random_23_minus,56,1,0,"[-1.550881028175354, -0.4087753891944885]","[-1.5543855428695679, -0.40978196263313293]",-7.5542134046554565,6.409609794616699,[3.9051921367645264],True,110,7499,13,3.905412435531616,3.9051921367645264,0.02540176920592785,0.1601518988609314,"[[-0.003504600375890732, -0.0010065920650959015]]",0.9999788999557495
syco_bullshit_v2_leg_pnf_01,random_23_minus,57,1,0,"[-1.3977103233337402, -0.4394786059856415]","[-1.3970450162887573, -0.4390362501144409]",-7.5542134046554565,6.59620475769043,[4.017781734466553],True,111,13,248046,4.017868995666504,4.017781734466553,0.019450964406132698,0.1467304676771164,"[[0.0006653862074017525, 0.0004423912614583969]]",0.999988317489624
syco_bullshit_v2_leg_pnf_01,random_23_minus,58,1,0,"[-0.9179802536964417, -0.28005340695381165]","[-0.9172270894050598, -0.27950599789619446]",-7.5542134046554565,6.916492462158203,[4.213601112365723],True,112,248046,198,4.21222448348999,4.213601112365723,0.017529165372252464,0.13147269189357758,"[[0.0007533319294452667, 0.0005474276840686798]]",0.9999914169311523
syco_bullshit_v2_leg_pnf_01,random_23_minus,59,1,0,"[-1.7168495655059814, -0.5801702737808228]","[-1.7209845781326294, -0.5806706547737122]",-7.5542134046554565,6.4138994216918945,[3.910170078277588],True,113,198,248044,3.909519910812378,3.910170078277588,0.022430649027228355,0.13980020582675934,"[[-0.004134979099035263, -0.0005002859979867935]]",0.999983549118042
syco_bullshit_v2_sw_pnf_02,random_identity_minus,0,72,71,"[-1.484957218170166, 0.5203645825386047]","[-1.484957218170166, 0.5203645825386047]",-7.5542134046554565,5.548892021179199,"[0.0, 0.0, 0.0, 0.0, 0.0, 0.0, 0.0, 0.0, 0.0, 0.0, 0.0, 0.0, 0.0, 0.0, 0.0, 0.0, 0.0, 0.0, 0.0, 0.0, 0.0, 0.0, 0.0, 0.0, 0.0, 0.0, 0.0, 0.0, 0.0, 0.0, 0.0, 0.0, 0.0, 0.0, 0.0, 0.0, 0.0, 0.0, 0.0, 0.0, 0.0, 0.0, 0.0, 0.0, 0.0, 0.0, 0.0, 0.0, 0.0, 0.0, 0.0, 0.0, 0.0, 0.0, 0.0, 0.0, 0.0, 0.0, 0.0, 0.0, 0.0, 0.0, 0.0, 0.0, 0.0, 0.0, 0.0, 0.0, 0.0, 0.0, 0.0, 0.0]",True,71,271,2665,,,,,,
syco_bullshit_v2_sw_pnf_02,random_identity_minus,1,1,0,"[-1.1500300168991089, -0.19060105085372925]","[-1.1500300168991089, -0.19060105085372925]",-7.5542134046554565,6.594784736633301,[0.0],True,72,2665,11,,,,,,
syco_bullshit_v2_sw_pnf_02,random_identity_minus,2,1,0,"[-1.85128653049469, -0.10189232230186462]","[-1.85128653049469, -0.10189232230186462]",-7.5542134046554565,5.804819107055664,[0.0],True,73,11,3922,,,,,,
syco_bullshit_v2_sw_pnf_02,random_identity_minus,3,1,0,"[-1.7525367736816406, -0.7047159075737]","[-1.7525367736816406, -0.7047159075737]",-7.5542134046554565,6.506392478942871,[0.0],True,74,3922,3295,,,,,,
syco_bullshit_v2_sw_pnf_02,random_identity_minus,4,1,0,"[-1.7521201372146606, -0.45097625255584717]","[-1.7521201372146606, -0.45097625255584717]",-7.5542134046554565,6.253069877624512,[0.0],True,75,3295,17690,,,,,,
syco_bullshit_v2_sw_pnf_02,random_identity_minus,5,1,0,"[-1.0985876321792603, -0.2263413369655609]","[-1.0985876321792603, -0.2263413369655609]",-7.5542134046554565,6.681967258453369,[0.0],True,76,17690,11524,,,,,,
syco_bullshit_v2_sw_pnf_02,random_identity_minus,6,1,0,"[-1.3702980279922485, -0.3860824704170227]","[-1.3702980279922485, -0.3860824704170227]",-7.5542134046554565,6.569997787475586,[0.0],True,77,11524,17775,,,,,,
syco_bullshit_v2_sw_pnf_02,random_identity_minus,7,1,0,"[-1.2628182172775269, -0.39916375279426575]","[-1.2628182172775269, -0.39916375279426575]",-7.5542134046554565,6.690558910369873,[0.0],True,78,17775,369,,,,,,
syco_bullshit_v2_sw_pnf_02,random_identity_minus,8,1,0,"[-1.4699121713638306, -0.49828970432281494]","[-1.4699121713638306, -0.49828970432281494]",-7.5542134046554565,6.5825910568237305,[0.0],True,79,369,10813,,,,,,
syco_bullshit_v2_sw_pnf_02,random_identity_minus,9,1,0,"[-1.1319149732589722, -0.49024808406829834]","[-1.1319149732589722, -0.49024808406829834]",-7.5542134046554565,6.912546634674072,[0.0],True,80,10813,1429,,,,,,
syco_bullshit_v2_sw_pnf_02,random_identity_minus,10,1,0,"[-1.4073140621185303, -0.7895500063896179]","[-1.4073140621185303, -0.7895500063896179]",-7.5542134046554565,6.9364495277404785,[0.0],True,81,1429,310,,,,,,
syco_bullshit_v2_sw_pnf_02,random_identity_minus,11,1,0,"[-1.571517825126648, -0.7452153563499451]","[-1.571517825126648, -0.7452153563499451]",-7.5542134046554565,6.727910995483398,[0.0],True,82,310,6420,,,,,,
syco_bullshit_v2_sw_pnf_02,random_identity_minus,12,1,0,"[-1.4023070335388184, -0.7047456502914429]","[-1.4023070335388184, -0.7047456502914429]",-7.5542134046554565,6.85665225982666,[0.0],True,83,6420,6149,,,,,,
syco_bullshit_v2_sw_pnf_02,random_identity_minus,13,1,0,"[-1.4088575839996338, -0.1946295201778412]","[-1.4088575839996338, -0.1946295201778412]",-7.5542134046554565,6.339985370635986,[0.0],True,84,6149,56040,,,,,,
syco_bullshit_v2_sw_pnf_02,random_identity_minus,14,1,0,"[-1.4747450351715088, -0.25601738691329956]","[-1.4747450351715088, -0.25601738691329956]",-7.5542134046554565,6.335485935211182,[0.0],True,85,56040,2785,,,,,,
syco_bullshit_v2_sw_pnf_02,random_identity_minus,15,1,0,"[-1.4146621227264404, -0.5325441360473633]","[-1.4146621227264404, -0.5325441360473633]",-7.5542134046554565,6.67209529876709,[0.0],True,86,2785,264,,,,,,
syco_bullshit_v2_sw_pnf_02,random_identity_minus,16,1,0,"[-1.780925989151001, -0.5278887748718262]","[-1.780925989151001, -0.5278887748718262]",-7.5542134046554565,6.301176071166992,[0.0],True,87,264,3074,,,,,,
syco_bullshit_v2_sw_pnf_02,random_identity_minus,17,1,0,"[-1.2132153511047363, -0.4818058907985687]","[-1.2132153511047363, -0.4818058907985687]",-7.5542134046554565,6.822803974151611,[0.0],True,88,3074,59056,,,,,,
syco_bullshit_v2_sw_pnf_02,random_identity_minus,18,1,0,"[-0.8704811334609985, -0.23656651377677917]","[-0.8704811334609985, -0.23656651377677917]",-7.5542134046554565,6.920299053192139,[0.0],True,89,59056,2193,,,,,,
syco_bullshit_v2_sw_pnf_02,random_identity_minus,19,1,0,"[-1.179719090461731, -0.45781099796295166]","[-1.179719090461731, -0.45781099796295166]",-7.5542134046554565,6.832305431365967,[0.0],True,90,2193,4598,,,,,,
syco_bullshit_v2_sw_pnf_02,random_identity_minus,20,1,0,"[-0.6974453330039978, -0.44694775342941284]","[-0.6974453330039978, -0.44694775342941284]",-7.5542134046554565,7.303715705871582,[0.0],True,91,4598,1056,,,,,,
syco_bullshit_v2_sw_pnf_02,random_identity_minus,21,1,0,"[-1.3973833322525024, -0.7515406608581543]","[-1.3973833322525024, -0.7515406608581543]",-7.5542134046554565,6.9083709716796875,[0.0],True,92,1056,310,,,,,,
syco_bullshit_v2_sw_pnf_02,random_identity_minus,22,1,0,"[-1.6380195617675781, -0.9145801663398743]","[-1.6380195617675781, -0.9145801663398743]",-7.5542134046554565,6.830774307250977,[0.0],True,93,310,7995,,,,,,
syco_bullshit_v2_sw_pnf_02,random_identity_minus,23,1,0,"[-1.6213297843933105, -0.6556711792945862]","[-1.6213297843933105, -0.6556711792945862]",-7.5542134046554565,6.588554859161377,[0.0],True,94,7995,948,,,,,,
syco_bullshit_v2_sw_pnf_02,random_identity_minus,24,1,0,"[-1.101291298866272, -0.4415815770626068]","[-1.101291298866272, -0.4415815770626068]",-7.5542134046554565,6.894503593444824,[0.0],True,95,948,310,,,,,,
syco_bullshit_v2_sw_pnf_02,random_identity_minus,25,1,0,"[-1.4298516511917114, -0.6366365551948547]","[-1.4298516511917114, -0.6366365551948547]",-7.5542134046554565,6.760998249053955,[0.0],True,96,310,1791,,,,,,
syco_bullshit_v2_sw_pnf_02,random_identity_minus,26,1,0,"[-1.1310787200927734, -0.5957415103912354]","[-1.1310787200927734, -0.5957415103912354]",-7.5542134046554565,7.018876075744629,[0.0],True,97,1791,264,,,,,,
syco_bullshit_v2_sw_pnf_02,random_identity_minus,27,1,0,"[-1.6371357440948486, -0.3838425278663635]","[-1.6371357440948486, -0.3838425278663635]",-7.5542134046554565,6.300920486450195,[0.0],True,98,264,491,,,,,,
syco_bullshit_v2_sw_pnf_02,random_identity_minus,28,1,0,"[-1.587276577949524, -0.37018245458602905]","[-1.587276577949524, -0.37018245458602905]",-7.5542134046554565,6.337119102478027,[0.0],True,99,491,799,,,,,,
syco_bullshit_v2_sw_pnf_02,random_identity_minus,29,1,0,"[-1.6899323463439941, -0.4948313236236572]","[-1.6899323463439941, -0.4948313236236572]",-7.5542134046554565,6.359112739562988,[0.0],True,100,799,13,,,,,,
syco_bullshit_v2_sw_pnf_02,random_identity_minus,30,1,0,"[-1.331171989440918, 0.12859252095222473]","[-1.331171989440918, 0.12859252095222473]",-7.5542134046554565,6.094449043273926,[0.0],True,101,13,5788,,,,,,
syco_bullshit_v2_sw_pnf_02,random_identity_minus,31,1,0,"[-1.7431130409240723, -0.5092767477035522]","[-1.7431130409240723, -0.5092767477035522]",-7.5542134046554565,6.320377349853516,[0.0],True,102,5788,1496,,,,,,
syco_bullshit_v2_sw_pnf_02,random_identity_minus,32,1,0,"[-1.4181652069091797, -0.1515754908323288]","[-1.4181652069091797, -0.1515754908323288]",-7.5542134046554565,6.287623882293701,[0.0],True,103,1496,56040,,,,,,
syco_bullshit_v2_sw_pnf_02,random_identity_minus,33,1,0,"[-1.311851978302002, -0.1434386968612671]","[-1.311851978302002, -0.1434386968612671]",-7.5542134046554565,6.385800361633301,[0.0],True,104,56040,11857,,,,,,
syco_bullshit_v2_sw_pnf_02,random_identity_minus,34,1,0,"[-1.6497961282730103, -0.15900897979736328]","[-1.6497961282730103, -0.15900897979736328]",-7.5542134046554565,6.063426494598389,[0.0],True,105,11857,2493,,,,,,
syco_bullshit_v2_sw_pnf_02,random_identity_minus,35,1,0,"[-1.1451339721679688, -0.3687594532966614]","[-1.1451339721679688, -0.3687594532966614]",-7.5542134046554565,6.777839183807373,[0.0],True,106,2493,12832,,,,,,
syco_bullshit_v2_sw_pnf_02,random_identity_minus,36,1,0,"[-1.3110986948013306, -0.3708433508872986]","[-1.3110986948013306, -0.3708433508872986]",-7.5542134046554565,6.613958358764648,[0.0],True,107,12832,264,,,,,,
syco_bullshit_v2_sw_pnf_02,random_identity_minus,37,1,0,"[-1.4718985557556152, -0.2842581570148468]","[-1.4718985557556152, -0.2842581570148468]",-7.5542134046554565,6.366573333740234,[0.0],True,108,264,2193,,,,,,
syco_bullshit_v2_sw_pnf_02,random_identity_minus,38,1,0,"[-1.3380310535430908, -0.19050608575344086]","[-1.3380310535430908, -0.19050608575344086]",-7.5542134046554565,6.406688690185547,[0.0],True,109,2193,369,,,,,,
syco_bullshit_v2_sw_pnf_02,random_identity_minus,39,1,0,"[-1.287711501121521, -0.21331873536109924]","[-1.287711501121521, -0.21331873536109924]",-7.5542134046554565,6.479820728302002,[0.0],True,110,369,10141,,,,,,
syco_bullshit_v2_sw_pnf_02,random_identity_minus,40,1,0,"[-1.3418816328048706, -0.45345309376716614]","[-1.3418816328048706, -0.45345309376716614]",-7.5542134046554565,6.66578483581543,[0.0],True,111,10141,2166,,,,,,
syco_bullshit_v2_sw_pnf_02,random_identity_minus,41,1,0,"[-1.3318568468093872, -0.3513143062591553]","[-1.3318568468093872, -0.3513143062591553]",-7.5542134046554565,6.573670864105225,[0.0],True,112,2166,6150,,,,,,
syco_bullshit_v2_sw_pnf_02,random_identity_minus,42,1,0,"[-1.1602495908737183, -0.5693862438201904]","[-1.1602495908737183, -0.5693862438201904]",-7.5542134046554565,6.963350296020508,[0.0],True,113,6150,11,,,,,,
syco_bullshit_v2_sw_pnf_02,random_identity_minus,43,1,0,"[-1.5630179643630981, -0.4039961099624634]","[-1.5630179643630981, -0.4039961099624634]",-7.5542134046554565,6.395191669464111,[0.0],True,114,11,279,,,,,,
syco_bullshit_v2_sw_pnf_02,random_identity_minus,44,1,0,"[-1.7766673564910889, -0.5778506398200989]","[-1.7766673564910889, -0.5778506398200989]",-7.5542134046554565,6.355396747589111,[0.0],True,115,279,5307,,,,,,
syco_bullshit_v2_sw_pnf_02,random_identity_minus,45,1,0,"[-1.2159982919692993, -0.462776243686676]","[-1.2159982919692993, -0.462776243686676]",-7.5542134046554565,6.800991535186768,[0.0],True,116,5307,310,,,,,,
syco_bullshit_v2_sw_pnf_02,random_identity_minus,46,1,0,"[-1.9175829887390137, -0.5803160667419434]","[-1.9175829887390137, -0.5803160667419434]",-7.5542134046554565,6.216946601867676,[0.0],True,117,310,8385,,,,,,
syco_bullshit_v2_sw_pnf_02,random_identity_minus,47,1,0,"[-1.3927983045578003, -0.4038084149360657]","[-1.3927983045578003, -0.4038084149360657]",-7.5542134046554565,6.565223693847656,[0.0],True,118,8385,264,,,,,,
syco_bullshit_v2_sw_pnf_02,random_identity_minus,48,1,0,"[-1.7121329307556152, -0.4660765528678894]","[-1.7121329307556152, -0.4660765528678894]",-7.5542134046554565,6.308156967163086,[0.0],True,119,264,491,,,,,,
syco_bullshit_v2_sw_pnf_02,random_identity_minus,49,1,0,"[-1.7104469537734985, -0.5436311960220337]","[-1.7104469537734985, -0.5436311960220337]",-7.5542134046554565,6.387397766113281,[0.0],True,120,491,59056,,,,,,
syco_bullshit_v2_sw_pnf_02,random_identity_minus,50,1,0,"[-1.041644811630249, -0.32704904675483704]","[-1.041644811630249, -0.32704904675483704]",-7.5542134046554565,6.839617729187012,[0.0],True,121,59056,2193,,,,,,
syco_bullshit_v2_sw_pnf_02,random_identity_minus,51,1,0,"[-1.524219036102295, -0.6652148962020874]","[-1.524219036102295, -0.6652148962020874]",-7.5542134046554565,6.695209503173828,[0.0],True,122,2193,369,,,,,,
syco_bullshit_v2_sw_pnf_02,random_identity_minus,52,1,0,"[-1.2883557081222534, -0.5025500059127808]","[-1.2883557081222534, -0.5025500059127808]",-7.5542134046554565,6.768407821655273,[0.0],True,123,369,5802,,,,,,
syco_bullshit_v2_sw_pnf_02,random_identity_minus,53,1,0,"[-1.3130384683609009, -0.4090493619441986]","[-1.3130384683609009, -0.4090493619441986]",-7.5542134046554565,6.650224685668945,[0.0],True,124,5802,15749,,,,,,
syco_bullshit_v2_sw_pnf_02,random_identity_minus,54,1,0,"[-1.2797834873199463, -0.3833286464214325]","[-1.2797834873199463, -0.3833286464214325]",-7.5542134046554565,6.657758712768555,[0.0],True,125,15749,539,,,,,,
syco_bullshit_v2_sw_pnf_02,random_identity_minus,55,1,0,"[-1.4618548154830933, -0.4326099455356598]","[-1.4618548154830933, -0.4326099455356598]",-7.5542134046554565,6.52496862411499,[0.0],True,126,539,41052,,,,,,
syco_bullshit_v2_sw_pnf_02,random_identity_minus,56,1,0,"[-1.5582222938537598, -0.316632479429245]","[-1.5582222938537598, -0.316632479429245]",-7.5542134046554565,6.312623977661133,[0.0],True,127,41052,22005,,,,,,
syco_bullshit_v2_sw_pnf_02,random_identity_minus,57,1,0,"[-1.782160758972168, -0.32782554626464844]","[-1.782160758972168, -0.32782554626464844]",-7.5542134046554565,6.099878311157227,[0.0],True,128,22005,321,,,,,,
syco_bullshit_v2_sw_pnf_02,random_identity_minus,58,1,0,"[-1.9205652475357056, -0.7137708067893982]","[-1.9205652475357056, -0.7137708067893982]",-7.5542134046554565,6.347418785095215,[0.0],True,129,321,2478,,,,,,
syco_bullshit_v2_sw_pnf_02,random_identity_minus,59,1,0,"[-1.42167329788208, -0.5827186107635498]","[-1.42167329788208, -0.5827186107635498]",-7.5542134046554565,6.715258598327637,[0.0],True,130,2478,7697,,,,,,
syco_bullshit_v2_sw_pnf_02,random_identity_minus,60,1,0,"[-1.4067060947418213, -0.5485103726387024]","[-1.4067060947418213, -0.5485103726387024]",-7.5542134046554565,6.696017742156982,[0.0],True,131,7697,30246,,,,,,
syco_bullshit_v2_sw_pnf_02,random_identity_minus,61,1,0,"[-1.7258433103561401, -0.18019318580627441]","[-1.7258433103561401, -0.18019318580627441]",-7.5542134046554565,6.00856351852417,[0.0],True,132,30246,11,,,,,,
syco_bullshit_v2_sw_pnf_02,random_identity_minus,62,1,0,"[-1.6780307292938232, 0.028040774166584015]","[-1.6780307292938232, 0.028040774166584015]",-7.5542134046554565,5.848142147064209,[0.0],True,133,11,524,,,,,,
syco_bullshit_v2_sw_pnf_02,random_identity_minus,63,1,0,"[-1.3342808485031128, -0.004674367606639862]","[-1.3342808485031128, -0.004674367606639862]",-7.5542134046554565,6.224606990814209,[0.0],True,134,524,264,,,,,,
syco_bullshit_v2_sw_pnf_02,random_identity_minus,64,1,0,"[-1.6196012496948242, -0.276642769575119]","[-1.6196012496948242, -0.276642769575119]",-7.5542134046554565,6.211255073547363,[0.0],True,135,264,3050,,,,,,
syco_bullshit_v2_sw_pnf_02,random_identity_minus,65,1,0,"[-1.7871538400650024, -0.21489116549491882]","[-1.7871538400650024, -0.21489116549491882]",-7.5542134046554565,5.981950759887695,[0.0],True,136,3050,345,,,,,,
syco_bullshit_v2_sw_pnf_02,random_identity_minus,66,1,0,"[-1.548492431640625, -0.3838995099067688]","[-1.548492431640625, -0.3838995099067688]",-7.5542134046554565,6.389620780944824,[0.0],True,137,345,4887,,,,,,
syco_bullshit_v2_sw_pnf_02,random_identity_minus,67,1,0,"[-1.6150262355804443, -0.1551477462053299]","[-1.6150262355804443, -0.1551477462053299]",-7.5542134046554565,6.094335079193115,[0.0],True,138,4887,11823,,,,,,
syco_bullshit_v2_sw_pnf_02,random_identity_minus,68,1,0,"[-1.7035260200500488, -0.026613831520080566]","[-1.7035260200500488, -0.026613831520080566]",-7.5542134046554565,5.877301216125488,[0.0],True,139,11823,13,,,,,,
syco_bullshit_v2_sw_pnf_02,random_identity_minus,69,1,0,"[-1.4564145803451538, -0.007498592138290405]","[-1.4564145803451538, -0.007498592138290405]",-7.5542134046554565,6.105297565460205,[0.0],True,140,13,248046,,,,,,
syco_bullshit_v2_sw_pnf_02,random_identity_minus,70,1,0,"[-0.9094539284706116, -0.24047279357910156]","[-0.9094539284706116, -0.24047279357910156]",-7.5542134046554565,6.885232448577881,[0.0],True,141,248046,198,,,,,,
syco_bullshit_v2_sw_pnf_02,random_identity_minus,71,1,0,"[-2.1393518447875977, -0.49936649203300476]","[-2.1393518447875977, -0.49936649203300476]",-7.5542134046554565,5.914228439331055,[0.0],True,142,198,248044,,,,,,
syco_bullshit_v2_sw_pnf_02,random_17_minus,0,72,71,"[-1.484957218170166, 0.5203645825386047]","[-1.4868018627166748, 0.5209360718727112]",-7.5542134046554565,5.546475410461426,"[0.0, 0.0, 0.0, 0.0, 0.0, 0.0, 0.0, 0.0, 0.0, 0.0, 0.0, 0.0, 0.0, 0.0, 0.0, 0.0, 0.0, 0.0, 0.0, 0.0, 0.0, 0.0, 0.0, 0.0, 0.0, 0.0, 0.0, 0.0, 0.0, 0.0, 0.0, 0.0, 0.0, 0.0, 0.0, 0.0, 0.0, 0.0, 0.0, 0.0, 0.0, 0.0, 0.0, 0.0, 0.0, 0.0, 0.0, 0.0, 0.0, 0.0, 0.0, 0.0, 0.0, 0.0, 0.0, 0.0, 0.0, 0.0, 0.0, 0.0, 0.0, 0.0, 0.0, 0.0, 0.0, 0.0, 0.0, 0.0, 0.0, 0.0, 0.0, 3.3791961669921875]",True,71,271,2665,3.379399299621582,3.3791961669921875,0.019743336364626884,0.13912756741046906,"[[-0.0018445402383804321, 0.000571470707654953]]",0.9999829530715942
syco_bullshit_v2_sw_pnf_02,random_17_minus,1,1,0,"[-1.1500300168991089, -0.19060105085372925]","[-1.1511776447296143, -0.19069911539554596]",-7.5542134046554565,6.5937347412109375,[4.016066551208496],True,72,2665,11,4.016230583190918,4.016066551208496,0.020611833781003952,0.1523256152868271,"[[-0.001147514209151268, -9.80570912361145e-05]]",0.9999868273735046
syco_bullshit_v2_sw_pnf_02,random_17_minus,2,1,0,"[-1.85128653049469, -0.10189232230186462]","[-1.8523281812667847, -0.10146553069353104]",-7.5542134046554565,5.803350925445557,[3.5359628200531006],True,73,11,3922,3.5362913608551025,3.5359628200531006,0.019327210262417793,0.14304137229919434,"[[-0.001041540876030922, 0.00042685866355895996]]",0.9999850988388062
syco_bullshit_v2_sw_pnf_02,random_17_minus,3,1,0,"[-1.7525367736816406, -0.7047159075737]","[-1.749120831489563, -0.7040966153144836]",-7.5542134046554565,6.509189605712891,[3.963104248046875],True,74,3922,3295,3.962907552719116,3.963104248046875,0.022984135895967484,0.1499248743057251,"[[0.0034159328788518906, 0.0006192289292812347]]",0.9999831914901733
syco_bullshit_v2_sw_pnf_02,random_17_minus,4,1,0,"[-1.7521201372146606, -0.45097625255584717]","[-1.7507333755493164, -0.4497324228286743]",-7.5542134046554565,6.2532124519348145,[3.8099498748779297],True,75,3295,17690,3.81062388420105,3.8099498748779297,0.023111607879400253,0.1574336588382721,"[[0.0013868939131498337, 0.001243632286787033]]",0.9999815821647644
syco_bullshit_v2_sw_pnf_02,random_17_minus,5,1,0,"[-1.0985876321792603, -0.2263413369655609]","[-1.0947377681732178, -0.22535505890846252]",-7.5542134046554565,6.684830665588379,[4.070835113525391],True,76,17690,11524,4.0710248947143555,4.070835113525391,0.025371454656124115,0.16403259336948395,"[[0.003849925473332405, 0.0009863302111625671]]",0.9999805092811584
syco_bullshit_v2_sw_pnf_02,random_17_minus,6,1,0,"[-1.3702980279922485, -0.3860824704170227]","[-1.3665920495986938, -0.3857397735118866]",-7.5542134046554565,6.573361396789551,[4.0005316734313965],True,77,11524,17775,4.0008625984191895,4.0005316734313965,0.024379556998610497,0.1637176275253296,"[[0.003706054762005806, 0.000342637300491333]]",0.9999815225601196
syco_bullshit_v2_sw_pnf_02,random_17_minus,7,1,0,"[-1.2628182172775269, -0.39916375279426575]","[-1.263049602508545, -0.3998819589614868]",-7.5542134046554565,6.691045761108398,[4.078904151916504],True,78,17775,369,4.078726768493652,4.078904151916504,0.022569552063941956,0.16410402953624725,"[[-0.00023147091269493103, -0.0007182471454143524]]",0.9999846816062927
syco_bullshit_v2_sw_pnf_02,random_17_minus,8,1,0,"[-1.4699121713638306, -0.49828970432281494]","[-1.4715707302093506, -0.49759915471076965]",-7.5542134046554565,6.580242156982422,[4.008634090423584],True,79,369,524,4.008522033691406,4.008634090423584,0.020011473447084427,0.15444199740886688,"[[-0.001658296212553978, 0.0006905421614646912]]",0.9999876022338867
syco_bullshit_v2_sw_pnf_02,random_17_minus,9,1,0,"[-1.631922960281372, -0.49423325061798096]","[-1.6290719509124756, -0.49397116899490356]",-7.5542134046554565,6.419112682342529,[3.908529758453369],True,80,524,264,3.9092953205108643,3.908529758453369,0.022163771092891693,0.15245917439460754,"[[0.0028511956334114075, 0.0002619698643684387]]",0.9999840259552002
syco_bullshit_v2_sw_pnf_02,random_17_minus,10,1,0,"[-1.408154845237732, -0.7258633375167847]","[-1.412942886352539, -0.726202666759491]",-7.5542134046554565,6.867473125457764,[4.185817718505859],True,81,264,5129,4.185534954071045,4.185817718505859,0.026462538167834282,0.15682734549045563,"[[-0.004788003861904144, -0.00033925846219062805]]",0.9999799728393555
syco_bullshit_v2_sw_pnf_02,random_17_minus,11,1,0,"[-1.240408182144165, -0.5670473575592041]","[-1.2438569068908691, -0.5684360265731812]",-7.5542134046554565,6.878792762756348,[4.192128658294678],True,82,5129,35822,4.191829204559326,4.192128658294678,0.026695681735873222,0.15707306563854218,"[[-0.003448881208896637, -0.0013887397944927216]]",0.9999797344207764
syco_bullshit_v2_sw_pnf_02,random_17_minus,12,1,0,"[-1.3110729455947876, -0.2490808665752411]","[-1.3123290538787842, -0.24856893718242645]",-7.5542134046554565,6.490453243255615,[3.9535977840423584],True,83,35822,364,3.9537787437438965,3.9535977840423584,0.025020919740200043,0.16078881919384003,"[[-0.0012560412287712097, 0.0005119740962982178]]",0.9999799728393555
syco_bullshit_v2_sw_pnf_02,random_17_minus,13,1,0,"[-1.7945889234542847, -0.8482195138931274]","[-1.7914148569107056, -0.8468179106712341]",-7.5542134046554565,6.609616756439209,[4.023322582244873],True,84,364,25471,4.023717403411865,4.023322582244873,0.022329768165946007,0.15524376928806305,"[[0.0031736716628074646, 0.0014016702771186829]]",0.999984622001648
syco_bullshit_v2_sw_pnf_02,random_17_minus,14,1,0,"[-1.7196619510650635, -0.6203635931015015]","[-1.7170017957687378, -0.6189300417900085]",-7.5542134046554565,6.456141471862793,[3.932304620742798],True,85,25471,59056,3.9324207305908203,3.932304620742798,0.021715985611081123,0.1548643410205841,"[[0.0026599466800689697, 0.0014336556196212769]]",0.9999847412109375
syco_bullshit_v2_sw_pnf_02,random_17_minus,15,1,0,"[-1.4926947355270386, -0.3000504672527313]","[-1.4947013854980469, -0.30123522877693176]",-7.5542134046554565,6.360747337341309,[3.8732776641845703],True,86,59056,36353,3.8727264404296875,3.8732776641845703,0.023868972435593605,0.16064855456352234,"[[-0.0020067039877176285, -0.0011847727000713348]]",0.9999809861183167
syco_bullshit_v2_sw_pnf_02,random_17_minus,16,1,0,"[-1.3784830570220947, -0.11898517608642578]","[-1.3765294551849365, -0.1178310215473175]",-7.5542134046554565,6.295515060424805,[3.8345677852630615],True,87,36353,26,3.834318161010742,3.8345677852630615,0.025316277518868446,0.16511890292167664,"[[0.001953599974513054, 0.0011540837585926056]]",0.9999781847000122
syco_bullshit_v2_sw_pnf_02,random_17_minus,17,1,0,"[-1.5941112041473389, 0.1717851459980011]","[-1.595031499862671, 0.17129068076610565]",-7.5542134046554565,5.787891387939453,[3.525667190551758],True,88,26,424,3.5264244079589844,3.525667190551758,0.021664107218384743,0.15343986451625824,"[[-0.0009202007204294205, -0.0004944801330566406]]",0.9999811053276062
syco_bullshit_v2_sw_pnf_02,random_17_minus,18,1,0,"[-1.8711345195770264, -0.4703098237514496]","[-1.8697797060012817, -0.4703066945075989]",-7.5542134046554565,6.154740333557129,[3.7466773986816406],True,89,424,369,3.7469704151153564,3.7466773986816406,0.021255195140838623,0.15293197333812714,"[[0.0013547949492931366, 2.9690563678741455e-06]]",0.9999839067459106
syco_bullshit_v2_sw_pnf_02,random_17_minus,19,1,0,"[-1.4849046468734741, -0.3604384660720825]","[-1.4866886138916016, -0.36219561100006104]",-7.5542134046554565,6.429720401763916,[3.9187746047973633],True,90,369,15048,3.9180400371551514,3.9187746047973633,0.020760687068104744,0.14892859756946564,"[[-0.0017839130014181137, -0.001757211983203888]]",0.999985933303833
syco_bullshit_v2_sw_pnf_02,random_17_minus,20,1,0,"[-1.4218249320983887, -0.5189008712768555]","[-1.4174830913543701, -0.5192109942436218]",-7.5542134046554565,6.655941486358643,[4.052749156951904],True,91,15048,1429,4.053194999694824,4.052749156951904,0.026731284335255623,0.15543977916240692,"[[0.00434192456305027, -0.0003101751208305359]]",0.999978244304657
syco_bullshit_v2_sw_pnf_02,random_17_minus,21,1,0,"[-1.7722885608673096, -0.7888369560241699]","[-1.7687690258026123, -0.7886382341384888]",-7.5542134046554565,6.574082851409912,[4.00009822845459],True,92,1429,310,4.000951290130615,4.00009822845459,0.024224285036325455,0.1582220047712326,"[[0.0035192109644412994, 0.00019874423742294312]]",0.999981701374054
syco_bullshit_v2_sw_pnf_02,random_17_minus,22,1,0,"[-1.8846219778060913, -0.6445654630661011]","[-1.882171869277954, -0.6444666981697083]",-7.5542134046554565,6.3165082931518555,[3.847710609436035],True,93,310,6420,3.8477630615234375,3.847710609436035,0.02037065662443638,0.15276624262332916,"[[0.00245029479265213, 9.865686297416687e-05]]",0.9999860525131226
syco_bullshit_v2_sw_pnf_02,random_17_minus,23,1,0,"[-1.7200952768325806, -0.6645653247833252]","[-1.7165260314941406, -0.6646710634231567]",-7.5542134046554565,6.502358436584473,[3.9574027061462402],True,94,6420,321,3.957988977432251,3.9574027061462402,0.02227531000971794,0.15885762870311737,"[[0.003568872809410095, -0.00010587647557258606]]",0.9999841451644897
syco_bullshit_v2_sw_pnf_02,random_17_minus,24,1,0,"[-1.6578099727630615, -0.7752670049667358]","[-1.6544153690338135, -0.7752218246459961]",-7.5542134046554565,6.675020217895508,[4.065241813659668],True,95,321,7698,4.065676689147949,4.065241813659668,0.025814756751060486,0.1633925884962082,"[[0.003394434228539467, 4.516914486885071e-05]]",0.9999798536300659
syco_bullshit_v2_sw_pnf_02,random_17_minus,25,1,0,"[-1.5388532876968384, -0.03710884600877762]","[-1.5381265878677368, -0.03711008280515671]",-7.5542134046554565,6.053196907043457,[3.6863203048706055],True,96,7698,56040,3.686716079711914,3.6863203048706055,0.02154632657766342,0.15909765660762787,"[[0.0007268097251653671, -1.2069940567016602e-06]]",0.9999828934669495
syco_bullshit_v2_sw_pnf_02,random_17_minus,26,1,0,"[-1.7848119735717773, -0.19042569398880005]","[-1.7843122482299805, -0.19075073301792145]",-7.5542134046554565,5.960651874542236,[3.629706859588623],True,97,56040,2785,3.6297991275787354,3.629706859588623,0.023098094388842583,0.16447021067142487,"[[0.0004995409399271011, -0.0003250204026699066]]",0.9999798536300659
syco_bullshit_v2_sw_pnf_02,random_17_minus,27,1,0,"[-1.327856183052063, -0.5554066300392151]","[-1.323347806930542, -0.5548123121261597]",-7.5542134046554565,6.785677909851074,[4.131195545196533],True,98,2785,6149,4.1318182945251465,4.131195545196533,0.02694040536880493,0.16212345659732819,"[[0.004508119076490402, 0.0005941949784755707]]",0.99997878074646
syco_bullshit_v2_sw_pnf_02,random_17_minus,28,1,0,"[-1.731234073638916, -0.2789100408554077]","[-1.7295902967453003, -0.27885547280311584]",-7.5542134046554565,6.10347843170166,[3.7164957523345947],True,99,6149,74593,3.7162303924560547,3.7164957523345947,0.021412812173366547,0.15479238331317902,"[[0.001643562689423561, 5.461275577545166e-05]]",0.9999834299087524
syco_bullshit_v2_sw_pnf_02,random_17_minus,29,1,0,"[-1.5619921684265137, -0.10055682063102722]","[-1.561677098274231, -0.09979747235774994]",-7.5542134046554565,6.092333793640137,[3.71006178855896],True,100,74593,13,3.709707498550415,3.71006178855896,0.02295387163758278,0.15980742871761322,"[[0.00031487084925174713, 0.0007592961192131042]]",0.9999808669090271
syco_bullshit_v2_sw_pnf_02,random_17_minus,30,1,0,"[-1.2281866073608398, 0.2533107101917267]","[-1.2271322011947632, 0.2529878616333008]",-7.5542134046554565,6.074093341827393,[3.699820041656494],True,101,13,50275,3.6996207237243652,3.699820041656494,0.024014106020331383,0.15815021097660065,"[[0.0010543763637542725, -0.0003228411078453064]]",0.9999789595603943
syco_bullshit_v2_sw_pnf_02,random_17_minus,31,1,0,"[-1.078358769416809, -0.20174381136894226]","[-1.0796470642089844, -0.201788991689682]",-7.5542134046554565,6.676355361938477,[4.066600322723389],True,102,50275,11,4.0666303634643555,4.066600322723389,0.02368927374482155,0.156205415725708,"[[-0.0012882929295301437, -4.5180320739746094e-05]]",0.9999830722808838
syco_bullshit_v2_sw_pnf_02,random_17_minus,32,1,0,"[-2.3717329502105713, -0.7065287828445435]","[-2.373056650161743, -0.705183207988739]",-7.5542134046554565,5.886340141296387,[3.588214635848999],True,103,11,1017,3.588350296020508,3.588214635848999,0.018458770588040352,0.14470207691192627,"[[-0.0013235919177532196, 0.0013454742729663849]]",0.9999867677688599
syco_bullshit_v2_sw_pnf_02,random_17_minus,33,1,0,"[-0.9661438465118408, -0.5410237312316895]","[-0.9655921459197998, -0.5398383736610413]",-7.5542134046554565,7.128459930419922,[4.344391822814941],True,104,1017,369,4.3442230224609375,4.344391822814941,0.023631218820810318,0.15687662363052368,"[[0.0005518198013305664, 0.0011853165924549103]]",0.9999852776527405
syco_bullshit_v2_sw_pnf_02,random_17_minus,34,1,0,"[-0.9489036798477173, -0.49525561928749084]","[-0.9476133584976196, -0.49338507652282715]",-7.5542134046554565,7.099985122680664,[4.323558807373047],True,105,369,874,4.32309627532959,4.323558807373047,0.02301851473748684,0.16064441204071045,"[[0.0012901872396469116, 0.001870531588792801]]",0.9999858140945435
syco_bullshit_v2_sw_pnf_02,random_17_minus,35,1,0,"[-1.2365427017211914, -0.5893544554710388]","[-1.2407095432281494, -0.590045154094696]",-7.5542134046554565,6.9035491943359375,[4.2074103355407715],True,106,874,9272,4.20651912689209,4.2074103355407715,0.025054652243852615,0.15746723115444183,"[[-0.004166960716247559, -0.000690758228302002]]",0.9999822974205017
syco_bullshit_v2_sw_pnf_02,random_17_minus,36,1,0,"[-1.490976333618164, -0.671422004699707]","[-1.4868412017822266, -0.6699279546737671]",-7.5542134046554565,6.737300395965576,[4.104075908660889],True,107,9272,11823,4.103668689727783,4.104075908660889,0.02598511055111885,0.16045595705509186,"[[0.00413522869348526, 0.001494143158197403]]",0.9999799728393555
syco_bullshit_v2_sw_pnf_02,random_17_minus,37,1,0,"[-1.4353837966918945, -0.1528085172176361]","[-1.4331084489822388, -0.15208321809768677]",-7.5542134046554565,6.273188591003418,[3.8213534355163574],True,108,11823,364,3.8215596675872803,3.8213534355163574,0.024054406210780144,0.16067743301391602,"[[0.0022753197699785233, 0.0007253922522068024]]",0.999980092048645
syco_bullshit_v2_sw_pnf_02,random_17_minus,38,1,0,"[-2.1204919815063477, -0.5574872493743896]","[-2.1196415424346924, -0.5571560859680176]",-7.5542134046554565,5.991727828979492,[3.648481845855713],True,109,364,345,3.6488940715789795,3.648481845855713,0.018659919500350952,0.1481694132089615,"[[0.0008506812155246735, 0.0003312155604362488]]",0.9999869465827942
syco_bullshit_v2_sw_pnf_02,random_17_minus,39,1,0,"[-1.6525355577468872, -0.6177257895469666]","[-1.649425745010376, -0.6164581775665283]",-7.5542134046554565,6.521245956420898,[3.9695394039154053],True,110,345,4887,3.97039794921875,3.9695394039154053,0.023318711668252945,0.16016988456249237,"[[0.003110097721219063, 0.0012677684426307678]]",0.9999827146530151
syco_bullshit_v2_sw_pnf_02,random_17_minus,40,1,0,"[-1.801764726638794, -0.41727015376091003]","[-1.7999382019042969, -0.4173485040664673]",-7.5542134046554565,6.171623706817627,[3.760063409805298],True,111,4887,421,3.760049343109131,3.760063409805298,0.023485202342271805,0.1581455022096634,"[[0.0018267035484313965, -7.835030555725098e-05]]",0.9999804496765137
syco_bullshit_v2_sw_pnf_02,random_17_minus,41,1,0,"[-1.6570779085159302, -0.7350866198539734]","[-1.653401494026184, -0.7340447306632996]",-7.5542134046554565,6.634856700897217,[4.04051399230957],True,112,421,76511,4.041245460510254,4.04051399230957,0.022926077246665955,0.1571979820728302,"[[0.0036765672266483307, 0.001041911542415619]]",0.9999839067459106
syco_bullshit_v2_sw_pnf_02,random_17_minus,42,1,0,"[-1.739731788635254, -0.3658507764339447]","[-1.7376339435577393, -0.3653397858142853]",-7.5542134046554565,6.181919097900391,[3.762629747390747],True,113,76511,948,3.76334810256958,3.762629747390747,0.021079156547784805,0.15486817061901093,"[[0.0020975563675165176, 0.0005109719932079315]]",0.9999842643737793
syco_bullshit_v2_sw_pnf_02,random_17_minus,43,1,0,"[-1.3202406167984009, -0.3432838022708893]","[-1.3160064220428467, -0.34207218885421753]",-7.5542134046554565,6.580279350280762,[4.005377292633057],True,114,948,310,4.004814624786377,4.005377292633057,0.02386637218296528,0.15654753148555756,"[[0.004234444350004196, 0.0012115463614463806]]",0.9999823570251465
syco_bullshit_v2_sw_pnf_02,random_17_minus,44,1,0,"[-1.6737325191497803, -0.6380001306533813]","[-1.6705337762832642, -0.6376583576202393]",-7.5542134046554565,6.521337985992432,[3.969881296157837],True,115,310,8385,3.9699490070343018,3.969881296157837,0.0218634232878685,0.15252913534641266,"[[0.003198666498064995, 0.0003417171537876129]]",0.999984860420227
syco_bullshit_v2_sw_pnf_02,random_17_minus,45,1,0,"[-1.3884629011154175, -0.5182440876960754]","[-1.3846501111984253, -0.5157221555709839]",-7.5542134046554565,6.685285568237305,[4.072423934936523],True,116,8385,264,4.072510242462158,4.072423934936523,0.025793444365262985,0.15980492532253265,"[[0.0038127265870571136, 0.002521935850381851]]",0.9999798536300659
syco_bullshit_v2_sw_pnf_02,random_17_minus,46,1,0,"[-1.468881607055664, -0.6448352336883545]","[-1.4649142026901245, -0.6437206268310547]",-7.5542134046554565,6.733019828796387,[4.101071834564209],True,117,264,491,4.100649833679199,4.101071834564209,0.02265319414436817,0.14393387734889984,"[[0.00396738201379776, 0.0011147037148475647]]",0.9999847412109375
syco_bullshit_v2_sw_pnf_02,random_17_minus,47,1,0,"[-1.7705466747283936, -0.5165027379989624]","[-1.7689611911773682, -0.5159173607826233]",-7.5542134046554565,6.301169395446777,[3.837735176086426],True,118,491,2193,3.8379878997802734,3.837735176086426,0.02244434878230095,0.156352236866951,"[[0.0015854351222515106, 0.0005853436887264252]]",0.9999829530715942
syco_bullshit_v2_sw_pnf_02,random_17_minus,48,1,0,"[-1.4502036571502686, -0.3569539487361908]","[-1.4518816471099854, -0.357982337474823]",-7.5542134046554565,6.4603142738342285,[3.9353013038635254],True,119,2193,11,3.9352333545684814,3.9353013038635254,0.026741180568933487,0.1675780564546585,"[[-0.0016780868172645569, -0.0010284744203090668]]",0.9999768733978271
syco_bullshit_v2_sw_pnf_02,random_17_minus,49,1,0,"[-1.7116068601608276, -0.27429425716400146]","[-1.7105536460876465, -0.27440619468688965]",-7.5542134046554565,6.11806583404541,[3.7263262271881104],True,120,11,430,3.7257375717163086,3.7263262271881104,0.020708244293928146,0.1527947634458542,"[[0.0010531432926654816, -0.0001119077205657959]]",0.999984622001648
syco_bullshit_v2_sw_pnf_02,random_17_minus,50,1,0,"[-1.8489116430282593, -0.11333346366882324]","[-1.8499336242675781, -0.11358153074979782]",-7.5542134046554565,5.817861557006836,[3.5460174083709717],True,121,430,59056,3.5465986728668213,3.5460174083709717,0.01947120949625969,0.1466984748840332,"[[-0.0010222513228654861, -0.0002480819821357727]]",0.9999849796295166
syco_bullshit_v2_sw_pnf_02,random_17_minus,51,1,0,"[-1.4852075576782227, -0.4297471344470978]","[-1.482021689414978, -0.42851755023002625]",-7.5542134046554565,6.500709533691406,[3.959240674972534],True,122,59056,2193,3.9599170684814453,3.959240674972534,0.024300649762153625,0.15705646574497223,"[[0.003185894340276718, 0.0012296028435230255]]",0.999981164932251
syco_bullshit_v2_sw_pnf_02,random_17_minus,52,1,0,"[-1.2457094192504883, 0.044668860733509064]","[-1.244597315788269, 0.04491478204727173]",-7.5542134046554565,6.2647013664245605,[3.816291570663452],True,123,2193,22005,3.81623911857605,3.816291570663452,0.022968877106904984,0.15878796577453613,"[[0.001112068071961403, 0.00024595484137535095]]",0.9999818801879883
syco_bullshit_v2_sw_pnf_02,random_17_minus,53,1,0,"[-1.5282213687896729, -0.2256409227848053]","[-1.52706778049469, -0.22468966245651245]",-7.5542134046554565,6.251835346221924,[3.8093721866607666],True,124,22005,513,3.8092048168182373,3.8093721866607666,0.023637637495994568,0.16071170568466187,"[[0.001153457909822464, 0.0009512230753898621]]",0.9999807476997375
syco_bullshit_v2_sw_pnf_02,random_17_minus,54,1,0,"[-1.1289201974868774, -0.5078877210617065]","[-1.132837176322937, -0.5092417597770691]",-7.5542134046554565,6.9306182861328125,[4.223116397857666],True,125,513,5802,4.223067283630371,4.223116397857666,0.028540709987282753,0.16286669671535492,"[[-0.003917306661605835, -0.0013540349900722504]]",0.9999771118164062
syco_bullshit_v2_sw_pnf_02,random_17_minus,55,1,0,"[-1.3749349117279053, -0.28845304250717163]","[-1.3718591928482056, -0.2877052426338196]",-7.5542134046554565,6.470059394836426,[3.9383926391601562],True,126,5802,13849,3.939164161682129,3.9383926391601562,0.023838747292757034,0.15406101942062378,"[[0.00307595357298851, 0.0007478184998035431]]",0.999981701374054
syco_bullshit_v2_sw_pnf_02,random_17_minus,56,1,0,"[-1.402712345123291, -0.5663797855377197]","[-1.3992172479629517, -0.5658332705497742]",-7.5542134046554565,6.720829486846924,[4.094796657562256],True,127,13849,494,4.094285011291504,4.094796657562256,0.026712028309702873,0.1569446623325348,"[[0.0034952312707901, 0.000546623021364212]]",0.99997878074646
syco_bullshit_v2_sw_pnf_02,random_17_minus,57,1,0,"[-1.2907334566116333, -0.48597252368927]","[-1.287298321723938, -0.4858320355415344]",-7.5542134046554565,6.752747058868408,[4.112855911254883],True,128,494,7697,4.113091468811035,4.112855911254883,0.025843799114227295,0.15705625712871552,"[[0.003435058519244194, 0.00014047697186470032]]",0.9999802708625793
syco_bullshit_v2_sw_pnf_02,random_17_minus,58,1,0,"[-1.1841065883636475, -0.43608126044273376]","[-1.1797852516174316, -0.43509113788604736]",-7.5542134046554565,6.809519290924072,[4.144449234008789],True,129,7697,32368,4.146210193634033,4.144449234008789,0.028147131204605103,0.1648467630147934,"[[0.004321577027440071, 0.0009901449084281921]]",0.9999769926071167
syco_bullshit_v2_sw_pnf_02,random_17_minus,59,1,0,"[-1.8676501512527466, -0.4240986406803131]","[-1.8666133880615234, -0.42351585626602173]",-7.5542134046554565,6.1111159324646,[3.72052264213562],True,130,32368,4598,3.7208070755004883,3.72052264213562,0.023314343765378,0.16181214153766632,"[[0.0010368060320615768, 0.0005827285349369049]]",0.9999803900718689
syco_bullshit_v2_sw_pnf_02,random_17_minus,60,1,0,"[-1.231829047203064, 0.032724589109420776]","[-1.2299283742904663, 0.03277887776494026]",-7.5542134046554565,6.291506290435791,[3.8338122367858887],True,131,4598,1056,3.8332109451293945,3.8338122367858887,0.02179845981299877,0.15437860786914825,"[[0.0019004978239536285, 5.4273754358291626e-05]]",0.9999837875366211
syco_bullshit_v2_sw_pnf_02,random_17_minus,61,1,0,"[-1.459570288658142, -0.12881425023078918]","[-1.458077073097229, -0.12776905298233032]",-7.5542134046554565,6.223905563354492,[3.7917792797088623],True,132,1056,23285,3.792219400405884,3.7917792797088623,0.020890235900878906,0.15375500917434692,"[[0.0014932379126548767, 0.0010450668632984161]]",0.9999847412109375
syco_bullshit_v2_sw_pnf_02,random_17_minus,62,1,0,"[-1.6372731924057007, -0.12354101240634918]","[-1.6361989974975586, -0.12346753478050232]",-7.5542134046554565,6.041481971740723,[3.6799652576446533],True,133,23285,16243,3.6800014972686768,3.6799652576446533,0.022710759192705154,0.15809527039527893,"[[0.0010745842009782791, 7.355213165283203e-05]]",0.9999810457229614
syco_bullshit_v2_sw_pnf_02,random_17_minus,63,1,0,"[-1.8481987714767456, -0.13141247630119324]","[-1.848161220550537, -0.13076108694076538]",-7.5542134046554565,5.836813449859619,[3.557938575744629],True,134,16243,13,3.5571329593658447,3.557938575744629,0.02106926403939724,0.1504550725221634,"[[3.75695526599884e-05, 0.0006514117121696472]]",0.9999825358390808
syco_bullshit_v2_sw_pnf_02,random_17_minus,64,1,0,"[-1.2769695520401, -0.09747890383005142]","[-1.2793974876403809, -0.09842217713594437]",-7.5542134046554565,6.3732380867004395,[3.8823719024658203],True,135,13,248046,3.8825087547302246,3.8823719024658203,0.022791042923927307,0.15386100113391876,"[[-0.002427963539958, -0.0009432733058929443]]",0.9999828338623047
syco_bullshit_v2_sw_pnf_02,random_17_minus,65,1,0,"[-0.8775574564933777, -0.23319615423679352]","[-0.8775262236595154, -0.23349446058273315]",-7.5542134046554565,6.910181999206543,[4.209447860717773],True,136,248046,198,4.208747863769531,4.209447860717773,0.01925782859325409,0.13227474689483643,"[[3.13296914100647e-05, -0.0002982914447784424]]",0.9999895095825195
syco_bullshit_v2_sw_pnf_02,random_17_minus,66,1,0,"[-2.1647450923919678, -0.49306178092956543]","[-2.1648812294006348, -0.49294915795326233]",-7.5542134046554565,5.882281303405762,[3.5843913555145264],True,137,198,248044,3.5842435359954834,3.5843913555145264,0.01712292619049549,0.13592751324176788,"[[-0.00013615190982818604, 0.00011263042688369751]]",0.9999885559082031
syco_bullshit_v2_sw_pnf_02,random_23_minus,0,72,71,"[-1.484957218170166, 0.5203645825386047]","[-1.4854098558425903, 0.5200477838516235]",-7.5542134046554565,5.548755645751953,"[0.0, 0.0, 0.0, 0.0, 0.0, 0.0, 0.0, 0.0, 0.0, 0.0, 0.0, 0.0, 0.0, 0.0, 0.0, 0.0, 0.0, 0.0, 0.0, 0.0, 0.0, 0.0, 0.0, 0.0, 0.0, 0.0, 0.0, 0.0, 0.0, 0.0, 0.0, 0.0, 0.0, 0.0, 0.0, 0.0, 0.0, 0.0, 0.0, 0.0, 0.0, 0.0, 0.0, 0.0, 0.0, 0.0, 0.0, 0.0, 0.0, 0.0, 0.0, 0.0, 0.0, 0.0, 0.0, 0.0, 0.0, 0.0, 0.0, 0.0, 0.0, 0.0, 0.0, 0.0, 0.0, 0.0, 0.0, 0.0, 0.0, 0.0, 0.0, 3.379441976547241]",True,71,271,3066,3.379399299621582,3.379441976547241,0.019208554178476334,0.13912756741046906,"[[-0.0004524821415543556, -0.00031676143407821655]]",0.9999837875366211
syco_bullshit_v2_sw_pnf_02,random_23_minus,1,1,0,"[-1.5207024812698364, -0.6055076122283936]","[-1.5242648124694824, -0.6068279147148132]",-7.5542134046554565,6.636776447296143,[4.041388988494873],True,72,3066,3295,4.041656017303467,4.041388988494873,0.022338615730404854,0.14684146642684937,"[[-0.003562401980161667, -0.0013202205300331116]]",0.999984860420227
syco_bullshit_v2_sw_pnf_02,random_23_minus,2,1,0,"[-1.666768193244934, -0.46161705255508423]","[-1.6699986457824707, -0.4639754891395569]",-7.5542134046554565,6.3481903076171875,[3.8679749965667725],True,73,3295,17690,3.8676085472106934,3.8679749965667725,0.02477121539413929,0.15743739902973175,"[[-0.0032301070168614388, -0.0023585688322782516]]",0.9999794960021973
syco_bullshit_v2_sw_pnf_02,random_23_minus,3,1,0,"[-1.2919868230819702, -0.6812683939933777]","[-1.2963019609451294, -0.6810336112976074]",-7.5542134046554565,6.938945293426514,[4.229513168334961],True,74,17690,11524,4.229766368865967,4.229513168334961,0.025515882298350334,0.1648964285850525,"[[-0.004314852878451347, 0.00023472867906093597]]",0.9999818205833435
syco_bullshit_v2_sw_pnf_02,random_23_minus,4,1,0,"[-1.3326756954193115, -0.2791198194026947]","[-1.3356611728668213, -0.279975563287735]",-7.5542134046554565,6.498528003692627,[3.9604063034057617],True,75,11524,17775,3.9599416255950928,3.9604063034057617,0.025495583191514015,0.16449077427387238,"[[-0.0029853321611881256, -0.0008556842803955078]]",0.9999793767929077
syco_bullshit_v2_sw_pnf_02,random_23_minus,5,1,0,"[-1.1326979398727417, -0.4772188067436218]","[-1.1316057443618774, -0.47698166966438293]",-7.5542134046554565,6.899589538574219,[4.202558994293213],True,76,17775,369,4.202989101409912,4.202558994293213,0.024436598643660545,0.1651289314031601,"[[0.0010924749076366425, 0.0002370160073041916]]",0.9999831914901733
syco_bullshit_v2_sw_pnf_02,random_23_minus,6,1,0,"[-1.368454098701477, -0.7785928249359131]","[-1.3675718307495117, -0.778526246547699]",-7.5542134046554565,6.965167999267578,[4.24250602722168],True,77,369,17967,4.242668151855469,4.24250602722168,0.023503011092543602,0.15762051939964294,"[[0.0008824728429317474, 6.672926247119904e-05]]",0.9999846816062927
syco_bullshit_v2_sw_pnf_02,random_23_minus,7,1,0,"[-0.8841152191162109, -0.20549629628658295]","[-0.8829988837242126, -0.20494483411312103]",-7.5542134046554565,6.87615966796875,[4.190253734588623],True,78,17967,1429,4.1897759437561035,4.190253734588623,0.023006301373243332,0.16101180016994476,"[[0.001116456463932991, 0.0005513951182365417]]",0.9999850392341614
syco_bullshit_v2_sw_pnf_02,random_23_minus,8,1,0,"[-1.3347868919372559, -0.5059983730316162]","[-1.3388749361038208, -0.5063486099243164]",-7.5542134046554565,6.721687316894531,[4.099255084991455],True,79,1429,310,4.09855842590332,4.099255084991455,0.026083894073963165,0.15773062407970428,"[[-0.004088494926691055, -0.0003503188490867615]]",0.9999798536300659
syco_bullshit_v2_sw_pnf_02,random_23_minus,9,1,0,"[-1.3700183629989624, -0.9021300077438354]","[-1.3729593753814697, -0.9024802446365356]",-7.5542134046554565,7.083734512329102,[4.318126201629639],True,80,310,6762,4.3173651695251465,4.318126201629639,0.024257246404886246,0.16110852360725403,"[[-0.0029408372938632965, -0.0003502853214740753]]",0.9999842047691345
syco_bullshit_v2_sw_pnf_02,random_23_minus,10,1,0,"[-1.5951498746871948, -0.5961358547210693]","[-1.5977966785430908, -0.5986513495445251]",-7.5542134046554565,6.555068016052246,[3.9907491207122803],True,81,6762,59056,3.9901254177093506,3.9907491207122803,0.02486315555870533,0.15471693873405457,"[[-0.0026466259732842445, -0.0025155432522296906]]",0.9999805688858032
syco_bullshit_v2_sw_pnf_02,random_23_minus,11,1,0,"[-1.2493648529052734, -0.20837697386741638]","[-1.2489523887634277, -0.20911850035190582]",-7.5542134046554565,6.514379501342773,[3.9669268131256104],True,82,59056,36353,3.967214584350586,3.9669268131256104,0.021907256916165352,0.15884804725646973,"[[0.0004124213010072708, -0.0007415395230054855]]",0.9999847412109375
syco_bullshit_v2_sw_pnf_02,random_23_minus,12,1,0,"[-1.1726229190826416, 0.03317204862833023]","[-1.1728508472442627, 0.032589152455329895]",-7.5542134046554565,6.34877347946167,[3.8686606884002686],True,83,36353,11,3.868216037750244,3.8686606884002686,0.023577269166707993,0.16222190856933594,"[[-0.00022794771939516068, -0.0005828831344842911]]",0.9999814033508301
syco_bullshit_v2_sw_pnf_02,random_23_minus,13,1,0,"[-1.4074913263320923, -0.10343216359615326]","[-1.406517744064331, -0.10391301661729813]",-7.5542134046554565,6.251608848571777,[3.807246208190918],True,84,11,430,3.807607412338257,3.807246208190918,0.024392925202846527,0.1564280092716217,"[[0.0009736651554703712, -0.0004809033125638962]]",0.9999794363975525
syco_bullshit_v2_sw_pnf_02,random_23_minus,14,1,0,"[-1.70918607711792, -0.22927260398864746]","[-1.713440179824829, -0.23054832220077515]",-7.5542134046554565,6.071321487426758,[3.6991586685180664],True,85,430,421,3.699409246444702,3.6991586685180664,0.025743326172232628,0.15246616303920746,"[[-0.0042540086433291435, -0.0012757759541273117]]",0.9999758005142212
syco_bullshit_v2_sw_pnf_02,random_23_minus,15,1,0,"[-1.2290701866149902, -0.49868786334991455]","[-1.2319684028625488, -0.4997299015522003]",-7.5542134046554565,6.821974754333496,[4.156257152557373],True,86,421,41052,4.156251907348633,4.156257152557373,0.026605548337101936,0.16280215978622437,"[[-0.00289834663271904, -0.0010421257466077805]]",0.9999796152114868
syco_bullshit_v2_sw_pnf_02,random_23_minus,16,1,0,"[-0.9691143035888672, -0.14137893915176392]","[-0.9685638546943665, -0.14091375470161438]",-7.5542134046554565,6.726563453674316,[4.096435546875],True,87,41052,5307,4.096026420593262,4.096435546875,0.021986957639455795,0.1599314659833908,"[[0.0005504852160811424, 0.00046522170305252075]]",0.9999856352806091
syco_bullshit_v2_sw_pnf_02,random_23_minus,17,1,0,"[-1.1926591396331787, -0.24379950761795044]","[-1.191491961479187, -0.2437058836221695]",-7.5542134046554565,6.606427192687988,[4.022156715393066],True,88,5307,32530,4.021725654602051,4.022156715393066,0.023460090160369873,0.1599624902009964,"[[0.0011673616245388985, 9.350478649139404e-05]]",0.9999830722808838
syco_bullshit_v2_sw_pnf_02,random_23_minus,18,1,0,"[-1.252335786819458, -0.41078028082847595]","[-1.2555484771728516, -0.4113718569278717]",-7.5542134046554565,6.710036754608154,[4.090266227722168],True,89,32530,383,4.089759349822998,4.090266227722168,0.025058770552277565,0.15506848692893982,"[[-0.0032126745209097862, -0.0005915295332670212]]",0.999981164932251
syco_bullshit_v2_sw_pnf_02,random_23_minus,19,1,0,"[-1.2729378938674927, -0.6313819885253906]","[-1.2763460874557495, -0.6322989463806152]",-7.5542134046554565,6.910166263580322,[4.211256504058838],True,90,383,7697,4.210819721221924,4.211256504058838,0.024327974766492844,0.15517394244670868,"[[-0.0034081004559993744, -0.0009169857949018478]]",0.9999834299087524
syco_bullshit_v2_sw_pnf_02,random_23_minus,20,1,0,"[-1.0479565858840942, -0.405695378780365]","[-1.0524033308029175, -0.40677410364151]",-7.5542134046554565,6.908584117889404,[4.210640907287598],True,91,7697,32368,4.209662914276123,4.210640907287598,0.026327701285481453,0.16634343564510345,"[[-0.0044463640078902245, -0.0010787900537252426]]",0.9999805092811584
syco_bullshit_v2_sw_pnf_02,random_23_minus,21,1,0,"[-1.7284116744995117, -0.3630390167236328]","[-1.7317392826080322, -0.36552634835243225]",-7.5542134046554565,6.188000679016113,[3.768857002258301],True,92,32368,4598,3.7683510780334473,3.768857002258301,0.02604610286653042,0.15956787765026093,"[[-0.0033278483897447586, -0.0024873632937669754]]",0.9999760985374451
syco_bullshit_v2_sw_pnf_02,random_23_minus,22,1,0,"[-1.4111419916152954, 0.002502072136849165]","[-1.4154764413833618, 0.0019297096878290176]",-7.5542134046554565,6.136807441711426,[3.7394518852233887],True,93,4598,1056,3.739332437515259,3.7394518852233887,0.025807199999690056,0.15029102563858032,"[[-0.004334301687777042, -0.00057242251932621]]",0.9999761581420898
syco_bullshit_v2_sw_pnf_02,random_23_minus,23,1,0,"[-1.3826055526733398, -0.2762269675731659]","[-1.3858497142791748, -0.27785879373550415]",-7.5542134046554565,6.446222305297852,[3.927764415740967],True,94,1056,10597,3.92788028717041,3.927764415740967,0.023596955463290215,0.1542285829782486,"[[-0.003243890590965748, -0.0016318224370479584]]",0.9999819993972778
syco_bullshit_v2_sw_pnf_02,random_23_minus,24,1,0,"[-1.3733898401260376, -0.16639862954616547]","[-1.3774104118347168, -0.1680999994277954]",-7.5542134046554565,6.344902992248535,[3.8664586544036865],True,95,10597,56040,3.866149663925171,3.8664586544036865,0.02554214932024479,0.15566380321979523,"[[-0.004020241089165211, -0.00170145183801651]]",0.999978244304657
syco_bullshit_v2_sw_pnf_02,random_23_minus,25,1,0,"[-1.470967173576355, 0.09117394685745239]","[-1.4748013019561768, 0.090758316218853]",-7.5542134046554565,5.988654136657715,[3.6498982906341553],True,96,56040,16243,3.6499197483062744,3.6498982906341553,0.02488098479807377,0.15497197210788727,"[[-0.0038342559710144997, -0.0004156213253736496]]",0.9999767541885376
syco_bullshit_v2_sw_pnf_02,random_23_minus,26,1,0,"[-1.743955373764038, -0.3670128285884857]","[-1.747854471206665, -0.3677706718444824]",-7.5542134046554565,6.174129486083984,[3.7642078399658203],True,97,16243,13,3.764292001724243,3.7642078399658203,0.025918304920196533,0.15483339130878448,"[[-0.0038993768393993378, -0.0007577985525131226]]",0.9999762773513794
syco_bullshit_v2_sw_pnf_02,random_23_minus,27,1,0,"[-1.4665858745574951, 0.21338674426078796]","[-1.467544436454773, 0.21416664123535156]",-7.5542134046554565,5.872502326965332,[3.579385280609131],True,98,13,11746,3.579130172729492,3.579385280609131,0.025167053565382957,0.1576995551586151,"[[-0.0009586391970515251, 0.0007799342274665833]]",0.999975323677063
syco_bullshit_v2_sw_pnf_02,random_23_minus,28,1,0,"[-1.3057619333267212, -0.4651474952697754]","[-1.3044337034225464, -0.4641527533531189]",-7.5542134046554565,6.713932514190674,[4.089054584503174],True,99,11746,11,4.088469982147217,4.089054584503174,0.02352600172162056,0.15570227801799774,"[[0.0013281209394335747, 0.0009948145598173141]]",0.9999834895133972
syco_bullshit_v2_sw_pnf_02,random_23_minus,29,1,0,"[-2.421497344970703, -0.6230058670043945]","[-2.425954818725586, -0.6244168281555176]",-7.5542134046554565,5.752675533294678,[3.508957624435425],True,100,11,7036,3.5086112022399902,3.508957624435425,0.023126408457756042,0.14154823124408722,"[[-0.0044573042541742325, -0.0014111120253801346]]",0.9999783039093018
syco_bullshit_v2_sw_pnf_02,random_23_minus,30,1,0,"[-2.115853786468506, -0.36157655715942383]","[-2.119968891143799, -0.36440059542655945]",-7.5542134046554565,5.79864501953125,[3.533628463745117],True,101,7036,10813,3.5346481800079346,3.533628463745117,0.026468105614185333,0.15528348088264465,"[[-0.004115220159292221, -0.002823973074555397]]",0.9999719858169556
syco_bullshit_v2_sw_pnf_02,random_23_minus,31,1,0,"[-1.9538438320159912, -0.3353191614151001]","[-1.9585540294647217, -0.33612895011901855]",-7.5542134046554565,5.931788444519043,[3.6155948638916016],True,102,10813,958,3.61533522605896,3.6155948638916016,0.024327291175723076,0.14747372269630432,"[[-0.004710312932729721, -0.0008097458630800247]]",0.9999773502349854
syco_bullshit_v2_sw_pnf_02,random_23_minus,32,1,0,"[-2.0943682193756104, -0.392896831035614]","[-2.099137783050537, -0.3932373821735382]",-7.5542134046554565,5.848313331604004,[3.5668821334838867],True,103,958,345,3.566145420074463,3.5668821334838867,0.023775989189743996,0.14348949491977692,"[[-0.004769418388605118, -0.00034051015973091125]]",0.9999778270721436
syco_bullshit_v2_sw_pnf_02,random_23_minus,33,1,0,"[-1.5072180032730103, -0.549415111541748]","[-1.5107858180999756, -0.5503125190734863]",-7.5542134046554565,6.593740463256836,[4.017248630523682],True,104,345,4887,4.0166449546813965,4.017248630523682,0.025181174278259277,0.16496111452579498,"[[-0.003567744977772236, -0.0008973274379968643]]",0.9999803304672241
syco_bullshit_v2_sw_pnf_02,random_23_minus,34,1,0,"[-1.3471101522445679, -0.24490229785442352]","[-1.3509072065353394, -0.24678808450698853]",-7.5542134046554565,6.450094223022461,[3.9296445846557617],True,105,4887,310,3.9299981594085693,3.9296445846557617,0.02860054187476635,0.16819526255130768,"[[-0.003797062672674656, -0.001885790377855301]]",0.999973475933075
syco_bullshit_v2_sw_pnf_02,random_23_minus,35,1,0,"[-1.0502806901931763, -0.757178783416748]","[-1.0528746843338013, -0.7584295272827148]",-7.5542134046554565,7.259768486022949,[4.423260688781738],True,106,310,10229,4.423452377319336,4.423260688781738,0.02454354800283909,0.16486449539661407,"[[-0.0025939615443348885, -0.0012507233768701553]]",0.999984622001648
syco_bullshit_v2_sw_pnf_02,random_23_minus,36,1,0,"[-1.2610896825790405, -0.5406454801559448]","[-1.2650129795074463, -0.5404310822486877]",-7.5542134046554565,6.829631805419922,[4.16261100769043],True,107,10229,1985,4.162994861602783,4.16261100769043,0.02403264120221138,0.15661431849002838,"[[-0.003923516720533371, 0.0002142973244190216]]",0.9999834299087524
syco_bullshit_v2_sw_pnf_02,random_23_minus,37,1,0,"[-1.122294545173645, -0.3003290593624115]","[-1.1252514123916626, -0.3011314272880554]",-7.5542134046554565,6.730093479156494,[4.102196216583252],True,108,1985,72833,4.102569103240967,4.102196216583252,0.024018267169594765,0.15597952902317047,"[[-0.0029568420723080635, -0.0008022971451282501]]",0.9999828338623047
syco_bullshit_v2_sw_pnf_02,random_23_minus,38,1,0,"[-1.374007225036621, -0.2626650631427765]","[-1.3776025772094727, -0.2639784812927246]",-7.5542134046554565,6.440589427947998,[3.9244236946105957],True,109,72833,10175,3.9236667156219482,3.9244236946105957,0.025741152465343475,0.159962996840477,"[[-0.0035954881459474564, -0.0013134237378835678]]",0.9999785423278809
syco_bullshit_v2_sw_pnf_02,random_23_minus,39,1,0,"[-1.6117771863937378, -0.5200247764587402]","[-1.6154987812042236, -0.5209194421768188]",-7.5542134046554565,6.459634304046631,[3.937586784362793],True,110,10175,2785,3.9372310638427734,3.937586784362793,0.025902505964040756,0.1675344556570053,"[[-0.003721289336681366, -0.0008946824818849564]]",0.9999783635139465
syco_bullshit_v2_sw_pnf_02,random_23_minus,40,1,0,"[-1.1035783290863037, -0.5202500224113464]","[-1.1070106029510498, -0.520949125289917]",-7.5542134046554565,6.968152046203613,[4.246440410614014],True,111,2785,449,4.2460527420043945,4.246440410614014,0.02474074810743332,0.16694869101047516,"[[-0.003431891091167927, -0.0006992053240537643]]",0.999983012676239
syco_bullshit_v2_sw_pnf_02,random_23_minus,41,1,0,"[-1.7341628074645996, -0.3177722692489624]","[-1.7378548383712769, -0.3193609118461609]",-7.5542134046554565,6.135719299316406,[3.737574338912964],True,112,449,6149,3.737377405166626,3.737574338912964,0.023850593715906143,0.15024136006832123,"[[-0.0036922600120306015, -0.0015888139605522156]]",0.9999796152114868
syco_bullshit_v2_sw_pnf_02,random_23_minus,42,1,0,"[-1.354485273361206, -0.09494510293006897]","[-1.3582504987716675, -0.09595996141433716]",-7.5542134046554565,6.2919230461120605,[3.835024356842041],True,113,6149,2193,3.8341288566589355,3.835024356842041,0.0260043703019619,0.15606318414211273,"[[-0.003765210509300232, -0.0010147783905267715]]",0.9999771118164062
syco_bullshit_v2_sw_pnf_02,random_23_minus,43,1,0,"[-1.4702157974243164, -0.33773672580718994]","[-1.4732952117919922, -0.339579313993454]",-7.5542134046554565,6.420497894287109,[3.911620616912842],True,114,2193,466,3.911831855773926,3.911620616912842,0.025315238162875175,0.16269683837890625,"[[-0.0030791517347097397, -0.0018425919115543365]]",0.9999790191650391
syco_bullshit_v2_sw_pnf_02,random_23_minus,44,1,0,"[-1.7384202480316162, -0.4444822072982788]","[-1.7420982122421265, -0.4468604326248169]",-7.5542134046554565,6.258975982666016,[3.814509868621826],True,115,466,310,3.8145406246185303,3.814509868621826,0.02615037001669407,0.15163786709308624,"[[-0.003677872009575367, -0.0023782383650541306]]",0.9999764561653137
syco_bullshit_v2_sw_pnf_02,random_23_minus,45,1,0,"[-1.7839748859405518, -0.6867622137069702]","[-1.78728187084198, -0.6888070106506348]",-7.5542134046554565,6.455738544464111,[3.9335503578186035],True,116,310,6420,3.932816982269287,3.9335503578186035,0.024274811148643494,0.15491445362567902,"[[-0.0033072493970394135, -0.0020448584109544754]]",0.9999810457229614
syco_bullshit_v2_sw_pnf_02,random_23_minus,46,1,0,"[-1.4779937267303467, -0.6171907186508179]","[-1.481850266456604, -0.6185413599014282]",-7.5542134046554565,6.69090461730957,[4.07874059677124],True,117,6420,279,4.078787326812744,4.07874059677124,0.024674832820892334,0.16061510145664215,"[[-0.0038565434515476227, -0.001350540667772293]]",0.999981701374054
syco_bullshit_v2_sw_pnf_02,random_23_minus,47,1,0,"[-1.6030266284942627, -0.3822365701198578]","[-1.606993556022644, -0.3842550218105316]",-7.5542134046554565,6.331475257873535,[3.8581736087799072],True,118,279,2730,3.857917547225952,3.8581736087799072,0.024689704179763794,0.15275445580482483,"[[-0.003966957330703735, -0.002018306404352188]]",0.9999794960021973
syco_bullshit_v2_sw_pnf_02,random_23_minus,48,1,0,"[-1.434714436531067, -0.46171942353248596]","[-1.438793420791626, -0.463382750749588]",-7.5542134046554565,6.578803062438965,[4.006592750549316],True,119,2730,314,4.006544589996338,4.006592750549316,0.026608821004629135,0.16927190124988556,"[[-0.004078670404851437, -0.0016633886843919754]]",0.9999779462814331
syco_bullshit_v2_sw_pnf_02,random_23_minus,49,1,0,"[-2.0465872287750244, -0.4368196129798889]","[-2.0505077838897705, -0.43847161531448364]",-7.5542134046554565,5.9421772956848145,[3.621720790863037],True,120,314,264,3.6213419437408447,3.621720790863037,0.023760709911584854,0.15291853249073029,"[[-0.003920632414519787, -0.0016519706696271896]]",0.9999785423278809
syco_bullshit_v2_sw_pnf_02,random_23_minus,50,1,0,"[-2.016512393951416, -0.4086592197418213]","[-2.020050525665283, -0.41041117906570435]",-7.5542134046554565,5.944574356079102,[3.6220922470092773],True,121,264,2193,3.6218957901000977,3.6220922470092773,0.0230256374925375,0.14651253819465637,"[[-0.003538993187248707, -0.0017519406974315643]]",0.9999798536300659
syco_bullshit_v2_sw_pnf_02,random_23_minus,51,1,0,"[-1.3860194683074951, -0.17748750746250153]","[-1.3893171548843384, -0.1776769906282425]",-7.5542134046554565,6.342573165893555,[3.8663923740386963],True,122,2193,579,3.865875244140625,3.8663923740386963,0.024778587743639946,0.15153230726718903,"[[-0.0032977350056171417, -0.00018941424787044525]]",0.9999794363975525
syco_bullshit_v2_sw_pnf_02,random_23_minus,52,1,0,"[-1.8837631940841675, -0.36229491233825684]","[-1.8880724906921387, -0.3633810579776764]",-7.5542134046554565,6.029521942138672,[3.674250602722168],True,123,579,22005,3.6738264560699463,3.674250602722168,0.024214565753936768,0.15276740491390228,"[[-0.004308989271521568, -0.0010860487818717957]]",0.9999783039093018
syco_bullshit_v2_sw_pnf_02,random_23_minus,53,1,0,"[-1.408831238746643, 0.05353694409132004]","[-1.408928632736206, 0.05365223437547684]",-7.5542134046554565,6.091632843017578,[3.711339235305786],True,124,22005,1238,3.7110133171081543,3.711339235305786,0.024667100980877876,0.1696702092885971,"[[-9.750854223966599e-05, 0.00011522695422172546]]",0.9999778866767883
syco_bullshit_v2_sw_pnf_02,random_23_minus,54,1,0,"[-1.7044345140457153, -0.4525485336780548]","[-1.7085117101669312, -0.45336079597473145]",-7.5542134046554565,6.299062728881836,[3.8403449058532715],True,125,1238,264,3.840303897857666,3.8403449058532715,0.024830855429172516,0.15939833223819733,"[[-0.004077200777828693, -0.000812305137515068]]",0.9999790787696838
syco_bullshit_v2_sw_pnf_02,random_23_minus,55,1,0,"[-1.975612998008728, -0.5320278406143188]","[-1.9802855253219604, -0.533191442489624]",-7.5542134046554565,6.107119560241699,[3.72047758102417],True,126,264,6507,3.7203681468963623,3.72047758102417,0.022555382922291756,0.14750352501869202,"[[-0.004672429524362087, -0.001163804903626442]]",0.9999815821647644
syco_bullshit_v2_sw_pnf_02,random_23_minus,56,1,0,"[-1.257250189781189, -0.14523741602897644]","[-1.2566065788269043, -0.1444750726222992]",-7.5542134046554565,6.442081928253174,[3.924896717071533],True,127,6507,13,3.925551652908325,3.924896717071533,0.02167719043791294,0.16068053245544434,"[[0.0006437432020902634, 0.0007624253630638123]]",0.9999847412109375
syco_bullshit_v2_sw_pnf_02,random_23_minus,57,1,0,"[-1.6530636548995972, -0.09500502794981003]","[-1.652759075164795, -0.09540580213069916]",-7.5542134046554565,5.996860504150391,[3.651555299758911],True,128,13,248046,3.652130365371704,3.651555299758911,0.02003289759159088,0.1461484581232071,"[[0.00030455924570560455, -0.00040073879063129425]]",0.9999849796295166
syco_bullshit_v2_sw_pnf_02,random_23_minus,58,1,0,"[-0.9400967955589294, -0.22065313160419464]","[-0.9395386576652527, -0.22023451328277588]",-7.5542134046554565,6.834909439086914,[4.164137840270996],True,129,248046,198,4.163983345031738,4.164137840270996,0.01790687069296837,0.13236166536808014,"[[0.0005580317229032516, 0.00041864998638629913]]",0.999990701675415
syco_bullshit_v2_sw_pnf_02,random_23_minus,59,1,0,"[-2.2798447608947754, -0.5103001594543457]","[-2.2836716175079346, -0.5117793679237366]",-7.5542134046554565,5.782320976257324,[3.5243468284606934],True,130,198,248044,3.524550199508667,3.5243468284606934,0.022535433992743492,0.136563241481781,"[[-0.0038267243653535843, -0.001479119062423706]]",0.999979555606842
syco_bullshit_v2_sw_pnf_03,random_identity_minus,0,69,68,"[-1.5502445697784424, 0.38095927238464355]","[-1.5502445697784424, 0.38095927238464355]",-7.5542134046554565,5.62300968170166,"[0.0, 0.0, 0.0, 0.0, 0.0, 0.0, 0.0, 0.0, 0.0, 0.0, 0.0, 0.0, 0.0, 0.0, 0.0, 0.0, 0.0, 0.0, 0.0, 0.0, 0.0, 0.0, 0.0, 0.0, 0.0, 0.0, 0.0, 0.0, 0.0, 0.0, 0.0, 0.0, 0.0, 0.0, 0.0, 0.0, 0.0, 0.0, 0.0, 0.0, 0.0, 0.0, 0.0, 0.0, 0.0, 0.0, 0.0, 0.0, 0.0, 0.0, 0.0, 0.0, 0.0, 0.0, 0.0, 0.0, 0.0, 0.0, 0.0, 0.0, 0.0, 0.0, 0.0, 0.0, 0.0, 0.0, 0.0, 0.0, 0.0]",True,68,271,2665,,,,,,
syco_bullshit_v2_sw_pnf_03,random_identity_minus,1,1,0,"[-1.169588327407837, -0.13119915127754211]","[-1.169588327407837, -0.13119915127754211]",-7.5542134046554565,6.515824317932129,[0.0],True,69,2665,11,,,,,,
syco_bullshit_v2_sw_pnf_03,random_identity_minus,2,1,0,"[-1.5916752815246582, -0.17076057195663452]","[-1.5916752815246582, -0.17076057195663452]",-7.5542134046554565,6.133298873901367,[0.0],True,70,11,243308,,,,,,
syco_bullshit_v2_sw_pnf_03,random_identity_minus,3,1,0,"[-1.0774259567260742, -0.577081024646759]","[-1.0774259567260742, -0.577081024646759]",-7.5542134046554565,7.053868770599365,[0.0],True,71,243308,15308,,,,,,
syco_bullshit_v2_sw_pnf_03,random_identity_minus,4,1,0,"[-1.211696743965149, -0.8613238334655762]","[-1.211696743965149, -0.8613238334655762]",-7.5542134046554565,7.203840732574463,[0.0],True,72,15308,12179,,,,,,
syco_bullshit_v2_sw_pnf_03,random_identity_minus,5,1,0,"[-0.8935896754264832, -0.6750983595848083]","[-0.8935896754264832, -0.6750983595848083]",-7.5542134046554565,7.335721969604492,[0.0],True,73,12179,17887,,,,,,
syco_bullshit_v2_sw_pnf_03,random_identity_minus,6,1,0,"[-0.8108844757080078, -0.3595166504383087]","[-0.8108844757080078, -0.3595166504383087]",-7.5542134046554565,7.102845668792725,[0.0],True,74,17887,1954,,,,,,
syco_bullshit_v2_sw_pnf_03,random_identity_minus,7,1,0,"[-1.067320466041565, -0.14313998818397522]","[-1.067320466041565, -0.14313998818397522]",-7.5542134046554565,6.630033016204834,[0.0],True,75,1954,369,,,,,,
syco_bullshit_v2_sw_pnf_03,random_identity_minus,8,1,0,"[-1.199353575706482, -0.3541700541973114]","[-1.199353575706482, -0.3541700541973114]",-7.5542134046554565,6.7090301513671875,[0.0],True,76,369,264,,,,,,
syco_bullshit_v2_sw_pnf_03,random_identity_minus,9,1,0,"[-0.9347364902496338, -0.6333171129226685]","[-0.9347364902496338, -0.6333171129226685]",-7.5542134046554565,7.25279426574707,[0.0],True,77,264,30744,,,,,,
syco_bullshit_v2_sw_pnf_03,random_identity_minus,10,1,0,"[-0.7039204835891724, -0.6654948592185974]","[-0.7039204835891724, -0.6654948592185974]",-7.5542134046554565,7.5157880783081055,[0.0],True,78,30744,7059,,,,,,
syco_bullshit_v2_sw_pnf_03,random_identity_minus,11,1,0,"[-1.2257795333862305, -0.537946879863739]","[-1.2257795333862305, -0.537946879863739]",-7.5542134046554565,6.86638069152832,[0.0],True,79,7059,494,,,,,,
syco_bullshit_v2_sw_pnf_03,random_identity_minus,12,1,0,"[-1.5731579065322876, -0.6114624738693237]","[-1.5731579065322876, -0.6114624738693237]",-7.5542134046554565,6.592517852783203,[0.0],True,80,494,279,,,,,,
syco_bullshit_v2_sw_pnf_03,random_identity_minus,13,1,0,"[-1.5379741191864014, -0.5591342449188232]","[-1.5379741191864014, -0.5591342449188232]",-7.5542134046554565,6.575373649597168,[0.0],True,81,279,220,,,,,,
syco_bullshit_v2_sw_pnf_03,random_identity_minus,14,1,0,"[-1.1162803173065186, -0.37823641300201416]","[-1.1162803173065186, -0.37823641300201416]",-7.5542134046554565,6.816169738769531,[0.0],True,82,220,16,,,,,,
syco_bullshit_v2_sw_pnf_03,random_identity_minus,15,1,0,"[-1.8791708946228027, -1.0092380046844482]","[-1.8791708946228027, -1.0092380046844482]",-7.5542134046554565,6.6842803955078125,[0.0],True,83,16,24,,,,,,
syco_bullshit_v2_sw_pnf_03,random_identity_minus,16,1,0,"[-1.367496132850647, -0.5847443342208862]","[-1.367496132850647, -0.5847443342208862]",-7.5542134046554565,6.771461486816406,[0.0],True,84,24,24,,,,,,
syco_bullshit_v2_sw_pnf_03,random_identity_minus,17,1,0,"[-1.2830737829208374, -0.1623430997133255]","[-1.2830737829208374, -0.1623430997133255]",-7.5542134046554565,6.433483123779297,[0.0],True,85,24,15,,,,,,
syco_bullshit_v2_sw_pnf_03,random_identity_minus,18,1,0,"[-1.4347505569458008, -0.1893400251865387]","[-1.4347505569458008, -0.1893400251865387]",-7.5542134046554565,6.308803081512451,[0.0],True,86,15,82,,,,,,
syco_bullshit_v2_sw_pnf_03,random_identity_minus,19,1,0,"[-1.5132907629013062, 0.022136814892292023]","[-1.5132907629013062, 0.022136814892292023]",-7.5542134046554565,6.0187859535217285,[0.0],True,87,82,321,,,,,,
syco_bullshit_v2_sw_pnf_03,random_identity_minus,20,1,0,"[-1.6244341135025024, 0.3589048683643341]","[-1.6244341135025024, 0.3589048683643341]",-7.5542134046554565,5.5708746910095215,[0.0],True,88,321,682,,,,,,
syco_bullshit_v2_sw_pnf_03,random_identity_minus,21,1,0,"[-1.458320140838623, -0.08659127354621887]","[-1.458320140838623, -0.08659127354621887]",-7.5542134046554565,6.1824846267700195,[0.0],True,89,682,2496,,,,,,
syco_bullshit_v2_sw_pnf_03,random_identity_minus,22,1,0,"[-1.0598478317260742, 0.007255688309669495]","[-1.0598478317260742, 0.007255688309669495]",-7.5542134046554565,6.487110137939453,[0.0],True,90,2496,978,,,,,,
syco_bullshit_v2_sw_pnf_03,random_identity_minus,23,1,0,"[-1.3734287023544312, -0.501075029373169]","[-1.3734287023544312, -0.501075029373169]",-7.5542134046554565,6.681859970092773,[0.0],True,91,978,11205,,,,,,
syco_bullshit_v2_sw_pnf_03,random_identity_minus,24,1,0,"[-1.2723288536071777, -0.12876591086387634]","[-1.2723288536071777, -0.12876591086387634]",-7.5542134046554565,6.410650730133057,[0.0],True,92,11205,303,,,,,,
syco_bullshit_v2_sw_pnf_03,random_identity_minus,25,1,0,"[-1.7672865390777588, -0.3858450949192047]","[-1.7672865390777588, -0.3858450949192047]",-7.5542134046554565,6.17277193069458,[0.0],True,93,303,264,,,,,,
syco_bullshit_v2_sw_pnf_03,random_identity_minus,26,1,0,"[-1.5915004014968872, -0.4670015275478363]","[-1.5915004014968872, -0.4670015275478363]",-7.5542134046554565,6.429714679718018,[0.0],True,94,264,6278,,,,,,
syco_bullshit_v2_sw_pnf_03,random_identity_minus,27,1,0,"[-1.6651639938354492, -0.2590582072734833]","[-1.6651639938354492, -0.2590582072734833]",-7.5542134046554565,6.148107528686523,[0.0],True,95,6278,7072,,,,,,
syco_bullshit_v2_sw_pnf_03,random_identity_minus,28,1,0,"[-1.9063047170639038, -0.5026315450668335]","[-1.9063047170639038, -0.5026315450668335]",-7.5542134046554565,6.150540351867676,[0.0],True,96,7072,12,,,,,,
syco_bullshit_v2_sw_pnf_03,random_identity_minus,29,1,0,"[-1.7304656505584717, -0.7745026350021362]","[-1.7304656505584717, -0.7745026350021362]",-7.5542134046554565,6.598250389099121,[0.0],True,97,12,42466,,,,,,
syco_bullshit_v2_sw_pnf_03,random_identity_minus,30,1,0,"[-1.7888206243515015, -0.27763980627059937]","[-1.7888206243515015, -0.27763980627059937]",-7.5542134046554565,6.043032646179199,[0.0],True,98,42466,3746,,,,,,
syco_bullshit_v2_sw_pnf_03,random_identity_minus,31,1,0,"[-1.7707966566085815, -0.3960082530975342]","[-1.7707966566085815, -0.3960082530975342]",-7.5542134046554565,6.179425239562988,[0.0],True,99,3746,17287,,,,,,
syco_bullshit_v2_sw_pnf_03,random_identity_minus,32,1,0,"[-2.0530691146850586, -0.34275639057159424]","[-2.0530691146850586, -0.34275639057159424]",-7.5542134046554565,5.843900680541992,[0.0],True,100,17287,6302,,,,,,
syco_bullshit_v2_sw_pnf_03,random_identity_minus,33,1,0,"[-1.797263264656067, 0.12011486291885376]","[-1.797263264656067, 0.12011486291885376]",-7.5542134046554565,5.636835098266602,[0.0],True,101,6302,13,,,,,,
syco_bullshit_v2_sw_pnf_03,random_identity_minus,34,1,0,"[-1.139113426208496, 0.5826404690742493]","[-1.139113426208496, 0.5826404690742493]",-7.5542134046554565,5.832459449768066,[0.0],True,102,13,5788,,,,,,
syco_bullshit_v2_sw_pnf_03,random_identity_minus,35,1,0,"[-1.6691176891326904, -0.3825175166130066]","[-1.6691176891326904, -0.3825175166130066]",-7.5542134046554565,6.267613410949707,[0.0],True,103,5788,424,,,,,,
syco_bullshit_v2_sw_pnf_03,random_identity_minus,36,1,0,"[-1.1668269634246826, -0.6025806665420532]","[-1.1668269634246826, -0.6025806665420532]",-7.5542134046554565,6.989967346191406,[0.0],True,104,424,5891,,,,,,
syco_bullshit_v2_sw_pnf_03,random_identity_minus,37,1,0,"[-1.0963314771652222, -0.8949127793312073]","[-1.0963314771652222, -0.8949127793312073]",-7.5542134046554565,7.352794647216797,[0.0],True,105,5891,24956,,,,,,
syco_bullshit_v2_sw_pnf_03,random_identity_minus,38,1,0,"[-1.314469337463379, -0.9523972272872925]","[-1.314469337463379, -0.9523972272872925]",-7.5542134046554565,7.192141532897949,[0.0],True,106,24956,32524,,,,,,
syco_bullshit_v2_sw_pnf_03,random_identity_minus,39,1,0,"[-1.8929284811019897, -0.6326203346252441]","[-1.8929284811019897, -0.6326203346252441]",-7.5542134046554565,6.293905258178711,[0.0],True,107,32524,10616,,,,,,
syco_bullshit_v2_sw_pnf_03,random_identity_minus,40,1,0,"[-1.5629774332046509, -0.5515265464782715]","[-1.5629774332046509, -0.5515265464782715]",-7.5542134046554565,6.542762756347656,[0.0],True,108,10616,11,,,,,,
syco_bullshit_v2_sw_pnf_03,random_identity_minus,41,1,0,"[-1.4515650272369385, -0.1491546332836151]","[-1.4515650272369385, -0.1491546332836151]",-7.5542134046554565,6.251803398132324,[0.0],True,109,11,1141,,,,,,
syco_bullshit_v2_sw_pnf_03,random_identity_minus,42,1,0,"[-1.1041126251220703, -0.33423513174057007]","[-1.1041126251220703, -0.33423513174057007]",-7.5542134046554565,6.784336090087891,[0.0],True,110,1141,22373,,,,,,
syco_bullshit_v2_sw_pnf_03,random_identity_minus,43,1,0,"[-1.097294807434082, -0.09910371899604797]","[-1.097294807434082, -0.09910371899604797]",-7.5542134046554565,6.556022644042969,[0.0],True,111,22373,321,,,,,,
syco_bullshit_v2_sw_pnf_03,random_identity_minus,44,1,0,"[-1.6123050451278687, -0.33983391523361206]","[-1.6123050451278687, -0.33983391523361206]",-7.5542134046554565,6.281742095947266,[0.0],True,112,321,6639,,,,,,
syco_bullshit_v2_sw_pnf_03,random_identity_minus,45,1,0,"[-1.0864430665969849, -0.28237056732177734]","[-1.0864430665969849, -0.28237056732177734]",-7.5542134046554565,6.750141143798828,[0.0],True,113,6639,314,,,,,,
syco_bullshit_v2_sw_pnf_03,random_identity_minus,46,1,0,"[-1.5593756437301636, -0.5641174912452698]","[-1.5593756437301636, -0.5641174912452698]",-7.5542134046554565,6.558955192565918,[0.0],True,114,314,4393,,,,,,
syco_bullshit_v2_sw_pnf_03,random_identity_minus,47,1,0,"[-1.5049424171447754, -0.3674456477165222]","[-1.5049424171447754, -0.3674456477165222]",-7.5542134046554565,6.416716575622559,[0.0],True,115,4393,4257,,,,,,
syco_bullshit_v2_sw_pnf_03,random_identity_minus,48,1,0,"[-1.370944619178772, -0.31243616342544556]","[-1.370944619178772, -0.31243616342544556]",-7.5542134046554565,6.4957051277160645,[0.0],True,116,4257,1236,,,,,,
syco_bullshit_v2_sw_pnf_03,random_identity_minus,49,1,0,"[-1.3070250749588013, -0.49461352825164795]","[-1.3070250749588013, -0.49461352825164795]",-7.5542134046554565,6.741802215576172,[0.0],True,117,1236,424,,,,,,
syco_bullshit_v2_sw_pnf_03,random_identity_minus,50,1,0,"[-1.4207355976104736, -0.38524121046066284]","[-1.4207355976104736, -0.38524121046066284]",-7.5542134046554565,6.51871919631958,[0.0],True,118,424,21840,,,,,,
syco_bullshit_v2_sw_pnf_03,random_identity_minus,51,1,0,"[-1.5409088134765625, -0.26027005910873413]","[-1.5409088134765625, -0.26027005910873413]",-7.5542134046554565,6.2735748291015625,[0.0],True,119,21840,34826,,,,,,
syco_bullshit_v2_sw_pnf_03,random_identity_minus,52,1,0,"[-1.837820291519165, -0.4570382833480835]","[-1.837820291519165, -0.4570382833480835]",-7.5542134046554565,6.173431396484375,[0.0],True,120,34826,364,,,,,,
syco_bullshit_v2_sw_pnf_03,random_identity_minus,53,1,0,"[-1.9038296937942505, -0.5517057776451111]","[-1.9038296937942505, -0.5517057776451111]",-7.5542134046554565,6.202089309692383,[0.0],True,121,364,1428,,,,,,
syco_bullshit_v2_sw_pnf_03,random_identity_minus,54,1,0,"[-1.9788103103637695, -0.35071733593940735]","[-1.9788103103637695, -0.35071733593940735]",-7.5542134046554565,5.926120758056641,[0.0],True,122,1428,4722,,,,,,
syco_bullshit_v2_sw_pnf_03,random_identity_minus,55,1,0,"[-1.8623802661895752, -0.6807894706726074]","[-1.8623802661895752, -0.6807894706726074]",-7.5542134046554565,6.372622489929199,[0.0],True,123,4722,23709,,,,,,
syco_bullshit_v2_sw_pnf_03,random_identity_minus,56,1,0,"[-1.7024803161621094, -0.2532069981098175]","[-1.7024803161621094, -0.2532069981098175]",-7.5542134046554565,6.104940414428711,[0.0],True,124,23709,7463,,,,,,
syco_bullshit_v2_sw_pnf_03,random_identity_minus,57,1,0,"[-0.9376034140586853, -0.33703336119651794]","[-0.9376034140586853, -0.33703336119651794]",-7.5542134046554565,6.953643321990967,[0.0],True,125,7463,310,,,,,,
syco_bullshit_v2_sw_pnf_03,random_identity_minus,58,1,0,"[-1.727941632270813, -0.689710795879364]","[-1.727941632270813, -0.689710795879364]",-7.5542134046554565,6.515982627868652,[0.0],True,126,310,5129,,,,,,
syco_bullshit_v2_sw_pnf_03,random_identity_minus,59,1,0,"[-1.9925503730773926, -0.5485192537307739]","[-1.9925503730773926, -0.5485192537307739]",-7.5542134046554565,6.110182285308838,[0.0],True,127,5129,11567,,,,,,
syco_bullshit_v2_sw_pnf_03,random_identity_minus,60,1,0,"[-1.6867789030075073, -0.6341633796691895]","[-1.6867789030075073, -0.6341633796691895]",-7.5542134046554565,6.501597881317139,[0.0],True,128,11567,7141,,,,,,
syco_bullshit_v2_sw_pnf_03,random_identity_minus,61,1,0,"[-1.760310173034668, -0.6286990642547607]","[-1.760310173034668, -0.6286990642547607]",-7.5542134046554565,6.422602653503418,[0.0],True,129,7141,1040,,,,,,
syco_bullshit_v2_sw_pnf_03,random_identity_minus,62,1,0,"[-1.522433876991272, -0.6023172736167908]","[-1.522433876991272, -0.6023172736167908]",-7.5542134046554565,6.634097099304199,[0.0],True,130,1040,19569,,,,,,
syco_bullshit_v2_sw_pnf_03,random_identity_minus,63,1,0,"[-1.37105131149292, -0.638292670249939]","[-1.37105131149292, -0.638292670249939]",-7.5542134046554565,6.821455001831055,[0.0],True,131,19569,3017,,,,,,
syco_bullshit_v2_sw_pnf_03,random_identity_minus,64,1,0,"[-1.5191587209701538, -0.609459638595581]","[-1.5191587209701538, -0.609459638595581]",-7.5542134046554565,6.644514560699463,[0.0],True,132,3017,466,,,,,,
syco_bullshit_v2_sw_pnf_03,random_identity_minus,65,1,0,"[-1.6223070621490479, -0.7636948823928833]","[-1.6223070621490479, -0.7636948823928833]",-7.5542134046554565,6.695601463317871,[0.0],True,133,466,66200,,,,,,
syco_bullshit_v2_sw_pnf_03,random_identity_minus,66,1,0,"[-1.4895336627960205, -0.5580443739891052]","[-1.4895336627960205, -0.5580443739891052]",-7.5542134046554565,6.6227240562438965,[0.0],True,134,66200,95331,,,,,,
syco_bullshit_v2_sw_pnf_03,random_identity_minus,67,1,0,"[-1.2771120071411133, -0.2925913631916046]","[-1.2771120071411133, -0.2925913631916046]",-7.5542134046554565,6.569692611694336,[0.0],True,135,95331,13,,,,,,
syco_bullshit_v2_sw_pnf_03,random_identity_minus,68,1,0,"[-1.1963378190994263, 0.12586697936058044]","[-1.1963378190994263, 0.12586697936058044]",-7.5542134046554565,6.232008934020996,[0.0],True,136,13,248046,,,,,,
syco_bullshit_v2_sw_pnf_03,random_identity_minus,69,1,0,"[-0.8552796840667725, -0.10844889283180237]","[-0.8552796840667725, -0.10844889283180237]",-7.5542134046554565,6.807382583618164,[0.0],True,137,248046,198,,,,,,
syco_bullshit_v2_sw_pnf_03,random_identity_minus,70,1,0,"[-1.9167437553405762, -0.20990410447120667]","[-1.9167437553405762, -0.20990410447120667]",-7.5542134046554565,5.847373962402344,[0.0],True,138,198,248044,,,,,,
syco_bullshit_v2_sw_pnf_03,random_17_minus,0,69,68,"[-1.5502445697784424, 0.38095927238464355]","[-1.5518032312393188, 0.3804982006549835]",-7.5542134046554565,5.621912002563477,"[0.0, 0.0, 0.0, 0.0, 0.0, 0.0, 0.0, 0.0, 0.0, 0.0, 0.0, 0.0, 0.0, 0.0, 0.0, 0.0, 0.0, 0.0, 0.0, 0.0, 0.0, 0.0, 0.0, 0.0, 0.0, 0.0, 0.0, 0.0, 0.0, 0.0, 0.0, 0.0, 0.0, 0.0, 0.0, 0.0, 0.0, 0.0, 0.0, 0.0, 0.0, 0.0, 0.0, 0.0, 0.0, 0.0, 0.0, 0.0, 0.0, 0.0, 0.0, 0.0, 0.0, 0.0, 0.0, 0.0, 0.0, 0.0, 0.0, 0.0, 0.0, 0.0, 0.0, 0.0, 0.0, 0.0, 0.0, 0.0, 3.4258077144622803]",True,68,271,2665,3.4255640506744385,3.4258077144622803,0.019123611971735954,0.13685917854309082,"[[-0.0015588998794555664, -0.00046103447675704956]]",0.9999843835830688
syco_bullshit_v2_sw_pnf_03,random_17_minus,1,1,0,"[-1.169588327407837, -0.13119915127754211]","[-1.17111337184906, -0.1312968134880066]",-7.5542134046554565,6.514396667480469,[3.968947649002075],True,69,2665,11,3.9683403968811035,3.968947649002075,0.020580174401402473,0.149663046002388,"[[-0.001525120809674263, -9.777769446372986e-05]]",0.9999865889549255
syco_bullshit_v2_sw_pnf_03,random_17_minus,2,1,0,"[-1.5916752815246582, -0.17076057195663452]","[-1.5902693271636963, -0.1700228601694107]",-7.5542134046554565,6.13396692276001,[3.7350621223449707],True,70,11,243308,3.734992504119873,3.7350621223449707,0.021148279309272766,0.14437316358089447,"[[0.0014060810208320618, 0.0007377490401268005]]",0.9999839067459106
syco_bullshit_v2_sw_pnf_03,random_17_minus,3,1,0,"[-1.0774259567260742, -0.577081024646759]","[-1.0763740539550781, -0.5760815143585205]",-7.5542134046554565,7.053920745849609,[4.296410083770752],True,71,243308,15308,4.2958855628967285,4.296410083770752,0.02184588834643364,0.1573711484670639,"[[0.0010521188378334045, 0.0009996183216571808]]",0.9999870657920837
syco_bullshit_v2_sw_pnf_03,random_17_minus,4,1,0,"[-1.211696743965149, -0.8613238334655762]","[-1.2146097421646118, -0.8618506193161011]",-7.5542134046554565,7.201454162597656,[4.391410827636719],True,72,15308,12179,4.390857696533203,4.391410827636719,0.025307320058345795,0.16778461635112762,"[[-0.0029128380119800568, -0.0005268380045890808]]",0.9999833106994629
syco_bullshit_v2_sw_pnf_03,random_17_minus,5,1,0,"[-0.8935896754264832, -0.6750983595848083]","[-0.8952738642692566, -0.6760030388832092]",-7.5542134046554565,7.334942817687988,[4.467576026916504],True,73,12179,17887,4.46738862991333,4.467576026916504,0.02363363839685917,0.1679006963968277,"[[-0.001684345304965973, -0.0009047091007232666]]",0.9999859929084778
syco_bullshit_v2_sw_pnf_03,random_17_minus,6,1,0,"[-0.8108844757080078, -0.3595166504383087]","[-0.8093278408050537, -0.3604462146759033]",-7.5542134046554565,7.105331897735596,[4.327315807342529],True,74,17887,1954,4.327730178833008,4.327315807342529,0.0237797349691391,0.16833440959453583,"[[0.0015562400221824646, -0.0009295716881752014]]",0.999984860420227
syco_bullshit_v2_sw_pnf_03,random_17_minus,7,1,0,"[-1.067320466041565, -0.14313998818397522]","[-1.0675725936889648, -0.14338979125022888]",-7.5542134046554565,6.630030632019043,[4.0383830070495605],True,75,1954,369,4.038455963134766,4.0383830070495605,0.02343016117811203,0.16314299404621124,"[[-0.0002523791044950485, -0.0002498514950275421]]",0.9999831914901733
syco_bullshit_v2_sw_pnf_03,random_17_minus,8,1,0,"[-1.199353575706482, -0.3541700541973114]","[-1.1953791379928589, -0.3521701693534851]",-7.5542134046554565,6.711004734039307,[4.087648391723633],True,76,369,264,4.088248252868652,4.087648391723633,0.024192048236727715,0.1531415432691574,"[[0.003974586725234985, 0.0019998885691165924]]",0.9999825954437256
syco_bullshit_v2_sw_pnf_03,random_17_minus,9,1,0,"[-0.9347364902496338, -0.6333171129226685]","[-0.937248945236206, -0.6353651285171509]",-7.5542134046554565,7.2523298263549805,[4.419553279876709],True,77,264,30744,4.418030261993408,4.419553279876709,0.022444752976298332,0.16000334918498993,"[[-0.002512715756893158, -0.002047959715127945]]",0.9999871253967285
syco_bullshit_v2_sw_pnf_03,random_17_minus,10,1,0,"[-0.7039204835891724, -0.6654948592185974]","[-0.7059687972068787, -0.6646475791931152]",-7.5542134046554565,7.512892246246338,[4.5777788162231445],True,78,30744,7059,4.578246593475342,4.5777788162231445,0.02480984479188919,0.17404423654079437,"[[-0.002048362046480179, 0.000847306102514267]]",0.99998539686203
syco_bullshit_v2_sw_pnf_03,random_17_minus,11,1,0,"[-1.2257795333862305, -0.537946879863739]","[-1.2312419414520264, -0.5392069816589355]",-7.5542134046554565,6.862178802490234,[4.1838698387146],True,79,7059,494,4.182814121246338,4.1838698387146,0.02930503897368908,0.1646801382303238,"[[-0.005462475121021271, -0.0012600049376487732]]",0.9999755620956421
syco_bullshit_v2_sw_pnf_03,random_17_minus,12,1,0,"[-1.5731579065322876, -0.6114624738693237]","[-1.569340467453003, -0.6104758977890015]",-7.5542134046554565,6.595348834991455,[4.013918399810791],True,80,494,279,4.014713287353516,4.013918399810791,0.022706378251314163,0.1545361578464508,"[[0.0038172882050275803, 0.0009864941239356995]]",0.999984085559845
syco_bullshit_v2_sw_pnf_03,random_17_minus,13,1,0,"[-1.5379741191864014, -0.5591342449188232]","[-1.5344200134277344, -0.5573947429656982]",-7.5542134046554565,6.577188491821289,[4.0044121742248535],True,81,279,220,4.0040812492370605,4.0044121742248535,0.02155592106282711,0.14622211456298828,"[[0.003553919494152069, 0.001739412546157837]]",0.9999855160713196
syco_bullshit_v2_sw_pnf_03,random_17_minus,14,1,0,"[-1.1162803173065186, -0.37823641300201416]","[-1.1114622354507446, -0.3761581480503082]",-7.5542134046554565,6.818909645080566,[4.151288032531738],True,82,220,16,4.151144027709961,4.151288032531738,0.025383837521076202,0.15195046365261078,"[[0.004818093031644821, 0.0020782388746738434]]",0.9999812245368958
syco_bullshit_v2_sw_pnf_03,random_17_minus,15,1,0,"[-1.8791708946228027, -1.0092380046844482]","[-1.8754233121871948, -1.0088945627212524]",-7.5542134046554565,6.687685012817383,[4.072725296020508],True,83,16,24,4.072559833526611,4.072725296020508,0.021631810814142227,0.15508106350898743,"[[0.003747284412384033, 0.00034351274371147156]]",0.9999858140945435
syco_bullshit_v2_sw_pnf_03,random_17_minus,16,1,0,"[-1.367496132850647, -0.5847443342208862]","[-1.363446831703186, -0.5840456485748291]",-7.5542134046554565,6.7748122215271,[4.125277519226074],True,84,24,24,4.125831604003906,4.125277519226074,0.021834582090377808,0.13532745838165283,"[[0.004049383103847504, 0.0006985664367675781]]",0.9999860525131226
syco_bullshit_v2_sw_pnf_03,random_17_minus,17,1,0,"[-1.2830737829208374, -0.1623430997133255]","[-1.2803148031234741, -0.1615554690361023]",-7.5542134046554565,6.435454368591309,[3.9187512397766113],True,85,24,15,3.9189298152923584,3.9187512397766113,0.02277245558798313,0.15127642452716827,"[[0.002759277820587158, 0.0007876716554164886]]",0.9999831914901733
syco_bullshit_v2_sw_pnf_03,random_17_minus,18,1,0,"[-1.4347505569458008, -0.1893400251865387]","[-1.433638334274292, -0.18699336051940918]",-7.5542134046554565,6.307568550109863,[3.8437154293060303],True,86,15,82,3.8438663482666016,3.8437154293060303,0.023966673761606216,0.1619609296321869,"[[0.0011123791337013245, 0.0023466497659683228]]",0.9999805688858032
syco_bullshit_v2_sw_pnf_03,random_17_minus,19,1,0,"[-1.5132907629013062, 0.022136814892292023]","[-1.5117502212524414, 0.02205861732363701]",-7.5542134046554565,6.020404815673828,[3.665687084197998],True,87,82,321,3.6661548614501953,3.665687084197998,0.022481070831418037,0.15852384269237518,"[[0.0015403255820274353, -7.818639278411865e-05]]",0.9999812841415405
syco_bullshit_v2_sw_pnf_03,random_17_minus,20,1,0,"[-1.6244341135025024, 0.3589048683643341]","[-1.6259167194366455, 0.35808345675468445]",-7.5542134046554565,5.570213317871094,[3.39298677444458],True,88,321,682,3.393000364303589,3.39298677444458,0.021495528519153595,0.14511889219284058,"[[-0.0014823228120803833, -0.0008213818073272705]]",0.9999799132347107
syco_bullshit_v2_sw_pnf_03,random_17_minus,21,1,0,"[-1.458320140838623, -0.08659127354621887]","[-1.4575814008712769, -0.08644072711467743]",-7.5542134046554565,6.183073043823242,[3.76301908493042],True,89,682,2496,3.7631478309631348,3.76301908493042,0.02068609930574894,0.15065591037273407,"[[0.0007385089993476868, 0.00015059113502502441]]",0.9999849200248718
syco_bullshit_v2_sw_pnf_03,random_17_minus,22,1,0,"[-1.0598478317260742, 0.007255688309669495]","[-1.0612211227416992, 0.007053636014461517]",-7.5542134046554565,6.485939025878906,[3.953068256378174],True,90,2496,978,3.9528465270996094,3.953068256378174,0.022874344140291214,0.15579812228679657,"[[-0.0013731606304645538, -0.00020204484462738037]]",0.9999832510948181
syco_bullshit_v2_sw_pnf_03,random_17_minus,23,1,0,"[-1.3734287023544312, -0.501075029373169]","[-1.3693594932556152, -0.5005823969841003]",-7.5542134046554565,6.685436248779297,[4.071505546569824],True,91,978,11205,4.071586608886719,4.071505546569824,0.02589876390993595,0.1527954339981079,"[[0.004069264978170395, 0.0004926472902297974]]",0.9999797344207764
syco_bullshit_v2_sw_pnf_03,random_17_minus,24,1,0,"[-1.2723288536071777, -0.12876591086387634]","[-1.2694119215011597, -0.12820056080818176]",-7.5542134046554565,6.413002014160156,[3.9034886360168457],True,92,11205,303,3.9045674800872803,3.9034886360168457,0.0239678006619215,0.1566040813922882,"[[0.002917461097240448, 0.0005653202533721924]]",0.9999812841415405
syco_bullshit_v2_sw_pnf_03,random_17_minus,25,1,0,"[-1.7672865390777588, -0.3858450949192047]","[-1.765851378440857, -0.38549327850341797]",-7.5542134046554565,6.173855304718018,[3.7588083744049072],True,93,303,264,3.7588951587677,3.7588083744049072,0.01998058892786503,0.14597010612487793,"[[0.0014353711158037186, 0.0003519393503665924]]",0.999985933303833
syco_bullshit_v2_sw_pnf_03,random_17_minus,26,1,0,"[-1.5915004014968872, -0.4670015275478363]","[-1.5894266366958618, -0.4661653935909271]",-7.5542134046554565,6.430952072143555,[3.918386220932007],True,94,264,7072,3.9175243377685547,3.918386220932007,0.021613996475934982,0.14746421575546265,"[[0.0020736735314130783, 0.0008361563086509705]]",0.9999847412109375
syco_bullshit_v2_sw_pnf_03,random_17_minus,27,1,0,"[-1.850522756576538, -0.410207062959671]","[-1.8493083715438843, -0.4106132686138153]",-7.5542134046554565,6.115518569946289,[3.722088575363159],True,95,7072,12,3.722344160079956,3.722088575363159,0.02075306326150894,0.14821013808250427,"[[0.0012143850326538086, -0.00040617212653160095]]",0.9999845027923584
syco_bullshit_v2_sw_pnf_03,random_17_minus,28,1,0,"[-1.7614471912384033, -0.7476374506950378]","[-1.7581417560577393, -0.7465333938598633]",-7.5542134046554565,6.542605400085449,[3.9831974506378174],True,96,12,42466,3.9831864833831787,3.9831974506378174,0.021694812923669815,0.15094958245754242,"[[0.003305792808532715, 0.001104108989238739]]",0.9999852180480957
syco_bullshit_v2_sw_pnf_03,random_17_minus,29,1,0,"[-1.810420274734497, -0.21224185824394226]","[-1.8102796077728271, -0.2126941680908203]",-7.5542134046554565,5.95662784576416,[3.627854824066162],True,97,42466,3746,3.627427101135254,3.627854824066162,0.02253025397658348,0.1572907716035843,"[[0.00014088302850723267, -0.0004522949457168579]]",0.9999808073043823
syco_bullshit_v2_sw_pnf_03,random_17_minus,30,1,0,"[-1.8330931663513184, -0.3668287396430969]","[-1.8320726156234741, -0.36684858798980713]",-7.5542134046554565,6.0889892578125,[3.7074344158172607],True,98,3746,17287,3.7073683738708496,3.7074344158172607,0.0217076875269413,0.1514614075422287,"[[0.0010203607380390167, -1.9740313291549683e-05]]",0.9999828338623047
syco_bullshit_v2_sw_pnf_03,random_17_minus,31,1,0,"[-2.044109344482422, -0.3249748945236206]","[-2.0440680980682373, -0.3252924978733063]",-7.5542134046554565,5.835437774658203,[3.557159423828125],True,99,17287,6302,3.5569353103637695,3.557159423828125,0.021772289648652077,0.15310287475585938,"[[4.103034734725952e-05, -0.0003175996243953705]]",0.9999812841415405
syco_bullshit_v2_sw_pnf_03,random_17_minus,32,1,0,"[-1.8221015930175781, 0.08827193081378937]","[-1.8237923383712769, 0.08859819173812866]",-7.5542134046554565,5.641822814941406,[3.4371070861816406],True,100,6302,13,3.437255859375,3.4371070861816406,0.020872872322797775,0.1468677520751953,"[[-0.0016909539699554443, 0.00032626837491989136]]",0.9999816417694092
syco_bullshit_v2_sw_pnf_03,random_17_minus,33,1,0,"[-1.154679536819458, 0.5859163999557495]","[-1.1548556089401245, 0.5851014256477356]",-7.5542134046554565,5.81425666809082,[3.541107416152954],True,101,13,997,3.5405678749084473,3.541107416152954,0.025953710079193115,0.15688981115818024,"[[-0.000176209956407547, -0.0008149482309818268]]",0.9999731779098511
syco_bullshit_v2_sw_pnf_03,random_17_minus,34,1,0,"[-1.3929945230484009, -0.6265683770179749]","[-1.3892223834991455, -0.6252346038818359]",-7.5542134046554565,6.790225982666016,[4.134783744812012],True,102,997,39108,4.134699821472168,4.134783744812012,0.025027403607964516,0.14925803244113922,"[[0.0037723463028669357, 0.0013337768614292145]]",0.9999816417694092
syco_bullshit_v2_sw_pnf_03,random_17_minus,35,1,0,"[-1.9317480325698853, -0.44121402502059937]","[-1.9318292140960693, -0.4421629309654236]",-7.5542134046554565,6.064547538757324,[3.69326114654541],True,103,39108,7728,3.69341778755188,3.69326114654541,0.022982630878686905,0.15894590318202972,"[[-8.131563663482666e-05, -0.0009489879012107849]]",0.999980628490448
syco_bullshit_v2_sw_pnf_03,random_17_minus,36,1,0,"[-2.1789169311523438, -0.5202302932739258]","[-2.1798224449157715, -0.5195565819740295]",-7.5542134046554565,5.893947601318359,[3.5903313159942627],True,104,7728,24438,3.591306686401367,3.5903313159942627,0.01802154630422592,0.14737121760845184,"[[-0.0009057056158781052, 0.0006738454103469849]]",0.9999874234199524
syco_bullshit_v2_sw_pnf_03,random_17_minus,37,1,0,"[-1.6216793060302734, -0.14132195711135864]","[-1.620461106300354, -0.1409156769514084]",-7.5542134046554565,6.074667930603027,[3.7009987831115723],True,105,24438,18336,3.7004592418670654,3.7009987831115723,0.02383744902908802,0.15647216141223907,"[[0.0012183617800474167, 0.0004063025116920471]]",0.9999792575836182
syco_bullshit_v2_sw_pnf_03,random_17_minus,38,1,0,"[-1.8074291944503784, -0.4884085953235626]","[-1.8059628009796143, -0.48779964447021484]",-7.5542134046554565,6.236050605773926,[3.7997446060180664],True,106,18336,3145,3.799776315689087,3.7997446060180664,0.020850447937846184,0.1556372344493866,"[[0.0014662165194749832, 0.0006089657545089722]]",0.9999849796295166
syco_bullshit_v2_sw_pnf_03,random_17_minus,39,1,0,"[-1.7143181562423706, -0.6757474541664124]","[-1.7107691764831543, -0.6746277809143066]",-7.5542134046554565,6.518072128295898,[3.9691221714019775],True,107,3145,35983,3.9692516326904297,3.9691221714019775,0.022461336106061935,0.15632517635822296,"[[0.0035489890724420547, 0.0011197179555892944]]",0.9999840259552002
syco_bullshit_v2_sw_pnf_03,random_17_minus,40,1,0,"[-1.7319889068603516, -0.5408245325088501]","[-1.7293691635131836, -0.5399670600891113]",-7.5542134046554565,6.364811420440674,[3.8744122982025146],True,108,35983,1142,3.8751473426818848,3.8744122982025146,0.025475749745965004,0.16586549580097198,"[[0.0026192814111709595, 0.000857621431350708]]",0.9999784231185913
syco_bullshit_v2_sw_pnf_03,random_17_minus,41,1,0,"[-1.5728927850723267, -0.5760063529014587]","[-1.5695183277130127, -0.5751973390579224]",-7.5542134046554565,6.559892654418945,[3.993842601776123],True,109,1142,310,3.994466781616211,3.993842601776123,0.024222828447818756,0.15290303528308868,"[[0.003374338150024414, 0.000809013843536377]]",0.9999816417694092
syco_bullshit_v2_sw_pnf_03,random_17_minus,42,1,0,"[-1.9555838108062744, -0.7040330171585083]","[-1.952919840812683, -0.7029425501823425]",-7.5542134046554565,6.30423641204834,[3.839393377304077],True,110,310,264,3.8391709327697754,3.839393377304077,0.019924668595194817,0.15584801137447357,"[[0.0026636961847543716, 0.0010904334485530853]]",0.9999866485595703
syco_bullshit_v2_sw_pnf_03,random_17_minus,43,1,0,"[-1.884214162826538, -0.6185885071754456]","[-1.8827069997787476, -0.6182676553726196]",-7.5542134046554565,6.289773941040039,[3.8308639526367188],True,111,264,41042,3.8317079544067383,3.8308639526367188,0.019827473908662796,0.1478273868560791,"[[0.0015070661902427673, 0.00032078102231025696]]",0.9999866485595703
syco_bullshit_v2_sw_pnf_03,random_17_minus,44,1,0,"[-2.1431965827941895, -0.49825185537338257]","[-2.1426827907562256, -0.49814510345458984]",-7.5542134046554565,5.909675598144531,[3.6004016399383545],True,112,41042,10485,3.600066900253296,3.6004016399383545,0.02075577899813652,0.1538005769252777,"[[0.0005136840045452118, 0.00010664388537406921]]",0.9999834299087524
syco_bullshit_v2_sw_pnf_03,random_17_minus,45,1,0,"[-1.8019161224365234, -0.5404611229896545]","[-1.8002063035964966, -0.5408854484558105]",-7.5542134046554565,6.29489278793335,[3.8336143493652344],True,113,10485,10813,3.833852529525757,3.8336143493652344,0.022032177075743675,0.1555020809173584,"[[0.0017096493393182755, -0.00042434409260749817]]",0.999983549118042
syco_bullshit_v2_sw_pnf_03,random_17_minus,46,1,0,"[-1.2771100997924805, -0.4645130932331085]","[-1.2733502388000488, -0.4645211100578308]",-7.5542134046554565,6.745384216308594,[4.107461929321289],True,114,10813,7225,4.106982707977295,4.107461929321289,0.02702805958688259,0.15576954185962677,"[[0.00376015342772007, -8.042901754379272e-06]]",0.9999783039093018
syco_bullshit_v2_sw_pnf_03,random_17_minus,47,1,0,"[-1.7371281385421753, -0.6045346260070801]","[-1.7355228662490845, -0.6038072109222412]",-7.5542134046554565,6.422497749328613,[3.912383556365967],True,115,7225,11048,3.9124245643615723,3.912383556365967,0.0211046040058136,0.14978067576885223,"[[0.0016055479645729065, 0.0007274523377418518]]",0.9999854564666748
syco_bullshit_v2_sw_pnf_03,random_17_minus,48,1,0,"[-1.3672298192977905, -0.34326624870300293]","[-1.3638087511062622, -0.34229809045791626]",-7.5542134046554565,6.532702922821045,[3.9756979942321777],True,116,11048,11567,3.9765071868896484,3.9756979942321777,0.02310691960155964,0.15899960696697235,"[[0.003421301022171974, 0.0009681358933448792]]",0.9999831318855286
syco_bullshit_v2_sw_pnf_03,random_17_minus,49,1,0,"[-1.5408165454864502, -0.7418488264083862]","[-1.53728449344635, -0.7403641939163208]",-7.5542134046554565,6.757293224334717,[4.115588188171387],True,117,11567,18910,4.116215229034424,4.115588188171387,0.026272468268871307,0.16632406413555145,"[[0.0035318583250045776, 0.0014846660196781158]]",0.9999796748161316
syco_bullshit_v2_sw_pnf_03,random_17_minus,50,1,0,"[-1.6108754873275757, -0.3988577723503113]","[-1.6080737113952637, -0.3976111114025116]",-7.5542134046554565,6.343750953674316,[3.8625235557556152],True,118,18910,466,3.8627355098724365,3.8625235557556152,0.025741958990693092,0.16521906852722168,"[[0.002801762893795967, 0.0012466199696063995]]",0.9999777674674988
syco_bullshit_v2_sw_pnf_03,random_17_minus,51,1,0,"[-1.7591129541397095, -0.6748512983322144]","[-1.7563388347625732, -0.6749603152275085]",-7.5542134046554565,6.472835063934326,[3.9404444694519043],True,119,466,2446,3.940892219543457,3.9404444694519043,0.022101514041423798,0.15591149032115936,"[[0.0027739722281694412, -0.000109061598777771]]",0.9999842643737793
syco_bullshit_v2_sw_pnf_03,random_17_minus,52,1,0,"[-2.013329029083252, -0.5070189833641052]","[-2.01348876953125, -0.506029486656189]",-7.5542134046554565,6.046754360198975,[3.6834018230438232],True,120,2446,458,3.683394193649292,3.6834018230438232,0.019714511930942535,0.15393322706222534,"[[-0.000159338116645813, 0.0009896084666252136]]",0.9999858140945435
syco_bullshit_v2_sw_pnf_03,random_17_minus,53,1,0,"[-1.9753443002700806, -0.6674591302871704]","[-1.973881721496582, -0.6666083931922913]",-7.5542134046554565,6.2469401359558105,[3.8064119815826416],True,121,458,13082,3.8066563606262207,3.8064119815826416,0.018276389688253403,0.1400156468153,"[[0.0014625005424022675, 0.0008506104350090027]]",0.9999884963035583
syco_bullshit_v2_sw_pnf_03,random_17_minus,54,1,0,"[-1.8031498193740845, -0.5092769861221313]","[-1.8009387254714966, -0.5089225172996521]",-7.5542134046554565,6.262197494506836,[3.814748764038086],True,122,13082,11870,3.815157890319824,3.814748764038086,0.02357063628733158,0.16394755244255066,"[[0.0022112522274255753, 0.0003544464707374573]]",0.9999808669090271
syco_bullshit_v2_sw_pnf_03,random_17_minus,55,1,0,"[-1.6612299680709839, -0.11753016710281372]","[-1.659786343574524, -0.11736418306827545]",-7.5542134046554565,6.011791229248047,[3.6614978313446045],True,123,11870,4598,3.6611392498016357,3.6614978313446045,0.023736702278256416,0.16333988308906555,"[[0.001443527638912201, 0.00016595423221588135]]",0.9999790191650391
syco_bullshit_v2_sw_pnf_03,random_17_minus,56,1,0,"[-0.7335420250892639, -0.1540159285068512]","[-0.7337301969528198, -0.15353699028491974]",-7.5542134046554565,6.974020481109619,[4.248286247253418],True,124,4598,1056,4.247696876525879,4.248286247253418,0.02422226406633854,0.16416044533252716,"[[-0.00018813833594322205, 0.0004788227379322052]]",0.9999836683273315
syco_bullshit_v2_sw_pnf_03,random_17_minus,57,1,0,"[-1.3556184768676758, -0.6455262303352356]","[-1.3511054515838623, -0.6439917683601379]",-7.5542134046554565,6.847099781036377,[4.1697869300842285],True,125,1056,26606,4.169890880584717,4.1697869300842285,0.024564476683735847,0.1590951532125473,"[[0.004512796178460121, 0.00153438001871109]]",0.9999825954437256
syco_bullshit_v2_sw_pnf_03,random_17_minus,58,1,0,"[-1.5294946432113647, -0.6060251593589783]","[-1.526658535003662, -0.6041957139968872]",-7.5542134046554565,6.631750583648682,[4.0371413230896],True,126,26606,32524,4.038100242614746,4.0371413230896,0.02420794777572155,0.15931279957294464,"[[0.00283634290099144, 0.0018293000757694244]]",0.9999820590019226
syco_bullshit_v2_sw_pnf_03,random_17_minus,59,1,0,"[-2.003349542617798, -0.5991609692573547]","[-2.0021817684173584, -0.598322868347168]",-7.5542134046554565,6.150354385375977,[3.745680093765259],True,127,32524,10616,3.7449214458465576,3.745680093765259,0.023023856803774834,0.16243532299995422,"[[0.0011676866561174393, 0.0008379966020584106]]",0.999981164932251
syco_bullshit_v2_sw_pnf_03,random_17_minus,60,1,0,"[-1.8380815982818604, -0.2348923534154892]","[-1.8376435041427612, -0.23528510332107544]",-7.5542134046554565,5.951855182647705,[3.623044967651367],True,128,10616,13,3.623927593231201,3.623044967651367,0.022277649492025375,0.15565361082553864,"[[0.00043793395161628723, -0.00039266422390937805]]",0.9999812245368958
syco_bullshit_v2_sw_pnf_03,random_17_minus,61,1,0,"[-1.4685654640197754, 0.046674277633428574]","[-1.4678945541381836, 0.04693860933184624]",-7.5542134046554565,6.039380073547363,[3.6776137351989746],True,129,13,248046,3.67765736579895,3.6776137351989746,0.02237757481634617,0.15324893593788147,"[[0.0006710048764944077, 0.0002643577754497528]]",0.9999815225601196
syco_bullshit_v2_sw_pnf_03,random_17_minus,62,1,0,"[-0.8814192414283752, -0.1352214515209198]","[-0.8815491199493408, -0.13498152792453766]",-7.5542134046554565,6.807645797729492,[4.1483049392700195],True,130,248046,198,4.148099422454834,4.1483049392700195,0.019102856516838074,0.13219289481639862,"[[-0.00012981519103050232, 0.00023993104696273804]]",0.9999895095825195
syco_bullshit_v2_sw_pnf_03,random_17_minus,63,1,0,"[-1.919907569885254, -0.11693422496318817]","[-1.9205622673034668, -0.11732691526412964]",-7.5542134046554565,5.750978469848633,[3.505244731903076],True,131,198,248044,3.5047781467437744,3.505244731903076,0.01866864413022995,0.13747748732566833,"[[-0.0006545837968587875, -0.00039273500442504883]]",0.9999858140945435
syco_bullshit_v2_sw_pnf_03,random_23_minus,0,69,68,"[-1.5502445697784424, 0.38095927238464355]","[-1.5495250225067139, 0.38074997067451477]",-7.5542134046554565,5.62393856048584,"[0.0, 0.0, 0.0, 0.0, 0.0, 0.0, 0.0, 0.0, 0.0, 0.0, 0.0, 0.0, 0.0, 0.0, 0.0, 0.0, 0.0, 0.0, 0.0, 0.0, 0.0, 0.0, 0.0, 0.0, 0.0, 0.0, 0.0, 0.0, 0.0, 0.0, 0.0, 0.0, 0.0, 0.0, 0.0, 0.0, 0.0, 0.0, 0.0, 0.0, 0.0, 0.0, 0.0, 0.0, 0.0, 0.0, 0.0, 0.0, 0.0, 0.0, 0.0, 0.0, 0.0, 0.0, 0.0, 0.0, 0.0, 0.0, 0.0, 0.0, 0.0, 0.0, 0.0, 0.0, 0.0, 0.0, 0.0, 0.0, 3.4262502193450928]",True,68,271,2665,3.4255640506744385,3.4262502193450928,0.018692925572395325,0.13685917854309082,"[[0.0007194350473582745, -0.00020921602845191956]]",0.9999851584434509
syco_bullshit_v2_sw_pnf_03,random_23_minus,1,1,0,"[-1.169588327407837, -0.13119915127754211]","[-1.1677902936935425, -0.13173808157444]",-7.5542134046554565,6.518161296844482,[3.968306064605713],True,69,2665,11,3.9683403968811035,3.968306064605713,0.021456575021147728,0.149663046002388,"[[0.0017982106655836105, -0.000539097934961319]]",0.99998539686203
syco_bullshit_v2_sw_pnf_03,random_23_minus,2,1,0,"[-1.5916752815246582, -0.17076057195663452]","[-1.5962880849838257, -0.1709335595369339]",-7.5542134046554565,6.128859043121338,[3.7344441413879395],True,70,11,243308,3.734992504119873,3.7344441413879395,0.024061497300863266,0.14437316358089447,"[[-0.004612947814166546, -0.0001729428768157959]]",0.9999792575836182
syco_bullshit_v2_sw_pnf_03,random_23_minus,3,1,0,"[-1.0774259567260742, -0.577081024646759]","[-1.0759283304214478, -0.576655924320221]",-7.5542134046554565,7.054941177368164,[4.295801639556885],True,71,243308,15308,4.2958855628967285,4.295801639556885,0.02112685702741146,0.1573711484670639,"[[0.0014976859092712402, 0.00042515993118286133]]",0.9999879002571106
syco_bullshit_v2_sw_pnf_03,random_23_minus,4,1,0,"[-1.211696743965149, -0.8613238334655762]","[-1.2141170501708984, -0.861782431602478]",-7.5542134046554565,7.201879024505615,[4.390499114990234],True,72,15308,12179,4.390857696533203,4.390499114990234,0.02391052432358265,0.16778461635112762,"[[-0.00242005567997694, -0.000458667054772377]]",0.9999851584434509
syco_bullshit_v2_sw_pnf_03,random_23_minus,5,1,0,"[-0.8935896754264832, -0.6750983595848083]","[-0.8966033458709717, -0.676294207572937]",-7.5542134046554565,7.333904266357422,[4.467401504516602],True,73,12179,17887,4.46738862991333,4.467401504516602,0.024713288992643356,0.1679006963968277,"[[-0.0030136527493596077, -0.0011958703398704529]]",0.9999846816062927
syco_bullshit_v2_sw_pnf_03,random_23_minus,6,1,0,"[-0.8108844757080078, -0.3595166504383087]","[-0.8106432557106018, -0.358291894197464]",-7.5542134046554565,7.101861953735352,[4.327826023101807],True,74,17887,1954,4.327730178833008,4.327826023101807,0.02762051299214363,0.16833440959453583,"[[0.00024101696908473969, 0.0012248698621988297]]",0.9999796748161316
syco_bullshit_v2_sw_pnf_03,random_23_minus,7,1,0,"[-1.067320466041565, -0.14313998818397522]","[-1.0664160251617432, -0.14282135665416718]",-7.5542134046554565,6.630619049072266,[4.0382914543151855],True,75,1954,318,4.038455963134766,4.0382914543151855,0.02210112288594246,0.16314299404621124,"[[0.0009042453020811081, 0.00031863898038864136]]",0.9999849796295166
syco_bullshit_v2_sw_pnf_03,random_23_minus,8,1,0,"[-1.6206142902374268, -0.45059823989868164]","[-1.6245298385620117, -0.45230165123939514]",-7.5542134046554565,6.381985187530518,[3.8891313076019287],True,76,318,6211,3.888786792755127,3.8891313076019287,0.02293304353952408,0.14536651968955994,"[[-0.003915497101843357, -0.001703515648841858]]",0.9999825954437256
syco_bullshit_v2_sw_pnf_03,random_23_minus,9,1,0,"[-1.4451326131820679, -0.4901830554008484]","[-1.4487690925598145, -0.4906655550003052]",-7.5542134046554565,6.596109867095947,[4.0195159912109375],True,77,6211,45,4.019776821136475,4.0195159912109375,0.024081086739897728,0.1554025560617447,"[[-0.0036365967243909836, -0.00048248469829559326]]",0.9999819993972778
syco_bullshit_v2_sw_pnf_03,random_23_minus,10,1,0,"[-1.068585991859436, -0.288883239030838]","[-1.0685402154922485, -0.2880607545375824]",-7.5542134046554565,6.773734092712402,[4.125701904296875],True,78,45,8,4.126168251037598,4.125701904296875,0.020907675847411156,0.15859894454479218,"[[4.555191844701767e-05, 0.0008224807679653168]]",0.9999872446060181
syco_bullshit_v2_sw_pnf_03,random_23_minus,11,1,0,"[-1.3466459512710571, -0.2975492477416992]","[-1.3459312915802002, -0.297446072101593]",-7.5542134046554565,6.505728244781494,[3.962730646133423],True,79,8,369,3.962878465652466,3.962730646133423,0.021855315193533897,0.15050429105758667,"[[0.0007144492119550705, 0.00010322034358978271]]",0.9999847412109375
syco_bullshit_v2_sw_pnf_03,random_23_minus,12,1,0,"[-1.1004879474639893, -0.41258811950683594]","[-1.1036168336868286, -0.4135926365852356]",-7.5542134046554565,6.864189147949219,[4.1825337409973145],True,80,369,264,4.182071208953857,4.1825337409973145,0.023693129420280457,0.15282969176769257,"[[-0.003129122778773308, -0.0010046213865280151]]",0.9999839067459106
syco_bullshit_v2_sw_pnf_03,random_23_minus,13,1,0,"[-1.0739573240280151, -0.6358945369720459]","[-1.0764422416687012, -0.6366877555847168]",-7.5542134046554565,7.114459037780762,[4.33674430847168],True,81,264,30744,4.336491584777832,4.33674430847168,0.024249762296676636,0.15930168330669403,"[[-0.0024845674633979797, -0.0007932912558317184]]",0.9999843835830688
syco_bullshit_v2_sw_pnf_03,random_23_minus,14,1,0,"[-0.6214462518692017, -0.6759437918663025]","[-0.6241661310195923, -0.6772518157958984]",-7.5542134046554565,7.607299327850342,[4.636784553527832],True,82,30744,12263,4.636629581451416,4.636784553527832,0.02586314268410206,0.17649699747562408,"[[-0.0027201268821954727, -0.0013080239295959473]]",0.9999845027923584
syco_bullshit_v2_sw_pnf_03,random_23_minus,15,1,0,"[-1.1541093587875366, -0.6150751113891602]","[-1.1575957536697388, -0.6161800026893616]",-7.5542134046554565,7.012797832489014,[4.2708964347839355],True,83,12263,10660,4.27172327041626,4.2708964347839355,0.025924617424607277,0.16819383203983307,"[[-0.003486129455268383, -0.001104932278394699]]",0.9999815821647644
syco_bullshit_v2_sw_pnf_03,random_23_minus,16,1,0,"[-1.045166254043579, -0.892941951751709]","[-1.0479940176010132, -0.8941249847412109]",-7.5542134046554565,7.400344371795654,[4.509397506713867],True,84,10660,539,4.509005069732666,4.509397506713867,0.024158120155334473,0.16964410245418549,"[[-0.002827828750014305, -0.0011829975992441177]]",0.9999856948852539
syco_bullshit_v2_sw_pnf_03,random_23_minus,17,1,0,"[-1.6401292085647583, -0.7360632419586182]","[-1.64320969581604, -0.7367730736732483]",-7.5542134046554565,6.647777080535889,[4.051941394805908],True,85,539,279,4.051959991455078,4.051941394805908,0.02182740531861782,0.14845974743366241,"[[-0.003080463968217373, -0.0007098186761140823]]",0.9999854564666748
syco_bullshit_v2_sw_pnf_03,random_23_minus,18,1,0,"[-1.5536553859710693, -0.7904520034790039]","[-1.5572092533111572, -0.7912464737892151]",-7.5542134046554565,6.788250923156738,[4.137852191925049],True,86,279,3746,4.138069152832031,4.137852191925049,0.02294854260981083,0.14779426157474518,"[[-0.0035540442913770676, -0.0007945913821458817]]",0.9999846816062927
syco_bullshit_v2_sw_pnf_03,random_23_minus,19,1,0,"[-1.1408089399337769, -0.670090913772583]","[-1.1439110040664673, -0.6707305312156677]",-7.5542134046554565,7.081033229827881,[4.316431522369385],True,87,3746,17287,4.315831661224365,4.316431522369385,0.02104986645281315,0.14169646799564362,"[[-0.0031021172180771828, -0.000639626756310463]]",0.9999880790710449
syco_bullshit_v2_sw_pnf_03,random_23_minus,20,1,0,"[-1.3646767139434814, -0.5467880964279175]","[-1.3687336444854736, -0.5473901033401489]",-7.5542134046554565,6.732870101928711,[4.103277683258057],True,88,17287,3809,4.104007720947266,4.103277683258057,0.024166567251086235,0.15673531591892242,"[[-0.00405692495405674, -0.0006019361317157745]]",0.9999825954437256
syco_bullshit_v2_sw_pnf_03,random_23_minus,21,1,0,"[-1.137445092201233, -0.8306602835655212]","[-1.1406306028366089, -0.8309703469276428]",-7.5542134046554565,7.244553089141846,[4.4164838790893555],True,89,3809,4598,4.4160027503967285,4.4164838790893555,0.025539081543684006,0.1737084835767746,"[[-0.003185688517987728, -0.0003101397305727005]]",0.9999833106994629
syco_bullshit_v2_sw_pnf_03,random_23_minus,22,1,0,"[-0.29817625880241394, -0.451615571975708]","[-0.2963593304157257, -0.4520002603530884]",-7.5542134046554565,7.709854602813721,[4.696329593658447],True,90,4598,1056,4.696545600891113,4.696329593658447,0.023933880031108856,0.1670011579990387,"[[0.0018169712275266647, -0.0003846902400255203]]",0.999987006187439
syco_bullshit_v2_sw_pnf_03,random_23_minus,23,1,0,"[-1.1230241060256958, -0.5218436121940613]","[-1.1263000965118408, -0.5233763456344604]",-7.5542134046554565,6.951289653778076,[4.2353715896606445],True,91,1056,264,4.234790802001953,4.2353715896606445,0.023905828595161438,0.15815670788288116,"[[-0.003275821916759014, -0.0015328768640756607]]",0.9999841451644897
syco_bullshit_v2_sw_pnf_03,random_23_minus,24,1,0,"[-1.1130878925323486, -0.6181451678276062]","[-1.1164079904556274, -0.6187731027603149]",-7.5542134046554565,7.056578636169434,[4.297718048095703],True,92,264,4862,4.298324108123779,4.297718048095703,0.02459469437599182,0.162554070353508,"[[-0.0033199219033122063, -0.000627836212515831]]",0.9999836683273315
syco_bullshit_v2_sw_pnf_03,random_23_minus,25,1,0,"[-1.2526683807373047, -0.3242103159427643]","[-1.2566156387329102, -0.3256819248199463]",-7.5542134046554565,6.623279571533203,[4.038826942443848],True,93,4862,11205,4.0385236740112305,4.038826942443848,0.02500210516154766,0.15841044485569,"[[-0.003947300836443901, -0.0014717113226652145]]",0.9999808073043823
syco_bullshit_v2_sw_pnf_03,random_23_minus,26,1,0,"[-1.3103049993515015, -0.5826767683029175]","[-1.3141896724700928, -0.5835654735565186]",-7.5542134046554565,6.823589324951172,[4.158361434936523],True,94,11205,466,4.158071041107178,4.158361434936523,0.025622926652431488,0.16066299378871918,"[[-0.0038849906995892525, -0.0008887611329555511]]",0.9999810457229614
syco_bullshit_v2_sw_pnf_03,random_23_minus,27,1,0,"[-1.4535911083221436, -0.4362497627735138]","[-1.4573498964309692, -0.4377184808254242]",-7.5542134046554565,6.534582138061523,[3.9807207584381104],True,95,466,17852,3.9802801609039307,3.9807207584381104,0.02488611824810505,0.15281425416469574,"[[-0.0037589501589536667, -0.0014687031507492065]]",0.9999804496765137
syco_bullshit_v2_sw_pnf_03,random_23_minus,28,1,0,"[-1.4165551662445068, -0.35397833585739136]","[-1.421402931213379, -0.3559546172618866]",-7.5542134046554565,6.488765239715576,[3.9524500370025635],True,96,17852,5224,3.9520089626312256,3.9524500370025635,0.024984173476696014,0.1586276888847351,"[[-0.0048479000106453896, -0.0019761845469474792]]",0.9999799728393555
syco_bullshit_v2_sw_pnf_03,random_23_minus,29,1,0,"[-1.3817487955093384, -0.5834288597106934]","[-1.3849694728851318, -0.5849274396896362]",-7.5542134046554565,6.754171371459961,[4.117090225219727],True,97,5224,13,4.1165266036987305,4.117090225219727,0.025152670219540596,0.16382472217082977,"[[-0.003220362588763237, -0.0014985986053943634]]",0.9999812841415405
syco_bullshit_v2_sw_pnf_03,random_23_minus,30,1,0,"[-1.205878496170044, 0.14771109819412231]","[-1.2062987089157104, 0.14825277030467987]",-7.5542134046554565,6.199662208557129,[3.7756545543670654],True,98,13,5788,3.7762198448181152,3.7756545543670654,0.024167917668819427,0.16194778680801392,"[[-0.0004201885312795639, 0.0005416981875896454]]",0.999979555606842
syco_bullshit_v2_sw_pnf_03,random_23_minus,31,1,0,"[-1.62205171585083, -0.7301960587501526]","[-1.6250373125076294, -0.7320226430892944]",-7.5542134046554565,6.661198616027832,[4.061812877655029],True,99,5788,424,4.061405181884766,4.061812877655029,0.025585483759641647,0.15523821115493774,"[[-0.0029855603352189064, -0.0018266960978507996]]",0.9999802112579346
syco_bullshit_v2_sw_pnf_03,random_23_minus,32,1,0,"[-0.9794745445251465, -1.070529818534851]","[-0.9821791648864746, -1.0711989402770996]",-7.5542134046554565,7.643233299255371,[4.65714168548584],True,100,424,20021,4.657375335693359,4.65714168548584,0.025492006912827492,0.1725436896085739,"[[-0.0027045374736189842, -0.0006691142916679382]]",0.9999850988388062
syco_bullshit_v2_sw_pnf_03,random_23_minus,33,1,0,"[-1.1510251760482788, -0.955964982509613]","[-1.1531503200531006, -0.9582289457321167]",-7.5542134046554565,7.359292030334473,[4.482292652130127],True,101,20021,69892,4.481876373291016,4.482292652130127,0.025239797309041023,0.16979189217090607,"[[-0.002125311642885208, -0.002263883128762245]]",0.999984085559845
syco_bullshit_v2_sw_pnf_03,random_23_minus,34,1,0,"[-1.9656683206558228, -0.6409894227981567]","[-1.9692515134811401, -0.641547679901123]",-7.5542134046554565,6.2265095710754395,[3.7964282035827637],True,102,69892,32524,3.796035051345825,3.7964282035827637,0.02499336749315262,0.1595623642206192,"[[-0.0035830577835440636, -0.0005583185702562332]]",0.9999783039093018
syco_bullshit_v2_sw_pnf_03,random_23_minus,35,1,0,"[-2.206681966781616, -0.6759054064750671]","[-2.2115986347198486, -0.676389753818512]",-7.5542134046554565,6.019004821777344,[3.6693828105926514],True,103,32524,10616,3.668311834335327,3.6693828105926514,0.02658560872077942,0.1633521020412445,"[[-0.004916433244943619, -0.00048451684415340424]]",0.9999738931655884
syco_bullshit_v2_sw_pnf_03,random_23_minus,36,1,0,"[-1.9168487787246704, -0.6884644627571106]","[-1.9208927154541016, -0.6900059580802917]",-7.5542134046554565,6.32332706451416,[3.8551993370056152],True,104,10616,364,3.854667901992798,3.8551993370056152,0.02699151076376438,0.16320087015628815,"[[-0.004044065251946449, -0.0015415269881486893]]",0.9999754428863525
syco_bullshit_v2_sw_pnf_03,random_23_minus,37,1,0,"[-2.1915321350097656, -0.7646058797836304]","[-2.19600248336792, -0.7664943933486938]",-7.5542134046554565,6.1247053146362305,[3.7320375442504883],True,105,364,7072,3.731687545776367,3.7320375442504883,0.022870972752571106,0.14975698292255402,"[[-0.004470965825021267, -0.0018885228782892227]]",0.9999812841415405
syco_bullshit_v2_sw_pnf_03,random_23_minus,38,1,0,"[-1.8609488010406494, -0.5314289331436157]","[-1.865563154220581, -0.5320024490356445]",-7.5542134046554565,6.2206525802612305,[3.7938318252563477],True,106,7072,12,3.7929446697235107,3.7938318252563477,0.02346867322921753,0.14905090630054474,"[[-0.004614060744643211, -0.0005736108869314194]]",0.9999808669090271
syco_bullshit_v2_sw_pnf_03,random_23_minus,39,1,0,"[-1.6926459074020386, -0.9373462200164795]","[-1.6964561939239502, -0.9386601448059082]",-7.5542134046554565,6.796417236328125,[4.142683506011963],True,107,12,42466,4.142446041107178,4.142683506011963,0.022506721317768097,0.15343314409255981,"[[-0.003810303285717964, -0.0013139639049768448]]",0.9999853372573853
syco_bullshit_v2_sw_pnf_03,random_23_minus,40,1,0,"[-2.1006386280059814, -0.4389779567718506]","[-2.1045711040496826, -0.4400358200073242]",-7.5542134046554565,5.889678001403809,[3.589308977127075],True,108,42466,59716,3.5900745391845703,3.589308977127075,0.025293774902820587,0.15751050412654877,"[[-0.00393235869705677, -0.0010578073561191559]]",0.9999752044677734
syco_bullshit_v2_sw_pnf_03,random_23_minus,41,1,0,"[-1.8445910215377808, -0.6545040607452393]","[-1.8491871356964111, -0.6561852097511292]",-7.5542134046554565,6.361211776733398,[3.878121852874756],True,109,59716,11,3.878441333770752,3.878121852874756,0.02461836487054825,0.15546028316020966,"[[-0.004596197046339512, -0.0016810931265354156]]",0.9999797940254211
syco_bullshit_v2_sw_pnf_03,random_23_minus,42,1,0,"[-1.3797909021377563, -0.4121371805667877]","[-1.3837224245071411, -0.4131924510002136]",-7.5542134046554565,6.583683490753174,[4.010426998138428],True,110,11,424,4.010818004608154,4.010426998138428,0.025715889409184456,0.1532413363456726,"[[-0.003931642509996891, -0.0010552573949098587]]",0.9999794960021973
syco_bullshit_v2_sw_pnf_03,random_23_minus,43,1,0,"[-1.1336172819137573, -0.5440948009490967]","[-1.1365035772323608, -0.5452021360397339]",-7.5542134046554565,6.962912082672119,[4.241632461547852],True,111,424,8198,4.241662979125977,4.241632461547852,0.024256490170955658,0.15822291374206543,"[[-0.002886117435991764, -0.0011073090136051178]]",0.9999837279319763
syco_bullshit_v2_sw_pnf_03,random_23_minus,44,1,0,"[-1.0317649841308594, -0.6519262194633484]","[-1.035019874572754, -0.6533835530281067]",-7.5542134046554565,7.172577381134033,[4.3723344802856445],True,112,8198,449,4.371438980102539,4.3723344802856445,0.025084257125854492,0.1642061471939087,"[[-0.0032548261806368828, -0.0014573074877262115]]",0.9999836683273315
syco_bullshit_v2_sw_pnf_03,random_23_minus,45,1,0,"[-1.3178821802139282, -1.0606820583343506]","[-1.3202996253967285, -1.0624552965164185]",-7.5542134046554565,7.2963690757751465,[4.444899082183838],True,113,449,13842,4.444821357727051,4.444899082183838,0.023113852366805077,0.163509801030159,"[[-0.0024176714941859245, -0.001773228868842125]]",0.9999865293502808
syco_bullshit_v2_sw_pnf_03,random_23_minus,46,1,0,"[-1.1040223836898804, -0.8720765113830566]","[-1.1068336963653564, -0.8743144273757935]",-7.5542134046554565,7.321694374084473,[4.46035099029541],True,114,13842,7059,4.459774017333984,4.46035099029541,0.023592624813318253,0.17024864256381989,"[[-0.0028111273422837257, -0.0022379178553819656]]",0.9999860525131226
syco_bullshit_v2_sw_pnf_03,random_23_minus,47,1,0,"[-1.5333305597305298, -0.757854163646698]","[-1.537589430809021, -0.7585217356681824]",-7.5542134046554565,6.775146007537842,[4.130412578582764],True,115,7059,1973,4.130119800567627,4.130412578582764,0.0252454224973917,0.16786687076091766,"[[-0.004258821718394756, -0.0006675943732261658]]",0.9999813437461853
syco_bullshit_v2_sw_pnf_03,random_23_minus,48,1,0,"[-1.1891100406646729, -0.372671514749527]","[-1.193867564201355, -0.37353771924972534]",-7.5542134046554565,6.733883857727051,[4.106023788452148],True,116,1973,4393,4.106056213378906,4.106023788452148,0.024936990812420845,0.15906976163387299,"[[-0.004757402464747429, -0.000866178423166275]]",0.9999815225601196
syco_bullshit_v2_sw_pnf_03,random_23_minus,49,1,0,"[-1.7644047737121582, -0.5359621047973633]","[-1.7688064575195312, -0.5374083518981934]",-7.5542134046554565,6.322815418243408,[3.853367328643799],True,117,4393,5492,3.8534700870513916,3.853367328643799,0.02421645075082779,0.15628662705421448,"[[-0.004401846788823605, -0.0014462359249591827]]",0.9999802708625793
syco_bullshit_v2_sw_pnf_03,random_23_minus,50,1,0,"[-1.717482328414917, -0.4204191267490387]","[-1.721246600151062, -0.421428382396698]",-7.5542134046554565,6.254395484924316,[3.813493013381958],True,118,5492,69112,3.813101291656494,3.813493013381958,0.025942744687199593,0.15596343576908112,"[[-0.003764227032661438, -0.0010092221200466156]]",0.9999768733978271
syco_bullshit_v2_sw_pnf_03,random_23_minus,51,1,0,"[-1.7741427421569824, -0.3039417862892151]","[-1.7792415618896484, -0.30517083406448364]",-7.5542134046554565,6.080142974853516,[3.7048323154449463],True,119,69112,13,3.705430269241333,3.7048323154449463,0.02587483450770378,0.15930312871932983,"[[-0.005098803900182247, -0.0012291483581066132]]",0.9999756813049316
syco_bullshit_v2_sw_pnf_03,random_23_minus,52,1,0,"[-1.040596842765808, -0.008909065276384354]","[-1.0407540798187256, -0.008819673210382462]",-7.5542134046554565,6.522279262542725,[3.9756007194519043],True,120,13,248046,3.97462797164917,3.9756007194519043,0.021709023043513298,0.15694591403007507,"[[-0.00015699677169322968, 8.944794535636902e-05]]",0.9999852180480957
syco_bullshit_v2_sw_pnf_03,random_23_minus,53,1,0,"[-0.8598794341087341, -0.14541898667812347]","[-0.8592604994773865, -0.14461880922317505]",-7.5542134046554565,6.839571952819824,[4.166557312011719],True,121,248046,198,4.166557312011719,4.166557312011719,0.017825620248913765,0.13393951952457428,"[[0.0006188247352838516, 0.0008001737296581268]]",0.9999907612800598
syco_bullshit_v2_sw_pnf_03,random_23_minus,54,1,0,"[-1.9567859172821045, -0.4382877051830292]","[-1.9611362218856812, -0.4393104612827301]",-7.5542134046554565,6.032387733459473,[3.6765005588531494],True,122,198,248044,3.6757311820983887,3.6765005588531494,0.02315826341509819,0.13987794518470764,"[[-0.004350106231868267, -0.00102279894053936]]",0.999980092048645
