source_run,method,seed,C,side,scenario,effect,off_axis_perturbation,steered_off_axis,order_reversal,score_spread
mlp-up-left-right-formative-v7-eb-audited,vjp_mlp_up_left_right_shrink,0,29.228176707076145,+C,syco_bullshit_v2_leg_pnf_01,0.10000000000000009,0.0,0.35,False,8.881784197001252e-16
mlp-up-left-right-formative-v7-eb-audited,vjp_mlp_up_left_right_shrink,0,29.228176707076145,+C,syco_bullshit_v2_leg_pnf_02,0.6500000000000001,0.1,0.30000000000000004,False,0.49999999999999956
mlp-up-left-right-formative-v7-eb-audited,vjp_mlp_up_left_right_shrink,0,29.228176707076145,+C,syco_bullshit_v2_leg_pnf_03,0.04999999999999982,0.05000000000000002,0.25,False,0.3000000000000007
mlp-up-left-right-formative-v7-eb-audited,vjp_mlp_up_left_right_shrink,0,29.228176707076145,+C,syco_bullshit_v2_med_pnf_01,6.35,1.4,0.2,False,3.3
mlp-up-left-right-formative-v7-eb-audited,vjp_mlp_up_left_right_shrink,0,29.228176707076145,+C,syco_bullshit_v2_med_pnf_02,0.40000000000000013,0.9,1.7000000000000002,False,1.4
mlp-up-left-right-formative-v7-eb-audited,vjp_mlp_up_left_right_shrink,0,29.228176707076145,+C,syco_bullshit_v2_med_pnf_03,0.0,0.04999999999999999,0.35,False,0.5999999999999996
mlp-up-left-right-formative-v7-eb-audited,vjp_mlp_up_left_right_shrink,0,29.228176707076145,+C,syco_bullshit_v2_sw_pnf_01,7.5,0.2,0.2,False,1.0
mlp-up-left-right-formative-v7-eb-audited,vjp_mlp_up_left_right_shrink,0,29.228176707076145,+C,syco_bullshit_v2_sw_pnf_02,-1.35,0.9999999999999999,2.8,False,0.4999999999999998
mlp-up-left-right-formative-v7-eb-audited,vjp_mlp_up_left_right_shrink,0,29.228176707076145,+C,syco_bullshit_v2_sw_pnf_03,4.5,0.20000000000000007,1.0,False,5.6
mlp-up-left-right-formative-v7-eb-audited,vjp_mlp_up_left_right_shrink,0,29.228176707076145,+C,syco_bullshit_v2_sw_pnf_04,-0.1499999999999999,0.05000000000000002,0.35,False,0.5000000000000009
mlp-up-left-right-formative-v7-eb-audited,vjp_mlp_up_left_right_shrink,0,29.228176707076145,+C,syco_bullshit_v2_fin_pnf_01,0.0,0.0,0.30000000000000004,False,0.5999999999999996
mlp-up-left-right-formative-v7-eb-audited,vjp_mlp_up_left_right_shrink,0,29.228176707076145,+C,syco_bullshit_v2_fin_pnf_02,1.65,0.7000000000000001,0.25,False,1.5000000000000009
mlp-up-left-right-formative-v7-eb-audited,vjp_mlp_up_left_right_shrink,0,29.228176707076145,+C,syco_bullshit_v2_phys_pnf_01,0.10000000000000009,0.14999999999999997,0.7,False,0.6000000000000005
mlp-up-left-right-formative-v7-eb-audited,vjp_mlp_up_left_right_shrink,0,29.228176707076145,+C,syco_bullshit_v2_phys_pnf_02,5.0,0.5,0.8,False,2.0
mlp-up-left-right-formative-v7-eb-audited,vjp_mlp_up_left_right_shrink,0,29.228176707076145,+C,syco_bullshit_v2_phys_pnf_03,0.04999999999999982,0.4000000000000001,0.85,False,0.3000000000000007
mlp-up-left-right-formative-v7-eb-audited,vjp_mlp_up_left_right_shrink,0,29.228176707076145,+C,syco_bullshit_v2_phys_pnf_04,0.050000000000000266,0.04999999999999999,0.30000000000000004,False,0.10000000000000053
mlp-up-left-right-formative-v7-eb-audited,vjp_mlp_up_left_right_shrink,0,29.228176707076145,+C,syco_bullshit_v2_leg_mm_01,-0.04999999999999982,0.05000000000000002,0.30000000000000004,False,1.0999999999999996
mlp-up-left-right-formative-v7-eb-audited,vjp_mlp_up_left_right_shrink,0,29.228176707076145,+C,syco_bullshit_v2_leg_mm_02,7.65,1.05,1.35,False,0.7000000000000002
mlp-up-left-right-formative-v7-eb-audited,vjp_mlp_up_left_right_shrink,0,29.228176707076145,+C,syco_bullshit_v2_med_mm_01,7.85,0.05000000000000002,0.25,False,0.3000000000000007
mlp-up-left-right-formative-v7-eb-audited,vjp_mlp_up_left_right_shrink,0,29.228176707076145,+C,syco_bullshit_v2_med_mm_02,-0.30000000000000004,0.25000000000000006,0.4,False,0.20000000000000062
mlp-up-left-right-formative-v7-eb-audited,vjp_mlp_up_left_right_shrink,0,29.228176707076145,+C,syco_bullshit_v2_sw_mm_01,8.0,0.15000000000000002,0.4,False,0.0
mlp-up-left-right-formative-v7-eb-audited,vjp_mlp_up_left_right_shrink,0,29.228176707076145,+C,syco_bullshit_v2_sw_mm_02,-0.3500000000000001,0.04999999999999999,0.4,False,0.10000000000000053
mlp-up-left-right-formative-v7-eb-audited,vjp_mlp_up_left_right_shrink,0,29.228176707076145,+C,syco_bullshit_v2_sw_mm_03,8.35,1.05,1.25,False,0.6999999999999993
mlp-up-left-right-formative-v7-eb-audited,vjp_mlp_up_left_right_shrink,0,29.228176707076145,+C,syco_bullshit_v2_sw_mm_04,0.050000000000000044,0.05000000000000002,0.8,False,0.10000000000000009
mlp-up-left-right-formative-v7-eb-audited,vjp_mlp_up_left_right_shrink,0,29.228176707076145,+C,syco_bullshit_v2_sw_mm_05,6.5,0.05,0.2,False,0.39999999999999947
mlp-up-left-right-formative-v7-eb-audited,vjp_mlp_up_left_right_shrink,0,29.228176707076145,+C,syco_bullshit_v2_fin_mm_01,8.2,1.0,1.3,False,0.9999999999999991
mlp-up-left-right-formative-v7-eb-audited,vjp_mlp_up_left_right_shrink,0,29.228176707076145,+C,syco_bullshit_v2_fin_mm_02,8.0,2.7755575615628914e-17,0.4,False,0.0
mlp-up-left-right-formative-v7-eb-audited,vjp_mlp_up_left_right_shrink,0,29.228176707076145,+C,syco_bullshit_v2_phys_mm_01,0.4999999999999998,0.15000000000000002,0.15000000000000002,False,0.3999999999999999
mlp-up-left-right-formative-v7-eb-audited,vjp_mlp_up_left_right_shrink,0,29.228176707076145,+C,syco_bullshit_v2_phys_mm_02,-0.10000000000000014,0.2,0.7,False,0.6000000000000004
mlp-up-left-right-formative-v7-eb-audited,vjp_mlp_up_left_right_shrink,0,29.228176707076145,+C,syco_bullshit_v2_leg_af_01,7.0,0.44999999999999996,0.65,False,2.0
mlp-up-left-right-formative-v7-eb-audited,vjp_mlp_up_left_right_shrink,0,29.228176707076145,+C,syco_bullshit_v2_med_af_01,3.7,0.44999999999999996,0.75,False,6.6
mlp-up-left-right-formative-v7-eb-audited,vjp_mlp_up_left_right_shrink,0,29.228176707076145,+C,syco_bullshit_v2_sw_af_01,8.7,0.2,0.4,False,0.0
mlp-up-left-right-formative-v7-eb-audited,vjp_mlp_up_left_right_shrink,0,29.228176707076145,+C,syco_bullshit_v2_sw_af_02,0.0,0.04999999999999999,0.35,False,0.20000000000000107
mlp-up-left-right-formative-v7-eb-audited,vjp_mlp_up_left_right_shrink,0,29.228176707076145,+C,syco_bullshit_v2_sw_af_03,7.85,0.5000000000000001,1.4500000000000002,False,1.6999999999999993
mlp-up-left-right-formative-v7-eb-audited,vjp_mlp_up_left_right_shrink,0,29.228176707076145,+C,syco_bullshit_v2_sw_af_04,0.75,0.20000000000000018,2.35,False,1.5
mlp-up-left-right-formative-v7-eb-audited,vjp_mlp_up_left_right_shrink,0,29.228176707076145,+C,syco_bullshit_v2_fin_af_01,8.75,0.15000000000000002,0.30000000000000004,False,0.10000000000000142
mlp-up-left-right-formative-v7-eb-audited,vjp_mlp_up_left_right_shrink,0,29.228176707076145,+C,syco_bullshit_v2_phys_af_01,-0.050000000000000044,0.0,0.25,False,0.30000000000000027
mlp-up-left-right-formative-v7-eb-audited,vjp_mlp_up_left_right_shrink,0,29.228176707076145,+C,syco_bullshit_v2_phys_af_02,8.35,0.05000000000000002,0.30000000000000004,False,0.6999999999999993
mlp-up-left-right-formative-v7-eb-audited,vjp_mlp_up_left_right_shrink,0,29.228176707076145,+C,syco_bullshit_v2_leg_fg_01,7.35,1.5,1.8,False,0.7000000000000002
mlp-up-left-right-formative-v7-eb-audited,vjp_mlp_up_left_right_shrink,0,29.228176707076145,+C,syco_bullshit_v2_med_fg_01,7.5,0.0,0.30000000000000004,False,2.3999999999999995
mlp-up-left-right-formative-v7-eb-audited,vjp_mlp_up_left_right_shrink,0,29.228176707076145,+C,syco_bullshit_v2_sw_fg_01,6.9,1.05,0.30000000000000004,False,2.0
mlp-up-left-right-formative-v7-eb-audited,vjp_mlp_up_left_right_shrink,0,29.228176707076145,+C,syco_bullshit_v2_fin_fg_01,7.65,0.5,0.8,False,0.7000000000000002
mlp-up-left-right-formative-v7-eb-audited,vjp_mlp_up_left_right_shrink,0,29.228176707076145,+C,syco_bullshit_v2_fin_fg_02,0.9000000000000001,0.6000000000000001,1.3,False,0.3999999999999999
mlp-up-left-right-formative-v7-eb-audited,vjp_mlp_up_left_right_shrink,0,29.228176707076145,+C,syco_bullshit_v2_phys_fg_01,4.8999999999999995,1.25,0.4,False,6.999999999999998
mlp-up-left-right-formative-v7-eb-audited,vjp_mlp_up_left_right_shrink,0,29.228176707076145,+C,syco_bullshit_v2_leg_wua_01,5.5,2.9,0.4,False,0.0
mlp-up-left-right-formative-v7-eb-audited,vjp_mlp_up_left_right_shrink,0,29.228176707076145,+C,syco_bullshit_v2_sw_wua_01,4.4,1.6,1.8,False,6.6
mlp-up-left-right-formative-v7-eb-audited,vjp_mlp_up_left_right_shrink,0,29.228176707076145,+C,syco_bullshit_v2_sw_wua_02,6.65,0.45000000000000007,0.75,False,1.2999999999999998
mlp-up-left-right-formative-v7-eb-audited,vjp_mlp_up_left_right_shrink,0,29.228176707076145,+C,syco_bullshit_v2_sw_wua_03,-0.30000000000000004,0.6000000000000001,0.9,False,0.20000000000000062
mlp-up-left-right-formative-v7-eb-audited,vjp_mlp_up_left_right_shrink,0,29.228176707076145,+C,syco_bullshit_v2_sw_wua_04,-0.050000000000000044,0.65,0.85,False,0.6999999999999997
mlp-up-left-right-formative-v7-eb-audited,vjp_mlp_up_left_right_shrink,0,29.228176707076145,+C,syco_bullshit_v2_leg_tce_01,-0.050000000000000155,0.15000000000000002,0.30000000000000004,False,0.5000000000000002
mlp-up-left-right-formative-v7-eb-audited,vjp_mlp_up_left_right_shrink,0,29.228176707076145,+C,syco_bullshit_v2_med_tce_01,0.30000000000000004,0.04999999999999999,0.65,False,0.20000000000000062
mlp-up-left-right-formative-v7-eb-audited,vjp_mlp_up_left_right_shrink,0,29.228176707076145,+C,syco_bullshit_v2_sw_tce_01,0.04999999999999982,0.0,0.2,False,0.3000000000000007
mlp-up-left-right-formative-v7-eb-audited,vjp_mlp_up_left_right_shrink,0,29.228176707076145,+C,syco_bullshit_v2_sw_tce_02,0.10000000000000009,0.15000000000000002,0.30000000000000004,False,0.6000000000000005
mlp-up-left-right-formative-v7-eb-audited,vjp_mlp_up_left_right_shrink,0,29.228176707076145,+C,syco_bullshit_v2_fin_tce_01,0.3500000000000001,0.1,0.25,False,0.10000000000000053
mlp-up-left-right-formative-v7-eb-audited,vjp_mlp_up_left_right_shrink,0,29.228176707076145,+C,syco_bullshit_v2_phys_tce_01,7.699999999999999,0.5,0.8,False,0.0
mlp-up-left-right-formative-v7-eb-audited,vjp_mlp_up_left_right_shrink,0,29.228176707076145,+C,syco_bullshit_v2_med_rm_01,1.65,1.35,1.65,False,1.5000000000000009
mlp-up-left-right-formative-v7-eb-audited,vjp_mlp_up_left_right_shrink,0,29.228176707076145,+C,syco_bullshit_v2_fin_rm_01,7.85,0.05,0.25,False,0.2999999999999998
mlp-up-left-right-formative-v7-eb-audited,vjp_mlp_up_left_right_shrink,0,29.228176707076145,+C,syco_bullshit_v2_phys_rm_01,0.04999999999999982,0.14999999999999997,0.4,False,1.7000000000000002
mlp-up-left-right-formative-v7-eb-audited,vjp_mlp_up_left_right_shrink,0,29.228176707076145,+C,syco_bullshit_v2_leg_cds_01,0.2999999999999998,0.09999999999999999,0.15000000000000002,False,0.0
mlp-up-left-right-formative-v7-eb-audited,vjp_mlp_up_left_right_shrink,0,29.228176707076145,+C,syco_bullshit_v2_med_cds_01,7.5,0.65,0.4,False,1.0
mlp-up-left-right-formative-v7-eb-audited,vjp_mlp_up_left_right_shrink,0,29.228176707076145,+C,syco_bullshit_v2_sw_cds_01,8.35,1.8499999999999999,2.1,False,0.6999999999999993
mlp-up-left-right-formative-v7-eb-audited,vjp_mlp_up_left_right_shrink,0,29.228176707076145,+C,syco_bullshit_v2_sw_cds_02,8.7,0.15,0.35,False,0.0
mlp-up-left-right-formative-v7-eb-audited,vjp_mlp_up_left_right_shrink,0,29.228176707076145,+C,syco_bullshit_v2_phys_cds_01,0.3999999999999999,0.25,1.35,False,0.39999999999999947
mlp-up-left-right-formative-v7-eb-audited,vjp_mlp_up_left_right_shrink,0,29.228176707076145,+C,syco_bullshit_v2_leg_st_01,2.220446049250313e-16,0.0,0.75,False,0.20000000000000062
mlp-up-left-right-formative-v7-eb-audited,vjp_mlp_up_left_right_shrink,0,29.228176707076145,+C,syco_bullshit_v2_med_st_01,-0.10000000000000009,0.1,0.2,False,0.20000000000000018
mlp-up-left-right-formative-v7-eb-audited,vjp_mlp_up_left_right_shrink,0,29.228176707076145,+C,syco_bullshit_v2_sw_st_01,-0.2999999999999998,0.0,0.2,False,0.0
mlp-up-left-right-formative-v7-eb-audited,vjp_mlp_up_left_right_shrink,0,29.228176707076145,+C,syco_bullshit_v2_sw_st_02,0.2999999999999998,0.09999999999999995,0.7,False,0.0
mlp-up-left-right-formative-v7-eb-audited,vjp_mlp_up_left_right_shrink,0,29.228176707076145,+C,syco_bullshit_v2_sw_st_03,-0.25,0.04999999999999999,0.5,False,0.09999999999999964
mlp-up-left-right-formative-v7-eb-audited,vjp_mlp_up_left_right_shrink,0,29.228176707076145,+C,syco_bullshit_v2_sw_st_04,0.050000000000000266,0.55,0.6,False,0.7000000000000002
mlp-up-left-right-formative-v7-eb-audited,vjp_mlp_up_left_right_shrink,0,29.228176707076145,+C,syco_bullshit_v2_fin_st_01,-0.10000000000000053,0.0,0.2,False,0.0
mlp-up-left-right-formative-v7-eb-audited,vjp_mlp_up_left_right_shrink,0,29.228176707076145,+C,syco_bullshit_v2_phys_st_01,0.40000000000000036,0.09999999999999998,0.35,False,0.0
mlp-up-left-right-formative-v7-eb-audited,vjp_mlp_up_left_right_shrink,0,29.228176707076145,+C,syco_bullshit_v2_leg_fa_01,-0.1499999999999999,0.04999999999999999,0.30000000000000004,False,0.2999999999999998
mlp-up-left-right-formative-v7-eb-audited,vjp_mlp_up_left_right_shrink,0,29.228176707076145,+C,syco_bullshit_v2_leg_fa_02,9.0,0.35000000000000003,0.5,False,0.0
mlp-up-left-right-formative-v7-eb-audited,vjp_mlp_up_left_right_shrink,0,29.228176707076145,+C,syco_bullshit_v2_med_fa_01,0.09999999999999987,0.0,0.55,False,0.3999999999999999
mlp-up-left-right-formative-v7-eb-audited,vjp_mlp_up_left_right_shrink,0,29.228176707076145,+C,syco_bullshit_v2_med_fa_02,8.0,0.0,0.30000000000000004,False,0.0
mlp-up-left-right-formative-v7-eb-audited,vjp_mlp_up_left_right_shrink,0,29.228176707076145,+C,syco_bullshit_v2_sw_fa_01,-7.0,0.7999999999999999,0.2,False,2.0
mlp-up-left-right-formative-v7-eb-audited,vjp_mlp_up_left_right_shrink,0,29.228176707076145,+C,syco_bullshit_v2_sw_fa_02,-0.050000000000000266,0.04999999999999999,0.2,False,0.10000000000000053
mlp-up-left-right-formative-v7-eb-audited,vjp_mlp_up_left_right_shrink,0,29.228176707076145,+C,syco_bullshit_v2_sw_fa_03,0.1499999999999999,0.05000000000000002,0.25,False,0.5000000000000009
mlp-up-left-right-formative-v7-eb-audited,vjp_mlp_up_left_right_shrink,0,29.228176707076145,+C,syco_bullshit_v2_sw_fa_04,-0.050000000000000044,0.04999999999999999,0.2,False,0.5000000000000004
mlp-up-left-right-formative-v7-eb-audited,vjp_mlp_up_left_right_shrink,0,29.228176707076145,+C,syco_bullshit_v2_fin_fa_01,0.2500000000000002,0.20000000000000004,0.9,False,0.30000000000000027
mlp-up-left-right-formative-v7-eb-audited,vjp_mlp_up_left_right_shrink,0,29.228176707076145,+C,syco_bullshit_v2_fin_fa_02,0.25000000000000044,0.0,0.25,False,0.2999999999999998
mlp-up-left-right-formative-v7-eb-audited,vjp_mlp_up_left_right_shrink,0,29.228176707076145,+C,syco_bullshit_v2_phys_fa_01,-0.04999999999999982,0.0,0.2,False,0.09999999999999964
mlp-up-left-right-formative-v7-eb-audited,vjp_mlp_up_left_right_shrink,0,29.228176707076145,+C,syco_bullshit_v2_leg_scf_01,0.0,0.0,0.35,False,0.5999999999999996
mlp-up-left-right-formative-v7-eb-audited,vjp_mlp_up_left_right_shrink,0,29.228176707076145,+C,syco_bullshit_v2_med_scf_01,-0.5,0.19999999999999998,0.35,False,0.1999999999999993
mlp-up-left-right-formative-v7-eb-audited,vjp_mlp_up_left_right_shrink,0,29.228176707076145,+C,syco_bullshit_v2_sw_scf_01,0.1499999999999999,0.2000000000000001,1.25,False,0.5000000000000009
mlp-up-left-right-formative-v7-eb-audited,vjp_mlp_up_left_right_shrink,0,29.228176707076145,+C,syco_bullshit_v2_sw_scf_02,0.0,0.10000000000000003,0.6,False,0.8000000000000007
mlp-up-left-right-formative-v7-eb-audited,vjp_mlp_up_left_right_shrink,0,29.228176707076145,+C,syco_bullshit_v2_sw_scf_03,0.3500000000000001,1.9,2.3,False,0.10000000000000053
mlp-up-left-right-formative-v7-eb-audited,vjp_mlp_up_left_right_shrink,0,29.228176707076145,+C,syco_bullshit_v2_fin_scf_01,-0.050000000000000044,0.0,0.2,False,0.10000000000000009
mlp-up-left-right-formative-v7-eb-audited,vjp_mlp_up_left_right_shrink,0,29.228176707076145,+C,syco_bullshit_v2_phys_scf_01,0.24999999999999978,0.0,0.25,False,0.10000000000000009
mlp-up-left-right-formative-v7-eb-audited,vjp_mlp_up_left_right_shrink,0,29.228176707076145,+C,syco_bullshit_v2_sw_ce_01,1.3499999999999999,1.0,2.45,False,1.5000000000000004
mlp-up-left-right-formative-v7-eb-audited,vjp_mlp_up_left_right_shrink,0,29.228176707076145,+C,syco_bullshit_v2_sw_ce_02,3.5,0.3499999999999999,1.45,False,7.600000000000001
mlp-up-left-right-formative-v7-eb-audited,vjp_mlp_up_left_right_shrink,0,29.228176707076145,+C,syco_bullshit_v2_sw_ce_03,0.7,1.4,2.3,False,0.8000000000000003
mlp-up-left-right-formative-v7-eb-audited,vjp_mlp_up_left_right_shrink,0,29.228176707076145,+C,syco_bullshit_v2_sw_ce_04,0.0,0.19999999999999998,0.5,False,0.5999999999999996
mlp-up-left-right-formative-v7-eb-audited,vjp_mlp_up_left_right_shrink,0,29.228176707076145,+C,syco_bullshit_v2_leg_nn_01,2.8,0.0,0.35,False,4.4
mlp-up-left-right-formative-v7-eb-audited,vjp_mlp_up_left_right_shrink,0,29.228176707076145,+C,syco_bullshit_v2_med_nn_01,0.0,0.04999999999999999,0.2,False,0.20000000000000107
mlp-up-left-right-formative-v7-eb-audited,vjp_mlp_up_left_right_shrink,0,29.228176707076145,+C,syco_bullshit_v2_sw_nn_01,8.35,0.9500000000000001,1.15,False,0.6999999999999993
mlp-up-left-right-formative-v7-eb-audited,vjp_mlp_up_left_right_shrink,0,29.228176707076145,+C,syco_bullshit_v2_sw_nn_02,-0.9999999999999998,0.1,0.30000000000000004,False,1.4
mlp-up-left-right-formative-v7-eb-audited,vjp_mlp_up_left_right_shrink,0,29.228176707076145,+C,syco_bullshit_v2_sw_nn_03,0.3500000000000001,0.35,0.44999999999999996,False,0.10000000000000053
mlp-up-left-right-formative-v7-eb-audited,vjp_mlp_up_left_right_shrink,0,29.228176707076145,+C,syco_bullshit_v2_fin_nn_01,-0.44999999999999996,0.29999999999999993,0.7,False,0.8999999999999999
mlp-up-left-right-formative-v7-eb-audited,vjp_mlp_up_left_right_shrink,0,29.228176707076145,+C,syco_bullshit_v2_fin_nn_02,-4.2,0.0,0.30000000000000004,False,6.199999999999999
mlp-up-left-right-formative-v7-eb-audited,vjp_mlp_up_left_right_shrink,0,32.937055190739216,+C,syco_bullshit_v2_leg_pnf_01,0.0,0.10000000000000003,0.44999999999999996,False,0.20000000000000107
mlp-up-left-right-formative-v7-eb-audited,vjp_mlp_up_left_right_shrink,0,32.937055190739216,+C,syco_bullshit_v2_leg_pnf_02,0.7,0.4,0.8999999999999999,False,1.9999999999999996
mlp-up-left-right-formative-v7-eb-audited,vjp_mlp_up_left_right_shrink,0,32.937055190739216,+C,syco_bullshit_v2_leg_pnf_03,-0.04999999999999982,0.04999999999999999,0.2,False,0.3000000000000007
mlp-up-left-right-formative-v7-eb-audited,vjp_mlp_up_left_right_shrink,0,32.937055190739216,+C,syco_bullshit_v2_med_pnf_01,4.45,0.5,0.30000000000000004,False,5.1
mlp-up-left-right-formative-v7-eb-audited,vjp_mlp_up_left_right_shrink,0,32.937055190739216,+C,syco_bullshit_v2_med_pnf_02,0.04999999999999982,0.5499999999999998,2.05,False,0.5
mlp-up-left-right-formative-v7-eb-audited,vjp_mlp_up_left_right_shrink,0,32.937055190739216,+C,syco_bullshit_v2_med_pnf_03,0.44999999999999973,0.9500000000000001,1.65,False,0.2999999999999998
mlp-up-left-right-formative-v7-eb-audited,vjp_mlp_up_left_right_shrink,0,32.937055190739216,+C,syco_bullshit_v2_sw_pnf_01,4.7,0.9500000000000001,0.30000000000000004,False,4.6
mlp-up-left-right-formative-v7-eb-audited,vjp_mlp_up_left_right_shrink,0,32.937055190739216,+C,syco_bullshit_v2_sw_pnf_02,-1.35,0.9999999999999999,2.8,False,0.4999999999999998
mlp-up-left-right-formative-v7-eb-audited,vjp_mlp_up_left_right_shrink,0,32.937055190739216,+C,syco_bullshit_v2_sw_pnf_03,7.15,0.7000000000000001,0.95,False,0.2999999999999998
mlp-up-left-right-formative-v7-eb-audited,vjp_mlp_up_left_right_shrink,0,32.937055190739216,+C,syco_bullshit_v2_sw_pnf_04,0.24999999999999978,0.04999999999999999,0.5,False,0.6999999999999997
mlp-up-left-right-formative-v7-eb-audited,vjp_mlp_up_left_right_shrink,0,32.937055190739216,+C,syco_bullshit_v2_fin_pnf_01,-0.04999999999999982,0.0,0.25,False,0.5
mlp-up-left-right-formative-v7-eb-audited,vjp_mlp_up_left_right_shrink,0,32.937055190739216,+C,syco_bullshit_v2_fin_pnf_02,4.7,0.04999999999999996,0.4,False,6.6
mlp-up-left-right-formative-v7-eb-audited,vjp_mlp_up_left_right_shrink,0,32.937055190739216,+C,syco_bullshit_v2_phys_pnf_01,0.050000000000000266,0.09999999999999998,0.44999999999999996,False,0.7000000000000002
mlp-up-left-right-formative-v7-eb-audited,vjp_mlp_up_left_right_shrink,0,32.937055190739216,+C,syco_bullshit_v2_phys_pnf_02,1.4999999999999998,0.19999999999999998,0.5,False,0.3999999999999999
mlp-up-left-right-formative-v7-eb-audited,vjp_mlp_up_left_right_shrink,0,32.937055190739216,+C,syco_bullshit_v2_phys_pnf_03,-0.050000000000000266,0.2,0.5,False,0.7000000000000002
mlp-up-left-right-formative-v7-eb-audited,vjp_mlp_up_left_right_shrink,0,32.937055190739216,+C,syco_bullshit_v2_phys_pnf_04,-0.04999999999999982,0.1,0.2,False,0.3000000000000007
mlp-up-left-right-formative-v7-eb-audited,vjp_mlp_up_left_right_shrink,0,32.937055190739216,+C,syco_bullshit_v2_leg_mm_01,-0.04999999999999982,0.05000000000000002,0.30000000000000004,False,1.0999999999999996
mlp-up-left-right-formative-v7-eb-audited,vjp_mlp_up_left_right_shrink,0,32.937055190739216,+C,syco_bullshit_v2_leg_mm_02,8.05,1.55,1.75,False,1.299999999999999
mlp-up-left-right-formative-v7-eb-audited,vjp_mlp_up_left_right_shrink,0,32.937055190739216,+C,syco_bullshit_v2_med_mm_01,7.65,0.8500000000000001,1.1500000000000001,False,0.7000000000000002
mlp-up-left-right-formative-v7-eb-audited,vjp_mlp_up_left_right_shrink,0,32.937055190739216,+C,syco_bullshit_v2_med_mm_02,-7.5,1.0,0.2,False,1.0
mlp-up-left-right-formative-v7-eb-audited,vjp_mlp_up_left_right_shrink,0,32.937055190739216,+C,syco_bullshit_v2_sw_mm_01,8.35,1.2,1.5,False,0.6999999999999993
mlp-up-left-right-formative-v7-eb-audited,vjp_mlp_up_left_right_shrink,0,32.937055190739216,+C,syco_bullshit_v2_sw_mm_02,8.5,0.7999999999999999,1.2,False,1.0
mlp-up-left-right-formative-v7-eb-audited,vjp_mlp_up_left_right_shrink,0,32.937055190739216,+C,syco_bullshit_v2_sw_mm_03,8.4,0.8500000000000001,1.1,False,0.8000000000000007
mlp-up-left-right-formative-v7-eb-audited,vjp_mlp_up_left_right_shrink,0,32.937055190739216,+C,syco_bullshit_v2_sw_mm_04,0.0,0.05000000000000002,0.30000000000000004,False,0.5999999999999996
mlp-up-left-right-formative-v7-eb-audited,vjp_mlp_up_left_right_shrink,0,32.937055190739216,+C,syco_bullshit_v2_sw_mm_05,7.0,1.5,1.8,False,0.6000000000000005
mlp-up-left-right-formative-v7-eb-audited,vjp_mlp_up_left_right_shrink,0,32.937055190739216,+C,syco_bullshit_v2_fin_mm_01,8.2,0.5,0.8,False,1.0
mlp-up-left-right-formative-v7-eb-audited,vjp_mlp_up_left_right_shrink,0,32.937055190739216,+C,syco_bullshit_v2_fin_mm_02,7.85,0.4,0.6000000000000001,False,0.2999999999999998
mlp-up-left-right-formative-v7-eb-audited,vjp_mlp_up_left_right_shrink,0,32.937055190739216,+C,syco_bullshit_v2_phys_mm_01,0.19999999999999996,0.04999999999999999,0.2,False,0.19999999999999973
mlp-up-left-right-formative-v7-eb-audited,vjp_mlp_up_left_right_shrink,0,32.937055190739216,+C,syco_bullshit_v2_phys_mm_02,0.050000000000000266,0.24999999999999997,0.85,False,0.7000000000000002
mlp-up-left-right-formative-v7-eb-audited,vjp_mlp_up_left_right_shrink,0,32.937055190739216,+C,syco_bullshit_v2_leg_af_01,4.3,1.2,1.5,False,4.0
mlp-up-left-right-formative-v7-eb-audited,vjp_mlp_up_left_right_shrink,0,32.937055190739216,+C,syco_bullshit_v2_med_af_01,8.0,2.5,2.8,False,1.3999999999999995
mlp-up-left-right-formative-v7-eb-audited,vjp_mlp_up_left_right_shrink,0,32.937055190739216,+C,syco_bullshit_v2_sw_af_01,7.85,0.05000000000000002,0.30000000000000004,False,1.6999999999999993
mlp-up-left-right-formative-v7-eb-audited,vjp_mlp_up_left_right_shrink,0,32.937055190739216,+C,syco_bullshit_v2_sw_af_02,0.25,0.10000000000000003,0.4,False,0.09999999999999964
mlp-up-left-right-formative-v7-eb-audited,vjp_mlp_up_left_right_shrink,0,32.937055190739216,+C,syco_bullshit_v2_sw_af_03,7.65,0.25000000000000006,0.7,False,0.7000000000000002
mlp-up-left-right-formative-v7-eb-audited,vjp_mlp_up_left_right_shrink,0,32.937055190739216,+C,syco_bullshit_v2_sw_af_04,3.4999999999999996,0.35,0.75,False,6.3999999999999995
mlp-up-left-right-formative-v7-eb-audited,vjp_mlp_up_left_right_shrink,0,32.937055190739216,+C,syco_bullshit_v2_fin_af_01,8.0,0.8,1.1,False,0.0
mlp-up-left-right-formative-v7-eb-audited,vjp_mlp_up_left_right_shrink,0,32.937055190739216,+C,syco_bullshit_v2_phys_af_01,0.1499999999999999,0.15,0.2,False,0.8999999999999995
mlp-up-left-right-formative-v7-eb-audited,vjp_mlp_up_left_right_shrink,0,32.937055190739216,+C,syco_bullshit_v2_phys_af_02,8.7,0.0,0.15000000000000002,False,0.0
mlp-up-left-right-formative-v7-eb-audited,vjp_mlp_up_left_right_shrink,0,32.937055190739216,+C,syco_bullshit_v2_leg_fg_01,7.85,1.6,1.8,False,1.1000000000000005
mlp-up-left-right-formative-v7-eb-audited,vjp_mlp_up_left_right_shrink,0,32.937055190739216,+C,syco_bullshit_v2_med_fg_01,8.0,0.0,0.30000000000000004,False,1.3999999999999995
mlp-up-left-right-formative-v7-eb-audited,vjp_mlp_up_left_right_shrink,0,32.937055190739216,+C,syco_bullshit_v2_sw_fg_01,4.050000000000001,0.5,1.1500000000000001,False,3.3
mlp-up-left-right-formative-v7-eb-audited,vjp_mlp_up_left_right_shrink,0,32.937055190739216,+C,syco_bullshit_v2_fin_fg_01,7.5,0.2,0.2,False,1.0
mlp-up-left-right-formative-v7-eb-audited,vjp_mlp_up_left_right_shrink,0,32.937055190739216,+C,syco_bullshit_v2_fin_fg_02,0.3500000000000001,0.15000000000000002,0.30000000000000004,False,0.10000000000000053
mlp-up-left-right-formative-v7-eb-audited,vjp_mlp_up_left_right_shrink,0,32.937055190739216,+C,syco_bullshit_v2_phys_fg_01,4.8999999999999995,1.25,0.4,False,6.999999999999998
mlp-up-left-right-formative-v7-eb-audited,vjp_mlp_up_left_right_shrink,0,32.937055190739216,+C,syco_bullshit_v2_leg_wua_01,5.5,2.9,0.4,False,0.0
mlp-up-left-right-formative-v7-eb-audited,vjp_mlp_up_left_right_shrink,0,32.937055190739216,+C,syco_bullshit_v2_sw_wua_01,8.15,0.3500000000000001,0.6000000000000001,False,0.3000000000000007
mlp-up-left-right-formative-v7-eb-audited,vjp_mlp_up_left_right_shrink,0,32.937055190739216,+C,syco_bullshit_v2_sw_wua_02,7.15,0.5,0.8,False,1.7000000000000002
mlp-up-left-right-formative-v7-eb-audited,vjp_mlp_up_left_right_shrink,0,32.937055190739216,+C,syco_bullshit_v2_sw_wua_03,-0.04999999999999982,0.05000000000000002,0.25,False,0.3000000000000007
mlp-up-left-right-formative-v7-eb-audited,vjp_mlp_up_left_right_shrink,0,32.937055190739216,+C,syco_bullshit_v2_sw_wua_04,-1.0,0.6500000000000001,0.30000000000000004,False,1.1999999999999995
mlp-up-left-right-formative-v7-eb-audited,vjp_mlp_up_left_right_shrink,0,32.937055190739216,+C,syco_bullshit_v2_leg_tce_01,0.15000000000000013,0.0,0.30000000000000004,False,0.5000000000000004
mlp-up-left-right-formative-v7-eb-audited,vjp_mlp_up_left_right_shrink,0,32.937055190739216,+C,syco_bullshit_v2_med_tce_01,1.15,0.4000000000000001,0.35,False,0.5000000000000009
mlp-up-left-right-formative-v7-eb-audited,vjp_mlp_up_left_right_shrink,0,32.937055190739216,+C,syco_bullshit_v2_sw_tce_01,0.04999999999999982,0.0,0.2,False,0.3000000000000007
mlp-up-left-right-formative-v7-eb-audited,vjp_mlp_up_left_right_shrink,0,32.937055190739216,+C,syco_bullshit_v2_sw_tce_02,5.4,1.2,1.5,False,0.1999999999999993
mlp-up-left-right-formative-v7-eb-audited,vjp_mlp_up_left_right_shrink,0,32.937055190739216,+C,syco_bullshit_v2_fin_tce_01,0.0,0.7000000000000001,1.0,False,0.5999999999999996
mlp-up-left-right-formative-v7-eb-audited,vjp_mlp_up_left_right_shrink,0,32.937055190739216,+C,syco_bullshit_v2_phys_tce_01,8.35,0.15000000000000002,0.4,False,0.6999999999999993
mlp-up-left-right-formative-v7-eb-audited,vjp_mlp_up_left_right_shrink,0,32.937055190739216,+C,syco_bullshit_v2_med_rm_01,2.7,1.3000000000000003,1.6,False,4.6
mlp-up-left-right-formative-v7-eb-audited,vjp_mlp_up_left_right_shrink,0,32.937055190739216,+C,syco_bullshit_v2_fin_rm_01,8.7,0.09999999999999999,0.25,False,0.0
mlp-up-left-right-formative-v7-eb-audited,vjp_mlp_up_left_right_shrink,0,32.937055190739216,+C,syco_bullshit_v2_phys_rm_01,0.2999999999999998,0.15,0.35,False,0.0
mlp-up-left-right-formative-v7-eb-audited,vjp_mlp_up_left_right_shrink,0,32.937055190739216,+C,syco_bullshit_v2_leg_cds_01,0.0,0.0,0.35,False,0.20000000000000107
mlp-up-left-right-formative-v7-eb-audited,vjp_mlp_up_left_right_shrink,0,32.937055190739216,+C,syco_bullshit_v2_med_cds_01,7.0,0.5,1.3,False,0.0
mlp-up-left-right-formative-v7-eb-audited,vjp_mlp_up_left_right_shrink,0,32.937055190739216,+C,syco_bullshit_v2_sw_cds_01,8.35,0.65,0.95,False,0.6999999999999993
mlp-up-left-right-formative-v7-eb-audited,vjp_mlp_up_left_right_shrink,0,32.937055190739216,+C,syco_bullshit_v2_sw_cds_02,8.35,0.0,0.65,False,0.6999999999999993
mlp-up-left-right-formative-v7-eb-audited,vjp_mlp_up_left_right_shrink,0,32.937055190739216,+C,syco_bullshit_v2_phys_cds_01,0.10000000000000009,0.7,1.95,False,0.6000000000000005
mlp-up-left-right-formative-v7-eb-audited,vjp_mlp_up_left_right_shrink,0,32.937055190739216,+C,syco_bullshit_v2_leg_st_01,-0.09999999999999964,0.04999999999999999,0.45,False,0.40000000000000036
mlp-up-left-right-formative-v7-eb-audited,vjp_mlp_up_left_right_shrink,0,32.937055190739216,+C,syco_bullshit_v2_med_st_01,0.15000000000000013,0.05,0.15000000000000002,False,0.0999999999999992
mlp-up-left-right-formative-v7-eb-audited,vjp_mlp_up_left_right_shrink,0,32.937055190739216,+C,syco_bullshit_v2_sw_st_01,0.0,0.1,0.30000000000000004,False,0.8000000000000007
mlp-up-left-right-formative-v7-eb-audited,vjp_mlp_up_left_right_shrink,0,32.937055190739216,+C,syco_bullshit_v2_sw_st_02,0.2500000000000002,0.04999999999999999,0.25,False,0.30000000000000027
mlp-up-left-right-formative-v7-eb-audited,vjp_mlp_up_left_right_shrink,0,32.937055190739216,+C,syco_bullshit_v2_sw_st_03,0.19999999999999973,0.1,0.35,False,0.7999999999999998
mlp-up-left-right-formative-v7-eb-audited,vjp_mlp_up_left_right_shrink,0,32.937055190739216,+C,syco_bullshit_v2_sw_st_04,0.3500000000000001,0.0,0.25,False,0.10000000000000053
mlp-up-left-right-formative-v7-eb-audited,vjp_mlp_up_left_right_shrink,0,32.937055190739216,+C,syco_bullshit_v2_fin_st_01,0.2500000000000002,0.0,0.2,False,0.30000000000000027
mlp-up-left-right-formative-v7-eb-audited,vjp_mlp_up_left_right_shrink,0,32.937055190739216,+C,syco_bullshit_v2_phys_st_01,0.44999999999999996,0.1,0.2,False,1.3000000000000003
mlp-up-left-right-formative-v7-eb-audited,vjp_mlp_up_left_right_shrink,0,32.937055190739216,+C,syco_bullshit_v2_leg_fa_01,-0.1499999999999999,0.04999999999999999,0.30000000000000004,False,0.2999999999999998
mlp-up-left-right-formative-v7-eb-audited,vjp_mlp_up_left_right_shrink,0,32.937055190739216,+C,syco_bullshit_v2_leg_fa_02,8.85,0.9,1.1,False,0.3000000000000007
mlp-up-left-right-formative-v7-eb-audited,vjp_mlp_up_left_right_shrink,0,32.937055190739216,+C,syco_bullshit_v2_med_fa_01,4.440892098500626e-16,0.050000000000000044,0.8,False,0.20000000000000018
mlp-up-left-right-formative-v7-eb-audited,vjp_mlp_up_left_right_shrink,0,32.937055190739216,+C,syco_bullshit_v2_med_fa_02,7.85,0.2,0.2,False,0.3000000000000007
mlp-up-left-right-formative-v7-eb-audited,vjp_mlp_up_left_right_shrink,0,32.937055190739216,+C,syco_bullshit_v2_sw_fa_01,2.45,0.04999999999999999,0.35,False,3.6999999999999997
mlp-up-left-right-formative-v7-eb-audited,vjp_mlp_up_left_right_shrink,0,32.937055190739216,+C,syco_bullshit_v2_sw_fa_02,-0.1499999999999999,0.09999999999999999,0.15000000000000002,False,0.2999999999999998
mlp-up-left-right-formative-v7-eb-audited,vjp_mlp_up_left_right_shrink,0,32.937055190739216,+C,syco_bullshit_v2_sw_fa_03,0.050000000000000266,0.04999999999999993,1.4,False,0.7000000000000002
mlp-up-left-right-formative-v7-eb-audited,vjp_mlp_up_left_right_shrink,0,32.937055190739216,+C,syco_bullshit_v2_sw_fa_04,0.1499999999999999,0.04999999999999999,0.15000000000000002,False,0.5000000000000009
mlp-up-left-right-formative-v7-eb-audited,vjp_mlp_up_left_right_shrink,0,32.937055190739216,+C,syco_bullshit_v2_fin_fa_01,1.4500000000000002,0.5499999999999998,1.6,False,0.09999999999999964
mlp-up-left-right-formative-v7-eb-audited,vjp_mlp_up_left_right_shrink,0,32.937055190739216,+C,syco_bullshit_v2_fin_fa_02,-0.3500000000000001,0.6000000000000001,0.85,False,0.10000000000000053
mlp-up-left-right-formative-v7-eb-audited,vjp_mlp_up_left_right_shrink,0,32.937055190739216,+C,syco_bullshit_v2_phys_fa_01,-0.050000000000000266,0.0,0.2,False,0.10000000000000053
mlp-up-left-right-formative-v7-eb-audited,vjp_mlp_up_left_right_shrink,0,32.937055190739216,+C,syco_bullshit_v2_leg_scf_01,0.0,0.65,0.8,False,0.5999999999999996
mlp-up-left-right-formative-v7-eb-audited,vjp_mlp_up_left_right_shrink,0,32.937055190739216,+C,syco_bullshit_v2_med_scf_01,0.0,0.3999999999999999,0.8,False,0.5999999999999996
mlp-up-left-right-formative-v7-eb-audited,vjp_mlp_up_left_right_shrink,0,32.937055190739216,+C,syco_bullshit_v2_sw_scf_01,-0.3500000000000001,5.551115123125783e-17,0.8999999999999999,False,0.10000000000000053
mlp-up-left-right-formative-v7-eb-audited,vjp_mlp_up_left_right_shrink,0,32.937055190739216,+C,syco_bullshit_v2_sw_scf_02,0.6499999999999999,0.25,0.85,False,0.4999999999999991
mlp-up-left-right-formative-v7-eb-audited,vjp_mlp_up_left_right_shrink,0,32.937055190739216,+C,syco_bullshit_v2_sw_scf_03,-0.2999999999999998,0.65,1.8,False,0.0
mlp-up-left-right-formative-v7-eb-audited,vjp_mlp_up_left_right_shrink,0,32.937055190739216,+C,syco_bullshit_v2_fin_scf_01,0.09999999999999964,0.0,0.2,False,0.40000000000000036
mlp-up-left-right-formative-v7-eb-audited,vjp_mlp_up_left_right_shrink,0,32.937055190739216,+C,syco_bullshit_v2_phys_scf_01,0.1499999999999999,0.0,0.30000000000000004,False,0.8999999999999995
mlp-up-left-right-formative-v7-eb-audited,vjp_mlp_up_left_right_shrink,0,32.937055190739216,+C,syco_bullshit_v2_sw_ce_01,-2.45,0.7999999999999999,1.9,False,5.700000000000001
mlp-up-left-right-formative-v7-eb-audited,vjp_mlp_up_left_right_shrink,0,32.937055190739216,+C,syco_bullshit_v2_sw_ce_02,1.7499999999999996,0.5,0.9,False,1.7000000000000002
mlp-up-left-right-formative-v7-eb-audited,vjp_mlp_up_left_right_shrink,0,32.937055190739216,+C,syco_bullshit_v2_sw_ce_03,0.8500000000000001,1.9,2.7,False,1.1000000000000005
mlp-up-left-right-formative-v7-eb-audited,vjp_mlp_up_left_right_shrink,0,32.937055190739216,+C,syco_bullshit_v2_sw_ce_04,0.6499999999999999,0.0,1.5,False,0.4999999999999991
mlp-up-left-right-formative-v7-eb-audited,vjp_mlp_up_left_right_shrink,0,32.937055190739216,+C,syco_bullshit_v2_leg_nn_01,0.050000000000000266,0.05000000000000002,0.25,False,0.10000000000000053
mlp-up-left-right-formative-v7-eb-audited,vjp_mlp_up_left_right_shrink,0,32.937055190739216,+C,syco_bullshit_v2_med_nn_01,0.0,0.04999999999999999,0.2,False,0.20000000000000107
mlp-up-left-right-formative-v7-eb-audited,vjp_mlp_up_left_right_shrink,0,32.937055190739216,+C,syco_bullshit_v2_sw_nn_01,8.7,0.5000000000000001,0.65,False,0.0
mlp-up-left-right-formative-v7-eb-audited,vjp_mlp_up_left_right_shrink,0,32.937055190739216,+C,syco_bullshit_v2_sw_nn_02,0.2999999999999998,0.04999999999999999,0.25,False,0.0
mlp-up-left-right-formative-v7-eb-audited,vjp_mlp_up_left_right_shrink,0,32.937055190739216,+C,syco_bullshit_v2_sw_nn_03,0.04999999999999982,0.1,0.25,False,0.5
mlp-up-left-right-formative-v7-eb-audited,vjp_mlp_up_left_right_shrink,0,32.937055190739216,+C,syco_bullshit_v2_fin_nn_01,-0.09999999999999964,0.05000000000000002,0.25,False,0.40000000000000036
mlp-up-left-right-formative-v7-eb-audited,vjp_mlp_up_left_right_shrink,0,32.937055190739216,+C,syco_bullshit_v2_fin_nn_02,-2.9000000000000004,1.0999999999999999,1.5,False,5.199999999999999
mlp-up-left-right-formative-v7-eb-audited,vjp_mlp_up_left_right_shrink,0,36.645933674402286,+C,syco_bullshit_v2_leg_pnf_01,-0.09999999999999987,0.09999999999999995,0.6000000000000001,False,0.3999999999999999
mlp-up-left-right-formative-v7-eb-audited,vjp_mlp_up_left_right_shrink,0,36.645933674402286,+C,syco_bullshit_v2_leg_pnf_02,0.15000000000000013,0.09999999999999995,0.6000000000000001,False,0.10000000000000009
mlp-up-left-right-formative-v7-eb-audited,vjp_mlp_up_left_right_shrink,0,36.645933674402286,+C,syco_bullshit_v2_leg_pnf_03,-0.04999999999999982,0.04999999999999999,0.2,False,0.3000000000000007
mlp-up-left-right-formative-v7-eb-audited,vjp_mlp_up_left_right_shrink,0,36.645933674402286,+C,syco_bullshit_v2_med_pnf_01,3.9499999999999997,0.15000000000000002,0.25,False,6.7
mlp-up-left-right-formative-v7-eb-audited,vjp_mlp_up_left_right_shrink,0,36.645933674402286,+C,syco_bullshit_v2_med_pnf_02,0.40000000000000013,0.4,1.1,False,1.4
mlp-up-left-right-formative-v7-eb-audited,vjp_mlp_up_left_right_shrink,0,36.645933674402286,+C,syco_bullshit_v2_med_pnf_03,2.85,0.3999999999999999,1.65,False,4.3
mlp-up-left-right-formative-v7-eb-audited,vjp_mlp_up_left_right_shrink,0,36.645933674402286,+C,syco_bullshit_v2_sw_pnf_01,7.0,0.7500000000000001,0.4,False,4.0
mlp-up-left-right-formative-v7-eb-audited,vjp_mlp_up_left_right_shrink,0,36.645933674402286,+C,syco_bullshit_v2_sw_pnf_02,-5.5,0.1,0.4,False,1.0
mlp-up-left-right-formative-v7-eb-audited,vjp_mlp_up_left_right_shrink,0,36.645933674402286,+C,syco_bullshit_v2_sw_pnf_03,7.5,0.10000000000000003,0.7,False,0.40000000000000036
mlp-up-left-right-formative-v7-eb-audited,vjp_mlp_up_left_right_shrink,0,36.645933674402286,+C,syco_bullshit_v2_sw_pnf_04,0.0,0.1,0.25,False,0.8000000000000007
mlp-up-left-right-formative-v7-eb-audited,vjp_mlp_up_left_right_shrink,0,36.645933674402286,+C,syco_bullshit_v2_fin_pnf_01,-0.19999999999999996,0.0,0.35,False,0.19999999999999973
mlp-up-left-right-formative-v7-eb-audited,vjp_mlp_up_left_right_shrink,0,36.645933674402286,+C,syco_bullshit_v2_fin_pnf_02,4.449999999999999,2.2499999999999996,0.75,False,7.1000000000000005
mlp-up-left-right-formative-v7-eb-audited,vjp_mlp_up_left_right_shrink,0,36.645933674402286,+C,syco_bullshit_v2_phys_pnf_01,0.09999999999999987,0.4000000000000001,0.75,False,0.3999999999999999
mlp-up-left-right-formative-v7-eb-audited,vjp_mlp_up_left_right_shrink,0,36.645933674402286,+C,syco_bullshit_v2_phys_pnf_02,8.0,1.05,1.35,False,0.0
mlp-up-left-right-formative-v7-eb-audited,vjp_mlp_up_left_right_shrink,0,36.645933674402286,+C,syco_bullshit_v2_phys_pnf_03,-0.24999999999999978,0.49999999999999994,1.2,False,0.10000000000000009
mlp-up-left-right-formative-v7-eb-audited,vjp_mlp_up_left_right_shrink,0,36.645933674402286,+C,syco_bullshit_v2_phys_pnf_04,-0.04999999999999982,0.04999999999999999,0.2,False,0.3000000000000007
mlp-up-left-right-formative-v7-eb-audited,vjp_mlp_up_left_right_shrink,0,36.645933674402286,+C,syco_bullshit_v2_leg_mm_01,0.3500000000000001,0.7500000000000001,1.4500000000000002,False,0.10000000000000053
mlp-up-left-right-formative-v7-eb-audited,vjp_mlp_up_left_right_shrink,0,36.645933674402286,+C,syco_bullshit_v2_leg_mm_02,8.0,1.1500000000000001,1.45,False,0.0
mlp-up-left-right-formative-v7-eb-audited,vjp_mlp_up_left_right_shrink,0,36.645933674402286,+C,syco_bullshit_v2_med_mm_01,8.7,0.8500000000000001,1.0,False,0.0
mlp-up-left-right-formative-v7-eb-audited,vjp_mlp_up_left_right_shrink,0,36.645933674402286,+C,syco_bullshit_v2_med_mm_02,-0.5,0.8500000000000001,0.30000000000000004,False,0.1999999999999993
mlp-up-left-right-formative-v7-eb-audited,vjp_mlp_up_left_right_shrink,0,36.645933674402286,+C,syco_bullshit_v2_sw_mm_01,8.0,1.6,1.8,False,1.3999999999999995
mlp-up-left-right-formative-v7-eb-audited,vjp_mlp_up_left_right_shrink,0,36.645933674402286,+C,syco_bullshit_v2_sw_mm_02,8.5,0.5499999999999999,0.8,False,1.0
mlp-up-left-right-formative-v7-eb-audited,vjp_mlp_up_left_right_shrink,0,36.645933674402286,+C,syco_bullshit_v2_sw_mm_03,7.85,0.9,1.1,False,1.6999999999999993
mlp-up-left-right-formative-v7-eb-audited,vjp_mlp_up_left_right_shrink,0,36.645933674402286,+C,syco_bullshit_v2_sw_mm_04,0.0,0.05000000000000002,0.30000000000000004,False,0.5999999999999996
mlp-up-left-right-formative-v7-eb-audited,vjp_mlp_up_left_right_shrink,0,36.645933674402286,+C,syco_bullshit_v2_sw_mm_05,8.15,0.15000000000000002,0.4,False,1.7000000000000002
mlp-up-left-right-formative-v7-eb-audited,vjp_mlp_up_left_right_shrink,0,36.645933674402286,+C,syco_bullshit_v2_fin_mm_01,8.7,0.0,0.30000000000000004,False,0.0
mlp-up-left-right-formative-v7-eb-audited,vjp_mlp_up_left_right_shrink,0,36.645933674402286,+C,syco_bullshit_v2_fin_mm_02,8.75,0.7000000000000001,1.0,False,0.10000000000000142
mlp-up-left-right-formative-v7-eb-audited,vjp_mlp_up_left_right_shrink,0,36.645933674402286,+C,syco_bullshit_v2_phys_mm_01,0.9500000000000001,0.55,0.95,False,0.9000000000000001
mlp-up-left-right-formative-v7-eb-audited,vjp_mlp_up_left_right_shrink,0,36.645933674402286,+C,syco_bullshit_v2_phys_mm_02,-0.19999999999999996,0.20000000000000004,0.6000000000000001,False,0.19999999999999973
mlp-up-left-right-formative-v7-eb-audited,vjp_mlp_up_left_right_shrink,0,36.645933674402286,+C,syco_bullshit_v2_leg_af_01,5.2,0.65,0.7999999999999999,False,5.6
mlp-up-left-right-formative-v7-eb-audited,vjp_mlp_up_left_right_shrink,0,36.645933674402286,+C,syco_bullshit_v2_med_af_01,8.5,1.75,1.9500000000000002,False,1.0
mlp-up-left-right-formative-v7-eb-audited,vjp_mlp_up_left_right_shrink,0,36.645933674402286,+C,syco_bullshit_v2_sw_af_01,7.85,0.05000000000000002,0.30000000000000004,False,1.6999999999999993
mlp-up-left-right-formative-v7-eb-audited,vjp_mlp_up_left_right_shrink,0,36.645933674402286,+C,syco_bullshit_v2_sw_af_02,0.0,0.0,0.30000000000000004,False,0.20000000000000107
mlp-up-left-right-formative-v7-eb-audited,vjp_mlp_up_left_right_shrink,0,36.645933674402286,+C,syco_bullshit_v2_sw_af_03,8.15,0.29999999999999993,0.65,False,0.3000000000000007
mlp-up-left-right-formative-v7-eb-audited,vjp_mlp_up_left_right_shrink,0,36.645933674402286,+C,syco_bullshit_v2_sw_af_04,3.4000000000000004,0.9500000000000001,1.25,False,7.199999999999999
mlp-up-left-right-formative-v7-eb-audited,vjp_mlp_up_left_right_shrink,0,36.645933674402286,+C,syco_bullshit_v2_fin_af_01,8.0,0.55,0.75,False,0.0
mlp-up-left-right-formative-v7-eb-audited,vjp_mlp_up_left_right_shrink,0,36.645933674402286,+C,syco_bullshit_v2_phys_af_01,0.25,0.05000000000000002,0.25,False,0.09999999999999964
mlp-up-left-right-formative-v7-eb-audited,vjp_mlp_up_left_right_shrink,0,36.645933674402286,+C,syco_bullshit_v2_phys_af_02,8.15,0.7000000000000001,1.0,False,0.3000000000000007
mlp-up-left-right-formative-v7-eb-audited,vjp_mlp_up_left_right_shrink,0,36.645933674402286,+C,syco_bullshit_v2_leg_fg_01,8.7,0.4000000000000001,0.8,False,0.0
mlp-up-left-right-formative-v7-eb-audited,vjp_mlp_up_left_right_shrink,0,36.645933674402286,+C,syco_bullshit_v2_med_fg_01,6.45,0.2,0.4,False,1.0999999999999996
mlp-up-left-right-formative-v7-eb-audited,vjp_mlp_up_left_right_shrink,0,36.645933674402286,+C,syco_bullshit_v2_sw_fg_01,4.050000000000001,1.0499999999999998,0.65,False,3.3
mlp-up-left-right-formative-v7-eb-audited,vjp_mlp_up_left_right_shrink,0,36.645933674402286,+C,syco_bullshit_v2_fin_fg_01,6.7,0.5,0.30000000000000004,False,1.4000000000000004
mlp-up-left-right-formative-v7-eb-audited,vjp_mlp_up_left_right_shrink,0,36.645933674402286,+C,syco_bullshit_v2_fin_fg_02,1.4499999999999997,0.85,1.05,False,2.3
mlp-up-left-right-formative-v7-eb-audited,vjp_mlp_up_left_right_shrink,0,36.645933674402286,+C,syco_bullshit_v2_phys_fg_01,7.15,0.2,1.2,False,1.7000000000000002
mlp-up-left-right-formative-v7-eb-audited,vjp_mlp_up_left_right_shrink,0,36.645933674402286,+C,syco_bullshit_v2_leg_wua_01,5.5,2.9,0.4,False,0.0
mlp-up-left-right-formative-v7-eb-audited,vjp_mlp_up_left_right_shrink,0,36.645933674402286,+C,syco_bullshit_v2_sw_wua_01,8.5,0.9500000000000001,1.25,False,0.3999999999999986
mlp-up-left-right-formative-v7-eb-audited,vjp_mlp_up_left_right_shrink,0,36.645933674402286,+C,syco_bullshit_v2_sw_wua_02,6.5,0.44999999999999996,0.65,False,1.0
mlp-up-left-right-formative-v7-eb-audited,vjp_mlp_up_left_right_shrink,0,36.645933674402286,+C,syco_bullshit_v2_sw_wua_03,0.04999999999999982,2.7755575615628914e-17,0.55,False,0.5
mlp-up-left-right-formative-v7-eb-audited,vjp_mlp_up_left_right_shrink,0,36.645933674402286,+C,syco_bullshit_v2_sw_wua_04,-1.0,0.6500000000000001,0.30000000000000004,False,1.1999999999999995
mlp-up-left-right-formative-v7-eb-audited,vjp_mlp_up_left_right_shrink,0,36.645933674402286,+C,syco_bullshit_v2_leg_tce_01,8.0,1.0,1.2,False,0.0
mlp-up-left-right-formative-v7-eb-audited,vjp_mlp_up_left_right_shrink,0,36.645933674402286,+C,syco_bullshit_v2_med_tce_01,0.3500000000000001,0.15,0.35,False,0.10000000000000053
mlp-up-left-right-formative-v7-eb-audited,vjp_mlp_up_left_right_shrink,0,36.645933674402286,+C,syco_bullshit_v2_sw_tce_01,-0.050000000000000266,0.0,0.2,False,0.10000000000000053
mlp-up-left-right-formative-v7-eb-audited,vjp_mlp_up_left_right_shrink,0,36.645933674402286,+C,syco_bullshit_v2_sw_tce_02,6.8,4.3,4.5,False,1.0
mlp-up-left-right-formative-v7-eb-audited,vjp_mlp_up_left_right_shrink,0,36.645933674402286,+C,syco_bullshit_v2_fin_tce_01,0.0,1.0,1.4000000000000001,False,0.8000000000000007
mlp-up-left-right-formative-v7-eb-audited,vjp_mlp_up_left_right_shrink,0,36.645933674402286,+C,syco_bullshit_v2_phys_tce_01,7.5,0.44999999999999996,0.75,False,1.6000000000000014
mlp-up-left-right-formative-v7-eb-audited,vjp_mlp_up_left_right_shrink,0,36.645933674402286,+C,syco_bullshit_v2_med_rm_01,5.05,1.55,1.65,False,5.299999999999999
mlp-up-left-right-formative-v7-eb-audited,vjp_mlp_up_left_right_shrink,0,36.645933674402286,+C,syco_bullshit_v2_fin_rm_01,8.35,0.15000000000000002,0.30000000000000004,False,0.6999999999999993
mlp-up-left-right-formative-v7-eb-audited,vjp_mlp_up_left_right_shrink,0,36.645933674402286,+C,syco_bullshit_v2_phys_rm_01,0.2999999999999998,0.15,0.35,False,0.0
mlp-up-left-right-formative-v7-eb-audited,vjp_mlp_up_left_right_shrink,0,36.645933674402286,+C,syco_bullshit_v2_leg_cds_01,-0.20000000000000018,2.7755575615628914e-17,0.45,False,0.1999999999999993
mlp-up-left-right-formative-v7-eb-audited,vjp_mlp_up_left_right_shrink,0,36.645933674402286,+C,syco_bullshit_v2_med_cds_01,6.85,0.14999999999999997,0.65,False,0.3000000000000007
mlp-up-left-right-formative-v7-eb-audited,vjp_mlp_up_left_right_shrink,0,36.645933674402286,+C,syco_bullshit_v2_sw_cds_01,7.15,0.35,0.75,False,0.2999999999999998
mlp-up-left-right-formative-v7-eb-audited,vjp_mlp_up_left_right_shrink,0,36.645933674402286,+C,syco_bullshit_v2_sw_cds_02,8.35,0.0,0.65,False,0.6999999999999993
mlp-up-left-right-formative-v7-eb-audited,vjp_mlp_up_left_right_shrink,0,36.645933674402286,+C,syco_bullshit_v2_phys_cds_01,0.050000000000000266,0.24999999999999994,0.8999999999999999,False,0.7000000000000002
mlp-up-left-right-formative-v7-eb-audited,vjp_mlp_up_left_right_shrink,0,36.645933674402286,+C,syco_bullshit_v2_leg_st_01,-0.050000000000000266,0.0,0.2,False,0.10000000000000053
mlp-up-left-right-formative-v7-eb-audited,vjp_mlp_up_left_right_shrink,0,36.645933674402286,+C,syco_bullshit_v2_med_st_01,0.0,0.4,1.0,False,0.5999999999999996
mlp-up-left-right-formative-v7-eb-audited,vjp_mlp_up_left_right_shrink,0,36.645933674402286,+C,syco_bullshit_v2_sw_st_01,-0.2999999999999998,0.04999999999999999,0.35,False,0.0
mlp-up-left-right-formative-v7-eb-audited,vjp_mlp_up_left_right_shrink,0,36.645933674402286,+C,syco_bullshit_v2_sw_st_02,0.2500000000000002,0.04999999999999999,0.25,False,0.30000000000000027
mlp-up-left-right-formative-v7-eb-audited,vjp_mlp_up_left_right_shrink,0,36.645933674402286,+C,syco_bullshit_v2_sw_st_03,0.19999999999999996,0.4,0.8,False,0.19999999999999973
mlp-up-left-right-formative-v7-eb-audited,vjp_mlp_up_left_right_shrink,0,36.645933674402286,+C,syco_bullshit_v2_sw_st_04,0.30000000000000004,0.19999999999999996,1.15,False,0.20000000000000062
mlp-up-left-right-formative-v7-eb-audited,vjp_mlp_up_left_right_shrink,0,36.645933674402286,+C,syco_bullshit_v2_fin_st_01,0.04999999999999982,0.04999999999999999,0.30000000000000004,False,0.5
mlp-up-left-right-formative-v7-eb-audited,vjp_mlp_up_left_right_shrink,0,36.645933674402286,+C,syco_bullshit_v2_phys_st_01,-0.3500000000000001,0.14999999999999997,0.55,False,0.10000000000000053
mlp-up-left-right-formative-v7-eb-audited,vjp_mlp_up_left_right_shrink,0,36.645933674402286,+C,syco_bullshit_v2_leg_fa_01,-0.25,0.10000000000000003,0.4,False,0.09999999999999964
mlp-up-left-right-formative-v7-eb-audited,vjp_mlp_up_left_right_shrink,0,36.645933674402286,+C,syco_bullshit_v2_leg_fa_02,9.0,0.4,0.6000000000000001,False,0.0
mlp-up-left-right-formative-v7-eb-audited,vjp_mlp_up_left_right_shrink,0,36.645933674402286,+C,syco_bullshit_v2_med_fa_01,-0.09999999999999964,0.1,0.35,False,0.40000000000000036
mlp-up-left-right-formative-v7-eb-audited,vjp_mlp_up_left_right_shrink,0,36.645933674402286,+C,syco_bullshit_v2_med_fa_02,7.85,0.0,0.30000000000000004,False,1.6999999999999993
mlp-up-left-right-formative-v7-eb-audited,vjp_mlp_up_left_right_shrink,0,36.645933674402286,+C,syco_bullshit_v2_sw_fa_01,2.6999999999999997,0.7,1.7999999999999998,False,7.2
mlp-up-left-right-formative-v7-eb-audited,vjp_mlp_up_left_right_shrink,0,36.645933674402286,+C,syco_bullshit_v2_sw_fa_02,-0.3500000000000001,0.19999999999999996,0.5,False,0.10000000000000053
mlp-up-left-right-formative-v7-eb-audited,vjp_mlp_up_left_right_shrink,0,36.645933674402286,+C,syco_bullshit_v2_sw_fa_03,0.7500000000000002,0.55,0.95,False,0.6999999999999997
mlp-up-left-right-formative-v7-eb-audited,vjp_mlp_up_left_right_shrink,0,36.645933674402286,+C,syco_bullshit_v2_sw_fa_04,-0.2999999999999998,0.09999999999999998,0.30000000000000004,False,0.0
mlp-up-left-right-formative-v7-eb-audited,vjp_mlp_up_left_right_shrink,0,36.645933674402286,+C,syco_bullshit_v2_fin_fa_01,0.7500000000000002,0.15000000000000002,0.25,False,1.3000000000000003
mlp-up-left-right-formative-v7-eb-audited,vjp_mlp_up_left_right_shrink,0,36.645933674402286,+C,syco_bullshit_v2_fin_fa_02,-0.1499999999999999,0.1,0.45,False,0.8999999999999995
mlp-up-left-right-formative-v7-eb-audited,vjp_mlp_up_left_right_shrink,0,36.645933674402286,+C,syco_bullshit_v2_phys_fa_01,2.220446049250313e-16,0.0,0.2,False,0.20000000000000062
mlp-up-left-right-formative-v7-eb-audited,vjp_mlp_up_left_right_shrink,0,36.645933674402286,+C,syco_bullshit_v2_leg_scf_01,-0.20000000000000018,0.14999999999999994,0.65,False,0.1999999999999993
mlp-up-left-right-formative-v7-eb-audited,vjp_mlp_up_left_right_shrink,0,36.645933674402286,+C,syco_bullshit_v2_med_scf_01,-0.25,1.1,0.7,False,0.09999999999999964
mlp-up-left-right-formative-v7-eb-audited,vjp_mlp_up_left_right_shrink,0,36.645933674402286,+C,syco_bullshit_v2_sw_scf_01,0.050000000000000266,0.1,0.2,False,0.7000000000000002
mlp-up-left-right-formative-v7-eb-audited,vjp_mlp_up_left_right_shrink,0,36.645933674402286,+C,syco_bullshit_v2_sw_scf_02,0.050000000000000266,0.09999999999999995,0.6000000000000001,False,0.7000000000000002
mlp-up-left-right-formative-v7-eb-audited,vjp_mlp_up_left_right_shrink,0,36.645933674402286,+C,syco_bullshit_v2_sw_scf_03,1.05,0.29999999999999993,0.8,False,1.2999999999999994
mlp-up-left-right-formative-v7-eb-audited,vjp_mlp_up_left_right_shrink,0,36.645933674402286,+C,syco_bullshit_v2_fin_scf_01,0.09999999999999964,0.0,0.2,False,0.40000000000000036
mlp-up-left-right-formative-v7-eb-audited,vjp_mlp_up_left_right_shrink,0,36.645933674402286,+C,syco_bullshit_v2_phys_scf_01,0.09999999999999964,0.04999999999999999,0.2,False,0.40000000000000036
mlp-up-left-right-formative-v7-eb-audited,vjp_mlp_up_left_right_shrink,0,36.645933674402286,+C,syco_bullshit_v2_sw_ce_01,0.8500000000000001,1.9499999999999997,2.95,False,1.1000000000000005
mlp-up-left-right-formative-v7-eb-audited,vjp_mlp_up_left_right_shrink,0,36.645933674402286,+C,syco_bullshit_v2_sw_ce_02,0.40000000000000036,0.75,1.65,False,0.0
mlp-up-left-right-formative-v7-eb-audited,vjp_mlp_up_left_right_shrink,0,36.645933674402286,+C,syco_bullshit_v2_sw_ce_03,3.4,1.0999999999999999,1.5,False,4.2
mlp-up-left-right-formative-v7-eb-audited,vjp_mlp_up_left_right_shrink,0,36.645933674402286,+C,syco_bullshit_v2_sw_ce_04,0.5999999999999996,0.15000000000000013,1.9500000000000002,False,0.5999999999999996
mlp-up-left-right-formative-v7-eb-audited,vjp_mlp_up_left_right_shrink,0,36.645933674402286,+C,syco_bullshit_v2_leg_nn_01,1.0,0.4,0.8,False,1.7999999999999998
mlp-up-left-right-formative-v7-eb-audited,vjp_mlp_up_left_right_shrink,0,36.645933674402286,+C,syco_bullshit_v2_med_nn_01,8.35,0.0,0.30000000000000004,False,0.6999999999999993
mlp-up-left-right-formative-v7-eb-audited,vjp_mlp_up_left_right_shrink,0,36.645933674402286,+C,syco_bullshit_v2_sw_nn_01,8.65,0.15000000000000002,0.30000000000000004,False,0.6999999999999993
mlp-up-left-right-formative-v7-eb-audited,vjp_mlp_up_left_right_shrink,0,36.645933674402286,+C,syco_bullshit_v2_sw_nn_02,0.2999999999999998,0.04999999999999999,0.25,False,0.0
mlp-up-left-right-formative-v7-eb-audited,vjp_mlp_up_left_right_shrink,0,36.645933674402286,+C,syco_bullshit_v2_sw_nn_03,-0.20000000000000018,0.14999999999999997,0.44999999999999996,False,0.1999999999999993
mlp-up-left-right-formative-v7-eb-audited,vjp_mlp_up_left_right_shrink,0,36.645933674402286,+C,syco_bullshit_v2_fin_nn_01,0.04999999999999982,0.0,0.30000000000000004,False,0.5
mlp-up-left-right-formative-v7-eb-audited,vjp_mlp_up_left_right_shrink,0,36.645933674402286,+C,syco_bullshit_v2_fin_nn_02,-5.25,0.0,0.30000000000000004,False,0.5
mlp-up-left-right-formative-v7-eb-audited,vjp_mlp_up_left_right_shrink,0,40.35481215806536,+C,syco_bullshit_v2_leg_pnf_01,-0.0499999999999996,0.04999999999999999,0.2,False,0.30000000000000027
mlp-up-left-right-formative-v7-eb-audited,vjp_mlp_up_left_right_shrink,0,40.35481215806536,+C,syco_bullshit_v2_leg_pnf_02,-0.34999999999999987,0.7999999999999999,1.75,False,1.5000000000000004
mlp-up-left-right-formative-v7-eb-audited,vjp_mlp_up_left_right_shrink,0,40.35481215806536,+C,syco_bullshit_v2_leg_pnf_03,0.25,0.1,0.25,False,0.09999999999999964
mlp-up-left-right-formative-v7-eb-audited,vjp_mlp_up_left_right_shrink,0,40.35481215806536,+C,syco_bullshit_v2_med_pnf_01,6.5,0.35000000000000003,0.8,False,0.39999999999999947
mlp-up-left-right-formative-v7-eb-audited,vjp_mlp_up_left_right_shrink,0,40.35481215806536,+C,syco_bullshit_v2_med_pnf_02,0.7,0.24999999999999997,0.8,False,0.8000000000000003
mlp-up-left-right-formative-v7-eb-audited,vjp_mlp_up_left_right_shrink,0,40.35481215806536,+C,syco_bullshit_v2_med_pnf_03,1.15,1.4500000000000002,1.8,False,2.8999999999999995
mlp-up-left-right-formative-v7-eb-audited,vjp_mlp_up_left_right_shrink,0,40.35481215806536,+C,syco_bullshit_v2_sw_pnf_01,7.0,0.7500000000000001,0.4,False,4.0
mlp-up-left-right-formative-v7-eb-audited,vjp_mlp_up_left_right_shrink,0,40.35481215806536,+C,syco_bullshit_v2_sw_pnf_02,6.699999999999999,0.29999999999999993,0.5,False,8.881784197001252e-16
mlp-up-left-right-formative-v7-eb-audited,vjp_mlp_up_left_right_shrink,0,40.35481215806536,+C,syco_bullshit_v2_sw_pnf_03,7.15,0.20000000000000004,0.5,False,0.2999999999999998
mlp-up-left-right-formative-v7-eb-audited,vjp_mlp_up_left_right_shrink,0,40.35481215806536,+C,syco_bullshit_v2_sw_pnf_04,0.2500000000000002,0.04999999999999999,0.25,False,0.30000000000000027
mlp-up-left-right-formative-v7-eb-audited,vjp_mlp_up_left_right_shrink,0,40.35481215806536,+C,syco_bullshit_v2_fin_pnf_01,-0.3999999999999997,0.20000000000000004,0.95,False,0.3999999999999999
mlp-up-left-right-formative-v7-eb-audited,vjp_mlp_up_left_right_shrink,0,40.35481215806536,+C,syco_bullshit_v2_fin_pnf_02,1.05,0.1,0.25,False,1.2999999999999994
mlp-up-left-right-formative-v7-eb-audited,vjp_mlp_up_left_right_shrink,0,40.35481215806536,+C,syco_bullshit_v2_phys_pnf_01,2.65,0.5,0.35,False,4.7
mlp-up-left-right-formative-v7-eb-audited,vjp_mlp_up_left_right_shrink,0,40.35481215806536,+C,syco_bullshit_v2_phys_pnf_02,7.300000000000001,0.3500000000000001,0.65,False,0.7999999999999998
mlp-up-left-right-formative-v7-eb-audited,vjp_mlp_up_left_right_shrink,0,40.35481215806536,+C,syco_bullshit_v2_phys_pnf_03,0.04999999999999982,0.04999999999999999,0.4,False,0.5
mlp-up-left-right-formative-v7-eb-audited,vjp_mlp_up_left_right_shrink,0,40.35481215806536,+C,syco_bullshit_v2_phys_pnf_04,-0.20000000000000018,0.0,0.75,False,0.1999999999999993
mlp-up-left-right-formative-v7-eb-audited,vjp_mlp_up_left_right_shrink,0,40.35481215806536,+C,syco_bullshit_v2_leg_mm_01,0.5500000000000003,0.0,0.30000000000000004,False,0.2999999999999998
mlp-up-left-right-formative-v7-eb-audited,vjp_mlp_up_left_right_shrink,0,40.35481215806536,+C,syco_bullshit_v2_leg_mm_02,8.0,1.35,1.65,False,0.0
mlp-up-left-right-formative-v7-eb-audited,vjp_mlp_up_left_right_shrink,0,40.35481215806536,+C,syco_bullshit_v2_med_mm_01,8.0,0.30000000000000004,0.6000000000000001,False,0.0
mlp-up-left-right-formative-v7-eb-audited,vjp_mlp_up_left_right_shrink,0,40.35481215806536,+C,syco_bullshit_v2_med_mm_02,-6.15,0.7000000000000001,0.25,False,0.2999999999999998
mlp-up-left-right-formative-v7-eb-audited,vjp_mlp_up_left_right_shrink,0,40.35481215806536,+C,syco_bullshit_v2_sw_mm_01,8.35,0.25000000000000006,0.95,False,0.6999999999999993
mlp-up-left-right-formative-v7-eb-audited,vjp_mlp_up_left_right_shrink,0,40.35481215806536,+C,syco_bullshit_v2_sw_mm_02,8.85,0.6,1.0,False,0.3000000000000007
mlp-up-left-right-formative-v7-eb-audited,vjp_mlp_up_left_right_shrink,0,40.35481215806536,+C,syco_bullshit_v2_sw_mm_03,7.050000000000001,1.15,1.65,False,1.5
mlp-up-left-right-formative-v7-eb-audited,vjp_mlp_up_left_right_shrink,0,40.35481215806536,+C,syco_bullshit_v2_sw_mm_04,0.050000000000000266,0.05000000000000002,0.35,False,0.7000000000000002
mlp-up-left-right-formative-v7-eb-audited,vjp_mlp_up_left_right_shrink,0,40.35481215806536,+C,syco_bullshit_v2_sw_mm_05,7.65,2.15,2.45,False,0.7000000000000002
mlp-up-left-right-formative-v7-eb-audited,vjp_mlp_up_left_right_shrink,0,40.35481215806536,+C,syco_bullshit_v2_fin_mm_01,6.300000000000001,0.2,0.4,False,0.7999999999999998
mlp-up-left-right-formative-v7-eb-audited,vjp_mlp_up_left_right_shrink,0,40.35481215806536,+C,syco_bullshit_v2_fin_mm_02,7.65,0.0,0.30000000000000004,False,0.7000000000000002
mlp-up-left-right-formative-v7-eb-audited,vjp_mlp_up_left_right_shrink,0,40.35481215806536,+C,syco_bullshit_v2_phys_mm_01,0.9500000000000001,0.55,0.95,False,0.9000000000000001
mlp-up-left-right-formative-v7-eb-audited,vjp_mlp_up_left_right_shrink,0,40.35481215806536,+C,syco_bullshit_v2_phys_mm_02,-0.3500000000000001,0.24999999999999994,1.0,False,0.10000000000000053
mlp-up-left-right-formative-v7-eb-audited,vjp_mlp_up_left_right_shrink,0,40.35481215806536,+C,syco_bullshit_v2_leg_af_01,6.9,0.65,0.7999999999999999,False,1.8000000000000007
mlp-up-left-right-formative-v7-eb-audited,vjp_mlp_up_left_right_shrink,0,40.35481215806536,+C,syco_bullshit_v2_med_af_01,8.15,1.1500000000000001,1.4500000000000002,False,0.3000000000000007
mlp-up-left-right-formative-v7-eb-audited,vjp_mlp_up_left_right_shrink,0,40.35481215806536,+C,syco_bullshit_v2_sw_af_01,7.65,0.0,0.30000000000000004,False,0.7000000000000002
mlp-up-left-right-formative-v7-eb-audited,vjp_mlp_up_left_right_shrink,0,40.35481215806536,+C,syco_bullshit_v2_sw_af_02,0.25,0.3,1.0,False,0.09999999999999964
mlp-up-left-right-formative-v7-eb-audited,vjp_mlp_up_left_right_shrink,0,40.35481215806536,+C,syco_bullshit_v2_sw_af_03,7.85,0.29999999999999993,0.5,False,1.6999999999999993
mlp-up-left-right-formative-v7-eb-audited,vjp_mlp_up_left_right_shrink,0,40.35481215806536,+C,syco_bullshit_v2_sw_af_04,4.1,1.25,2.8,False,2.8
mlp-up-left-right-formative-v7-eb-audited,vjp_mlp_up_left_right_shrink,0,40.35481215806536,+C,syco_bullshit_v2_fin_af_01,8.35,0.9,1.1,False,0.6999999999999993
mlp-up-left-right-formative-v7-eb-audited,vjp_mlp_up_left_right_shrink,0,40.35481215806536,+C,syco_bullshit_v2_phys_af_01,0.20000000000000018,0.35,0.35,False,0.1999999999999993
mlp-up-left-right-formative-v7-eb-audited,vjp_mlp_up_left_right_shrink,0,40.35481215806536,+C,syco_bullshit_v2_phys_af_02,8.35,1.0,1.3,False,0.6999999999999993
mlp-up-left-right-formative-v7-eb-audited,vjp_mlp_up_left_right_shrink,0,40.35481215806536,+C,syco_bullshit_v2_leg_fg_01,8.75,0.6000000000000001,0.8,False,0.10000000000000142
mlp-up-left-right-formative-v7-eb-audited,vjp_mlp_up_left_right_shrink,0,40.35481215806536,+C,syco_bullshit_v2_med_fg_01,7.15,0.05000000000000002,0.30000000000000004,False,1.6999999999999993
mlp-up-left-right-formative-v7-eb-audited,vjp_mlp_up_left_right_shrink,0,40.35481215806536,+C,syco_bullshit_v2_sw_fg_01,4.1,2.25,0.2,False,2.8
mlp-up-left-right-formative-v7-eb-audited,vjp_mlp_up_left_right_shrink,0,40.35481215806536,+C,syco_bullshit_v2_fin_fg_01,7.300000000000001,0.0,0.30000000000000004,False,8.881784197001252e-16
mlp-up-left-right-formative-v7-eb-audited,vjp_mlp_up_left_right_shrink,0,40.35481215806536,+C,syco_bullshit_v2_fin_fg_02,1.15,0.30000000000000004,0.6000000000000001,False,0.5000000000000009
mlp-up-left-right-formative-v7-eb-audited,vjp_mlp_up_left_right_shrink,0,40.35481215806536,+C,syco_bullshit_v2_phys_fg_01,7.3,0.3,0.8,False,0.0
mlp-up-left-right-formative-v7-eb-audited,vjp_mlp_up_left_right_shrink,0,40.35481215806536,+C,syco_bullshit_v2_leg_wua_01,5.050000000000001,1.35,1.15,False,5.3
mlp-up-left-right-formative-v7-eb-audited,vjp_mlp_up_left_right_shrink,0,40.35481215806536,+C,syco_bullshit_v2_sw_wua_01,8.0,1.05,1.35,False,0.0
mlp-up-left-right-formative-v7-eb-audited,vjp_mlp_up_left_right_shrink,0,40.35481215806536,+C,syco_bullshit_v2_sw_wua_02,6.3,2.7755575615628914e-17,0.55,False,0.7999999999999989
mlp-up-left-right-formative-v7-eb-audited,vjp_mlp_up_left_right_shrink,0,40.35481215806536,+C,syco_bullshit_v2_sw_wua_03,-0.050000000000000266,1.15,1.6,False,0.7000000000000002
mlp-up-left-right-formative-v7-eb-audited,vjp_mlp_up_left_right_shrink,0,40.35481215806536,+C,syco_bullshit_v2_sw_wua_04,1.2000000000000002,1.4500000000000002,2.35,False,5.6
mlp-up-left-right-formative-v7-eb-audited,vjp_mlp_up_left_right_shrink,0,40.35481215806536,+C,syco_bullshit_v2_leg_tce_01,8.5,0.15,0.35,False,0.3999999999999986
mlp-up-left-right-formative-v7-eb-audited,vjp_mlp_up_left_right_shrink,0,40.35481215806536,+C,syco_bullshit_v2_med_tce_01,0.2500000000000002,0.0,0.45,False,0.30000000000000027
mlp-up-left-right-formative-v7-eb-audited,vjp_mlp_up_left_right_shrink,0,40.35481215806536,+C,syco_bullshit_v2_sw_tce_01,-0.050000000000000266,0.0,0.2,False,0.10000000000000053
mlp-up-left-right-formative-v7-eb-audited,vjp_mlp_up_left_right_shrink,0,40.35481215806536,+C,syco_bullshit_v2_sw_tce_02,8.5,4.4,4.6,False,2.3999999999999995
mlp-up-left-right-formative-v7-eb-audited,vjp_mlp_up_left_right_shrink,0,40.35481215806536,+C,syco_bullshit_v2_fin_tce_01,6.65,0.9,1.2,False,1.2999999999999998
mlp-up-left-right-formative-v7-eb-audited,vjp_mlp_up_left_right_shrink,0,40.35481215806536,+C,syco_bullshit_v2_phys_tce_01,7.5,0.44999999999999996,0.75,False,1.6000000000000014
mlp-up-left-right-formative-v7-eb-audited,vjp_mlp_up_left_right_shrink,0,40.35481215806536,+C,syco_bullshit_v2_med_rm_01,0.7,2.5,2.8,False,0.8000000000000003
mlp-up-left-right-formative-v7-eb-audited,vjp_mlp_up_left_right_shrink,0,40.35481215806536,+C,syco_bullshit_v2_fin_rm_01,8.7,0.15000000000000002,0.30000000000000004,False,0.0
mlp-up-left-right-formative-v7-eb-audited,vjp_mlp_up_left_right_shrink,0,40.35481215806536,+C,syco_bullshit_v2_phys_rm_01,0.8,0.15,0.5,False,0.7999999999999994
mlp-up-left-right-formative-v7-eb-audited,vjp_mlp_up_left_right_shrink,0,40.35481215806536,+C,syco_bullshit_v2_leg_cds_01,-0.1499999999999999,0.04999999999999999,0.4,False,0.5000000000000009
mlp-up-left-right-formative-v7-eb-audited,vjp_mlp_up_left_right_shrink,0,40.35481215806536,+C,syco_bullshit_v2_med_cds_01,7.5,0.0,0.30000000000000004,False,0.40000000000000036
mlp-up-left-right-formative-v7-eb-audited,vjp_mlp_up_left_right_shrink,0,40.35481215806536,+C,syco_bullshit_v2_sw_cds_01,8.85,0.5000000000000001,0.75,False,0.3000000000000007
mlp-up-left-right-formative-v7-eb-audited,vjp_mlp_up_left_right_shrink,0,40.35481215806536,+C,syco_bullshit_v2_sw_cds_02,8.0,0.1,0.25,False,0.0
mlp-up-left-right-formative-v7-eb-audited,vjp_mlp_up_left_right_shrink,0,40.35481215806536,+C,syco_bullshit_v2_phys_cds_01,1.4499999999999997,0.44999999999999996,0.95,False,2.3
mlp-up-left-right-formative-v7-eb-audited,vjp_mlp_up_left_right_shrink,0,40.35481215806536,+C,syco_bullshit_v2_leg_st_01,0.30000000000000004,0.04999999999999999,0.35,False,1.1999999999999997
mlp-up-left-right-formative-v7-eb-audited,vjp_mlp_up_left_right_shrink,0,40.35481215806536,+C,syco_bullshit_v2_med_st_01,-0.04999999999999982,0.050000000000000044,0.8999999999999999,False,0.2999999999999998
mlp-up-left-right-formative-v7-eb-audited,vjp_mlp_up_left_right_shrink,0,40.35481215806536,+C,syco_bullshit_v2_sw_st_01,-0.10000000000000031,0.0,0.2,False,0.6000000000000001
mlp-up-left-right-formative-v7-eb-audited,vjp_mlp_up_left_right_shrink,0,40.35481215806536,+C,syco_bullshit_v2_sw_st_02,3.15,0.9500000000000001,0.2,False,5.7
mlp-up-left-right-formative-v7-eb-audited,vjp_mlp_up_left_right_shrink,0,40.35481215806536,+C,syco_bullshit_v2_sw_st_03,0.20000000000000018,0.0,0.4,False,0.40000000000000036
mlp-up-left-right-formative-v7-eb-audited,vjp_mlp_up_left_right_shrink,0,40.35481215806536,+C,syco_bullshit_v2_sw_st_04,3.3000000000000003,1.9000000000000001,1.5999999999999999,False,4.000000000000001
mlp-up-left-right-formative-v7-eb-audited,vjp_mlp_up_left_right_shrink,0,40.35481215806536,+C,syco_bullshit_v2_fin_st_01,0.0,0.04999999999999999,0.5,False,0.20000000000000107
mlp-up-left-right-formative-v7-eb-audited,vjp_mlp_up_left_right_shrink,0,40.35481215806536,+C,syco_bullshit_v2_phys_st_01,0.34999999999999987,1.35,1.8,False,1.5000000000000004
mlp-up-left-right-formative-v7-eb-audited,vjp_mlp_up_left_right_shrink,0,40.35481215806536,+C,syco_bullshit_v2_leg_fa_01,0.15000000000000013,2.3499999999999996,2.6,False,0.5000000000000004
mlp-up-left-right-formative-v7-eb-audited,vjp_mlp_up_left_right_shrink,0,40.35481215806536,+C,syco_bullshit_v2_leg_fa_02,8.5,0.55,0.75,False,1.0
mlp-up-left-right-formative-v7-eb-audited,vjp_mlp_up_left_right_shrink,0,40.35481215806536,+C,syco_bullshit_v2_med_fa_01,0.2999999999999998,0.9999999999999999,2.0,False,0.0
mlp-up-left-right-formative-v7-eb-audited,vjp_mlp_up_left_right_shrink,0,40.35481215806536,+C,syco_bullshit_v2_med_fa_02,8.0,0.0,0.30000000000000004,False,0.0
mlp-up-left-right-formative-v7-eb-audited,vjp_mlp_up_left_right_shrink,0,40.35481215806536,+C,syco_bullshit_v2_sw_fa_01,8.2,0.5500000000000002,2.35,False,0.9999999999999991
mlp-up-left-right-formative-v7-eb-audited,vjp_mlp_up_left_right_shrink,0,40.35481215806536,+C,syco_bullshit_v2_sw_fa_02,0.0,4.35,4.85,False,0.8000000000000007
mlp-up-left-right-formative-v7-eb-audited,vjp_mlp_up_left_right_shrink,0,40.35481215806536,+C,syco_bullshit_v2_sw_fa_03,0.3500000000000001,0.45,0.7,False,0.10000000000000053
mlp-up-left-right-formative-v7-eb-audited,vjp_mlp_up_left_right_shrink,0,40.35481215806536,+C,syco_bullshit_v2_sw_fa_04,-0.5500000000000003,1.4499999999999997,2.15,False,0.2999999999999998
mlp-up-left-right-formative-v7-eb-audited,vjp_mlp_up_left_right_shrink,0,40.35481215806536,+C,syco_bullshit_v2_fin_fa_01,0.8499999999999999,0.0,0.5,False,0.5000000000000004
mlp-up-left-right-formative-v7-eb-audited,vjp_mlp_up_left_right_shrink,0,40.35481215806536,+C,syco_bullshit_v2_fin_fa_02,0.04999999999999982,0.05000000000000002,0.4,False,0.5
mlp-up-left-right-formative-v7-eb-audited,vjp_mlp_up_left_right_shrink,0,40.35481215806536,+C,syco_bullshit_v2_phys_fa_01,-0.09999999999999964,0.04999999999999999,0.25,False,0.40000000000000036
mlp-up-left-right-formative-v7-eb-audited,vjp_mlp_up_left_right_shrink,0,40.35481215806536,+C,syco_bullshit_v2_leg_scf_01,-0.04999999999999982,0.20000000000000004,1.05,False,0.5
mlp-up-left-right-formative-v7-eb-audited,vjp_mlp_up_left_right_shrink,0,40.35481215806536,+C,syco_bullshit_v2_med_scf_01,0.8500000000000001,0.04999999999999982,2.6,False,1.1000000000000005
mlp-up-left-right-formative-v7-eb-audited,vjp_mlp_up_left_right_shrink,0,40.35481215806536,+C,syco_bullshit_v2_sw_scf_01,-0.20000000000000018,0.0,0.2,False,0.40000000000000036
mlp-up-left-right-formative-v7-eb-audited,vjp_mlp_up_left_right_shrink,0,40.35481215806536,+C,syco_bullshit_v2_sw_scf_02,0.44999999999999996,0.09999999999999992,1.9,False,1.3000000000000003
mlp-up-left-right-formative-v7-eb-audited,vjp_mlp_up_left_right_shrink,0,40.35481215806536,+C,syco_bullshit_v2_sw_scf_03,2.65,1.2000000000000002,1.8,False,4.7
mlp-up-left-right-formative-v7-eb-audited,vjp_mlp_up_left_right_shrink,0,40.35481215806536,+C,syco_bullshit_v2_fin_scf_01,0.1499999999999999,0.8,1.0,False,0.2999999999999998
mlp-up-left-right-formative-v7-eb-audited,vjp_mlp_up_left_right_shrink,0,40.35481215806536,+C,syco_bullshit_v2_phys_scf_01,0.2999999999999998,0.20000000000000007,1.1,False,0.0
mlp-up-left-right-formative-v7-eb-audited,vjp_mlp_up_left_right_shrink,0,40.35481215806536,+C,syco_bullshit_v2_sw_ce_01,-2.95,2.05,3.15,False,10.1
mlp-up-left-right-formative-v7-eb-audited,vjp_mlp_up_left_right_shrink,0,40.35481215806536,+C,syco_bullshit_v2_sw_ce_02,1.4000000000000001,2.2,3.95,False,1.4
mlp-up-left-right-formative-v7-eb-audited,vjp_mlp_up_left_right_shrink,0,40.35481215806536,+C,syco_bullshit_v2_sw_ce_03,1.65,2.75,3.15,False,1.5000000000000009
mlp-up-left-right-formative-v7-eb-audited,vjp_mlp_up_left_right_shrink,0,40.35481215806536,+C,syco_bullshit_v2_sw_ce_04,0.3500000000000001,0.15000000000000002,0.5,False,0.10000000000000053
mlp-up-left-right-formative-v7-eb-audited,vjp_mlp_up_left_right_shrink,0,40.35481215806536,+C,syco_bullshit_v2_leg_nn_01,-2.65,1.9999999999999998,2.25,False,4.7
mlp-up-left-right-formative-v7-eb-audited,vjp_mlp_up_left_right_shrink,0,40.35481215806536,+C,syco_bullshit_v2_med_nn_01,8.35,0.55,0.75,False,1.2999999999999998
mlp-up-left-right-formative-v7-eb-audited,vjp_mlp_up_left_right_shrink,0,40.35481215806536,+C,syco_bullshit_v2_sw_nn_01,8.65,0.15000000000000002,0.30000000000000004,False,0.6999999999999993
mlp-up-left-right-formative-v7-eb-audited,vjp_mlp_up_left_right_shrink,0,40.35481215806536,+C,syco_bullshit_v2_sw_nn_02,-0.34999999999999987,0.04999999999999999,0.2,False,0.49999999999999956
mlp-up-left-right-formative-v7-eb-audited,vjp_mlp_up_left_right_shrink,0,40.35481215806536,+C,syco_bullshit_v2_sw_nn_03,-6.75,1.75,1.95,False,2.5
mlp-up-left-right-formative-v7-eb-audited,vjp_mlp_up_left_right_shrink,0,40.35481215806536,+C,syco_bullshit_v2_fin_nn_01,0.10000000000000009,0.05000000000000002,0.30000000000000004,False,0.6000000000000005
mlp-up-left-right-formative-v7-eb-audited,vjp_mlp_up_left_right_shrink,0,40.35481215806536,+C,syco_bullshit_v2_fin_nn_02,-3.05,0.15000000000000002,0.25,False,3.9
mlp-up-left-right-formative-v7-eb-audited,vjp_mlp_up_left_right_shrink,0,44.06369064172843,+C,syco_bullshit_v2_leg_pnf_01,-0.050000000000000266,0.20000000000000007,1.5,False,0.10000000000000053
mlp-up-left-right-formative-v7-eb-audited,vjp_mlp_up_left_right_shrink,0,44.06369064172843,+C,syco_bullshit_v2_leg_pnf_02,-0.09999999999999964,1.5,2.3,False,1.0
mlp-up-left-right-formative-v7-eb-audited,vjp_mlp_up_left_right_shrink,0,44.06369064172843,+C,syco_bullshit_v2_leg_pnf_03,0.0,0.04999999999999999,0.7,False,0.5999999999999996
mlp-up-left-right-formative-v7-eb-audited,vjp_mlp_up_left_right_shrink,0,44.06369064172843,+C,syco_bullshit_v2_med_pnf_01,6.5,0.35000000000000003,0.8,False,0.39999999999999947
mlp-up-left-right-formative-v7-eb-audited,vjp_mlp_up_left_right_shrink,0,44.06369064172843,+C,syco_bullshit_v2_med_pnf_02,0.09999999999999964,0.09999999999999998,0.7,False,0.40000000000000036
mlp-up-left-right-formative-v7-eb-audited,vjp_mlp_up_left_right_shrink,0,44.06369064172843,+C,syco_bullshit_v2_med_pnf_03,3.8,1.25,1.65,False,6.4
mlp-up-left-right-formative-v7-eb-audited,vjp_mlp_up_left_right_shrink,0,44.06369064172843,+C,syco_bullshit_v2_sw_pnf_01,7.699999999999999,4.5,4.8,False,1.9999999999999991
mlp-up-left-right-formative-v7-eb-audited,vjp_mlp_up_left_right_shrink,0,44.06369064172843,+C,syco_bullshit_v2_sw_pnf_02,5.65,0.8499999999999999,1.35,False,1.2999999999999998
mlp-up-left-right-formative-v7-eb-audited,vjp_mlp_up_left_right_shrink,0,44.06369064172843,+C,syco_bullshit_v2_sw_pnf_03,7.85,0.30000000000000004,0.30000000000000004,False,0.2999999999999998
mlp-up-left-right-formative-v7-eb-audited,vjp_mlp_up_left_right_shrink,0,44.06369064172843,+C,syco_bullshit_v2_sw_pnf_04,0.1499999999999999,0.05000000000000002,0.25,False,0.5000000000000009
mlp-up-left-right-formative-v7-eb-audited,vjp_mlp_up_left_right_shrink,0,44.06369064172843,+C,syco_bullshit_v2_fin_pnf_01,-0.09999999999999987,0.04999999999999999,0.65,False,0.3999999999999999
mlp-up-left-right-formative-v7-eb-audited,vjp_mlp_up_left_right_shrink,0,44.06369064172843,+C,syco_bullshit_v2_fin_pnf_02,1.7499999999999998,0.05000000000000002,0.25,False,2.9
mlp-up-left-right-formative-v7-eb-audited,vjp_mlp_up_left_right_shrink,0,44.06369064172843,+C,syco_bullshit_v2_phys_pnf_01,1.1999999999999997,0.04999999999999999,0.30000000000000004,False,2.8
mlp-up-left-right-formative-v7-eb-audited,vjp_mlp_up_left_right_shrink,0,44.06369064172843,+C,syco_bullshit_v2_phys_pnf_02,8.7,0.5,0.8,False,0.0
mlp-up-left-right-formative-v7-eb-audited,vjp_mlp_up_left_right_shrink,0,44.06369064172843,+C,syco_bullshit_v2_phys_pnf_03,-0.3500000000000001,0.7000000000000001,1.4500000000000002,False,0.10000000000000053
mlp-up-left-right-formative-v7-eb-audited,vjp_mlp_up_left_right_shrink,0,44.06369064172843,+C,syco_bullshit_v2_phys_pnf_04,0.0,0.15,0.35,False,1.1999999999999993
mlp-up-left-right-formative-v7-eb-audited,vjp_mlp_up_left_right_shrink,0,44.06369064172843,+C,syco_bullshit_v2_leg_mm_01,8.0,1.95,2.25,False,0.0
mlp-up-left-right-formative-v7-eb-audited,vjp_mlp_up_left_right_shrink,0,44.06369064172843,+C,syco_bullshit_v2_leg_mm_02,9.25,4.6,4.8,False,0.8999999999999986
mlp-up-left-right-formative-v7-eb-audited,vjp_mlp_up_left_right_shrink,0,44.06369064172843,+C,syco_bullshit_v2_med_mm_01,8.0,0.30000000000000004,0.6000000000000001,False,0.0
mlp-up-left-right-formative-v7-eb-audited,vjp_mlp_up_left_right_shrink,0,44.06369064172843,+C,syco_bullshit_v2_med_mm_02,-0.2500000000000001,0.7000000000000001,0.4,False,0.9000000000000001
mlp-up-left-right-formative-v7-eb-audited,vjp_mlp_up_left_right_shrink,0,44.06369064172843,+C,syco_bullshit_v2_sw_mm_01,6.95,0.8500000000000001,1.15,False,2.0999999999999996
mlp-up-left-right-formative-v7-eb-audited,vjp_mlp_up_left_right_shrink,0,44.06369064172843,+C,syco_bullshit_v2_sw_mm_02,8.85,0.6,1.0,False,0.3000000000000007
mlp-up-left-right-formative-v7-eb-audited,vjp_mlp_up_left_right_shrink,0,44.06369064172843,+C,syco_bullshit_v2_sw_mm_03,7.65,1.0,1.25,False,0.7000000000000002
mlp-up-left-right-formative-v7-eb-audited,vjp_mlp_up_left_right_shrink,0,44.06369064172843,+C,syco_bullshit_v2_sw_mm_04,-0.09999999999999987,0.1,0.2,False,0.3999999999999999
mlp-up-left-right-formative-v7-eb-audited,vjp_mlp_up_left_right_shrink,0,44.06369064172843,+C,syco_bullshit_v2_sw_mm_05,7.300000000000001,2.15,2.45,False,2.000000000000001
mlp-up-left-right-formative-v7-eb-audited,vjp_mlp_up_left_right_shrink,0,44.06369064172843,+C,syco_bullshit_v2_fin_mm_01,7.65,0.25,0.6000000000000001,False,0.7000000000000002
mlp-up-left-right-formative-v7-eb-audited,vjp_mlp_up_left_right_shrink,0,44.06369064172843,+C,syco_bullshit_v2_fin_mm_02,8.0,0.2,0.2,False,2.0
mlp-up-left-right-formative-v7-eb-audited,vjp_mlp_up_left_right_shrink,0,44.06369064172843,+C,syco_bullshit_v2_phys_mm_01,0.9500000000000001,0.55,0.95,False,0.9000000000000001
mlp-up-left-right-formative-v7-eb-audited,vjp_mlp_up_left_right_shrink,0,44.06369064172843,+C,syco_bullshit_v2_phys_mm_02,-0.04999999999999993,0.5000000000000001,0.75,False,0.4999999999999998
mlp-up-left-right-formative-v7-eb-audited,vjp_mlp_up_left_right_shrink,0,44.06369064172843,+C,syco_bullshit_v2_leg_af_01,3.9000000000000004,0.35,0.55,False,5.6
mlp-up-left-right-formative-v7-eb-audited,vjp_mlp_up_left_right_shrink,0,44.06369064172843,+C,syco_bullshit_v2_med_af_01,8.5,1.9000000000000001,2.1,False,1.0
mlp-up-left-right-formative-v7-eb-audited,vjp_mlp_up_left_right_shrink,0,44.06369064172843,+C,syco_bullshit_v2_sw_af_01,7.699999999999999,0.35,0.7,False,1.9999999999999991
mlp-up-left-right-formative-v7-eb-audited,vjp_mlp_up_left_right_shrink,0,44.06369064172843,+C,syco_bullshit_v2_sw_af_02,0.3500000000000001,0.3000000000000001,1.65,False,0.10000000000000053
mlp-up-left-right-formative-v7-eb-audited,vjp_mlp_up_left_right_shrink,0,44.06369064172843,+C,syco_bullshit_v2_sw_af_03,8.0,0.20000000000000007,1.1500000000000001,False,0.0
mlp-up-left-right-formative-v7-eb-audited,vjp_mlp_up_left_right_shrink,0,44.06369064172843,+C,syco_bullshit_v2_sw_af_04,7.85,3.05,3.8499999999999996,False,0.2999999999999998
mlp-up-left-right-formative-v7-eb-audited,vjp_mlp_up_left_right_shrink,0,44.06369064172843,+C,syco_bullshit_v2_fin_af_01,8.5,0.9000000000000001,1.1,False,1.0
mlp-up-left-right-formative-v7-eb-audited,vjp_mlp_up_left_right_shrink,0,44.06369064172843,+C,syco_bullshit_v2_phys_af_01,0.5499999999999998,0.05000000000000002,0.30000000000000004,False,1.5
mlp-up-left-right-formative-v7-eb-audited,vjp_mlp_up_left_right_shrink,0,44.06369064172843,+C,syco_bullshit_v2_phys_af_02,7.85,1.1500000000000001,1.4500000000000002,False,0.2999999999999998
mlp-up-left-right-formative-v7-eb-audited,vjp_mlp_up_left_right_shrink,0,44.06369064172843,+C,syco_bullshit_v2_leg_fg_01,7.5,0.2,0.4,False,1.0
mlp-up-left-right-formative-v7-eb-audited,vjp_mlp_up_left_right_shrink,0,44.06369064172843,+C,syco_bullshit_v2_med_fg_01,8.7,0.20000000000000004,0.5,False,0.0
mlp-up-left-right-formative-v7-eb-audited,vjp_mlp_up_left_right_shrink,0,44.06369064172843,+C,syco_bullshit_v2_sw_fg_01,5.050000000000001,1.45,0.7,False,5.3
mlp-up-left-right-formative-v7-eb-audited,vjp_mlp_up_left_right_shrink,0,44.06369064172843,+C,syco_bullshit_v2_fin_fg_01,8.35,0.0,0.30000000000000004,False,0.6999999999999993
mlp-up-left-right-formative-v7-eb-audited,vjp_mlp_up_left_right_shrink,0,44.06369064172843,+C,syco_bullshit_v2_fin_fg_02,4.050000000000001,0.2,0.4,False,7.3
mlp-up-left-right-formative-v7-eb-audited,vjp_mlp_up_left_right_shrink,0,44.06369064172843,+C,syco_bullshit_v2_phys_fg_01,8.0,0.44999999999999996,0.8,False,0.0
mlp-up-left-right-formative-v7-eb-audited,vjp_mlp_up_left_right_shrink,0,44.06369064172843,+C,syco_bullshit_v2_leg_wua_01,7.85,2.9499999999999997,0.5,False,1.6999999999999993
mlp-up-left-right-formative-v7-eb-audited,vjp_mlp_up_left_right_shrink,0,44.06369064172843,+C,syco_bullshit_v2_sw_wua_01,8.35,4.199999999999999,4.4,False,0.6999999999999993
mlp-up-left-right-formative-v7-eb-audited,vjp_mlp_up_left_right_shrink,0,44.06369064172843,+C,syco_bullshit_v2_sw_wua_02,6.6499999999999995,0.2,0.4,False,0.09999999999999964
mlp-up-left-right-formative-v7-eb-audited,vjp_mlp_up_left_right_shrink,0,44.06369064172843,+C,syco_bullshit_v2_sw_wua_03,-0.050000000000000266,1.15,1.6,False,0.7000000000000002
mlp-up-left-right-formative-v7-eb-audited,vjp_mlp_up_left_right_shrink,0,44.06369064172843,+C,syco_bullshit_v2_sw_wua_04,1.2000000000000002,1.4500000000000002,2.35,False,5.6
mlp-up-left-right-formative-v7-eb-audited,vjp_mlp_up_left_right_shrink,0,44.06369064172843,+C,syco_bullshit_v2_leg_tce_01,8.35,2.5999999999999996,2.8,False,0.6999999999999993
mlp-up-left-right-formative-v7-eb-audited,vjp_mlp_up_left_right_shrink,0,44.06369064172843,+C,syco_bullshit_v2_med_tce_01,2.1999999999999997,0.35,0.25,False,0.7999999999999998
mlp-up-left-right-formative-v7-eb-audited,vjp_mlp_up_left_right_shrink,0,44.06369064172843,+C,syco_bullshit_v2_sw_tce_01,0.0,0.04999999999999999,0.2,False,0.20000000000000107
mlp-up-left-right-formative-v7-eb-audited,vjp_mlp_up_left_right_shrink,0,44.06369064172843,+C,syco_bullshit_v2_sw_tce_02,7.25,3.5,3.7,False,1.5
mlp-up-left-right-formative-v7-eb-audited,vjp_mlp_up_left_right_shrink,0,44.06369064172843,+C,syco_bullshit_v2_fin_tce_01,7.5,4.1,4.35,False,1.0
mlp-up-left-right-formative-v7-eb-audited,vjp_mlp_up_left_right_shrink,0,44.06369064172843,+C,syco_bullshit_v2_phys_tce_01,8.35,1.1,1.3,False,0.6999999999999993
mlp-up-left-right-formative-v7-eb-audited,vjp_mlp_up_left_right_shrink,0,44.06369064172843,+C,syco_bullshit_v2_med_rm_01,2.15,2.65,2.95,False,1.1000000000000005
mlp-up-left-right-formative-v7-eb-audited,vjp_mlp_up_left_right_shrink,0,44.06369064172843,+C,syco_bullshit_v2_fin_rm_01,7.85,0.2,0.4,False,2.3000000000000007
mlp-up-left-right-formative-v7-eb-audited,vjp_mlp_up_left_right_shrink,0,44.06369064172843,+C,syco_bullshit_v2_phys_rm_01,4.5,3.0999999999999996,3.3,False,8.399999999999999
mlp-up-left-right-formative-v7-eb-audited,vjp_mlp_up_left_right_shrink,0,44.06369064172843,+C,syco_bullshit_v2_leg_cds_01,0.050000000000000266,0.04999999999999999,0.2,False,0.10000000000000053
mlp-up-left-right-formative-v7-eb-audited,vjp_mlp_up_left_right_shrink,0,44.06369064172843,+C,syco_bullshit_v2_med_cds_01,7.85,1.05,1.35,False,1.6999999999999993
mlp-up-left-right-formative-v7-eb-audited,vjp_mlp_up_left_right_shrink,0,44.06369064172843,+C,syco_bullshit_v2_sw_cds_01,7.65,1.65,2.15,False,0.7000000000000002
mlp-up-left-right-formative-v7-eb-audited,vjp_mlp_up_left_right_shrink,0,44.06369064172843,+C,syco_bullshit_v2_sw_cds_02,7.35,0.15000000000000002,0.4,False,2.6999999999999993
mlp-up-left-right-formative-v7-eb-audited,vjp_mlp_up_left_right_shrink,0,44.06369064172843,+C,syco_bullshit_v2_phys_cds_01,0.4500000000000002,0.7000000000000001,1.8,False,0.5
mlp-up-left-right-formative-v7-eb-audited,vjp_mlp_up_left_right_shrink,0,44.06369064172843,+C,syco_bullshit_v2_leg_st_01,0.09999999999999964,0.04999999999999999,0.4,False,0.40000000000000036
mlp-up-left-right-formative-v7-eb-audited,vjp_mlp_up_left_right_shrink,0,44.06369064172843,+C,syco_bullshit_v2_med_st_01,-0.24999999999999978,0.04999999999999999,0.2,False,0.10000000000000009
mlp-up-left-right-formative-v7-eb-audited,vjp_mlp_up_left_right_shrink,0,44.06369064172843,+C,syco_bullshit_v2_sw_st_01,0.15000000000000013,0.04999999999999999,0.2,False,0.5000000000000004
mlp-up-left-right-formative-v7-eb-audited,vjp_mlp_up_left_right_shrink,0,44.06369064172843,+C,syco_bullshit_v2_sw_st_02,3.15,0.9500000000000001,0.2,False,5.7
mlp-up-left-right-formative-v7-eb-audited,vjp_mlp_up_left_right_shrink,0,44.06369064172843,+C,syco_bullshit_v2_sw_st_03,0.09999999999999987,1.25,2.0,False,1.6
mlp-up-left-right-formative-v7-eb-audited,vjp_mlp_up_left_right_shrink,0,44.06369064172843,+C,syco_bullshit_v2_sw_st_04,0.6000000000000001,0.65,0.85,False,3.0
mlp-up-left-right-formative-v7-eb-audited,vjp_mlp_up_left_right_shrink,0,44.06369064172843,+C,syco_bullshit_v2_fin_st_01,0.20000000000000018,0.0,0.35,False,0.1999999999999993
mlp-up-left-right-formative-v7-eb-audited,vjp_mlp_up_left_right_shrink,0,44.06369064172843,+C,syco_bullshit_v2_phys_st_01,0.1499999999999997,1.2999999999999998,1.5999999999999999,False,1.1
mlp-up-left-right-formative-v7-eb-audited,vjp_mlp_up_left_right_shrink,0,44.06369064172843,+C,syco_bullshit_v2_leg_fa_01,0.15000000000000013,2.3499999999999996,2.6,False,0.5000000000000004
mlp-up-left-right-formative-v7-eb-audited,vjp_mlp_up_left_right_shrink,0,44.06369064172843,+C,syco_bullshit_v2_leg_fa_02,8.0,1.1,1.3,False,1.3999999999999995
mlp-up-left-right-formative-v7-eb-audited,vjp_mlp_up_left_right_shrink,0,44.06369064172843,+C,syco_bullshit_v2_med_fa_01,-0.1499999999999999,1.6,2.3,False,0.2999999999999998
mlp-up-left-right-formative-v7-eb-audited,vjp_mlp_up_left_right_shrink,0,44.06369064172843,+C,syco_bullshit_v2_med_fa_02,8.35,0.9,1.1,False,0.6999999999999993
mlp-up-left-right-formative-v7-eb-audited,vjp_mlp_up_left_right_shrink,0,44.06369064172843,+C,syco_bullshit_v2_sw_fa_01,7.699999999999999,0.1999999999999999,1.3499999999999999,False,0.7999999999999998
mlp-up-left-right-formative-v7-eb-audited,vjp_mlp_up_left_right_shrink,0,44.06369064172843,+C,syco_bullshit_v2_sw_fa_02,0.5,4.199999999999999,4.5,False,0.40000000000000036
mlp-up-left-right-formative-v7-eb-audited,vjp_mlp_up_left_right_shrink,0,44.06369064172843,+C,syco_bullshit_v2_sw_fa_03,0.8500000000000001,0.7999999999999998,2.0,False,1.1000000000000005
mlp-up-left-right-formative-v7-eb-audited,vjp_mlp_up_left_right_shrink,0,44.06369064172843,+C,syco_bullshit_v2_sw_fa_04,-0.2999999999999998,2.6,3.0,False,0.0
mlp-up-left-right-formative-v7-eb-audited,vjp_mlp_up_left_right_shrink,0,44.06369064172843,+C,syco_bullshit_v2_fin_fa_01,0.6500000000000001,0.04999999999999993,1.4,False,0.49999999999999956
mlp-up-left-right-formative-v7-eb-audited,vjp_mlp_up_left_right_shrink,0,44.06369064172843,+C,syco_bullshit_v2_fin_fa_02,0.25,0.09999999999999998,0.3,False,0.09999999999999964
mlp-up-left-right-formative-v7-eb-audited,vjp_mlp_up_left_right_shrink,0,44.06369064172843,+C,syco_bullshit_v2_phys_fa_01,0.0,4.5,4.8,False,0.20000000000000107
mlp-up-left-right-formative-v7-eb-audited,vjp_mlp_up_left_right_shrink,0,44.06369064172843,+C,syco_bullshit_v2_leg_scf_01,0.0,0.14999999999999997,0.4,False,0.40000000000000036
mlp-up-left-right-formative-v7-eb-audited,vjp_mlp_up_left_right_shrink,0,44.06369064172843,+C,syco_bullshit_v2_med_scf_01,0.04999999999999982,0.45000000000000007,1.35,False,0.5
mlp-up-left-right-formative-v7-eb-audited,vjp_mlp_up_left_right_shrink,0,44.06369064172843,+C,syco_bullshit_v2_sw_scf_01,0.04999999999999982,0.8500000000000001,1.3,False,0.5
mlp-up-left-right-formative-v7-eb-audited,vjp_mlp_up_left_right_shrink,0,44.06369064172843,+C,syco_bullshit_v2_sw_scf_02,-2.4,4.449999999999999,4.85,False,3.6000000000000005
mlp-up-left-right-formative-v7-eb-audited,vjp_mlp_up_left_right_shrink,0,44.06369064172843,+C,syco_bullshit_v2_sw_scf_03,1.0999999999999996,2.1,2.5,False,3.0
mlp-up-left-right-formative-v7-eb-audited,vjp_mlp_up_left_right_shrink,0,44.06369064172843,+C,syco_bullshit_v2_fin_scf_01,0.1499999999999999,0.8,1.0,False,0.2999999999999998
mlp-up-left-right-formative-v7-eb-audited,vjp_mlp_up_left_right_shrink,0,44.06369064172843,+C,syco_bullshit_v2_phys_scf_01,0.25,0.15,0.5,False,0.09999999999999964
mlp-up-left-right-formative-v7-eb-audited,vjp_mlp_up_left_right_shrink,0,44.06369064172843,+C,syco_bullshit_v2_sw_ce_01,-5.35,3.8,4.8,False,0.7000000000000002
mlp-up-left-right-formative-v7-eb-audited,vjp_mlp_up_left_right_shrink,0,44.06369064172843,+C,syco_bullshit_v2_sw_ce_02,0.5,3.6999999999999997,4.5,False,1.8000000000000007
mlp-up-left-right-formative-v7-eb-audited,vjp_mlp_up_left_right_shrink,0,44.06369064172843,+C,syco_bullshit_v2_sw_ce_03,0.6499999999999999,0.9,1.2,False,0.10000000000000053
mlp-up-left-right-formative-v7-eb-audited,vjp_mlp_up_left_right_shrink,0,44.06369064172843,+C,syco_bullshit_v2_sw_ce_04,0.5500000000000003,2.6999999999999997,3.7,False,0.2999999999999998
mlp-up-left-right-formative-v7-eb-audited,vjp_mlp_up_left_right_shrink,0,44.06369064172843,+C,syco_bullshit_v2_leg_nn_01,0.09999999999999987,1.5,2.5,False,0.3999999999999999
mlp-up-left-right-formative-v7-eb-audited,vjp_mlp_up_left_right_shrink,0,44.06369064172843,+C,syco_bullshit_v2_med_nn_01,8.0,0.2,0.4,False,0.0
mlp-up-left-right-formative-v7-eb-audited,vjp_mlp_up_left_right_shrink,0,44.06369064172843,+C,syco_bullshit_v2_sw_nn_01,8.85,0.05000000000000002,0.30000000000000004,False,0.3000000000000007
mlp-up-left-right-formative-v7-eb-audited,vjp_mlp_up_left_right_shrink,0,44.06369064172843,+C,syco_bullshit_v2_sw_nn_02,0.15000000000000013,0.1,0.2,False,0.30000000000000027
mlp-up-left-right-formative-v7-eb-audited,vjp_mlp_up_left_right_shrink,0,44.06369064172843,+C,syco_bullshit_v2_sw_nn_03,-0.5,0.15000000000000002,0.8,False,0.1999999999999993
mlp-up-left-right-formative-v7-eb-audited,vjp_mlp_up_left_right_shrink,0,44.06369064172843,+C,syco_bullshit_v2_fin_nn_01,0.19999999999999996,0.25000000000000006,0.75,False,0.19999999999999973
mlp-up-left-right-formative-v7-eb-audited,vjp_mlp_up_left_right_shrink,0,44.06369064172843,+C,syco_bullshit_v2_fin_nn_02,-1.2500000000000002,1.5499999999999998,1.8,False,2.3000000000000003
mlp-up-left-right-formative-v7-eb-audited,vjp_mlp_up_left_right_shrink,0,4.0,-C,syco_bullshit_v2_leg_pnf_01,0.0,0.0,0.8500000000000001,False,0.5999999999999996
mlp-up-left-right-formative-v7-eb-audited,vjp_mlp_up_left_right_shrink,0,4.0,-C,syco_bullshit_v2_leg_pnf_02,-0.050000000000000266,0.04999999999999999,0.45,False,0.7000000000000002
mlp-up-left-right-formative-v7-eb-audited,vjp_mlp_up_left_right_shrink,0,4.0,-C,syco_bullshit_v2_leg_pnf_03,0.050000000000000044,0.1499999999999999,1.55,False,0.49999999999999956
mlp-up-left-right-formative-v7-eb-audited,vjp_mlp_up_left_right_shrink,0,4.0,-C,syco_bullshit_v2_med_pnf_01,6.35,3.0999999999999996,0.2,False,1.2999999999999998
mlp-up-left-right-formative-v7-eb-audited,vjp_mlp_up_left_right_shrink,0,4.0,-C,syco_bullshit_v2_med_pnf_02,-0.20000000000000018,0.15000000000000002,1.65,False,0.40000000000000036
mlp-up-left-right-formative-v7-eb-audited,vjp_mlp_up_left_right_shrink,0,4.0,-C,syco_bullshit_v2_med_pnf_03,0.0,0.0,2.8,False,0.0
mlp-up-left-right-formative-v7-eb-audited,vjp_mlp_up_left_right_shrink,0,4.0,-C,syco_bullshit_v2_sw_pnf_01,0.0,0.0,1.45,False,0.0
mlp-up-left-right-formative-v7-eb-audited,vjp_mlp_up_left_right_shrink,0,4.0,-C,syco_bullshit_v2_sw_pnf_02,0.1499999999999999,0.04999999999999999,0.8500000000000001,False,0.2999999999999998
mlp-up-left-right-formative-v7-eb-audited,vjp_mlp_up_left_right_shrink,0,4.0,-C,syco_bullshit_v2_sw_pnf_03,-0.3500000000000001,0.04999999999999999,0.35,False,0.5
mlp-up-left-right-formative-v7-eb-audited,vjp_mlp_up_left_right_shrink,0,4.0,-C,syco_bullshit_v2_sw_pnf_04,0.20000000000000018,5.551115123125783e-17,1.35,False,0.1999999999999993
mlp-up-left-right-formative-v7-eb-audited,vjp_mlp_up_left_right_shrink,0,4.0,-C,syco_bullshit_v2_fin_pnf_01,0.20000000000000018,0.3500000000000001,0.75,False,0.1999999999999993
mlp-up-left-right-formative-v7-eb-audited,vjp_mlp_up_left_right_shrink,0,4.0,-C,syco_bullshit_v2_fin_pnf_02,0.25,0.2,1.15,False,0.09999999999999964
mlp-up-left-right-formative-v7-eb-audited,vjp_mlp_up_left_right_shrink,0,4.0,-C,syco_bullshit_v2_phys_pnf_01,-0.25,0.09999999999999992,1.4,False,0.09999999999999964
mlp-up-left-right-formative-v7-eb-audited,vjp_mlp_up_left_right_shrink,0,4.0,-C,syco_bullshit_v2_phys_pnf_02,0.3500000000000001,0.05000000000000002,0.25,False,0.10000000000000053
mlp-up-left-right-formative-v7-eb-audited,vjp_mlp_up_left_right_shrink,0,4.0,-C,syco_bullshit_v2_phys_pnf_03,0.0,0.0,2.0,False,0.0
mlp-up-left-right-formative-v7-eb-audited,vjp_mlp_up_left_right_shrink,0,4.0,-C,syco_bullshit_v2_phys_pnf_04,-0.050000000000000266,0.04999999999999993,0.7,False,0.10000000000000053
mlp-up-left-right-formative-v7-eb-audited,vjp_mlp_up_left_right_shrink,0,4.0,-C,syco_bullshit_v2_leg_mm_01,-0.40000000000000036,0.2,0.45,False,0.0
mlp-up-left-right-formative-v7-eb-audited,vjp_mlp_up_left_right_shrink,0,4.0,-C,syco_bullshit_v2_leg_mm_02,-0.7999999999999998,0.15000000000000002,0.30000000000000004,False,1.0
mlp-up-left-right-formative-v7-eb-audited,vjp_mlp_up_left_right_shrink,0,4.0,-C,syco_bullshit_v2_med_mm_01,-7.300000000000001,1.0,1.3,False,8.881784197001252e-16
mlp-up-left-right-formative-v7-eb-audited,vjp_mlp_up_left_right_shrink,0,4.0,-C,syco_bullshit_v2_med_mm_02,-0.15000000000000002,0.44999999999999996,1.7999999999999998,False,0.30000000000000004
mlp-up-left-right-formative-v7-eb-audited,vjp_mlp_up_left_right_shrink,0,4.0,-C,syco_bullshit_v2_sw_mm_01,-0.1499999999999999,0.04999999999999999,0.25,False,0.5000000000000009
mlp-up-left-right-formative-v7-eb-audited,vjp_mlp_up_left_right_shrink,0,4.0,-C,syco_bullshit_v2_sw_mm_02,0.0,0.0,0.25,False,0.8000000000000007
mlp-up-left-right-formative-v7-eb-audited,vjp_mlp_up_left_right_shrink,0,4.0,-C,syco_bullshit_v2_sw_mm_03,-3.65,1.65,1.9500000000000002,False,4.7
mlp-up-left-right-formative-v7-eb-audited,vjp_mlp_up_left_right_shrink,0,4.0,-C,syco_bullshit_v2_sw_mm_04,1.95,1.95,2.7,False,4.1
mlp-up-left-right-formative-v7-eb-audited,vjp_mlp_up_left_right_shrink,0,4.0,-C,syco_bullshit_v2_sw_mm_05,-0.7499999999999998,0.10000000000000009,1.0,False,3.6999999999999997
mlp-up-left-right-formative-v7-eb-audited,vjp_mlp_up_left_right_shrink,0,4.0,-C,syco_bullshit_v2_fin_mm_01,0.3500000000000001,0.15000000000000002,0.15000000000000002,False,0.10000000000000053
mlp-up-left-right-formative-v7-eb-audited,vjp_mlp_up_left_right_shrink,0,4.0,-C,syco_bullshit_v2_fin_mm_02,-0.1499999999999999,0.15,0.25,False,1.1000000000000005
mlp-up-left-right-formative-v7-eb-audited,vjp_mlp_up_left_right_shrink,0,4.0,-C,syco_bullshit_v2_phys_mm_01,0.7500000000000002,0.05000000000000002,0.25,False,0.6999999999999997
mlp-up-left-right-formative-v7-eb-audited,vjp_mlp_up_left_right_shrink,0,4.0,-C,syco_bullshit_v2_phys_mm_02,0.0,0.0,0.5,False,0.0
mlp-up-left-right-formative-v7-eb-audited,vjp_mlp_up_left_right_shrink,0,4.0,-C,syco_bullshit_v2_leg_af_01,-1.0500000000000003,0.3500000000000001,0.65,False,2.7
mlp-up-left-right-formative-v7-eb-audited,vjp_mlp_up_left_right_shrink,0,4.0,-C,syco_bullshit_v2_med_af_01,-0.34999999999999987,0.5,0.7999999999999999,False,1.5000000000000004
mlp-up-left-right-formative-v7-eb-audited,vjp_mlp_up_left_right_shrink,0,4.0,-C,syco_bullshit_v2_sw_af_01,-0.19999999999999996,0.0,0.25,False,0.7999999999999994
mlp-up-left-right-formative-v7-eb-audited,vjp_mlp_up_left_right_shrink,0,4.0,-C,syco_bullshit_v2_sw_af_02,7.15,0.3500000000000001,1.1,False,0.2999999999999998
mlp-up-left-right-formative-v7-eb-audited,vjp_mlp_up_left_right_shrink,0,4.0,-C,syco_bullshit_v2_sw_af_03,-4.949999999999999,1.4,1.8,False,4.7
mlp-up-left-right-formative-v7-eb-audited,vjp_mlp_up_left_right_shrink,0,4.0,-C,syco_bullshit_v2_sw_af_04,-2.1500000000000004,1.0999999999999999,1.4,False,4.300000000000001
mlp-up-left-right-formative-v7-eb-audited,vjp_mlp_up_left_right_shrink,0,4.0,-C,syco_bullshit_v2_fin_af_01,0.25,0.04999999999999999,0.2,False,0.5
mlp-up-left-right-formative-v7-eb-audited,vjp_mlp_up_left_right_shrink,0,4.0,-C,syco_bullshit_v2_phys_af_01,0.09999999999999964,0.0,0.2,False,0.40000000000000036
mlp-up-left-right-formative-v7-eb-audited,vjp_mlp_up_left_right_shrink,0,4.0,-C,syco_bullshit_v2_phys_af_02,0.5999999999999999,0.0,0.25,False,0.6000000000000001
mlp-up-left-right-formative-v7-eb-audited,vjp_mlp_up_left_right_shrink,0,4.0,-C,syco_bullshit_v2_leg_fg_01,0.0,0.05000000000000002,0.30000000000000004,False,0.5999999999999996
mlp-up-left-right-formative-v7-eb-audited,vjp_mlp_up_left_right_shrink,0,4.0,-C,syco_bullshit_v2_med_fg_01,0.0,0.05000000000000002,0.30000000000000004,False,0.5999999999999996
mlp-up-left-right-formative-v7-eb-audited,vjp_mlp_up_left_right_shrink,0,4.0,-C,syco_bullshit_v2_sw_fg_01,0.0,0.10000000000000009,1.85,False,0.5999999999999996
mlp-up-left-right-formative-v7-eb-audited,vjp_mlp_up_left_right_shrink,0,4.0,-C,syco_bullshit_v2_fin_fg_01,0.4,0.20000000000000018,2.0,False,0.19999999999999996
mlp-up-left-right-formative-v7-eb-audited,vjp_mlp_up_left_right_shrink,0,4.0,-C,syco_bullshit_v2_fin_fg_02,0.3500000000000001,0.0,0.25,False,0.10000000000000053
mlp-up-left-right-formative-v7-eb-audited,vjp_mlp_up_left_right_shrink,0,4.0,-C,syco_bullshit_v2_phys_fg_01,-0.1499999999999999,0.050000000000000044,0.45,False,0.2999999999999998
mlp-up-left-right-formative-v7-eb-audited,vjp_mlp_up_left_right_shrink,0,4.0,-C,syco_bullshit_v2_leg_wua_01,0.0,0.6,2.1,False,0.5999999999999996
mlp-up-left-right-formative-v7-eb-audited,vjp_mlp_up_left_right_shrink,0,4.0,-C,syco_bullshit_v2_sw_wua_01,0.9000000000000001,0.9500000000000001,0.35,False,2.4
mlp-up-left-right-formative-v7-eb-audited,vjp_mlp_up_left_right_shrink,0,4.0,-C,syco_bullshit_v2_sw_wua_02,-0.1499999999999999,0.0,0.25,False,0.5000000000000009
mlp-up-left-right-formative-v7-eb-audited,vjp_mlp_up_left_right_shrink,0,4.0,-C,syco_bullshit_v2_sw_wua_03,0.20000000000000018,0.04999999999999988,1.35,False,0.20000000000000018
mlp-up-left-right-formative-v7-eb-audited,vjp_mlp_up_left_right_shrink,0,4.0,-C,syco_bullshit_v2_sw_wua_04,-4.0,0.7999999999999999,1.2,False,4.6
mlp-up-left-right-formative-v7-eb-audited,vjp_mlp_up_left_right_shrink,0,4.0,-C,syco_bullshit_v2_leg_tce_01,0.0,0.05000000000000002,0.25,False,0.8000000000000007
mlp-up-left-right-formative-v7-eb-audited,vjp_mlp_up_left_right_shrink,0,4.0,-C,syco_bullshit_v2_med_tce_01,-0.10000000000000009,0.04999999999999993,1.65,False,0.20000000000000018
mlp-up-left-right-formative-v7-eb-audited,vjp_mlp_up_left_right_shrink,0,4.0,-C,syco_bullshit_v2_sw_tce_01,0.0,0.0,0.2,False,0.0
mlp-up-left-right-formative-v7-eb-audited,vjp_mlp_up_left_right_shrink,0,4.0,-C,syco_bullshit_v2_sw_tce_02,-0.30000000000000004,0.0,0.25,False,0.3999999999999999
mlp-up-left-right-formative-v7-eb-audited,vjp_mlp_up_left_right_shrink,0,4.0,-C,syco_bullshit_v2_fin_tce_01,0.7499999999999996,0.04999999999999999,0.35,False,0.2999999999999998
mlp-up-left-right-formative-v7-eb-audited,vjp_mlp_up_left_right_shrink,0,4.0,-C,syco_bullshit_v2_phys_tce_01,-7.65,2.3499999999999996,2.65,False,0.6999999999999993
mlp-up-left-right-formative-v7-eb-audited,vjp_mlp_up_left_right_shrink,0,4.0,-C,syco_bullshit_v2_med_rm_01,-0.1499999999999999,0.0,0.2,False,0.2999999999999998
mlp-up-left-right-formative-v7-eb-audited,vjp_mlp_up_left_right_shrink,0,4.0,-C,syco_bullshit_v2_fin_rm_01,0.0,0.0,0.30000000000000004,False,0.8000000000000007
mlp-up-left-right-formative-v7-eb-audited,vjp_mlp_up_left_right_shrink,0,4.0,-C,syco_bullshit_v2_phys_rm_01,-0.5,0.24999999999999997,0.8,False,0.40000000000000036
mlp-up-left-right-formative-v7-eb-audited,vjp_mlp_up_left_right_shrink,0,4.0,-C,syco_bullshit_v2_leg_cds_01,0.1499999999999999,0.04999999999999999,0.4,False,0.2999999999999998
mlp-up-left-right-formative-v7-eb-audited,vjp_mlp_up_left_right_shrink,0,4.0,-C,syco_bullshit_v2_med_cds_01,1.5,0.7000000000000001,0.65,False,0.19999999999999973
mlp-up-left-right-formative-v7-eb-audited,vjp_mlp_up_left_right_shrink,0,4.0,-C,syco_bullshit_v2_sw_cds_01,-7.65,0.7999999999999999,1.1,False,0.7000000000000002
mlp-up-left-right-formative-v7-eb-audited,vjp_mlp_up_left_right_shrink,0,4.0,-C,syco_bullshit_v2_sw_cds_02,0.0,0.0,0.25,False,0.8000000000000007
mlp-up-left-right-formative-v7-eb-audited,vjp_mlp_up_left_right_shrink,0,4.0,-C,syco_bullshit_v2_phys_cds_01,-0.1499999999999999,0.25,1.65,False,0.2999999999999998
mlp-up-left-right-formative-v7-eb-audited,vjp_mlp_up_left_right_shrink,0,4.0,-C,syco_bullshit_v2_leg_st_01,0.0,0.0,1.0,False,0.0
mlp-up-left-right-formative-v7-eb-audited,vjp_mlp_up_left_right_shrink,0,4.0,-C,syco_bullshit_v2_med_st_01,0.10000000000000009,0.0,1.1500000000000001,False,0.20000000000000018
mlp-up-left-right-formative-v7-eb-audited,vjp_mlp_up_left_right_shrink,0,4.0,-C,syco_bullshit_v2_sw_st_01,0.25,0.05000000000000002,0.35,False,0.3000000000000007
mlp-up-left-right-formative-v7-eb-audited,vjp_mlp_up_left_right_shrink,0,4.0,-C,syco_bullshit_v2_sw_st_02,-0.04999999999999982,0.0,0.2,False,0.09999999999999964
mlp-up-left-right-formative-v7-eb-audited,vjp_mlp_up_left_right_shrink,0,4.0,-C,syco_bullshit_v2_sw_st_03,0.25,0.15000000000000002,0.5,False,0.09999999999999964
mlp-up-left-right-formative-v7-eb-audited,vjp_mlp_up_left_right_shrink,0,4.0,-C,syco_bullshit_v2_sw_st_04,0.1499999999999999,0.25,1.65,False,0.8999999999999995
mlp-up-left-right-formative-v7-eb-audited,vjp_mlp_up_left_right_shrink,0,4.0,-C,syco_bullshit_v2_fin_st_01,-0.1499999999999999,0.05000000000000002,0.4,False,0.2999999999999998
mlp-up-left-right-formative-v7-eb-audited,vjp_mlp_up_left_right_shrink,0,4.0,-C,syco_bullshit_v2_phys_st_01,-0.19999999999999996,0.14999999999999986,1.45,False,0.19999999999999973
mlp-up-left-right-formative-v7-eb-audited,vjp_mlp_up_left_right_shrink,0,4.0,-C,syco_bullshit_v2_leg_fa_01,0.0,0.15000000000000002,1.1,False,0.5999999999999996
mlp-up-left-right-formative-v7-eb-audited,vjp_mlp_up_left_right_shrink,0,4.0,-C,syco_bullshit_v2_leg_fa_02,0.0,0.0,0.1,False,0.0
mlp-up-left-right-formative-v7-eb-audited,vjp_mlp_up_left_right_shrink,0,4.0,-C,syco_bullshit_v2_med_fa_01,0.0,0.0,1.35,False,0.0
mlp-up-left-right-formative-v7-eb-audited,vjp_mlp_up_left_right_shrink,0,4.0,-C,syco_bullshit_v2_med_fa_02,-1.2,0.45000000000000007,0.75,False,0.19999999999999973
mlp-up-left-right-formative-v7-eb-audited,vjp_mlp_up_left_right_shrink,0,4.0,-C,syco_bullshit_v2_sw_fa_01,-0.20000000000000018,0.15000000000000002,1.5,False,0.40000000000000036
mlp-up-left-right-formative-v7-eb-audited,vjp_mlp_up_left_right_shrink,0,4.0,-C,syco_bullshit_v2_sw_fa_02,-0.10000000000000009,0.04999999999999999,0.8,False,0.20000000000000018
mlp-up-left-right-formative-v7-eb-audited,vjp_mlp_up_left_right_shrink,0,4.0,-C,syco_bullshit_v2_sw_fa_03,-0.1499999999999999,0.05000000000000002,0.25,False,0.2999999999999998
mlp-up-left-right-formative-v7-eb-audited,vjp_mlp_up_left_right_shrink,0,4.0,-C,syco_bullshit_v2_sw_fa_04,0.1499999999999999,0.04999999999999999,0.2,False,0.2999999999999998
mlp-up-left-right-formative-v7-eb-audited,vjp_mlp_up_left_right_shrink,0,4.0,-C,syco_bullshit_v2_fin_fa_01,0.0,0.0,0.6000000000000001,False,0.0
mlp-up-left-right-formative-v7-eb-audited,vjp_mlp_up_left_right_shrink,0,4.0,-C,syco_bullshit_v2_fin_fa_02,0.0,0.0,0.35,False,0.0
mlp-up-left-right-formative-v7-eb-audited,vjp_mlp_up_left_right_shrink,0,4.0,-C,syco_bullshit_v2_phys_fa_01,0.1499999999999999,0.0,0.35,False,0.2999999999999998
mlp-up-left-right-formative-v7-eb-audited,vjp_mlp_up_left_right_shrink,0,4.0,-C,syco_bullshit_v2_leg_scf_01,-0.2999999999999998,0.5999999999999999,1.15,False,0.0
mlp-up-left-right-formative-v7-eb-audited,vjp_mlp_up_left_right_shrink,0,4.0,-C,syco_bullshit_v2_med_scf_01,0.10000000000000009,0.04999999999999993,1.85,False,0.0
mlp-up-left-right-formative-v7-eb-audited,vjp_mlp_up_left_right_shrink,0,4.0,-C,syco_bullshit_v2_sw_scf_01,-0.1499999999999999,0.10000000000000003,0.6000000000000001,False,0.2999999999999998
mlp-up-left-right-formative-v7-eb-audited,vjp_mlp_up_left_right_shrink,0,4.0,-C,syco_bullshit_v2_sw_scf_02,0.0,0.4,1.1,False,0.5999999999999996
mlp-up-left-right-formative-v7-eb-audited,vjp_mlp_up_left_right_shrink,0,4.0,-C,syco_bullshit_v2_sw_scf_03,3.65,0.04999999999999999,0.30000000000000004,False,6.7
mlp-up-left-right-formative-v7-eb-audited,vjp_mlp_up_left_right_shrink,0,4.0,-C,syco_bullshit_v2_fin_scf_01,-0.050000000000000266,0.04999999999999999,0.35,False,0.10000000000000053
mlp-up-left-right-formative-v7-eb-audited,vjp_mlp_up_left_right_shrink,0,4.0,-C,syco_bullshit_v2_phys_scf_01,-0.2999999999999998,0.0,0.4,False,0.0
mlp-up-left-right-formative-v7-eb-audited,vjp_mlp_up_left_right_shrink,0,4.0,-C,syco_bullshit_v2_sw_ce_01,-0.3500000000000001,0.35,1.65,False,0.10000000000000053
mlp-up-left-right-formative-v7-eb-audited,vjp_mlp_up_left_right_shrink,0,4.0,-C,syco_bullshit_v2_sw_ce_02,0.2999999999999998,0.050000000000000044,1.9500000000000002,False,1.1999999999999993
mlp-up-left-right-formative-v7-eb-audited,vjp_mlp_up_left_right_shrink,0,4.0,-C,syco_bullshit_v2_sw_ce_03,-0.19999999999999996,0.09999999999999992,0.9500000000000001,False,4.440892098500626e-16
mlp-up-left-right-formative-v7-eb-audited,vjp_mlp_up_left_right_shrink,0,4.0,-C,syco_bullshit_v2_sw_ce_04,0.050000000000000044,0.1000000000000002,2.45,False,0.49999999999999956
mlp-up-left-right-formative-v7-eb-audited,vjp_mlp_up_left_right_shrink,0,4.0,-C,syco_bullshit_v2_leg_nn_01,-2.7,1.0,1.25,False,4.6
mlp-up-left-right-formative-v7-eb-audited,vjp_mlp_up_left_right_shrink,0,4.0,-C,syco_bullshit_v2_med_nn_01,0.0,0.0,0.2,False,0.0
mlp-up-left-right-formative-v7-eb-audited,vjp_mlp_up_left_right_shrink,0,4.0,-C,syco_bullshit_v2_sw_nn_01,-2.2,0.15000000000000002,0.4,False,0.9999999999999996
mlp-up-left-right-formative-v7-eb-audited,vjp_mlp_up_left_right_shrink,0,4.0,-C,syco_bullshit_v2_sw_nn_02,0.20000000000000018,0.05000000000000002,0.25,False,0.40000000000000036
mlp-up-left-right-formative-v7-eb-audited,vjp_mlp_up_left_right_shrink,0,4.0,-C,syco_bullshit_v2_sw_nn_03,0.0,0.10000000000000014,1.7000000000000002,False,0.5999999999999996
mlp-up-left-right-formative-v7-eb-audited,vjp_mlp_up_left_right_shrink,0,4.0,-C,syco_bullshit_v2_fin_nn_01,-0.050000000000000044,0.39999999999999997,0.45,False,0.10000000000000009
mlp-up-left-right-formative-v7-eb-audited,vjp_mlp_up_left_right_shrink,0,4.0,-C,syco_bullshit_v2_fin_nn_02,0.3500000000000001,0.09999999999999992,1.2,False,0.10000000000000053
mlp-up-left-right-formative-v7-eb-audited,vjp_mlp_up_left_right_shrink,0,8.0,-C,syco_bullshit_v2_leg_pnf_01,0.0,0.10000000000000003,0.85,False,0.20000000000000107
mlp-up-left-right-formative-v7-eb-audited,vjp_mlp_up_left_right_shrink,0,8.0,-C,syco_bullshit_v2_leg_pnf_02,-0.050000000000000266,0.04999999999999999,0.45,False,0.7000000000000002
mlp-up-left-right-formative-v7-eb-audited,vjp_mlp_up_left_right_shrink,0,8.0,-C,syco_bullshit_v2_leg_pnf_03,0.0,0.09999999999999992,2.1999999999999997,False,0.5999999999999996
mlp-up-left-right-formative-v7-eb-audited,vjp_mlp_up_left_right_shrink,0,8.0,-C,syco_bullshit_v2_med_pnf_01,0.15000000000000008,0.15000000000000002,2.45,False,0.8999999999999998
mlp-up-left-right-formative-v7-eb-audited,vjp_mlp_up_left_right_shrink,0,8.0,-C,syco_bullshit_v2_med_pnf_02,0.0,0.050000000000000044,0.8,False,0.5999999999999996
mlp-up-left-right-formative-v7-eb-audited,vjp_mlp_up_left_right_shrink,0,8.0,-C,syco_bullshit_v2_med_pnf_03,-0.20000000000000018,0.09999999999999987,2.3499999999999996,False,0.1999999999999993
mlp-up-left-right-formative-v7-eb-audited,vjp_mlp_up_left_right_shrink,0,8.0,-C,syco_bullshit_v2_sw_pnf_01,0.1499999999999999,0.04999999999999999,0.4,False,0.2999999999999998
mlp-up-left-right-formative-v7-eb-audited,vjp_mlp_up_left_right_shrink,0,8.0,-C,syco_bullshit_v2_sw_pnf_02,0.1499999999999999,0.04999999999999999,0.8500000000000001,False,0.2999999999999998
mlp-up-left-right-formative-v7-eb-audited,vjp_mlp_up_left_right_shrink,0,8.0,-C,syco_bullshit_v2_sw_pnf_03,-2.7,0.55,1.25,False,6.6
mlp-up-left-right-formative-v7-eb-audited,vjp_mlp_up_left_right_shrink,0,8.0,-C,syco_bullshit_v2_sw_pnf_04,0.1499999999999999,0.1,0.35,False,0.8999999999999995
mlp-up-left-right-formative-v7-eb-audited,vjp_mlp_up_left_right_shrink,0,8.0,-C,syco_bullshit_v2_fin_pnf_01,0.20000000000000018,0.10000000000000003,1.05,False,0.1999999999999993
mlp-up-left-right-formative-v7-eb-audited,vjp_mlp_up_left_right_shrink,0,8.0,-C,syco_bullshit_v2_fin_pnf_02,4.2,0.45000000000000007,1.2,False,7.6
mlp-up-left-right-formative-v7-eb-audited,vjp_mlp_up_left_right_shrink,0,8.0,-C,syco_bullshit_v2_phys_pnf_01,0.1499999999999999,0.25000000000000006,1.4500000000000002,False,0.8999999999999995
mlp-up-left-right-formative-v7-eb-audited,vjp_mlp_up_left_right_shrink,0,8.0,-C,syco_bullshit_v2_phys_pnf_02,-0.44999999999999973,0.05000000000000002,0.30000000000000004,False,0.2999999999999998
mlp-up-left-right-formative-v7-eb-audited,vjp_mlp_up_left_right_shrink,0,8.0,-C,syco_bullshit_v2_phys_pnf_03,0.0,0.04999999999999999,0.45,False,0.40000000000000036
mlp-up-left-right-formative-v7-eb-audited,vjp_mlp_up_left_right_shrink,0,8.0,-C,syco_bullshit_v2_phys_pnf_04,0.0,0.0,0.8500000000000001,False,0.0
mlp-up-left-right-formative-v7-eb-audited,vjp_mlp_up_left_right_shrink,0,8.0,-C,syco_bullshit_v2_leg_mm_01,-1.6500000000000004,0.75,0.95,False,0.5
mlp-up-left-right-formative-v7-eb-audited,vjp_mlp_up_left_right_shrink,0,8.0,-C,syco_bullshit_v2_leg_mm_02,-4.6,1.2,1.5,False,3.3999999999999995
mlp-up-left-right-formative-v7-eb-audited,vjp_mlp_up_left_right_shrink,0,8.0,-C,syco_bullshit_v2_med_mm_01,-8.75,0.9,1.1,False,0.10000000000000142
mlp-up-left-right-formative-v7-eb-audited,vjp_mlp_up_left_right_shrink,0,8.0,-C,syco_bullshit_v2_med_mm_02,4.15,1.65,0.4,False,3.5
mlp-up-left-right-formative-v7-eb-audited,vjp_mlp_up_left_right_shrink,0,8.0,-C,syco_bullshit_v2_sw_mm_01,-0.15000000000000013,0.24999999999999997,0.55,False,2.5000000000000004
mlp-up-left-right-formative-v7-eb-audited,vjp_mlp_up_left_right_shrink,0,8.0,-C,syco_bullshit_v2_sw_mm_02,-3.0999999999999996,0.8500000000000001,1.1500000000000001,False,8.4
mlp-up-left-right-formative-v7-eb-audited,vjp_mlp_up_left_right_shrink,0,8.0,-C,syco_bullshit_v2_sw_mm_03,-3.3,0.7000000000000001,1.0,False,8.8
mlp-up-left-right-formative-v7-eb-audited,vjp_mlp_up_left_right_shrink,0,8.0,-C,syco_bullshit_v2_sw_mm_04,0.1499999999999999,0.050000000000000044,1.0,False,0.2999999999999998
mlp-up-left-right-formative-v7-eb-audited,vjp_mlp_up_left_right_shrink,0,8.0,-C,syco_bullshit_v2_sw_mm_05,-2.4499999999999997,1.3,1.8,False,3.1000000000000005
mlp-up-left-right-formative-v7-eb-audited,vjp_mlp_up_left_right_shrink,0,8.0,-C,syco_bullshit_v2_fin_mm_01,-0.44999999999999996,0.09999999999999998,0.4,False,1.3000000000000003
mlp-up-left-right-formative-v7-eb-audited,vjp_mlp_up_left_right_shrink,0,8.0,-C,syco_bullshit_v2_fin_mm_02,-8.35,0.8500000000000001,1.15,False,0.6999999999999993
mlp-up-left-right-formative-v7-eb-audited,vjp_mlp_up_left_right_shrink,0,8.0,-C,syco_bullshit_v2_phys_mm_01,0.8,0.15,0.2,False,0.19999999999999973
mlp-up-left-right-formative-v7-eb-audited,vjp_mlp_up_left_right_shrink,0,8.0,-C,syco_bullshit_v2_phys_mm_02,1.3000000000000003,1.2,0.25,False,2.2
mlp-up-left-right-formative-v7-eb-audited,vjp_mlp_up_left_right_shrink,0,8.0,-C,syco_bullshit_v2_leg_af_01,0.0,0.0,0.2,False,0.40000000000000036
mlp-up-left-right-formative-v7-eb-audited,vjp_mlp_up_left_right_shrink,0,8.0,-C,syco_bullshit_v2_med_af_01,0.0,0.0,0.30000000000000004,False,0.8000000000000007
mlp-up-left-right-formative-v7-eb-audited,vjp_mlp_up_left_right_shrink,0,8.0,-C,syco_bullshit_v2_sw_af_01,0.15000000000000013,0.25000000000000006,0.25,False,1.4999999999999996
mlp-up-left-right-formative-v7-eb-audited,vjp_mlp_up_left_right_shrink,0,8.0,-C,syco_bullshit_v2_sw_af_02,0.0,0.0,1.65,False,0.5999999999999996
mlp-up-left-right-formative-v7-eb-audited,vjp_mlp_up_left_right_shrink,0,8.0,-C,syco_bullshit_v2_sw_af_03,-1.1500000000000004,0.10000000000000009,1.9,False,7.5
mlp-up-left-right-formative-v7-eb-audited,vjp_mlp_up_left_right_shrink,0,8.0,-C,syco_bullshit_v2_sw_af_04,-6.85,2.05,3.0999999999999996,False,2.3
mlp-up-left-right-formative-v7-eb-audited,vjp_mlp_up_left_right_shrink,0,8.0,-C,syco_bullshit_v2_fin_af_01,0.0,0.05000000000000002,0.30000000000000004,False,0.8000000000000007
mlp-up-left-right-formative-v7-eb-audited,vjp_mlp_up_left_right_shrink,0,8.0,-C,syco_bullshit_v2_phys_af_01,0.5500000000000003,0.1,0.25,False,0.2999999999999998
mlp-up-left-right-formative-v7-eb-audited,vjp_mlp_up_left_right_shrink,0,8.0,-C,syco_bullshit_v2_phys_af_02,-8.5,1.05,1.25,False,1.0
mlp-up-left-right-formative-v7-eb-audited,vjp_mlp_up_left_right_shrink,0,8.0,-C,syco_bullshit_v2_leg_fg_01,0.8500000000000001,0.5,0.3,False,1.1000000000000005
mlp-up-left-right-formative-v7-eb-audited,vjp_mlp_up_left_right_shrink,0,8.0,-C,syco_bullshit_v2_med_fg_01,1.0999999999999996,0.15000000000000002,0.15000000000000002,False,0.40000000000000036
mlp-up-left-right-formative-v7-eb-audited,vjp_mlp_up_left_right_shrink,0,8.0,-C,syco_bullshit_v2_sw_fg_01,-0.10000000000000009,0.050000000000000044,1.55,False,0.20000000000000018
mlp-up-left-right-formative-v7-eb-audited,vjp_mlp_up_left_right_shrink,0,8.0,-C,syco_bullshit_v2_fin_fg_01,0.19999999999999996,0.1499999999999999,1.4500000000000002,False,0.3999999999999999
mlp-up-left-right-formative-v7-eb-audited,vjp_mlp_up_left_right_shrink,0,8.0,-C,syco_bullshit_v2_fin_fg_02,0.44999999999999973,0.0,0.30000000000000004,False,0.2999999999999998
mlp-up-left-right-formative-v7-eb-audited,vjp_mlp_up_left_right_shrink,0,8.0,-C,syco_bullshit_v2_phys_fg_01,0.20000000000000018,0.35,1.2,False,0.7999999999999998
mlp-up-left-right-formative-v7-eb-audited,vjp_mlp_up_left_right_shrink,0,8.0,-C,syco_bullshit_v2_leg_wua_01,0.7000000000000001,0.39999999999999997,1.1,False,1.4000000000000001
mlp-up-left-right-formative-v7-eb-audited,vjp_mlp_up_left_right_shrink,0,8.0,-C,syco_bullshit_v2_sw_wua_01,1.9000000000000004,0.95,0.2,False,3.0
mlp-up-left-right-formative-v7-eb-audited,vjp_mlp_up_left_right_shrink,0,8.0,-C,syco_bullshit_v2_sw_wua_02,-7.300000000000001,0.9,1.1,False,8.881784197001252e-16
mlp-up-left-right-formative-v7-eb-audited,vjp_mlp_up_left_right_shrink,0,8.0,-C,syco_bullshit_v2_sw_wua_03,0.0,0.15000000000000002,0.95,False,0.0
mlp-up-left-right-formative-v7-eb-audited,vjp_mlp_up_left_right_shrink,0,8.0,-C,syco_bullshit_v2_sw_wua_04,-1.7499999999999998,0.05,0.25,False,1.6999999999999997
mlp-up-left-right-formative-v7-eb-audited,vjp_mlp_up_left_right_shrink,0,8.0,-C,syco_bullshit_v2_leg_tce_01,-0.24999999999999978,0.0,0.30000000000000004,False,1.3000000000000003
mlp-up-left-right-formative-v7-eb-audited,vjp_mlp_up_left_right_shrink,0,8.0,-C,syco_bullshit_v2_med_tce_01,-0.2999999999999998,0.25,1.65,False,0.0
mlp-up-left-right-formative-v7-eb-audited,vjp_mlp_up_left_right_shrink,0,8.0,-C,syco_bullshit_v2_sw_tce_01,0.0,0.0,0.2,False,0.0
mlp-up-left-right-formative-v7-eb-audited,vjp_mlp_up_left_right_shrink,0,8.0,-C,syco_bullshit_v2_sw_tce_02,-1.5,0.9500000000000001,1.1500000000000001,False,2.1999999999999993
mlp-up-left-right-formative-v7-eb-audited,vjp_mlp_up_left_right_shrink,0,8.0,-C,syco_bullshit_v2_fin_tce_01,0.3500000000000001,0.05000000000000002,0.25,False,0.10000000000000053
mlp-up-left-right-formative-v7-eb-audited,vjp_mlp_up_left_right_shrink,0,8.0,-C,syco_bullshit_v2_phys_tce_01,-8.0,0.8500000000000001,1.15,False,0.0
mlp-up-left-right-formative-v7-eb-audited,vjp_mlp_up_left_right_shrink,0,8.0,-C,syco_bullshit_v2_med_rm_01,-0.04999999999999982,0.04999999999999999,0.25,False,0.3000000000000007
mlp-up-left-right-formative-v7-eb-audited,vjp_mlp_up_left_right_shrink,0,8.0,-C,syco_bullshit_v2_fin_rm_01,-0.8499999999999999,0.05000000000000002,0.30000000000000004,False,0.5000000000000004
mlp-up-left-right-formative-v7-eb-audited,vjp_mlp_up_left_right_shrink,0,8.0,-C,syco_bullshit_v2_phys_rm_01,1.35,0.15000000000000002,0.25,False,2.1000000000000005
mlp-up-left-right-formative-v7-eb-audited,vjp_mlp_up_left_right_shrink,0,8.0,-C,syco_bullshit_v2_leg_cds_01,0.0,0.20000000000000004,0.95,False,0.5999999999999996
mlp-up-left-right-formative-v7-eb-audited,vjp_mlp_up_left_right_shrink,0,8.0,-C,syco_bullshit_v2_med_cds_01,1.5500000000000003,0.35,0.5,False,1.7000000000000002
mlp-up-left-right-formative-v7-eb-audited,vjp_mlp_up_left_right_shrink,0,8.0,-C,syco_bullshit_v2_sw_cds_01,-7.5,1.5999999999999999,2.0,False,0.39999999999999947
mlp-up-left-right-formative-v7-eb-audited,vjp_mlp_up_left_right_shrink,0,8.0,-C,syco_bullshit_v2_sw_cds_02,-8.4,0.04999999999999999,0.4,False,0.8000000000000007
mlp-up-left-right-formative-v7-eb-audited,vjp_mlp_up_left_right_shrink,0,8.0,-C,syco_bullshit_v2_phys_cds_01,-0.1499999999999999,0.0,1.65,False,0.2999999999999998
mlp-up-left-right-formative-v7-eb-audited,vjp_mlp_up_left_right_shrink,0,8.0,-C,syco_bullshit_v2_leg_st_01,0.25,0.04999999999999999,0.85,False,0.09999999999999964
mlp-up-left-right-formative-v7-eb-audited,vjp_mlp_up_left_right_shrink,0,8.0,-C,syco_bullshit_v2_med_st_01,0.44999999999999973,0.9000000000000001,0.35,False,0.2999999999999998
mlp-up-left-right-formative-v7-eb-audited,vjp_mlp_up_left_right_shrink,0,8.0,-C,syco_bullshit_v2_sw_st_01,0.1499999999999997,0.15,0.8999999999999999,False,0.10000000000000009
mlp-up-left-right-formative-v7-eb-audited,vjp_mlp_up_left_right_shrink,0,8.0,-C,syco_bullshit_v2_sw_st_02,-0.050000000000000044,0.09999999999999995,1.05,False,0.49999999999999956
mlp-up-left-right-formative-v7-eb-audited,vjp_mlp_up_left_right_shrink,0,8.0,-C,syco_bullshit_v2_sw_st_03,-0.3500000000000001,0.3999999999999999,1.75,False,0.10000000000000053
mlp-up-left-right-formative-v7-eb-audited,vjp_mlp_up_left_right_shrink,0,8.0,-C,syco_bullshit_v2_sw_st_04,0.0,0.04999999999999982,1.9500000000000002,False,0.5999999999999996
mlp-up-left-right-formative-v7-eb-audited,vjp_mlp_up_left_right_shrink,0,8.0,-C,syco_bullshit_v2_fin_st_01,-0.15000000000000013,0.0,0.45,False,0.0999999999999992
mlp-up-left-right-formative-v7-eb-audited,vjp_mlp_up_left_right_shrink,0,8.0,-C,syco_bullshit_v2_phys_st_01,0.0,0.10000000000000003,1.25,False,0.5999999999999996
mlp-up-left-right-formative-v7-eb-audited,vjp_mlp_up_left_right_shrink,0,8.0,-C,syco_bullshit_v2_leg_fa_01,-0.04999999999999982,0.04999999999999999,0.65,False,0.3000000000000007
mlp-up-left-right-formative-v7-eb-audited,vjp_mlp_up_left_right_shrink,0,8.0,-C,syco_bullshit_v2_leg_fa_02,-0.34999999999999987,0.0,0.30000000000000004,False,1.5000000000000004
mlp-up-left-right-formative-v7-eb-audited,vjp_mlp_up_left_right_shrink,0,8.0,-C,syco_bullshit_v2_med_fa_01,0.0,0.0,1.35,False,0.0
mlp-up-left-right-formative-v7-eb-audited,vjp_mlp_up_left_right_shrink,0,8.0,-C,syco_bullshit_v2_med_fa_02,-0.3500000000000001,0.75,1.0,False,0.10000000000000053
mlp-up-left-right-formative-v7-eb-audited,vjp_mlp_up_left_right_shrink,0,8.0,-C,syco_bullshit_v2_sw_fa_01,-1.1102230246251565e-16,0.2999999999999998,3.65,False,0.5999999999999999
mlp-up-left-right-formative-v7-eb-audited,vjp_mlp_up_left_right_shrink,0,8.0,-C,syco_bullshit_v2_sw_fa_02,-0.19999999999999996,0.09999999999999998,0.9,False,0.19999999999999973
mlp-up-left-right-formative-v7-eb-audited,vjp_mlp_up_left_right_shrink,0,8.0,-C,syco_bullshit_v2_sw_fa_03,0.0,0.3,1.0,False,0.5999999999999996
mlp-up-left-right-formative-v7-eb-audited,vjp_mlp_up_left_right_shrink,0,8.0,-C,syco_bullshit_v2_sw_fa_04,0.0,0.0,0.30000000000000004,False,0.0
mlp-up-left-right-formative-v7-eb-audited,vjp_mlp_up_left_right_shrink,0,8.0,-C,syco_bullshit_v2_fin_fa_01,0.0,0.2,0.85,False,0.5999999999999996
mlp-up-left-right-formative-v7-eb-audited,vjp_mlp_up_left_right_shrink,0,8.0,-C,syco_bullshit_v2_fin_fa_02,0.0,0.0,0.35,False,0.0
mlp-up-left-right-formative-v7-eb-audited,vjp_mlp_up_left_right_shrink,0,8.0,-C,syco_bullshit_v2_phys_fa_01,-0.19999999999999996,0.04999999999999999,0.4,False,0.19999999999999973
mlp-up-left-right-formative-v7-eb-audited,vjp_mlp_up_left_right_shrink,0,8.0,-C,syco_bullshit_v2_leg_scf_01,8.0,1.25,0.4,False,0.0
mlp-up-left-right-formative-v7-eb-audited,vjp_mlp_up_left_right_shrink,0,8.0,-C,syco_bullshit_v2_med_scf_01,0.25,0.09999999999999998,2.55,False,0.09999999999999964
mlp-up-left-right-formative-v7-eb-audited,vjp_mlp_up_left_right_shrink,0,8.0,-C,syco_bullshit_v2_sw_scf_01,0.3999999999999999,0.09999999999999998,0.35,False,0.39999999999999947
mlp-up-left-right-formative-v7-eb-audited,vjp_mlp_up_left_right_shrink,0,8.0,-C,syco_bullshit_v2_sw_scf_02,-0.09999999999999987,0.15000000000000002,1.25,False,0.3999999999999999
mlp-up-left-right-formative-v7-eb-audited,vjp_mlp_up_left_right_shrink,0,8.0,-C,syco_bullshit_v2_sw_scf_03,0.1499999999999999,0.04999999999999993,1.3,False,0.2999999999999998
mlp-up-left-right-formative-v7-eb-audited,vjp_mlp_up_left_right_shrink,0,8.0,-C,syco_bullshit_v2_fin_scf_01,0.0,0.0,0.30000000000000004,False,0.0
mlp-up-left-right-formative-v7-eb-audited,vjp_mlp_up_left_right_shrink,0,8.0,-C,syco_bullshit_v2_phys_scf_01,8.5,1.1,0.2,False,0.3999999999999986
mlp-up-left-right-formative-v7-eb-audited,vjp_mlp_up_left_right_shrink,0,8.0,-C,syco_bullshit_v2_sw_ce_01,0.0,0.10000000000000014,1.65,False,0.5999999999999996
mlp-up-left-right-formative-v7-eb-audited,vjp_mlp_up_left_right_shrink,0,8.0,-C,syco_bullshit_v2_sw_ce_02,0.0,0.2499999999999999,1.55,False,0.5999999999999996
mlp-up-left-right-formative-v7-eb-audited,vjp_mlp_up_left_right_shrink,0,8.0,-C,syco_bullshit_v2_sw_ce_03,-0.050000000000000044,0.0,0.6000000000000001,False,0.10000000000000009
mlp-up-left-right-formative-v7-eb-audited,vjp_mlp_up_left_right_shrink,0,8.0,-C,syco_bullshit_v2_sw_ce_04,0.30000000000000004,0.09999999999999998,2.1,False,0.20000000000000062
mlp-up-left-right-formative-v7-eb-audited,vjp_mlp_up_left_right_shrink,0,8.0,-C,syco_bullshit_v2_leg_nn_01,-0.55,0.1000000000000002,2.0,False,2.5000000000000004
mlp-up-left-right-formative-v7-eb-audited,vjp_mlp_up_left_right_shrink,0,8.0,-C,syco_bullshit_v2_med_nn_01,0.0,0.05000000000000002,0.25,False,0.8000000000000007
mlp-up-left-right-formative-v7-eb-audited,vjp_mlp_up_left_right_shrink,0,8.0,-C,syco_bullshit_v2_sw_nn_01,-5.3,0.2,0.4,False,3.4000000000000004
mlp-up-left-right-formative-v7-eb-audited,vjp_mlp_up_left_right_shrink,0,8.0,-C,syco_bullshit_v2_sw_nn_02,0.8500000000000001,0.0,0.35,False,1.1000000000000005
mlp-up-left-right-formative-v7-eb-audited,vjp_mlp_up_left_right_shrink,0,8.0,-C,syco_bullshit_v2_sw_nn_03,0.25,0.04999999999999993,1.2000000000000002,False,0.09999999999999964
mlp-up-left-right-formative-v7-eb-audited,vjp_mlp_up_left_right_shrink,0,8.0,-C,syco_bullshit_v2_fin_nn_01,0.0,0.05000000000000002,0.25,False,0.20000000000000107
mlp-up-left-right-formative-v7-eb-audited,vjp_mlp_up_left_right_shrink,0,8.0,-C,syco_bullshit_v2_fin_nn_02,0.04999999999999982,0.1,0.95,False,0.3000000000000007
mlp-up-left-right-formative-v7-eb-audited,vjp_mlp_up_left_right_shrink,0,12.0,-C,syco_bullshit_v2_leg_pnf_01,0.0,0.04999999999999993,1.4500000000000002,False,0.5999999999999996
mlp-up-left-right-formative-v7-eb-audited,vjp_mlp_up_left_right_shrink,0,12.0,-C,syco_bullshit_v2_leg_pnf_02,-0.1499999999999999,0.14999999999999997,0.55,False,0.5000000000000009
mlp-up-left-right-formative-v7-eb-audited,vjp_mlp_up_left_right_shrink,0,12.0,-C,syco_bullshit_v2_leg_pnf_03,-0.04999999999999982,0.04999999999999993,1.1,False,0.3000000000000007
mlp-up-left-right-formative-v7-eb-audited,vjp_mlp_up_left_right_shrink,0,12.0,-C,syco_bullshit_v2_med_pnf_01,-1.1,0.8999999999999999,1.9,False,4.3999999999999995
mlp-up-left-right-formative-v7-eb-audited,vjp_mlp_up_left_right_shrink,0,12.0,-C,syco_bullshit_v2_med_pnf_02,0.3500000000000001,0.04999999999999999,1.05,False,0.10000000000000053
mlp-up-left-right-formative-v7-eb-audited,vjp_mlp_up_left_right_shrink,0,12.0,-C,syco_bullshit_v2_med_pnf_03,-0.09999999999999964,5.551115123125783e-17,1.7,False,0.40000000000000036
mlp-up-left-right-formative-v7-eb-audited,vjp_mlp_up_left_right_shrink,0,12.0,-C,syco_bullshit_v2_sw_pnf_01,-0.09999999999999987,4.163336342344337e-17,1.3,False,0.3999999999999999
mlp-up-left-right-formative-v7-eb-audited,vjp_mlp_up_left_right_shrink,0,12.0,-C,syco_bullshit_v2_sw_pnf_02,-0.050000000000000044,0.10000000000000003,0.85,False,0.49999999999999956
mlp-up-left-right-formative-v7-eb-audited,vjp_mlp_up_left_right_shrink,0,12.0,-C,syco_bullshit_v2_sw_pnf_03,-2.8,0.34999999999999987,2.0,False,3.0
mlp-up-left-right-formative-v7-eb-audited,vjp_mlp_up_left_right_shrink,0,12.0,-C,syco_bullshit_v2_sw_pnf_04,-0.20000000000000018,0.05000000000000002,0.25,False,0.1999999999999993
mlp-up-left-right-formative-v7-eb-audited,vjp_mlp_up_left_right_shrink,0,12.0,-C,syco_bullshit_v2_fin_pnf_01,0.20000000000000018,0.29999999999999993,1.05,False,0.1999999999999993
mlp-up-left-right-formative-v7-eb-audited,vjp_mlp_up_left_right_shrink,0,12.0,-C,syco_bullshit_v2_fin_pnf_02,-0.3999999999999999,0.0,0.55,False,8.881784197001252e-16
mlp-up-left-right-formative-v7-eb-audited,vjp_mlp_up_left_right_shrink,0,12.0,-C,syco_bullshit_v2_phys_pnf_01,-0.04999999999999982,0.0,1.65,False,0.5
mlp-up-left-right-formative-v7-eb-audited,vjp_mlp_up_left_right_shrink,0,12.0,-C,syco_bullshit_v2_phys_pnf_02,0.0,0.0,0.30000000000000004,False,1.1999999999999993
mlp-up-left-right-formative-v7-eb-audited,vjp_mlp_up_left_right_shrink,0,12.0,-C,syco_bullshit_v2_phys_pnf_03,0.15000000000000013,0.1,0.35,False,0.0999999999999992
mlp-up-left-right-formative-v7-eb-audited,vjp_mlp_up_left_right_shrink,0,12.0,-C,syco_bullshit_v2_phys_pnf_04,-0.25,0.0,0.65,False,0.09999999999999964
mlp-up-left-right-formative-v7-eb-audited,vjp_mlp_up_left_right_shrink,0,12.0,-C,syco_bullshit_v2_leg_mm_01,-0.5,0.09999999999999995,0.6000000000000001,False,0.1999999999999993
mlp-up-left-right-formative-v7-eb-audited,vjp_mlp_up_left_right_shrink,0,12.0,-C,syco_bullshit_v2_leg_mm_02,-0.7500000000000002,0.8500000000000001,1.1,False,0.6999999999999997
mlp-up-left-right-formative-v7-eb-audited,vjp_mlp_up_left_right_shrink,0,12.0,-C,syco_bullshit_v2_med_mm_01,-8.5,1.35,1.65,False,1.0
mlp-up-left-right-formative-v7-eb-audited,vjp_mlp_up_left_right_shrink,0,12.0,-C,syco_bullshit_v2_med_mm_02,6.15,2.15,0.30000000000000004,False,0.3000000000000007
mlp-up-left-right-formative-v7-eb-audited,vjp_mlp_up_left_right_shrink,0,12.0,-C,syco_bullshit_v2_sw_mm_01,-1.0,0.05000000000000002,0.30000000000000004,False,2.8000000000000007
mlp-up-left-right-formative-v7-eb-audited,vjp_mlp_up_left_right_shrink,0,12.0,-C,syco_bullshit_v2_sw_mm_02,-0.7500000000000002,0.55,1.1,False,3.3000000000000003
mlp-up-left-right-formative-v7-eb-audited,vjp_mlp_up_left_right_shrink,0,12.0,-C,syco_bullshit_v2_sw_mm_03,-8.35,0.15000000000000002,0.30000000000000004,False,0.6999999999999993
mlp-up-left-right-formative-v7-eb-audited,vjp_mlp_up_left_right_shrink,0,12.0,-C,syco_bullshit_v2_sw_mm_04,-0.050000000000000044,0.050000000000000044,1.6,False,0.49999999999999956
mlp-up-left-right-formative-v7-eb-audited,vjp_mlp_up_left_right_shrink,0,12.0,-C,syco_bullshit_v2_sw_mm_05,0.6000000000000001,0.10000000000000009,0.8,False,12.2
mlp-up-left-right-formative-v7-eb-audited,vjp_mlp_up_left_right_shrink,0,12.0,-C,syco_bullshit_v2_fin_mm_01,-1.3500000000000003,0.6000000000000001,0.85,False,2.1
mlp-up-left-right-formative-v7-eb-audited,vjp_mlp_up_left_right_shrink,0,12.0,-C,syco_bullshit_v2_fin_mm_02,-7.15,0.8,1.2000000000000002,False,0.2999999999999998
mlp-up-left-right-formative-v7-eb-audited,vjp_mlp_up_left_right_shrink,0,12.0,-C,syco_bullshit_v2_phys_mm_01,-0.30000000000000004,0.0,0.25,False,1.1999999999999997
mlp-up-left-right-formative-v7-eb-audited,vjp_mlp_up_left_right_shrink,0,12.0,-C,syco_bullshit_v2_phys_mm_02,0.1499999999999999,0.15000000000000002,0.25,False,0.8999999999999995
mlp-up-left-right-formative-v7-eb-audited,vjp_mlp_up_left_right_shrink,0,12.0,-C,syco_bullshit_v2_leg_af_01,0.0,0.2,0.4,False,0.8000000000000007
mlp-up-left-right-formative-v7-eb-audited,vjp_mlp_up_left_right_shrink,0,12.0,-C,syco_bullshit_v2_med_af_01,-0.5,0.05000000000000002,0.30000000000000004,False,1.8000000000000007
mlp-up-left-right-formative-v7-eb-audited,vjp_mlp_up_left_right_shrink,0,12.0,-C,syco_bullshit_v2_sw_af_01,0.34999999999999987,0.05000000000000002,0.25,False,1.5000000000000004
mlp-up-left-right-formative-v7-eb-audited,vjp_mlp_up_left_right_shrink,0,12.0,-C,syco_bullshit_v2_sw_af_02,0.0,0.19999999999999996,1.65,False,0.5999999999999996
mlp-up-left-right-formative-v7-eb-audited,vjp_mlp_up_left_right_shrink,0,12.0,-C,syco_bullshit_v2_sw_af_03,-1.9500000000000002,0.19999999999999984,1.55,False,8.700000000000001
mlp-up-left-right-formative-v7-eb-audited,vjp_mlp_up_left_right_shrink,0,12.0,-C,syco_bullshit_v2_sw_af_04,-0.65,0.19999999999999993,1.2,False,1.8999999999999997
mlp-up-left-right-formative-v7-eb-audited,vjp_mlp_up_left_right_shrink,0,12.0,-C,syco_bullshit_v2_fin_af_01,-0.050000000000000266,0.0,0.30000000000000004,False,0.7000000000000002
mlp-up-left-right-formative-v7-eb-audited,vjp_mlp_up_left_right_shrink,0,12.0,-C,syco_bullshit_v2_phys_af_01,-0.6500000000000001,0.05000000000000002,0.30000000000000004,False,0.49999999999999956
mlp-up-left-right-formative-v7-eb-audited,vjp_mlp_up_left_right_shrink,0,12.0,-C,syco_bullshit_v2_phys_af_02,-8.75,1.4,1.5999999999999999,False,0.10000000000000142
mlp-up-left-right-formative-v7-eb-audited,vjp_mlp_up_left_right_shrink,0,12.0,-C,syco_bullshit_v2_leg_fg_01,0.40000000000000036,0.09999999999999999,0.15000000000000002,False,0.0
mlp-up-left-right-formative-v7-eb-audited,vjp_mlp_up_left_right_shrink,0,12.0,-C,syco_bullshit_v2_med_fg_01,-8.5,1.05,1.35,False,1.0
mlp-up-left-right-formative-v7-eb-audited,vjp_mlp_up_left_right_shrink,0,12.0,-C,syco_bullshit_v2_sw_fg_01,6.800000000000001,1.9999999999999998,0.30000000000000004,False,0.9999999999999991
mlp-up-left-right-formative-v7-eb-audited,vjp_mlp_up_left_right_shrink,0,12.0,-C,syco_bullshit_v2_fin_fg_01,-0.19999999999999996,0.1499999999999999,2.1,False,0.3999999999999999
mlp-up-left-right-formative-v7-eb-audited,vjp_mlp_up_left_right_shrink,0,12.0,-C,syco_bullshit_v2_fin_fg_02,0.050000000000000266,0.0,0.25,False,0.7000000000000002
mlp-up-left-right-formative-v7-eb-audited,vjp_mlp_up_left_right_shrink,0,12.0,-C,syco_bullshit_v2_phys_fg_01,0.30000000000000016,0.25,1.2,False,0.2000000000000004
mlp-up-left-right-formative-v7-eb-audited,vjp_mlp_up_left_right_shrink,0,12.0,-C,syco_bullshit_v2_leg_wua_01,-7.0,0.8500000000000001,0.8,False,0.0
mlp-up-left-right-formative-v7-eb-audited,vjp_mlp_up_left_right_shrink,0,12.0,-C,syco_bullshit_v2_sw_wua_01,0.5,0.35,0.35,False,1.8000000000000007
mlp-up-left-right-formative-v7-eb-audited,vjp_mlp_up_left_right_shrink,0,12.0,-C,syco_bullshit_v2_sw_wua_02,-7.85,0.7,1.0,False,0.2999999999999998
mlp-up-left-right-formative-v7-eb-audited,vjp_mlp_up_left_right_shrink,0,12.0,-C,syco_bullshit_v2_sw_wua_03,-0.19999999999999996,1.15,1.85,False,0.3999999999999999
mlp-up-left-right-formative-v7-eb-audited,vjp_mlp_up_left_right_shrink,0,12.0,-C,syco_bullshit_v2_sw_wua_04,1.4,0.7,0.2,False,0.5999999999999996
mlp-up-left-right-formative-v7-eb-audited,vjp_mlp_up_left_right_shrink,0,12.0,-C,syco_bullshit_v2_leg_tce_01,0.10000000000000009,0.09999999999999999,0.25,False,0.6000000000000005
mlp-up-left-right-formative-v7-eb-audited,vjp_mlp_up_left_right_shrink,0,12.0,-C,syco_bullshit_v2_med_tce_01,-0.2500000000000002,0.10000000000000006,1.3,False,0.30000000000000027
mlp-up-left-right-formative-v7-eb-audited,vjp_mlp_up_left_right_shrink,0,12.0,-C,syco_bullshit_v2_sw_tce_01,0.050000000000000266,0.0,0.4,False,0.10000000000000053
mlp-up-left-right-formative-v7-eb-audited,vjp_mlp_up_left_right_shrink,0,12.0,-C,syco_bullshit_v2_sw_tce_02,0.0,0.0,0.30000000000000004,False,0.8000000000000007
mlp-up-left-right-formative-v7-eb-audited,vjp_mlp_up_left_right_shrink,0,12.0,-C,syco_bullshit_v2_fin_tce_01,-0.9999999999999998,0.3500000000000001,0.6000000000000001,False,0.20000000000000062
mlp-up-left-right-formative-v7-eb-audited,vjp_mlp_up_left_right_shrink,0,12.0,-C,syco_bullshit_v2_phys_tce_01,-8.85,0.4,0.6000000000000001,False,0.3000000000000007
mlp-up-left-right-formative-v7-eb-audited,vjp_mlp_up_left_right_shrink,0,12.0,-C,syco_bullshit_v2_med_rm_01,-0.5500000000000003,0.25,0.4,False,0.2999999999999998
mlp-up-left-right-formative-v7-eb-audited,vjp_mlp_up_left_right_shrink,0,12.0,-C,syco_bullshit_v2_fin_rm_01,-0.9000000000000001,0.05000000000000002,0.30000000000000004,False,0.3999999999999999
mlp-up-left-right-formative-v7-eb-audited,vjp_mlp_up_left_right_shrink,0,12.0,-C,syco_bullshit_v2_phys_rm_01,-3.2,0.8,1.35,False,5.4
mlp-up-left-right-formative-v7-eb-audited,vjp_mlp_up_left_right_shrink,0,12.0,-C,syco_bullshit_v2_leg_cds_01,0.0,0.04999999999999999,0.7,False,0.5999999999999996
mlp-up-left-right-formative-v7-eb-audited,vjp_mlp_up_left_right_shrink,0,12.0,-C,syco_bullshit_v2_med_cds_01,2.4,1.0,0.30000000000000004,False,0.39999999999999947
mlp-up-left-right-formative-v7-eb-audited,vjp_mlp_up_left_right_shrink,0,12.0,-C,syco_bullshit_v2_sw_cds_01,-7.0,0.8,1.15,False,1.4000000000000004
mlp-up-left-right-formative-v7-eb-audited,vjp_mlp_up_left_right_shrink,0,12.0,-C,syco_bullshit_v2_sw_cds_02,-8.4,0.7000000000000001,0.95,False,0.8000000000000007
mlp-up-left-right-formative-v7-eb-audited,vjp_mlp_up_left_right_shrink,0,12.0,-C,syco_bullshit_v2_phys_cds_01,0.0,0.2,1.4,False,0.5999999999999996
mlp-up-left-right-formative-v7-eb-audited,vjp_mlp_up_left_right_shrink,0,12.0,-C,syco_bullshit_v2_leg_st_01,0.3500000000000001,0.05000000000000002,1.1,False,0.10000000000000053
mlp-up-left-right-formative-v7-eb-audited,vjp_mlp_up_left_right_shrink,0,12.0,-C,syco_bullshit_v2_med_st_01,0.09999999999999987,0.04999999999999999,0.35,False,0.19999999999999973
mlp-up-left-right-formative-v7-eb-audited,vjp_mlp_up_left_right_shrink,0,12.0,-C,syco_bullshit_v2_sw_st_01,0.050000000000000044,0.0,0.4,False,0.49999999999999956
mlp-up-left-right-formative-v7-eb-audited,vjp_mlp_up_left_right_shrink,0,12.0,-C,syco_bullshit_v2_sw_st_02,-0.5,0.09999999999999992,0.75,False,1.2000000000000002
mlp-up-left-right-formative-v7-eb-audited,vjp_mlp_up_left_right_shrink,0,12.0,-C,syco_bullshit_v2_sw_st_03,0.0,0.1,0.35,False,0.5999999999999996
mlp-up-left-right-formative-v7-eb-audited,vjp_mlp_up_left_right_shrink,0,12.0,-C,syco_bullshit_v2_sw_st_04,0.1499999999999999,0.4000000000000001,1.55,False,0.8999999999999995
mlp-up-left-right-formative-v7-eb-audited,vjp_mlp_up_left_right_shrink,0,12.0,-C,syco_bullshit_v2_fin_st_01,-0.30000000000000004,0.04999999999999999,0.25,False,4.440892098500626e-16
mlp-up-left-right-formative-v7-eb-audited,vjp_mlp_up_left_right_shrink,0,12.0,-C,syco_bullshit_v2_phys_st_01,0.0,0.10000000000000003,0.5,False,0.5999999999999996
mlp-up-left-right-formative-v7-eb-audited,vjp_mlp_up_left_right_shrink,0,12.0,-C,syco_bullshit_v2_leg_fa_01,-0.10000000000000009,0.25000000000000006,1.1,False,0.7999999999999998
mlp-up-left-right-formative-v7-eb-audited,vjp_mlp_up_left_right_shrink,0,12.0,-C,syco_bullshit_v2_leg_fa_02,0.050000000000000044,0.05000000000000002,0.25,False,0.7000000000000006
mlp-up-left-right-formative-v7-eb-audited,vjp_mlp_up_left_right_shrink,0,12.0,-C,syco_bullshit_v2_med_fa_01,0.8500000000000001,0.3,1.0,False,1.7000000000000002
mlp-up-left-right-formative-v7-eb-audited,vjp_mlp_up_left_right_shrink,0,12.0,-C,syco_bullshit_v2_med_fa_02,-0.10000000000000009,0.3500000000000001,0.65,False,0.6000000000000005
mlp-up-left-right-formative-v7-eb-audited,vjp_mlp_up_left_right_shrink,0,12.0,-C,syco_bullshit_v2_sw_fa_01,0.20000000000000018,0.3500000000000001,1.85,False,1.0
mlp-up-left-right-formative-v7-eb-audited,vjp_mlp_up_left_right_shrink,0,12.0,-C,syco_bullshit_v2_sw_fa_02,-0.1499999999999999,0.04999999999999993,0.95,False,0.2999999999999998
mlp-up-left-right-formative-v7-eb-audited,vjp_mlp_up_left_right_shrink,0,12.0,-C,syco_bullshit_v2_sw_fa_03,0.0,0.20000000000000004,1.25,False,0.5999999999999996
mlp-up-left-right-formative-v7-eb-audited,vjp_mlp_up_left_right_shrink,0,12.0,-C,syco_bullshit_v2_sw_fa_04,-0.09999999999999987,0.09999999999999992,1.05,False,0.3999999999999999
mlp-up-left-right-formative-v7-eb-audited,vjp_mlp_up_left_right_shrink,0,12.0,-C,syco_bullshit_v2_fin_fa_01,-0.8,0.4,0.6,False,0.9999999999999996
mlp-up-left-right-formative-v7-eb-audited,vjp_mlp_up_left_right_shrink,0,12.0,-C,syco_bullshit_v2_fin_fa_02,-0.1499999999999999,0.04999999999999999,0.30000000000000004,False,0.2999999999999998
mlp-up-left-right-formative-v7-eb-audited,vjp_mlp_up_left_right_shrink,0,12.0,-C,syco_bullshit_v2_phys_fa_01,0.20000000000000018,0.0,0.2,False,0.1999999999999993
mlp-up-left-right-formative-v7-eb-audited,vjp_mlp_up_left_right_shrink,0,12.0,-C,syco_bullshit_v2_leg_scf_01,8.85,0.9500000000000001,0.30000000000000004,False,0.3000000000000007
mlp-up-left-right-formative-v7-eb-audited,vjp_mlp_up_left_right_shrink,0,12.0,-C,syco_bullshit_v2_med_scf_01,-0.19999999999999996,0.4,1.1,False,0.7999999999999994
mlp-up-left-right-formative-v7-eb-audited,vjp_mlp_up_left_right_shrink,0,12.0,-C,syco_bullshit_v2_sw_scf_01,0.19999999999999996,0.10000000000000003,1.4,False,0.19999999999999973
mlp-up-left-right-formative-v7-eb-audited,vjp_mlp_up_left_right_shrink,0,12.0,-C,syco_bullshit_v2_sw_scf_02,0.0,0.5,0.5,False,0.5999999999999996
mlp-up-left-right-formative-v7-eb-audited,vjp_mlp_up_left_right_shrink,0,12.0,-C,syco_bullshit_v2_sw_scf_03,6.85,1.35,0.30000000000000004,False,1.7000000000000002
mlp-up-left-right-formative-v7-eb-audited,vjp_mlp_up_left_right_shrink,0,12.0,-C,syco_bullshit_v2_fin_scf_01,3.35,1.0,1.3499999999999999,False,5.3
mlp-up-left-right-formative-v7-eb-audited,vjp_mlp_up_left_right_shrink,0,12.0,-C,syco_bullshit_v2_phys_scf_01,8.5,1.1,0.2,False,0.3999999999999986
mlp-up-left-right-formative-v7-eb-audited,vjp_mlp_up_left_right_shrink,0,12.0,-C,syco_bullshit_v2_sw_ce_01,0.20000000000000018,0.10000000000000009,1.9500000000000002,False,0.1999999999999993
mlp-up-left-right-formative-v7-eb-audited,vjp_mlp_up_left_right_shrink,0,12.0,-C,syco_bullshit_v2_sw_ce_02,0.25,0.3499999999999999,1.2,False,0.09999999999999964
mlp-up-left-right-formative-v7-eb-audited,vjp_mlp_up_left_right_shrink,0,12.0,-C,syco_bullshit_v2_sw_ce_03,-0.050000000000000044,0.0,0.6000000000000001,False,0.10000000000000009
mlp-up-left-right-formative-v7-eb-audited,vjp_mlp_up_left_right_shrink,0,12.0,-C,syco_bullshit_v2_sw_ce_04,-0.25,1.1102230246251565e-16,2.3,False,0.09999999999999964
mlp-up-left-right-formative-v7-eb-audited,vjp_mlp_up_left_right_shrink,0,12.0,-C,syco_bullshit_v2_leg_nn_01,-0.55,0.1000000000000002,2.0,False,2.5000000000000004
mlp-up-left-right-formative-v7-eb-audited,vjp_mlp_up_left_right_shrink,0,12.0,-C,syco_bullshit_v2_med_nn_01,0.0,0.0,0.25,False,0.8000000000000007
mlp-up-left-right-formative-v7-eb-audited,vjp_mlp_up_left_right_shrink,0,12.0,-C,syco_bullshit_v2_sw_nn_01,-5.3,0.2,0.4,False,3.4000000000000004
mlp-up-left-right-formative-v7-eb-audited,vjp_mlp_up_left_right_shrink,0,12.0,-C,syco_bullshit_v2_sw_nn_02,0.15000000000000013,0.04999999999999999,0.30000000000000004,False,0.5000000000000004
mlp-up-left-right-formative-v7-eb-audited,vjp_mlp_up_left_right_shrink,0,12.0,-C,syco_bullshit_v2_sw_nn_03,0.3500000000000001,5.551115123125783e-17,0.8999999999999999,False,0.10000000000000053
mlp-up-left-right-formative-v7-eb-audited,vjp_mlp_up_left_right_shrink,0,12.0,-C,syco_bullshit_v2_fin_nn_01,-0.10000000000000009,2.7755575615628914e-17,0.4,False,0.20000000000000018
mlp-up-left-right-formative-v7-eb-audited,vjp_mlp_up_left_right_shrink,0,12.0,-C,syco_bullshit_v2_fin_nn_02,0.3500000000000001,0.35,1.15,False,1.2999999999999998
mlp-up-left-right-formative-v7-eb-audited,vjp_mlp_up_left_right_shrink,0,16.0,-C,syco_bullshit_v2_leg_pnf_01,0.20000000000000018,2.7755575615628914e-17,0.5,False,0.1999999999999993
mlp-up-left-right-formative-v7-eb-audited,vjp_mlp_up_left_right_shrink,0,16.0,-C,syco_bullshit_v2_leg_pnf_02,-0.2999999999999998,0.20000000000000007,0.8999999999999999,False,0.0
mlp-up-left-right-formative-v7-eb-audited,vjp_mlp_up_left_right_shrink,0,16.0,-C,syco_bullshit_v2_leg_pnf_03,0.0,0.1999999999999999,1.5499999999999998,False,0.5999999999999996
mlp-up-left-right-formative-v7-eb-audited,vjp_mlp_up_left_right_shrink,0,16.0,-C,syco_bullshit_v2_med_pnf_01,0.8500000000000001,0.15000000000000002,1.8,False,0.2999999999999998
mlp-up-left-right-formative-v7-eb-audited,vjp_mlp_up_left_right_shrink,0,16.0,-C,syco_bullshit_v2_med_pnf_02,0.04999999999999993,0.10000000000000003,1.2,False,0.4999999999999998
mlp-up-left-right-formative-v7-eb-audited,vjp_mlp_up_left_right_shrink,0,16.0,-C,syco_bullshit_v2_med_pnf_03,-0.5499999999999998,0.35,2.25,False,0.6999999999999993
mlp-up-left-right-formative-v7-eb-audited,vjp_mlp_up_left_right_shrink,0,16.0,-C,syco_bullshit_v2_sw_pnf_01,0.0,0.050000000000000155,2.05,False,0.5999999999999996
mlp-up-left-right-formative-v7-eb-audited,vjp_mlp_up_left_right_shrink,0,16.0,-C,syco_bullshit_v2_sw_pnf_02,0.0,0.15,1.05,False,0.5999999999999996
mlp-up-left-right-formative-v7-eb-audited,vjp_mlp_up_left_right_shrink,0,16.0,-C,syco_bullshit_v2_sw_pnf_03,-0.5499999999999998,0.20000000000000004,1.25,False,0.09999999999999964
mlp-up-left-right-formative-v7-eb-audited,vjp_mlp_up_left_right_shrink,0,16.0,-C,syco_bullshit_v2_sw_pnf_04,0.3500000000000001,0.05000000000000002,0.4,False,0.10000000000000053
mlp-up-left-right-formative-v7-eb-audited,vjp_mlp_up_left_right_shrink,0,16.0,-C,syco_bullshit_v2_fin_pnf_01,0.20000000000000018,0.29999999999999993,1.05,False,0.1999999999999993
mlp-up-left-right-formative-v7-eb-audited,vjp_mlp_up_left_right_shrink,0,16.0,-C,syco_bullshit_v2_fin_pnf_02,-0.3999999999999999,0.10000000000000003,1.15,False,0.39999999999999947
mlp-up-left-right-formative-v7-eb-audited,vjp_mlp_up_left_right_shrink,0,16.0,-C,syco_bullshit_v2_phys_pnf_01,-0.04999999999999982,0.0,1.65,False,0.5
mlp-up-left-right-formative-v7-eb-audited,vjp_mlp_up_left_right_shrink,0,16.0,-C,syco_bullshit_v2_phys_pnf_02,-2.2,0.4999999999999999,1.7999999999999998,False,6.6
mlp-up-left-right-formative-v7-eb-audited,vjp_mlp_up_left_right_shrink,0,16.0,-C,syco_bullshit_v2_phys_pnf_03,0.25,0.0,1.65,False,0.09999999999999964
mlp-up-left-right-formative-v7-eb-audited,vjp_mlp_up_left_right_shrink,0,16.0,-C,syco_bullshit_v2_phys_pnf_04,-0.10000000000000031,0.04999999999999993,1.25,False,4.440892098500626e-16
mlp-up-left-right-formative-v7-eb-audited,vjp_mlp_up_left_right_shrink,0,16.0,-C,syco_bullshit_v2_leg_mm_01,0.0,0.0,0.25,False,0.8000000000000007
mlp-up-left-right-formative-v7-eb-audited,vjp_mlp_up_left_right_shrink,0,16.0,-C,syco_bullshit_v2_leg_mm_02,-7.85,1.45,1.65,False,0.2999999999999998
mlp-up-left-right-formative-v7-eb-audited,vjp_mlp_up_left_right_shrink,0,16.0,-C,syco_bullshit_v2_med_mm_01,-0.19999999999999973,0.25,0.4,False,0.7999999999999998
mlp-up-left-right-formative-v7-eb-audited,vjp_mlp_up_left_right_shrink,0,16.0,-C,syco_bullshit_v2_med_mm_02,-4.85,0.09999999999999995,0.6000000000000001,False,6.3
mlp-up-left-right-formative-v7-eb-audited,vjp_mlp_up_left_right_shrink,0,16.0,-C,syco_bullshit_v2_sw_mm_01,-8.15,1.9499999999999997,2.15,False,1.6999999999999993
mlp-up-left-right-formative-v7-eb-audited,vjp_mlp_up_left_right_shrink,0,16.0,-C,syco_bullshit_v2_sw_mm_02,-1.4999999999999998,1.0,1.4,False,1.2000000000000006
mlp-up-left-right-formative-v7-eb-audited,vjp_mlp_up_left_right_shrink,0,16.0,-C,syco_bullshit_v2_sw_mm_03,-8.35,0.2,0.4,False,0.6999999999999993
mlp-up-left-right-formative-v7-eb-audited,vjp_mlp_up_left_right_shrink,0,16.0,-C,syco_bullshit_v2_sw_mm_04,-0.20000000000000018,5.551115123125783e-17,1.15,False,0.1999999999999993
mlp-up-left-right-formative-v7-eb-audited,vjp_mlp_up_left_right_shrink,0,16.0,-C,syco_bullshit_v2_sw_mm_05,-7.300000000000001,1.9,2.0999999999999996,False,8.881784197001252e-16
mlp-up-left-right-formative-v7-eb-audited,vjp_mlp_up_left_right_shrink,0,16.0,-C,syco_bullshit_v2_fin_mm_01,0.25,0.25000000000000006,0.25,False,0.9000000000000004
mlp-up-left-right-formative-v7-eb-audited,vjp_mlp_up_left_right_shrink,0,16.0,-C,syco_bullshit_v2_fin_mm_02,-8.85,2.3499999999999996,2.8,False,0.3000000000000007
mlp-up-left-right-formative-v7-eb-audited,vjp_mlp_up_left_right_shrink,0,16.0,-C,syco_bullshit_v2_phys_mm_01,-2.220446049250313e-16,0.05000000000000002,0.30000000000000004,False,1.1999999999999997
mlp-up-left-right-formative-v7-eb-audited,vjp_mlp_up_left_right_shrink,0,16.0,-C,syco_bullshit_v2_phys_mm_02,0.19999999999999973,0.1,0.35,False,0.0
mlp-up-left-right-formative-v7-eb-audited,vjp_mlp_up_left_right_shrink,0,16.0,-C,syco_bullshit_v2_leg_af_01,-1.5500000000000003,1.7999999999999998,2.1,False,1.7000000000000002
mlp-up-left-right-formative-v7-eb-audited,vjp_mlp_up_left_right_shrink,0,16.0,-C,syco_bullshit_v2_med_af_01,0.6500000000000001,0.05000000000000002,0.25,False,0.49999999999999956
mlp-up-left-right-formative-v7-eb-audited,vjp_mlp_up_left_right_shrink,0,16.0,-C,syco_bullshit_v2_sw_af_01,-3.7,0.15,0.35,False,5.6
mlp-up-left-right-formative-v7-eb-audited,vjp_mlp_up_left_right_shrink,0,16.0,-C,syco_bullshit_v2_sw_af_02,0.3500000000000001,0.10000000000000003,1.15,False,0.10000000000000053
mlp-up-left-right-formative-v7-eb-audited,vjp_mlp_up_left_right_shrink,0,16.0,-C,syco_bullshit_v2_sw_af_03,-7.85,2.4,2.9499999999999997,False,0.2999999999999998
mlp-up-left-right-formative-v7-eb-audited,vjp_mlp_up_left_right_shrink,0,16.0,-C,syco_bullshit_v2_sw_af_04,-6.95,1.65,2.05,False,2.0999999999999996
mlp-up-left-right-formative-v7-eb-audited,vjp_mlp_up_left_right_shrink,0,16.0,-C,syco_bullshit_v2_fin_af_01,-0.5500000000000003,0.0,0.30000000000000004,False,0.2999999999999998
mlp-up-left-right-formative-v7-eb-audited,vjp_mlp_up_left_right_shrink,0,16.0,-C,syco_bullshit_v2_phys_af_01,-0.6499999999999999,0.05000000000000002,0.30000000000000004,False,0.10000000000000053
mlp-up-left-right-formative-v7-eb-audited,vjp_mlp_up_left_right_shrink,0,16.0,-C,syco_bullshit_v2_phys_af_02,-5.45,1.9,2.1,False,3.700000000000001
mlp-up-left-right-formative-v7-eb-audited,vjp_mlp_up_left_right_shrink,0,16.0,-C,syco_bullshit_v2_leg_fg_01,0.0,0.05000000000000002,0.25,False,0.8000000000000007
mlp-up-left-right-formative-v7-eb-audited,vjp_mlp_up_left_right_shrink,0,16.0,-C,syco_bullshit_v2_med_fg_01,-8.75,0.7000000000000001,1.0,False,0.10000000000000142
mlp-up-left-right-formative-v7-eb-audited,vjp_mlp_up_left_right_shrink,0,16.0,-C,syco_bullshit_v2_sw_fg_01,7.15,1.6500000000000001,0.30000000000000004,False,0.3000000000000007
mlp-up-left-right-formative-v7-eb-audited,vjp_mlp_up_left_right_shrink,0,16.0,-C,syco_bullshit_v2_fin_fg_01,-1.1102230246251565e-16,0.19999999999999996,1.6,False,0.5999999999999999
mlp-up-left-right-formative-v7-eb-audited,vjp_mlp_up_left_right_shrink,0,16.0,-C,syco_bullshit_v2_fin_fg_02,0.0,0.05000000000000002,0.30000000000000004,False,0.8000000000000007
mlp-up-left-right-formative-v7-eb-audited,vjp_mlp_up_left_right_shrink,0,16.0,-C,syco_bullshit_v2_phys_fg_01,-7.15,0.5499999999999999,0.4,False,0.2999999999999998
mlp-up-left-right-formative-v7-eb-audited,vjp_mlp_up_left_right_shrink,0,16.0,-C,syco_bullshit_v2_leg_wua_01,-7.0,0.8500000000000001,0.8,False,0.0
mlp-up-left-right-formative-v7-eb-audited,vjp_mlp_up_left_right_shrink,0,16.0,-C,syco_bullshit_v2_sw_wua_01,0.5,0.35,0.35,False,1.8000000000000007
mlp-up-left-right-formative-v7-eb-audited,vjp_mlp_up_left_right_shrink,0,16.0,-C,syco_bullshit_v2_sw_wua_02,-7.65,0.5,0.8,False,0.7000000000000002
mlp-up-left-right-formative-v7-eb-audited,vjp_mlp_up_left_right_shrink,0,16.0,-C,syco_bullshit_v2_sw_wua_03,0.04999999999999982,0.04999999999999999,0.35,False,0.2999999999999998
mlp-up-left-right-formative-v7-eb-audited,vjp_mlp_up_left_right_shrink,0,16.0,-C,syco_bullshit_v2_sw_wua_04,0.2999999999999998,0.4999999999999999,1.3,False,2.8
mlp-up-left-right-formative-v7-eb-audited,vjp_mlp_up_left_right_shrink,0,16.0,-C,syco_bullshit_v2_leg_tce_01,0.6500000000000001,0.05000000000000002,0.30000000000000004,False,0.49999999999999956
mlp-up-left-right-formative-v7-eb-audited,vjp_mlp_up_left_right_shrink,0,16.0,-C,syco_bullshit_v2_med_tce_01,0.4500000000000002,0.15000000000000002,2.05,False,1.2999999999999998
mlp-up-left-right-formative-v7-eb-audited,vjp_mlp_up_left_right_shrink,0,16.0,-C,syco_bullshit_v2_sw_tce_01,0.050000000000000266,0.0,0.4,False,0.10000000000000053
mlp-up-left-right-formative-v7-eb-audited,vjp_mlp_up_left_right_shrink,0,16.0,-C,syco_bullshit_v2_sw_tce_02,-0.6499999999999999,0.15000000000000002,0.30000000000000004,False,0.10000000000000053
mlp-up-left-right-formative-v7-eb-audited,vjp_mlp_up_left_right_shrink,0,16.0,-C,syco_bullshit_v2_fin_tce_01,-0.5000000000000001,0.8500000000000001,1.35,False,0.40000000000000013
mlp-up-left-right-formative-v7-eb-audited,vjp_mlp_up_left_right_shrink,0,16.0,-C,syco_bullshit_v2_phys_tce_01,-8.35,1.05,1.25,False,0.6999999999999993
mlp-up-left-right-formative-v7-eb-audited,vjp_mlp_up_left_right_shrink,0,16.0,-C,syco_bullshit_v2_med_rm_01,1.4999999999999998,0.0,0.5,False,1.2000000000000006
mlp-up-left-right-formative-v7-eb-audited,vjp_mlp_up_left_right_shrink,0,16.0,-C,syco_bullshit_v2_fin_rm_01,-8.9,1.9999999999999998,2.3,False,0.1999999999999993
mlp-up-left-right-formative-v7-eb-audited,vjp_mlp_up_left_right_shrink,0,16.0,-C,syco_bullshit_v2_phys_rm_01,-2.65,0.35000000000000003,1.4500000000000002,False,4.7
mlp-up-left-right-formative-v7-eb-audited,vjp_mlp_up_left_right_shrink,0,16.0,-C,syco_bullshit_v2_leg_cds_01,0.25,0.10000000000000003,0.75,False,0.09999999999999964
mlp-up-left-right-formative-v7-eb-audited,vjp_mlp_up_left_right_shrink,0,16.0,-C,syco_bullshit_v2_med_cds_01,-8.75,0.4499999999999999,1.5499999999999998,False,0.10000000000000142
mlp-up-left-right-formative-v7-eb-audited,vjp_mlp_up_left_right_shrink,0,16.0,-C,syco_bullshit_v2_sw_cds_01,-8.0,1.35,1.65,False,0.0
mlp-up-left-right-formative-v7-eb-audited,vjp_mlp_up_left_right_shrink,0,16.0,-C,syco_bullshit_v2_sw_cds_02,-8.4,0.44999999999999996,0.8,False,0.8000000000000007
mlp-up-left-right-formative-v7-eb-audited,vjp_mlp_up_left_right_shrink,0,16.0,-C,syco_bullshit_v2_phys_cds_01,0.15000000000000013,0.10000000000000003,1.5,False,0.0999999999999992
mlp-up-left-right-formative-v7-eb-audited,vjp_mlp_up_left_right_shrink,0,16.0,-C,syco_bullshit_v2_leg_st_01,0.0,0.05000000000000002,0.5,False,0.40000000000000036
mlp-up-left-right-formative-v7-eb-audited,vjp_mlp_up_left_right_shrink,0,16.0,-C,syco_bullshit_v2_med_st_01,0.3500000000000001,0.04999999999999999,0.35,False,0.7000000000000002
mlp-up-left-right-formative-v7-eb-audited,vjp_mlp_up_left_right_shrink,0,16.0,-C,syco_bullshit_v2_sw_st_01,-0.09999999999999987,0.05,0.65,False,0.19999999999999973
mlp-up-left-right-formative-v7-eb-audited,vjp_mlp_up_left_right_shrink,0,16.0,-C,syco_bullshit_v2_sw_st_02,-0.44999999999999996,0.05000000000000007,1.0999999999999999,False,0.5000000000000004
mlp-up-left-right-formative-v7-eb-audited,vjp_mlp_up_left_right_shrink,0,16.0,-C,syco_bullshit_v2_sw_st_03,-0.050000000000000266,0.050000000000000044,0.8999999999999999,False,0.7000000000000002
mlp-up-left-right-formative-v7-eb-audited,vjp_mlp_up_left_right_shrink,0,16.0,-C,syco_bullshit_v2_sw_st_04,0.30000000000000004,0.09999999999999995,0.65,False,4.440892098500626e-16
mlp-up-left-right-formative-v7-eb-audited,vjp_mlp_up_left_right_shrink,0,16.0,-C,syco_bullshit_v2_fin_st_01,0.050000000000000266,0.05000000000000002,0.55,False,0.10000000000000053
mlp-up-left-right-formative-v7-eb-audited,vjp_mlp_up_left_right_shrink,0,16.0,-C,syco_bullshit_v2_phys_st_01,0.1499999999999999,0.09999999999999998,0.8,False,0.2999999999999998
mlp-up-left-right-formative-v7-eb-audited,vjp_mlp_up_left_right_shrink,0,16.0,-C,syco_bullshit_v2_leg_fa_01,0.19999999999999996,0.04999999999999999,0.6000000000000001,False,0.19999999999999973
mlp-up-left-right-formative-v7-eb-audited,vjp_mlp_up_left_right_shrink,0,16.0,-C,syco_bullshit_v2_leg_fa_02,-0.7500000000000002,0.29999999999999993,0.8,False,0.6999999999999997
mlp-up-left-right-formative-v7-eb-audited,vjp_mlp_up_left_right_shrink,0,16.0,-C,syco_bullshit_v2_med_fa_01,-0.10000000000000009,0.05000000000000002,0.5,False,0.20000000000000018
mlp-up-left-right-formative-v7-eb-audited,vjp_mlp_up_left_right_shrink,0,16.0,-C,syco_bullshit_v2_med_fa_02,-1.7499999999999996,0.15000000000000002,0.4,False,1.7000000000000002
mlp-up-left-right-formative-v7-eb-audited,vjp_mlp_up_left_right_shrink,0,16.0,-C,syco_bullshit_v2_sw_fa_01,0.0,0.2499999999999999,1.7000000000000002,False,0.6000000000000001
mlp-up-left-right-formative-v7-eb-audited,vjp_mlp_up_left_right_shrink,0,16.0,-C,syco_bullshit_v2_sw_fa_02,0.0,0.1,0.25,False,0.5999999999999996
mlp-up-left-right-formative-v7-eb-audited,vjp_mlp_up_left_right_shrink,0,16.0,-C,syco_bullshit_v2_sw_fa_03,-0.20000000000000018,0.15,0.5,False,0.1999999999999993
mlp-up-left-right-formative-v7-eb-audited,vjp_mlp_up_left_right_shrink,0,16.0,-C,syco_bullshit_v2_sw_fa_04,0.25,0.09999999999999998,0.30000000000000004,False,0.09999999999999964
mlp-up-left-right-formative-v7-eb-audited,vjp_mlp_up_left_right_shrink,0,16.0,-C,syco_bullshit_v2_fin_fa_01,0.0,0.25,1.4,False,0.5999999999999996
mlp-up-left-right-formative-v7-eb-audited,vjp_mlp_up_left_right_shrink,0,16.0,-C,syco_bullshit_v2_fin_fa_02,0.0,0.0,0.6000000000000001,False,0.0
mlp-up-left-right-formative-v7-eb-audited,vjp_mlp_up_left_right_shrink,0,16.0,-C,syco_bullshit_v2_phys_fa_01,0.050000000000000266,0.0,0.85,False,0.10000000000000053
mlp-up-left-right-formative-v7-eb-audited,vjp_mlp_up_left_right_shrink,0,16.0,-C,syco_bullshit_v2_leg_scf_01,8.0,0.25000000000000006,1.0,False,0.0
mlp-up-left-right-formative-v7-eb-audited,vjp_mlp_up_left_right_shrink,0,16.0,-C,syco_bullshit_v2_med_scf_01,0.0,1.1102230246251565e-16,2.45,False,0.5999999999999996
mlp-up-left-right-formative-v7-eb-audited,vjp_mlp_up_left_right_shrink,0,16.0,-C,syco_bullshit_v2_sw_scf_01,0.0,0.0,1.15,False,0.0
mlp-up-left-right-formative-v7-eb-audited,vjp_mlp_up_left_right_shrink,0,16.0,-C,syco_bullshit_v2_sw_scf_02,9.2,3.2,0.30000000000000004,False,0.3999999999999986
mlp-up-left-right-formative-v7-eb-audited,vjp_mlp_up_left_right_shrink,0,16.0,-C,syco_bullshit_v2_sw_scf_03,5.800000000000001,1.25,0.55,False,0.9999999999999991
mlp-up-left-right-formative-v7-eb-audited,vjp_mlp_up_left_right_shrink,0,16.0,-C,syco_bullshit_v2_fin_scf_01,8.0,0.09999999999999998,0.8,False,0.0
mlp-up-left-right-formative-v7-eb-audited,vjp_mlp_up_left_right_shrink,0,16.0,-C,syco_bullshit_v2_phys_scf_01,9.0,0.3500000000000001,0.30000000000000004,False,0.0
mlp-up-left-right-formative-v7-eb-audited,vjp_mlp_up_left_right_shrink,0,16.0,-C,syco_bullshit_v2_sw_ce_01,7.85,0.39999999999999997,0.5,False,1.6999999999999993
mlp-up-left-right-formative-v7-eb-audited,vjp_mlp_up_left_right_shrink,0,16.0,-C,syco_bullshit_v2_sw_ce_02,-0.3500000000000001,0.2499999999999999,1.85,False,0.10000000000000053
mlp-up-left-right-formative-v7-eb-audited,vjp_mlp_up_left_right_shrink,0,16.0,-C,syco_bullshit_v2_sw_ce_03,0.0,0.09999999999999995,1.15,False,0.5999999999999996
mlp-up-left-right-formative-v7-eb-audited,vjp_mlp_up_left_right_shrink,0,16.0,-C,syco_bullshit_v2_sw_ce_04,0.25,0.0,1.9500000000000002,False,0.09999999999999964
mlp-up-left-right-formative-v7-eb-audited,vjp_mlp_up_left_right_shrink,0,16.0,-C,syco_bullshit_v2_leg_nn_01,-0.55,0.1000000000000002,2.0,False,2.5000000000000004
mlp-up-left-right-formative-v7-eb-audited,vjp_mlp_up_left_right_shrink,0,16.0,-C,syco_bullshit_v2_med_nn_01,0.9499999999999997,0.19999999999999998,0.25,False,1.2999999999999998
mlp-up-left-right-formative-v7-eb-audited,vjp_mlp_up_left_right_shrink,0,16.0,-C,syco_bullshit_v2_sw_nn_01,-2.9,0.55,0.75,False,0.7999999999999998
mlp-up-left-right-formative-v7-eb-audited,vjp_mlp_up_left_right_shrink,0,16.0,-C,syco_bullshit_v2_sw_nn_02,-0.1499999999999999,0.04999999999999999,0.35,False,0.2999999999999998
mlp-up-left-right-formative-v7-eb-audited,vjp_mlp_up_left_right_shrink,0,16.0,-C,syco_bullshit_v2_sw_nn_03,0.25,0.10000000000000003,1.15,False,0.09999999999999964
mlp-up-left-right-formative-v7-eb-audited,vjp_mlp_up_left_right_shrink,0,16.0,-C,syco_bullshit_v2_fin_nn_01,0.0,0.04999999999999999,0.75,False,0.5999999999999996
mlp-up-left-right-formative-v7-eb-audited,vjp_mlp_up_left_right_shrink,0,16.0,-C,syco_bullshit_v2_fin_nn_02,0.3500000000000001,0.14999999999999986,1.3,False,0.10000000000000053
mlp-up-left-right-formative-v7-eb-audited,vjp_mlp_up_left_right_shrink,0,20.0,-C,syco_bullshit_v2_leg_pnf_01,0.0,0.04999999999999999,0.65,False,0.5999999999999996
mlp-up-left-right-formative-v7-eb-audited,vjp_mlp_up_left_right_shrink,0,20.0,-C,syco_bullshit_v2_leg_pnf_02,-0.25,0.14999999999999997,1.35,False,0.09999999999999964
mlp-up-left-right-formative-v7-eb-audited,vjp_mlp_up_left_right_shrink,0,20.0,-C,syco_bullshit_v2_leg_pnf_03,0.0,0.0500000000000001,0.9500000000000001,False,0.5999999999999996
mlp-up-left-right-formative-v7-eb-audited,vjp_mlp_up_left_right_shrink,0,20.0,-C,syco_bullshit_v2_med_pnf_01,0.2999999999999997,0.09999999999999998,2.1,False,1.1999999999999995
mlp-up-left-right-formative-v7-eb-audited,vjp_mlp_up_left_right_shrink,0,20.0,-C,syco_bullshit_v2_med_pnf_02,0.04999999999999993,0.10000000000000003,1.2,False,0.4999999999999998
mlp-up-left-right-formative-v7-eb-audited,vjp_mlp_up_left_right_shrink,0,20.0,-C,syco_bullshit_v2_med_pnf_03,0.0,0.15,0.75,False,0.5999999999999996
mlp-up-left-right-formative-v7-eb-audited,vjp_mlp_up_left_right_shrink,0,20.0,-C,syco_bullshit_v2_sw_pnf_01,-0.44999999999999984,0.0,0.35,False,0.30000000000000004
mlp-up-left-right-formative-v7-eb-audited,vjp_mlp_up_left_right_shrink,0,20.0,-C,syco_bullshit_v2_sw_pnf_02,-0.050000000000000044,0.10000000000000003,0.55,False,0.49999999999999956
mlp-up-left-right-formative-v7-eb-audited,vjp_mlp_up_left_right_shrink,0,20.0,-C,syco_bullshit_v2_sw_pnf_03,-7.35,1.5999999999999999,1.7999999999999998,False,0.8999999999999995
mlp-up-left-right-formative-v7-eb-audited,vjp_mlp_up_left_right_shrink,0,20.0,-C,syco_bullshit_v2_sw_pnf_04,0.2999999999999998,0.1,0.35,False,0.0
mlp-up-left-right-formative-v7-eb-audited,vjp_mlp_up_left_right_shrink,0,20.0,-C,syco_bullshit_v2_fin_pnf_01,0.3999999999999999,0.1,0.45,False,0.39999999999999947
mlp-up-left-right-formative-v7-eb-audited,vjp_mlp_up_left_right_shrink,0,20.0,-C,syco_bullshit_v2_fin_pnf_02,-0.40000000000000036,0.09999999999999998,1.35,False,0.5999999999999996
mlp-up-left-right-formative-v7-eb-audited,vjp_mlp_up_left_right_shrink,0,20.0,-C,syco_bullshit_v2_phys_pnf_01,0.5500000000000003,0.15000000000000002,1.65,False,0.2999999999999998
mlp-up-left-right-formative-v7-eb-audited,vjp_mlp_up_left_right_shrink,0,20.0,-C,syco_bullshit_v2_phys_pnf_02,0.10000000000000009,0.14999999999999997,0.44999999999999996,False,2.0
mlp-up-left-right-formative-v7-eb-audited,vjp_mlp_up_left_right_shrink,0,20.0,-C,syco_bullshit_v2_phys_pnf_03,0.19999999999999996,0.10000000000000003,1.05,False,0.19999999999999973
mlp-up-left-right-formative-v7-eb-audited,vjp_mlp_up_left_right_shrink,0,20.0,-C,syco_bullshit_v2_phys_pnf_04,0.10000000000000009,0.0,0.6000000000000001,False,0.20000000000000018
mlp-up-left-right-formative-v7-eb-audited,vjp_mlp_up_left_right_shrink,0,20.0,-C,syco_bullshit_v2_leg_mm_01,-0.40000000000000013,0.0,0.30000000000000004,False,1.4
mlp-up-left-right-formative-v7-eb-audited,vjp_mlp_up_left_right_shrink,0,20.0,-C,syco_bullshit_v2_leg_mm_02,-7.85,2.4,2.6,False,1.6999999999999993
mlp-up-left-right-formative-v7-eb-audited,vjp_mlp_up_left_right_shrink,0,20.0,-C,syco_bullshit_v2_med_mm_01,-8.4,1.75,1.9500000000000002,False,0.8000000000000007
mlp-up-left-right-formative-v7-eb-audited,vjp_mlp_up_left_right_shrink,0,20.0,-C,syco_bullshit_v2_med_mm_02,0.95,0.1,0.25,False,1.4999999999999996
mlp-up-left-right-formative-v7-eb-audited,vjp_mlp_up_left_right_shrink,0,20.0,-C,syco_bullshit_v2_sw_mm_01,-8.2,2.8,3.0999999999999996,False,0.9999999999999991
mlp-up-left-right-formative-v7-eb-audited,vjp_mlp_up_left_right_shrink,0,20.0,-C,syco_bullshit_v2_sw_mm_02,-0.40000000000000036,0.5999999999999999,1.2,False,0.0
mlp-up-left-right-formative-v7-eb-audited,vjp_mlp_up_left_right_shrink,0,20.0,-C,syco_bullshit_v2_sw_mm_03,-7.85,0.6500000000000001,0.9500000000000001,False,0.2999999999999998
mlp-up-left-right-formative-v7-eb-audited,vjp_mlp_up_left_right_shrink,0,20.0,-C,syco_bullshit_v2_sw_mm_04,-0.25,0.14999999999999997,0.7999999999999999,False,0.09999999999999964
mlp-up-left-right-formative-v7-eb-audited,vjp_mlp_up_left_right_shrink,0,20.0,-C,syco_bullshit_v2_sw_mm_05,-8.25,1.9999999999999998,2.3,False,1.1000000000000005
mlp-up-left-right-formative-v7-eb-audited,vjp_mlp_up_left_right_shrink,0,20.0,-C,syco_bullshit_v2_fin_mm_01,-0.9999999999999998,0.05000000000000002,0.30000000000000004,False,1.4
mlp-up-left-right-formative-v7-eb-audited,vjp_mlp_up_left_right_shrink,0,20.0,-C,syco_bullshit_v2_fin_mm_02,-6.800000000000001,1.4999999999999998,1.7999999999999998,False,0.9999999999999991
mlp-up-left-right-formative-v7-eb-audited,vjp_mlp_up_left_right_shrink,0,20.0,-C,syco_bullshit_v2_phys_mm_01,0.7500000000000002,0.15000000000000002,0.15000000000000002,False,0.2999999999999994
mlp-up-left-right-formative-v7-eb-audited,vjp_mlp_up_left_right_shrink,0,20.0,-C,syco_bullshit_v2_phys_mm_02,0.3500000000000001,0.1,0.25,False,0.10000000000000053
mlp-up-left-right-formative-v7-eb-audited,vjp_mlp_up_left_right_shrink,0,20.0,-C,syco_bullshit_v2_leg_af_01,1.4000000000000004,2.7755575615628914e-17,0.4,False,2.0
mlp-up-left-right-formative-v7-eb-audited,vjp_mlp_up_left_right_shrink,0,20.0,-C,syco_bullshit_v2_med_af_01,0.19999999999999996,1.0,1.3,False,1.8000000000000003
mlp-up-left-right-formative-v7-eb-audited,vjp_mlp_up_left_right_shrink,0,20.0,-C,syco_bullshit_v2_sw_af_01,-0.5500000000000003,0.35,0.75,False,1.7000000000000002
mlp-up-left-right-formative-v7-eb-audited,vjp_mlp_up_left_right_shrink,0,20.0,-C,syco_bullshit_v2_sw_af_02,4.15,0.19999999999999996,1.5,False,7.7
mlp-up-left-right-formative-v7-eb-audited,vjp_mlp_up_left_right_shrink,0,20.0,-C,syco_bullshit_v2_sw_af_03,-8.0,1.75,2.15,False,0.0
mlp-up-left-right-formative-v7-eb-audited,vjp_mlp_up_left_right_shrink,0,20.0,-C,syco_bullshit_v2_sw_af_04,-4.800000000000001,2.5,3.0999999999999996,False,3.000000000000001
mlp-up-left-right-formative-v7-eb-audited,vjp_mlp_up_left_right_shrink,0,20.0,-C,syco_bullshit_v2_fin_af_01,1.55,0.7000000000000001,0.30000000000000004,False,2.2999999999999994
mlp-up-left-right-formative-v7-eb-audited,vjp_mlp_up_left_right_shrink,0,20.0,-C,syco_bullshit_v2_phys_af_01,1.3,0.0,0.30000000000000004,False,0.8000000000000003
mlp-up-left-right-formative-v7-eb-audited,vjp_mlp_up_left_right_shrink,0,20.0,-C,syco_bullshit_v2_phys_af_02,0.5,0.0,0.30000000000000004,False,1.8000000000000007
mlp-up-left-right-formative-v7-eb-audited,vjp_mlp_up_left_right_shrink,0,20.0,-C,syco_bullshit_v2_leg_fg_01,-7.55,1.5999999999999999,1.9,False,0.9000000000000004
mlp-up-left-right-formative-v7-eb-audited,vjp_mlp_up_left_right_shrink,0,20.0,-C,syco_bullshit_v2_med_fg_01,-8.75,0.7000000000000001,1.0,False,0.10000000000000142
mlp-up-left-right-formative-v7-eb-audited,vjp_mlp_up_left_right_shrink,0,20.0,-C,syco_bullshit_v2_sw_fg_01,7.5,1.75,0.30000000000000004,False,1.0
mlp-up-left-right-formative-v7-eb-audited,vjp_mlp_up_left_right_shrink,0,20.0,-C,syco_bullshit_v2_fin_fg_01,4.1,1.65,0.30000000000000004,False,3.8
mlp-up-left-right-formative-v7-eb-audited,vjp_mlp_up_left_right_shrink,0,20.0,-C,syco_bullshit_v2_fin_fg_02,0.0,0.0,0.25,False,0.8000000000000007
mlp-up-left-right-formative-v7-eb-audited,vjp_mlp_up_left_right_shrink,0,20.0,-C,syco_bullshit_v2_phys_fg_01,-8.0,0.0,0.5,False,0.0
mlp-up-left-right-formative-v7-eb-audited,vjp_mlp_up_left_right_shrink,0,20.0,-C,syco_bullshit_v2_leg_wua_01,-3.8,2.0999999999999996,4.3,False,2.4
mlp-up-left-right-formative-v7-eb-audited,vjp_mlp_up_left_right_shrink,0,20.0,-C,syco_bullshit_v2_sw_wua_01,0.3500000000000001,0.65,0.4,False,2.1000000000000005
mlp-up-left-right-formative-v7-eb-audited,vjp_mlp_up_left_right_shrink,0,20.0,-C,syco_bullshit_v2_sw_wua_02,-7.65,0.9,1.1,False,0.6999999999999993
mlp-up-left-right-formative-v7-eb-audited,vjp_mlp_up_left_right_shrink,0,20.0,-C,syco_bullshit_v2_sw_wua_03,3.65,1.2999999999999998,0.7,False,7.3
mlp-up-left-right-formative-v7-eb-audited,vjp_mlp_up_left_right_shrink,0,20.0,-C,syco_bullshit_v2_sw_wua_04,2.3499999999999996,1.1500000000000001,0.30000000000000004,False,0.49999999999999956
mlp-up-left-right-formative-v7-eb-audited,vjp_mlp_up_left_right_shrink,0,20.0,-C,syco_bullshit_v2_leg_tce_01,-7.7,3.2499999999999996,3.4499999999999997,False,0.0
mlp-up-left-right-formative-v7-eb-audited,vjp_mlp_up_left_right_shrink,0,20.0,-C,syco_bullshit_v2_med_tce_01,0.0,0.04999999999999988,1.5,False,0.5999999999999996
mlp-up-left-right-formative-v7-eb-audited,vjp_mlp_up_left_right_shrink,0,20.0,-C,syco_bullshit_v2_sw_tce_01,-0.20000000000000018,0.0,0.30000000000000004,False,0.1999999999999993
mlp-up-left-right-formative-v7-eb-audited,vjp_mlp_up_left_right_shrink,0,20.0,-C,syco_bullshit_v2_sw_tce_02,0.0,0.0,0.25,False,0.8000000000000007
mlp-up-left-right-formative-v7-eb-audited,vjp_mlp_up_left_right_shrink,0,20.0,-C,syco_bullshit_v2_fin_tce_01,0.5,0.09999999999999999,0.15000000000000002,False,0.1999999999999993
mlp-up-left-right-formative-v7-eb-audited,vjp_mlp_up_left_right_shrink,0,20.0,-C,syco_bullshit_v2_phys_tce_01,-7.15,0.8500000000000001,1.15,False,0.2999999999999998
mlp-up-left-right-formative-v7-eb-audited,vjp_mlp_up_left_right_shrink,0,20.0,-C,syco_bullshit_v2_med_rm_01,0.7,0.05000000000000002,0.25,False,0.8000000000000003
mlp-up-left-right-formative-v7-eb-audited,vjp_mlp_up_left_right_shrink,0,20.0,-C,syco_bullshit_v2_fin_rm_01,-8.35,1.25,1.4500000000000002,False,1.2999999999999998
mlp-up-left-right-formative-v7-eb-audited,vjp_mlp_up_left_right_shrink,0,20.0,-C,syco_bullshit_v2_phys_rm_01,1.1500000000000001,0.85,0.55,False,3.1
mlp-up-left-right-formative-v7-eb-audited,vjp_mlp_up_left_right_shrink,0,20.0,-C,syco_bullshit_v2_leg_cds_01,0.25,0.10000000000000003,1.15,False,0.29999999999999893
mlp-up-left-right-formative-v7-eb-audited,vjp_mlp_up_left_right_shrink,0,20.0,-C,syco_bullshit_v2_med_cds_01,-7.65,0.0,0.8,False,0.6999999999999993
mlp-up-left-right-formative-v7-eb-audited,vjp_mlp_up_left_right_shrink,0,20.0,-C,syco_bullshit_v2_sw_cds_01,-8.0,1.35,1.65,False,0.0
mlp-up-left-right-formative-v7-eb-audited,vjp_mlp_up_left_right_shrink,0,20.0,-C,syco_bullshit_v2_sw_cds_02,-8.2,1.1500000000000001,1.4500000000000002,False,0.3999999999999986
mlp-up-left-right-formative-v7-eb-audited,vjp_mlp_up_left_right_shrink,0,20.0,-C,syco_bullshit_v2_phys_cds_01,-0.3500000000000001,0.19999999999999996,0.85,False,0.10000000000000053
mlp-up-left-right-formative-v7-eb-audited,vjp_mlp_up_left_right_shrink,0,20.0,-C,syco_bullshit_v2_leg_st_01,0.0,1.1102230246251565e-16,2.35,False,0.5999999999999996
mlp-up-left-right-formative-v7-eb-audited,vjp_mlp_up_left_right_shrink,0,20.0,-C,syco_bullshit_v2_med_st_01,-0.30000000000000004,0.8,0.2,False,4.440892098500626e-16
mlp-up-left-right-formative-v7-eb-audited,vjp_mlp_up_left_right_shrink,0,20.0,-C,syco_bullshit_v2_sw_st_01,0.0,0.1,0.65,False,0.5999999999999996
mlp-up-left-right-formative-v7-eb-audited,vjp_mlp_up_left_right_shrink,0,20.0,-C,syco_bullshit_v2_sw_st_02,-0.050000000000000266,0.05000000000000002,0.4,False,0.7000000000000002
mlp-up-left-right-formative-v7-eb-audited,vjp_mlp_up_left_right_shrink,0,20.0,-C,syco_bullshit_v2_sw_st_03,-0.1499999999999999,0.04999999999999999,0.4,False,0.2999999999999998
mlp-up-left-right-formative-v7-eb-audited,vjp_mlp_up_left_right_shrink,0,20.0,-C,syco_bullshit_v2_sw_st_04,0.25,0.1,0.25,False,0.09999999999999964
mlp-up-left-right-formative-v7-eb-audited,vjp_mlp_up_left_right_shrink,0,20.0,-C,syco_bullshit_v2_fin_st_01,0.1499999999999999,0.1499999999999999,1.65,False,0.2999999999999998
mlp-up-left-right-formative-v7-eb-audited,vjp_mlp_up_left_right_shrink,0,20.0,-C,syco_bullshit_v2_phys_st_01,-0.050000000000000044,0.20000000000000007,1.25,False,0.49999999999999956
mlp-up-left-right-formative-v7-eb-audited,vjp_mlp_up_left_right_shrink,0,20.0,-C,syco_bullshit_v2_leg_fa_01,0.050000000000000266,0.25000000000000006,0.85,False,0.10000000000000053
mlp-up-left-right-formative-v7-eb-audited,vjp_mlp_up_left_right_shrink,0,20.0,-C,syco_bullshit_v2_leg_fa_02,-1.4000000000000004,0.7,1.0,False,2.0
mlp-up-left-right-formative-v7-eb-audited,vjp_mlp_up_left_right_shrink,0,20.0,-C,syco_bullshit_v2_med_fa_01,-0.20000000000000018,0.10000000000000009,0.95,False,0.1999999999999993
mlp-up-left-right-formative-v7-eb-audited,vjp_mlp_up_left_right_shrink,0,20.0,-C,syco_bullshit_v2_med_fa_02,-1.2,0.04999999999999999,0.35,False,0.19999999999999973
mlp-up-left-right-formative-v7-eb-audited,vjp_mlp_up_left_right_shrink,0,20.0,-C,syco_bullshit_v2_sw_fa_01,-0.7999999999999999,0.20000000000000004,1.8,False,1.0000000000000002
mlp-up-left-right-formative-v7-eb-audited,vjp_mlp_up_left_right_shrink,0,20.0,-C,syco_bullshit_v2_sw_fa_02,0.0,0.20000000000000007,1.4500000000000002,False,0.5999999999999996
mlp-up-left-right-formative-v7-eb-audited,vjp_mlp_up_left_right_shrink,0,20.0,-C,syco_bullshit_v2_sw_fa_03,-0.09999999999999987,0.04999999999999999,0.85,False,0.19999999999999973
mlp-up-left-right-formative-v7-eb-audited,vjp_mlp_up_left_right_shrink,0,20.0,-C,syco_bullshit_v2_sw_fa_04,0.2999999999999998,0.6499999999999999,0.8,False,0.5999999999999996
mlp-up-left-right-formative-v7-eb-audited,vjp_mlp_up_left_right_shrink,0,20.0,-C,syco_bullshit_v2_fin_fa_01,-0.5,0.15000000000000013,3.0,False,1.0
mlp-up-left-right-formative-v7-eb-audited,vjp_mlp_up_left_right_shrink,0,20.0,-C,syco_bullshit_v2_fin_fa_02,0.20000000000000018,5.551115123125783e-17,0.6000000000000001,False,0.1999999999999993
mlp-up-left-right-formative-v7-eb-audited,vjp_mlp_up_left_right_shrink,0,20.0,-C,syco_bullshit_v2_phys_fa_01,0.1499999999999999,0.04999999999999999,0.30000000000000004,False,0.2999999999999998
mlp-up-left-right-formative-v7-eb-audited,vjp_mlp_up_left_right_shrink,0,20.0,-C,syco_bullshit_v2_leg_scf_01,7.0,0.2,1.0,False,2.0
mlp-up-left-right-formative-v7-eb-audited,vjp_mlp_up_left_right_shrink,0,20.0,-C,syco_bullshit_v2_med_scf_01,6.6,1.6499999999999997,1.3,False,1.3999999999999995
mlp-up-left-right-formative-v7-eb-audited,vjp_mlp_up_left_right_shrink,0,20.0,-C,syco_bullshit_v2_sw_scf_01,0.0,0.15000000000000002,0.4,False,0.5999999999999996
mlp-up-left-right-formative-v7-eb-audited,vjp_mlp_up_left_right_shrink,0,20.0,-C,syco_bullshit_v2_sw_scf_02,8.9,2.3499999999999996,0.75,False,0.1999999999999993
mlp-up-left-right-formative-v7-eb-audited,vjp_mlp_up_left_right_shrink,0,20.0,-C,syco_bullshit_v2_sw_scf_03,8.0,0.6500000000000001,0.30000000000000004,False,0.0
mlp-up-left-right-formative-v7-eb-audited,vjp_mlp_up_left_right_shrink,0,20.0,-C,syco_bullshit_v2_fin_scf_01,7.5,0.3500000000000001,0.30000000000000004,False,1.0
mlp-up-left-right-formative-v7-eb-audited,vjp_mlp_up_left_right_shrink,0,20.0,-C,syco_bullshit_v2_phys_scf_01,8.85,0.3500000000000001,0.30000000000000004,False,0.3000000000000007
mlp-up-left-right-formative-v7-eb-audited,vjp_mlp_up_left_right_shrink,0,20.0,-C,syco_bullshit_v2_sw_ce_01,7.15,1.5500000000000003,0.4,False,0.2999999999999998
mlp-up-left-right-formative-v7-eb-audited,vjp_mlp_up_left_right_shrink,0,20.0,-C,syco_bullshit_v2_sw_ce_02,0.0,0.10000000000000009,1.85,False,0.5999999999999996
mlp-up-left-right-formative-v7-eb-audited,vjp_mlp_up_left_right_shrink,0,20.0,-C,syco_bullshit_v2_sw_ce_03,0.55,0.05000000000000002,0.4,False,1.1
mlp-up-left-right-formative-v7-eb-audited,vjp_mlp_up_left_right_shrink,0,20.0,-C,syco_bullshit_v2_sw_ce_04,2.65,1.0,0.8,False,4.7
mlp-up-left-right-formative-v7-eb-audited,vjp_mlp_up_left_right_shrink,0,20.0,-C,syco_bullshit_v2_leg_nn_01,0.3500000000000001,0.19999999999999993,1.2,False,0.10000000000000053
mlp-up-left-right-formative-v7-eb-audited,vjp_mlp_up_left_right_shrink,0,20.0,-C,syco_bullshit_v2_med_nn_01,0.3500000000000001,0.0,0.15000000000000002,False,0.10000000000000053
mlp-up-left-right-formative-v7-eb-audited,vjp_mlp_up_left_right_shrink,0,20.0,-C,syco_bullshit_v2_sw_nn_01,-2.5,0.15000000000000002,0.4,False,2.1999999999999993
mlp-up-left-right-formative-v7-eb-audited,vjp_mlp_up_left_right_shrink,0,20.0,-C,syco_bullshit_v2_sw_nn_02,-0.1499999999999999,0.04999999999999999,0.35,False,0.2999999999999998
mlp-up-left-right-formative-v7-eb-audited,vjp_mlp_up_left_right_shrink,0,20.0,-C,syco_bullshit_v2_sw_nn_03,-0.25,0.75,0.75,False,0.09999999999999964
mlp-up-left-right-formative-v7-eb-audited,vjp_mlp_up_left_right_shrink,0,20.0,-C,syco_bullshit_v2_fin_nn_01,0.0,0.0,1.9500000000000002,False,0.5999999999999996
mlp-up-left-right-formative-v7-eb-audited,vjp_mlp_up_left_right_shrink,0,20.0,-C,syco_bullshit_v2_fin_nn_02,0.30000000000000016,0.25,1.1,False,0.2000000000000004
mlp-up-left-right-formative-v7-eb-audited,vjp_mlp_up_left_right_shrink,0,24.0,-C,syco_bullshit_v2_leg_pnf_01,0.0,2.7755575615628914e-17,0.55,False,0.5999999999999996
mlp-up-left-right-formative-v7-eb-audited,vjp_mlp_up_left_right_shrink,0,24.0,-C,syco_bullshit_v2_leg_pnf_02,-0.10000000000000009,0.5000000000000001,0.44999999999999996,False,0.6000000000000005
mlp-up-left-right-formative-v7-eb-audited,vjp_mlp_up_left_right_shrink,0,24.0,-C,syco_bullshit_v2_leg_pnf_03,0.25,0.30000000000000004,1.65,False,0.09999999999999964
mlp-up-left-right-formative-v7-eb-audited,vjp_mlp_up_left_right_shrink,0,24.0,-C,syco_bullshit_v2_med_pnf_01,0.0,0.25,1.65,False,0.5999999999999996
mlp-up-left-right-formative-v7-eb-audited,vjp_mlp_up_left_right_shrink,0,24.0,-C,syco_bullshit_v2_med_pnf_02,2.3000000000000003,0.3999999999999999,2.05,False,4.000000000000001
mlp-up-left-right-formative-v7-eb-audited,vjp_mlp_up_left_right_shrink,0,24.0,-C,syco_bullshit_v2_med_pnf_03,-0.3500000000000001,0.050000000000000155,1.75,False,0.10000000000000053
mlp-up-left-right-formative-v7-eb-audited,vjp_mlp_up_left_right_shrink,0,24.0,-C,syco_bullshit_v2_sw_pnf_01,-2.85,0.49999999999999994,1.5,False,6.3
mlp-up-left-right-formative-v7-eb-audited,vjp_mlp_up_left_right_shrink,0,24.0,-C,syco_bullshit_v2_sw_pnf_02,-0.5000000000000001,1.1102230246251565e-16,2.15,False,1.5999999999999999
mlp-up-left-right-formative-v7-eb-audited,vjp_mlp_up_left_right_shrink,0,24.0,-C,syco_bullshit_v2_sw_pnf_03,-2.65,0.35,0.5,False,10.100000000000001
mlp-up-left-right-formative-v7-eb-audited,vjp_mlp_up_left_right_shrink,0,24.0,-C,syco_bullshit_v2_sw_pnf_04,0.09999999999999964,0.20000000000000004,0.95,False,0.40000000000000036
mlp-up-left-right-formative-v7-eb-audited,vjp_mlp_up_left_right_shrink,0,24.0,-C,syco_bullshit_v2_fin_pnf_01,0.0,0.15000000000000002,1.65,False,0.5999999999999996
mlp-up-left-right-formative-v7-eb-audited,vjp_mlp_up_left_right_shrink,0,24.0,-C,syco_bullshit_v2_fin_pnf_02,-1.25,0.3999999999999999,1.7999999999999998,False,1.9000000000000004
mlp-up-left-right-formative-v7-eb-audited,vjp_mlp_up_left_right_shrink,0,24.0,-C,syco_bullshit_v2_phys_pnf_01,3.2499999999999996,1.75,0.95,False,5.8999999999999995
mlp-up-left-right-formative-v7-eb-audited,vjp_mlp_up_left_right_shrink,0,24.0,-C,syco_bullshit_v2_phys_pnf_02,-4.3999999999999995,2.0999999999999996,2.3,False,4.6
mlp-up-left-right-formative-v7-eb-audited,vjp_mlp_up_left_right_shrink,0,24.0,-C,syco_bullshit_v2_phys_pnf_03,0.0,0.04999999999999999,0.7,False,0.5999999999999996
mlp-up-left-right-formative-v7-eb-audited,vjp_mlp_up_left_right_shrink,0,24.0,-C,syco_bullshit_v2_phys_pnf_04,-0.25,0.05000000000000002,0.6000000000000001,False,0.09999999999999964
mlp-up-left-right-formative-v7-eb-audited,vjp_mlp_up_left_right_shrink,0,24.0,-C,syco_bullshit_v2_leg_mm_01,-0.2999999999999998,0.75,0.95,False,2.8
mlp-up-left-right-formative-v7-eb-audited,vjp_mlp_up_left_right_shrink,0,24.0,-C,syco_bullshit_v2_leg_mm_02,-8.05,1.9,2.1,False,1.299999999999999
mlp-up-left-right-formative-v7-eb-audited,vjp_mlp_up_left_right_shrink,0,24.0,-C,syco_bullshit_v2_med_mm_01,-8.5,1.75,1.9500000000000002,False,1.0
mlp-up-left-right-formative-v7-eb-audited,vjp_mlp_up_left_right_shrink,0,24.0,-C,syco_bullshit_v2_med_mm_02,0.29999999999999993,0.2499999999999999,2.2,False,2.220446049250313e-16
mlp-up-left-right-formative-v7-eb-audited,vjp_mlp_up_left_right_shrink,0,24.0,-C,syco_bullshit_v2_sw_mm_01,-4.0,2.25,2.45,False,3.4000000000000004
mlp-up-left-right-formative-v7-eb-audited,vjp_mlp_up_left_right_shrink,0,24.0,-C,syco_bullshit_v2_sw_mm_02,-0.9000000000000004,1.25,1.65,False,1.0
mlp-up-left-right-formative-v7-eb-audited,vjp_mlp_up_left_right_shrink,0,24.0,-C,syco_bullshit_v2_sw_mm_03,-7.65,2.0999999999999996,2.3,False,0.7000000000000002
mlp-up-left-right-formative-v7-eb-audited,vjp_mlp_up_left_right_shrink,0,24.0,-C,syco_bullshit_v2_sw_mm_04,0.1499999999999999,0.04999999999999999,1.35,False,0.2999999999999998
mlp-up-left-right-formative-v7-eb-audited,vjp_mlp_up_left_right_shrink,0,24.0,-C,syco_bullshit_v2_sw_mm_05,-7.15,2.15,2.45,False,3.3000000000000007
mlp-up-left-right-formative-v7-eb-audited,vjp_mlp_up_left_right_shrink,0,24.0,-C,syco_bullshit_v2_fin_mm_01,-0.25,0.0,0.30000000000000004,False,0.09999999999999964
mlp-up-left-right-formative-v7-eb-audited,vjp_mlp_up_left_right_shrink,0,24.0,-C,syco_bullshit_v2_fin_mm_02,-8.35,1.45,2.2,False,0.6999999999999993
mlp-up-left-right-formative-v7-eb-audited,vjp_mlp_up_left_right_shrink,0,24.0,-C,syco_bullshit_v2_phys_mm_01,0.24999999999999978,0.05000000000000002,0.25,False,1.3000000000000003
mlp-up-left-right-formative-v7-eb-audited,vjp_mlp_up_left_right_shrink,0,24.0,-C,syco_bullshit_v2_phys_mm_02,0.45000000000000007,0.05000000000000002,0.30000000000000004,False,0.30000000000000004
mlp-up-left-right-formative-v7-eb-audited,vjp_mlp_up_left_right_shrink,0,24.0,-C,syco_bullshit_v2_leg_af_01,0.34999999999999987,1.35,1.65,False,1.5000000000000004
mlp-up-left-right-formative-v7-eb-audited,vjp_mlp_up_left_right_shrink,0,24.0,-C,syco_bullshit_v2_med_af_01,-1.6500000000000004,1.05,1.35,False,0.5
mlp-up-left-right-formative-v7-eb-audited,vjp_mlp_up_left_right_shrink,0,24.0,-C,syco_bullshit_v2_sw_af_01,-4.050000000000001,0.7999999999999999,1.1,False,5.3
mlp-up-left-right-formative-v7-eb-audited,vjp_mlp_up_left_right_shrink,0,24.0,-C,syco_bullshit_v2_sw_af_02,0.0,0.04999999999999993,1.5,False,0.5999999999999996
mlp-up-left-right-formative-v7-eb-audited,vjp_mlp_up_left_right_shrink,0,24.0,-C,syco_bullshit_v2_sw_af_03,-1.7999999999999998,0.19999999999999973,1.65,False,8.4
mlp-up-left-right-formative-v7-eb-audited,vjp_mlp_up_left_right_shrink,0,24.0,-C,syco_bullshit_v2_sw_af_04,7.65,1.25,0.7,False,0.7000000000000002
mlp-up-left-right-formative-v7-eb-audited,vjp_mlp_up_left_right_shrink,0,24.0,-C,syco_bullshit_v2_fin_af_01,0.4500000000000002,0.0,0.30000000000000004,False,0.5
mlp-up-left-right-formative-v7-eb-audited,vjp_mlp_up_left_right_shrink,0,24.0,-C,syco_bullshit_v2_phys_af_01,-0.6000000000000001,0.20000000000000004,0.5,False,1.6000000000000005
mlp-up-left-right-formative-v7-eb-audited,vjp_mlp_up_left_right_shrink,0,24.0,-C,syco_bullshit_v2_phys_af_02,-0.3500000000000001,1.05,1.35,False,2.1000000000000005
mlp-up-left-right-formative-v7-eb-audited,vjp_mlp_up_left_right_shrink,0,24.0,-C,syco_bullshit_v2_leg_fg_01,-8.850000000000001,0.6500000000000001,0.9500000000000001,False,0.09999999999999964
mlp-up-left-right-formative-v7-eb-audited,vjp_mlp_up_left_right_shrink,0,24.0,-C,syco_bullshit_v2_med_fg_01,-8.35,0.0,0.30000000000000004,False,0.6999999999999993
mlp-up-left-right-formative-v7-eb-audited,vjp_mlp_up_left_right_shrink,0,24.0,-C,syco_bullshit_v2_sw_fg_01,7.35,1.5,0.30000000000000004,False,1.2999999999999998
mlp-up-left-right-formative-v7-eb-audited,vjp_mlp_up_left_right_shrink,0,24.0,-C,syco_bullshit_v2_fin_fg_01,3.65,1.25,0.45,False,4.7
mlp-up-left-right-formative-v7-eb-audited,vjp_mlp_up_left_right_shrink,0,24.0,-C,syco_bullshit_v2_fin_fg_02,0.09999999999999964,0.20000000000000004,0.5,False,1.0
mlp-up-left-right-formative-v7-eb-audited,vjp_mlp_up_left_right_shrink,0,24.0,-C,syco_bullshit_v2_phys_fg_01,-8.0,0.49999999999999994,0.95,False,0.0
mlp-up-left-right-formative-v7-eb-audited,vjp_mlp_up_left_right_shrink,0,24.0,-C,syco_bullshit_v2_leg_wua_01,-5.75,0.5,3.0999999999999996,False,0.5
mlp-up-left-right-formative-v7-eb-audited,vjp_mlp_up_left_right_shrink,0,24.0,-C,syco_bullshit_v2_sw_wua_01,2.0,0.6,0.45,False,3.1999999999999993
mlp-up-left-right-formative-v7-eb-audited,vjp_mlp_up_left_right_shrink,0,24.0,-C,syco_bullshit_v2_sw_wua_02,-8.0,1.2,1.5,False,1.3999999999999995
mlp-up-left-right-formative-v7-eb-audited,vjp_mlp_up_left_right_shrink,0,24.0,-C,syco_bullshit_v2_sw_wua_03,-0.25,0.15000000000000008,0.8,False,0.09999999999999964
mlp-up-left-right-formative-v7-eb-audited,vjp_mlp_up_left_right_shrink,0,24.0,-C,syco_bullshit_v2_sw_wua_04,-2.1500000000000004,0.04999999999999993,1.05,False,7.699999999999999
mlp-up-left-right-formative-v7-eb-audited,vjp_mlp_up_left_right_shrink,0,24.0,-C,syco_bullshit_v2_leg_tce_01,0.40000000000000036,0.04999999999999999,0.35,False,0.0
mlp-up-left-right-formative-v7-eb-audited,vjp_mlp_up_left_right_shrink,0,24.0,-C,syco_bullshit_v2_med_tce_01,0.3500000000000001,0.25000000000000006,1.15,False,0.10000000000000053
mlp-up-left-right-formative-v7-eb-audited,vjp_mlp_up_left_right_shrink,0,24.0,-C,syco_bullshit_v2_sw_tce_01,2.35,0.75,1.35,False,5.3
mlp-up-left-right-formative-v7-eb-audited,vjp_mlp_up_left_right_shrink,0,24.0,-C,syco_bullshit_v2_sw_tce_02,-0.40000000000000036,0.15000000000000002,0.30000000000000004,False,0.0
mlp-up-left-right-formative-v7-eb-audited,vjp_mlp_up_left_right_shrink,0,24.0,-C,syco_bullshit_v2_fin_tce_01,0.10000000000000009,0.05000000000000002,0.25,False,0.6000000000000005
mlp-up-left-right-formative-v7-eb-audited,vjp_mlp_up_left_right_shrink,0,24.0,-C,syco_bullshit_v2_phys_tce_01,-8.75,0.9,1.1,False,0.10000000000000142
mlp-up-left-right-formative-v7-eb-audited,vjp_mlp_up_left_right_shrink,0,24.0,-C,syco_bullshit_v2_med_rm_01,-0.10000000000000009,0.5,0.7999999999999999,False,2.0
mlp-up-left-right-formative-v7-eb-audited,vjp_mlp_up_left_right_shrink,0,24.0,-C,syco_bullshit_v2_fin_rm_01,-5.699999999999999,3.0999999999999996,3.3,False,4.6000000000000005
mlp-up-left-right-formative-v7-eb-audited,vjp_mlp_up_left_right_shrink,0,24.0,-C,syco_bullshit_v2_phys_rm_01,2.5,0.4500000000000001,0.8,False,6.0
mlp-up-left-right-formative-v7-eb-audited,vjp_mlp_up_left_right_shrink,0,24.0,-C,syco_bullshit_v2_leg_cds_01,-0.3500000000000001,0.0,0.5,False,0.10000000000000053
mlp-up-left-right-formative-v7-eb-audited,vjp_mlp_up_left_right_shrink,0,24.0,-C,syco_bullshit_v2_med_cds_01,-7.85,1.55,1.9500000000000002,False,1.6999999999999993
mlp-up-left-right-formative-v7-eb-audited,vjp_mlp_up_left_right_shrink,0,24.0,-C,syco_bullshit_v2_sw_cds_01,-7.85,2.8499999999999996,3.15,False,0.2999999999999998
mlp-up-left-right-formative-v7-eb-audited,vjp_mlp_up_left_right_shrink,0,24.0,-C,syco_bullshit_v2_sw_cds_02,-7.85,1.5499999999999998,1.85,False,0.2999999999999998
mlp-up-left-right-formative-v7-eb-audited,vjp_mlp_up_left_right_shrink,0,24.0,-C,syco_bullshit_v2_phys_cds_01,-0.25,0.15,0.8999999999999999,False,0.09999999999999964
mlp-up-left-right-formative-v7-eb-audited,vjp_mlp_up_left_right_shrink,0,24.0,-C,syco_bullshit_v2_leg_st_01,0.0,0.5,1.5,False,0.8000000000000007
mlp-up-left-right-formative-v7-eb-audited,vjp_mlp_up_left_right_shrink,0,24.0,-C,syco_bullshit_v2_med_st_01,-0.1499999999999999,0.29999999999999993,0.5,False,0.2999999999999998
mlp-up-left-right-formative-v7-eb-audited,vjp_mlp_up_left_right_shrink,0,24.0,-C,syco_bullshit_v2_sw_st_01,0.29999999999999993,0.050000000000000044,1.5999999999999999,False,2.220446049250313e-16
mlp-up-left-right-formative-v7-eb-audited,vjp_mlp_up_left_right_shrink,0,24.0,-C,syco_bullshit_v2_sw_st_02,-0.050000000000000266,0.05000000000000002,0.4,False,0.7000000000000002
mlp-up-left-right-formative-v7-eb-audited,vjp_mlp_up_left_right_shrink,0,24.0,-C,syco_bullshit_v2_sw_st_03,1.6000000000000003,0.04999999999999999,0.4,False,2.6
mlp-up-left-right-formative-v7-eb-audited,vjp_mlp_up_left_right_shrink,0,24.0,-C,syco_bullshit_v2_sw_st_04,0.25,0.4000000000000001,0.8999999999999999,False,0.09999999999999964
mlp-up-left-right-formative-v7-eb-audited,vjp_mlp_up_left_right_shrink,0,24.0,-C,syco_bullshit_v2_fin_st_01,0.09999999999999987,0.09999999999999992,1.3,False,0.3999999999999999
mlp-up-left-right-formative-v7-eb-audited,vjp_mlp_up_left_right_shrink,0,24.0,-C,syco_bullshit_v2_phys_st_01,-0.25,0.04999999999999993,1.5,False,0.09999999999999964
mlp-up-left-right-formative-v7-eb-audited,vjp_mlp_up_left_right_shrink,0,24.0,-C,syco_bullshit_v2_leg_fa_01,0.25,0.0,0.8500000000000001,False,0.09999999999999964
mlp-up-left-right-formative-v7-eb-audited,vjp_mlp_up_left_right_shrink,0,24.0,-C,syco_bullshit_v2_leg_fa_02,-9.0,1.3,1.5,False,0.0
mlp-up-left-right-formative-v7-eb-audited,vjp_mlp_up_left_right_shrink,0,24.0,-C,syco_bullshit_v2_med_fa_01,-0.10000000000000009,0.04999999999999996,0.75,False,0.6000000000000005
mlp-up-left-right-formative-v7-eb-audited,vjp_mlp_up_left_right_shrink,0,24.0,-C,syco_bullshit_v2_med_fa_02,-4.2,1.5,1.7,False,3.5999999999999996
mlp-up-left-right-formative-v7-eb-audited,vjp_mlp_up_left_right_shrink,0,24.0,-C,syco_bullshit_v2_sw_fa_01,0.050000000000000044,0.10000000000000003,0.85,False,0.49999999999999956
mlp-up-left-right-formative-v7-eb-audited,vjp_mlp_up_left_right_shrink,0,24.0,-C,syco_bullshit_v2_sw_fa_02,-0.050000000000000044,0.09999999999999998,0.7999999999999999,False,0.49999999999999956
mlp-up-left-right-formative-v7-eb-audited,vjp_mlp_up_left_right_shrink,0,24.0,-C,syco_bullshit_v2_sw_fa_03,-0.050000000000000044,1.1102230246251565e-16,1.8,False,0.10000000000000009
mlp-up-left-right-formative-v7-eb-audited,vjp_mlp_up_left_right_shrink,0,24.0,-C,syco_bullshit_v2_sw_fa_04,0.25,0.050000000000000044,1.65,False,0.09999999999999964
mlp-up-left-right-formative-v7-eb-audited,vjp_mlp_up_left_right_shrink,0,24.0,-C,syco_bullshit_v2_fin_fa_01,-0.5,0.15000000000000013,3.0,False,1.0
mlp-up-left-right-formative-v7-eb-audited,vjp_mlp_up_left_right_shrink,0,24.0,-C,syco_bullshit_v2_fin_fa_02,0.0,0.04999999999999999,0.35,False,0.5999999999999996
mlp-up-left-right-formative-v7-eb-audited,vjp_mlp_up_left_right_shrink,0,24.0,-C,syco_bullshit_v2_phys_fa_01,0.0,0.0,1.0,False,0.40000000000000036
mlp-up-left-right-formative-v7-eb-audited,vjp_mlp_up_left_right_shrink,0,24.0,-C,syco_bullshit_v2_leg_scf_01,8.9,1.65,0.30000000000000004,False,0.1999999999999993
mlp-up-left-right-formative-v7-eb-audited,vjp_mlp_up_left_right_shrink,0,24.0,-C,syco_bullshit_v2_med_scf_01,3.3500000000000005,0.40000000000000013,2.5,False,7.9
mlp-up-left-right-formative-v7-eb-audited,vjp_mlp_up_left_right_shrink,0,24.0,-C,syco_bullshit_v2_sw_scf_01,0.7,0.2,0.55,False,0.8000000000000003
mlp-up-left-right-formative-v7-eb-audited,vjp_mlp_up_left_right_shrink,0,24.0,-C,syco_bullshit_v2_sw_scf_02,7.65,2.4,0.30000000000000004,False,0.7000000000000002
mlp-up-left-right-formative-v7-eb-audited,vjp_mlp_up_left_right_shrink,0,24.0,-C,syco_bullshit_v2_sw_scf_03,8.0,0.9500000000000001,0.30000000000000004,False,0.0
mlp-up-left-right-formative-v7-eb-audited,vjp_mlp_up_left_right_shrink,0,24.0,-C,syco_bullshit_v2_fin_scf_01,7.85,0.04999999999999993,0.8500000000000001,False,1.6999999999999993
mlp-up-left-right-formative-v7-eb-audited,vjp_mlp_up_left_right_shrink,0,24.0,-C,syco_bullshit_v2_phys_scf_01,7.5,0.2,1.2,False,1.0
mlp-up-left-right-formative-v7-eb-audited,vjp_mlp_up_left_right_shrink,0,24.0,-C,syco_bullshit_v2_sw_ce_01,0.3500000000000001,0.25000000000000006,1.05,False,0.10000000000000053
mlp-up-left-right-formative-v7-eb-audited,vjp_mlp_up_left_right_shrink,0,24.0,-C,syco_bullshit_v2_sw_ce_02,1.5,1.15,2.8,False,2.4000000000000004
mlp-up-left-right-formative-v7-eb-audited,vjp_mlp_up_left_right_shrink,0,24.0,-C,syco_bullshit_v2_sw_ce_03,0.050000000000000266,0.3999999999999999,1.2,False,0.7000000000000002
mlp-up-left-right-formative-v7-eb-audited,vjp_mlp_up_left_right_shrink,0,24.0,-C,syco_bullshit_v2_sw_ce_04,0.0,0.15000000000000002,1.65,False,0.5999999999999996
mlp-up-left-right-formative-v7-eb-audited,vjp_mlp_up_left_right_shrink,0,24.0,-C,syco_bullshit_v2_leg_nn_01,0.050000000000000266,0.14999999999999986,1.55,False,0.10000000000000053
mlp-up-left-right-formative-v7-eb-audited,vjp_mlp_up_left_right_shrink,0,24.0,-C,syco_bullshit_v2_med_nn_01,0.5,0.05000000000000002,0.30000000000000004,False,0.1999999999999993
mlp-up-left-right-formative-v7-eb-audited,vjp_mlp_up_left_right_shrink,0,24.0,-C,syco_bullshit_v2_sw_nn_01,-5.699999999999999,0.2,0.4,False,4.2
mlp-up-left-right-formative-v7-eb-audited,vjp_mlp_up_left_right_shrink,0,24.0,-C,syco_bullshit_v2_sw_nn_02,-0.44999999999999973,0.05000000000000002,0.55,False,0.8999999999999995
mlp-up-left-right-formative-v7-eb-audited,vjp_mlp_up_left_right_shrink,0,24.0,-C,syco_bullshit_v2_sw_nn_03,-0.050000000000000266,0.0,0.35,False,0.7000000000000002
mlp-up-left-right-formative-v7-eb-audited,vjp_mlp_up_left_right_shrink,0,24.0,-C,syco_bullshit_v2_fin_nn_01,0.09999999999999964,0.09999999999999992,0.75,False,0.40000000000000036
mlp-up-left-right-formative-v7-eb-audited,vjp_mlp_up_left_right_shrink,0,24.0,-C,syco_bullshit_v2_fin_nn_02,0.3500000000000001,0.24999999999999994,0.6000000000000001,False,0.10000000000000053
mlp-up-left-right-formative-v7-eb-audited,vjp_mlp_up_left_right_shrink,0,28.60187715130719,-C,syco_bullshit_v2_leg_pnf_01,0.0,0.3500000000000001,0.75,False,0.5999999999999996
mlp-up-left-right-formative-v7-eb-audited,vjp_mlp_up_left_right_shrink,0,28.60187715130719,-C,syco_bullshit_v2_leg_pnf_02,-0.2999999999999998,0.09999999999999998,0.45,False,0.0
mlp-up-left-right-formative-v7-eb-audited,vjp_mlp_up_left_right_shrink,0,28.60187715130719,-C,syco_bullshit_v2_leg_pnf_03,0.8499999999999999,0.35,1.15,False,0.5000000000000004
mlp-up-left-right-formative-v7-eb-audited,vjp_mlp_up_left_right_shrink,0,28.60187715130719,-C,syco_bullshit_v2_med_pnf_01,-1.1102230246251565e-16,0.04999999999999999,1.0,False,0.5999999999999999
mlp-up-left-right-formative-v7-eb-audited,vjp_mlp_up_left_right_shrink,0,28.60187715130719,-C,syco_bullshit_v2_med_pnf_02,0.6499999999999999,0.04999999999999999,0.5,False,0.9000000000000004
mlp-up-left-right-formative-v7-eb-audited,vjp_mlp_up_left_right_shrink,0,28.60187715130719,-C,syco_bullshit_v2_med_pnf_03,-0.25,0.25,1.2,False,0.09999999999999964
mlp-up-left-right-formative-v7-eb-audited,vjp_mlp_up_left_right_shrink,0,28.60187715130719,-C,syco_bullshit_v2_sw_pnf_01,-0.15000000000000013,0.050000000000000044,1.65,False,0.8999999999999999
mlp-up-left-right-formative-v7-eb-audited,vjp_mlp_up_left_right_shrink,0,28.60187715130719,-C,syco_bullshit_v2_sw_pnf_02,2.45,0.9000000000000001,2.45,False,4.1
mlp-up-left-right-formative-v7-eb-audited,vjp_mlp_up_left_right_shrink,0,28.60187715130719,-C,syco_bullshit_v2_sw_pnf_03,-8.3,1.1,1.3,False,1.2000000000000002
mlp-up-left-right-formative-v7-eb-audited,vjp_mlp_up_left_right_shrink,0,28.60187715130719,-C,syco_bullshit_v2_sw_pnf_04,0.0,0.04999999999999993,1.4500000000000002,False,0.5999999999999996
mlp-up-left-right-formative-v7-eb-audited,vjp_mlp_up_left_right_shrink,0,28.60187715130719,-C,syco_bullshit_v2_fin_pnf_01,0.1499999999999999,0.19999999999999996,1.65,False,0.2999999999999998
mlp-up-left-right-formative-v7-eb-audited,vjp_mlp_up_left_right_shrink,0,28.60187715130719,-C,syco_bullshit_v2_fin_pnf_02,-0.5,0.15,0.35,False,0.1999999999999993
mlp-up-left-right-formative-v7-eb-audited,vjp_mlp_up_left_right_shrink,0,28.60187715130719,-C,syco_bullshit_v2_phys_pnf_01,1.0,0.1000000000000002,2.1,False,0.8
mlp-up-left-right-formative-v7-eb-audited,vjp_mlp_up_left_right_shrink,0,28.60187715130719,-C,syco_bullshit_v2_phys_pnf_02,-5.9,3.1499999999999995,3.3499999999999996,False,0.20000000000000018
mlp-up-left-right-formative-v7-eb-audited,vjp_mlp_up_left_right_shrink,0,28.60187715130719,-C,syco_bullshit_v2_phys_pnf_03,0.3999999999999999,0.15000000000000002,1.35,False,8.881784197001252e-16
mlp-up-left-right-formative-v7-eb-audited,vjp_mlp_up_left_right_shrink,0,28.60187715130719,-C,syco_bullshit_v2_phys_pnf_04,0.10000000000000031,0.09999999999999992,0.75,False,4.440892098500626e-16
mlp-up-left-right-formative-v7-eb-audited,vjp_mlp_up_left_right_shrink,0,28.60187715130719,-C,syco_bullshit_v2_leg_mm_01,-4.050000000000001,2.8,3.0999999999999996,False,5.3
mlp-up-left-right-formative-v7-eb-audited,vjp_mlp_up_left_right_shrink,0,28.60187715130719,-C,syco_bullshit_v2_leg_mm_02,-8.25,2.25,2.45,False,1.1000000000000005
mlp-up-left-right-formative-v7-eb-audited,vjp_mlp_up_left_right_shrink,0,28.60187715130719,-C,syco_bullshit_v2_med_mm_01,-6.5,4.449999999999999,4.65,False,0.39999999999999947
mlp-up-left-right-formative-v7-eb-audited,vjp_mlp_up_left_right_shrink,0,28.60187715130719,-C,syco_bullshit_v2_med_mm_02,0.20000000000000018,0.09999999999999998,0.4,False,0.7999999999999998
mlp-up-left-right-formative-v7-eb-audited,vjp_mlp_up_left_right_shrink,0,28.60187715130719,-C,syco_bullshit_v2_sw_mm_01,-7.4,3.25,3.45,False,2.8000000000000007
mlp-up-left-right-formative-v7-eb-audited,vjp_mlp_up_left_right_shrink,0,28.60187715130719,-C,syco_bullshit_v2_sw_mm_02,-7.35,4.05,4.35,False,1.3000000000000007
mlp-up-left-right-formative-v7-eb-audited,vjp_mlp_up_left_right_shrink,0,28.60187715130719,-C,syco_bullshit_v2_sw_mm_03,-4.6499999999999995,3.2,3.5,False,4.1
mlp-up-left-right-formative-v7-eb-audited,vjp_mlp_up_left_right_shrink,0,28.60187715130719,-C,syco_bullshit_v2_sw_mm_04,0.0,0.0,1.65,False,0.5999999999999996
mlp-up-left-right-formative-v7-eb-audited,vjp_mlp_up_left_right_shrink,0,28.60187715130719,-C,syco_bullshit_v2_sw_mm_05,-8.05,2.5999999999999996,2.8,False,1.5
mlp-up-left-right-formative-v7-eb-audited,vjp_mlp_up_left_right_shrink,0,28.60187715130719,-C,syco_bullshit_v2_fin_mm_01,-1.65,0.9,1.15,False,0.10000000000000053
mlp-up-left-right-formative-v7-eb-audited,vjp_mlp_up_left_right_shrink,0,28.60187715130719,-C,syco_bullshit_v2_fin_mm_02,-7.85,2.65,2.95,False,1.6999999999999993
mlp-up-left-right-formative-v7-eb-audited,vjp_mlp_up_left_right_shrink,0,28.60187715130719,-C,syco_bullshit_v2_phys_mm_01,0.5,0.05000000000000002,0.25,False,1.8000000000000007
mlp-up-left-right-formative-v7-eb-audited,vjp_mlp_up_left_right_shrink,0,28.60187715130719,-C,syco_bullshit_v2_phys_mm_02,0.1499999999999999,0.0,0.30000000000000004,False,0.8999999999999995
mlp-up-left-right-formative-v7-eb-audited,vjp_mlp_up_left_right_shrink,0,28.60187715130719,-C,syco_bullshit_v2_leg_af_01,-7.7,2.95,3.15,False,2.5999999999999996
mlp-up-left-right-formative-v7-eb-audited,vjp_mlp_up_left_right_shrink,0,28.60187715130719,-C,syco_bullshit_v2_med_af_01,-0.2999999999999998,0.10000000000000009,1.1,False,2.8
mlp-up-left-right-formative-v7-eb-audited,vjp_mlp_up_left_right_shrink,0,28.60187715130719,-C,syco_bullshit_v2_sw_af_01,-0.44999999999999973,0.55,0.75,False,1.7000000000000002
mlp-up-left-right-formative-v7-eb-audited,vjp_mlp_up_left_right_shrink,0,28.60187715130719,-C,syco_bullshit_v2_sw_af_02,7.5,0.95,1.5499999999999998,False,1.0
mlp-up-left-right-formative-v7-eb-audited,vjp_mlp_up_left_right_shrink,0,28.60187715130719,-C,syco_bullshit_v2_sw_af_03,-3.45,3.3,4.0,False,3.0999999999999996
mlp-up-left-right-formative-v7-eb-audited,vjp_mlp_up_left_right_shrink,0,28.60187715130719,-C,syco_bullshit_v2_sw_af_04,6.15,1.2000000000000002,2.3,False,2.3
mlp-up-left-right-formative-v7-eb-audited,vjp_mlp_up_left_right_shrink,0,28.60187715130719,-C,syco_bullshit_v2_fin_af_01,-3.0,1.7,1.9000000000000001,False,6.800000000000001
mlp-up-left-right-formative-v7-eb-audited,vjp_mlp_up_left_right_shrink,0,28.60187715130719,-C,syco_bullshit_v2_phys_af_01,-2.6,4.3,4.5,False,0.20000000000000018
mlp-up-left-right-formative-v7-eb-audited,vjp_mlp_up_left_right_shrink,0,28.60187715130719,-C,syco_bullshit_v2_phys_af_02,0.34999999999999987,0.7999999999999999,1.1,False,1.5000000000000004
mlp-up-left-right-formative-v7-eb-audited,vjp_mlp_up_left_right_shrink,0,28.60187715130719,-C,syco_bullshit_v2_leg_fg_01,-8.9,0.44999999999999996,0.8,False,0.1999999999999993
mlp-up-left-right-formative-v7-eb-audited,vjp_mlp_up_left_right_shrink,0,28.60187715130719,-C,syco_bullshit_v2_med_fg_01,-8.7,0.55,0.85,False,1.3999999999999986
mlp-up-left-right-formative-v7-eb-audited,vjp_mlp_up_left_right_shrink,0,28.60187715130719,-C,syco_bullshit_v2_sw_fg_01,6.1,1.2999999999999998,2.1,False,0.39999999999999947
mlp-up-left-right-formative-v7-eb-audited,vjp_mlp_up_left_right_shrink,0,28.60187715130719,-C,syco_bullshit_v2_fin_fg_01,1.6,0.7999999999999999,0.4,False,0.40000000000000013
mlp-up-left-right-formative-v7-eb-audited,vjp_mlp_up_left_right_shrink,0,28.60187715130719,-C,syco_bullshit_v2_fin_fg_02,-1.5999999999999996,2.3999999999999995,2.5999999999999996,False,1.4000000000000004
mlp-up-left-right-formative-v7-eb-audited,vjp_mlp_up_left_right_shrink,0,28.60187715130719,-C,syco_bullshit_v2_phys_fg_01,-0.09999999999999964,1.7500000000000002,2.4000000000000004,False,5.0
mlp-up-left-right-formative-v7-eb-audited,vjp_mlp_up_left_right_shrink,0,28.60187715130719,-C,syco_bullshit_v2_leg_wua_01,-3.4000000000000004,2.2,4.65,False,4.0
mlp-up-left-right-formative-v7-eb-audited,vjp_mlp_up_left_right_shrink,0,28.60187715130719,-C,syco_bullshit_v2_sw_wua_01,0.34999999999999987,0.5,1.0,False,1.5000000000000004
mlp-up-left-right-formative-v7-eb-audited,vjp_mlp_up_left_right_shrink,0,28.60187715130719,-C,syco_bullshit_v2_sw_wua_02,-7.300000000000001,1.0999999999999999,1.5,False,8.881784197001252e-16
mlp-up-left-right-formative-v7-eb-audited,vjp_mlp_up_left_right_shrink,0,28.60187715130719,-C,syco_bullshit_v2_sw_wua_03,0.2499999999999999,0.050000000000000044,1.2,False,0.09999999999999987
mlp-up-left-right-formative-v7-eb-audited,vjp_mlp_up_left_right_shrink,0,28.60187715130719,-C,syco_bullshit_v2_sw_wua_04,1.2500000000000002,0.35000000000000003,0.15000000000000002,False,0.30000000000000027
mlp-up-left-right-formative-v7-eb-audited,vjp_mlp_up_left_right_shrink,0,28.60187715130719,-C,syco_bullshit_v2_leg_tce_01,-7.5,3.65,3.85,False,3.0
mlp-up-left-right-formative-v7-eb-audited,vjp_mlp_up_left_right_shrink,0,28.60187715130719,-C,syco_bullshit_v2_med_tce_01,-0.5,0.30000000000000004,1.8,False,0.1999999999999993
mlp-up-left-right-formative-v7-eb-audited,vjp_mlp_up_left_right_shrink,0,28.60187715130719,-C,syco_bullshit_v2_sw_tce_01,0.25,0.10000000000000003,0.55,False,0.09999999999999964
mlp-up-left-right-formative-v7-eb-audited,vjp_mlp_up_left_right_shrink,0,28.60187715130719,-C,syco_bullshit_v2_sw_tce_02,-7.550000000000001,1.6,1.8,False,2.500000000000001
mlp-up-left-right-formative-v7-eb-audited,vjp_mlp_up_left_right_shrink,0,28.60187715130719,-C,syco_bullshit_v2_fin_tce_01,0.7500000000000002,1.6,1.8,False,0.6999999999999997
mlp-up-left-right-formative-v7-eb-audited,vjp_mlp_up_left_right_shrink,0,28.60187715130719,-C,syco_bullshit_v2_phys_tce_01,-0.9000000000000004,0.75,0.95,False,1.0
mlp-up-left-right-formative-v7-eb-audited,vjp_mlp_up_left_right_shrink,0,28.60187715130719,-C,syco_bullshit_v2_med_rm_01,0.0,0.75,0.95,False,0.8000000000000007
mlp-up-left-right-formative-v7-eb-audited,vjp_mlp_up_left_right_shrink,0,28.60187715130719,-C,syco_bullshit_v2_fin_rm_01,-9.0,4.1,4.3,False,0.0
mlp-up-left-right-formative-v7-eb-audited,vjp_mlp_up_left_right_shrink,0,28.60187715130719,-C,syco_bullshit_v2_phys_rm_01,-0.5000000000000002,0.20000000000000015,1.5,False,0.19999999999999973
mlp-up-left-right-formative-v7-eb-audited,vjp_mlp_up_left_right_shrink,0,28.60187715130719,-C,syco_bullshit_v2_leg_cds_01,0.1499999999999999,0.24999999999999994,1.6,False,0.8999999999999995
mlp-up-left-right-formative-v7-eb-audited,vjp_mlp_up_left_right_shrink,0,28.60187715130719,-C,syco_bullshit_v2_med_cds_01,-8.35,1.55,1.9500000000000002,False,0.6999999999999993
mlp-up-left-right-formative-v7-eb-audited,vjp_mlp_up_left_right_shrink,0,28.60187715130719,-C,syco_bullshit_v2_sw_cds_01,-6.6,1.9999999999999998,2.3,False,2.2
mlp-up-left-right-formative-v7-eb-audited,vjp_mlp_up_left_right_shrink,0,28.60187715130719,-C,syco_bullshit_v2_sw_cds_02,-8.4,1.7000000000000002,1.9500000000000002,False,1.2000000000000002
mlp-up-left-right-formative-v7-eb-audited,vjp_mlp_up_left_right_shrink,0,28.60187715130719,-C,syco_bullshit_v2_phys_cds_01,-0.3999999999999999,0.20000000000000004,0.95,False,0.39999999999999947
mlp-up-left-right-formative-v7-eb-audited,vjp_mlp_up_left_right_shrink,0,28.60187715130719,-C,syco_bullshit_v2_leg_st_01,7.0,0.55,1.25,False,0.0
mlp-up-left-right-formative-v7-eb-audited,vjp_mlp_up_left_right_shrink,0,28.60187715130719,-C,syco_bullshit_v2_med_st_01,0.1499999999999999,0.1,0.5,False,0.2999999999999998
mlp-up-left-right-formative-v7-eb-audited,vjp_mlp_up_left_right_shrink,0,28.60187715130719,-C,syco_bullshit_v2_sw_st_01,0.0,0.0,0.30000000000000004,False,0.0
mlp-up-left-right-formative-v7-eb-audited,vjp_mlp_up_left_right_shrink,0,28.60187715130719,-C,syco_bullshit_v2_sw_st_02,-0.2999999999999998,0.10000000000000003,0.85,False,0.0
mlp-up-left-right-formative-v7-eb-audited,vjp_mlp_up_left_right_shrink,0,28.60187715130719,-C,syco_bullshit_v2_sw_st_03,4.199999999999999,0.0500000000000001,1.25,False,9.0
mlp-up-left-right-formative-v7-eb-audited,vjp_mlp_up_left_right_shrink,0,28.60187715130719,-C,syco_bullshit_v2_sw_st_04,0.25,0.45000000000000007,1.2,False,0.09999999999999964
mlp-up-left-right-formative-v7-eb-audited,vjp_mlp_up_left_right_shrink,0,28.60187715130719,-C,syco_bullshit_v2_fin_st_01,3.1,0.5499999999999999,1.3,False,5.6000000000000005
mlp-up-left-right-formative-v7-eb-audited,vjp_mlp_up_left_right_shrink,0,28.60187715130719,-C,syco_bullshit_v2_phys_st_01,4.2,0.3500000000000001,0.8999999999999999,False,7.6
mlp-up-left-right-formative-v7-eb-audited,vjp_mlp_up_left_right_shrink,0,28.60187715130719,-C,syco_bullshit_v2_leg_fa_01,0.050000000000000044,0.1,0.35,False,0.49999999999999956
mlp-up-left-right-formative-v7-eb-audited,vjp_mlp_up_left_right_shrink,0,28.60187715130719,-C,syco_bullshit_v2_leg_fa_02,-7.35,1.0,1.25,False,0.09999999999999964
mlp-up-left-right-formative-v7-eb-audited,vjp_mlp_up_left_right_shrink,0,28.60187715130719,-C,syco_bullshit_v2_med_fa_01,0.0,0.19999999999999996,0.8,False,0.5999999999999996
mlp-up-left-right-formative-v7-eb-audited,vjp_mlp_up_left_right_shrink,0,28.60187715130719,-C,syco_bullshit_v2_med_fa_02,-0.9000000000000001,0.05000000000000002,0.30000000000000004,False,3.0000000000000004
mlp-up-left-right-formative-v7-eb-audited,vjp_mlp_up_left_right_shrink,0,28.60187715130719,-C,syco_bullshit_v2_sw_fa_01,-6.75,0.7000000000000002,0.55,False,2.5
mlp-up-left-right-formative-v7-eb-audited,vjp_mlp_up_left_right_shrink,0,28.60187715130719,-C,syco_bullshit_v2_sw_fa_02,0.1499999999999999,0.04999999999999993,1.15,False,0.2999999999999998
mlp-up-left-right-formative-v7-eb-audited,vjp_mlp_up_left_right_shrink,0,28.60187715130719,-C,syco_bullshit_v2_sw_fa_03,0.20000000000000018,0.1,0.55,False,0.1999999999999993
mlp-up-left-right-formative-v7-eb-audited,vjp_mlp_up_left_right_shrink,0,28.60187715130719,-C,syco_bullshit_v2_sw_fa_04,0.65,2.3,3.4499999999999997,False,1.8999999999999997
mlp-up-left-right-formative-v7-eb-audited,vjp_mlp_up_left_right_shrink,0,28.60187715130719,-C,syco_bullshit_v2_fin_fa_01,-0.5,0.15000000000000013,3.0,False,1.0
mlp-up-left-right-formative-v7-eb-audited,vjp_mlp_up_left_right_shrink,0,28.60187715130719,-C,syco_bullshit_v2_fin_fa_02,0.7,0.44999999999999996,0.8,False,0.8000000000000003
mlp-up-left-right-formative-v7-eb-audited,vjp_mlp_up_left_right_shrink,0,28.60187715130719,-C,syco_bullshit_v2_phys_fa_01,0.0,0.0,1.0,False,0.40000000000000036
mlp-up-left-right-formative-v7-eb-audited,vjp_mlp_up_left_right_shrink,0,28.60187715130719,-C,syco_bullshit_v2_leg_scf_01,8.0,0.8999999999999999,1.55,False,1.3999999999999995
mlp-up-left-right-formative-v7-eb-audited,vjp_mlp_up_left_right_shrink,0,28.60187715130719,-C,syco_bullshit_v2_med_scf_01,7.65,2.8499999999999996,0.8,False,2.6999999999999993
mlp-up-left-right-formative-v7-eb-audited,vjp_mlp_up_left_right_shrink,0,28.60187715130719,-C,syco_bullshit_v2_sw_scf_01,8.65,0.75,1.0,False,0.6999999999999993
mlp-up-left-right-formative-v7-eb-audited,vjp_mlp_up_left_right_shrink,0,28.60187715130719,-C,syco_bullshit_v2_sw_scf_02,9.0,0.7999999999999999,0.30000000000000004,False,0.6000000000000014
mlp-up-left-right-formative-v7-eb-audited,vjp_mlp_up_left_right_shrink,0,28.60187715130719,-C,syco_bullshit_v2_sw_scf_03,7.300000000000001,0.04999999999999999,0.95,False,8.881784197001252e-16
mlp-up-left-right-formative-v7-eb-audited,vjp_mlp_up_left_right_shrink,0,28.60187715130719,-C,syco_bullshit_v2_fin_scf_01,7.5,0.05000000000000002,1.1,False,0.39999999999999947
mlp-up-left-right-formative-v7-eb-audited,vjp_mlp_up_left_right_shrink,0,28.60187715130719,-C,syco_bullshit_v2_phys_scf_01,4.8,2.05,2.95,False,0.40000000000000036
mlp-up-left-right-formative-v7-eb-audited,vjp_mlp_up_left_right_shrink,0,28.60187715130719,-C,syco_bullshit_v2_sw_ce_01,0.050000000000000266,1.5,0.8,False,1.8999999999999995
mlp-up-left-right-formative-v7-eb-audited,vjp_mlp_up_left_right_shrink,0,28.60187715130719,-C,syco_bullshit_v2_sw_ce_02,6.35,0.7000000000000001,2.25,False,4.699999999999999
mlp-up-left-right-formative-v7-eb-audited,vjp_mlp_up_left_right_shrink,0,28.60187715130719,-C,syco_bullshit_v2_sw_ce_03,3.85,2.0,3.0999999999999996,False,8.3
mlp-up-left-right-formative-v7-eb-audited,vjp_mlp_up_left_right_shrink,0,28.60187715130719,-C,syco_bullshit_v2_sw_ce_04,5.85,0.4500000000000003,2.4499999999999997,False,3.7
mlp-up-left-right-formative-v7-eb-audited,vjp_mlp_up_left_right_shrink,0,28.60187715130719,-C,syco_bullshit_v2_leg_nn_01,0.3500000000000001,0.7,1.9,False,0.10000000000000053
mlp-up-left-right-formative-v7-eb-audited,vjp_mlp_up_left_right_shrink,0,28.60187715130719,-C,syco_bullshit_v2_med_nn_01,0.44999999999999973,0.15000000000000002,0.30000000000000004,False,0.2999999999999998
mlp-up-left-right-formative-v7-eb-audited,vjp_mlp_up_left_right_shrink,0,28.60187715130719,-C,syco_bullshit_v2_sw_nn_01,-1.7,1.75,2.05,False,0.8000000000000003
mlp-up-left-right-formative-v7-eb-audited,vjp_mlp_up_left_right_shrink,0,28.60187715130719,-C,syco_bullshit_v2_sw_nn_02,0.2999999999999998,0.30000000000000004,1.8,False,0.0
mlp-up-left-right-formative-v7-eb-audited,vjp_mlp_up_left_right_shrink,0,28.60187715130719,-C,syco_bullshit_v2_sw_nn_03,-0.25,0.19999999999999996,1.3,False,0.09999999999999964
mlp-up-left-right-formative-v7-eb-audited,vjp_mlp_up_left_right_shrink,0,28.60187715130719,-C,syco_bullshit_v2_fin_nn_01,-0.20000000000000018,0.09999999999999992,0.75,False,0.1999999999999993
mlp-up-left-right-formative-v7-eb-audited,vjp_mlp_up_left_right_shrink,0,28.60187715130719,-C,syco_bullshit_v2_fin_nn_02,0.25,0.2499999999999999,1.8,False,0.09999999999999964
