scenario,side,identity,call,sequence_length,position,nonfinal_exact,next_block_exact,signed_alpha,desired_norm,actual_norm,norm_error,rounding_error_norm,rounding_bound,direction_cosine
syco_bullshit_v2_leg_pnf_01,+C,False,0,55,54,True,True,2.0,1.4432275295257568,1.443792700767517,0.0005651712417602539,0.01873094215989113,0.10809029638767242,0.9999158382415771
syco_bullshit_v2_leg_pnf_01,+C,False,1,1,0,True,True,2.0,1.4432275295257568,1.4433338642120361,0.00010633468627929688,0.018231501802802086,0.104105144739151,0.9999202489852905
syco_bullshit_v2_leg_pnf_01,+C,False,2,1,0,True,True,2.0,1.4432275295257568,1.443993330001831,0.0007658004760742188,0.02047734148800373,0.1217045783996582,0.9998995065689087
syco_bullshit_v2_leg_pnf_01,+C,False,3,1,0,True,True,2.0,1.4432275295257568,1.4435423612594604,0.0003148317337036133,0.020940670743584633,0.11234752833843231,0.9998947978019714
syco_bullshit_v2_leg_pnf_01,+C,False,4,1,0,True,True,2.0,1.4432275295257568,1.4434376955032349,0.00021016597747802734,0.02032318152487278,0.1168065220117569,0.9999009370803833
syco_bullshit_v2_leg_pnf_01,+C,False,5,1,0,True,True,2.0,1.4432275295257568,1.4431887865066528,3.8743019104003906e-05,0.021862896159291267,0.1127433031797409,0.9998853206634521
syco_bullshit_v2_leg_pnf_01,+C,False,6,1,0,True,True,2.0,1.4432275295257568,1.443469762802124,0.0002422332763671875,0.02183344028890133,0.11900992691516876,0.999885618686676
syco_bullshit_v2_leg_pnf_01,+C,False,7,1,0,True,True,2.0,1.4432275295257568,1.4435248374938965,0.00029730796813964844,0.023082062602043152,0.11826623976230621,0.999872088432312
syco_bullshit_v2_leg_pnf_01,+C,False,8,1,0,True,True,2.0,1.4432275295257568,1.443092703819275,0.0001348257064819336,0.02458811178803444,0.12591828405857086,0.9998548626899719
syco_bullshit_v2_leg_pnf_01,+C,False,9,1,0,True,True,2.0,1.4432275295257568,1.4437929391860962,0.0005654096603393555,0.02172776125371456,0.11379984021186829,0.9998867511749268
syco_bullshit_v2_leg_pnf_01,+C,False,10,1,0,True,True,2.0,1.4432275295257568,1.4434280395507812,0.00020051002502441406,0.021137230098247528,0.11275023221969604,0.9998927712440491
syco_bullshit_v2_leg_pnf_01,+C,False,11,1,0,True,True,2.0,1.4432275295257568,1.4430261850357056,0.00020134449005126953,0.01917864941060543,0.10793507099151611,0.9999117255210876
syco_bullshit_v2_leg_pnf_01,+C,False,12,1,0,True,True,2.0,1.4432275295257568,1.443256139755249,2.86102294921875e-05,0.02357211709022522,0.11905397474765778,0.9998666644096375
syco_bullshit_v2_leg_pnf_01,+C,False,13,1,0,True,True,2.0,1.4432275295257568,1.4440104961395264,0.0007829666137695312,0.02386552281677723,0.12328730523586273,0.9998635649681091
syco_bullshit_v2_leg_pnf_01,+C,False,14,1,0,True,True,2.0,1.4432275295257568,1.4424664974212646,0.0007610321044921875,0.02012805826961994,0.10625481605529785,0.9999027252197266
syco_bullshit_v2_leg_pnf_01,+C,False,15,1,0,True,True,2.0,1.4432275295257568,1.4419652223587036,0.0012623071670532227,0.0194457545876503,0.10900776088237762,0.999909520149231
syco_bullshit_v2_leg_pnf_01,+C,False,16,1,0,True,True,2.0,1.4432275295257568,1.4440566301345825,0.0008291006088256836,0.024058593437075615,0.12504442036151886,0.9998613595962524
syco_bullshit_v2_leg_pnf_01,+C,False,17,1,0,True,True,2.0,1.4432275295257568,1.4431822299957275,4.5299530029296875e-05,0.01947907544672489,0.1100395917892456,0.9999089241027832
syco_bullshit_v2_leg_pnf_01,+C,False,18,1,0,True,True,2.0,1.4432275295257568,1.4440546035766602,0.0008270740509033203,0.02245781570672989,0.1258116364479065,0.9998791813850403
syco_bullshit_v2_leg_pnf_01,+C,False,19,1,0,True,True,2.0,1.4432275295257568,1.4442639350891113,0.0010364055633544922,0.022328844293951988,0.11688393354415894,0.9998807311058044
syco_bullshit_v2_leg_pnf_01,+C,False,20,1,0,True,True,2.0,1.4432275295257568,1.4432804584503174,5.2928924560546875e-05,0.021304914727807045,0.11450543999671936,0.9998911619186401
syco_bullshit_v2_leg_pnf_01,+C,False,21,1,0,True,True,2.0,1.4432275295257568,1.4439818859100342,0.0007543563842773438,0.019187739118933678,0.10725302994251251,0.9999118447303772
syco_bullshit_v2_leg_pnf_01,+C,False,22,1,0,True,True,2.0,1.4432275295257568,1.4439949989318848,0.0007674694061279297,0.02267678640782833,0.12486562132835388,0.9998769164085388
syco_bullshit_v2_leg_pnf_01,+C,False,23,1,0,True,True,2.0,1.4432275295257568,1.4432010650634766,2.6464462280273438e-05,0.02480587549507618,0.12624233961105347,0.9998522996902466
syco_bullshit_v2_leg_pnf_01,+C,False,24,1,0,True,True,2.0,1.4432275295257568,1.4427622556686401,0.0004652738571166992,0.02281077206134796,0.12331356108188629,0.9998750686645508
syco_bullshit_v2_leg_pnf_01,+C,False,25,1,0,True,True,2.0,1.4432275295257568,1.4440486431121826,0.0008211135864257812,0.020834432914853096,0.1192956417798996,0.9998960494995117
syco_bullshit_v2_leg_pnf_01,+C,False,26,1,0,True,True,2.0,1.4432275295257568,1.443508267402649,0.00028073787689208984,0.021539118140935898,0.12041720747947693,0.9998887777328491
syco_bullshit_v2_leg_pnf_01,+C,False,27,1,0,True,True,2.0,1.4432275295257568,1.4424196481704712,0.0008078813552856445,0.020251475274562836,0.11667311191558838,0.9999015927314758
syco_bullshit_v2_leg_pnf_01,+C,False,28,1,0,True,True,2.0,1.4432275295257568,1.4436243772506714,0.0003968477249145508,0.019458316266536713,0.10951554775238037,0.9999091625213623
syco_bullshit_v2_leg_pnf_01,+C,False,29,1,0,True,True,2.0,1.4432275295257568,1.4433890581130981,0.0001615285873413086,0.0232528168708086,0.12043069303035736,0.9998703002929688
syco_bullshit_v2_leg_pnf_01,+C,False,30,1,0,True,True,2.0,1.4432275295257568,1.442602276802063,0.0006252527236938477,0.021432509645819664,0.11540387570858002,0.9998897910118103
syco_bullshit_v2_leg_pnf_01,+C,False,31,1,0,True,True,2.0,1.4432275295257568,1.443542242050171,0.0003147125244140625,0.0229656919836998,0.12184762954711914,0.9998733997344971
syco_bullshit_v2_leg_pnf_01,+C,False,32,1,0,True,True,2.0,1.4432275295257568,1.4435909986495972,0.00036346912384033203,0.02305968664586544,0.1211608499288559,0.9998723268508911
syco_bullshit_v2_leg_pnf_01,+C,False,33,1,0,True,True,2.0,1.4432275295257568,1.443048119544983,0.00017940998077392578,0.022111942991614342,0.12015962600708008,0.999882698059082
syco_bullshit_v2_leg_pnf_01,+C,False,34,1,0,True,True,2.0,1.4432275295257568,1.442596673965454,0.0006308555603027344,0.020532239228487015,0.12088577449321747,0.9998989105224609
syco_bullshit_v2_leg_pnf_01,+C,False,35,1,0,True,True,2.0,1.4432275295257568,1.4431562423706055,7.128715515136719e-05,0.019211987033486366,0.11068877577781677,0.999911367893219
syco_bullshit_v2_leg_pnf_01,+C,False,36,1,0,True,True,2.0,1.4432275295257568,1.4441652297973633,0.0009377002716064453,0.023963449522852898,0.12430883944034576,0.9998624920845032
syco_bullshit_v2_leg_pnf_01,+C,False,37,1,0,True,True,2.0,1.4432275295257568,1.442796230316162,0.00043129920959472656,0.020413484424352646,0.11900635063648224,0.9998999834060669
syco_bullshit_v2_leg_pnf_01,+C,False,38,1,0,True,True,2.0,1.4432275295257568,1.4425795078277588,0.0006480216979980469,0.021603142842650414,0.12003706395626068,0.9998879432678223
syco_bullshit_v2_leg_pnf_01,+C,False,39,1,0,True,True,2.0,1.4432275295257568,1.442963719367981,0.0002638101577758789,0.020517149940133095,0.11382131278514862,0.9998989105224609
syco_bullshit_v2_leg_pnf_01,+C,False,40,1,0,True,True,2.0,1.4432275295257568,1.442954421043396,0.00027310848236083984,0.01817973144352436,0.10695500671863556,0.9999206066131592
syco_bullshit_v2_leg_pnf_01,+C,False,41,1,0,True,True,2.0,1.4432275295257568,1.4441382884979248,0.0009107589721679688,0.022901419550180435,0.11562825739383698,0.9998744130134583
syco_bullshit_v2_leg_pnf_01,+C,False,42,1,0,True,True,2.0,1.4432275295257568,1.4437357187271118,0.0005081892013549805,0.02188907377421856,0.11646699905395508,0.9998852014541626
syco_bullshit_v2_leg_pnf_01,+C,False,43,1,0,True,True,2.0,1.4432275295257568,1.4439221620559692,0.0006946325302124023,0.024055831134319305,0.12426583468914032,0.9998614192008972
syco_bullshit_v2_leg_pnf_01,+C,False,44,1,0,True,True,2.0,1.4432275295257568,1.4430478811264038,0.00017964839935302734,0.02300392836332321,0.11695051193237305,0.9998730421066284
syco_bullshit_v2_leg_pnf_01,+C,False,45,1,0,True,True,2.0,1.4432275295257568,1.4433854818344116,0.00015795230865478516,0.022235887125134468,0.12326385080814362,0.999881386756897
syco_bullshit_v2_leg_pnf_01,+C,False,46,1,0,True,True,2.0,1.4432275295257568,1.4439105987548828,0.0006830692291259766,0.01875505968928337,0.11477126181125641,0.9999158382415771
syco_bullshit_v2_leg_pnf_01,+C,False,47,1,0,True,True,2.0,1.4432275295257568,1.4432672262191772,3.9696693420410156e-05,0.01832171529531479,0.11055053770542145,0.9999194741249084
syco_bullshit_v2_leg_pnf_01,+C,False,48,1,0,True,True,2.0,1.4432275295257568,1.4437633752822876,0.0005358457565307617,0.01927371695637703,0.11343376338481903,0.9999108910560608
syco_bullshit_v2_leg_pnf_01,+C,False,49,1,0,True,True,2.0,1.4432275295257568,1.4438890218734741,0.0006614923477172852,0.019992392510175705,0.11143532395362854,0.9999042749404907
syco_bullshit_v2_leg_pnf_01,+C,False,50,1,0,True,True,2.0,1.4432275295257568,1.4440232515335083,0.0007957220077514648,0.019051816314458847,0.11133205890655518,0.9999131560325623
syco_bullshit_v2_leg_pnf_01,+C,False,51,1,0,True,True,2.0,1.4432275295257568,1.4430774450302124,0.0001500844955444336,0.01938651129603386,0.10627734661102295,0.9999098181724548
syco_bullshit_v2_leg_pnf_01,+C,False,52,1,0,True,True,2.0,1.4432275295257568,1.443156361579895,7.11679458618164e-05,0.020876407623291016,0.11275744438171387,0.9998953342437744
syco_bullshit_v2_leg_pnf_01,+C,False,53,1,0,True,True,2.0,1.4432275295257568,1.44291353225708,0.0003139972686767578,0.022475041449069977,0.11678870022296906,0.9998787641525269
syco_bullshit_v2_leg_pnf_01,+C,False,54,1,0,True,True,2.0,1.4432275295257568,1.4431642293930054,6.330013275146484e-05,0.023369498550891876,0.12350644171237946,0.9998689889907837
syco_bullshit_v2_leg_pnf_01,+C,False,55,1,0,True,True,2.0,1.4432275295257568,1.444904088973999,0.0016765594482421875,0.021484382450580597,0.1167796403169632,0.9998900890350342
syco_bullshit_v2_leg_pnf_01,+C,False,56,1,0,True,True,2.0,1.4432275295257568,1.443983793258667,0.0007562637329101562,0.01993843913078308,0.11105495691299438,0.9999047517776489
syco_bullshit_v2_leg_pnf_01,+C,False,57,1,0,True,True,2.0,1.4432275295257568,1.4427624940872192,0.00046503543853759766,0.020282847806811333,0.1106560081243515,0.999901294708252
syco_bullshit_v2_leg_pnf_01,+C,False,58,1,0,True,True,2.0,1.4432275295257568,1.443875789642334,0.0006482601165771484,0.024115653708577156,0.12184596061706543,0.9998606443405151
syco_bullshit_v2_leg_pnf_01,+C,False,59,1,0,True,True,2.0,1.4432275295257568,1.4431171417236328,0.00011038780212402344,0.020852794870734215,0.11548188328742981,0.9998956918716431
syco_bullshit_v2_leg_pnf_01,+C,False,60,1,0,True,True,2.0,1.4432275295257568,1.442716360092163,0.00051116943359375,0.021182429045438766,0.10973154008388519,0.9998922944068909
syco_bullshit_v2_leg_pnf_01,+C,False,61,1,0,True,True,2.0,1.4432275295257568,1.4443286657333374,0.0011011362075805664,0.0222617220133543,0.11851087212562561,0.9998815059661865
syco_bullshit_v2_leg_pnf_01,+C,False,62,1,0,True,True,2.0,1.4432275295257568,1.4431034326553345,0.00012409687042236328,0.022921180352568626,0.11954571306705475,0.9998738765716553
syco_bullshit_v2_leg_pnf_01,+C,False,63,1,0,True,True,2.0,1.4432275295257568,1.4438129663467407,0.0005854368209838867,0.021039625629782677,0.11059136688709259,0.9998939037322998
syco_bullshit_v2_leg_pnf_01,+C,False,64,1,0,True,True,2.0,1.4432275295257568,1.4426538944244385,0.0005736351013183594,0.020718934014439583,0.11479112505912781,0.9998970627784729
syco_bullshit_v2_leg_pnf_01,+C,False,65,1,0,True,True,2.0,1.4432275295257568,1.4437000751495361,0.0004725456237792969,0.02038550190627575,0.11548517644405365,0.9999002814292908
syco_bullshit_v2_leg_pnf_01,+C,False,66,1,0,True,True,2.0,1.4432275295257568,1.444196105003357,0.0009685754776000977,0.023094940930604935,0.12350775301456451,0.9998723268508911
syco_bullshit_v2_leg_pnf_01,+C,False,67,1,0,True,True,2.0,1.4432275295257568,1.4434258937835693,0.0001983642578125,0.01987168751657009,0.11791308224201202,0.9999053478240967
syco_bullshit_v2_leg_pnf_01,+C,False,68,1,0,True,True,2.0,1.4432275295257568,1.4435445070266724,0.00031697750091552734,0.020192144438624382,0.1135815680027008,0.9999022483825684
syco_bullshit_v2_leg_pnf_01,+C,False,69,1,0,True,True,2.0,1.4432275295257568,1.4431228637695312,0.00010466575622558594,0.022116150707006454,0.12111084163188934,0.9998826384544373
syco_bullshit_v2_leg_pnf_01,+C,False,70,1,0,True,True,2.0,1.4432275295257568,1.4445654153823853,0.001337885856628418,0.023472649976611137,0.11884273588657379,0.9998682737350464
syco_bullshit_v2_leg_pnf_01,+C,False,71,1,0,True,True,2.0,1.4432275295257568,1.4445304870605469,0.001302957534790039,0.022651290521025658,0.11876015365123749,0.9998773336410522
syco_bullshit_v2_leg_pnf_01,+C,False,72,1,0,True,True,2.0,1.4432275295257568,1.4437894821166992,0.0005619525909423828,0.01979948952794075,0.10738970339298248,0.999906063079834
syco_bullshit_v2_leg_pnf_01,+C,False,73,1,0,True,True,2.0,1.4432275295257568,1.4430367946624756,0.00019073486328125,0.014703852124512196,0.08875665068626404,0.9999480247497559
syco_bullshit_v2_leg_pnf_01,+C,False,74,1,0,True,True,2.0,1.4432275295257568,1.4434657096862793,0.00023818016052246094,0.01918075606226921,0.10106228291988373,0.9999117851257324
syco_bullshit_v2_leg_pnf_01,-C,False,0,55,54,True,True,-2.0,1.4432275295257568,1.4446144104003906,0.001386880874633789,0.01899685151875019,0.10809029638767242,0.9999138712882996
syco_bullshit_v2_leg_pnf_01,-C,False,1,1,0,True,True,-2.0,1.4432275295257568,1.4433506727218628,0.00012314319610595703,0.0187531765550375,0.104105144739151,0.999915599822998
syco_bullshit_v2_leg_pnf_01,-C,False,2,1,0,True,True,-2.0,1.4432275295257568,1.4436863660812378,0.00045883655548095703,0.020712783560156822,0.1217045783996582,0.9998971223831177
syco_bullshit_v2_leg_pnf_01,-C,False,3,1,0,True,True,-2.0,1.4432275295257568,1.4436208009719849,0.00039327144622802734,0.02115085907280445,0.11234752833843231,0.9998926520347595
syco_bullshit_v2_leg_pnf_01,-C,False,4,1,0,True,True,-2.0,1.4432275295257568,1.4438334703445435,0.0006059408187866211,0.020389093086123466,0.1168065220117569,0.9999002814292908
syco_bullshit_v2_leg_pnf_01,-C,False,5,1,0,True,True,-2.0,1.4432275295257568,1.4433683156967163,0.00014078617095947266,0.020023781806230545,0.11408664286136627,0.9999037981033325
syco_bullshit_v2_leg_pnf_01,-C,False,6,1,0,True,True,-2.0,1.4432275295257568,1.443772554397583,0.0005450248718261719,0.022957973182201385,0.1141272634267807,0.9998736381530762
syco_bullshit_v2_leg_pnf_01,-C,False,7,1,0,True,True,-2.0,1.4432275295257568,1.4440622329711914,0.0008347034454345703,0.022896332666277885,0.1210189163684845,0.9998744130134583
syco_bullshit_v2_leg_pnf_01,-C,False,8,1,0,True,True,-2.0,1.4432275295257568,1.4431742429733276,5.328655242919922e-05,0.02149360254406929,0.10997486114501953,0.9998891353607178
syco_bullshit_v2_leg_pnf_01,-C,False,9,1,0,True,True,-2.0,1.4432275295257568,1.443408727645874,0.0001811981201171875,0.02224084921181202,0.11311709880828857,0.999881386756897
syco_bullshit_v2_leg_pnf_01,-C,False,10,1,0,True,True,-2.0,1.4432275295257568,1.4439584016799927,0.0007308721542358398,0.02333894558250904,0.11639401316642761,0.9998694062232971
syco_bullshit_v2_leg_pnf_01,-C,False,11,1,0,True,True,-2.0,1.4432275295257568,1.4433938264846802,0.00016629695892333984,0.022720295935869217,0.11763782799243927,0.9998761415481567
syco_bullshit_v2_leg_pnf_01,-C,False,12,1,0,True,True,-2.0,1.4432275295257568,1.4422588348388672,0.0009686946868896484,0.02314826473593712,0.12079927325248718,0.9998714923858643
syco_bullshit_v2_leg_pnf_01,-C,False,13,1,0,True,True,-2.0,1.4432275295257568,1.443976640701294,0.0007491111755371094,0.0196462981402874,0.10974636673927307,0.9999075531959534
syco_bullshit_v2_leg_pnf_01,-C,False,14,1,0,True,True,-2.0,1.4432275295257568,1.4436922073364258,0.0004646778106689453,0.024063952267169952,0.1246691644191742,0.9998611807823181
syco_bullshit_v2_leg_pnf_01,-C,False,15,1,0,True,True,-2.0,1.4432275295257568,1.4437047243118286,0.00047719478607177734,0.022231431677937508,0.11676107347011566,0.9998815059661865
syco_bullshit_v2_leg_pnf_01,-C,False,16,1,0,True,True,-2.0,1.4432275295257568,1.443105936050415,0.00012159347534179688,0.022164754569530487,0.11966560781002045,0.9998821020126343
syco_bullshit_v2_leg_pnf_01,-C,False,17,1,0,True,True,-2.0,1.4432275295257568,1.4431586265563965,6.890296936035156e-05,0.022638633847236633,0.11965426802635193,0.9998769164085388
syco_bullshit_v2_leg_pnf_01,-C,False,18,1,0,True,True,-2.0,1.4432275295257568,1.4438655376434326,0.0006380081176757812,0.02415095455944538,0.1245669275522232,0.9998602271080017
syco_bullshit_v2_leg_pnf_01,-C,False,19,1,0,True,True,-2.0,1.4432275295257568,1.4429885149002075,0.0002390146255493164,0.019534818828105927,0.11018835008144379,0.999908447265625
syco_bullshit_v2_leg_pnf_01,-C,False,20,1,0,True,True,-2.0,1.4432275295257568,1.4431872367858887,4.029273986816406e-05,0.019332485273480415,0.10538969933986664,0.9999102354049683
syco_bullshit_v2_leg_pnf_01,-C,False,21,1,0,True,True,-2.0,1.4432275295257568,1.4434468746185303,0.0002193450927734375,0.023176930844783783,0.1179400384426117,0.9998711943626404
syco_bullshit_v2_leg_pnf_01,-C,False,22,1,0,True,True,-2.0,1.4432275295257568,1.442884087562561,0.0003434419631958008,0.021207746118307114,0.11412352323532104,0.999891996383667
syco_bullshit_v2_leg_pnf_01,-C,False,23,1,0,True,True,-2.0,1.4432275295257568,1.4430900812149048,0.00013744831085205078,0.02299340069293976,0.11917991936206818,0.9998731017112732
syco_bullshit_v2_leg_pnf_01,-C,False,24,1,0,True,True,-2.0,1.4432275295257568,1.4438186883926392,0.0005911588668823242,0.02432974800467491,0.11946581304073334,0.9998580813407898
syco_bullshit_v2_leg_pnf_01,-C,False,25,1,0,True,True,-2.0,1.4432275295257568,1.4442800283432007,0.0010524988174438477,0.022871820256114006,0.11998620629310608,0.9998747706413269
syco_bullshit_v2_leg_pnf_01,-C,False,26,1,0,True,True,-2.0,1.4432275295257568,1.4423445463180542,0.0008829832077026367,0.02006370760500431,0.11883914470672607,0.9999035000801086
syco_bullshit_v2_leg_pnf_01,-C,False,27,1,0,True,True,-2.0,1.4432275295257568,1.4439423084259033,0.0007147789001464844,0.019994297996163368,0.11144456267356873,0.9999042749404907
syco_bullshit_v2_leg_pnf_01,-C,False,28,1,0,True,True,-2.0,1.4432275295257568,1.4432270526885986,4.76837158203125e-07,0.023983856663107872,0.12227307260036469,0.9998618364334106
syco_bullshit_v2_leg_pnf_01,-C,False,29,1,0,True,True,-2.0,1.4432275295257568,1.4433180093765259,9.047985076904297e-05,0.020463403314352036,0.11888355016708374,0.9998994469642639
syco_bullshit_v2_leg_pnf_01,-C,False,30,1,0,True,True,-2.0,1.4432275295257568,1.4438443183898926,0.0006167888641357422,0.02163269929587841,0.11899164319038391,0.9998878240585327
syco_bullshit_v2_leg_pnf_01,-C,False,31,1,0,True,True,-2.0,1.4432275295257568,1.4436075687408447,0.0003800392150878906,0.020786138251423836,0.11332705616950989,0.9998964071273804
syco_bullshit_v2_leg_pnf_01,-C,False,32,1,0,True,True,-2.0,1.4432275295257568,1.4430968761444092,0.00013065338134765625,0.01848418265581131,0.106472447514534,0.9999180436134338
syco_bullshit_v2_leg_pnf_01,-C,False,33,1,0,True,True,-2.0,1.4432275295257568,1.4430464506149292,0.00018107891082763672,0.021858418360352516,0.10912066698074341,0.9998853206634521
syco_bullshit_v2_leg_pnf_01,-C,False,34,1,0,True,True,-2.0,1.4432275295257568,1.443240761756897,1.3232231140136719e-05,0.023304536938667297,0.1205226480960846,0.9998695850372314
syco_bullshit_v2_leg_pnf_01,-C,False,35,1,0,True,True,-2.0,1.4432275295257568,1.443153977394104,7.355213165283203e-05,0.024088406935334206,0.12096153199672699,0.9998607635498047
syco_bullshit_v2_leg_pnf_01,-C,False,36,1,0,True,True,-2.0,1.4432275295257568,1.4430588483810425,0.00016868114471435547,0.019295591861009598,0.11002755165100098,0.9999107122421265
syco_bullshit_v2_leg_pnf_01,-C,False,37,1,0,True,True,-2.0,1.4432275295257568,1.4431328773498535,9.465217590332031e-05,0.020278548821806908,0.11571209132671356,0.999901294708252
syco_bullshit_v2_leg_pnf_01,-C,False,38,1,0,True,True,-2.0,1.4432275295257568,1.4446847438812256,0.00145721435546875,0.022419985383749008,0.12090723216533661,0.9998799562454224
syco_bullshit_v2_leg_pnf_01,-C,False,39,1,0,True,True,-2.0,1.4432275295257568,1.4428128004074097,0.00041472911834716797,0.021794777363538742,0.11996719241142273,0.9998860359191895
syco_bullshit_v2_leg_pnf_01,-C,False,40,1,0,True,True,-2.0,1.4432275295257568,1.4435663223266602,0.0003387928009033203,0.020017029717564583,0.11603944003582001,0.9999039173126221
syco_bullshit_v2_leg_pnf_01,-C,False,41,1,0,True,True,-2.0,1.4432275295257568,1.4429800510406494,0.0002474784851074219,0.019082095474004745,0.10980026423931122,0.999912679195404
syco_bullshit_v2_leg_pnf_01,-C,False,42,1,0,True,True,-2.0,1.4432275295257568,1.4429445266723633,0.0002830028533935547,0.021137628704309464,0.11844038963317871,0.9998928308486938
syco_bullshit_v2_leg_pnf_01,-C,False,43,1,0,True,True,-2.0,1.4432275295257568,1.4439568519592285,0.0007293224334716797,0.022095825523138046,0.12067213654518127,0.9998830556869507
syco_bullshit_v2_leg_pnf_01,-C,False,44,1,0,True,True,-2.0,1.4432275295257568,1.4441715478897095,0.0009440183639526367,0.023245126008987427,0.12508803606033325,0.9998705983161926
syco_bullshit_v2_leg_pnf_01,-C,False,45,1,0,True,True,-2.0,1.4432275295257568,1.4430021047592163,0.00022542476654052734,0.020136751234531403,0.11449499428272247,0.9999026656150818
syco_bullshit_v2_leg_pnf_01,-C,False,46,1,0,True,True,-2.0,1.4432275295257568,1.4425225257873535,0.0007050037384033203,0.019742624834179878,0.10662390291690826,0.9999065399169922
syco_bullshit_v2_leg_pnf_01,-C,False,47,1,0,True,True,-2.0,1.4432275295257568,1.4435551166534424,0.0003275871276855469,0.02179686166346073,0.11254747211933136,0.9998860359191895
syco_bullshit_v2_leg_pnf_01,-C,False,48,1,0,True,True,-2.0,1.4432275295257568,1.4434089660644531,0.00018143653869628906,0.02283729985356331,0.11989292502403259,0.9998749494552612
syco_bullshit_v2_leg_pnf_01,-C,False,49,1,0,True,True,-2.0,1.4432275295257568,1.443901777267456,0.0006742477416992188,0.022170111536979675,0.11526815593242645,0.9998822212219238
syco_bullshit_v2_leg_pnf_01,-C,False,50,1,0,True,True,-2.0,1.4432275295257568,1.44301438331604,0.00021314620971679688,0.02275298535823822,0.11984975636005402,0.9998756647109985
syco_bullshit_v2_leg_pnf_01,-C,False,51,1,0,True,True,-2.0,1.4432275295257568,1.4427858591079712,0.00044167041778564453,0.023200437426567078,0.12068761885166168,0.999870777130127
syco_bullshit_v2_leg_pnf_01,-C,False,52,1,0,True,True,-2.0,1.4432275295257568,1.443020224571228,0.0002073049545288086,0.01891118288040161,0.10670369863510132,0.9999142289161682
syco_bullshit_v2_leg_pnf_01,-C,False,53,1,0,True,True,-2.0,1.4432275295257568,1.443507194519043,0.0002796649932861328,0.015054767951369286,0.08862127363681793,0.9999456405639648
syco_bullshit_v2_leg_pnf_01,-C,False,54,1,0,True,True,-2.0,1.4432275295257568,1.4439637660980225,0.000736236572265625,0.018502650782465935,0.10175670683383942,0.9999180436134338
syco_bullshit_v2_leg_pnf_02,+C,False,0,52,51,True,True,2.0,1.4432275295257568,1.4436194896697998,0.00039196014404296875,0.01823730394244194,0.10498203337192535,0.9999203085899353
syco_bullshit_v2_leg_pnf_02,+C,False,1,1,0,True,True,2.0,1.4432275295257568,1.4429993629455566,0.0002281665802001953,0.02117486298084259,0.11024190485477448,0.9998924136161804
syco_bullshit_v2_leg_pnf_02,+C,False,2,1,0,True,True,2.0,1.4432275295257568,1.4440981149673462,0.0008705854415893555,0.02128557860851288,0.10983118414878845,0.9998915195465088
syco_bullshit_v2_leg_pnf_02,+C,False,3,1,0,True,True,2.0,1.4432275295257568,1.4431887865066528,3.8743019104003906e-05,0.02254791557788849,0.1156659871339798,0.9998779892921448
syco_bullshit_v2_leg_pnf_02,+C,False,4,1,0,True,True,2.0,1.4432275295257568,1.442669153213501,0.0005583763122558594,0.021119700744748116,0.10911726951599121,0.9998930096626282
syco_bullshit_v2_leg_pnf_02,+C,False,5,1,0,True,True,2.0,1.4432275295257568,1.44252610206604,0.0007014274597167969,0.02110077068209648,0.11218111217021942,0.9998932480812073
syco_bullshit_v2_leg_pnf_02,+C,False,6,1,0,True,True,2.0,1.4432275295257568,1.4434815645217896,0.00025403499603271484,0.021179024130105972,0.12346531450748444,0.9998923540115356
syco_bullshit_v2_leg_pnf_02,+C,False,7,1,0,True,True,2.0,1.4432275295257568,1.4430280923843384,0.00019943714141845703,0.02250199019908905,0.11432641744613647,0.9998785257339478
syco_bullshit_v2_leg_pnf_02,+C,False,8,1,0,True,True,2.0,1.4432275295257568,1.4425227642059326,0.0007047653198242188,0.021285543218255043,0.11892440915107727,0.9998914003372192
syco_bullshit_v2_leg_pnf_02,+C,False,9,1,0,True,True,2.0,1.4432275295257568,1.443497896194458,0.0002703666687011719,0.02092517912387848,0.12047794461250305,0.999894917011261
syco_bullshit_v2_leg_pnf_02,+C,False,10,1,0,True,True,2.0,1.4432275295257568,1.4425911903381348,0.0006363391876220703,0.021943040192127228,0.11336100101470947,0.9998845458030701
syco_bullshit_v2_leg_pnf_02,+C,False,11,1,0,True,True,2.0,1.4432275295257568,1.443560004234314,0.0003324747085571289,0.022084850817918777,0.11289572715759277,0.9998830556869507
syco_bullshit_v2_leg_pnf_02,+C,False,12,1,0,True,True,2.0,1.4432275295257568,1.44309663772583,0.0001308917999267578,0.022486692294478416,0.12368099391460419,0.9998786449432373
syco_bullshit_v2_leg_pnf_02,+C,False,13,1,0,True,True,2.0,1.4432275295257568,1.443856954574585,0.000629425048828125,0.022538233548402786,0.11857323348522186,0.9998782873153687
syco_bullshit_v2_leg_pnf_02,+C,False,14,1,0,True,True,2.0,1.4432275295257568,1.4430935382843018,0.00013399124145507812,0.021777041256427765,0.11909976601600647,0.9998862743377686
syco_bullshit_v2_leg_pnf_02,+C,False,15,1,0,True,True,2.0,1.4432275295257568,1.4433528184890747,0.0001252889633178711,0.02136097475886345,0.11738313734531403,0.9998905658721924
syco_bullshit_v2_leg_pnf_02,+C,False,16,1,0,True,True,2.0,1.4432275295257568,1.4428876638412476,0.00033986568450927734,0.022777684032917023,0.11895659565925598,0.9998754858970642
syco_bullshit_v2_leg_pnf_02,+C,False,17,1,0,True,True,2.0,1.4432275295257568,1.4418309926986694,0.0013965368270874023,0.0220709890127182,0.11514133214950562,0.9998834133148193
syco_bullshit_v2_leg_pnf_02,+C,False,18,1,0,True,True,2.0,1.4432275295257568,1.4432270526885986,4.76837158203125e-07,0.023722929880023003,0.12413756549358368,0.999864935874939
syco_bullshit_v2_leg_pnf_02,+C,False,19,1,0,True,True,2.0,1.4432275295257568,1.4419777393341064,0.0012497901916503906,0.021785927936434746,0.1160055547952652,0.9998864531517029
syco_bullshit_v2_leg_pnf_02,+C,False,20,1,0,True,True,2.0,1.4432275295257568,1.4428941011428833,0.00033342838287353516,0.020844735205173492,0.11369679868221283,0.9998957514762878
syco_bullshit_v2_leg_pnf_02,+C,False,21,1,0,True,True,2.0,1.4432275295257568,1.4431920051574707,3.552436828613281e-05,0.022932758554816246,0.12287354469299316,0.9998737573623657
syco_bullshit_v2_leg_pnf_02,+C,False,22,1,0,True,True,2.0,1.4432275295257568,1.443331003189087,0.00010347366333007812,0.02355538308620453,0.11830039322376251,0.9998668432235718
syco_bullshit_v2_leg_pnf_02,+C,False,23,1,0,True,True,2.0,1.4432275295257568,1.4420411586761475,0.001186370849609375,0.02056644856929779,0.12002173066139221,0.9998987317085266
syco_bullshit_v2_leg_pnf_02,+C,False,24,1,0,True,True,2.0,1.4432275295257568,1.4432764053344727,4.887580871582031e-05,0.021147018298506737,0.11097288131713867,0.9998925924301147
syco_bullshit_v2_leg_pnf_02,+C,False,25,1,0,True,True,2.0,1.4432275295257568,1.4424874782562256,0.00074005126953125,0.022510407492518425,0.12749963998794556,0.9998784065246582
syco_bullshit_v2_leg_pnf_02,+C,False,26,1,0,True,True,2.0,1.4432275295257568,1.4431079626083374,0.0001195669174194336,0.02177932858467102,0.11916963756084442,0.999886155128479
syco_bullshit_v2_leg_pnf_02,+C,False,27,1,0,True,True,2.0,1.4432275295257568,1.4433976411819458,0.00017011165618896484,0.020502567291259766,0.10974065959453583,0.99989914894104
syco_bullshit_v2_leg_pnf_02,+C,False,28,1,0,True,True,2.0,1.4432275295257568,1.443328857421875,0.00010132789611816406,0.023042239248752594,0.12321542203426361,0.999872624874115
syco_bullshit_v2_leg_pnf_02,+C,False,29,1,0,True,True,2.0,1.4432275295257568,1.4433997869491577,0.0001722574234008789,0.020915301516652107,0.11704468727111816,0.9998950958251953
syco_bullshit_v2_leg_pnf_02,+C,False,30,1,0,True,True,2.0,1.4432275295257568,1.4436970949172974,0.00046956539154052734,0.022933777421712875,0.12459510564804077,0.9998738765716553
syco_bullshit_v2_leg_pnf_02,+C,False,31,1,0,True,True,2.0,1.4432275295257568,1.4431082010269165,0.00011932849884033203,0.021801700815558434,0.11807496845722198,0.9998859763145447
syco_bullshit_v2_leg_pnf_02,+C,False,32,1,0,True,True,2.0,1.4432275295257568,1.442925214767456,0.00030231475830078125,0.022105999290943146,0.11979654431343079,0.999882698059082
syco_bullshit_v2_leg_pnf_02,+C,False,33,1,0,True,True,2.0,1.4432275295257568,1.4427670240402222,0.00046050548553466797,0.025345489382743835,0.13037121295928955,0.9998458623886108
syco_bullshit_v2_leg_pnf_02,+C,False,34,1,0,True,True,2.0,1.4432275295257568,1.4438122510910034,0.000584721565246582,0.02163594216108322,0.11606906354427338,0.9998877048492432
syco_bullshit_v2_leg_pnf_02,+C,False,35,1,0,True,True,2.0,1.4432275295257568,1.4439129829406738,0.0006854534149169922,0.020751401782035828,0.11683045327663422,0.999896764755249
syco_bullshit_v2_leg_pnf_02,+C,False,36,1,0,True,True,2.0,1.4432275295257568,1.4434646368026733,0.0002371072769165039,0.020576443523168564,0.11286893486976624,0.9998985528945923
syco_bullshit_v2_leg_pnf_02,+C,False,37,1,0,True,True,2.0,1.4432275295257568,1.4430058002471924,0.00022172927856445312,0.022382425144314766,0.1207125335931778,0.9998797178268433
syco_bullshit_v2_leg_pnf_02,+C,False,38,1,0,True,True,2.0,1.4432275295257568,1.443011999130249,0.0002155303955078125,0.02233479917049408,0.11968514323234558,0.999880313873291
syco_bullshit_v2_leg_pnf_02,+C,False,39,1,0,True,True,2.0,1.4432275295257568,1.443229079246521,1.5497207641601562e-06,0.020366529002785683,0.11472742259502411,0.9999004006385803
syco_bullshit_v2_leg_pnf_02,+C,False,40,1,0,True,True,2.0,1.4432275295257568,1.443349838256836,0.00012230873107910156,0.02148984745144844,0.11746624112129211,0.9998892545700073
syco_bullshit_v2_leg_pnf_02,+C,False,41,1,0,True,True,2.0,1.4432275295257568,1.44340980052948,0.00018227100372314453,0.019463924691081047,0.11342278122901917,0.9999090433120728
syco_bullshit_v2_leg_pnf_02,+C,False,42,1,0,True,True,2.0,1.4432275295257568,1.442976713180542,0.00025081634521484375,0.019897321239113808,0.11443021893501282,0.9999050498008728
syco_bullshit_v2_leg_pnf_02,+C,False,43,1,0,True,True,2.0,1.4432275295257568,1.4433962106704712,0.00016868114471435547,0.01929403655230999,0.10954181849956512,0.9999107122421265
syco_bullshit_v2_leg_pnf_02,+C,False,44,1,0,True,True,2.0,1.4432275295257568,1.442240595817566,0.000986933708190918,0.02075192891061306,0.11284744739532471,0.9998968839645386
syco_bullshit_v2_leg_pnf_02,+C,False,45,1,0,True,True,2.0,1.4432275295257568,1.4440886974334717,0.0008611679077148438,0.022446200251579285,0.11856569349765778,0.9998793601989746
syco_bullshit_v2_leg_pnf_02,+C,False,46,1,0,True,True,2.0,1.4432275295257568,1.4434360265731812,0.0002084970474243164,0.021535981446504593,0.11454237997531891,0.9998886585235596
syco_bullshit_v2_leg_pnf_02,+C,False,47,1,0,True,True,2.0,1.4432275295257568,1.4438209533691406,0.0005934238433837891,0.02322111278772354,0.12224027514457703,0.9998706579208374
syco_bullshit_v2_leg_pnf_02,+C,False,48,1,0,True,True,2.0,1.4432275295257568,1.4431591033935547,6.842613220214844e-05,0.022698577493429184,0.12082803249359131,0.9998764395713806
syco_bullshit_v2_leg_pnf_02,+C,False,49,1,0,True,True,2.0,1.4432275295257568,1.4425368309020996,0.0006906986236572266,0.019550222903490067,0.11057394742965698,0.9999083280563354
syco_bullshit_v2_leg_pnf_02,+C,False,50,1,0,True,True,2.0,1.4432275295257568,1.4431259632110596,0.00010156631469726562,0.014875405468046665,0.08845838904380798,0.9999468326568604
syco_bullshit_v2_leg_pnf_02,+C,False,51,1,0,True,True,2.0,1.4432275295257568,1.4434539079666138,0.0002263784408569336,0.018577158451080322,0.10316470265388489,0.9999171495437622
syco_bullshit_v2_leg_pnf_02,-C,False,0,52,51,True,True,-2.0,1.4432275295257568,1.4442073106765747,0.000979781150817871,0.01861068606376648,0.10498203337192535,0.9999171495437622
syco_bullshit_v2_leg_pnf_02,-C,False,1,1,0,True,True,-2.0,1.4432275295257568,1.4436578750610352,0.0004303455352783203,0.021250631660223007,0.1143728494644165,0.9998916387557983
syco_bullshit_v2_leg_pnf_02,-C,False,2,1,0,True,True,-2.0,1.4432275295257568,1.4434964656829834,0.0002689361572265625,0.019159890711307526,0.11333370208740234,0.9999119639396667
syco_bullshit_v2_leg_pnf_02,-C,False,3,1,0,True,True,-2.0,1.4432275295257568,1.4434778690338135,0.0002503395080566406,0.018215129151940346,0.1132204681634903,0.9999204277992249
syco_bullshit_v2_leg_pnf_02,-C,False,4,1,0,True,True,-2.0,1.4432275295257568,1.4443130493164062,0.001085519790649414,0.021601488813757896,0.11445769667625427,0.9998884201049805
syco_bullshit_v2_leg_pnf_02,-C,False,5,1,0,True,True,-2.0,1.4432275295257568,1.4429535865783691,0.0002739429473876953,0.022452181205153465,0.11717595160007477,0.999879002571106
syco_bullshit_v2_leg_pnf_02,-C,False,6,1,0,True,True,-2.0,1.4432275295257568,1.4441919326782227,0.0009644031524658203,0.022244393825531006,0.12174957990646362,0.9998815059661865
syco_bullshit_v2_leg_pnf_02,-C,False,7,1,0,True,True,-2.0,1.4432275295257568,1.444004774093628,0.0007772445678710938,0.02059822343289852,0.11930865049362183,0.9998984336853027
syco_bullshit_v2_leg_pnf_02,-C,False,8,1,0,True,True,-2.0,1.4432275295257568,1.4424985647201538,0.0007289648056030273,0.01992734521627426,0.11270123720169067,0.9999047517776489
syco_bullshit_v2_leg_pnf_02,-C,False,9,1,0,True,True,-2.0,1.4432275295257568,1.4437599182128906,0.0005323886871337891,0.020849410444498062,0.10826468467712402,0.9998956918716431
syco_bullshit_v2_leg_pnf_02,-C,False,10,1,0,True,True,-2.0,1.4432275295257568,1.443003535270691,0.00022399425506591797,0.018225939944386482,0.10209818184375763,0.9999202489852905
syco_bullshit_v2_leg_pnf_02,-C,False,11,1,0,True,True,-2.0,1.4432275295257568,1.4433544874191284,0.00012695789337158203,0.021066611632704735,0.1229599118232727,0.9998935461044312
syco_bullshit_v2_leg_pnf_02,-C,False,12,1,0,True,True,-2.0,1.4432275295257568,1.443987488746643,0.0007599592208862305,0.021072598174214363,0.11484704911708832,0.9998936057090759
syco_bullshit_v2_leg_pnf_02,-C,False,13,1,0,True,True,-2.0,1.4432275295257568,1.4436489343643188,0.0004214048385620117,0.02075372263789177,0.11057554185390472,0.999896764755249
syco_bullshit_v2_leg_pnf_02,-C,False,14,1,0,True,True,-2.0,1.4432275295257568,1.442806363105774,0.00042116641998291016,0.02201034687459469,0.11862751841545105,0.9998837113380432
syco_bullshit_v2_leg_pnf_02,-C,False,15,1,0,True,True,-2.0,1.4432275295257568,1.4437137842178345,0.0004862546920776367,0.02267373912036419,0.1210455596446991,0.9998767375946045
syco_bullshit_v2_leg_pnf_02,-C,False,16,1,0,True,True,-2.0,1.4432275295257568,1.4430903196334839,0.00013720989227294922,0.01990021951496601,0.113194540143013,0.9999049305915833
syco_bullshit_v2_leg_pnf_02,-C,False,17,1,0,True,True,-2.0,1.4432275295257568,1.4444141387939453,0.0011866092681884766,0.0219547301530838,0.11690464615821838,0.9998846650123596
syco_bullshit_v2_leg_pnf_02,-C,False,18,1,0,True,True,-2.0,1.4432275295257568,1.4426732063293457,0.0005543231964111328,0.01958823762834072,0.11231206357479095,0.9999079704284668
syco_bullshit_v2_leg_pnf_02,-C,False,19,1,0,True,True,-2.0,1.4432275295257568,1.4429619312286377,0.0002655982971191406,0.021275702863931656,0.11195209622383118,0.9998913407325745
syco_bullshit_v2_leg_pnf_02,-C,False,20,1,0,True,True,-2.0,1.4432275295257568,1.442753553390503,0.00047397613525390625,0.02067635953426361,0.11187887191772461,0.9998973608016968
syco_bullshit_v2_leg_pnf_02,-C,False,21,1,0,True,True,-2.0,1.4432275295257568,1.442901611328125,0.00032591819763183594,0.024077044799923897,0.12026834487915039,0.9998608827590942
syco_bullshit_v2_leg_pnf_02,-C,False,22,1,0,True,True,-2.0,1.4432275295257568,1.4436135292053223,0.0003859996795654297,0.022274307906627655,0.1147918552160263,0.9998809695243835
syco_bullshit_v2_leg_pnf_02,-C,False,23,1,0,True,True,-2.0,1.4432275295257568,1.4430361986160278,0.0001913309097290039,0.021629445254802704,0.1148894727230072,0.9998878240585327
syco_bullshit_v2_leg_pnf_02,-C,False,24,1,0,True,True,-2.0,1.4432275295257568,1.4429980516433716,0.0002294778823852539,0.024201011285185814,0.12375178933143616,0.9998594522476196
syco_bullshit_v2_leg_pnf_02,-C,False,25,1,0,True,True,-2.0,1.4432275295257568,1.444135069847107,0.0009075403213500977,0.023901185020804405,0.12997959554195404,0.9998630881309509
syco_bullshit_v2_leg_pnf_02,-C,False,26,1,0,True,True,-2.0,1.4432275295257568,1.4436709880828857,0.00044345855712890625,0.02271254174411297,0.12237846851348877,0.9998763799667358
syco_bullshit_v2_leg_pnf_02,-C,False,27,1,0,True,True,-2.0,1.4432275295257568,1.4427961111068726,0.00043141841888427734,0.02242167294025421,0.11548905074596405,0.9998793601989746
syco_bullshit_v2_leg_pnf_02,-C,False,28,1,0,True,True,-2.0,1.4432275295257568,1.4438161849975586,0.0005886554718017578,0.022293569520115852,0.12576259672641754,0.9998807907104492
syco_bullshit_v2_leg_pnf_02,-C,False,29,1,0,True,True,-2.0,1.4432275295257568,1.4421495199203491,0.0010780096054077148,0.02076653577387333,0.1187543272972107,0.9998966455459595
syco_bullshit_v2_leg_pnf_02,-C,False,30,1,0,True,True,-2.0,1.4432275295257568,1.4430787563323975,0.000148773193359375,0.020469103008508682,0.11379806697368622,0.9998995065689087
syco_bullshit_v2_leg_pnf_02,-C,False,31,1,0,True,True,-2.0,1.4432275295257568,1.444392442703247,0.0011649131774902344,0.02059515006840229,0.11246217787265778,0.9998986124992371
syco_bullshit_v2_leg_pnf_02,-C,False,32,1,0,True,True,-2.0,1.4432275295257568,1.4429067373275757,0.00032079219818115234,0.02128121443092823,0.11399869620800018,0.9998913407325745
syco_bullshit_v2_leg_pnf_02,-C,False,33,1,0,True,True,-2.0,1.4432275295257568,1.4434455633163452,0.0002180337905883789,0.021981362253427505,0.11972001194953918,0.9998841285705566
syco_bullshit_v2_leg_pnf_02,-C,False,34,1,0,True,True,-2.0,1.4432275295257568,1.443641185760498,0.00041365623474121094,0.022444110363721848,0.11650469899177551,0.9998792409896851
syco_bullshit_v2_leg_pnf_02,-C,False,35,1,0,True,True,-2.0,1.4432275295257568,1.4439318180084229,0.0007042884826660156,0.021222367882728577,0.11570392549037933,0.999891996383667
syco_bullshit_v2_leg_pnf_02,-C,False,36,1,0,True,True,-2.0,1.4432275295257568,1.4439573287963867,0.0007297992706298828,0.019396046176552773,0.10696527361869812,0.9999099373817444
syco_bullshit_v2_leg_pnf_02,-C,False,37,1,0,True,True,-2.0,1.4432275295257568,1.4432737827301025,4.6253204345703125e-05,0.019573748111724854,0.10636770725250244,0.9999079704284668
syco_bullshit_v2_leg_pnf_02,-C,False,38,1,0,True,True,-2.0,1.4432275295257568,1.443170428276062,5.710124969482422e-05,0.02278211899101734,0.11622296273708344,0.999875545501709
syco_bullshit_v2_leg_pnf_02,-C,False,39,1,0,True,True,-2.0,1.4432275295257568,1.443969964981079,0.0007424354553222656,0.023719603195786476,0.12223035097122192,0.9998651742935181
syco_bullshit_v2_leg_pnf_02,-C,False,40,1,0,True,True,-2.0,1.4432275295257568,1.4431877136230469,3.981590270996094e-05,0.024097394198179245,0.12485428154468536,0.9998606443405151
syco_bullshit_v2_leg_pnf_02,-C,False,41,1,0,True,True,-2.0,1.4432275295257568,1.4440784454345703,0.0008509159088134766,0.020146410912275314,0.11082139611244202,0.9999028444290161
syco_bullshit_v2_leg_pnf_02,-C,False,42,1,0,True,True,-2.0,1.4432275295257568,1.442773461341858,0.0004540681838989258,0.02051600068807602,0.11437788605690002,0.9998990297317505
syco_bullshit_v2_leg_pnf_02,-C,False,43,1,0,True,True,-2.0,1.4432275295257568,1.4439305067062378,0.000702977180480957,0.02162317745387554,0.11832897365093231,0.9998879432678223
syco_bullshit_v2_leg_pnf_02,-C,False,44,1,0,True,True,-2.0,1.4432275295257568,1.443701982498169,0.0004744529724121094,0.023135604336857796,0.12347148358821869,0.9998716115951538
syco_bullshit_v2_leg_pnf_02,-C,False,45,1,0,True,True,-2.0,1.4432275295257568,1.4430065155029297,0.00022101402282714844,0.019215643405914307,0.117221400141716,0.9999114274978638
syco_bullshit_v2_leg_pnf_02,-C,False,46,1,0,True,True,-2.0,1.4432275295257568,1.443471074104309,0.0002435445785522461,0.023060310631990433,0.12542803585529327,0.9998724460601807
syco_bullshit_v2_leg_pnf_02,-C,False,47,1,0,True,True,-2.0,1.4432275295257568,1.4445973634719849,0.0013698339462280273,0.023389648646116257,0.12295359373092651,0.9998692274093628
syco_bullshit_v2_leg_pnf_02,-C,False,48,1,0,True,True,-2.0,1.4432275295257568,1.4429341554641724,0.00029337406158447266,0.02147524431347847,0.1202855259180069,0.9998893141746521
syco_bullshit_v2_leg_pnf_02,-C,False,49,1,0,True,True,-2.0,1.4432275295257568,1.444315791130066,0.001088261604309082,0.02319394052028656,0.11778733134269714,0.9998713135719299
syco_bullshit_v2_leg_pnf_02,-C,False,50,1,0,True,True,-2.0,1.4432275295257568,1.4426093101501465,0.0006182193756103516,0.023664534091949463,0.11739400029182434,0.9998656511306763
syco_bullshit_v2_leg_pnf_02,-C,False,51,1,0,True,True,-2.0,1.4432275295257568,1.4435653686523438,0.00033783912658691406,0.02591995894908905,0.1283402442932129,0.9998387694358826
syco_bullshit_v2_leg_pnf_02,-C,False,52,1,0,True,True,-2.0,1.4432275295257568,1.4436837434768677,0.00045621395111083984,0.020221535116434097,0.11234495043754578,0.999902069568634
syco_bullshit_v2_leg_pnf_02,-C,False,53,1,0,True,True,-2.0,1.4432275295257568,1.44364333152771,0.000415802001953125,0.02365024946630001,0.11944113671779633,0.9998658299446106
syco_bullshit_v2_leg_pnf_02,-C,False,54,1,0,True,True,-2.0,1.4432275295257568,1.4432909488677979,6.341934204101562e-05,0.023424018174409866,0.12024585902690887,0.9998682737350464
syco_bullshit_v2_leg_pnf_02,-C,False,55,1,0,True,True,-2.0,1.4432275295257568,1.442862629890442,0.0003648996353149414,0.022943636402487755,0.12268511950969696,0.9998736381530762
syco_bullshit_v2_leg_pnf_02,-C,False,56,1,0,True,True,-2.0,1.4432275295257568,1.4442479610443115,0.0010204315185546875,0.01897050254046917,0.10791376233100891,0.9999139308929443
syco_bullshit_v2_leg_pnf_02,-C,False,57,1,0,True,True,-2.0,1.4432275295257568,1.4432780742645264,5.054473876953125e-05,0.015033012256026268,0.0890415608882904,0.9999457597732544
syco_bullshit_v2_leg_pnf_02,-C,False,58,1,0,True,True,-2.0,1.4432275295257568,1.4429365396499634,0.00029098987579345703,0.018626859411597252,0.10158130526542664,0.9999167323112488
syco_bullshit_v2_leg_pnf_03,+C,False,0,59,58,True,True,2.0,1.4432275295257568,1.4438912868499756,0.00066375732421875,0.019565550610423088,0.10883699357509613,0.9999082088470459
syco_bullshit_v2_leg_pnf_03,+C,False,1,1,0,True,True,2.0,1.4432275295257568,1.4430404901504517,0.00018703937530517578,0.021061284467577934,0.11134932935237885,0.9998935461044312
syco_bullshit_v2_leg_pnf_03,+C,False,2,1,0,True,True,2.0,1.4432275295257568,1.4433695077896118,0.00014197826385498047,0.021336840465664864,0.1122887134552002,0.9998908042907715
syco_bullshit_v2_leg_pnf_03,+C,False,3,1,0,True,True,2.0,1.4432275295257568,1.4434242248535156,0.00019669532775878906,0.021323107182979584,0.11488436162471771,0.9998908638954163
syco_bullshit_v2_leg_pnf_03,+C,False,4,1,0,True,True,2.0,1.4432275295257568,1.4427015781402588,0.0005259513854980469,0.021821744740009308,0.11558225750923157,0.9998857378959656
syco_bullshit_v2_leg_pnf_03,+C,False,5,1,0,True,True,2.0,1.4432275295257568,1.443556785583496,0.0003292560577392578,0.02036259137094021,0.11081746220588684,0.9999005198478699
syco_bullshit_v2_leg_pnf_03,+C,False,6,1,0,True,True,2.0,1.4432275295257568,1.443056583404541,0.0001709461212158203,0.023764196783304214,0.12169256806373596,0.9998644590377808
syco_bullshit_v2_leg_pnf_03,+C,False,7,1,0,True,True,2.0,1.4432275295257568,1.4432123899459839,1.5139579772949219e-05,0.01773246005177498,0.11020191013813019,0.9999245405197144
syco_bullshit_v2_leg_pnf_03,+C,False,8,1,0,True,True,2.0,1.4432275295257568,1.4427955150604248,0.00043201446533203125,0.02298576571047306,0.11643433570861816,0.9998732805252075
syco_bullshit_v2_leg_pnf_03,+C,False,9,1,0,True,True,2.0,1.4432275295257568,1.443688154220581,0.00046062469482421875,0.020356539636850357,0.11205609142780304,0.9999005794525146
syco_bullshit_v2_leg_pnf_03,+C,False,10,1,0,True,True,2.0,1.4432275295257568,1.4428906440734863,0.0003368854522705078,0.022885644808411598,0.11673206090927124,0.9998742341995239
syco_bullshit_v2_leg_pnf_03,+C,False,11,1,0,True,True,2.0,1.4432275295257568,1.4442112445831299,0.0009837150573730469,0.023072315379977226,0.11884009838104248,0.9998725652694702
syco_bullshit_v2_leg_pnf_03,+C,False,12,1,0,True,True,2.0,1.4432275295257568,1.4432193040847778,8.225440979003906e-06,0.021511908620595932,0.1251632124185562,0.9998888373374939
syco_bullshit_v2_leg_pnf_03,+C,False,13,1,0,True,True,2.0,1.4432275295257568,1.4438990354537964,0.0006715059280395508,0.02159622125327587,0.1145671010017395,0.9998881816864014
syco_bullshit_v2_leg_pnf_03,+C,False,14,1,0,True,True,2.0,1.4432275295257568,1.4434860944747925,0.00025856494903564453,0.021713877096772194,0.11367861926555634,0.9998868703842163
syco_bullshit_v2_leg_pnf_03,+C,False,15,1,0,True,True,2.0,1.4432275295257568,1.442602276802063,0.0006252527236938477,0.022598739713430405,0.11981771886348724,0.9998774528503418
syco_bullshit_v2_leg_pnf_03,+C,False,16,1,0,True,True,2.0,1.4432275295257568,1.4435694217681885,0.0003418922424316406,0.021353110671043396,0.11161458492279053,0.9998906850814819
syco_bullshit_v2_leg_pnf_03,+C,False,17,1,0,True,True,2.0,1.4432275295257568,1.4431982040405273,2.9325485229492188e-05,0.022527538239955902,0.12054941058158875,0.9998781681060791
syco_bullshit_v2_leg_pnf_03,+C,False,18,1,0,True,True,2.0,1.4432275295257568,1.4435105323791504,0.0002830028533935547,0.021388191729784012,0.11421316862106323,0.9998902082443237
syco_bullshit_v2_leg_pnf_03,+C,False,19,1,0,True,True,2.0,1.4432275295257568,1.4431788921356201,4.863739013671875e-05,0.022269628942012787,0.11367587745189667,0.9998810291290283
syco_bullshit_v2_leg_pnf_03,+C,False,20,1,0,True,True,2.0,1.4432275295257568,1.4441667795181274,0.0009392499923706055,0.02108442783355713,0.12046925723552704,0.9998935461044312
syco_bullshit_v2_leg_pnf_03,+C,False,21,1,0,True,True,2.0,1.4432275295257568,1.4436125755310059,0.00038504600524902344,0.02311907708644867,0.12593679130077362,0.9998718500137329
syco_bullshit_v2_leg_pnf_03,+C,False,22,1,0,True,True,2.0,1.4432275295257568,1.443411946296692,0.0001844167709350586,0.02103295363485813,0.11579184234142303,0.9998937845230103
syco_bullshit_v2_leg_pnf_03,+C,False,23,1,0,True,True,2.0,1.4432275295257568,1.443996548652649,0.0007690191268920898,0.020709620788693428,0.11549641191959381,0.9998972415924072
syco_bullshit_v2_leg_pnf_03,+C,False,24,1,0,True,True,2.0,1.4432275295257568,1.4433387517929077,0.0001112222671508789,0.022658424451947212,0.1131366640329361,0.9998767971992493
syco_bullshit_v2_leg_pnf_03,+C,False,25,1,0,True,True,2.0,1.4432275295257568,1.4438390731811523,0.0006115436553955078,0.019815566018223763,0.10847225785255432,0.9999059438705444
syco_bullshit_v2_leg_pnf_03,+C,False,26,1,0,True,True,2.0,1.4432275295257568,1.4438954591751099,0.0006679296493530273,0.02207058295607567,0.11786732077598572,0.999883234500885
syco_bullshit_v2_leg_pnf_03,+C,False,27,1,0,True,True,2.0,1.4432275295257568,1.4438450336456299,0.0006175041198730469,0.02131485939025879,0.11888884007930756,0.9998911023139954
syco_bullshit_v2_leg_pnf_03,+C,False,28,1,0,True,True,2.0,1.4432275295257568,1.443381905555725,0.00015437602996826172,0.018590770661830902,0.11430248618125916,0.9999170303344727
syco_bullshit_v2_leg_pnf_03,+C,False,29,1,0,True,True,2.0,1.4432275295257568,1.4443315267562866,0.0011039972305297852,0.0189982857555151,0.10863840579986572,0.99991375207901
syco_bullshit_v2_leg_pnf_03,+C,False,30,1,0,True,True,2.0,1.4432275295257568,1.4437352418899536,0.0005077123641967773,0.021842002868652344,0.11850941181182861,0.9998856782913208
syco_bullshit_v2_leg_pnf_03,+C,False,31,1,0,True,True,2.0,1.4432275295257568,1.4442394971847534,0.001011967658996582,0.023727936670184135,0.1206408441066742,0.9998652338981628
syco_bullshit_v2_leg_pnf_03,+C,False,32,1,0,True,True,2.0,1.4432275295257568,1.443104863166809,0.0001226663589477539,0.020734533667564392,0.12102624773979187,0.999896764755249
syco_bullshit_v2_leg_pnf_03,+C,False,33,1,0,True,True,2.0,1.4432275295257568,1.4424021244049072,0.0008254051208496094,0.02109399065375328,0.11551724374294281,0.9998933672904968
syco_bullshit_v2_leg_pnf_03,+C,False,34,1,0,True,True,2.0,1.4432275295257568,1.4427109956741333,0.0005165338516235352,0.021726245060563087,0.12184932827949524,0.9998867511749268
syco_bullshit_v2_leg_pnf_03,+C,False,35,1,0,True,True,2.0,1.4432275295257568,1.4432398080825806,1.2278556823730469e-05,0.02031002752482891,0.11268816888332367,0.9999010562896729
syco_bullshit_v2_leg_pnf_03,+C,False,36,1,0,True,True,2.0,1.4432275295257568,1.4436748027801514,0.00044727325439453125,0.02165725640952587,0.11979436874389648,0.9998875856399536
syco_bullshit_v2_leg_pnf_03,+C,False,37,1,0,True,True,2.0,1.4432275295257568,1.4440085887908936,0.0007810592651367188,0.02133430913090706,0.11854048073291779,0.9998909831047058
syco_bullshit_v2_leg_pnf_03,+C,False,38,1,0,True,True,2.0,1.4432275295257568,1.4437344074249268,0.0005068778991699219,0.02201186679303646,0.11665576696395874,0.9998838305473328
syco_bullshit_v2_leg_pnf_03,+C,False,39,1,0,True,True,2.0,1.4432275295257568,1.4429867267608643,0.00024080276489257812,0.02194366604089737,0.11654174327850342,0.9998844861984253
syco_bullshit_v2_leg_pnf_03,+C,False,40,1,0,True,True,2.0,1.4432275295257568,1.443198800086975,2.872943878173828e-05,0.022178834304213524,0.11955416202545166,0.9998819231987
syco_bullshit_v2_leg_pnf_03,+C,False,41,1,0,True,True,2.0,1.4432275295257568,1.442643642425537,0.0005838871002197266,0.024257536977529526,0.12676222622394562,0.9998587369918823
syco_bullshit_v2_leg_pnf_03,+C,False,42,1,0,True,True,2.0,1.4432275295257568,1.4433588981628418,0.00013136863708496094,0.02174868993461132,0.11762869358062744,0.9998865127563477
syco_bullshit_v2_leg_pnf_03,+C,False,43,1,0,True,True,2.0,1.4432275295257568,1.443434715270996,0.0002071857452392578,0.022750869393348694,0.12447141110897064,0.9998757839202881
syco_bullshit_v2_leg_pnf_03,+C,False,44,1,0,True,True,2.0,1.4432275295257568,1.4437577724456787,0.000530242919921875,0.019491441547870636,0.11762647330760956,0.9999089241027832
syco_bullshit_v2_leg_pnf_03,+C,False,45,1,0,True,True,2.0,1.4432275295257568,1.443140983581543,8.654594421386719e-05,0.018939992412924767,0.1118738055229187,0.9999139308929443
syco_bullshit_v2_leg_pnf_03,+C,False,46,1,0,True,True,2.0,1.4432275295257568,1.4431315660476685,9.59634780883789e-05,0.020104214549064636,0.1126789003610611,0.9999030232429504
syco_bullshit_v2_leg_pnf_03,+C,False,47,1,0,True,True,2.0,1.4432275295257568,1.4444714784622192,0.0012439489364624023,0.023214172571897507,0.12206757068634033,0.9998711943626404
syco_bullshit_v2_leg_pnf_03,+C,False,48,1,0,True,True,2.0,1.4432275295257568,1.4441481828689575,0.0009206533432006836,0.02393444813787937,0.1230393499135971,0.999862790107727
syco_bullshit_v2_leg_pnf_03,+C,False,49,1,0,True,True,2.0,1.4432275295257568,1.4433937072753906,0.00016617774963378906,0.018864111974835396,0.11409561336040497,0.9999146461486816
syco_bullshit_v2_leg_pnf_03,+C,False,50,1,0,True,True,2.0,1.4432275295257568,1.4431982040405273,2.9325485229492188e-05,0.01998339220881462,0.11104127764701843,0.9999040961265564
syco_bullshit_v2_leg_pnf_03,+C,False,51,1,0,True,True,2.0,1.4432275295257568,1.4433215856552124,9.40561294555664e-05,0.02283654920756817,0.12450516223907471,0.9998748898506165
syco_bullshit_v2_leg_pnf_03,+C,False,52,1,0,True,True,2.0,1.4432275295257568,1.443861961364746,0.0006344318389892578,0.019291099160909653,0.1149560809135437,0.999910831451416
syco_bullshit_v2_leg_pnf_03,+C,False,53,1,0,True,True,2.0,1.4432275295257568,1.4432556629180908,2.8133392333984375e-05,0.021651767194271088,0.11722852289676666,0.9998875260353088
syco_bullshit_v2_leg_pnf_03,+C,False,54,1,0,True,True,2.0,1.4432275295257568,1.444135308265686,0.0009077787399291992,0.01887877844274044,0.10858498513698578,0.9999147057533264
syco_bullshit_v2_leg_pnf_03,+C,False,55,1,0,True,True,2.0,1.4432275295257568,1.4434723854064941,0.0002448558807373047,0.014811080880463123,0.08860543370246887,0.9999473690986633
syco_bullshit_v2_leg_pnf_03,+C,False,56,1,0,True,True,2.0,1.4432275295257568,1.4427775144577026,0.0004500150680541992,0.018370896577835083,0.10124748945236206,0.9999189972877502
syco_bullshit_v2_leg_pnf_03,-C,False,0,59,58,True,True,-2.0,1.4432275295257568,1.443587303161621,0.0003597736358642578,0.019457649439573288,0.10883699357509613,0.9999091625213623
syco_bullshit_v2_leg_pnf_03,-C,False,1,1,0,True,True,-2.0,1.4432275295257568,1.442518949508667,0.0007085800170898438,0.021434489637613297,0.11134932935237885,0.9998897910118103
syco_bullshit_v2_leg_pnf_03,-C,False,2,1,0,True,True,-2.0,1.4432275295257568,1.443306565284729,7.903575897216797e-05,0.021657735109329224,0.1122887134552002,0.9998873472213745
syco_bullshit_v2_leg_pnf_03,-C,False,3,1,0,True,True,-2.0,1.4432275295257568,1.4438246488571167,0.0005971193313598633,0.021327419206500053,0.11488436162471771,0.999890923500061
syco_bullshit_v2_leg_pnf_03,-C,False,4,1,0,True,True,-2.0,1.4432275295257568,1.4422482252120972,0.000979304313659668,0.022159915417432785,0.11558225750923157,0.9998822808265686
syco_bullshit_v2_leg_pnf_03,-C,False,5,1,0,True,True,-2.0,1.4432275295257568,1.4426758289337158,0.0005517005920410156,0.020283525809645653,0.11081746220588684,0.999901294708252
syco_bullshit_v2_leg_pnf_03,-C,False,6,1,0,True,True,-2.0,1.4432275295257568,1.4426016807556152,0.0006258487701416016,0.02436859719455242,0.12169256806373596,0.9998575448989868
syco_bullshit_v2_leg_pnf_03,-C,False,7,1,0,True,True,-2.0,1.4432275295257568,1.4436140060424805,0.0003864765167236328,0.01985672302544117,0.10622982680797577,0.9999054074287415
syco_bullshit_v2_leg_pnf_03,-C,False,8,1,0,True,True,-2.0,1.4432275295257568,1.443742275238037,0.0005147457122802734,0.020529231056571007,0.11412803828716278,0.9998989105224609
syco_bullshit_v2_leg_pnf_03,-C,False,9,1,0,True,True,-2.0,1.4432275295257568,1.4441732168197632,0.0009456872940063477,0.019984086975455284,0.11039018630981445,0.9999043941497803
syco_bullshit_v2_leg_pnf_03,-C,False,10,1,0,True,True,-2.0,1.4432275295257568,1.4428369998931885,0.0003905296325683594,0.022728702053427696,0.11558657884597778,0.999876081943512
syco_bullshit_v2_leg_pnf_03,-C,False,11,1,0,True,True,-2.0,1.4432275295257568,1.4436237812042236,0.0003962516784667969,0.024112513288855553,0.12254628539085388,0.9998606443405151
syco_bullshit_v2_leg_pnf_03,-C,False,12,1,0,True,True,-2.0,1.4432275295257568,1.4432541131973267,2.658367156982422e-05,0.02192721515893936,0.1159314215183258,0.9998846054077148
syco_bullshit_v2_leg_pnf_03,-C,False,13,1,0,True,True,-2.0,1.4432275295257568,1.4445650577545166,0.0013375282287597656,0.02212878316640854,0.11445708572864532,0.9998830556869507
syco_bullshit_v2_leg_pnf_03,-C,False,14,1,0,True,True,-2.0,1.4432275295257568,1.4427106380462646,0.0005168914794921875,0.02189634181559086,0.11795306205749512,0.9998850226402283
syco_bullshit_v2_leg_pnf_03,-C,False,15,1,0,True,True,-2.0,1.4432275295257568,1.443312406539917,8.487701416015625e-05,0.02342998795211315,0.12121877074241638,0.9998682737350464
syco_bullshit_v2_leg_pnf_03,-C,False,16,1,0,True,True,-2.0,1.4432275295257568,1.4432260990142822,1.430511474609375e-06,0.02129266783595085,0.11615103483200073,0.9998911619186401
syco_bullshit_v2_leg_pnf_03,-C,False,17,1,0,True,True,-2.0,1.4432275295257568,1.4425815343856812,0.0006459951400756836,0.022142404690384865,0.11648377776145935,0.9998824596405029
syco_bullshit_v2_leg_pnf_03,-C,False,18,1,0,True,True,-2.0,1.4432275295257568,1.4427088499069214,0.0005186796188354492,0.02064695581793785,0.10867069661617279,0.9998977780342102
syco_bullshit_v2_leg_pnf_03,-C,False,19,1,0,True,True,-2.0,1.4432275295257568,1.443603754043579,0.0003762245178222656,0.022926922887563705,0.11144459247589111,0.9998739361763
syco_bullshit_v2_leg_pnf_03,-C,False,20,1,0,True,True,-2.0,1.4432275295257568,1.4438163042068481,0.0005887746810913086,0.022265169769525528,0.12052759528160095,0.9998811483383179
syco_bullshit_v2_leg_pnf_03,-C,False,21,1,0,True,True,-2.0,1.4432275295257568,1.4437057971954346,0.0004782676696777344,0.021050993353128433,0.1114887148141861,0.9998937845230103
syco_bullshit_v2_leg_pnf_03,-C,False,22,1,0,True,True,-2.0,1.4432275295257568,1.4430956840515137,0.00013184547424316406,0.019454466179013252,0.10580967366695404,0.9999090433120728
syco_bullshit_v2_leg_pnf_03,-C,False,23,1,0,True,True,-2.0,1.4432275295257568,1.44349205493927,0.0002645254135131836,0.023135388270020485,0.1199583113193512,0.999871551990509
syco_bullshit_v2_leg_pnf_03,-C,False,24,1,0,True,True,-2.0,1.4432275295257568,1.4426894187927246,0.0005381107330322266,0.02367645874619484,0.12424992024898529,0.9998655319213867
syco_bullshit_v2_leg_pnf_03,-C,False,25,1,0,True,True,-2.0,1.4432275295257568,1.44393789768219,0.0007103681564331055,0.023125113919377327,0.11617706716060638,0.9998718500137329
syco_bullshit_v2_leg_pnf_03,-C,False,26,1,0,True,True,-2.0,1.4432275295257568,1.4437247514724731,0.0004972219467163086,0.022173156961798668,0.11373040080070496,0.9998821020126343
syco_bullshit_v2_leg_pnf_03,-C,False,27,1,0,True,True,-2.0,1.4432275295257568,1.443572998046875,0.00034546852111816406,0.01998993195593357,0.10959634184837341,0.9999040365219116
syco_bullshit_v2_leg_pnf_03,-C,False,28,1,0,True,True,-2.0,1.4432275295257568,1.4428926706314087,0.00033485889434814453,0.0227939635515213,0.11456993222236633,0.9998752474784851
syco_bullshit_v2_leg_pnf_03,-C,False,29,1,0,True,True,-2.0,1.4432275295257568,1.4425791501998901,0.0006483793258666992,0.02009699121117592,0.11073876917362213,0.99990314245224
syco_bullshit_v2_leg_pnf_03,-C,False,30,1,0,True,True,-2.0,1.4432275295257568,1.4430841207504272,0.00014340877532958984,0.021344082430005074,0.11431550979614258,0.9998906850814819
syco_bullshit_v2_leg_pnf_03,-C,False,31,1,0,True,True,-2.0,1.4432275295257568,1.4429655075073242,0.0002620220184326172,0.02089184895157814,0.11709634959697723,0.9998952150344849
syco_bullshit_v2_leg_pnf_03,-C,False,32,1,0,True,True,-2.0,1.4432275295257568,1.4428550004959106,0.0003725290298461914,0.019480478018522263,0.10734085738658905,0.9999089241027832
syco_bullshit_v2_leg_pnf_03,-C,False,33,1,0,True,True,-2.0,1.4432275295257568,1.4433314800262451,0.00010395050048828125,0.021737974137067795,0.11874112486839294,0.9998865723609924
syco_bullshit_v2_leg_pnf_03,-C,False,34,1,0,True,True,-2.0,1.4432275295257568,1.443129539489746,9.799003601074219e-05,0.023683801293373108,0.12557724118232727,0.9998653531074524
syco_bullshit_v2_leg_pnf_03,-C,False,35,1,0,True,True,-2.0,1.4432275295257568,1.4418063163757324,0.001421213150024414,0.021047944203019142,0.12206503748893738,0.9998940229415894
syco_bullshit_v2_leg_pnf_03,-C,False,36,1,0,True,True,-2.0,1.4432275295257568,1.4444986581802368,0.0012711286544799805,0.022514348849654198,0.11746612191200256,0.9998788833618164
syco_bullshit_v2_leg_pnf_03,-C,False,37,1,0,True,True,-2.0,1.4432275295257568,1.4437819719314575,0.0005544424057006836,0.02362126298248768,0.12018886208534241,0.999866247177124
syco_bullshit_v2_leg_pnf_03,-C,False,38,1,0,True,True,-2.0,1.4432275295257568,1.4438164234161377,0.0005888938903808594,0.022273549810051918,0.1211734265089035,0.9998810887336731
syco_bullshit_v2_leg_pnf_03,-C,False,39,1,0,True,True,-2.0,1.4432275295257568,1.4433788061141968,0.0001512765884399414,0.021571969613432884,0.11586052179336548,0.9998883605003357
syco_bullshit_v2_leg_pnf_03,-C,False,40,1,0,True,True,-2.0,1.4432275295257568,1.4426227807998657,0.0006047487258911133,0.021614564582705498,0.1173953264951706,0.9998879432678223
syco_bullshit_v2_leg_pnf_03,-C,False,41,1,0,True,True,-2.0,1.4432275295257568,1.4427824020385742,0.0004451274871826172,0.021170441061258316,0.11518071591854095,0.99989253282547
syco_bullshit_v2_leg_pnf_03,-C,False,42,1,0,True,True,-2.0,1.4432275295257568,1.4438703060150146,0.0006427764892578125,0.020985525101423264,0.11960041522979736,0.9998944997787476
syco_bullshit_v2_leg_pnf_03,-C,False,43,1,0,True,True,-2.0,1.4432275295257568,1.4429852962493896,0.0002422332763671875,0.023540202528238297,0.125711590051651,0.9998670816421509
syco_bullshit_v2_leg_pnf_03,-C,False,44,1,0,True,True,-2.0,1.4432275295257568,1.4438587427139282,0.0006312131881713867,0.022245686501264572,0.11680176854133606,0.999881386756897
syco_bullshit_v2_leg_pnf_03,-C,False,45,1,0,True,True,-2.0,1.4432275295257568,1.4436253309249878,0.00039780139923095703,0.019602321088314056,0.10837757587432861,0.999907910823822
syco_bullshit_v2_leg_pnf_03,-C,False,46,1,0,True,True,-2.0,1.4432275295257568,1.4431393146514893,8.821487426757812e-05,0.02236715517938137,0.11834175884723663,0.9998799562454224
syco_bullshit_v2_leg_pnf_03,-C,False,47,1,0,True,True,-2.0,1.4432275295257568,1.4433887004852295,0.00016117095947265625,0.02395433746278286,0.1233917772769928,0.9998623132705688
syco_bullshit_v2_leg_pnf_03,-C,False,48,1,0,True,True,-2.0,1.4432275295257568,1.4439525604248047,0.0007250308990478516,0.018808607012033463,0.11507865786552429,0.9999152421951294
syco_bullshit_v2_leg_pnf_03,-C,False,49,1,0,True,True,-2.0,1.4432275295257568,1.4419682025909424,0.0012593269348144531,0.02062210440635681,0.11682984232902527,0.9998981952667236
syco_bullshit_v2_leg_pnf_03,-C,False,50,1,0,True,True,-2.0,1.4432275295257568,1.4432920217514038,6.449222564697266e-05,0.02304651029407978,0.11810937523841858,0.9998725652694702
syco_bullshit_v2_leg_pnf_03,-C,False,51,1,0,True,True,-2.0,1.4432275295257568,1.443786859512329,0.0005593299865722656,0.0205236729234457,0.112485870718956,0.9998990893363953
syco_bullshit_v2_leg_pnf_03,-C,False,52,1,0,True,True,-2.0,1.4432275295257568,1.4433963298797607,0.00016880035400390625,0.022358229383826256,0.11842387914657593,0.9998800158500671
syco_bullshit_v2_leg_pnf_03,-C,False,53,1,0,True,True,-2.0,1.4432275295257568,1.443672776222229,0.00044524669647216797,0.023006413131952286,0.11889447271823883,0.9998730421066284
syco_bullshit_v2_leg_pnf_03,-C,False,54,1,0,True,True,-2.0,1.4432275295257568,1.4421952962875366,0.0010322332382202148,0.019626572728157043,0.10837958753108978,0.9999077916145325
syco_bullshit_v2_leg_pnf_03,-C,False,55,1,0,True,True,-2.0,1.4432275295257568,1.444596290588379,0.0013687610626220703,0.023547476157546043,0.11676101386547089,0.9998674392700195
syco_bullshit_v2_leg_pnf_03,-C,False,56,1,0,True,True,-2.0,1.4432275295257568,1.4436073303222656,0.00037980079650878906,0.023539220914244652,0.12372423708438873,0.9998670816421509
syco_bullshit_v2_leg_pnf_03,-C,False,57,1,0,True,True,-2.0,1.4432275295257568,1.443332314491272,0.00010478496551513672,0.018705209717154503,0.10941973328590393,0.9999159574508667
syco_bullshit_v2_leg_pnf_03,-C,False,58,1,0,True,True,-2.0,1.4432275295257568,1.4435646533966064,0.0003371238708496094,0.0228006299585104,0.11669082939624786,0.9998752474784851
syco_bullshit_v2_leg_pnf_03,-C,False,59,1,0,True,True,-2.0,1.4432275295257568,1.4427258968353271,0.0005016326904296875,0.02238677814602852,0.11912223696708679,0.999879777431488
syco_bullshit_v2_leg_pnf_03,-C,False,60,1,0,True,True,-2.0,1.4432275295257568,1.4428845643997192,0.00034296512603759766,0.020668912678956985,0.12046800553798676,0.9998974800109863
syco_bullshit_v2_leg_pnf_03,-C,False,61,1,0,True,True,-2.0,1.4432275295257568,1.4433984756469727,0.0001709461212158203,0.02330395206809044,0.1210210919380188,0.999869704246521
syco_bullshit_v2_leg_pnf_03,-C,False,62,1,0,True,True,-2.0,1.4432275295257568,1.4432896375656128,6.210803985595703e-05,0.01906955987215042,0.10847349464893341,0.9999127984046936
syco_bullshit_v2_leg_pnf_03,-C,False,63,1,0,True,True,-2.0,1.4432275295257568,1.4441665410995483,0.0009390115737915039,0.014897660352289677,0.08846147358417511,0.9999470114707947
syco_bullshit_v2_leg_pnf_03,-C,False,64,1,0,True,True,-2.0,1.4432275295257568,1.4433679580688477,0.0001404285430908203,0.01917317882180214,0.10321813821792603,0.9999117851257324
syco_bullshit_v2_med_pnf_01,+C,False,0,49,48,True,True,2.0,1.4432275295257568,1.4437743425369263,0.0005468130111694336,0.01900475099682808,0.10666368901729584,0.9999134540557861
syco_bullshit_v2_med_pnf_01,+C,False,1,1,0,True,True,2.0,1.4432275295257568,1.4426074028015137,0.0006201267242431641,0.02180311642587185,0.11398063600063324,0.9998860359191895
syco_bullshit_v2_med_pnf_01,+C,False,2,1,0,True,True,2.0,1.4432275295257568,1.4428153038024902,0.00041222572326660156,0.023458421230316162,0.12023460865020752,0.9998679757118225
syco_bullshit_v2_med_pnf_01,+C,False,3,1,0,True,True,2.0,1.4432275295257568,1.443052887916565,0.00017464160919189453,0.021058620885014534,0.11624100804328918,0.9998935461044312
syco_bullshit_v2_med_pnf_01,+C,False,4,1,0,True,True,2.0,1.4432275295257568,1.4423781633377075,0.0008493661880493164,0.019667431712150574,0.10968898236751556,0.9999072551727295
syco_bullshit_v2_med_pnf_01,+C,False,5,1,0,True,True,2.0,1.4432275295257568,1.4435439109802246,0.00031638145446777344,0.022409610450267792,0.11669659614562988,0.9998795986175537
syco_bullshit_v2_med_pnf_01,+C,False,6,1,0,True,True,2.0,1.4432275295257568,1.44312584400177,0.0001016855239868164,0.021362416446208954,0.11278773844242096,0.9998905658721924
syco_bullshit_v2_med_pnf_01,+C,False,7,1,0,True,True,2.0,1.4432275295257568,1.4431341886520386,9.334087371826172e-05,0.022857727482914925,0.11659923195838928,0.9998745918273926
syco_bullshit_v2_med_pnf_01,+C,False,8,1,0,True,True,2.0,1.4432275295257568,1.4428699016571045,0.00035762786865234375,0.023668019101023674,0.11938886344432831,0.9998655319213867
syco_bullshit_v2_med_pnf_01,+C,False,9,1,0,True,True,2.0,1.4432275295257568,1.4431949853897095,3.254413604736328e-05,0.02025599218904972,0.11427126824855804,0.9999014139175415
syco_bullshit_v2_med_pnf_01,+C,False,10,1,0,True,True,2.0,1.4432275295257568,1.4423916339874268,0.0008358955383300781,0.022154750302433968,0.11594560742378235,0.9998822808265686
syco_bullshit_v2_med_pnf_01,+C,False,11,1,0,True,True,2.0,1.4432275295257568,1.4432145357131958,1.2993812561035156e-05,0.02427801676094532,0.12317708134651184,0.9998584985733032
syco_bullshit_v2_med_pnf_01,+C,False,12,1,0,True,True,2.0,1.4432275295257568,1.4431747198104858,5.2809715270996094e-05,0.020373113453388214,0.11010730266571045,0.9999002814292908
syco_bullshit_v2_med_pnf_01,+C,False,13,1,0,True,True,2.0,1.4432275295257568,1.443965196609497,0.0007376670837402344,0.022867444902658463,0.11547507345676422,0.9998747110366821
syco_bullshit_v2_med_pnf_01,+C,False,14,1,0,True,True,2.0,1.4432275295257568,1.44359290599823,0.00036537647247314453,0.022371385246515274,0.11632518470287323,0.9998799562454224
syco_bullshit_v2_med_pnf_01,+C,False,15,1,0,True,True,2.0,1.4432275295257568,1.4428014755249023,0.0004260540008544922,0.02248700149357319,0.12113279104232788,0.9998786449432373
syco_bullshit_v2_med_pnf_01,+C,False,16,1,0,True,True,2.0,1.4432275295257568,1.4431180953979492,0.00010943412780761719,0.023480094969272614,0.12376338243484497,0.9998676776885986
syco_bullshit_v2_med_pnf_01,+C,False,17,1,0,True,True,2.0,1.4432275295257568,1.4434856176376343,0.0002580881118774414,0.022330043837428093,0.11374127864837646,0.999880313873291
syco_bullshit_v2_med_pnf_01,+C,False,18,1,0,True,True,2.0,1.4432275295257568,1.443738579750061,0.0005110502243041992,0.021501291543245316,0.1120491474866867,0.9998892545700073
syco_bullshit_v2_med_pnf_01,+C,False,19,1,0,True,True,2.0,1.4432275295257568,1.4427034854888916,0.0005240440368652344,0.020822588354349136,0.11201624572277069,0.9998959898948669
syco_bullshit_v2_med_pnf_01,+C,False,20,1,0,True,True,2.0,1.4432275295257568,1.4440325498580933,0.0008050203323364258,0.02343774400651455,0.12289534509181976,0.9998683929443359
syco_bullshit_v2_med_pnf_01,+C,False,21,1,0,True,True,2.0,1.4432275295257568,1.4427191019058228,0.000508427619934082,0.02209841087460518,0.11275801062583923,0.9998828172683716
syco_bullshit_v2_med_pnf_01,+C,False,22,1,0,True,True,2.0,1.4432275295257568,1.4429982900619507,0.00022923946380615234,0.021900180727243423,0.12346035242080688,0.999884843826294
syco_bullshit_v2_med_pnf_01,+C,False,23,1,0,True,True,2.0,1.4432275295257568,1.4432564973831177,2.8967857360839844e-05,0.023139432072639465,0.11930947005748749,0.9998714923858643
syco_bullshit_v2_med_pnf_01,+C,False,24,1,0,True,True,2.0,1.4432275295257568,1.4431519508361816,7.557868957519531e-05,0.020914476364850998,0.11266940832138062,0.9998950362205505
syco_bullshit_v2_med_pnf_01,+C,False,25,1,0,True,True,2.0,1.4432275295257568,1.4429985284805298,0.00022900104522705078,0.022939609363675117,0.11382193863391876,0.9998737573623657
syco_bullshit_v2_med_pnf_01,+C,False,26,1,0,True,True,2.0,1.4432275295257568,1.4436968564987183,0.0004693269729614258,0.021442698314785957,0.11410915851593018,0.9998896718025208
syco_bullshit_v2_med_pnf_01,+C,False,27,1,0,True,True,2.0,1.4432275295257568,1.4424375295639038,0.0007899999618530273,0.020239438861608505,0.1216885894536972,0.9999017715454102
syco_bullshit_v2_med_pnf_01,+C,False,28,1,0,True,True,2.0,1.4432275295257568,1.4437918663024902,0.0005643367767333984,0.02209833450615406,0.12126189470291138,0.9998829364776611
syco_bullshit_v2_med_pnf_01,+C,False,29,1,0,True,True,2.0,1.4432275295257568,1.4434528350830078,0.00022530555725097656,0.01975964941084385,0.10724687576293945,0.9999063014984131
syco_bullshit_v2_med_pnf_01,+C,False,30,1,0,True,True,2.0,1.4432275295257568,1.443657398223877,0.0004298686981201172,0.02250680886209011,0.1203613132238388,0.9998785257339478
syco_bullshit_v2_med_pnf_01,+C,False,31,1,0,True,True,2.0,1.4432275295257568,1.4433495998382568,0.0001220703125,0.023303482681512833,0.11308896541595459,0.999869704246521
syco_bullshit_v2_med_pnf_01,+C,False,32,1,0,True,True,2.0,1.4432275295257568,1.4440975189208984,0.0008699893951416016,0.02170507423579693,0.11453214287757874,0.999887228012085
syco_bullshit_v2_med_pnf_01,+C,False,33,1,0,True,True,2.0,1.4432275295257568,1.4438629150390625,0.0006353855133056641,0.022189712151885033,0.1181173026561737,0.9998819828033447
syco_bullshit_v2_med_pnf_01,+C,False,34,1,0,True,True,2.0,1.4432275295257568,1.443347692489624,0.0001201629638671875,0.02024078369140625,0.10740639269351959,0.9999016523361206
syco_bullshit_v2_med_pnf_01,+C,False,35,1,0,True,True,2.0,1.4432275295257568,1.4433140754699707,8.654594421386719e-05,0.021699802950024605,0.11723227798938751,0.9998869895935059
syco_bullshit_v2_med_pnf_01,+C,False,36,1,0,True,True,2.0,1.4432275295257568,1.442559003829956,0.0006685256958007812,0.02172044664621353,0.1164303869009018,0.9998867511749268
syco_bullshit_v2_med_pnf_01,+C,False,37,1,0,True,True,2.0,1.4432275295257568,1.444004774093628,0.0007772445678710938,0.023611566051840782,0.12561921775341034,0.9998663663864136
syco_bullshit_v2_med_pnf_01,+C,False,38,1,0,True,True,2.0,1.4432275295257568,1.4431743621826172,5.316734313964844e-05,0.02038407325744629,0.1132039725780487,0.9999003410339355
syco_bullshit_v2_med_pnf_01,+C,False,39,1,0,True,True,2.0,1.4432275295257568,1.4438037872314453,0.0005762577056884766,0.021576499566435814,0.11626376211643219,0.9998883605003357
syco_bullshit_v2_med_pnf_01,+C,False,40,1,0,True,True,2.0,1.4432275295257568,1.4432600736618042,3.254413604736328e-05,0.02264753170311451,0.12147600948810577,0.9998769164085388
syco_bullshit_v2_med_pnf_01,+C,False,41,1,0,True,True,2.0,1.4432275295257568,1.4440499544143677,0.0008224248886108398,0.02250603958964348,0.12235647439956665,0.9998786449432373
syco_bullshit_v2_med_pnf_01,+C,False,42,1,0,True,True,2.0,1.4432275295257568,1.443453073501587,0.00022554397583007812,0.021973947063088417,0.1132524311542511,0.9998841285705566
syco_bullshit_v2_med_pnf_01,+C,False,43,1,0,True,True,2.0,1.4432275295257568,1.4430619478225708,0.00016558170318603516,0.021311242133378983,0.11592559516429901,0.9998909831047058
syco_bullshit_v2_med_pnf_01,+C,False,44,1,0,True,True,2.0,1.4432275295257568,1.4433794021606445,0.0001518726348876953,0.022247523069381714,0.11809833347797394,0.9998811483383179
syco_bullshit_v2_med_pnf_01,+C,False,45,1,0,True,True,2.0,1.4432275295257568,1.4438385963439941,0.0006110668182373047,0.02337042987346649,0.1243802011013031,0.9998690485954285
syco_bullshit_v2_med_pnf_01,+C,False,46,1,0,True,True,2.0,1.4432275295257568,1.4429115056991577,0.0003160238265991211,0.02324686385691166,0.11885984241962433,0.9998703002929688
syco_bullshit_v2_med_pnf_01,+C,False,47,1,0,True,True,2.0,1.4432275295257568,1.443751573562622,0.0005240440368652344,0.020498838275671005,0.11088846623897552,0.9998992681503296
syco_bullshit_v2_med_pnf_01,+C,False,48,1,0,True,True,2.0,1.4432275295257568,1.4436699151992798,0.0004423856735229492,0.01936933770775795,0.11351341009140015,0.9999099969863892
syco_bullshit_v2_med_pnf_01,+C,False,49,1,0,True,True,2.0,1.4432275295257568,1.44264817237854,0.0005793571472167969,0.023001475259661674,0.10977201163768768,0.9998730421066284
syco_bullshit_v2_med_pnf_01,+C,False,50,1,0,True,True,2.0,1.4432275295257568,1.4428526163101196,0.00037491321563720703,0.024139132350683212,0.11774857342243195,0.9998601675033569
syco_bullshit_v2_med_pnf_01,+C,False,51,1,0,True,True,2.0,1.4432275295257568,1.4446691274642944,0.0014415979385375977,0.02331099845468998,0.11634235084056854,0.9998703002929688
syco_bullshit_v2_med_pnf_01,+C,False,52,1,0,True,True,2.0,1.4432275295257568,1.4440170526504517,0.0007895231246948242,0.020794149488210678,0.11736567318439484,0.9998964667320251
syco_bullshit_v2_med_pnf_01,+C,False,53,1,0,True,True,2.0,1.4432275295257568,1.443030595779419,0.00019693374633789062,0.022328300401568413,0.11823844909667969,0.999880313873291
syco_bullshit_v2_med_pnf_01,+C,False,54,1,0,True,True,2.0,1.4432275295257568,1.4428832530975342,0.00034427642822265625,0.0236668661236763,0.12182432413101196,0.9998655915260315
syco_bullshit_v2_med_pnf_01,+C,False,55,1,0,True,True,2.0,1.4432275295257568,1.4433850049972534,0.00015747547149658203,0.0195324644446373,0.11337874829769135,0.9999083876609802
syco_bullshit_v2_med_pnf_01,+C,False,56,1,0,True,True,2.0,1.4432275295257568,1.443528652191162,0.00030112266540527344,0.02156200259923935,0.11335007846355438,0.9998884201049805
syco_bullshit_v2_med_pnf_01,+C,False,57,1,0,True,True,2.0,1.4432275295257568,1.4426982402801514,0.0005292892456054688,0.02318717911839485,0.11734551191329956,0.9998709559440613
syco_bullshit_v2_med_pnf_01,+C,False,58,1,0,True,True,2.0,1.4432275295257568,1.4440559148788452,0.0008283853530883789,0.022382112219929695,0.12001490592956543,0.9998800754547119
syco_bullshit_v2_med_pnf_01,+C,False,59,1,0,True,True,2.0,1.4432275295257568,1.444358468055725,0.0011309385299682617,0.019438892602920532,0.11447377502918243,0.9999096989631653
syco_bullshit_v2_med_pnf_01,+C,False,60,1,0,True,True,2.0,1.4432275295257568,1.4433372020721436,0.00010967254638671875,0.01485107745975256,0.09002961218357086,0.9999470710754395
syco_bullshit_v2_med_pnf_01,+C,False,61,1,0,True,True,2.0,1.4432275295257568,1.4436428546905518,0.0004153251647949219,0.018236851319670677,0.09991300106048584,0.9999203085899353
syco_bullshit_v2_med_pnf_01,-C,False,0,49,48,True,True,-2.0,1.4432275295257568,1.4433279037475586,0.00010037422180175781,0.018623730167746544,0.10666368901729584,0.9999167919158936
syco_bullshit_v2_med_pnf_01,-C,False,1,1,0,True,True,-2.0,1.4432275295257568,1.4432224035263062,5.125999450683594e-06,0.022227346897125244,0.11398063600063324,0.9998814463615417
syco_bullshit_v2_med_pnf_01,-C,False,2,1,0,True,True,-2.0,1.4432275295257568,1.4433921575546265,0.0001646280288696289,0.023237979039549828,0.12023460865020752,0.9998704195022583
syco_bullshit_v2_med_pnf_01,-C,False,3,1,0,True,True,-2.0,1.4432275295257568,1.4419888257980347,0.001238703727722168,0.02135906182229519,0.11624100804328918,0.999890923500061
syco_bullshit_v2_med_pnf_01,-C,False,4,1,0,True,True,-2.0,1.4432275295257568,1.442996621131897,0.00023090839385986328,0.01970074512064457,0.10968898236751556,0.9999068975448608
syco_bullshit_v2_med_pnf_01,-C,False,5,1,0,True,True,-2.0,1.4432275295257568,1.4431073665618896,0.0001201629638671875,0.022590601816773415,0.11669659614562988,0.9998775124549866
syco_bullshit_v2_med_pnf_01,-C,False,6,1,0,True,True,-2.0,1.4432275295257568,1.4427560567855835,0.00047147274017333984,0.020927824079990387,0.11278773844242096,0.9998947978019714
syco_bullshit_v2_med_pnf_01,-C,False,7,1,0,True,True,-2.0,1.4432275295257568,1.4433856010437012,0.00015807151794433594,0.022398868575692177,0.11659923195838928,0.9998795986175537
syco_bullshit_v2_med_pnf_01,-C,False,8,1,0,True,True,-2.0,1.4432275295257568,1.4425413608551025,0.0006861686706542969,0.0232568196952343,0.11938886344432831,0.9998701810836792
syco_bullshit_v2_med_pnf_01,-C,False,9,1,0,True,True,-2.0,1.4432275295257568,1.4432342052459717,6.67572021484375e-06,0.019917190074920654,0.11427126824855804,0.9999048709869385
syco_bullshit_v2_med_pnf_01,-C,False,10,1,0,True,True,-2.0,1.4432275295257568,1.4423905611038208,0.0008369684219360352,0.02262124791741371,0.11594560742378235,0.9998773336410522
syco_bullshit_v2_med_pnf_01,-C,False,11,1,0,True,True,-2.0,1.4432275295257568,1.4438765048980713,0.0006489753723144531,0.024207619950175285,0.12317708134651184,0.9998595118522644
syco_bullshit_v2_med_pnf_01,-C,False,12,1,0,True,True,-2.0,1.4432275295257568,1.442995548248291,0.0002319812774658203,0.020203029736876488,0.11010730266571045,0.9999020099639893
syco_bullshit_v2_med_pnf_01,-C,False,13,1,0,True,True,-2.0,1.4432275295257568,1.4435782432556152,0.00035071372985839844,0.023319201543927193,0.11547507345676422,0.9998695850372314
syco_bullshit_v2_med_pnf_01,-C,False,14,1,0,True,True,-2.0,1.4432275295257568,1.442962408065796,0.0002651214599609375,0.02293148823082447,0.11632518470287323,0.9998737573623657
syco_bullshit_v2_med_pnf_01,-C,False,15,1,0,True,True,-2.0,1.4432275295257568,1.442690372467041,0.0005371570587158203,0.022653112187981606,0.12113279104232788,0.999876856803894
syco_bullshit_v2_med_pnf_01,-C,False,16,1,0,True,True,-2.0,1.4432275295257568,1.442805290222168,0.0004222393035888672,0.024096474051475525,0.12376338243484497,0.9998606443405151
syco_bullshit_v2_med_pnf_01,-C,False,17,1,0,True,True,-2.0,1.4432275295257568,1.4435888528823853,0.00036132335662841797,0.022054441273212433,0.11374127864837646,0.9998832941055298
syco_bullshit_v2_med_pnf_01,-C,False,18,1,0,True,True,-2.0,1.4432275295257568,1.4437369108200073,0.0005093812942504883,0.021852517500519753,0.1120491474866867,0.9998854398727417
syco_bullshit_v2_med_pnf_01,-C,False,19,1,0,True,True,-2.0,1.4432275295257568,1.4426045417785645,0.0006229877471923828,0.020742425695061684,0.11201624572277069,0.9998968243598938
syco_bullshit_v2_med_pnf_01,-C,False,20,1,0,True,True,-2.0,1.4432275295257568,1.4453951120376587,0.0021675825119018555,0.024162396788597107,0.12289534509181976,0.9998612403869629
syco_bullshit_v2_med_pnf_01,-C,False,21,1,0,True,True,-2.0,1.4432275295257568,1.4429612159729004,0.0002663135528564453,0.0219108946621418,0.11275801062583923,0.999884843826294
syco_bullshit_v2_med_pnf_01,-C,False,22,1,0,True,True,-2.0,1.4432275295257568,1.4437578916549683,0.0005303621292114258,0.02200663648545742,0.12346035242080688,0.9998838901519775
syco_bullshit_v2_med_pnf_01,-C,False,23,1,0,True,True,-2.0,1.4432275295257568,1.4436935186386108,0.0004659891128540039,0.023586370050907135,0.11930947005748749,0.9998664855957031
syco_bullshit_v2_med_pnf_01,-C,False,24,1,0,True,True,-2.0,1.4432275295257568,1.4426941871643066,0.0005333423614501953,0.02119811438024044,0.11266940832138062,0.9998921155929565
syco_bullshit_v2_med_pnf_01,-C,False,25,1,0,True,True,-2.0,1.4432275295257568,1.4435580968856812,0.0003305673599243164,0.023322146385908127,0.11382193863391876,0.9998695254325867
syco_bullshit_v2_med_pnf_01,-C,False,26,1,0,True,True,-2.0,1.4432275295257568,1.4440089464187622,0.0007814168930053711,0.020867740735411644,0.11410915851593018,0.9998956918716431
syco_bullshit_v2_med_pnf_01,-C,False,27,1,0,True,True,-2.0,1.4432275295257568,1.4431229829788208,0.00010454654693603516,0.021076906472444534,0.1216885894536972,0.9998934268951416
syco_bullshit_v2_med_pnf_01,-C,False,28,1,0,True,True,-2.0,1.4432275295257568,1.4429482221603394,0.00027930736541748047,0.022471819072961807,0.12126189470291138,0.9998788237571716
syco_bullshit_v2_med_pnf_01,-C,False,29,1,0,True,True,-2.0,1.4432275295257568,1.4441865682601929,0.0009590387344360352,0.020741896703839302,0.1171366274356842,0.9998970627784729
syco_bullshit_v2_med_pnf_01,-C,False,30,1,0,True,True,-2.0,1.4432275295257568,1.4427540302276611,0.0004734992980957031,0.020804010331630707,0.10434924066066742,0.9998961687088013
syco_bullshit_v2_med_pnf_01,-C,False,31,1,0,True,True,-2.0,1.4432275295257568,1.4442015886306763,0.0009740591049194336,0.01990608684718609,0.10673083364963531,0.9999052882194519
syco_bullshit_v2_med_pnf_01,-C,False,32,1,0,True,True,-2.0,1.4432275295257568,1.442949652671814,0.0002778768539428711,0.023540163412690163,0.12072749435901642,0.9998669624328613
syco_bullshit_v2_med_pnf_01,-C,False,33,1,0,True,True,-2.0,1.4432275295257568,1.4433817863464355,0.00015425682067871094,0.02025654725730419,0.11157625913619995,0.999901533126831
syco_bullshit_v2_med_pnf_01,-C,False,34,1,0,True,True,-2.0,1.4432275295257568,1.4433387517929077,0.0001112222671508789,0.020363742485642433,0.11145074665546417,0.9999004602432251
syco_bullshit_v2_med_pnf_01,-C,False,35,1,0,True,True,-2.0,1.4432275295257568,1.4430512189865112,0.00017631053924560547,0.020172230899333954,0.10866095125675201,0.9999023079872131
syco_bullshit_v2_med_pnf_01,-C,False,36,1,0,True,True,-2.0,1.4432275295257568,1.4426369667053223,0.0005905628204345703,0.022414514794945717,0.11461865901947021,0.9998794794082642
syco_bullshit_v2_med_pnf_01,-C,False,37,1,0,True,True,-2.0,1.4432275295257568,1.4437925815582275,0.0005650520324707031,0.02354203537106514,0.11808162927627563,0.9998670816421509
syco_bullshit_v2_med_pnf_01,-C,False,38,1,0,True,True,-2.0,1.4432275295257568,1.4438997507095337,0.0006722211837768555,0.024600185453891754,0.1229187548160553,0.9998549222946167
syco_bullshit_v2_med_pnf_01,-C,False,39,1,0,True,True,-2.0,1.4432275295257568,1.4437899589538574,0.0005624294281005859,0.022713329643011093,0.11781607568264008,0.9998763203620911
syco_bullshit_v2_med_pnf_01,-C,False,40,1,0,True,True,-2.0,1.4432275295257568,1.4435621500015259,0.00033462047576904297,0.022169752046465874,0.11440406739711761,0.999882161617279
syco_bullshit_v2_med_pnf_01,-C,False,41,1,0,True,True,-2.0,1.4432275295257568,1.4423431158065796,0.0008844137191772461,0.019575579091906548,0.10297469794750214,0.9999081492424011
syco_bullshit_v2_med_pnf_01,-C,False,42,1,0,True,True,-2.0,1.4432275295257568,1.4437412023544312,0.0005136728286743164,0.02390621230006218,0.12364095449447632,0.9998629689216614
syco_bullshit_v2_med_pnf_01,-C,False,43,1,0,True,True,-2.0,1.4432275295257568,1.4434008598327637,0.00017333030700683594,0.022923056036233902,0.12540343403816223,0.9998738765716553
syco_bullshit_v2_med_pnf_01,-C,False,44,1,0,True,True,-2.0,1.4432275295257568,1.4421055316925049,0.0011219978332519531,0.02431453764438629,0.12703195214271545,0.9998583793640137
syco_bullshit_v2_med_pnf_01,-C,False,45,1,0,True,True,-2.0,1.4432275295257568,1.4436546564102173,0.0004271268844604492,0.02012738026678562,0.10700377821922302,0.9999028444290161
syco_bullshit_v2_med_pnf_01,-C,False,46,1,0,True,True,-2.0,1.4432275295257568,1.4432950019836426,6.747245788574219e-05,0.021982498466968536,0.11479644477367401,0.9998840689659119
syco_bullshit_v2_med_pnf_01,-C,False,47,1,0,True,True,-2.0,1.4432275295257568,1.4428842067718506,0.00034332275390625,0.02213413268327713,0.12077324092388153,0.9998824596405029
syco_bullshit_v2_med_pnf_01,-C,False,48,1,0,True,True,-2.0,1.4432275295257568,1.443620204925537,0.00039267539978027344,0.025466999039053917,0.1319609433412552,0.9998443126678467
syco_bullshit_v2_med_pnf_01,-C,False,49,1,0,True,True,-2.0,1.4432275295257568,1.4442983865737915,0.001070857048034668,0.023665746673941612,0.12526163458824158,0.9998658895492554
syco_bullshit_v2_med_pnf_01,-C,False,50,1,0,True,True,-2.0,1.4432275295257568,1.4439500570297241,0.0007225275039672852,0.02109314128756523,0.11855323612689972,0.9998934268951416
syco_bullshit_v2_med_pnf_01,-C,False,51,1,0,True,True,-2.0,1.4432275295257568,1.4441248178482056,0.0008972883224487305,0.020503617823123932,0.11304326355457306,0.9998993873596191
syco_bullshit_v2_med_pnf_01,-C,False,52,1,0,True,True,-2.0,1.4432275295257568,1.4438201189041138,0.0005925893783569336,0.020449219271540642,0.10785822570323944,0.9998998045921326
syco_bullshit_v2_med_pnf_01,-C,False,53,1,0,True,True,-2.0,1.4432275295257568,1.4444985389709473,0.0012710094451904297,0.022306395694613457,0.1163875013589859,0.9998810291290283
syco_bullshit_v2_med_pnf_01,-C,False,54,1,0,True,True,-2.0,1.4432275295257568,1.443007230758667,0.00022029876708984375,0.020471101626753807,0.11133982241153717,0.9998993873596191
syco_bullshit_v2_med_pnf_01,-C,False,55,1,0,True,True,-2.0,1.4432275295257568,1.444471836090088,0.0012443065643310547,0.022359298542141914,0.11775611340999603,0.9998804330825806
syco_bullshit_v2_med_pnf_01,-C,False,56,1,0,True,True,-2.0,1.4432275295257568,1.4438308477401733,0.0006033182144165039,0.023816639557480812,0.12339778244495392,0.9998639822006226
syco_bullshit_v2_med_pnf_01,-C,False,57,1,0,True,True,-2.0,1.4432275295257568,1.4439386129379272,0.0007110834121704102,0.019176635891199112,0.11154986917972565,0.999911904335022
syco_bullshit_v2_med_pnf_01,-C,False,58,1,0,True,True,-2.0,1.4432275295257568,1.4432650804519653,3.7550926208496094e-05,0.01483242493122816,0.09050141274929047,0.9999472498893738
syco_bullshit_v2_med_pnf_01,-C,False,59,1,0,True,True,-2.0,1.4432275295257568,1.4436887502670288,0.00046122074127197266,0.017850542441010475,0.09797950088977814,0.9999235272407532
syco_bullshit_v2_med_pnf_02,+C,False,0,59,58,True,True,2.0,1.4432275295257568,1.444155216217041,0.0009276866912841797,0.019275952130556107,0.1097886860370636,0.9999111294746399
syco_bullshit_v2_med_pnf_02,+C,False,1,1,0,True,True,2.0,1.4432275295257568,1.4434216022491455,0.00019407272338867188,0.020272666588425636,0.10862082242965698,0.9999014139175415
syco_bullshit_v2_med_pnf_02,+C,False,2,1,0,True,True,2.0,1.4432275295257568,1.4427498579025269,0.00047767162322998047,0.02210729382932186,0.11095447838306427,0.999882698059082
syco_bullshit_v2_med_pnf_02,+C,False,3,1,0,True,True,2.0,1.4432275295257568,1.4431178569793701,0.00010967254638671875,0.022226855158805847,0.11180698871612549,0.999881386756897
syco_bullshit_v2_med_pnf_02,+C,False,4,1,0,True,True,2.0,1.4432275295257568,1.4429597854614258,0.0002677440643310547,0.02280632220208645,0.12323123216629028,0.9998751878738403
syco_bullshit_v2_med_pnf_02,+C,False,5,1,0,True,True,2.0,1.4432275295257568,1.4423762559890747,0.0008512735366821289,0.02183159440755844,0.11983683705329895,0.9998856782913208
syco_bullshit_v2_med_pnf_02,+C,False,6,1,0,True,True,2.0,1.4432275295257568,1.4432069063186646,2.0623207092285156e-05,0.021481448784470558,0.1175207793712616,0.9998893141746521
syco_bullshit_v2_med_pnf_02,+C,False,7,1,0,True,True,2.0,1.4432275295257568,1.443185806274414,4.172325134277344e-05,0.0210250373929739,0.11070235073566437,0.9998939037322998
syco_bullshit_v2_med_pnf_02,+C,False,8,1,0,True,True,2.0,1.4432275295257568,1.4428691864013672,0.00035834312438964844,0.023035963997244835,0.11845879256725311,0.9998725652694702
syco_bullshit_v2_med_pnf_02,+C,False,9,1,0,True,True,2.0,1.4432275295257568,1.441789150238037,0.0014383792877197266,0.024226777255535126,0.12406224012374878,0.9998594522476196
syco_bullshit_v2_med_pnf_02,+C,False,10,1,0,True,True,2.0,1.4432275295257568,1.4433940649032593,0.0001665353775024414,0.023513177409768105,0.12041327357292175,0.99986732006073
syco_bullshit_v2_med_pnf_02,+C,False,11,1,0,True,True,2.0,1.4432275295257568,1.4431233406066895,0.00010418891906738281,0.02040882594883442,0.10720182955265045,0.9999000430107117
syco_bullshit_v2_med_pnf_02,+C,False,12,1,0,True,True,2.0,1.4432275295257568,1.4435681104660034,0.00034058094024658203,0.020865676924586296,0.10871130228042603,0.9998956322669983
syco_bullshit_v2_med_pnf_02,+C,False,13,1,0,True,True,2.0,1.4432275295257568,1.4426515102386475,0.000576019287109375,0.01947362720966339,0.09894569218158722,0.9999090433120728
syco_bullshit_v2_med_pnf_02,+C,False,14,1,0,True,True,2.0,1.4432275295257568,1.4432709217071533,4.3392181396484375e-05,0.02161981165409088,0.10891035199165344,0.9998878240585327
syco_bullshit_v2_med_pnf_02,+C,False,15,1,0,True,True,2.0,1.4432275295257568,1.443003535270691,0.00022399425506591797,0.02057676576077938,0.10435888171195984,0.9998983144760132
syco_bullshit_v2_med_pnf_02,+C,False,16,1,0,True,True,2.0,1.4432275295257568,1.441908836364746,0.0013186931610107422,0.022619636729359627,0.12503796815872192,0.9998775124549866
syco_bullshit_v2_med_pnf_02,+C,False,17,1,0,True,True,2.0,1.4432275295257568,1.4430477619171143,0.00017976760864257812,0.021330324932932854,0.11944986879825592,0.9998908638954163
syco_bullshit_v2_med_pnf_02,+C,False,18,1,0,True,True,2.0,1.4432275295257568,1.4435192346572876,0.0002917051315307617,0.021064836531877518,0.10911400616168976,0.9998936057090759
syco_bullshit_v2_med_pnf_02,+C,False,19,1,0,True,True,2.0,1.4432275295257568,1.442847728729248,0.00037980079650878906,0.023094093427062035,0.12889240682125092,0.9998720288276672
syco_bullshit_v2_med_pnf_02,+C,False,20,1,0,True,True,2.0,1.4432275295257568,1.4428975582122803,0.0003299713134765625,0.021325159817934036,0.11715313792228699,0.9998908042907715
syco_bullshit_v2_med_pnf_02,+C,False,21,1,0,True,True,2.0,1.4432275295257568,1.4432815313339233,5.4001808166503906e-05,0.020303858444094658,0.10916358232498169,0.9999009966850281
syco_bullshit_v2_med_pnf_02,+C,False,22,1,0,True,True,2.0,1.4432275295257568,1.4443551301956177,0.0011276006698608398,0.02197694592177868,0.11942970752716064,0.9998844861984253
syco_bullshit_v2_med_pnf_02,+C,False,23,1,0,True,True,2.0,1.4432275295257568,1.4441121816635132,0.0008846521377563477,0.020158646628260612,0.11534669995307922,0.9999026656150818
syco_bullshit_v2_med_pnf_02,+C,False,24,1,0,True,True,2.0,1.4432275295257568,1.442723035812378,0.0005044937133789062,0.021389836445450783,0.11788332462310791,0.9998902082443237
syco_bullshit_v2_med_pnf_02,+C,False,25,1,0,True,True,2.0,1.4432275295257568,1.443169116973877,5.841255187988281e-05,0.019666919484734535,0.1099914163351059,0.9999071359634399
syco_bullshit_v2_med_pnf_02,+C,False,26,1,0,True,True,2.0,1.4432275295257568,1.4438962936401367,0.0006687641143798828,0.022598402574658394,0.11994491517543793,0.9998776316642761
syco_bullshit_v2_med_pnf_02,+C,False,27,1,0,True,True,2.0,1.4432275295257568,1.4426227807998657,0.0006047487258911133,0.023059234023094177,0.11721384525299072,0.9998724460601807
syco_bullshit_v2_med_pnf_02,+C,False,28,1,0,True,True,2.0,1.4432275295257568,1.4432076215744019,1.990795135498047e-05,0.02130127139389515,0.11125490069389343,0.9998910427093506
syco_bullshit_v2_med_pnf_02,+C,False,29,1,0,True,True,2.0,1.4432275295257568,1.4417084455490112,0.0015190839767456055,0.02106970176100731,0.10974209010601044,0.9998939037322998
syco_bullshit_v2_med_pnf_02,+C,False,30,1,0,True,True,2.0,1.4432275295257568,1.4424011707305908,0.0008263587951660156,0.02377663552761078,0.11902377009391785,0.9998643398284912
syco_bullshit_v2_med_pnf_02,+C,False,31,1,0,True,True,2.0,1.4432275295257568,1.4431065320968628,0.00012099742889404297,0.022854914888739586,0.12201899290084839,0.9998745918273926
syco_bullshit_v2_med_pnf_02,+C,False,32,1,0,True,True,2.0,1.4432275295257568,1.4429359436035156,0.00029158592224121094,0.019958678632974625,0.10199253261089325,0.9999043941497803
syco_bullshit_v2_med_pnf_02,+C,False,33,1,0,True,True,2.0,1.4432275295257568,1.442512035369873,0.0007154941558837891,0.021530110388994217,0.11012935638427734,0.9998888969421387
syco_bullshit_v2_med_pnf_02,+C,False,34,1,0,True,True,2.0,1.4432275295257568,1.4433174133300781,8.988380432128906e-05,0.02357247844338417,0.11927738785743713,0.9998666048049927
syco_bullshit_v2_med_pnf_02,+C,False,35,1,0,True,True,2.0,1.4432275295257568,1.4430450201034546,0.0001825094223022461,0.019109614193439484,0.09976173937320709,0.9999122619628906
syco_bullshit_v2_med_pnf_02,+C,False,36,1,0,True,True,2.0,1.4432275295257568,1.4437202215194702,0.0004926919937133789,0.02047758735716343,0.10829786956310272,0.9998994469642639
syco_bullshit_v2_med_pnf_02,+C,False,37,1,0,True,True,2.0,1.4432275295257568,1.4435685873031616,0.00034105777740478516,0.025291839614510536,0.12501278519630432,0.9998465776443481
syco_bullshit_v2_med_pnf_02,+C,False,38,1,0,True,True,2.0,1.4432275295257568,1.4436911344528198,0.0004636049270629883,0.02245927043259144,0.11887361109256744,0.999879002571106
syco_bullshit_v2_med_pnf_02,+C,False,39,1,0,True,True,2.0,1.4432275295257568,1.4443358182907104,0.0011082887649536133,0.024357257410883904,0.12140743434429169,0.999858021736145
syco_bullshit_v2_med_pnf_02,+C,False,40,1,0,True,True,2.0,1.4432275295257568,1.4425561428070068,0.00067138671875,0.019860900938510895,0.12219418585300446,0.9999054074287415
syco_bullshit_v2_med_pnf_02,+C,False,41,1,0,True,True,2.0,1.4432275295257568,1.4440395832061768,0.0008120536804199219,0.01980583369731903,0.10618151724338531,0.9999061226844788
syco_bullshit_v2_med_pnf_02,+C,False,42,1,0,True,True,2.0,1.4432275295257568,1.4432802200317383,5.269050598144531e-05,0.022170698270201683,0.11785940825939178,0.9998821020126343
syco_bullshit_v2_med_pnf_02,+C,False,43,1,0,True,True,2.0,1.4432275295257568,1.4434528350830078,0.00022530555725097656,0.02402324229478836,0.1271492838859558,0.9998615384101868
syco_bullshit_v2_med_pnf_02,+C,False,44,1,0,True,True,2.0,1.4432275295257568,1.4431004524230957,0.0001270771026611328,0.01886412873864174,0.11313746869564056,0.9999146461486816
syco_bullshit_v2_med_pnf_02,+C,False,45,1,0,True,True,2.0,1.4432275295257568,1.4440491199493408,0.0008215904235839844,0.018096722662448883,0.11068400740623474,0.9999215602874756
syco_bullshit_v2_med_pnf_02,+C,False,46,1,0,True,True,2.0,1.4432275295257568,1.4424445629119873,0.0007829666137695312,0.023571912199258804,0.12553927302360535,0.9998667240142822
syco_bullshit_v2_med_pnf_02,+C,False,47,1,0,True,True,2.0,1.4432275295257568,1.4434232711791992,0.0001957416534423828,0.021402422338724136,0.11774285137653351,0.9998899698257446
syco_bullshit_v2_med_pnf_02,+C,False,48,1,0,True,True,2.0,1.4432275295257568,1.4433425664901733,0.0001150369644165039,0.020783640444278717,0.12087921798229218,0.9998962879180908
syco_bullshit_v2_med_pnf_02,+C,False,49,1,0,True,True,2.0,1.4432275295257568,1.443434238433838,0.0002067089080810547,0.019873442128300667,0.11065062880516052,0.9999052286148071
syco_bullshit_v2_med_pnf_02,+C,False,50,1,0,True,True,2.0,1.4432275295257568,1.4445873498916626,0.0013598203659057617,0.023973742499947548,0.12157736718654633,0.9998626112937927
syco_bullshit_v2_med_pnf_02,+C,False,51,1,0,True,True,2.0,1.4432275295257568,1.442582130432129,0.0006453990936279297,0.02375020831823349,0.12057118117809296,0.9998646974563599
syco_bullshit_v2_med_pnf_02,+C,False,52,1,0,True,True,2.0,1.4432275295257568,1.4437631368637085,0.0005356073379516602,0.021206680685281754,0.11249187588691711,0.9998922348022461
syco_bullshit_v2_med_pnf_02,+C,False,53,1,0,True,True,2.0,1.4432275295257568,1.4432793855667114,5.1856040954589844e-05,0.020697277039289474,0.10589626431465149,0.9998972415924072
syco_bullshit_v2_med_pnf_02,+C,False,54,1,0,True,True,2.0,1.4432275295257568,1.442805528640747,0.0004220008850097656,0.023275868967175484,0.12016162276268005,0.9998698830604553
syco_bullshit_v2_med_pnf_02,+C,False,55,1,0,True,True,2.0,1.4432275295257568,1.4431850910186768,4.2438507080078125e-05,0.02008686028420925,0.11098164319992065,0.99990314245224
syco_bullshit_v2_med_pnf_02,+C,False,56,1,0,True,True,2.0,1.4432275295257568,1.4426839351654053,0.0005435943603515625,0.021860118955373764,0.11313560605049133,0.9998853206634521
syco_bullshit_v2_med_pnf_02,+C,False,57,1,0,True,True,2.0,1.4432275295257568,1.4443621635437012,0.001134634017944336,0.020887205377221107,0.11141000688076019,0.9998957514762878
syco_bullshit_v2_med_pnf_02,+C,False,58,1,0,True,True,2.0,1.4432275295257568,1.4437133073806763,0.0004857778549194336,0.02231251820921898,0.11560027301311493,0.9998805522918701
syco_bullshit_v2_med_pnf_02,+C,False,59,1,0,True,True,2.0,1.4432275295257568,1.4438161849975586,0.0005886554718017578,0.0232256967574358,0.1207694411277771,0.9998706579208374
syco_bullshit_v2_med_pnf_02,+C,False,60,1,0,True,True,2.0,1.4432275295257568,1.4438176155090332,0.0005900859832763672,0.020682254806160927,0.1153608113527298,0.9998974800109863
syco_bullshit_v2_med_pnf_02,+C,False,61,1,0,True,True,2.0,1.4432275295257568,1.4438048601150513,0.0005773305892944336,0.019882775843143463,0.11490575969219208,0.9999051690101624
syco_bullshit_v2_med_pnf_02,+C,False,62,1,0,True,True,2.0,1.4432275295257568,1.4434574842453003,0.00022995471954345703,0.021208293735980988,0.12052381038665771,0.9998920559883118
syco_bullshit_v2_med_pnf_02,+C,False,63,1,0,True,True,2.0,1.4432275295257568,1.4435638189315796,0.0003362894058227539,0.02069872058928013,0.11258101463317871,0.9998971819877625
syco_bullshit_v2_med_pnf_02,+C,False,64,1,0,True,True,2.0,1.4432275295257568,1.4432775974273682,5.0067901611328125e-05,0.019178075715899467,0.10072563588619232,0.9999117851257324
syco_bullshit_v2_med_pnf_02,+C,False,65,1,0,True,True,2.0,1.4432275295257568,1.4432295560836792,2.0265579223632812e-06,0.02234884724020958,0.11785681545734406,0.9998800754547119
syco_bullshit_v2_med_pnf_02,+C,False,66,1,0,True,True,2.0,1.4432275295257568,1.4439834356307983,0.0007559061050415039,0.023148201406002045,0.12168091535568237,0.9998716115951538
syco_bullshit_v2_med_pnf_02,+C,False,67,1,0,True,True,2.0,1.4432275295257568,1.444229006767273,0.0010014772415161133,0.018868159502744675,0.10955668985843658,0.9999148845672607
syco_bullshit_v2_med_pnf_02,+C,False,68,1,0,True,True,2.0,1.4432275295257568,1.4435734748840332,0.0003459453582763672,0.014827229082584381,0.08862707018852234,0.9999472498893738
syco_bullshit_v2_med_pnf_02,+C,False,69,1,0,True,True,2.0,1.4432275295257568,1.4429517984390259,0.00027573108673095703,0.017814841121435165,0.09771125018596649,0.9999238848686218
syco_bullshit_v2_med_pnf_02,-C,False,0,59,58,True,True,-2.0,1.4432275295257568,1.444062352180481,0.0008348226547241211,0.019295817241072655,0.1097886860370636,0.999910831451416
syco_bullshit_v2_med_pnf_02,-C,False,1,1,0,True,True,-2.0,1.4432275295257568,1.4424681663513184,0.0007593631744384766,0.020018506795167923,0.10862082242965698,0.9999039173126221
syco_bullshit_v2_med_pnf_02,-C,False,2,1,0,True,True,-2.0,1.4432275295257568,1.4426466226577759,0.000580906867980957,0.02160433493554592,0.11095447838306427,0.999888002872467
syco_bullshit_v2_med_pnf_02,-C,False,3,1,0,True,True,-2.0,1.4432275295257568,1.4429030418395996,0.00032448768615722656,0.02273259311914444,0.11180698871612549,0.9998760223388672
syco_bullshit_v2_med_pnf_02,-C,False,4,1,0,True,True,-2.0,1.4432275295257568,1.4438402652740479,0.0006127357482910156,0.022985277697443962,0.12323123216629028,0.9998733401298523
syco_bullshit_v2_med_pnf_02,-C,False,5,1,0,True,True,-2.0,1.4432275295257568,1.442274808883667,0.0009527206420898438,0.02210797369480133,0.11983683705329895,0.9998828172683716
syco_bullshit_v2_med_pnf_02,-C,False,6,1,0,True,True,-2.0,1.4432275295257568,1.4440371990203857,0.0008096694946289062,0.021690264344215393,0.1175207793712616,0.9998872876167297
syco_bullshit_v2_med_pnf_02,-C,False,7,1,0,True,True,-2.0,1.4432275295257568,1.4435096979141235,0.0002821683883666992,0.021244628354907036,0.11070235073566437,0.9998916387557983
syco_bullshit_v2_med_pnf_02,-C,False,8,1,0,True,True,-2.0,1.4432275295257568,1.4432393312454224,1.1801719665527344e-05,0.023079998791217804,0.11845879256725311,0.9998722076416016
syco_bullshit_v2_med_pnf_02,-C,False,9,1,0,True,True,-2.0,1.4432275295257568,1.442484974861145,0.0007425546646118164,0.024143001064658165,0.12406224012374878,0.9998601675033569
syco_bullshit_v2_med_pnf_02,-C,False,10,1,0,True,True,-2.0,1.4432275295257568,1.4429668188095093,0.0002607107162475586,0.023492611944675446,0.12041327357292175,0.9998674988746643
syco_bullshit_v2_med_pnf_02,-C,False,11,1,0,True,True,-2.0,1.4432275295257568,1.4430382251739502,0.00018930435180664062,0.020968910306692123,0.10720182955265045,0.9998944401741028
syco_bullshit_v2_med_pnf_02,-C,False,12,1,0,True,True,-2.0,1.4432275295257568,1.4436688423156738,0.0004413127899169922,0.02094043791294098,0.10871130228042603,0.9998948574066162
syco_bullshit_v2_med_pnf_02,-C,False,13,1,0,True,True,-2.0,1.4432275295257568,1.4429984092712402,0.00022912025451660156,0.01968228630721569,0.09894569218158722,0.9999070167541504
syco_bullshit_v2_med_pnf_02,-C,False,14,1,0,True,True,-2.0,1.4432275295257568,1.4424591064453125,0.0007684230804443359,0.021662043407559395,0.10891035199165344,0.9998875260353088
syco_bullshit_v2_med_pnf_02,-C,False,15,1,0,True,True,-2.0,1.4432275295257568,1.4424550533294678,0.0007724761962890625,0.019986627623438835,0.10355451703071594,0.9999041557312012
syco_bullshit_v2_med_pnf_02,-C,False,16,1,0,True,True,-2.0,1.4432275295257568,1.4433032274246216,7.56978988647461e-05,0.023261576890945435,0.12518616020679474,0.9998701214790344
syco_bullshit_v2_med_pnf_02,-C,False,17,1,0,True,True,-2.0,1.4432275295257568,1.4431520700454712,7.545948028564453e-05,0.02157423458993435,0.11448457837104797,0.9998881816864014
syco_bullshit_v2_med_pnf_02,-C,False,18,1,0,True,True,-2.0,1.4432275295257568,1.4436951875686646,0.00046765804290771484,0.021291928365826607,0.12110410630702972,0.9998913407325745
syco_bullshit_v2_med_pnf_02,-C,False,19,1,0,True,True,-2.0,1.4432275295257568,1.4442743062973022,0.0010467767715454102,0.02291414514183998,0.12168094515800476,0.9998743534088135
syco_bullshit_v2_med_pnf_02,-C,False,20,1,0,True,True,-2.0,1.4432275295257568,1.442835807800293,0.0003917217254638672,0.021529508754611015,0.11675567924976349,0.9998887777328491
syco_bullshit_v2_med_pnf_02,-C,False,21,1,0,True,True,-2.0,1.4432275295257568,1.4437620639801025,0.0005345344543457031,0.02104618214070797,0.11848783493041992,0.999893844127655
syco_bullshit_v2_med_pnf_02,-C,False,22,1,0,True,True,-2.0,1.4432275295257568,1.442916750907898,0.0003107786178588867,0.021334726363420486,0.11878885328769684,0.9998907446861267
syco_bullshit_v2_med_pnf_02,-C,False,23,1,0,True,True,-2.0,1.4432275295257568,1.4435100555419922,0.00028252601623535156,0.020692551508545876,0.10881645977497101,0.999897301197052
syco_bullshit_v2_med_pnf_02,-C,False,24,1,0,True,True,-2.0,1.4432275295257568,1.443204402923584,2.3126602172851562e-05,0.024163570255041122,0.12703897058963776,0.9998599290847778
syco_bullshit_v2_med_pnf_02,-C,False,25,1,0,True,True,-2.0,1.4432275295257568,1.4427417516708374,0.0004857778549194336,0.021379509940743446,0.1166643351316452,0.9998903274536133
syco_bullshit_v2_med_pnf_02,-C,False,26,1,0,True,True,-2.0,1.4432275295257568,1.4430478811264038,0.00017964839935302734,0.01994095928966999,0.1084885448217392,0.9999045729637146
syco_bullshit_v2_med_pnf_02,-C,False,27,1,0,True,True,-2.0,1.4432275295257568,1.4432138204574585,1.3709068298339844e-05,0.02140980213880539,0.11978793144226074,0.9998899698257446
syco_bullshit_v2_med_pnf_02,-C,False,28,1,0,True,True,-2.0,1.4432275295257568,1.443009614944458,0.00021791458129882812,0.023060837760567665,0.11911164224147797,0.9998723864555359
syco_bullshit_v2_med_pnf_02,-C,False,29,1,0,True,True,-2.0,1.4432275295257568,1.443030834197998,0.00019669532775878906,0.02178921550512314,0.1204925924539566,0.9998860955238342
syco_bullshit_v2_med_pnf_02,-C,False,30,1,0,True,True,-2.0,1.4432275295257568,1.4443414211273193,0.0011138916015625,0.021107511594891548,0.12241978943347931,0.9998934268951416
syco_bullshit_v2_med_pnf_02,-C,False,31,1,0,True,True,-2.0,1.4432275295257568,1.4430049657821655,0.0002225637435913086,0.02208304964005947,0.11671388149261475,0.9998829960823059
syco_bullshit_v2_med_pnf_02,-C,False,32,1,0,True,True,-2.0,1.4432275295257568,1.4437792301177979,0.0005517005920410156,0.02386712096631527,0.1194918155670166,0.99986332654953
syco_bullshit_v2_med_pnf_02,-C,False,33,1,0,True,True,-2.0,1.4432275295257568,1.442897081375122,0.0003304481506347656,0.024362126365303993,0.11859315633773804,0.9998575448989868
syco_bullshit_v2_med_pnf_02,-C,False,34,1,0,True,True,-2.0,1.4432275295257568,1.4438666105270386,0.0006390810012817383,0.023799382150173187,0.12273257970809937,0.9998641014099121
syco_bullshit_v2_med_pnf_02,-C,False,35,1,0,True,True,-2.0,1.4432275295257568,1.443804383277893,0.0005768537521362305,0.0216493122279644,0.12095579504966736,0.9998875856399536
syco_bullshit_v2_med_pnf_02,-C,False,36,1,0,True,True,-2.0,1.4432275295257568,1.444250464439392,0.001022934913635254,0.019993942230939865,0.11402721703052521,0.9999043941497803
syco_bullshit_v2_med_pnf_02,-C,False,37,1,0,True,True,-2.0,1.4432275295257568,1.443455457687378,0.00022792816162109375,0.019347557798027992,0.10684140026569366,0.9999102354049683
syco_bullshit_v2_med_pnf_02,-C,False,38,1,0,True,True,-2.0,1.4432275295257568,1.4443347454071045,0.0011072158813476562,0.01837710291147232,0.10508434474468231,0.9999192953109741
syco_bullshit_v2_med_pnf_02,-C,False,39,1,0,True,True,-2.0,1.4432275295257568,1.4429818391799927,0.00024569034576416016,0.02077101543545723,0.1149415373802185,0.9998964667320251
syco_bullshit_v2_med_pnf_02,-C,False,40,1,0,True,True,-2.0,1.4432275295257568,1.4424169063568115,0.0008106231689453125,0.023736290633678436,0.12123066186904907,0.9998648762702942
syco_bullshit_v2_med_pnf_02,-C,False,41,1,0,True,True,-2.0,1.4432275295257568,1.4426363706588745,0.0005911588668823242,0.020361488685011864,0.11284142732620239,0.9999005794525146
syco_bullshit_v2_med_pnf_02,-C,False,42,1,0,True,True,-2.0,1.4432275295257568,1.4443938732147217,0.0011663436889648438,0.022194508463144302,0.12064632773399353,0.9998822212219238
syco_bullshit_v2_med_pnf_02,-C,False,43,1,0,True,True,-2.0,1.4432275295257568,1.4425214529037476,0.0007060766220092773,0.020935148000717163,0.1208953708410263,0.9998948574066162
syco_bullshit_v2_med_pnf_02,-C,False,44,1,0,True,True,-2.0,1.4432275295257568,1.4431623220443726,6.520748138427734e-05,0.022985024377703667,0.11895279586315155,0.9998732805252075
syco_bullshit_v2_med_pnf_02,-C,False,45,1,0,True,True,-2.0,1.4432275295257568,1.4433436393737793,0.00011610984802246094,0.023201685398817062,0.12065553665161133,0.9998708367347717
syco_bullshit_v2_med_pnf_02,-C,False,46,1,0,True,True,-2.0,1.4432275295257568,1.4430359601974487,0.00019156932830810547,0.019563067704439163,0.11322306096553802,0.9999080896377563
syco_bullshit_v2_med_pnf_02,-C,False,47,1,0,True,True,-2.0,1.4432275295257568,1.4430768489837646,0.0001506805419921875,0.02011706680059433,0.11276382207870483,0.9999029636383057
syco_bullshit_v2_med_pnf_02,-C,False,48,1,0,True,True,-2.0,1.4432275295257568,1.44364595413208,0.0004184246063232422,0.021633626893162727,0.11397142708301544,0.9998877048492432
syco_bullshit_v2_med_pnf_02,-C,False,49,1,0,True,True,-2.0,1.4432275295257568,1.4427434206008911,0.00048410892486572266,0.022855659946799278,0.11873653531074524,0.9998747110366821
syco_bullshit_v2_med_pnf_02,-C,False,50,1,0,True,True,-2.0,1.4432275295257568,1.4433671236038208,0.00013959407806396484,0.02259695529937744,0.12314097583293915,0.9998775124549866
syco_bullshit_v2_med_pnf_02,-C,False,51,1,0,True,True,-2.0,1.4432275295257568,1.4436836242675781,0.00045609474182128906,0.021982578560709953,0.11596165597438812,0.9998841285705566
syco_bullshit_v2_med_pnf_02,-C,False,52,1,0,True,True,-2.0,1.4432275295257568,1.4426462650299072,0.0005812644958496094,0.02271558903157711,0.11553017795085907,0.9998761415481567
syco_bullshit_v2_med_pnf_02,-C,False,53,1,0,True,True,-2.0,1.4432275295257568,1.4434785842895508,0.0002510547637939453,0.020201878622174263,0.10782751441001892,0.9999021887779236
syco_bullshit_v2_med_pnf_02,-C,False,54,1,0,True,True,-2.0,1.4432275295257568,1.4442943334579468,0.0010668039321899414,0.021424278616905212,0.11158287525177002,0.999890148639679
syco_bullshit_v2_med_pnf_02,-C,False,55,1,0,True,True,-2.0,1.4432275295257568,1.442490577697754,0.0007369518280029297,0.019267017021775246,0.1048431247472763,0.9999110102653503
syco_bullshit_v2_med_pnf_02,-C,False,56,1,0,True,True,-2.0,1.4432275295257568,1.443279504776001,5.1975250244140625e-05,0.020871447399258614,0.10806095600128174,0.999895453453064
syco_bullshit_v2_med_pnf_02,-C,False,57,1,0,True,True,-2.0,1.4432275295257568,1.443172574043274,5.4955482482910156e-05,0.022280244156718254,0.12486720085144043,0.9998807907104492
syco_bullshit_v2_med_pnf_02,-C,False,58,1,0,True,True,-2.0,1.4432275295257568,1.4425709247589111,0.0006566047668457031,0.023393690586090088,0.11875660717487335,0.9998686909675598
syco_bullshit_v2_med_pnf_02,-C,False,59,1,0,True,True,-2.0,1.4432275295257568,1.4428906440734863,0.0003368854522705078,0.022029785439372063,0.11777457594871521,0.9998835325241089
syco_bullshit_v2_med_pnf_02,-C,False,60,1,0,True,True,-2.0,1.4432275295257568,1.442818284034729,0.00040924549102783203,0.019309164956212044,0.10385014116764069,0.9999105930328369
syco_bullshit_v2_med_pnf_02,-C,False,61,1,0,True,True,-2.0,1.4432275295257568,1.4429012537002563,0.0003262758255004883,0.01913413591682911,0.10043366253376007,0.9999120831489563
syco_bullshit_v2_med_pnf_02,-C,False,62,1,0,True,True,-2.0,1.4432275295257568,1.4433650970458984,0.00013756752014160156,0.022132132202386856,0.11779285967350006,0.9998825788497925
syco_bullshit_v2_med_pnf_02,-C,False,63,1,0,True,True,-2.0,1.4432275295257568,1.4431768655776978,5.066394805908203e-05,0.022884413599967957,0.1239749938249588,0.9998743534088135
syco_bullshit_v2_med_pnf_02,-C,False,64,1,0,True,True,-2.0,1.4432275295257568,1.442617654800415,0.0006098747253417969,0.023455021902918816,0.12294073402881622,0.9998680353164673
syco_bullshit_v2_med_pnf_02,-C,False,65,1,0,True,True,-2.0,1.4432275295257568,1.4427907466888428,0.0004367828369140625,0.020798401907086372,0.11921866238117218,0.9998961687088013
syco_bullshit_v2_med_pnf_02,-C,False,66,1,0,True,True,-2.0,1.4432275295257568,1.444272756576538,0.00104522705078125,0.021212011575698853,0.11899688839912415,0.9998922348022461
syco_bullshit_v2_med_pnf_02,-C,False,67,1,0,True,True,-2.0,1.4432275295257568,1.4423412084579468,0.0008863210678100586,0.020667385309934616,0.11094203591346741,0.9998976588249207
syco_bullshit_v2_med_pnf_02,-C,False,68,1,0,True,True,-2.0,1.4432275295257568,1.4441698789596558,0.0009423494338989258,0.023760594427585602,0.11929476261138916,0.9998648166656494
syco_bullshit_v2_med_pnf_02,-C,False,69,1,0,True,True,-2.0,1.4432275295257568,1.443731427192688,0.0005038976669311523,0.01884160004556179,0.10982708632946014,0.9999149441719055
syco_bullshit_v2_med_pnf_02,-C,False,70,1,0,True,True,-2.0,1.4432275295257568,1.4435341358184814,0.0003066062927246094,0.019267359748482704,0.1047714352607727,0.9999109506607056
syco_bullshit_v2_med_pnf_02,-C,False,71,1,0,True,True,-2.0,1.4432275295257568,1.4431284666061401,9.906291961669922e-05,0.02198074944317341,0.11965231597423553,0.9998840689659119
syco_bullshit_v2_med_pnf_02,-C,False,72,1,0,True,True,-2.0,1.4432275295257568,1.443009614944458,0.00021791458129882812,0.018179377540946007,0.10947050154209137,0.999920666217804
syco_bullshit_v2_med_pnf_02,-C,False,73,1,0,True,True,-2.0,1.4432275295257568,1.442976713180542,0.00025081634521484375,0.018958725035190582,0.1076536476612091,0.99991375207901
syco_bullshit_v2_med_pnf_02,-C,False,74,1,0,True,True,-2.0,1.4432275295257568,1.4429600238800049,0.0002675056457519531,0.019720522686839104,0.112277552485466,0.9999067187309265
syco_bullshit_v2_med_pnf_02,-C,False,75,1,0,True,True,-2.0,1.4432275295257568,1.4439648389816284,0.000737309455871582,0.021676646545529366,0.11735375225543976,0.9998874664306641
syco_bullshit_v2_med_pnf_02,-C,False,76,1,0,True,True,-2.0,1.4432275295257568,1.444784164428711,0.0015566349029541016,0.01958775334060192,0.11040782928466797,0.9999085664749146
syco_bullshit_v2_med_pnf_02,-C,False,77,1,0,True,True,-2.0,1.4432275295257568,1.4434856176376343,0.0002580881118774414,0.014773951843380928,0.0880160927772522,0.9999475479125977
syco_bullshit_v2_med_pnf_02,-C,False,78,1,0,True,True,-2.0,1.4432275295257568,1.443508267402649,0.00028073787689208984,0.01801357977092266,0.09824496507644653,0.9999222159385681
syco_bullshit_v2_med_pnf_03,+C,False,0,59,58,True,True,2.0,1.4432275295257568,1.4438810348510742,0.0006535053253173828,0.018504999577999115,0.10635897517204285,0.9999179840087891
syco_bullshit_v2_med_pnf_03,+C,False,1,1,0,True,True,2.0,1.4432275295257568,1.4433852434158325,0.0001577138900756836,0.01945192739367485,0.1060037612915039,0.9999092817306519
syco_bullshit_v2_med_pnf_03,+C,False,2,1,0,True,True,2.0,1.4432275295257568,1.4440709352493286,0.0008434057235717773,0.021499305963516235,0.11791431903839111,0.9998893737792969
syco_bullshit_v2_med_pnf_03,+C,False,3,1,0,True,True,2.0,1.4432275295257568,1.4422916173934937,0.0009359121322631836,0.01978234574198723,0.10331594944000244,0.9999063014984131
syco_bullshit_v2_med_pnf_03,+C,False,4,1,0,True,True,2.0,1.4432275295257568,1.4434515237808228,0.00022399425506591797,0.021513404324650764,0.11524999141693115,0.9998888969421387
syco_bullshit_v2_med_pnf_03,+C,False,5,1,0,True,True,2.0,1.4432275295257568,1.4436501264572144,0.00042259693145751953,0.02079148031771183,0.10743333399295807,0.9998963475227356
syco_bullshit_v2_med_pnf_03,+C,False,6,1,0,True,True,2.0,1.4432275295257568,1.4425451755523682,0.0006823539733886719,0.02138639986515045,0.11792737245559692,0.9998902678489685
syco_bullshit_v2_med_pnf_03,+C,False,7,1,0,True,True,2.0,1.4432275295257568,1.4423296451568604,0.0008978843688964844,0.023251045495271683,0.11611135303974152,0.9998704195022583
syco_bullshit_v2_med_pnf_03,+C,False,8,1,0,True,True,2.0,1.4432275295257568,1.4428439140319824,0.00038361549377441406,0.022086510434746742,0.11237859725952148,0.9998829364776611
syco_bullshit_v2_med_pnf_03,+C,False,9,1,0,True,True,2.0,1.4432275295257568,1.4431977272033691,2.9802322387695312e-05,0.02207324467599392,0.11178049445152283,0.9998831748962402
syco_bullshit_v2_med_pnf_03,+C,False,10,1,0,True,True,2.0,1.4432275295257568,1.441983699798584,0.0012438297271728516,0.019443955272436142,0.10371272265911102,0.999909520149231
syco_bullshit_v2_med_pnf_03,+C,False,11,1,0,True,True,2.0,1.4432275295257568,1.44413423538208,0.0009067058563232422,0.02055688388645649,0.11212171614170074,0.9998989105224609
syco_bullshit_v2_med_pnf_03,+C,False,12,1,0,True,True,2.0,1.4432275295257568,1.443394660949707,0.0001671314239501953,0.022420458495616913,0.1131829023361206,0.9998793601989746
syco_bullshit_v2_med_pnf_03,+C,False,13,1,0,True,True,2.0,1.4432275295257568,1.4424026012420654,0.0008249282836914062,0.021489407867193222,0.1084870994091034,0.9998893737792969
syco_bullshit_v2_med_pnf_03,+C,False,14,1,0,True,True,2.0,1.4432275295257568,1.4427862167358398,0.0004413127899169922,0.021534627303481102,0.12034986913204193,0.9998886585235596
syco_bullshit_v2_med_pnf_03,+C,False,15,1,0,True,True,2.0,1.4432275295257568,1.4428576231002808,0.0003699064254760742,0.021827775985002518,0.1132078617811203,0.9998856782913208
syco_bullshit_v2_med_pnf_03,+C,False,16,1,0,True,True,2.0,1.4432275295257568,1.4435499906539917,0.0003224611282348633,0.024318967014551163,0.12026353180408478,0.9998581409454346
syco_bullshit_v2_med_pnf_03,+C,False,17,1,0,True,True,2.0,1.4432275295257568,1.4425618648529053,0.0006656646728515625,0.02200787141919136,0.12189634144306183,0.999883770942688
syco_bullshit_v2_med_pnf_03,+C,False,18,1,0,True,True,2.0,1.4432275295257568,1.442846417427063,0.00038111209869384766,0.022554630413651466,0.11539396643638611,0.9998778700828552
syco_bullshit_v2_med_pnf_03,+C,False,19,1,0,True,True,2.0,1.4432275295257568,1.4426906108856201,0.0005369186401367188,0.019959378987550735,0.10757118463516235,0.999904453754425
syco_bullshit_v2_med_pnf_03,+C,False,20,1,0,True,True,2.0,1.4432275295257568,1.4436018466949463,0.0003743171691894531,0.0206727497279644,0.11258338391780853,0.9998974800109863
syco_bullshit_v2_med_pnf_03,+C,False,21,1,0,True,True,2.0,1.4432275295257568,1.4431440830230713,8.344650268554688e-05,0.022657379508018494,0.11675280332565308,0.9998767971992493
syco_bullshit_v2_med_pnf_03,+C,False,22,1,0,True,True,2.0,1.4432275295257568,1.4424920082092285,0.0007355213165283203,0.022644711658358574,0.11443118751049042,0.9998769760131836
syco_bullshit_v2_med_pnf_03,+C,False,23,1,0,True,True,2.0,1.4432275295257568,1.4431426525115967,8.487701416015625e-05,0.02257697656750679,0.11291489005088806,0.9998777508735657
syco_bullshit_v2_med_pnf_03,+C,False,24,1,0,True,True,2.0,1.4432275295257568,1.443224549293518,2.9802322387695312e-06,0.02041935920715332,0.11371570825576782,0.9998999238014221
syco_bullshit_v2_med_pnf_03,+C,False,25,1,0,True,True,2.0,1.4432275295257568,1.4435697793960571,0.00034224987030029297,0.019947830587625504,0.11530964076519012,0.9999046325683594
syco_bullshit_v2_med_pnf_03,+C,False,26,1,0,True,True,2.0,1.4432275295257568,1.4424844980239868,0.0007430315017700195,0.021321984007954597,0.11486537754535675,0.999890923500061
syco_bullshit_v2_med_pnf_03,+C,False,27,1,0,True,True,2.0,1.4432275295257568,1.4428050518035889,0.00042247772216796875,0.020498014986515045,0.10933235287666321,0.99989914894104
syco_bullshit_v2_med_pnf_03,+C,False,28,1,0,True,True,2.0,1.4432275295257568,1.4428389072418213,0.0003886222839355469,0.021221429109573364,0.11075493693351746,0.9998919367790222
syco_bullshit_v2_med_pnf_03,+C,False,29,1,0,True,True,2.0,1.4432275295257568,1.4434369802474976,0.00020945072174072266,0.02295028232038021,0.1183008998632431,0.9998735189437866
syco_bullshit_v2_med_pnf_03,+C,False,30,1,0,True,True,2.0,1.4432275295257568,1.4433993101119995,0.00017178058624267578,0.021524908021092415,0.11515262722969055,0.9998887777328491
syco_bullshit_v2_med_pnf_03,+C,False,31,1,0,True,True,2.0,1.4432275295257568,1.4437980651855469,0.0005705356597900391,0.02542022243142128,0.12388941645622253,0.9998449683189392
syco_bullshit_v2_med_pnf_03,+C,False,32,1,0,True,True,2.0,1.4432275295257568,1.4428637027740479,0.0003638267517089844,0.020426975563168526,0.11074317991733551,0.9998999834060669
syco_bullshit_v2_med_pnf_03,+C,False,33,1,0,True,True,2.0,1.4432275295257568,1.442201852798462,0.0010256767272949219,0.025078464299440384,0.12678669393062592,0.9998492002487183
syco_bullshit_v2_med_pnf_03,+C,False,34,1,0,True,True,2.0,1.4432275295257568,1.4439600706100464,0.0007325410842895508,0.024086983874440193,0.12458652257919312,0.9998608827590942
syco_bullshit_v2_med_pnf_03,+C,False,35,1,0,True,True,2.0,1.4432275295257568,1.4432644844055176,3.695487976074219e-05,0.02140823006629944,0.12163010239601135,0.9998900890350342
syco_bullshit_v2_med_pnf_03,+C,False,36,1,0,True,True,2.0,1.4432275295257568,1.4421254396438599,0.0011020898818969727,0.02013387903571129,0.11809833347797394,0.9999028444290161
syco_bullshit_v2_med_pnf_03,+C,False,37,1,0,True,True,2.0,1.4432275295257568,1.4438055753707886,0.0005780458450317383,0.02074865624308586,0.11335961520671844,0.9998968839645386
syco_bullshit_v2_med_pnf_03,+C,False,38,1,0,True,True,2.0,1.4432275295257568,1.4434850215911865,0.0002574920654296875,0.01970832236111164,0.11196407675743103,0.9999068975448608
syco_bullshit_v2_med_pnf_03,+C,False,39,1,0,True,True,2.0,1.4432275295257568,1.4438599348068237,0.0006324052810668945,0.024031290784478188,0.11779847741127014,0.999861478805542
syco_bullshit_v2_med_pnf_03,+C,False,40,1,0,True,True,2.0,1.4432275295257568,1.443104863166809,0.0001226663589477539,0.021652642637491226,0.11398784816265106,0.9998874664306641
syco_bullshit_v2_med_pnf_03,+C,False,41,1,0,True,True,2.0,1.4432275295257568,1.442793369293213,0.0004341602325439453,0.020241450518369675,0.11017802357673645,0.9999017119407654
syco_bullshit_v2_med_pnf_03,+C,False,42,1,0,True,True,2.0,1.4432275295257568,1.4442856311798096,0.0010581016540527344,0.02271433174610138,0.11479723453521729,0.9998764991760254
syco_bullshit_v2_med_pnf_03,+C,False,43,1,0,True,True,2.0,1.4432275295257568,1.443202018737793,2.5510787963867188e-05,0.022791355848312378,0.11421598494052887,0.9998753070831299
syco_bullshit_v2_med_pnf_03,+C,False,44,1,0,True,True,2.0,1.4432275295257568,1.4434674978256226,0.00023996829986572266,0.02206934057176113,0.11585192382335663,0.9998831152915955
syco_bullshit_v2_med_pnf_03,+C,False,45,1,0,True,True,2.0,1.4432275295257568,1.4439986944198608,0.0007711648941040039,0.022924304008483887,0.12075360119342804,0.9998741149902344
syco_bullshit_v2_med_pnf_03,+C,False,46,1,0,True,True,2.0,1.4432275295257568,1.4436115026474,0.0003839731216430664,0.022492609918117523,0.11822113394737244,0.9998786449432373
syco_bullshit_v2_med_pnf_03,+C,False,47,1,0,True,True,2.0,1.4432275295257568,1.4437496662139893,0.0005221366882324219,0.02461269684135914,0.1253695785999298,0.9998546838760376
syco_bullshit_v2_med_pnf_03,+C,False,48,1,0,True,True,2.0,1.4432275295257568,1.4426711797714233,0.0005563497543334961,0.02080226130783558,0.11269132792949677,0.9998962879180908
syco_bullshit_v2_med_pnf_03,+C,False,49,1,0,True,True,2.0,1.4432275295257568,1.443284034729004,5.650520324707031e-05,0.0225765872746706,0.11917653679847717,0.9998776912689209
syco_bullshit_v2_med_pnf_03,+C,False,50,1,0,True,True,2.0,1.4432275295257568,1.4426803588867188,0.0005471706390380859,0.02443636767566204,0.12759481370449066,0.99985671043396
syco_bullshit_v2_med_pnf_03,+C,False,51,1,0,True,True,2.0,1.4432275295257568,1.444093942642212,0.0008664131164550781,0.02257385663688183,0.11788475513458252,0.9998779892921448
syco_bullshit_v2_med_pnf_03,+C,False,52,1,0,True,True,2.0,1.4432275295257568,1.4429631233215332,0.0002644062042236328,0.021182261407375336,0.11422300338745117,0.9998923540115356
syco_bullshit_v2_med_pnf_03,+C,False,53,1,0,True,True,2.0,1.4432275295257568,1.4433324337005615,0.0001049041748046875,0.019861500710248947,0.11142304539680481,0.9999053478240967
syco_bullshit_v2_med_pnf_03,+C,False,54,1,0,True,True,2.0,1.4432275295257568,1.4437437057495117,0.0005161762237548828,0.022393986582756042,0.11538249254226685,0.9998797178268433
syco_bullshit_v2_med_pnf_03,+C,False,55,1,0,True,True,2.0,1.4432275295257568,1.4431096315383911,0.00011789798736572266,0.01886359415948391,0.10549010336399078,0.9999145865440369
syco_bullshit_v2_med_pnf_03,+C,False,56,1,0,True,True,2.0,1.4432275295257568,1.442813515663147,0.0004140138626098633,0.022369585931301117,0.11755362153053284,0.9998798966407776
syco_bullshit_v2_med_pnf_03,+C,False,57,1,0,True,True,2.0,1.4432275295257568,1.4434820413589478,0.00025451183319091797,0.02444015070796013,0.12127669155597687,0.99985671043396
syco_bullshit_v2_med_pnf_03,+C,False,58,1,0,True,True,2.0,1.4432275295257568,1.4429116249084473,0.0003159046173095703,0.023343471810221672,0.1210324764251709,0.999869167804718
syco_bullshit_v2_med_pnf_03,+C,False,59,1,0,True,True,2.0,1.4432275295257568,1.4430875778198242,0.0001399517059326172,0.020292242988944054,0.11047419905662537,0.9999011754989624
syco_bullshit_v2_med_pnf_03,+C,False,60,1,0,True,True,2.0,1.4432275295257568,1.4434868097305298,0.0002592802047729492,0.022341059520840645,0.11698810756206512,0.9998801946640015
syco_bullshit_v2_med_pnf_03,+C,False,61,1,0,True,True,2.0,1.4432275295257568,1.4440587759017944,0.0008312463760375977,0.020440511405467987,0.10834479331970215,0.9998999834060669
syco_bullshit_v2_med_pnf_03,+C,False,62,1,0,True,True,2.0,1.4432275295257568,1.4438872337341309,0.0006597042083740234,0.024002965539693832,0.12370727956295013,0.9998618364334106
syco_bullshit_v2_med_pnf_03,+C,False,63,1,0,True,True,2.0,1.4432275295257568,1.4433902502059937,0.0001627206802368164,0.018964311107993126,0.10812892019748688,0.9999136924743652
syco_bullshit_v2_med_pnf_03,+C,False,64,1,0,True,True,2.0,1.4432275295257568,1.443459153175354,0.00023162364959716797,0.014618068933486938,0.088730588555336,0.9999487400054932
syco_bullshit_v2_med_pnf_03,+C,False,65,1,0,True,True,2.0,1.4432275295257568,1.443207859992981,1.9669532775878906e-05,0.018617385998368263,0.09929169714450836,0.9999167919158936
syco_bullshit_v2_med_pnf_03,-C,False,0,59,58,True,True,-2.0,1.4432275295257568,1.4436569213867188,0.00042939186096191406,0.018413705751299858,0.10635897517204285,0.9999186992645264
syco_bullshit_v2_med_pnf_03,-C,False,1,1,0,True,True,-2.0,1.4432275295257568,1.4441792964935303,0.0009517669677734375,0.020103711634874344,0.1060037612915039,0.9999032616615295
syco_bullshit_v2_med_pnf_03,-C,False,2,1,0,True,True,-2.0,1.4432275295257568,1.444139003753662,0.0009114742279052734,0.020505361258983612,0.11791431903839111,0.9998993873596191
syco_bullshit_v2_med_pnf_03,-C,False,3,1,0,True,True,-2.0,1.4432275295257568,1.4423617124557495,0.0008658170700073242,0.019807608798146248,0.10331594944000244,0.9999059438705444
syco_bullshit_v2_med_pnf_03,-C,False,4,1,0,True,True,-2.0,1.4432275295257568,1.443283200263977,5.5670738220214844e-05,0.021499203518033028,0.11524999141693115,0.9998891353607178
syco_bullshit_v2_med_pnf_03,-C,False,5,1,0,True,True,-2.0,1.4432275295257568,1.4422533512115479,0.0009741783142089844,0.02121962048113346,0.10743333399295807,0.9998920559883118
syco_bullshit_v2_med_pnf_03,-C,False,6,1,0,True,True,-2.0,1.4432275295257568,1.4429584741592407,0.0002690553665161133,0.021282179281115532,0.11792737245559692,0.9998913407325745
syco_bullshit_v2_med_pnf_03,-C,False,7,1,0,True,True,-2.0,1.4432275295257568,1.4429210424423218,0.0003064870834350586,0.020190691575407982,0.11611135303974152,0.9999021291732788
syco_bullshit_v2_med_pnf_03,-C,False,8,1,0,True,True,-2.0,1.4432275295257568,1.4424532651901245,0.0007742643356323242,0.020856741815805435,0.11237859725952148,0.9998956918716431
syco_bullshit_v2_med_pnf_03,-C,False,9,1,0,True,True,-2.0,1.4432275295257568,1.4429047107696533,0.0003228187561035156,0.022641662508249283,0.11178049445152283,0.9998769760131836
syco_bullshit_v2_med_pnf_03,-C,False,10,1,0,True,True,-2.0,1.4432275295257568,1.442547082901001,0.0006804466247558594,0.019756626337766647,0.10371272265911102,0.9999064803123474
syco_bullshit_v2_med_pnf_03,-C,False,11,1,0,True,True,-2.0,1.4432275295257568,1.4439630508422852,0.0007355213165283203,0.020470069721341133,0.11212171614170074,0.9998996257781982
syco_bullshit_v2_med_pnf_03,-C,False,12,1,0,True,True,-2.0,1.4432275295257568,1.4431511163711548,7.641315460205078e-05,0.02234116941690445,0.1131829023361206,0.9998801946640015
syco_bullshit_v2_med_pnf_03,-C,False,13,1,0,True,True,-2.0,1.4432275295257568,1.4422322511672974,0.0009952783584594727,0.021974584087729454,0.1084870994091034,0.9998842477798462
syco_bullshit_v2_med_pnf_03,-C,False,14,1,0,True,True,-2.0,1.4432275295257568,1.4436570405960083,0.00042951107025146484,0.02167896181344986,0.12034986913204193,0.999887228012085
syco_bullshit_v2_med_pnf_03,-C,False,15,1,0,True,True,-2.0,1.4432275295257568,1.4425894021987915,0.000638127326965332,0.022050080820918083,0.1132078617811203,0.9998834133148193
syco_bullshit_v2_med_pnf_03,-C,False,16,1,0,True,True,-2.0,1.4432275295257568,1.443247675895691,2.014636993408203e-05,0.024499543011188507,0.12026353180408478,0.9998560547828674
syco_bullshit_v2_med_pnf_03,-C,False,17,1,0,True,True,-2.0,1.4432275295257568,1.4428925514221191,0.0003349781036376953,0.021568581461906433,0.12189634144306183,0.9998883008956909
syco_bullshit_v2_med_pnf_03,-C,False,18,1,0,True,True,-2.0,1.4432275295257568,1.4430761337280273,0.0001513957977294922,0.022445356473326683,0.11539396643638611,0.9998790621757507
syco_bullshit_v2_med_pnf_03,-C,False,19,1,0,True,True,-2.0,1.4432275295257568,1.4429858922958374,0.0002416372299194336,0.020215816795825958,0.10757118463516235,0.9999018907546997
syco_bullshit_v2_med_pnf_03,-C,False,20,1,0,True,True,-2.0,1.4432275295257568,1.443880319595337,0.0006527900695800781,0.02063104882836342,0.11258338391780853,0.9998980164527893
syco_bullshit_v2_med_pnf_03,-C,False,21,1,0,True,True,-2.0,1.4432275295257568,1.4432721138000488,4.458427429199219e-05,0.022862641140818596,0.11675280332565308,0.999874472618103
syco_bullshit_v2_med_pnf_03,-C,False,22,1,0,True,True,-2.0,1.4432275295257568,1.4431474208831787,8.0108642578125e-05,0.02233373001217842,0.11443118751049042,0.9998802542686462
syco_bullshit_v2_med_pnf_03,-C,False,23,1,0,True,True,-2.0,1.4432275295257568,1.4433224201202393,9.489059448242188e-05,0.022803083062171936,0.11291489005088806,0.9998752474784851
syco_bullshit_v2_med_pnf_03,-C,False,24,1,0,True,True,-2.0,1.4432275295257568,1.4438891410827637,0.0006616115570068359,0.020751897245645523,0.11371570825576782,0.9998968839645386
syco_bullshit_v2_med_pnf_03,-C,False,25,1,0,True,True,-2.0,1.4432275295257568,1.44366455078125,0.00043702125549316406,0.020349323749542236,0.11530964076519012,0.9999006986618042
syco_bullshit_v2_med_pnf_03,-C,False,26,1,0,True,True,-2.0,1.4432275295257568,1.4430662393569946,0.00016129016876220703,0.021552763879299164,0.11486537754535675,0.99988853931427
syco_bullshit_v2_med_pnf_03,-C,False,27,1,0,True,True,-2.0,1.4432275295257568,1.442308783531189,0.0009187459945678711,0.020640911534428596,0.10933235287666321,0.999897837638855
syco_bullshit_v2_med_pnf_03,-C,False,28,1,0,True,True,-2.0,1.4432275295257568,1.443622350692749,0.0003948211669921875,0.021603334695100784,0.11075493693351746,0.9998881816864014
syco_bullshit_v2_med_pnf_03,-C,False,29,1,0,True,True,-2.0,1.4432275295257568,1.4437915086746216,0.0005639791488647461,0.01574590802192688,0.09540492296218872,0.9999405741691589
syco_bullshit_v2_med_pnf_03,-C,False,30,1,0,True,True,-2.0,1.4432275295257568,1.4434261322021484,0.00019860267639160156,0.021275069564580917,0.11944657564163208,0.9998914003372192
syco_bullshit_v2_med_pnf_03,-C,False,31,1,0,True,True,-2.0,1.4432275295257568,1.443387746810913,0.00016021728515625,0.02303885854780674,0.12311246991157532,0.9998726844787598
syco_bullshit_v2_med_pnf_03,-C,False,32,1,0,True,True,-2.0,1.4432275295257568,1.4431551694869995,7.236003875732422e-05,0.020261086523532867,0.10578182339668274,0.9999014735221863
syco_bullshit_v2_med_pnf_03,-C,False,33,1,0,True,True,-2.0,1.4432275295257568,1.442680835723877,0.0005466938018798828,0.019783195108175278,0.09927082061767578,0.999906063079834
syco_bullshit_v2_med_pnf_03,-C,False,34,1,0,True,True,-2.0,1.4432275295257568,1.443267583847046,4.00543212890625e-05,0.0231447983533144,0.12534992396831512,0.9998714327812195
syco_bullshit_v2_med_pnf_03,-C,False,35,1,0,True,True,-2.0,1.4432275295257568,1.4432464838027954,1.895427703857422e-05,0.021511752158403397,0.11334629356861115,0.9998889565467834
syco_bullshit_v2_med_pnf_03,-C,False,36,1,0,True,True,-2.0,1.4432275295257568,1.443690538406372,0.0004630088806152344,0.02068418823182583,0.1075780987739563,0.9998973608016968
syco_bullshit_v2_med_pnf_03,-C,False,37,1,0,True,True,-2.0,1.4432275295257568,1.4423807859420776,0.0008467435836791992,0.019845742732286453,0.10025964677333832,0.9999055862426758
syco_bullshit_v2_med_pnf_03,-C,False,38,1,0,True,True,-2.0,1.4432275295257568,1.442860722541809,0.0003668069839477539,0.019503464922308922,0.10137470066547394,0.9999086856842041
syco_bullshit_v2_med_pnf_03,-C,False,39,1,0,True,True,-2.0,1.4432275295257568,1.442350149154663,0.00087738037109375,0.02345135249197483,0.11671936511993408,0.9998681545257568
syco_bullshit_v2_med_pnf_03,-C,False,40,1,0,True,True,-2.0,1.4432275295257568,1.444027066230774,0.0007995367050170898,0.01878376118838787,0.09917151927947998,0.999915599822998
syco_bullshit_v2_med_pnf_03,-C,False,41,1,0,True,True,-2.0,1.4432275295257568,1.4426348209381104,0.0005927085876464844,0.01926826871931553,0.10275143384933472,0.9999109506607056
syco_bullshit_v2_med_pnf_03,-C,False,42,1,0,True,True,-2.0,1.4432275295257568,1.4423048496246338,0.0009226799011230469,0.023470360785722733,0.1205417662858963,0.9998679161071777
syco_bullshit_v2_med_pnf_03,-C,False,43,1,0,True,True,-2.0,1.4432275295257568,1.4422297477722168,0.000997781753540039,0.02010924741625786,0.11625233292579651,0.99990314245224
syco_bullshit_v2_med_pnf_03,-C,False,44,1,0,True,True,-2.0,1.4432275295257568,1.4443281888961792,0.0011006593704223633,0.022560125216841698,0.11344008147716522,0.9998781681060791
syco_bullshit_v2_med_pnf_03,-C,False,45,1,0,True,True,-2.0,1.4432275295257568,1.443101167678833,0.00012636184692382812,0.01917976327240467,0.10229209065437317,0.9999117851257324
syco_bullshit_v2_med_pnf_03,-C,False,46,1,0,True,True,-2.0,1.4432275295257568,1.443032145500183,0.00019538402557373047,0.022396614775061607,0.11688555777072906,0.9998795986175537
syco_bullshit_v2_med_pnf_03,-C,False,47,1,0,True,True,-2.0,1.4432275295257568,1.4436652660369873,0.00043773651123046875,0.020521758124232292,0.10692037642002106,0.9998990297317505
syco_bullshit_v2_med_pnf_03,-C,False,48,1,0,True,True,-2.0,1.4432275295257568,1.4423218965530396,0.0009056329727172852,0.02394777350127697,0.12272657454013824,0.9998624324798584
syco_bullshit_v2_med_pnf_03,-C,False,49,1,0,True,True,-2.0,1.4432275295257568,1.4435293674468994,0.0003018379211425781,0.024707071483135223,0.12250474095344543,0.9998534917831421
syco_bullshit_v2_med_pnf_03,-C,False,50,1,0,True,True,-2.0,1.4432275295257568,1.4437174797058105,0.0004899501800537109,0.025880584493279457,0.1306428760290146,0.9998394250869751
syco_bullshit_v2_med_pnf_03,-C,False,51,1,0,True,True,-2.0,1.4432275295257568,1.4432430267333984,1.5497207641601562e-05,0.019899139180779457,0.11110579967498779,0.999904990196228
syco_bullshit_v2_med_pnf_03,-C,False,52,1,0,True,True,-2.0,1.4432275295257568,1.4431748390197754,5.269050598144531e-05,0.02309536747634411,0.11935219168663025,0.9998719692230225
syco_bullshit_v2_med_pnf_03,-C,False,53,1,0,True,True,-2.0,1.4432275295257568,1.443630576133728,0.0004030466079711914,0.021411975845694542,0.11539655923843384,0.9998900294303894
syco_bullshit_v2_med_pnf_03,-C,False,54,1,0,True,True,-2.0,1.4432275295257568,1.443355917930603,0.0001283884048461914,0.02523616887629032,0.12811070680618286,0.9998471736907959
syco_bullshit_v2_med_pnf_03,-C,False,55,1,0,True,True,-2.0,1.4432275295257568,1.4442312717437744,0.0010037422180175781,0.025138307362794876,0.12890978157520294,0.9998487234115601
syco_bullshit_v2_med_pnf_03,-C,False,56,1,0,True,True,-2.0,1.4432275295257568,1.444011926651001,0.0007843971252441406,0.02317269891500473,0.11681400239467621,0.9998713731765747
syco_bullshit_v2_med_pnf_03,-C,False,57,1,0,True,True,-2.0,1.4432275295257568,1.4436291456222534,0.00040161609649658203,0.02322790026664734,0.1211942732334137,0.9998705983161926
syco_bullshit_v2_med_pnf_03,-C,False,58,1,0,True,True,-2.0,1.4432275295257568,1.4429987668991089,0.00022876262664794922,0.019507724791765213,0.11449693143367767,0.9999086856842041
syco_bullshit_v2_med_pnf_03,-C,False,59,1,0,True,True,-2.0,1.4432275295257568,1.4436737298965454,0.0004462003707885742,0.022181974723935127,0.11573082208633423,0.9998819231987
syco_bullshit_v2_med_pnf_03,-C,False,60,1,0,True,True,-2.0,1.4432275295257568,1.4424444437026978,0.000783085823059082,0.022350497543811798,0.11329279839992523,0.9998802542686462
syco_bullshit_v2_med_pnf_03,-C,False,61,1,0,True,True,-2.0,1.4432275295257568,1.4441545009613037,0.000926971435546875,0.01946970447897911,0.11287142336368561,0.9999093413352966
syco_bullshit_v2_med_pnf_03,-C,False,62,1,0,True,True,-2.0,1.4432275295257568,1.4434406757354736,0.00021314620971679688,0.022992905229330063,0.1197817474603653,0.999873161315918
syco_bullshit_v2_med_pnf_03,-C,False,63,1,0,True,True,-2.0,1.4432275295257568,1.4425731897354126,0.0006543397903442383,0.021062809973955154,0.11703677475452423,0.9998936653137207
syco_bullshit_v2_med_pnf_03,-C,False,64,1,0,True,True,-2.0,1.4432275295257568,1.4436695575714111,0.0004420280456542969,0.023704342544078827,0.1196388453245163,0.9998652935028076
syco_bullshit_v2_med_pnf_03,-C,False,65,1,0,True,True,-2.0,1.4432275295257568,1.4429547786712646,0.0002727508544921875,0.019760694354772568,0.10967831313610077,0.9999063014984131
syco_bullshit_v2_med_pnf_03,-C,False,66,1,0,True,True,-2.0,1.4432275295257568,1.4427988529205322,0.0004286766052246094,0.022774070501327515,0.11902081966400146,0.999875545501709
syco_bullshit_v2_med_pnf_03,-C,False,67,1,0,True,True,-2.0,1.4432275295257568,1.4440596103668213,0.0008320808410644531,0.024433190003037453,0.12637969851493835,0.9998568892478943
syco_bullshit_v2_med_pnf_03,-C,False,68,1,0,True,True,-2.0,1.4432275295257568,1.4438574314117432,0.0006299018859863281,0.021195270121097565,0.11740435659885406,0.9998923540115356
syco_bullshit_v2_med_pnf_03,-C,False,69,1,0,True,True,-2.0,1.4432275295257568,1.4432963132858276,6.878376007080078e-05,0.0208730548620224,0.11418916285037994,0.9998953938484192
syco_bullshit_v2_med_pnf_03,-C,False,70,1,0,True,True,-2.0,1.4432275295257568,1.4427053928375244,0.0005221366882324219,0.021493880078196526,0.11645975708961487,0.9998891949653625
syco_bullshit_v2_med_pnf_03,-C,False,71,1,0,True,True,-2.0,1.4432275295257568,1.4431487321853638,7.87973403930664e-05,0.023553187027573586,0.12238545715808868,0.9998668432235718
syco_bullshit_v2_med_pnf_03,-C,False,72,1,0,True,True,-2.0,1.4432275295257568,1.443501591682434,0.0002740621566772461,0.019503584131598473,0.10847769677639008,0.9999088048934937
syco_bullshit_v2_med_pnf_03,-C,False,73,1,0,True,True,-2.0,1.4432275295257568,1.4434807300567627,0.0002532005310058594,0.020243145525455475,0.10852408409118652,0.9999017119407654
syco_bullshit_v2_med_pnf_03,-C,False,74,1,0,True,True,-2.0,1.4432275295257568,1.443687915802002,0.0004603862762451172,0.019642682746052742,0.10377874970436096,0.9999074339866638
syco_bullshit_v2_med_pnf_03,-C,False,75,1,0,True,True,-2.0,1.4432275295257568,1.4426329135894775,0.0005946159362792969,0.02444746531546116,0.12205274403095245,0.9998565912246704
syco_bullshit_v2_med_pnf_03,-C,False,76,1,0,True,True,-2.0,1.4432275295257568,1.4436038732528687,0.0003763437271118164,0.02270001731812954,0.11776526272296906,0.9998763203620911
syco_bullshit_v2_med_pnf_03,-C,False,77,1,0,True,True,-2.0,1.4432275295257568,1.4435518980026245,0.0003243684768676758,0.01885177195072174,0.10700564086437225,0.9999147057533264
syco_bullshit_v2_med_pnf_03,-C,False,78,1,0,True,True,-2.0,1.4432275295257568,1.443469524383545,0.00024199485778808594,0.01503694150596857,0.08936698734760284,0.9999457597732544
syco_bullshit_v2_med_pnf_03,-C,False,79,1,0,True,True,-2.0,1.4432275295257568,1.4437646865844727,0.0005371570587158203,0.018909618258476257,0.09971484541893005,0.999914288520813
syco_bullshit_v2_sw_pnf_01,+C,False,0,77,76,True,True,2.0,1.4432275295257568,1.442622423171997,0.0006051063537597656,0.018604785203933716,0.10544154047966003,0.9999169707298279
syco_bullshit_v2_sw_pnf_01,+C,False,1,1,0,True,True,2.0,1.4432275295257568,1.4423606395721436,0.0008668899536132812,0.01877608336508274,0.10633829236030579,0.9999154806137085
syco_bullshit_v2_sw_pnf_01,+C,False,2,1,0,True,True,2.0,1.4432275295257568,1.442873239517212,0.0003542900085449219,0.02372848428785801,0.11827951669692993,0.9998648762702942
syco_bullshit_v2_sw_pnf_01,+C,False,3,1,0,True,True,2.0,1.4432275295257568,1.4428062438964844,0.00042128562927246094,0.02417824976146221,0.12030580639839172,0.9998596906661987
syco_bullshit_v2_sw_pnf_01,+C,False,4,1,0,True,True,2.0,1.4432275295257568,1.4429887533187866,0.00023877620697021484,0.023593394085764885,0.1172199696302414,0.9998663663864136
syco_bullshit_v2_sw_pnf_01,+C,False,5,1,0,True,True,2.0,1.4432275295257568,1.4435145854949951,0.00028705596923828125,0.023335939273238182,0.12359875440597534,0.9998693466186523
syco_bullshit_v2_sw_pnf_01,+C,False,6,1,0,True,True,2.0,1.4432275295257568,1.4430009126663208,0.00022661685943603516,0.021303988993167877,0.11325804889202118,0.9998910427093506
syco_bullshit_v2_sw_pnf_01,+C,False,7,1,0,True,True,2.0,1.4432275295257568,1.442254900932312,0.0009726285934448242,0.02040720544755459,0.11146320402622223,0.999900221824646
syco_bullshit_v2_sw_pnf_01,+C,False,8,1,0,True,True,2.0,1.4432275295257568,1.442405343055725,0.0008221864700317383,0.021165117621421814,0.11566825211048126,0.9998925924301147
syco_bullshit_v2_sw_pnf_01,+C,False,9,1,0,True,True,2.0,1.4432275295257568,1.443407416343689,0.0001798868179321289,0.019187437370419502,0.11160944402217865,0.9999116659164429
syco_bullshit_v2_sw_pnf_01,+C,False,10,1,0,True,True,2.0,1.4432275295257568,1.4439632892608643,0.0007357597351074219,0.019945671781897545,0.12367163598537445,0.9999046325683594
syco_bullshit_v2_sw_pnf_01,+C,False,11,1,0,True,True,2.0,1.4432275295257568,1.4429525136947632,0.00027501583099365234,0.020750293508172035,0.11398531496524811,0.9998967051506042
syco_bullshit_v2_sw_pnf_01,+C,False,12,1,0,True,True,2.0,1.4432275295257568,1.4437986612319946,0.000571131706237793,0.021254533901810646,0.1128445565700531,0.9998916983604431
syco_bullshit_v2_sw_pnf_01,+C,False,13,1,0,True,True,2.0,1.4432275295257568,1.4431679248809814,5.9604644775390625e-05,0.020399998873472214,0.11168645322322845,0.9999001026153564
syco_bullshit_v2_sw_pnf_01,+C,False,14,1,0,True,True,2.0,1.4432275295257568,1.4428515434265137,0.00037598609924316406,0.021315699443221092,0.11273156106472015,0.9998910427093506
syco_bullshit_v2_sw_pnf_01,+C,False,15,1,0,True,True,2.0,1.4432275295257568,1.4433878660202026,0.00016033649444580078,0.022664912045001984,0.11329756677150726,0.9998767971992493
syco_bullshit_v2_sw_pnf_01,+C,False,16,1,0,True,True,2.0,1.4432275295257568,1.4432406425476074,1.3113021850585938e-05,0.023346776142716408,0.1163737028837204,0.999869167804718
syco_bullshit_v2_sw_pnf_01,+C,False,17,1,0,True,True,2.0,1.4432275295257568,1.4426863193511963,0.0005412101745605469,0.02224121242761612,0.1176760345697403,0.9998812675476074
syco_bullshit_v2_sw_pnf_01,+C,False,18,1,0,True,True,2.0,1.4432275295257568,1.4440771341323853,0.000849604606628418,0.021208522841334343,0.1148349791765213,0.9998923540115356
syco_bullshit_v2_sw_pnf_01,+C,False,19,1,0,True,True,2.0,1.4432275295257568,1.4429559707641602,0.0002715587615966797,0.02024690806865692,0.11024446785449982,0.9999016523361206
syco_bullshit_v2_sw_pnf_01,+C,False,20,1,0,True,True,2.0,1.4432275295257568,1.4442378282546997,0.001010298728942871,0.021224405616521835,0.11247687041759491,0.9998922348022461
syco_bullshit_v2_sw_pnf_01,+C,False,21,1,0,True,True,2.0,1.4432275295257568,1.4431201219558716,0.0001074075698852539,0.021110782399773598,0.10689929127693176,0.999893069267273
syco_bullshit_v2_sw_pnf_01,+C,False,22,1,0,True,True,2.0,1.4432275295257568,1.4438979625701904,0.0006704330444335938,0.022668786346912384,0.11687509715557098,0.999876856803894
syco_bullshit_v2_sw_pnf_01,+C,False,23,1,0,True,True,2.0,1.4432275295257568,1.4427037239074707,0.0005238056182861328,0.020483409985899925,0.11317121982574463,0.9998993873596191
syco_bullshit_v2_sw_pnf_01,+C,False,24,1,0,True,True,2.0,1.4432275295257568,1.4439928531646729,0.0007653236389160156,0.021553194150328636,0.11709895730018616,0.9998887777328491
syco_bullshit_v2_sw_pnf_01,+C,False,25,1,0,True,True,2.0,1.4432275295257568,1.44330894947052,8.14199447631836e-05,0.022949356585741043,0.1216413676738739,0.9998736381530762
syco_bullshit_v2_sw_pnf_01,+C,False,26,1,0,True,True,2.0,1.4432275295257568,1.442473292350769,0.000754237174987793,0.021433277055621147,0.11551253497600555,0.9998898506164551
syco_bullshit_v2_sw_pnf_01,+C,False,27,1,0,True,True,2.0,1.4432275295257568,1.4424316883087158,0.0007958412170410156,0.022536182776093483,0.11859364807605743,0.9998782873153687
syco_bullshit_v2_sw_pnf_01,+C,False,28,1,0,True,True,2.0,1.4432275295257568,1.4434030055999756,0.00017547607421875,0.023066189140081406,0.12154354155063629,0.9998723268508911
syco_bullshit_v2_sw_pnf_01,+C,False,29,1,0,True,True,2.0,1.4432275295257568,1.4428679943084717,0.00035953521728515625,0.01921701431274414,0.10570448637008667,0.9999114274978638
syco_bullshit_v2_sw_pnf_01,+C,False,30,1,0,True,True,2.0,1.4432275295257568,1.4431788921356201,4.863739013671875e-05,0.022217385470867157,0.11791311204433441,0.9998816251754761
syco_bullshit_v2_sw_pnf_01,+C,False,31,1,0,True,True,2.0,1.4432275295257568,1.442336082458496,0.0008914470672607422,0.02230484038591385,0.12722977995872498,0.9998806118965149
syco_bullshit_v2_sw_pnf_01,+C,False,32,1,0,True,True,2.0,1.4432275295257568,1.4437518119812012,0.0005242824554443359,0.018165018409490585,0.11110912263393402,0.9999208450317383
syco_bullshit_v2_sw_pnf_01,+C,False,33,1,0,True,True,2.0,1.4432275295257568,1.4438557624816895,0.0006282329559326172,0.022390615195035934,0.11543317139148712,0.9998798370361328
syco_bullshit_v2_sw_pnf_01,+C,False,34,1,0,True,True,2.0,1.4432275295257568,1.4431113004684448,0.00011622905731201172,0.02194986119866371,0.11369965970516205,0.9998843669891357
syco_bullshit_v2_sw_pnf_01,+C,False,35,1,0,True,True,2.0,1.4432275295257568,1.4423611164093018,0.0008664131164550781,0.020384496077895164,0.11542730033397675,0.9999004006385803
syco_bullshit_v2_sw_pnf_01,+C,False,36,1,0,True,True,2.0,1.4432275295257568,1.4431650638580322,6.246566772460938e-05,0.023106956854462624,0.12070456147193909,0.9998719692230225
syco_bullshit_v2_sw_pnf_01,+C,False,37,1,0,True,True,2.0,1.4432275295257568,1.4428924322128296,0.0003350973129272461,0.024038303643465042,0.12274801731109619,0.9998612999916077
syco_bullshit_v2_sw_pnf_01,+C,False,38,1,0,True,True,2.0,1.4432275295257568,1.4428499937057495,0.0003775358200073242,0.019242778420448303,0.11479055881500244,0.9999111890792847
syco_bullshit_v2_sw_pnf_01,+C,False,39,1,0,True,True,2.0,1.4432275295257568,1.4439499378204346,0.0007224082946777344,0.01797771267592907,0.10283975303173065,0.9999225735664368
syco_bullshit_v2_sw_pnf_01,+C,False,40,1,0,True,True,2.0,1.4432275295257568,1.443787693977356,0.0005601644515991211,0.020372292026877403,0.11146232485771179,0.9999005198478699
syco_bullshit_v2_sw_pnf_01,+C,False,41,1,0,True,True,2.0,1.4432275295257568,1.4430049657821655,0.0002225637435913086,0.021094808354973793,0.11691537499427795,0.999893307685852
syco_bullshit_v2_sw_pnf_01,+C,False,42,1,0,True,True,2.0,1.4432275295257568,1.444166660308838,0.0009391307830810547,0.022316530346870422,0.12054969370365143,0.9998807311058044
syco_bullshit_v2_sw_pnf_01,+C,False,43,1,0,True,True,2.0,1.4432275295257568,1.443555474281311,0.0003279447555541992,0.020171035081148148,0.11200886964797974,0.9999024271965027
syco_bullshit_v2_sw_pnf_01,+C,False,44,1,0,True,True,2.0,1.4432275295257568,1.4435608386993408,0.0003333091735839844,0.021034877747297287,0.11719079315662384,0.9998939633369446
syco_bullshit_v2_sw_pnf_01,+C,False,45,1,0,True,True,2.0,1.4432275295257568,1.443386435508728,0.0001589059829711914,0.02011551521718502,0.11589778959751129,0.9999029636383057
syco_bullshit_v2_sw_pnf_01,+C,False,46,1,0,True,True,2.0,1.4432275295257568,1.4423733949661255,0.0008541345596313477,0.019772885367274284,0.11057445406913757,0.9999063014984131
syco_bullshit_v2_sw_pnf_01,+C,False,47,1,0,True,True,2.0,1.4432275295257568,1.4435697793960571,0.00034224987030029297,0.022309334948658943,0.11692599952220917,0.9998805522918701
syco_bullshit_v2_sw_pnf_01,+C,False,48,1,0,True,True,2.0,1.4432275295257568,1.4425456523895264,0.0006818771362304688,0.01966303400695324,0.11552591621875763,0.9999073147773743
syco_bullshit_v2_sw_pnf_01,+C,False,49,1,0,True,True,2.0,1.4432275295257568,1.4441438913345337,0.0009163618087768555,0.02344163879752159,0.12272629141807556,0.9998684525489807
syco_bullshit_v2_sw_pnf_01,+C,False,50,1,0,True,True,2.0,1.4432275295257568,1.4438281059265137,0.0006005764007568359,0.022332919761538506,0.1203749030828476,0.9998804330825806
syco_bullshit_v2_sw_pnf_01,+C,False,51,1,0,True,True,2.0,1.4432275295257568,1.442788004875183,0.00043952465057373047,0.020934896543622017,0.11506704986095428,0.999894917011261
syco_bullshit_v2_sw_pnf_01,+C,False,52,1,0,True,True,2.0,1.4432275295257568,1.443245530128479,1.800060272216797e-05,0.021453723311424255,0.11417824029922485,0.9998894929885864
syco_bullshit_v2_sw_pnf_01,+C,False,53,1,0,True,True,2.0,1.4432275295257568,1.4435231685638428,0.0002956390380859375,0.021055186167359352,0.1178663969039917,0.9998936653137207
syco_bullshit_v2_sw_pnf_01,+C,False,54,1,0,True,True,2.0,1.4432275295257568,1.443701148033142,0.0004736185073852539,0.023185962811112404,0.12025517225265503,0.999871015548706
syco_bullshit_v2_sw_pnf_01,+C,False,55,1,0,True,True,2.0,1.4432275295257568,1.4425578117370605,0.0006697177886962891,0.021336758509278297,0.11473490297794342,0.9998908042907715
syco_bullshit_v2_sw_pnf_01,+C,False,56,1,0,True,True,2.0,1.4432275295257568,1.444093108177185,0.0008655786514282227,0.01926061138510704,0.11311502754688263,0.9999111890792847
syco_bullshit_v2_sw_pnf_01,+C,False,57,1,0,True,True,2.0,1.4432275295257568,1.4431265592575073,0.00010097026824951172,0.014998110011219978,0.08905377984046936,0.9999460577964783
syco_bullshit_v2_sw_pnf_01,+C,False,58,1,0,True,True,2.0,1.4432275295257568,1.4429069757461548,0.0003205537796020508,0.019403934478759766,0.10170142352581024,0.9999097585678101
syco_bullshit_v2_sw_pnf_01,-C,False,0,77,76,True,True,-2.0,1.4432275295257568,1.4431517124176025,7.581710815429688e-05,0.01864979974925518,0.10544154047966003,0.9999164938926697
syco_bullshit_v2_sw_pnf_01,-C,False,1,1,0,True,True,-2.0,1.4432275295257568,1.4429142475128174,0.0003132820129394531,0.020578479394316673,0.10633829236030579,0.9998984336853027
syco_bullshit_v2_sw_pnf_01,-C,False,2,1,0,True,True,-2.0,1.4432275295257568,1.4435065984725952,0.0002790689468383789,0.023160291835665703,0.11827951669692993,0.9998712539672852
syco_bullshit_v2_sw_pnf_01,-C,False,3,1,0,True,True,-2.0,1.4432275295257568,1.443519115447998,0.00029158592224121094,0.02435723878443241,0.12030580639839172,0.9998576641082764
syco_bullshit_v2_sw_pnf_01,-C,False,4,1,0,True,True,-2.0,1.4432275295257568,1.4426223039627075,0.0006052255630493164,0.023398449644446373,0.1172199696302414,0.999868631362915
syco_bullshit_v2_sw_pnf_01,-C,False,5,1,0,True,True,-2.0,1.4432275295257568,1.4443111419677734,0.0010836124420166016,0.02343554049730301,0.12359875440597534,0.999868631362915
syco_bullshit_v2_sw_pnf_01,-C,False,6,1,0,True,True,-2.0,1.4432275295257568,1.4429532289505005,0.00027430057525634766,0.02189803496003151,0.11325804889202118,0.9998849034309387
syco_bullshit_v2_sw_pnf_01,-C,False,7,1,0,True,True,-2.0,1.4432275295257568,1.4428609609603882,0.00036656856536865234,0.02056855708360672,0.11146320402622223,0.9998985528945923
syco_bullshit_v2_sw_pnf_01,-C,False,8,1,0,True,True,-2.0,1.4432275295257568,1.4429912567138672,0.00023627281188964844,0.02103332430124283,0.11566825211048126,0.9998937845230103
syco_bullshit_v2_sw_pnf_01,-C,False,9,1,0,True,True,-2.0,1.4432275295257568,1.4431610107421875,6.651878356933594e-05,0.02039296180009842,0.11195313930511475,0.9999002814292908
syco_bullshit_v2_sw_pnf_01,-C,False,10,1,0,True,True,-2.0,1.4432275295257568,1.4436094760894775,0.0003819465637207031,0.023849256336688995,0.12247887253761292,0.9998636245727539
syco_bullshit_v2_sw_pnf_01,-C,False,11,1,0,True,True,-2.0,1.4432275295257568,1.4440793991088867,0.0008518695831298828,0.021159596741199493,0.12503306567668915,0.9998927116394043
syco_bullshit_v2_sw_pnf_01,-C,False,12,1,0,True,True,-2.0,1.4432275295257568,1.4433939456939697,0.00016641616821289062,0.01926162838935852,0.11309967935085297,0.9999108910560608
syco_bullshit_v2_sw_pnf_01,-C,False,13,1,0,True,True,-2.0,1.4432275295257568,1.4434571266174316,0.0002295970916748047,0.020306717604398727,0.11656837165355682,0.9999010562896729
syco_bullshit_v2_sw_pnf_01,-C,False,14,1,0,True,True,-2.0,1.4432275295257568,1.443207859992981,1.9669532775878906e-05,0.01903100498020649,0.10969527065753937,0.9999130368232727
syco_bullshit_v2_sw_pnf_01,-C,False,15,1,0,True,True,-2.0,1.4432275295257568,1.4435317516326904,0.00030422210693359375,0.021376701071858406,0.11809329688549042,0.9998903870582581
syco_bullshit_v2_sw_pnf_01,-C,False,16,1,0,True,True,-2.0,1.4432275295257568,1.443209171295166,1.8358230590820312e-05,0.02072957344353199,0.11551889777183533,0.999896764755249
syco_bullshit_v2_sw_pnf_01,-C,False,17,1,0,True,True,-2.0,1.4432275295257568,1.443176507949829,5.1021575927734375e-05,0.021505912765860558,0.11482350528240204,0.9998890161514282
syco_bullshit_v2_sw_pnf_01,-C,False,18,1,0,True,True,-2.0,1.4432275295257568,1.4428585767745972,0.00036895275115966797,0.019908934831619263,0.11522284150123596,0.999904990196228
syco_bullshit_v2_sw_pnf_01,-C,False,19,1,0,True,True,-2.0,1.4432275295257568,1.44395112991333,0.0007236003875732422,0.02018812671303749,0.12014083564281464,0.9999024271965027
syco_bullshit_v2_sw_pnf_01,-C,False,20,1,0,True,True,-2.0,1.4432275295257568,1.443617343902588,0.0003898143768310547,0.019951678812503815,0.11364378035068512,0.9999045133590698
syco_bullshit_v2_sw_pnf_01,-C,False,21,1,0,True,True,-2.0,1.4432275295257568,1.4432330131530762,5.4836273193359375e-06,0.02240193635225296,0.11616826057434082,0.9998795986175537
syco_bullshit_v2_sw_pnf_01,-C,False,22,1,0,True,True,-2.0,1.4432275295257568,1.4440609216690063,0.0008333921432495117,0.0200659167021513,0.11586914956569672,0.9999035596847534
syco_bullshit_v2_sw_pnf_01,-C,False,23,1,0,True,True,-2.0,1.4432275295257568,1.4442287683486938,0.0010012388229370117,0.021257739514112473,0.12385532259941101,0.9998918771743774
syco_bullshit_v2_sw_pnf_01,-C,False,24,1,0,True,True,-2.0,1.4432275295257568,1.4427778720855713,0.0004496574401855469,0.023173552006483078,0.12733300030231476,0.9998711347579956
syco_bullshit_v2_sw_pnf_01,-C,False,25,1,0,True,True,-2.0,1.4432275295257568,1.4428852796554565,0.00034224987030029297,0.021555714309215546,0.11574815213680267,0.9998884797096252
syco_bullshit_v2_sw_pnf_01,-C,False,26,1,0,True,True,-2.0,1.4432275295257568,1.442733645439148,0.0004938840866088867,0.021567752584815025,0.11187490820884705,0.9998884797096252
syco_bullshit_v2_sw_pnf_01,-C,False,27,1,0,True,True,-2.0,1.4432275295257568,1.4434573650360107,0.00022983551025390625,0.02137874811887741,0.1209220141172409,0.9998903870582581
syco_bullshit_v2_sw_pnf_01,-C,False,28,1,0,True,True,-2.0,1.4432275295257568,1.4432868957519531,5.936622619628906e-05,0.020635198801755905,0.11543026566505432,0.999897837638855
syco_bullshit_v2_sw_pnf_01,-C,False,29,1,0,True,True,-2.0,1.4432275295257568,1.4439468383789062,0.0007193088531494141,0.020210925489664078,0.11539953947067261,0.9999022483825684
syco_bullshit_v2_sw_pnf_01,-C,False,30,1,0,True,True,-2.0,1.4432275295257568,1.4429564476013184,0.00027108192443847656,0.018762987107038498,0.10792407393455505,0.9999154806137085
syco_bullshit_v2_sw_pnf_01,-C,False,31,1,0,True,True,-2.0,1.4432275295257568,1.442926049232483,0.0003014802932739258,0.02339395321905613,0.11867177486419678,0.9998685717582703
syco_bullshit_v2_sw_pnf_01,-C,False,32,1,0,True,True,-2.0,1.4432275295257568,1.4434689283370972,0.00024139881134033203,0.023000502958893776,0.11912371218204498,0.9998730421066284
syco_bullshit_v2_sw_pnf_01,-C,False,33,1,0,True,True,-2.0,1.4432275295257568,1.4433218240737915,9.429454803466797e-05,0.023647168651223183,0.12255632877349854,0.9998657703399658
syco_bullshit_v2_sw_pnf_01,-C,False,34,1,0,True,True,-2.0,1.4432275295257568,1.4440970420837402,0.0008695125579833984,0.022229090332984924,0.11972291767597198,0.9998816251754761
syco_bullshit_v2_sw_pnf_01,-C,False,35,1,0,True,True,-2.0,1.4432275295257568,1.4439893960952759,0.000761866569519043,0.021111877635121346,0.1094568520784378,0.9998931884765625
syco_bullshit_v2_sw_pnf_01,-C,False,36,1,0,True,True,-2.0,1.4432275295257568,1.442337989807129,0.0008895397186279297,0.024317855015397072,0.12261660397052765,0.9998582601547241
syco_bullshit_v2_sw_pnf_01,-C,False,37,1,0,True,True,-2.0,1.4432275295257568,1.4441794157028198,0.0009518861770629883,0.022932417690753937,0.12212900817394257,0.9998739957809448
syco_bullshit_v2_sw_pnf_01,-C,False,38,1,0,True,True,-2.0,1.4432275295257568,1.4433984756469727,0.0001709461212158203,0.022749802097678185,0.11785845458507538,0.9998759031295776
syco_bullshit_v2_sw_pnf_01,-C,False,39,1,0,True,True,-2.0,1.4432275295257568,1.4428589344024658,0.0003685951232910156,0.020038876682519913,0.11471816897392273,0.999903678894043
syco_bullshit_v2_sw_pnf_01,-C,False,40,1,0,True,True,-2.0,1.4432275295257568,1.442848563194275,0.0003789663314819336,0.02110043540596962,0.11715145409107208,0.999893069267273
syco_bullshit_v2_sw_pnf_01,-C,False,41,1,0,True,True,-2.0,1.4432275295257568,1.4438427686691284,0.000615239143371582,0.02160339057445526,0.12107111513614655,0.9998881816864014
syco_bullshit_v2_sw_pnf_01,-C,False,42,1,0,True,True,-2.0,1.4432275295257568,1.4441447257995605,0.0009171962738037109,0.021469581872224808,0.12477397918701172,0.9998896718025208
syco_bullshit_v2_sw_pnf_01,-C,False,43,1,0,True,True,-2.0,1.4432275295257568,1.4439305067062378,0.000702977180480957,0.02063692919909954,0.11723782122135162,0.9998979568481445
syco_bullshit_v2_sw_pnf_01,-C,False,44,1,0,True,True,-2.0,1.4432275295257568,1.4435629844665527,0.00033545494079589844,0.01872832141816616,0.10319274663925171,0.9999158382415771
syco_bullshit_v2_sw_pnf_01,-C,False,45,1,0,True,True,-2.0,1.4432275295257568,1.4435174465179443,0.0002899169921875,0.020755542442202568,0.11446985602378845,0.9998966455459595
syco_bullshit_v2_sw_pnf_01,-C,False,46,1,0,True,True,-2.0,1.4432275295257568,1.4443062543869019,0.0010787248611450195,0.022891035303473473,0.11668182909488678,0.9998745322227478
syco_bullshit_v2_sw_pnf_01,-C,False,47,1,0,True,True,-2.0,1.4432275295257568,1.442527174949646,0.0007003545761108398,0.02376231737434864,0.12279832363128662,0.9998644590377808
syco_bullshit_v2_sw_pnf_01,-C,False,48,1,0,True,True,-2.0,1.4432275295257568,1.4433940649032593,0.0001665353775024414,0.02127877064049244,0.11843043565750122,0.9998913407325745
syco_bullshit_v2_sw_pnf_01,-C,False,49,1,0,True,True,-2.0,1.4432275295257568,1.443015694618225,0.00021183490753173828,0.02410215698182583,0.11533720791339874,0.9998606443405151
syco_bullshit_v2_sw_pnf_01,-C,False,50,1,0,True,True,-2.0,1.4432275295257568,1.4435609579086304,0.00033342838287353516,0.02045527659356594,0.11612540483474731,0.9998996257781982
syco_bullshit_v2_sw_pnf_01,-C,False,51,1,0,True,True,-2.0,1.4432275295257568,1.4433400630950928,0.0001125335693359375,0.02184867300093174,0.1196642518043518,0.9998854398727417
syco_bullshit_v2_sw_pnf_01,-C,False,52,1,0,True,True,-2.0,1.4432275295257568,1.4429659843444824,0.00026154518127441406,0.02084917388856411,0.1161089688539505,0.9998956918716431
syco_bullshit_v2_sw_pnf_01,-C,False,53,1,0,True,True,-2.0,1.4432275295257568,1.4438624382019043,0.0006349086761474609,0.02200455032289028,0.12181149423122406,0.9998839497566223
syco_bullshit_v2_sw_pnf_01,-C,False,54,1,0,True,True,-2.0,1.4432275295257568,1.44364333152771,0.000415802001953125,0.01993769407272339,0.11482664942741394,0.9999046325683594
syco_bullshit_v2_sw_pnf_01,-C,False,55,1,0,True,True,-2.0,1.4432275295257568,1.4435044527053833,0.00027692317962646484,0.015217027626931667,0.0892861932516098,0.9999443292617798
syco_bullshit_v2_sw_pnf_01,-C,False,56,1,0,True,True,-2.0,1.4432275295257568,1.4432255029678345,2.0265579223632812e-06,0.018913395702838898,0.10148264467716217,0.9999141693115234
syco_bullshit_v2_sw_pnf_02,+C,False,0,72,71,True,True,2.0,1.4432275295257568,1.4436308145523071,0.00040328502655029297,0.01917644403874874,0.10887487232685089,0.999911904335022
syco_bullshit_v2_sw_pnf_02,+C,False,1,1,0,True,True,2.0,1.4432275295257568,1.442711353302002,0.0005161762237548828,0.019338317215442657,0.11212244629859924,0.9999103546142578
syco_bullshit_v2_sw_pnf_02,+C,False,2,1,0,True,True,2.0,1.4432275295257568,1.4430502653121948,0.00017726421356201172,0.02207943983376026,0.11033724248409271,0.9998829364776611
syco_bullshit_v2_sw_pnf_02,+C,False,3,1,0,True,True,2.0,1.4432275295257568,1.4422478675842285,0.0009796619415283203,0.021571019664406776,0.11055487394332886,0.99988853931427
syco_bullshit_v2_sw_pnf_02,+C,False,4,1,0,True,True,2.0,1.4432275295257568,1.4428731203079224,0.00035440921783447266,0.023063290864229202,0.12044309079647064,0.9998723864555359
syco_bullshit_v2_sw_pnf_02,+C,False,5,1,0,True,True,2.0,1.4432275295257568,1.4440085887908936,0.0007810592651367188,0.025250593200325966,0.1229732483625412,0.9998472929000854
syco_bullshit_v2_sw_pnf_02,+C,False,6,1,0,True,True,2.0,1.4432275295257568,1.4430088996887207,0.0002186298370361328,0.02381066605448723,0.1237545758485794,0.9998639225959778
syco_bullshit_v2_sw_pnf_02,+C,False,7,1,0,True,True,2.0,1.4432275295257568,1.443536400794983,0.0003088712692260742,0.020806867629289627,0.12292435765266418,0.9998961687088013
syco_bullshit_v2_sw_pnf_02,+C,False,8,1,0,True,True,2.0,1.4432275295257568,1.4427183866500854,0.0005091428756713867,0.01940125972032547,0.11435925960540771,0.9999097585678101
syco_bullshit_v2_sw_pnf_02,+C,False,9,1,0,True,True,2.0,1.4432275295257568,1.4425846338272095,0.0006428956985473633,0.02004687488079071,0.11536543071269989,0.9999036192893982
syco_bullshit_v2_sw_pnf_02,+C,False,10,1,0,True,True,2.0,1.4432275295257568,1.4438135623931885,0.0005860328674316406,0.022259702906012535,0.11910845339298248,0.9998811483383179
syco_bullshit_v2_sw_pnf_02,+C,False,11,1,0,True,True,2.0,1.4432275295257568,1.4433823823928833,0.00015485286712646484,0.020367681980133057,0.11543835699558258,0.9999004006385803
syco_bullshit_v2_sw_pnf_02,+C,False,12,1,0,True,True,2.0,1.4432275295257568,1.4437127113342285,0.0004851818084716797,0.022387143224477768,0.119861900806427,0.9998798370361328
syco_bullshit_v2_sw_pnf_02,+C,False,13,1,0,True,True,2.0,1.4432275295257568,1.4431054592132568,0.0001220703125,0.02363157458603382,0.11996081471443176,0.9998660087585449
syco_bullshit_v2_sw_pnf_02,+C,False,14,1,0,True,True,2.0,1.4432275295257568,1.4432668685913086,3.933906555175781e-05,0.02392006106674671,0.12953652441501617,0.9998626112937927
syco_bullshit_v2_sw_pnf_02,+C,False,15,1,0,True,True,2.0,1.4432275295257568,1.4423046112060547,0.0009229183197021484,0.02248903177678585,0.1186394989490509,0.9998787045478821
syco_bullshit_v2_sw_pnf_02,+C,False,16,1,0,True,True,2.0,1.4432275295257568,1.443304181098938,7.665157318115234e-05,0.021328741684556007,0.11397363245487213,0.9998908638954163
syco_bullshit_v2_sw_pnf_02,+C,False,17,1,0,True,True,2.0,1.4432275295257568,1.442690134048462,0.0005373954772949219,0.021639779210090637,0.11114583909511566,0.9998876452445984
syco_bullshit_v2_sw_pnf_02,+C,False,18,1,0,True,True,2.0,1.4432275295257568,1.444523572921753,0.0012960433959960938,0.02166076749563217,0.12013371288776398,0.9998878836631775
syco_bullshit_v2_sw_pnf_02,+C,False,19,1,0,True,True,2.0,1.4432275295257568,1.4447925090789795,0.0015649795532226562,0.02589745633304119,0.12860937416553497,0.9998398423194885
syco_bullshit_v2_sw_pnf_02,+C,False,20,1,0,True,True,2.0,1.4432275295257568,1.4444621801376343,0.0012346506118774414,0.02207126095890999,0.11781685054302216,0.9998835325241089
syco_bullshit_v2_sw_pnf_02,+C,False,21,1,0,True,True,2.0,1.4432275295257568,1.4432419538497925,1.4424324035644531e-05,0.021625423803925514,0.11931852996349335,0.9998877644538879
syco_bullshit_v2_sw_pnf_02,+C,False,22,1,0,True,True,2.0,1.4432275295257568,1.4433040618896484,7.653236389160156e-05,0.020139889791607857,0.11499297618865967,0.9999027252197266
syco_bullshit_v2_sw_pnf_02,+C,False,23,1,0,True,True,2.0,1.4432275295257568,1.443616509437561,0.0003889799118041992,0.021370189264416695,0.11679472029209137,0.9998904466629028
syco_bullshit_v2_sw_pnf_02,+C,False,24,1,0,True,True,2.0,1.4432275295257568,1.4430681467056274,0.00015938282012939453,0.022109996527433395,0.11741386353969574,0.999882698059082
syco_bullshit_v2_sw_pnf_02,+C,False,25,1,0,True,True,2.0,1.4432275295257568,1.4430049657821655,0.0002225637435913086,0.02204923704266548,0.12138412892818451,0.9998832941055298
syco_bullshit_v2_sw_pnf_02,+C,False,26,1,0,True,True,2.0,1.4432275295257568,1.442427635192871,0.0007998943328857422,0.020964138209819794,0.12398716807365417,0.9998946189880371
syco_bullshit_v2_sw_pnf_02,+C,False,27,1,0,True,True,2.0,1.4432275295257568,1.4428634643554688,0.00036406517028808594,0.023096637800335884,0.11901719868183136,0.9998719692230225
syco_bullshit_v2_sw_pnf_02,+C,False,28,1,0,True,True,2.0,1.4432275295257568,1.4438475370407104,0.0006200075149536133,0.022087913006544113,0.1215701699256897,0.9998830556869507
syco_bullshit_v2_sw_pnf_02,+C,False,29,1,0,True,True,2.0,1.4432275295257568,1.44310462474823,0.00012290477752685547,0.019263727590441704,0.11004500091075897,0.9999108910560608
syco_bullshit_v2_sw_pnf_02,+C,False,30,1,0,True,True,2.0,1.4432275295257568,1.4435220956802368,0.00029456615447998047,0.02402355521917343,0.12234388291835785,0.9998615980148315
syco_bullshit_v2_sw_pnf_02,+C,False,31,1,0,True,True,2.0,1.4432275295257568,1.443154215812683,7.331371307373047e-05,0.021739210933446884,0.12195521593093872,0.9998865127563477
syco_bullshit_v2_sw_pnf_02,+C,False,32,1,0,True,True,2.0,1.4432275295257568,1.4434043169021606,0.0001767873764038086,0.021990416571497917,0.11882036924362183,0.9998840093612671
syco_bullshit_v2_sw_pnf_02,+C,False,33,1,0,True,True,2.0,1.4432275295257568,1.4439043998718262,0.0006768703460693359,0.022580072283744812,0.12111328542232513,0.9998778104782104
syco_bullshit_v2_sw_pnf_02,+C,False,34,1,0,True,True,2.0,1.4432275295257568,1.4437772035598755,0.0005496740341186523,0.021925969049334526,0.11865285038948059,0.9998847842216492
syco_bullshit_v2_sw_pnf_02,+C,False,35,1,0,True,True,2.0,1.4432275295257568,1.4444385766983032,0.0012110471725463867,0.024583306163549423,0.12927217781543732,0.9998553991317749
syco_bullshit_v2_sw_pnf_02,+C,False,36,1,0,True,True,2.0,1.4432275295257568,1.4431955814361572,3.1948089599609375e-05,0.021069929003715515,0.11426009237766266,0.9998934864997864
syco_bullshit_v2_sw_pnf_02,+C,False,37,1,0,True,True,2.0,1.4432275295257568,1.443021535873413,0.00020599365234375,0.022005219012498856,0.11590664088726044,0.9998838901519775
syco_bullshit_v2_sw_pnf_02,+C,False,38,1,0,True,True,2.0,1.4432275295257568,1.443629264831543,0.0004017353057861328,0.022819969803094864,0.1279832124710083,0.9998751282691956
syco_bullshit_v2_sw_pnf_02,+C,False,39,1,0,True,True,2.0,1.4432275295257568,1.4436589479446411,0.00043141841888427734,0.020117104053497314,0.11998946964740753,0.9999029636383057
syco_bullshit_v2_sw_pnf_02,+C,False,40,1,0,True,True,2.0,1.4432275295257568,1.4429607391357422,0.00026679039001464844,0.020606178790330887,0.11235599219799042,0.9998980760574341
syco_bullshit_v2_sw_pnf_02,+C,False,41,1,0,True,True,2.0,1.4432275295257568,1.4425979852676392,0.0006295442581176758,0.020370669662952423,0.10889875888824463,0.9999004602432251
syco_bullshit_v2_sw_pnf_02,+C,False,42,1,0,True,True,2.0,1.4432275295257568,1.4439339637756348,0.0007064342498779297,0.020654303953051567,0.11264254152774811,0.999897837638855
syco_bullshit_v2_sw_pnf_02,+C,False,43,1,0,True,True,2.0,1.4432275295257568,1.443598747253418,0.0003712177276611328,0.02099367044866085,0.11400219798088074,0.9998943209648132
syco_bullshit_v2_sw_pnf_02,+C,False,44,1,0,True,True,2.0,1.4432275295257568,1.4430447816848755,0.00018274784088134766,0.020638519898056984,0.11064614355564117,0.9998977780342102
syco_bullshit_v2_sw_pnf_02,+C,False,45,1,0,True,True,2.0,1.4432275295257568,1.4431535005569458,7.402896881103516e-05,0.0189659520983696,0.10985003411769867,0.9999136924743652
syco_bullshit_v2_sw_pnf_02,+C,False,46,1,0,True,True,2.0,1.4432275295257568,1.444307804107666,0.0010802745819091797,0.021365443244576454,0.11578059196472168,0.9998908042907715
syco_bullshit_v2_sw_pnf_02,+C,False,47,1,0,True,True,2.0,1.4432275295257568,1.4439141750335693,0.0006866455078125,0.020215103402733803,0.11399371922016144,0.9999021291732788
syco_bullshit_v2_sw_pnf_02,+C,False,48,1,0,True,True,2.0,1.4432275295257568,1.4433245658874512,9.703636169433594e-05,0.020642276853322983,0.11065313220024109,0.9998977184295654
syco_bullshit_v2_sw_pnf_02,+C,False,49,1,0,True,True,2.0,1.4432275295257568,1.442766547203064,0.0004609823226928711,0.02150505781173706,0.11452201008796692,0.999889075756073
syco_bullshit_v2_sw_pnf_02,+C,False,50,1,0,True,True,2.0,1.4432275295257568,1.4429585933685303,0.0002689361572265625,0.023759035393595695,0.12463095784187317,0.9998645186424255
syco_bullshit_v2_sw_pnf_02,+C,False,51,1,0,True,True,2.0,1.4432275295257568,1.4442472457885742,0.0010197162628173828,0.01951250247657299,0.11348943412303925,0.999908983707428
syco_bullshit_v2_sw_pnf_02,+C,False,52,1,0,True,True,2.0,1.4432275295257568,1.443467617034912,0.00024008750915527344,0.015037155710160732,0.08997397124767303,0.9999456405639648
syco_bullshit_v2_sw_pnf_02,+C,False,53,1,0,True,True,2.0,1.4432275295257568,1.443597435951233,0.0003699064254760742,0.018445588648319244,0.10298816859722137,0.9999183416366577
syco_bullshit_v2_sw_pnf_02,-C,False,0,72,71,True,True,-2.0,1.4432275295257568,1.4431085586547852,0.00011897087097167969,0.019357815384864807,0.10887487232685089,0.9999101161956787
syco_bullshit_v2_sw_pnf_02,-C,False,1,1,0,True,True,-2.0,1.4432275295257568,1.4427409172058105,0.00048661231994628906,0.01994229108095169,0.10624101758003235,0.9999046325683594
syco_bullshit_v2_sw_pnf_02,-C,False,2,1,0,True,True,-2.0,1.4432275295257568,1.4427937269210815,0.00043380260467529297,0.023256821557879448,0.11955644190311432,0.999870240688324
syco_bullshit_v2_sw_pnf_02,-C,False,3,1,0,True,True,-2.0,1.4432275295257568,1.4429718255996704,0.0002557039260864258,0.02375127375125885,0.12135675549507141,0.9998646378517151
syco_bullshit_v2_sw_pnf_02,-C,False,4,1,0,True,True,-2.0,1.4432275295257568,1.4430817365646362,0.00014579296112060547,0.023767778649926186,0.125167116522789,0.9998644590377808
syco_bullshit_v2_sw_pnf_02,-C,False,5,1,0,True,True,-2.0,1.4432275295257568,1.4435811042785645,0.0003535747528076172,0.021672293543815613,0.12200765311717987,0.9998873472213745
syco_bullshit_v2_sw_pnf_02,-C,False,6,1,0,True,True,-2.0,1.4432275295257568,1.442935585975647,0.0002919435501098633,0.022957956418395042,0.1138792634010315,0.9998735189437866
syco_bullshit_v2_sw_pnf_02,-C,False,7,1,0,True,True,-2.0,1.4432275295257568,1.4429501295089722,0.00027740001678466797,0.021120168268680573,0.11799915134906769,0.9998929500579834
syco_bullshit_v2_sw_pnf_02,-C,False,8,1,0,True,True,-2.0,1.4432275295257568,1.4431407451629639,8.678436279296875e-05,0.021723026409745216,0.11913502216339111,0.9998867511749268
syco_bullshit_v2_sw_pnf_02,-C,False,9,1,0,True,True,-2.0,1.4432275295257568,1.443325400352478,9.78708267211914e-05,0.020089155063033104,0.11513395607471466,0.9999030828475952
syco_bullshit_v2_sw_pnf_02,-C,False,10,1,0,True,True,-2.0,1.4432275295257568,1.4426569938659668,0.0005705356597900391,0.022381387650966644,0.12053041160106659,0.9998798370361328
syco_bullshit_v2_sw_pnf_02,-C,False,11,1,0,True,True,-2.0,1.4432275295257568,1.4427950382232666,0.0004324913024902344,0.022403765469789505,0.12198098003864288,0.9998795390129089
syco_bullshit_v2_sw_pnf_02,-C,False,12,1,0,True,True,-2.0,1.4432275295257568,1.442831039428711,0.00039649009704589844,0.02275090664625168,0.12246496975421906,0.9998757243156433
syco_bullshit_v2_sw_pnf_02,-C,False,13,1,0,True,True,-2.0,1.4432275295257568,1.442330241203308,0.0008972883224487305,0.023374861106276512,0.11991187930107117,0.9998689889907837
syco_bullshit_v2_sw_pnf_02,-C,False,14,1,0,True,True,-2.0,1.4432275295257568,1.4437057971954346,0.0004782676696777344,0.02441389113664627,0.13040834665298462,0.9998570680618286
syco_bullshit_v2_sw_pnf_02,-C,False,15,1,0,True,True,-2.0,1.4432275295257568,1.4441527128219604,0.0009251832962036133,0.020383885130286217,0.11653976142406464,0.9999005794525146
syco_bullshit_v2_sw_pnf_02,-C,False,16,1,0,True,True,-2.0,1.4432275295257568,1.4441484212875366,0.0009208917617797852,0.021411284804344177,0.1188911646604538,0.9998903274536133
syco_bullshit_v2_sw_pnf_02,-C,False,17,1,0,True,True,-2.0,1.4432275295257568,1.4430652856826782,0.00016224384307861328,0.01993192732334137,0.1130269467830658,0.9999046325683594
syco_bullshit_v2_sw_pnf_02,-C,False,18,1,0,True,True,-2.0,1.4432275295257568,1.4434597492218018,0.00023221969604492188,0.020377077162265778,0.11387676000595093,0.9999004006385803
syco_bullshit_v2_sw_pnf_02,-C,False,19,1,0,True,True,-2.0,1.4432275295257568,1.4426906108856201,0.0005369186401367188,0.021997878327965736,0.11300155520439148,0.9998838901519775
syco_bullshit_v2_sw_pnf_02,-C,False,20,1,0,True,True,-2.0,1.4432275295257568,1.4447848796844482,0.0015573501586914062,0.021455544978380203,0.1272132396697998,0.9998902082443237
syco_bullshit_v2_sw_pnf_02,-C,False,21,1,0,True,True,-2.0,1.4432275295257568,1.4435213804244995,0.0002938508987426758,0.0210808664560318,0.12080363929271698,0.9998933672904968
syco_bullshit_v2_sw_pnf_02,-C,False,22,1,0,True,True,-2.0,1.4432275295257568,1.4435725212097168,0.00034499168395996094,0.022930067032575607,0.1178235113620758,0.9998738765716553
syco_bullshit_v2_sw_pnf_02,-C,False,23,1,0,True,True,-2.0,1.4432275295257568,1.4443886280059814,0.0011610984802246094,0.022620299831032753,0.12326429784297943,0.9998775720596313
syco_bullshit_v2_sw_pnf_02,-C,False,24,1,0,True,True,-2.0,1.4432275295257568,1.443310022354126,8.249282836914062e-05,0.02108350396156311,0.12129440903663635,0.9998933672904968
syco_bullshit_v2_sw_pnf_02,-C,False,25,1,0,True,True,-2.0,1.4432275295257568,1.4428768157958984,0.00035071372985839844,0.02208605594933033,0.12529581785202026,0.9998829364776611
syco_bullshit_v2_sw_pnf_02,-C,False,26,1,0,True,True,-2.0,1.4432275295257568,1.4444587230682373,0.0012311935424804688,0.022303786128759384,0.11758412420749664,0.9998810291290283
syco_bullshit_v2_sw_pnf_02,-C,False,27,1,0,True,True,-2.0,1.4432275295257568,1.4441519975662231,0.0009244680404663086,0.018281590193510056,0.10912245512008667,0.9999200701713562
syco_bullshit_v2_sw_pnf_02,-C,False,28,1,0,True,True,-2.0,1.4432275295257568,1.4435847997665405,0.0003572702407836914,0.020925840362906456,0.11466112732887268,0.9998949766159058
syco_bullshit_v2_sw_pnf_02,-C,False,29,1,0,True,True,-2.0,1.4432275295257568,1.444551706314087,0.0013241767883300781,0.023869797587394714,0.12540745735168457,0.9998638033866882
syco_bullshit_v2_sw_pnf_02,-C,False,30,1,0,True,True,-2.0,1.4432275295257568,1.4427995681762695,0.0004279613494873047,0.023887762799859047,0.12500540912151337,0.9998630285263062
syco_bullshit_v2_sw_pnf_02,-C,False,31,1,0,True,True,-2.0,1.4432275295257568,1.4438059329986572,0.0005784034729003906,0.025615066289901733,0.12472094595432281,0.999842643737793
syco_bullshit_v2_sw_pnf_02,-C,False,32,1,0,True,True,-2.0,1.4432275295257568,1.443244218826294,1.6689300537109375e-05,0.02108846604824066,0.11986616253852844,0.9998933672904968
syco_bullshit_v2_sw_pnf_02,-C,False,33,1,0,True,True,-2.0,1.4432275295257568,1.4439431428909302,0.0007156133651733398,0.024010002613067627,0.12412065267562866,0.9998618364334106
syco_bullshit_v2_sw_pnf_02,-C,False,34,1,0,True,True,-2.0,1.4432275295257568,1.443896770477295,0.0006692409515380859,0.024362552911043167,0.12799672782421112,0.9998577833175659
syco_bullshit_v2_sw_pnf_02,-C,False,35,1,0,True,True,-2.0,1.4432275295257568,1.4436854124069214,0.0004578828811645508,0.023706840351223946,0.12168663740158081,0.9998652338981628
syco_bullshit_v2_sw_pnf_02,-C,False,36,1,0,True,True,-2.0,1.4432275295257568,1.4438631534576416,0.0006356239318847656,0.020264966413378716,0.11680279672145844,0.9999015927314758
syco_bullshit_v2_sw_pnf_02,-C,False,37,1,0,True,True,-2.0,1.4432275295257568,1.4436619281768799,0.0004343986511230469,0.02067958004772663,0.1148822158575058,0.9998974204063416
syco_bullshit_v2_sw_pnf_02,-C,False,38,1,0,True,True,-2.0,1.4432275295257568,1.4438375234603882,0.0006099939346313477,0.024348163977265358,0.12045477330684662,0.9998579025268555
syco_bullshit_v2_sw_pnf_02,-C,False,39,1,0,True,True,-2.0,1.4432275295257568,1.4446605443954468,0.0014330148696899414,0.023686936125159264,0.12261348962783813,0.9998660683631897
syco_bullshit_v2_sw_pnf_02,-C,False,40,1,0,True,True,-2.0,1.4432275295257568,1.4431933164596558,3.421306610107422e-05,0.0245855413377285,0.11740477383136749,0.9998549222946167
syco_bullshit_v2_sw_pnf_02,-C,False,41,1,0,True,True,-2.0,1.4432275295257568,1.4435466527938843,0.0003191232681274414,0.02149319276213646,0.1170549988746643,0.9998891353607178
syco_bullshit_v2_sw_pnf_02,-C,False,42,1,0,True,True,-2.0,1.4432275295257568,1.443950891494751,0.0007233619689941406,0.02269192598760128,0.11885590851306915,0.9998766183853149
syco_bullshit_v2_sw_pnf_02,-C,False,43,1,0,True,True,-2.0,1.4432275295257568,1.4431325197219849,9.500980377197266e-05,0.021351126953959465,0.11489355564117432,0.9998906254768372
syco_bullshit_v2_sw_pnf_02,-C,False,44,1,0,True,True,-2.0,1.4432275295257568,1.4442089796066284,0.000981450080871582,0.023107333108782768,0.1220039576292038,0.9998722076416016
syco_bullshit_v2_sw_pnf_02,-C,False,45,1,0,True,True,-2.0,1.4432275295257568,1.4428292512893677,0.00039827823638916016,0.02437656931579113,0.1251753270626068,0.9998573660850525
syco_bullshit_v2_sw_pnf_02,-C,False,46,1,0,True,True,-2.0,1.4432275295257568,1.4444113969802856,0.0011838674545288086,0.022953636944293976,0.1225847601890564,0.9998739957809448
syco_bullshit_v2_sw_pnf_02,-C,False,47,1,0,True,True,-2.0,1.4432275295257568,1.4426891803741455,0.0005383491516113281,0.019940514117479324,0.1069643497467041,0.9999046921730042
syco_bullshit_v2_sw_pnf_02,-C,False,48,1,0,True,True,-2.0,1.4432275295257568,1.4428514242172241,0.00037610530853271484,0.015358309261500835,0.09786964952945709,0.9999434351921082
syco_bullshit_v2_sw_pnf_02,-C,False,49,1,0,True,True,-2.0,1.4432275295257568,1.4434186220169067,0.00019109249114990234,0.020605312660336494,0.10835839807987213,0.9998981952667236
syco_bullshit_v2_sw_pnf_02,-C,False,50,1,0,True,True,-2.0,1.4432275295257568,1.4433443546295166,0.00011682510375976562,0.019474182277917862,0.10704489052295685,0.999908983707428
syco_bullshit_v2_sw_pnf_02,-C,False,51,1,0,True,True,-2.0,1.4432275295257568,1.443741798400879,0.0005142688751220703,0.02426225133240223,0.127529114484787,0.9998588562011719
syco_bullshit_v2_sw_pnf_02,-C,False,52,1,0,True,True,-2.0,1.4432275295257568,1.443367838859558,0.00014030933380126953,0.018303727731108665,0.10624800622463226,0.9999195337295532
syco_bullshit_v2_sw_pnf_02,-C,False,53,1,0,True,True,-2.0,1.4432275295257568,1.4436742067337036,0.00044667720794677734,0.020444391295313835,0.1080472320318222,0.9998998045921326
syco_bullshit_v2_sw_pnf_02,-C,False,54,1,0,True,True,-2.0,1.4432275295257568,1.4440743923187256,0.00084686279296875,0.025506308302283287,0.13001468777656555,0.9998441338539124
syco_bullshit_v2_sw_pnf_02,-C,False,55,1,0,True,True,-2.0,1.4432275295257568,1.4432977437973022,7.021427154541016e-05,0.019629361107945442,0.11529213190078735,0.9999075531959534
syco_bullshit_v2_sw_pnf_02,-C,False,56,1,0,True,True,-2.0,1.4432275295257568,1.4435746669769287,0.000347137451171875,0.02218964323401451,0.11956286430358887,0.9998819231987
syco_bullshit_v2_sw_pnf_02,-C,False,57,1,0,True,True,-2.0,1.4432275295257568,1.442992091178894,0.00023543834686279297,0.020405679941177368,0.11491306126117706,0.9998999834060669
syco_bullshit_v2_sw_pnf_02,-C,False,58,1,0,True,True,-2.0,1.4432275295257568,1.4427326917648315,0.000494837760925293,0.020041566342115402,0.11265049874782562,0.9999035596847534
syco_bullshit_v2_sw_pnf_02,-C,False,59,1,0,True,True,-2.0,1.4432275295257568,1.4435019493103027,0.00027441978454589844,0.023417314514517784,0.1220085620880127,0.9998685121536255
syco_bullshit_v2_sw_pnf_02,-C,False,60,1,0,True,True,-2.0,1.4432275295257568,1.443053960800171,0.0001735687255859375,0.022923165932297707,0.11929357051849365,0.9998738169670105
syco_bullshit_v2_sw_pnf_02,-C,False,61,1,0,True,True,-2.0,1.4432275295257568,1.4427851438522339,0.0004423856735229492,0.020280107855796814,0.11563153564929962,0.999901294708252
syco_bullshit_v2_sw_pnf_02,-C,False,62,1,0,True,True,-2.0,1.4432275295257568,1.4428468942642212,0.00038063526153564453,0.015129533596336842,0.0893700122833252,0.9999451637268066
syco_bullshit_v2_sw_pnf_02,-C,False,63,1,0,True,True,-2.0,1.4432275295257568,1.4435374736785889,0.00030994415283203125,0.020079508423805237,0.10327287018299103,0.9999032616615295
syco_bullshit_v2_sw_pnf_03,+C,False,0,69,68,True,True,2.0,1.4432275295257568,1.443718671798706,0.0004911422729492188,0.018863745033740997,0.10588517785072327,0.9999147057533264
syco_bullshit_v2_sw_pnf_03,+C,False,1,1,0,True,True,2.0,1.4432275295257568,1.4431769847869873,5.054473876953125e-05,0.019474433735013008,0.11020815372467041,0.999908983707428
syco_bullshit_v2_sw_pnf_03,+C,False,2,1,0,True,True,2.0,1.4432275295257568,1.4432626962661743,3.516674041748047e-05,0.020800411701202393,0.1085643321275711,0.9998961687088013
syco_bullshit_v2_sw_pnf_03,+C,False,3,1,0,True,True,2.0,1.4432275295257568,1.443246603012085,1.9073486328125e-05,0.01882026344537735,0.11279836297035217,0.9999148845672607
syco_bullshit_v2_sw_pnf_03,+C,False,4,1,0,True,True,2.0,1.4432275295257568,1.4423648118972778,0.0008627176284790039,0.024143381044268608,0.12172788381576538,0.9998601675033569
syco_bullshit_v2_sw_pnf_03,+C,False,5,1,0,True,True,2.0,1.4432275295257568,1.4434987306594849,0.00027120113372802734,0.023584643378853798,0.12064817547798157,0.9998666048049927
syco_bullshit_v2_sw_pnf_03,+C,False,6,1,0,True,True,2.0,1.4432275295257568,1.4427821636199951,0.00044536590576171875,0.021412238478660583,0.12326405942440033,0.9998899102210999
syco_bullshit_v2_sw_pnf_03,+C,False,7,1,0,True,True,2.0,1.4432275295257568,1.4438575506210327,0.0006300210952758789,0.022299008443951607,0.12259255349636078,0.9998807907104492
syco_bullshit_v2_sw_pnf_03,+C,False,8,1,0,True,True,2.0,1.4432275295257568,1.4427169561386108,0.0005105733871459961,0.019081538543105125,0.11181309819221497,0.999912679195404
syco_bullshit_v2_sw_pnf_03,+C,False,9,1,0,True,True,2.0,1.4432275295257568,1.443945050239563,0.0007175207138061523,0.022704871371388435,0.11352205276489258,0.9998763203620911
syco_bullshit_v2_sw_pnf_03,+C,False,10,1,0,True,True,2.0,1.4432275295257568,1.4440765380859375,0.0008490085601806641,0.023229211568832397,0.1250595599412918,0.9998708367347717
syco_bullshit_v2_sw_pnf_03,+C,False,11,1,0,True,True,2.0,1.4432275295257568,1.4428068399429321,0.00042068958282470703,0.02237948589026928,0.12187409400939941,0.9998798370361328
syco_bullshit_v2_sw_pnf_03,+C,False,12,1,0,True,True,2.0,1.4432275295257568,1.443411111831665,0.00018358230590820312,0.020746834576129913,0.11435669660568237,0.999896764755249
syco_bullshit_v2_sw_pnf_03,+C,False,13,1,0,True,True,2.0,1.4432275295257568,1.442928671836853,0.0002988576889038086,0.020548060536384583,0.10620877146720886,0.9998986721038818
syco_bullshit_v2_sw_pnf_03,+C,False,14,1,0,True,True,2.0,1.4432275295257568,1.4425373077392578,0.0006902217864990234,0.02086840569972992,0.1096392571926117,0.9998955130577087
syco_bullshit_v2_sw_pnf_03,+C,False,15,1,0,True,True,2.0,1.4432275295257568,1.4426109790802002,0.0006165504455566406,0.019915185868740082,0.11399774253368378,0.9999049305915833
syco_bullshit_v2_sw_pnf_03,+C,False,16,1,0,True,True,2.0,1.4432275295257568,1.4437977075576782,0.0005701780319213867,0.01775580830872059,0.09341177344322205,0.9999244213104248
syco_bullshit_v2_sw_pnf_03,+C,False,17,1,0,True,True,2.0,1.4432275295257568,1.443124771118164,0.00010275840759277344,0.022498713806271553,0.11259357631206512,0.9998785257339478
syco_bullshit_v2_sw_pnf_03,+C,False,18,1,0,True,True,2.0,1.4432275295257568,1.4433921575546265,0.0001646280288696289,0.02428182028234005,0.12445095181465149,0.9998584985733032
syco_bullshit_v2_sw_pnf_03,+C,False,19,1,0,True,True,2.0,1.4432275295257568,1.444595217704773,0.0013676881790161133,0.023024801164865494,0.12379059195518494,0.9998732805252075
syco_bullshit_v2_sw_pnf_03,+C,False,20,1,0,True,True,2.0,1.4432275295257568,1.4434279203414917,0.00020039081573486328,0.022515326738357544,0.11465369164943695,0.9998783469200134
syco_bullshit_v2_sw_pnf_03,+C,False,21,1,0,True,True,2.0,1.4432275295257568,1.4432041645050049,2.3365020751953125e-05,0.021201075986027718,0.11440715193748474,0.9998921155929565
syco_bullshit_v2_sw_pnf_03,+C,False,22,1,0,True,True,2.0,1.4432275295257568,1.4434318542480469,0.00020432472229003906,0.018786784261465073,0.11658531427383423,0.999915361404419
syco_bullshit_v2_sw_pnf_03,+C,False,23,1,0,True,True,2.0,1.4432275295257568,1.443574070930481,0.0003465414047241211,0.023600583896040916,0.11172731220722198,0.9998663663864136
syco_bullshit_v2_sw_pnf_03,+C,False,24,1,0,True,True,2.0,1.4432275295257568,1.4434260129928589,0.00019848346710205078,0.02113206870853901,0.1181456446647644,0.9998928904533386
syco_bullshit_v2_sw_pnf_03,+C,False,25,1,0,True,True,2.0,1.4432275295257568,1.4429513216018677,0.00027620792388916016,0.020389612764120102,0.10978780686855316,0.9999002814292908
syco_bullshit_v2_sw_pnf_03,+C,False,26,1,0,True,True,2.0,1.4432275295257568,1.4433271884918213,9.965896606445312e-05,0.021502971649169922,0.11222927272319794,0.999889075756073
syco_bullshit_v2_sw_pnf_03,+C,False,27,1,0,True,True,2.0,1.4432275295257568,1.4429763555526733,0.0002511739730834961,0.02066938765347004,0.11081008613109589,0.9998974800109863
syco_bullshit_v2_sw_pnf_03,+C,False,28,1,0,True,True,2.0,1.4432275295257568,1.4432498216629028,2.2292137145996094e-05,0.02055295743048191,0.11474823951721191,0.9998986124992371
syco_bullshit_v2_sw_pnf_03,+C,False,29,1,0,True,True,2.0,1.4432275295257568,1.4428355693817139,0.00039196014404296875,0.02160078100860119,0.11331877112388611,0.999888002872467
syco_bullshit_v2_sw_pnf_03,+C,False,30,1,0,True,True,2.0,1.4432275295257568,1.4433687925338745,0.00014126300811767578,0.02071463130414486,0.11123231053352356,0.9998970627784729
syco_bullshit_v2_sw_pnf_03,+C,False,31,1,0,True,True,2.0,1.4432275295257568,1.4442673921585083,0.0010398626327514648,0.022785980254411697,0.12104608118534088,0.9998757839202881
syco_bullshit_v2_sw_pnf_03,+C,False,32,1,0,True,True,2.0,1.4432275295257568,1.443688988685608,0.0004614591598510742,0.02383270487189293,0.12186776101589203,0.999863862991333
syco_bullshit_v2_sw_pnf_03,+C,False,33,1,0,True,True,2.0,1.4432275295257568,1.4431780576705933,4.947185516357422e-05,0.02190367318689823,0.11602181196212769,0.9998849034309387
syco_bullshit_v2_sw_pnf_03,+C,False,34,1,0,True,True,2.0,1.4432275295257568,1.443426251411438,0.00019872188568115234,0.022428618744015694,0.125542551279068,0.9998793005943298
syco_bullshit_v2_sw_pnf_03,+C,False,35,1,0,True,True,2.0,1.4432275295257568,1.442894697189331,0.00033283233642578125,0.020262984558939934,0.10645595192909241,0.9999013543128967
syco_bullshit_v2_sw_pnf_03,+C,False,36,1,0,True,True,2.0,1.4432275295257568,1.4436392784118652,0.00041174888610839844,0.020327480509877205,0.11364518105983734,0.9999009966850281
syco_bullshit_v2_sw_pnf_03,+C,False,37,1,0,True,True,2.0,1.4432275295257568,1.443820834159851,0.0005933046340942383,0.02023899368941784,0.10998453199863434,0.9999018907546997
syco_bullshit_v2_sw_pnf_03,+C,False,38,1,0,True,True,2.0,1.4432275295257568,1.443312406539917,8.487701416015625e-05,0.0199049673974514,0.10961054265499115,0.9999049305915833
syco_bullshit_v2_sw_pnf_03,+C,False,39,1,0,True,True,2.0,1.4432275295257568,1.4427083730697632,0.0005191564559936523,0.020903924480080605,0.10598401725292206,0.9998952150344849
syco_bullshit_v2_sw_pnf_03,+C,False,40,1,0,True,True,2.0,1.4432275295257568,1.443071722984314,0.0001558065414428711,0.0218365341424942,0.11430411040782928,0.9998856782913208
syco_bullshit_v2_sw_pnf_03,+C,False,41,1,0,True,True,2.0,1.4432275295257568,1.4436849355697632,0.00045740604400634766,0.023172857239842415,0.1216428130865097,0.9998711943626404
syco_bullshit_v2_sw_pnf_03,+C,False,42,1,0,True,True,2.0,1.4432275295257568,1.4430838823318481,0.0001436471939086914,0.020451407879590988,0.11150155961513519,0.9998996257781982
syco_bullshit_v2_sw_pnf_03,+C,False,43,1,0,True,True,2.0,1.4432275295257568,1.442874789237976,0.0003527402877807617,0.021618543192744255,0.11451877653598785,0.9998878240585327
syco_bullshit_v2_sw_pnf_03,+C,False,44,1,0,True,True,2.0,1.4432275295257568,1.4440897703170776,0.0008622407913208008,0.023251058533787727,0.11889168620109558,0.9998704791069031
syco_bullshit_v2_sw_pnf_03,+C,False,45,1,0,True,True,2.0,1.4432275295257568,1.4431606531143188,6.687641143798828e-05,0.02456173673272133,0.1167847067117691,0.9998552799224854
syco_bullshit_v2_sw_pnf_03,+C,False,46,1,0,True,True,2.0,1.4432275295257568,1.4435162544250488,0.0002887248992919922,0.021999523043632507,0.1229703426361084,0.9998838901519775
syco_bullshit_v2_sw_pnf_03,+C,False,47,1,0,True,True,2.0,1.4432275295257568,1.4433947801589966,0.0001672506332397461,0.020354505628347397,0.11993454396724701,0.9999005198478699
syco_bullshit_v2_sw_pnf_03,+C,False,48,1,0,True,True,2.0,1.4432275295257568,1.4433246850967407,9.715557098388672e-05,0.01928575523197651,0.11086253821849823,0.9999107718467712
syco_bullshit_v2_sw_pnf_03,+C,False,49,1,0,True,True,2.0,1.4432275295257568,1.44420325756073,0.0009757280349731445,0.021018514409661293,0.11549657583236694,0.9998942613601685
syco_bullshit_v2_sw_pnf_03,+C,False,50,1,0,True,True,2.0,1.4432275295257568,1.443230390548706,2.86102294921875e-06,0.018713336437940598,0.11613205075263977,0.9999159574508667
syco_bullshit_v2_sw_pnf_03,+C,False,51,1,0,True,True,2.0,1.4432275295257568,1.443841576576233,0.0006140470504760742,0.02111404575407505,0.12105105817317963,0.9998931288719177
syco_bullshit_v2_sw_pnf_03,+C,False,52,1,0,True,True,2.0,1.4432275295257568,1.443101167678833,0.00012636184692382812,0.019782649353146553,0.11652742326259613,0.999906063079834
syco_bullshit_v2_sw_pnf_03,+C,False,53,1,0,True,True,2.0,1.4432275295257568,1.4430935382843018,0.00013399124145507812,0.019896838814020157,0.11396674811840057,0.999904990196228
syco_bullshit_v2_sw_pnf_03,+C,False,54,1,0,True,True,2.0,1.4432275295257568,1.4447063207626343,0.0014787912368774414,0.02428596280515194,0.12748421728610992,0.999859094619751
syco_bullshit_v2_sw_pnf_03,+C,False,55,1,0,True,True,2.0,1.4432275295257568,1.442924976348877,0.0003025531768798828,0.02051893062889576,0.11696569621562958,0.9998989701271057
syco_bullshit_v2_sw_pnf_03,+C,False,56,1,0,True,True,2.0,1.4432275295257568,1.4442905187606812,0.0010629892349243164,0.02357013337314129,0.12745583057403564,0.9998670220375061
syco_bullshit_v2_sw_pnf_03,+C,False,57,1,0,True,True,2.0,1.4432275295257568,1.4453165531158447,0.0020890235900878906,0.021937042474746704,0.11859720945358276,0.9998856782913208
syco_bullshit_v2_sw_pnf_03,+C,False,58,1,0,True,True,2.0,1.4432275295257568,1.4437609910964966,0.0005334615707397461,0.0200264323502779,0.11749282479286194,0.9999037981033325
syco_bullshit_v2_sw_pnf_03,+C,False,59,1,0,True,True,2.0,1.4432275295257568,1.442601203918457,0.0006263256072998047,0.021993687376379967,0.11750313639640808,0.9998840093612671
syco_bullshit_v2_sw_pnf_03,+C,False,60,1,0,True,True,2.0,1.4432275295257568,1.4432212114334106,6.318092346191406e-06,0.02151230350136757,0.11230887472629547,0.9998889565467834
syco_bullshit_v2_sw_pnf_03,+C,False,61,1,0,True,True,2.0,1.4432275295257568,1.4426690340042114,0.0005584955215454102,0.019603760913014412,0.1064324826002121,0.9999077916145325
syco_bullshit_v2_sw_pnf_03,+C,False,62,1,0,True,True,2.0,1.4432275295257568,1.4425663948059082,0.0006611347198486328,0.023620834574103355,0.12251819670200348,0.9998661875724792
syco_bullshit_v2_sw_pnf_03,+C,False,63,1,0,True,True,2.0,1.4432275295257568,1.4436873197555542,0.0004597902297973633,0.02252320758998394,0.12100650370121002,0.9998782873153687
syco_bullshit_v2_sw_pnf_03,+C,False,64,1,0,True,True,2.0,1.4432275295257568,1.4445158243179321,0.001288294792175293,0.02215973287820816,0.11985921859741211,0.999882698059082
syco_bullshit_v2_sw_pnf_03,+C,False,65,1,0,True,True,2.0,1.4432275295257568,1.4440561532974243,0.0008286237716674805,0.015220222994685173,0.08999228477478027,0.9999445676803589
syco_bullshit_v2_sw_pnf_03,+C,False,66,1,0,True,True,2.0,1.4432275295257568,1.4432998895645142,7.236003875732422e-05,0.019612163305282593,0.10422521829605103,0.9999076724052429
syco_bullshit_v2_sw_pnf_03,-C,False,0,69,68,True,True,-2.0,1.4432275295257568,1.4431335926055908,9.393692016601562e-05,0.01846040040254593,0.10588517785072327,0.9999182224273682
syco_bullshit_v2_sw_pnf_03,-C,False,1,1,0,True,True,-2.0,1.4432275295257568,1.443414568901062,0.00018703937530517578,0.020358074456453323,0.11020815372467041,0.9999006986618042
syco_bullshit_v2_sw_pnf_03,-C,False,2,1,0,True,True,-2.0,1.4432275295257568,1.4436172246932983,0.0003896951675415039,0.021215148270130157,0.1085643321275711,0.9998920559883118
syco_bullshit_v2_sw_pnf_03,-C,False,3,1,0,True,True,-2.0,1.4432275295257568,1.4438233375549316,0.0005958080291748047,0.018896473571658134,0.11279836297035217,0.9999144673347473
syco_bullshit_v2_sw_pnf_03,-C,False,4,1,0,True,True,-2.0,1.4432275295257568,1.442883849143982,0.00034368038177490234,0.023489994928240776,0.12172788381576538,0.9998676776885986
syco_bullshit_v2_sw_pnf_03,-C,False,5,1,0,True,True,-2.0,1.4432275295257568,1.4431166648864746,0.00011086463928222656,0.023950083181262016,0.12064817547798157,0.9998623728752136
syco_bullshit_v2_sw_pnf_03,-C,False,6,1,0,True,True,-2.0,1.4432275295257568,1.4434258937835693,0.0001983642578125,0.023188352584838867,0.12326405942440033,0.999871015548706
syco_bullshit_v2_sw_pnf_03,-C,False,7,1,0,True,True,-2.0,1.4432275295257568,1.4442965984344482,0.0010690689086914062,0.022530877962708473,0.12259255349636078,0.9998785853385925
syco_bullshit_v2_sw_pnf_03,-C,False,8,1,0,True,True,-2.0,1.4432275295257568,1.4426664113998413,0.0005611181259155273,0.01875540241599083,0.10997191071510315,0.9999157190322876
syco_bullshit_v2_sw_pnf_03,-C,False,9,1,0,True,True,-2.0,1.4432275295257568,1.4436759948730469,0.00044846534729003906,0.022329239174723625,0.11636173725128174,0.9998804330825806
syco_bullshit_v2_sw_pnf_03,-C,False,10,1,0,True,True,-2.0,1.4432275295257568,1.442981243133545,0.00024628639221191406,0.023717224597930908,0.1141347736120224,0.999864935874939
syco_bullshit_v2_sw_pnf_03,-C,False,11,1,0,True,True,-2.0,1.4432275295257568,1.4439873695373535,0.0007598400115966797,0.021519310772418976,0.11781369149684906,0.9998890161514282
syco_bullshit_v2_sw_pnf_03,-C,False,12,1,0,True,True,-2.0,1.4432275295257568,1.4435092210769653,0.0002816915512084961,0.019957182928919792,0.1064644455909729,0.9999043941497803
syco_bullshit_v2_sw_pnf_03,-C,False,13,1,0,True,True,-2.0,1.4432275295257568,1.4436486959457397,0.00042116641998291016,0.0195756908506155,0.10728335380554199,0.9999080896377563
syco_bullshit_v2_sw_pnf_03,-C,False,14,1,0,True,True,-2.0,1.4432275295257568,1.443367838859558,0.00014030933380126953,0.020912514999508858,0.11304078996181488,0.9998950362205505
syco_bullshit_v2_sw_pnf_03,-C,False,15,1,0,True,True,-2.0,1.4432275295257568,1.4428337812423706,0.00039374828338623047,0.019347241148352623,0.1106470376253128,0.9999101161956787
syco_bullshit_v2_sw_pnf_03,-C,False,16,1,0,True,True,-2.0,1.4432275295257568,1.442955732345581,0.00027179718017578125,0.022687893360853195,0.1199740618467331,0.9998764991760254
syco_bullshit_v2_sw_pnf_03,-C,False,17,1,0,True,True,-2.0,1.4432275295257568,1.444116234779358,0.0008887052536010742,0.021365098655223846,0.11487801373004913,0.9998907446861267
syco_bullshit_v2_sw_pnf_03,-C,False,18,1,0,True,True,-2.0,1.4432275295257568,1.442671775817871,0.0005557537078857422,0.023025469854474068,0.11810167133808136,0.9998727440834045
syco_bullshit_v2_sw_pnf_03,-C,False,19,1,0,True,True,-2.0,1.4432275295257568,1.4440919160842896,0.0008643865585327148,0.021850986406207085,0.11861613392829895,0.9998856782913208
syco_bullshit_v2_sw_pnf_03,-C,False,20,1,0,True,True,-2.0,1.4432275295257568,1.442987322807312,0.00024020671844482422,0.021790355443954468,0.11813357472419739,0.9998860359191895
syco_bullshit_v2_sw_pnf_03,-C,False,21,1,0,True,True,-2.0,1.4432275295257568,1.4440163373947144,0.0007888078689575195,0.02157309092581272,0.11668221652507782,0.99988853931427
syco_bullshit_v2_sw_pnf_03,-C,False,22,1,0,True,True,-2.0,1.4432275295257568,1.444016695022583,0.0007891654968261719,0.01968785561621189,0.10886640846729279,0.9999071359634399
syco_bullshit_v2_sw_pnf_03,-C,False,23,1,0,True,True,-2.0,1.4432275295257568,1.4442955255508423,0.0010679960250854492,0.02079232782125473,0.11211955547332764,0.9998965859413147
syco_bullshit_v2_sw_pnf_03,-C,False,24,1,0,True,True,-2.0,1.4432275295257568,1.444258689880371,0.0010311603546142578,0.02196785993874073,0.11766460537910461,0.9998844861984253
syco_bullshit_v2_sw_pnf_03,-C,False,25,1,0,True,True,-2.0,1.4432275295257568,1.4425197839736938,0.0007077455520629883,0.023143770173192024,0.12192575633525848,0.9998714923858643
syco_bullshit_v2_sw_pnf_03,-C,False,26,1,0,True,True,-2.0,1.4432275295257568,1.4433659315109253,0.00013840198516845703,0.021237805485725403,0.11235466599464417,0.9998917579650879
syco_bullshit_v2_sw_pnf_03,-C,False,27,1,0,True,True,-2.0,1.4432275295257568,1.4430886507034302,0.00013887882232666016,0.01928134262561798,0.10479630529880524,0.9999107122421265
syco_bullshit_v2_sw_pnf_03,-C,False,28,1,0,True,True,-2.0,1.4432275295257568,1.4447530508041382,0.0015255212783813477,0.022015662863850594,0.1227891594171524,0.9998843669891357
syco_bullshit_v2_sw_pnf_03,-C,False,29,1,0,True,True,-2.0,1.4432275295257568,1.4433276653289795,0.00010013580322265625,0.019255975261330605,0.11112731695175171,0.9999110698699951
syco_bullshit_v2_sw_pnf_03,-C,False,30,1,0,True,True,-2.0,1.4432275295257568,1.4432847499847412,5.7220458984375e-05,0.022150414064526558,0.12067458033561707,0.9998822212219238
syco_bullshit_v2_sw_pnf_03,-C,False,31,1,0,True,True,-2.0,1.4432275295257568,1.4430116415023804,0.00021588802337646484,0.023110907524824142,0.12277832627296448,0.9998717308044434
syco_bullshit_v2_sw_pnf_03,-C,False,32,1,0,True,True,-2.0,1.4432275295257568,1.4439083337783813,0.0006808042526245117,0.023413274437189102,0.12474294006824493,0.999868631362915
syco_bullshit_v2_sw_pnf_03,-C,False,33,1,0,True,True,-2.0,1.4432275295257568,1.4445407390594482,0.0013132095336914062,0.021670471876859665,0.12165151536464691,0.9998878240585327
syco_bullshit_v2_sw_pnf_03,-C,False,34,1,0,True,True,-2.0,1.4432275295257568,1.4431809186935425,4.661083221435547e-05,0.024712340906262398,0.12659017741680145,0.9998534917831421
syco_bullshit_v2_sw_pnf_03,-C,False,35,1,0,True,True,-2.0,1.4432275295257568,1.4438055753707886,0.0005780458450317383,0.021796613931655884,0.11454947292804718,0.999886155128479
syco_bullshit_v2_sw_pnf_03,-C,False,36,1,0,True,True,-2.0,1.4432275295257568,1.4441279172897339,0.0009003877639770508,0.02201693505048752,0.11648274958133698,0.9998839497566223
syco_bullshit_v2_sw_pnf_03,-C,False,37,1,0,True,True,-2.0,1.4432275295257568,1.4429789781570435,0.0002485513687133789,0.021566642448306084,0.11548078060150146,0.9998883605003357
syco_bullshit_v2_sw_pnf_03,-C,False,38,1,0,True,True,-2.0,1.4432275295257568,1.4435358047485352,0.0003082752227783203,0.020476950332522392,0.11694581806659698,0.9998993873596191
syco_bullshit_v2_sw_pnf_03,-C,False,39,1,0,True,True,-2.0,1.4432275295257568,1.4434928894042969,0.00026535987854003906,0.02072669193148613,0.11309003829956055,0.9998970031738281
syco_bullshit_v2_sw_pnf_03,-C,False,40,1,0,True,True,-2.0,1.4432275295257568,1.4442392587661743,0.0010117292404174805,0.022013526409864426,0.11986780166625977,0.9998840093612671
syco_bullshit_v2_sw_pnf_03,-C,False,41,1,0,True,True,-2.0,1.4432275295257568,1.4435911178588867,0.0003635883331298828,0.0212263111025095,0.11352449655532837,0.9998918771743774
syco_bullshit_v2_sw_pnf_03,-C,False,42,1,0,True,True,-2.0,1.4432275295257568,1.4437350034713745,0.0005074739456176758,0.02277565374970436,0.12278571724891663,0.9998756051063538
syco_bullshit_v2_sw_pnf_03,-C,False,43,1,0,True,True,-2.0,1.4432275295257568,1.4434045553207397,0.00017702579498291016,0.022824741899967194,0.12525296211242676,0.999875009059906
syco_bullshit_v2_sw_pnf_03,-C,False,44,1,0,True,True,-2.0,1.4432275295257568,1.4427433013916016,0.00048422813415527344,0.021300556138157845,0.11691409349441528,0.9998911023139954
syco_bullshit_v2_sw_pnf_03,-C,False,45,1,0,True,True,-2.0,1.4432275295257568,1.443750023841858,0.0005224943161010742,0.02295488864183426,0.12433692812919617,0.9998736381530762
syco_bullshit_v2_sw_pnf_03,-C,False,46,1,0,True,True,-2.0,1.4432275295257568,1.442858099937439,0.0003694295883178711,0.021217819303274155,0.12009680271148682,0.999891996383667
syco_bullshit_v2_sw_pnf_03,-C,False,47,1,0,True,True,-2.0,1.4432275295257568,1.4432735443115234,4.601478576660156e-05,0.020613063126802444,0.11636823415756226,0.9998980760574341
syco_bullshit_v2_sw_pnf_03,-C,False,48,1,0,True,True,-2.0,1.4432275295257568,1.4436298608779907,0.0004023313522338867,0.024157080799341202,0.12855616211891174,0.9998600482940674
syco_bullshit_v2_sw_pnf_03,-C,False,49,1,0,True,True,-2.0,1.4432275295257568,1.443994164466858,0.0007666349411010742,0.023931298404932022,0.12338869273662567,0.999862790107727
syco_bullshit_v2_sw_pnf_03,-C,False,50,1,0,True,True,-2.0,1.4432275295257568,1.4429056644439697,0.0003218650817871094,0.019275076687335968,0.11300313472747803,0.999910831451416
syco_bullshit_v2_sw_pnf_03,-C,False,51,1,0,True,True,-2.0,1.4432275295257568,1.4422545433044434,0.0009729862213134766,0.021737363189458847,0.11842776834964752,0.9998867511749268
syco_bullshit_v2_sw_pnf_03,-C,False,52,1,0,True,True,-2.0,1.4432275295257568,1.4423726797103882,0.0008548498153686523,0.023698551580309868,0.12224975228309631,0.9998652935028076
syco_bullshit_v2_sw_pnf_03,-C,False,53,1,0,True,True,-2.0,1.4432275295257568,1.442549705505371,0.0006778240203857422,0.023655137047171593,0.12204936146736145,0.9998657703399658
syco_bullshit_v2_sw_pnf_03,-C,False,54,1,0,True,True,-2.0,1.4432275295257568,1.4451744556427002,0.0019469261169433594,0.021298401057720184,0.11661237478256226,0.9998921155929565
syco_bullshit_v2_sw_pnf_03,-C,False,55,1,0,True,True,-2.0,1.4432275295257568,1.442973017692566,0.00025451183319091797,0.015085619874298573,0.09106013178825378,0.999945342540741
syco_bullshit_v2_sw_pnf_03,-C,False,56,1,0,True,True,-2.0,1.4432275295257568,1.4433770179748535,0.0001494884490966797,0.018911143764853477,0.1047876626253128,0.999914288520813
syco_bullshit_v2_sw_pnf_04,+C,False,0,75,74,True,True,2.0,1.4432275295257568,1.443148136138916,7.939338684082031e-05,0.019153162837028503,0.10629226267337799,0.999911904335022
syco_bullshit_v2_sw_pnf_04,+C,False,1,1,0,True,True,2.0,1.4432275295257568,1.443123698234558,0.00010383129119873047,0.018046993762254715,0.10817758738994598,0.9999217987060547
syco_bullshit_v2_sw_pnf_04,+C,False,2,1,0,True,True,2.0,1.4432275295257568,1.4423121213912964,0.0009154081344604492,0.023927384987473488,0.12109698355197906,0.9998626708984375
syco_bullshit_v2_sw_pnf_04,+C,False,3,1,0,True,True,2.0,1.4432275295257568,1.4436304569244385,0.0004029273986816406,0.02398921549320221,0.12069354951381683,0.9998619556427002
syco_bullshit_v2_sw_pnf_04,+C,False,4,1,0,True,True,2.0,1.4432275295257568,1.4445070028305054,0.0012794733047485352,0.023000361397862434,0.12511217594146729,0.9998735189437866
syco_bullshit_v2_sw_pnf_04,+C,False,5,1,0,True,True,2.0,1.4432275295257568,1.4440827369689941,0.0008552074432373047,0.022704919800162315,0.124416783452034,0.9998765587806702
syco_bullshit_v2_sw_pnf_04,+C,False,6,1,0,True,True,2.0,1.4432275295257568,1.4428670406341553,0.0003604888916015625,0.021942278370261192,0.11095713078975677,0.9998844861984253
syco_bullshit_v2_sw_pnf_04,+C,False,7,1,0,True,True,2.0,1.4432275295257568,1.4430582523345947,0.00016927719116210938,0.022184427827596664,0.11503398418426514,0.9998818635940552
syco_bullshit_v2_sw_pnf_04,+C,False,8,1,0,True,True,2.0,1.4432275295257568,1.4439986944198608,0.0007711648941040039,0.020328309386968613,0.12015001475811005,0.9999009370803833
syco_bullshit_v2_sw_pnf_04,+C,False,9,1,0,True,True,2.0,1.4432275295257568,1.4436132907867432,0.0003857612609863281,0.022021738812327385,0.11860035359859467,0.9998837113380432
syco_bullshit_v2_sw_pnf_04,+C,False,10,1,0,True,True,2.0,1.4432275295257568,1.443217158317566,1.0371208190917969e-05,0.02297884412109852,0.11992840468883514,0.9998732805252075
syco_bullshit_v2_sw_pnf_04,+C,False,11,1,0,True,True,2.0,1.4432275295257568,1.443851113319397,0.0006235837936401367,0.023907681927084923,0.12267115712165833,0.9998629689216614
syco_bullshit_v2_sw_pnf_04,+C,False,12,1,0,True,True,2.0,1.4432275295257568,1.4441176652908325,0.0008901357650756836,0.02203710936009884,0.12489838898181915,0.999883770942688
syco_bullshit_v2_sw_pnf_04,+C,False,13,1,0,True,True,2.0,1.4432275295257568,1.4433887004852295,0.00016117095947265625,0.019996000453829765,0.11307154595851898,0.9999040365219116
syco_bullshit_v2_sw_pnf_04,+C,False,14,1,0,True,True,2.0,1.4432275295257568,1.4441710710525513,0.0009435415267944336,0.01928723230957985,0.11763715744018555,0.9999110698699951
syco_bullshit_v2_sw_pnf_04,+C,False,15,1,0,True,True,2.0,1.4432275295257568,1.4443899393081665,0.001162409782409668,0.019820036366581917,0.11986415088176727,0.9999061822891235
syco_bullshit_v2_sw_pnf_04,+C,False,16,1,0,True,True,2.0,1.4432275295257568,1.4433860778808594,0.00015854835510253906,0.021568743512034416,0.11461509764194489,0.9998883008956909
syco_bullshit_v2_sw_pnf_04,+C,False,17,1,0,True,True,2.0,1.4432275295257568,1.4438329935073853,0.000605463981628418,0.020215265452861786,0.11049562692642212,0.9999021291732788
syco_bullshit_v2_sw_pnf_04,+C,False,18,1,0,True,True,2.0,1.4432275295257568,1.443793773651123,0.0005662441253662109,0.021132465451955795,0.11262518167495728,0.9998929500579834
syco_bullshit_v2_sw_pnf_04,+C,False,19,1,0,True,True,2.0,1.4432275295257568,1.4438897371292114,0.0006622076034545898,0.022764157503843307,0.11850382387638092,0.9998758435249329
syco_bullshit_v2_sw_pnf_04,+C,False,20,1,0,True,True,2.0,1.4432275295257568,1.4438368082046509,0.000609278678894043,0.02041650004684925,0.11137886345386505,0.9999001026153564
syco_bullshit_v2_sw_pnf_04,+C,False,21,1,0,True,True,2.0,1.4432275295257568,1.4428623914718628,0.00036513805389404297,0.01994391158223152,0.11453089118003845,0.9999045133590698
syco_bullshit_v2_sw_pnf_04,+C,False,22,1,0,True,True,2.0,1.4432275295257568,1.4434682130813599,0.00024068355560302734,0.021632496267557144,0.11749087274074554,0.9998877644538879
syco_bullshit_v2_sw_pnf_04,+C,False,23,1,0,True,True,2.0,1.4432275295257568,1.4429247379302979,0.0003027915954589844,0.02198084071278572,0.1190176010131836,0.9998841285705566
syco_bullshit_v2_sw_pnf_04,+C,False,24,1,0,True,True,2.0,1.4432275295257568,1.442939043045044,0.0002884864807128906,0.024596037343144417,0.12907364964485168,0.9998548626899719
syco_bullshit_v2_sw_pnf_04,+C,False,25,1,0,True,True,2.0,1.4432275295257568,1.4425629377365112,0.0006645917892456055,0.02186696045100689,0.11630168557167053,0.9998853206634521
syco_bullshit_v2_sw_pnf_04,+C,False,26,1,0,True,True,2.0,1.4432275295257568,1.4431251287460327,0.0001024007797241211,0.02125120721757412,0.11410582065582275,0.9998916387557983
syco_bullshit_v2_sw_pnf_04,+C,False,27,1,0,True,True,2.0,1.4432275295257568,1.443926453590393,0.0006989240646362305,0.021580500528216362,0.11448302865028381,0.9998884797096252
syco_bullshit_v2_sw_pnf_04,+C,False,28,1,0,True,True,2.0,1.4432275295257568,1.4444173574447632,0.0011898279190063477,0.022823944687843323,0.11979645490646362,0.9998754262924194
syco_bullshit_v2_sw_pnf_04,+C,False,29,1,0,True,True,2.0,1.4432275295257568,1.4432578086853027,3.0279159545898438e-05,0.02306523360311985,0.13047577440738678,0.9998722076416016
syco_bullshit_v2_sw_pnf_04,+C,False,30,1,0,True,True,2.0,1.4432275295257568,1.4427297115325928,0.0004978179931640625,0.021677454933524132,0.12422043085098267,0.9998873472213745
syco_bullshit_v2_sw_pnf_04,+C,False,31,1,0,True,True,2.0,1.4432275295257568,1.443182110786438,4.5418739318847656e-05,0.022740278393030167,0.11904948949813843,0.9998759627342224
syco_bullshit_v2_sw_pnf_04,+C,False,32,1,0,True,True,2.0,1.4432275295257568,1.4422792196273804,0.0009483098983764648,0.02022629976272583,0.10631076991558075,0.9999018907546997
syco_bullshit_v2_sw_pnf_04,+C,False,33,1,0,True,True,2.0,1.4432275295257568,1.4441431760787964,0.0009156465530395508,0.024634292349219322,0.12995705008506775,0.9998546838760376
syco_bullshit_v2_sw_pnf_04,+C,False,34,1,0,True,True,2.0,1.4432275295257568,1.443452000617981,0.0002244710922241211,0.0220961794257164,0.1259704828262329,0.9998828172683716
syco_bullshit_v2_sw_pnf_04,+C,False,35,1,0,True,True,2.0,1.4432275295257568,1.4430134296417236,0.00021409988403320312,0.019260048866271973,0.11405350267887115,0.9999110102653503
syco_bullshit_v2_sw_pnf_04,+C,False,36,1,0,True,True,2.0,1.4432275295257568,1.4434387683868408,0.00021123886108398438,0.02094711922109127,0.11598926782608032,0.9998947978019714
syco_bullshit_v2_sw_pnf_04,+C,False,37,1,0,True,True,2.0,1.4432275295257568,1.4442641735076904,0.0010366439819335938,0.02289632521569729,0.12309055030345917,0.9998745322227478
syco_bullshit_v2_sw_pnf_04,+C,False,38,1,0,True,True,2.0,1.4432275295257568,1.4430289268493652,0.00019860267639160156,0.020634859800338745,0.11634509265422821,0.999897837638855
syco_bullshit_v2_sw_pnf_04,+C,False,39,1,0,True,True,2.0,1.4432275295257568,1.4446581602096558,0.0014306306838989258,0.02284894324839115,0.12079359591007233,0.9998752474784851
syco_bullshit_v2_sw_pnf_04,+C,False,40,1,0,True,True,2.0,1.4432275295257568,1.4444366693496704,0.0012091398239135742,0.022166527807712555,0.12307432293891907,0.9998825192451477
syco_bullshit_v2_sw_pnf_04,+C,False,41,1,0,True,True,2.0,1.4432275295257568,1.44292151927948,0.00030601024627685547,0.02279835380613804,0.12447835505008698,0.9998753070831299
syco_bullshit_v2_sw_pnf_04,+C,False,42,1,0,True,True,2.0,1.4432275295257568,1.4431655406951904,6.198883056640625e-05,0.020988570526242256,0.11672945320606232,0.9998942613601685
syco_bullshit_v2_sw_pnf_04,+C,False,43,1,0,True,True,2.0,1.4432275295257568,1.4421755075454712,0.0010520219802856445,0.02421313151717186,0.11244422197341919,0.9998595118522644
syco_bullshit_v2_sw_pnf_04,+C,False,44,1,0,True,True,2.0,1.4432275295257568,1.4431719779968262,5.555152893066406e-05,0.020029133185744286,0.1200864315032959,0.999903678894043
syco_bullshit_v2_sw_pnf_04,+C,False,45,1,0,True,True,2.0,1.4432275295257568,1.4434149265289307,0.00018739700317382812,0.02131701074540615,0.11573334038257599,0.9998910427093506
syco_bullshit_v2_sw_pnf_04,+C,False,46,1,0,True,True,2.0,1.4432275295257568,1.4441466331481934,0.0009191036224365234,0.02030038833618164,0.1090598851442337,0.9999013543128967
syco_bullshit_v2_sw_pnf_04,+C,False,47,1,0,True,True,2.0,1.4432275295257568,1.4439325332641602,0.0007050037384033203,0.02142461948096752,0.11584657430648804,0.9998899698257446
syco_bullshit_v2_sw_pnf_04,+C,False,48,1,0,True,True,2.0,1.4432275295257568,1.443748950958252,0.0005214214324951172,0.021932415664196014,0.1182778924703598,0.9998846054077148
syco_bullshit_v2_sw_pnf_04,+C,False,49,1,0,True,True,2.0,1.4432275295257568,1.4440456628799438,0.0008181333541870117,0.019912702962756157,0.11188258230686188,0.9999051094055176
syco_bullshit_v2_sw_pnf_04,+C,False,50,1,0,True,True,2.0,1.4432275295257568,1.4441131353378296,0.0008856058120727539,0.023347070440649986,0.1227717250585556,0.9998694658279419
syco_bullshit_v2_sw_pnf_04,+C,False,51,1,0,True,True,2.0,1.4432275295257568,1.443334937095642,0.0001074075698852539,0.02135157585144043,0.11592571437358856,0.9998906254768372
syco_bullshit_v2_sw_pnf_04,+C,False,52,1,0,True,True,2.0,1.4432275295257568,1.443387746810913,0.00016021728515625,0.02413001097738743,0.12685680389404297,0.999860405921936
syco_bullshit_v2_sw_pnf_04,+C,False,53,1,0,True,True,2.0,1.4432275295257568,1.4433971643447876,0.00016963481903076172,0.020288726314902306,0.11799196898937225,0.999901294708252
syco_bullshit_v2_sw_pnf_04,+C,False,54,1,0,True,True,2.0,1.4432275295257568,1.444015622138977,0.0007880926132202148,0.021932730451226234,0.12128473818302155,0.999884843826294
syco_bullshit_v2_sw_pnf_04,+C,False,55,1,0,True,True,2.0,1.4432275295257568,1.4436368942260742,0.0004093647003173828,0.021251562982797623,0.12131838500499725,0.9998915791511536
syco_bullshit_v2_sw_pnf_04,+C,False,56,1,0,True,True,2.0,1.4432275295257568,1.4438263177871704,0.0005987882614135742,0.023824382573366165,0.12526771426200867,0.999863862991333
syco_bullshit_v2_sw_pnf_04,+C,False,57,1,0,True,True,2.0,1.4432275295257568,1.4435330629348755,0.00030553340911865234,0.019946280866861343,0.11363555490970612,0.9999045729637146
syco_bullshit_v2_sw_pnf_04,+C,False,58,1,0,True,True,2.0,1.4432275295257568,1.4440207481384277,0.0007932186126708984,0.021186040714383125,0.11581304669380188,0.99989253282547
syco_bullshit_v2_sw_pnf_04,+C,False,59,1,0,True,True,2.0,1.4432275295257568,1.4442042112350464,0.0009766817092895508,0.02240181900560856,0.1229671835899353,0.9998798370361328
syco_bullshit_v2_sw_pnf_04,+C,False,60,1,0,True,True,2.0,1.4432275295257568,1.444004774093628,0.0007772445678710938,0.023334870114922523,0.12054134905338287,0.9998694658279419
syco_bullshit_v2_sw_pnf_04,+C,False,61,1,0,True,True,2.0,1.4432275295257568,1.4444184303283691,0.0011909008026123047,0.021006321534514427,0.11578269302845001,0.9998944997787476
syco_bullshit_v2_sw_pnf_04,+C,False,62,1,0,True,True,2.0,1.4432275295257568,1.4432429075241089,1.537799835205078e-05,0.015114336274564266,0.08962234854698181,0.9999451637268066
syco_bullshit_v2_sw_pnf_04,+C,False,63,1,0,True,True,2.0,1.4432275295257568,1.4436964988708496,0.00046896934509277344,0.018981898203492165,0.10374055802822113,0.9999135732650757
syco_bullshit_v2_sw_pnf_04,-C,False,0,75,74,True,True,-2.0,1.4432275295257568,1.4438867568969727,0.0006592273712158203,0.018981076776981354,0.10629226267337799,0.9999136924743652
syco_bullshit_v2_sw_pnf_04,-C,False,1,1,0,True,True,-2.0,1.4432275295257568,1.4437851905822754,0.0005576610565185547,0.018046405166387558,0.10817758738994598,0.9999220371246338
syco_bullshit_v2_sw_pnf_04,-C,False,2,1,0,True,True,-2.0,1.4432275295257568,1.442170262336731,0.001057267189025879,0.02399258315563202,0.12109698355197906,0.999862015247345
syco_bullshit_v2_sw_pnf_04,-C,False,3,1,0,True,True,-2.0,1.4432275295257568,1.442794919013977,0.00043261051177978516,0.024422908201813698,0.12069354951381683,0.9998568892478943
syco_bullshit_v2_sw_pnf_04,-C,False,4,1,0,True,True,-2.0,1.4432275295257568,1.4446890354156494,0.0014615058898925781,0.022911446169018745,0.12511217594146729,0.9998746514320374
syco_bullshit_v2_sw_pnf_04,-C,False,5,1,0,True,True,-2.0,1.4432275295257568,1.444787859916687,0.0015603303909301758,0.021980145946145058,0.124416783452034,0.9998847842216492
syco_bullshit_v2_sw_pnf_04,-C,False,6,1,0,True,True,-2.0,1.4432275295257568,1.4431637525558472,6.377696990966797e-05,0.01883148029446602,0.11242924630641937,0.9999149441719055
syco_bullshit_v2_sw_pnf_04,-C,False,7,1,0,True,True,-2.0,1.4432275295257568,1.4428207874298096,0.0004067420959472656,0.021077999845147133,0.11852580308914185,0.999893307685852
syco_bullshit_v2_sw_pnf_04,-C,False,8,1,0,True,True,-2.0,1.4432275295257568,1.4438812732696533,0.0006537437438964844,0.019259518012404442,0.1121436357498169,0.9999110698699951
syco_bullshit_v2_sw_pnf_04,-C,False,9,1,0,True,True,-2.0,1.4432275295257568,1.44427490234375,0.001047372817993164,0.02077322266995907,0.10973802208900452,0.9998968839645386
syco_bullshit_v2_sw_pnf_04,-C,False,10,1,0,True,True,-2.0,1.4432275295257568,1.4436662197113037,0.000438690185546875,0.021397387608885765,0.11229899525642395,0.9998902082443237
syco_bullshit_v2_sw_pnf_04,-C,False,11,1,0,True,True,-2.0,1.4432275295257568,1.4432278871536255,3.5762786865234375e-07,0.022381169721484184,0.11785222589969635,0.9998798370361328
syco_bullshit_v2_sw_pnf_04,-C,False,12,1,0,True,True,-2.0,1.4432275295257568,1.443616509437561,0.0003889799118041992,0.020596588030457497,0.1106054037809372,0.9998982548713684
syco_bullshit_v2_sw_pnf_04,-C,False,13,1,0,True,True,-2.0,1.4432275295257568,1.4433417320251465,0.00011420249938964844,0.020187534391880035,0.11391294002532959,0.9999022483825684
syco_bullshit_v2_sw_pnf_04,-C,False,14,1,0,True,True,-2.0,1.4432275295257568,1.443043828010559,0.0001837015151977539,0.02180253341794014,0.11652334034442902,0.9998859167098999
syco_bullshit_v2_sw_pnf_04,-C,False,15,1,0,True,True,-2.0,1.4432275295257568,1.4431602954864502,6.723403930664062e-05,0.021836787462234497,0.11996294558048248,0.9998855590820312
syco_bullshit_v2_sw_pnf_04,-C,False,16,1,0,True,True,-2.0,1.4432275295257568,1.443031668663025,0.0001958608627319336,0.022583475336432457,0.11342282593250275,0.9998775124549866
syco_bullshit_v2_sw_pnf_04,-C,False,17,1,0,True,True,-2.0,1.4432275295257568,1.4433753490447998,0.00014781951904296875,0.02379797026515007,0.12498626112937927,0.9998641610145569
syco_bullshit_v2_sw_pnf_04,-C,False,18,1,0,True,True,-2.0,1.4432275295257568,1.443344235420227,0.00011670589447021484,0.023845160380005836,0.12211433053016663,0.9998635053634644
syco_bullshit_v2_sw_pnf_04,-C,False,19,1,0,True,True,-2.0,1.4432275295257568,1.4428054094314575,0.0004221200942993164,0.023169882595539093,0.12246958911418915,0.9998711347579956
syco_bullshit_v2_sw_pnf_04,-C,False,20,1,0,True,True,-2.0,1.4432275295257568,1.4433937072753906,0.00016617774963378906,0.023879647254943848,0.1312706023454666,0.9998631477355957
syco_bullshit_v2_sw_pnf_04,-C,False,21,1,0,True,True,-2.0,1.4432275295257568,1.4426544904708862,0.0005730390548706055,0.020274918526411057,0.11589449644088745,0.9999014139175415
syco_bullshit_v2_sw_pnf_04,-C,False,22,1,0,True,True,-2.0,1.4432275295257568,1.4433352947235107,0.00010776519775390625,0.02211771160364151,0.11511446535587311,0.999882698059082
syco_bullshit_v2_sw_pnf_04,-C,False,23,1,0,True,True,-2.0,1.4432275295257568,1.4433889389038086,0.0001614093780517578,0.02207200974225998,0.11564044654369354,0.9998831748962402
syco_bullshit_v2_sw_pnf_04,-C,False,24,1,0,True,True,-2.0,1.4432275295257568,1.4442585706710815,0.001031041145324707,0.023250138387084007,0.12006835639476776,0.9998705387115479
syco_bullshit_v2_sw_pnf_04,-C,False,25,1,0,True,True,-2.0,1.4432275295257568,1.4424433708190918,0.0007841587066650391,0.02250758558511734,0.13080748915672302,0.9998785257339478
syco_bullshit_v2_sw_pnf_04,-C,False,26,1,0,True,True,-2.0,1.4432275295257568,1.4431859254837036,4.1604042053222656e-05,0.022218937054276466,0.11841477453708649,0.9998815059661865
syco_bullshit_v2_sw_pnf_04,-C,False,27,1,0,True,True,-2.0,1.4432275295257568,1.4440531730651855,0.0008256435394287109,0.0209139846265316,0.11290965974330902,0.9998952150344849
syco_bullshit_v2_sw_pnf_04,-C,False,28,1,0,True,True,-2.0,1.4432275295257568,1.4428677558898926,0.0003597736358642578,0.021818069741129875,0.11322464048862457,0.9998857975006104
syco_bullshit_v2_sw_pnf_04,-C,False,29,1,0,True,True,-2.0,1.4432275295257568,1.4439646005630493,0.0007370710372924805,0.02147027850151062,0.10995891690254211,0.999889612197876
syco_bullshit_v2_sw_pnf_04,-C,False,30,1,0,True,True,-2.0,1.4432275295257568,1.4443438053131104,0.0011162757873535156,0.024982362985610962,0.13090570271015167,0.9998506307601929
syco_bullshit_v2_sw_pnf_04,-C,False,31,1,0,True,True,-2.0,1.4432275295257568,1.4433752298355103,0.00014770030975341797,0.023663882166147232,0.12646648287773132,0.9998656511306763
syco_bullshit_v2_sw_pnf_04,-C,False,32,1,0,True,True,-2.0,1.4432275295257568,1.4430537223815918,0.00017380714416503906,0.021918386220932007,0.11625051498413086,0.9998846054077148
syco_bullshit_v2_sw_pnf_04,-C,False,33,1,0,True,True,-2.0,1.4432275295257568,1.4433315992355347,0.00010406970977783203,0.022033926099538803,0.12003599107265472,0.9998835325241089
syco_bullshit_v2_sw_pnf_04,-C,False,34,1,0,True,True,-2.0,1.4432275295257568,1.4437142610549927,0.00048673152923583984,0.021560437977313995,0.11640907824039459,0.9998885989189148
syco_bullshit_v2_sw_pnf_04,-C,False,35,1,0,True,True,-2.0,1.4432275295257568,1.4438427686691284,0.000615239143371582,0.0202720258384943,0.10879072546958923,0.9999014735221863
syco_bullshit_v2_sw_pnf_04,-C,False,36,1,0,True,True,-2.0,1.4432275295257568,1.443505048751831,0.00027751922607421875,0.021411163732409477,0.11608812212944031,0.9998900294303894
syco_bullshit_v2_sw_pnf_04,-C,False,37,1,0,True,True,-2.0,1.4432275295257568,1.4447574615478516,0.0015299320220947266,0.022380264475941658,0.11976274847984314,0.9998805522918701
syco_bullshit_v2_sw_pnf_04,-C,False,38,1,0,True,True,-2.0,1.4432275295257568,1.4432662725448608,3.8743019104003906e-05,0.019932523369789124,0.11166277527809143,0.9999046325683594
syco_bullshit_v2_sw_pnf_04,-C,False,39,1,0,True,True,-2.0,1.4432275295257568,1.4443588256835938,0.001131296157836914,0.023111039772629738,0.12279488146305084,0.9998722672462463
syco_bullshit_v2_sw_pnf_04,-C,False,40,1,0,True,True,-2.0,1.4432275295257568,1.4439364671707153,0.0007089376449584961,0.021469958126544952,0.11595897376537323,0.9998894929885864
syco_bullshit_v2_sw_pnf_04,-C,False,41,1,0,True,True,-2.0,1.4432275295257568,1.443968415260315,0.0007408857345581055,0.02440902218222618,0.12716956436634064,0.9998571872711182
syco_bullshit_v2_sw_pnf_04,-C,False,42,1,0,True,True,-2.0,1.4432275295257568,1.4430925846099854,0.00013494491577148438,0.02109362743794918,0.11760854721069336,0.9998932480812073
syco_bullshit_v2_sw_pnf_04,-C,False,43,1,0,True,True,-2.0,1.4432275295257568,1.4450830221176147,0.0018554925918579102,0.0224150437861681,0.12006330490112305,0.9998804330825806
syco_bullshit_v2_sw_pnf_04,-C,False,44,1,0,True,True,-2.0,1.4432275295257568,1.443701982498169,0.0004744529724121094,0.022357959300279617,0.12338085472583771,0.9998800754547119
syco_bullshit_v2_sw_pnf_04,-C,False,45,1,0,True,True,-2.0,1.4432275295257568,1.4433945417404175,0.00016701221466064453,0.022451210767030716,0.12415525317192078,0.9998791217803955
syco_bullshit_v2_sw_pnf_04,-C,False,46,1,0,True,True,-2.0,1.4432275295257568,1.4430493116378784,0.00017821788787841797,0.01953163556754589,0.11356629431247711,0.999908447265625
syco_bullshit_v2_sw_pnf_04,-C,False,47,1,0,True,True,-2.0,1.4432275295257568,1.4440299272537231,0.0008023977279663086,0.023586848750710487,0.1278390884399414,0.9998667240142822
syco_bullshit_v2_sw_pnf_04,-C,False,48,1,0,True,True,-2.0,1.4432275295257568,1.4441144466400146,0.0008869171142578125,0.020833851769566536,0.1222027838230133,0.9998961091041565
syco_bullshit_v2_sw_pnf_04,-C,False,49,1,0,True,True,-2.0,1.4432275295257568,1.4437099695205688,0.0004824399948120117,0.02208184078335762,0.11882475018501282,0.9998831152915955
syco_bullshit_v2_sw_pnf_04,-C,False,50,1,0,True,True,-2.0,1.4432275295257568,1.4435747861862183,0.0003472566604614258,0.021727867424488068,0.11924362182617188,0.9998868703842163
syco_bullshit_v2_sw_pnf_04,-C,False,51,1,0,True,True,-2.0,1.4432275295257568,1.4443796873092651,0.0011521577835083008,0.02243463322520256,0.1269494742155075,0.9998796582221985
syco_bullshit_v2_sw_pnf_04,-C,False,52,1,0,True,True,-2.0,1.4432275295257568,1.4431637525558472,6.377696990966797e-05,0.020877724513411522,0.11472341418266296,0.999895453453064
syco_bullshit_v2_sw_pnf_04,-C,False,53,1,0,True,True,-2.0,1.4432275295257568,1.4435756206512451,0.00034809112548828125,0.02113383263349533,0.11711746454238892,0.9998928904533386
syco_bullshit_v2_sw_pnf_04,-C,False,54,1,0,True,True,-2.0,1.4432275295257568,1.4433164596557617,8.893013000488281e-05,0.0240645632147789,0.12375926971435547,0.9998610019683838
syco_bullshit_v2_sw_pnf_04,-C,False,55,1,0,True,True,-2.0,1.4432275295257568,1.4431188106536865,0.0001087188720703125,0.024741336703300476,0.11609970033168793,0.9998531937599182
syco_bullshit_v2_sw_pnf_04,-C,False,56,1,0,True,True,-2.0,1.4432275295257568,1.4435899257659912,0.000362396240234375,0.02075001783668995,0.11450354754924774,0.9998967051506042
syco_bullshit_v2_sw_pnf_04,-C,False,57,1,0,True,True,-2.0,1.4432275295257568,1.4431246519088745,0.00010287761688232422,0.02234545536339283,0.12119100987911224,0.9998801946640015
syco_bullshit_v2_sw_pnf_04,-C,False,58,1,0,True,True,-2.0,1.4432275295257568,1.444222092628479,0.000994563102722168,0.022279653698205948,0.11315757036209106,0.9998810887336731
syco_bullshit_v2_sw_pnf_04,-C,False,59,1,0,True,True,-2.0,1.4432275295257568,1.4422972202301025,0.0009303092956542969,0.02072746492922306,0.1079004555940628,0.9998970031738281
syco_bullshit_v2_sw_pnf_04,-C,False,60,1,0,True,True,-2.0,1.4432275295257568,1.442586898803711,0.0006406307220458984,0.019378721714019775,0.10208992660045624,0.9999099969863892
syco_bullshit_v2_sw_pnf_04,-C,False,61,1,0,True,True,-2.0,1.4432275295257568,1.4439302682876587,0.0007027387619018555,0.02353338897228241,0.12342196702957153,0.99986732006073
syco_bullshit_v2_sw_pnf_04,-C,False,62,1,0,True,True,-2.0,1.4432275295257568,1.4434716701507568,0.000244140625,0.020879734307527542,0.11360998451709747,0.999895453453064
syco_bullshit_v2_sw_pnf_04,-C,False,63,1,0,True,True,-2.0,1.4432275295257568,1.4435642957687378,0.00033676624298095703,0.020612310618162155,0.11626937985420227,0.9998980760574341
syco_bullshit_v2_sw_pnf_04,-C,False,64,1,0,True,True,-2.0,1.4432275295257568,1.4438507556915283,0.0006232261657714844,0.022465893998742104,0.12577369809150696,0.9998790621757507
syco_bullshit_v2_sw_pnf_04,-C,False,65,1,0,True,True,-2.0,1.4432275295257568,1.4437296390533447,0.0005021095275878906,0.018966205418109894,0.11479417979717255,0.9999138116836548
syco_bullshit_v2_sw_pnf_04,-C,False,66,1,0,True,True,-2.0,1.4432275295257568,1.4438685178756714,0.0006409883499145508,0.022180140018463135,0.12370175123214722,0.999882161617279
syco_bullshit_v2_sw_pnf_04,-C,False,67,1,0,True,True,-2.0,1.4432275295257568,1.4432283639907837,8.344650268554688e-07,0.02302435413002968,0.12437820434570312,0.9998728036880493
syco_bullshit_v2_sw_pnf_04,-C,False,68,1,0,True,True,-2.0,1.4432275295257568,1.4431513547897339,7.617473602294922e-05,0.024216340854763985,0.11596532166004181,0.9998592138290405
syco_bullshit_v2_sw_pnf_04,-C,False,69,1,0,True,True,-2.0,1.4432275295257568,1.4434815645217896,0.00025403499603271484,0.019680339843034744,0.11260867118835449,0.9999071359634399
syco_bullshit_v2_sw_pnf_04,-C,False,70,1,0,True,True,-2.0,1.4432275295257568,1.443214774131775,1.2755393981933594e-05,0.021762516349554062,0.11549824476242065,0.9998863935470581
syco_bullshit_v2_sw_pnf_04,-C,False,71,1,0,True,True,-2.0,1.4432275295257568,1.4442476034164429,0.0010200738906860352,0.020217502489686012,0.11115925014019012,0.9999022483825684
syco_bullshit_v2_sw_pnf_04,-C,False,72,1,0,True,True,-2.0,1.4432275295257568,1.4434908628463745,0.0002633333206176758,0.01504810992628336,0.08929607272148132,0.9999456405639648
syco_bullshit_v2_sw_pnf_04,-C,False,73,1,0,True,True,-2.0,1.4432275295257568,1.443689227104187,0.0004616975784301758,0.018625514581799507,0.10359595715999603,0.9999167919158936
syco_bullshit_v2_fin_pnf_01,+C,False,0,61,60,True,True,2.0,1.4432275295257568,1.4435718059539795,0.00034427642822265625,0.01828869618475437,0.10633912682533264,0.9999197721481323
syco_bullshit_v2_fin_pnf_01,+C,False,1,1,0,True,True,2.0,1.4432275295257568,1.443936824798584,0.0007092952728271484,0.021180953830480576,0.11342738568782806,0.9998924732208252
syco_bullshit_v2_fin_pnf_01,+C,False,2,1,0,True,True,2.0,1.4432275295257568,1.443269968032837,4.2438507080078125e-05,0.02047792822122574,0.10648399591445923,0.9998994469642639
syco_bullshit_v2_fin_pnf_01,+C,False,3,1,0,True,True,2.0,1.4432275295257568,1.442977786064148,0.0002497434616088867,0.023368969559669495,0.1183861494064331,0.9998688697814941
syco_bullshit_v2_fin_pnf_01,+C,False,4,1,0,True,True,2.0,1.4432275295257568,1.4435642957687378,0.00033676624298095703,0.022240271791815758,0.11900073289871216,0.999881386756897
syco_bullshit_v2_fin_pnf_01,+C,False,5,1,0,True,True,2.0,1.4432275295257568,1.4432429075241089,1.537799835205078e-05,0.02061973139643669,0.11045654118061066,0.9998979568481445
syco_bullshit_v2_fin_pnf_01,+C,False,6,1,0,True,True,2.0,1.4432275295257568,1.4430679082870483,0.0001596212387084961,0.021329743787646294,0.1111907958984375,0.9998908042907715
syco_bullshit_v2_fin_pnf_01,+C,False,7,1,0,True,True,2.0,1.4432275295257568,1.4433876276016235,0.00016009807586669922,0.02084125205874443,0.11467747390270233,0.9998957514762878
syco_bullshit_v2_fin_pnf_01,+C,False,8,1,0,True,True,2.0,1.4432275295257568,1.4428902864456177,0.00033724308013916016,0.02067105658352375,0.10727265477180481,0.9998975396156311
syco_bullshit_v2_fin_pnf_01,+C,False,9,1,0,True,True,2.0,1.4432275295257568,1.442684292793274,0.0005432367324829102,0.024223824962973595,0.12305770814418793,0.9998592138290405
syco_bullshit_v2_fin_pnf_01,+C,False,10,1,0,True,True,2.0,1.4432275295257568,1.4422118663787842,0.0010156631469726562,0.02356824278831482,0.12145106494426727,0.9998668432235718
syco_bullshit_v2_fin_pnf_01,+C,False,11,1,0,True,True,2.0,1.4432275295257568,1.4437555074691772,0.0005279779434204102,0.01964253932237625,0.11380656063556671,0.9999074935913086
syco_bullshit_v2_fin_pnf_01,+C,False,12,1,0,True,True,2.0,1.4432275295257568,1.4430155754089355,0.00021195411682128906,0.022124331444501877,0.11992818117141724,0.9998825788497925
syco_bullshit_v2_fin_pnf_01,+C,False,13,1,0,True,True,2.0,1.4432275295257568,1.4435231685638428,0.0002956390380859375,0.023236216977238655,0.12024973332881927,0.9998705387115479
syco_bullshit_v2_fin_pnf_01,+C,False,14,1,0,True,True,2.0,1.4432275295257568,1.4434003829956055,0.0001728534698486328,0.01985493116080761,0.11091506481170654,0.9999054670333862
syco_bullshit_v2_fin_pnf_01,+C,False,15,1,0,True,True,2.0,1.4432275295257568,1.44309401512146,0.000133514404296875,0.020215939730405807,0.11027386784553528,0.9999019503593445
syco_bullshit_v2_fin_pnf_01,+C,False,16,1,0,True,True,2.0,1.4432275295257568,1.4432610273361206,3.349781036376953e-05,0.022796230390667915,0.12083412706851959,0.9998752474784851
syco_bullshit_v2_fin_pnf_01,+C,False,17,1,0,True,True,2.0,1.4432275295257568,1.4428797960281372,0.0003477334976196289,0.021475641056895256,0.11274757981300354,0.9998893141746521
syco_bullshit_v2_fin_pnf_01,+C,False,18,1,0,True,True,2.0,1.4432275295257568,1.443784475326538,0.00055694580078125,0.024793585762381554,0.12471179664134979,0.9998526573181152
syco_bullshit_v2_fin_pnf_01,+C,False,19,1,0,True,True,2.0,1.4432275295257568,1.4433672428131104,0.00013971328735351562,0.023514356464147568,0.1211317628622055,0.99986732006073
syco_bullshit_v2_fin_pnf_01,+C,False,20,1,0,True,True,2.0,1.4432275295257568,1.4444453716278076,0.0012178421020507812,0.02295598015189171,0.12067979574203491,0.9998739957809448
syco_bullshit_v2_fin_pnf_01,+C,False,21,1,0,True,True,2.0,1.4432275295257568,1.4439085721969604,0.0006810426712036133,0.01992921158671379,0.11285571753978729,0.9999048113822937
syco_bullshit_v2_fin_pnf_01,+C,False,22,1,0,True,True,2.0,1.4432275295257568,1.4431800842285156,4.744529724121094e-05,0.021197210997343063,0.11329945921897888,0.9998921751976013
syco_bullshit_v2_fin_pnf_01,+C,False,23,1,0,True,True,2.0,1.4432275295257568,1.4425272941589355,0.0007002353668212891,0.022303814068436623,0.1191416084766388,0.9998806118965149
syco_bullshit_v2_fin_pnf_01,+C,False,24,1,0,True,True,2.0,1.4432275295257568,1.4433790445327759,0.00015151500701904297,0.023709770292043686,0.12243688106536865,0.9998650550842285
syco_bullshit_v2_fin_pnf_01,+C,False,25,1,0,True,True,2.0,1.4432275295257568,1.4437870979309082,0.0005595684051513672,0.02314481884241104,0.12439748644828796,0.9998716115951538
syco_bullshit_v2_fin_pnf_01,+C,False,26,1,0,True,True,2.0,1.4432275295257568,1.4432228803634644,4.649162292480469e-06,0.019980546087026596,0.11667773127555847,0.9999042749404907
syco_bullshit_v2_fin_pnf_01,+C,False,27,1,0,True,True,2.0,1.4432275295257568,1.4434140920639038,0.00018656253814697266,0.020389871671795845,0.1130213588476181,0.999900221824646
syco_bullshit_v2_fin_pnf_01,+C,False,28,1,0,True,True,2.0,1.4432275295257568,1.4431406259536743,8.690357208251953e-05,0.01940186880528927,0.10243512690067291,0.9999096393585205
syco_bullshit_v2_fin_pnf_01,+C,False,29,1,0,True,True,2.0,1.4432275295257568,1.4433590173721313,0.00013148784637451172,0.02352655678987503,0.11997348070144653,0.9998672008514404
syco_bullshit_v2_fin_pnf_01,+C,False,30,1,0,True,True,2.0,1.4432275295257568,1.4428255558013916,0.0004019737243652344,0.021232830360531807,0.11932450532913208,0.9998918175697327
syco_bullshit_v2_fin_pnf_01,+C,False,31,1,0,True,True,2.0,1.4432275295257568,1.4425151348114014,0.0007123947143554688,0.021393101662397385,0.11592651903629303,0.9998902082443237
syco_bullshit_v2_fin_pnf_01,+C,False,32,1,0,True,True,2.0,1.4432275295257568,1.443823218345642,0.0005956888198852539,0.021990738809108734,0.12113989889621735,0.9998841285705566
syco_bullshit_v2_fin_pnf_01,+C,False,33,1,0,True,True,2.0,1.4432275295257568,1.4446855783462524,0.0014580488204956055,0.019649840891361237,0.10629615187644958,0.9999079704284668
syco_bullshit_v2_fin_pnf_01,+C,False,34,1,0,True,True,2.0,1.4432275295257568,1.4430476427078247,0.0001798868179321289,0.024953952059149742,0.12498010694980621,0.9998505115509033
syco_bullshit_v2_fin_pnf_01,+C,False,35,1,0,True,True,2.0,1.4432275295257568,1.4437350034713745,0.0005074739456176758,0.02133767306804657,0.11459644138813019,0.9998908042907715
syco_bullshit_v2_fin_pnf_01,+C,False,36,1,0,True,True,2.0,1.4432275295257568,1.4440703392028809,0.0008428096771240234,0.023553943261504173,0.1266356259584427,0.9998670816421509
syco_bullshit_v2_fin_pnf_01,+C,False,37,1,0,True,True,2.0,1.4432275295257568,1.4444390535354614,0.0012115240097045898,0.021530108526349068,0.11468717455863953,0.9998892545700073
syco_bullshit_v2_fin_pnf_01,+C,False,38,1,0,True,True,2.0,1.4432275295257568,1.4430865049362183,0.00014102458953857422,0.020935745909810066,0.11290785670280457,0.9998947978019714
syco_bullshit_v2_fin_pnf_01,+C,False,39,1,0,True,True,2.0,1.4432275295257568,1.442444086074829,0.0007834434509277344,0.01996266283094883,0.11241073906421661,0.9999043941497803
syco_bullshit_v2_fin_pnf_01,+C,False,40,1,0,True,True,2.0,1.4432275295257568,1.4438931941986084,0.0006656646728515625,0.01966952346265316,0.11009472608566284,0.9999072551727295
syco_bullshit_v2_fin_pnf_01,+C,False,41,1,0,True,True,2.0,1.4432275295257568,1.442665457725525,0.0005620718002319336,0.02306014485657215,0.11403752863407135,0.9998723268508911
syco_bullshit_v2_fin_pnf_01,+C,False,42,1,0,True,True,2.0,1.4432275295257568,1.4423720836639404,0.0008554458618164062,0.022553037852048874,0.1170482337474823,0.9998779892921448
syco_bullshit_v2_fin_pnf_01,+C,False,43,1,0,True,True,2.0,1.4432275295257568,1.442061185836792,0.0011663436889648438,0.022757090628147125,0.11572898924350739,0.9998759031295776
syco_bullshit_v2_fin_pnf_01,+C,False,44,1,0,True,True,2.0,1.4432275295257568,1.444451928138733,0.0012243986129760742,0.022752685472369194,0.12106683850288391,0.9998762607574463
syco_bullshit_v2_fin_pnf_01,+C,False,45,1,0,True,True,2.0,1.4432275295257568,1.4438122510910034,0.000584721565246582,0.020181652158498764,0.11581246554851532,0.9999023675918579
syco_bullshit_v2_fin_pnf_01,+C,False,46,1,0,True,True,2.0,1.4432275295257568,1.4439585208892822,0.0007309913635253906,0.021362656727433205,0.11734409630298615,0.9998906850814819
syco_bullshit_v2_fin_pnf_01,+C,False,47,1,0,True,True,2.0,1.4432275295257568,1.444332480430603,0.0011049509048461914,0.02207033894956112,0.1214199811220169,0.9998834729194641
syco_bullshit_v2_fin_pnf_01,+C,False,48,1,0,True,True,2.0,1.4432275295257568,1.444726824760437,0.0014992952346801758,0.021947316825389862,0.11886383593082428,0.9998851418495178
syco_bullshit_v2_fin_pnf_01,+C,False,49,1,0,True,True,2.0,1.4432275295257568,1.4433006048202515,7.30752944946289e-05,0.01954624429345131,0.11063869297504425,0.9999082684516907
syco_bullshit_v2_fin_pnf_01,+C,False,50,1,0,True,True,2.0,1.4432275295257568,1.4434664249420166,0.00023889541625976562,0.01510356180369854,0.08891162276268005,0.9999452829360962
syco_bullshit_v2_fin_pnf_01,+C,False,51,1,0,True,True,2.0,1.4432275295257568,1.442718505859375,0.0005090236663818359,0.01892220228910446,0.10153883695602417,0.9999141693115234
syco_bullshit_v2_fin_pnf_01,-C,False,0,61,60,True,True,-2.0,1.4432275295257568,1.4434411525726318,0.000213623046875,0.0181544441729784,0.10633912682533264,0.9999208450317383
syco_bullshit_v2_fin_pnf_01,-C,False,1,1,0,True,True,-2.0,1.4432275295257568,1.4447063207626343,0.0014787912368774414,0.021706871688365936,0.11342738568782806,0.9998875856399536
syco_bullshit_v2_fin_pnf_01,-C,False,2,1,0,True,True,-2.0,1.4432275295257568,1.4426885843276978,0.000538945198059082,0.020494921132922173,0.10648399591445923,0.9998992681503296
syco_bullshit_v2_fin_pnf_01,-C,False,3,1,0,True,True,-2.0,1.4432275295257568,1.4429035186767578,0.00032401084899902344,0.023442089557647705,0.1183861494064331,0.9998680949211121
syco_bullshit_v2_fin_pnf_01,-C,False,4,1,0,True,True,-2.0,1.4432275295257568,1.4440330266952515,0.0008054971694946289,0.021952392533421516,0.11900073289871216,0.9998846054077148
syco_bullshit_v2_fin_pnf_01,-C,False,5,1,0,True,True,-2.0,1.4432275295257568,1.4435447454452515,0.0003172159194946289,0.020207921043038368,0.11045654118061066,0.9999020099639893
syco_bullshit_v2_fin_pnf_01,-C,False,6,1,0,True,True,-2.0,1.4432275295257568,1.4434691667556763,0.0002416372299194336,0.021588386967778206,0.1111907958984375,0.9998882412910461
syco_bullshit_v2_fin_pnf_01,-C,False,7,1,0,True,True,-2.0,1.4432275295257568,1.4431852102279663,4.2319297790527344e-05,0.02315550111234188,0.11828237771987915,0.9998713135719299
syco_bullshit_v2_fin_pnf_01,-C,False,8,1,0,True,True,-2.0,1.4432275295257568,1.4439740180969238,0.0007464885711669922,0.02425422891974449,0.12448963522911072,0.999859094619751
syco_bullshit_v2_fin_pnf_01,-C,False,9,1,0,True,True,-2.0,1.4432275295257568,1.4436694383621216,0.0004419088363647461,0.022174794226884842,0.11688046157360077,0.9998821020126343
syco_bullshit_v2_fin_pnf_01,-C,False,10,1,0,True,True,-2.0,1.4432275295257568,1.4429852962493896,0.0002422332763671875,0.0225987508893013,0.11726818978786469,0.999877393245697
syco_bullshit_v2_fin_pnf_01,-C,False,11,1,0,True,True,-2.0,1.4432275295257568,1.4427942037582397,0.00043332576751708984,0.02159556746482849,0.1082836389541626,0.9998881816864014
syco_bullshit_v2_fin_pnf_01,-C,False,12,1,0,True,True,-2.0,1.4432275295257568,1.4434555768966675,0.00022804737091064453,0.019642038270831108,0.09986691176891327,0.9999074339866638
syco_bullshit_v2_fin_pnf_01,-C,False,13,1,0,True,True,-2.0,1.4432275295257568,1.4430633783340454,0.00016415119171142578,0.019577335566282272,0.10318847000598907,0.9999080896377563
syco_bullshit_v2_fin_pnf_01,-C,False,14,1,0,True,True,-2.0,1.4432275295257568,1.4425877332687378,0.000639796257019043,0.019661329686641693,0.10597014427185059,0.999907374382019
syco_bullshit_v2_fin_pnf_01,-C,False,15,1,0,True,True,-2.0,1.4432275295257568,1.442958116531372,0.0002694129943847656,0.019319385290145874,0.10184405744075775,0.9999104738235474
syco_bullshit_v2_fin_pnf_01,-C,False,16,1,0,True,True,-2.0,1.4432275295257568,1.4432423114776611,1.4781951904296875e-05,0.020040802657604218,0.11173698306083679,0.9999035596847534
syco_bullshit_v2_fin_pnf_01,-C,False,17,1,0,True,True,-2.0,1.4432275295257568,1.4436904191970825,0.0004628896713256836,0.0249197855591774,0.12588383257389069,0.9998511075973511
syco_bullshit_v2_fin_pnf_01,-C,False,18,1,0,True,True,-2.0,1.4432275295257568,1.4434082508087158,0.00018072128295898438,0.022093284875154495,0.11976215243339539,0.9998828768730164
syco_bullshit_v2_fin_pnf_01,-C,False,19,1,0,True,True,-2.0,1.4432275295257568,1.4437668323516846,0.0005393028259277344,0.019879156723618507,0.11315378546714783,0.9999052882194519
syco_bullshit_v2_fin_pnf_01,-C,False,20,1,0,True,True,-2.0,1.4432275295257568,1.4434587955474854,0.00023126602172851562,0.01978372409939766,0.10940782725811005,0.999906063079834
syco_bullshit_v2_fin_pnf_01,-C,False,21,1,0,True,True,-2.0,1.4432275295257568,1.443204641342163,2.288818359375e-05,0.022980621084570885,0.1181073933839798,0.9998732805252075
syco_bullshit_v2_fin_pnf_01,-C,False,22,1,0,True,True,-2.0,1.4432275295257568,1.4424822330474854,0.0007452964782714844,0.02083391509950161,0.10747824609279633,0.9998959302902222
syco_bullshit_v2_fin_pnf_01,-C,False,23,1,0,True,True,-2.0,1.4432275295257568,1.4437257051467896,0.0004981756210327148,0.02382366918027401,0.12124019861221313,0.9998639225959778
syco_bullshit_v2_fin_pnf_01,-C,False,24,1,0,True,True,-2.0,1.4432275295257568,1.44327712059021,4.9591064453125e-05,0.023020904511213303,0.12103377282619476,0.9998728036880493
syco_bullshit_v2_fin_pnf_01,-C,False,25,1,0,True,True,-2.0,1.4432275295257568,1.4425288438796997,0.0006986856460571289,0.021843841299414635,0.11624589562416077,0.9998855590820312
syco_bullshit_v2_fin_pnf_01,-C,False,26,1,0,True,True,-2.0,1.4432275295257568,1.4429205656051636,0.0003069639205932617,0.020130299031734467,0.11591209471225739,0.9999027252197266
syco_bullshit_v2_fin_pnf_01,-C,False,27,1,0,True,True,-2.0,1.4432275295257568,1.444029450416565,0.0008019208908081055,0.02124965563416481,0.11759306490421295,0.9998918175697327
syco_bullshit_v2_fin_pnf_01,-C,False,28,1,0,True,True,-2.0,1.4432275295257568,1.4438867568969727,0.0006592273712158203,0.020993918180465698,0.11741536855697632,0.999894380569458
syco_bullshit_v2_fin_pnf_01,-C,False,29,1,0,True,True,-2.0,1.4432275295257568,1.4431767463684082,5.078315734863281e-05,0.02431771531701088,0.12279802560806274,0.9998581409454346
syco_bullshit_v2_fin_pnf_01,-C,False,30,1,0,True,True,-2.0,1.4432275295257568,1.4432570934295654,2.956390380859375e-05,0.025294436141848564,0.12953613698482513,0.9998464584350586
syco_bullshit_v2_fin_pnf_01,-C,False,31,1,0,True,True,-2.0,1.4432275295257568,1.4416879415512085,0.0015395879745483398,0.020697223022580147,0.1193147748708725,0.9998977184295654
syco_bullshit_v2_fin_pnf_01,-C,False,32,1,0,True,True,-2.0,1.4432275295257568,1.44436776638031,0.0011402368545532227,0.02132459357380867,0.11009448766708374,0.9998912215232849
syco_bullshit_v2_fin_pnf_01,-C,False,33,1,0,True,True,-2.0,1.4432275295257568,1.4434244632720947,0.00019693374633789062,0.02343275025486946,0.12391051650047302,0.9998682141304016
syco_bullshit_v2_fin_pnf_01,-C,False,34,1,0,True,True,-2.0,1.4432275295257568,1.4427142143249512,0.0005133152008056641,0.022456787526607513,0.12710236012935638,0.9998789429664612
syco_bullshit_v2_fin_pnf_01,-C,False,35,1,0,True,True,-2.0,1.4432275295257568,1.4438259601593018,0.0005984306335449219,0.020140880718827248,0.1098627895116806,0.9999027848243713
syco_bullshit_v2_fin_pnf_01,-C,False,36,1,0,True,True,-2.0,1.4432275295257568,1.4430053234100342,0.00022220611572265625,0.01980779692530632,0.10924644768238068,0.9999058842658997
syco_bullshit_v2_fin_pnf_01,-C,False,37,1,0,True,True,-2.0,1.4432275295257568,1.4443703889846802,0.0011428594589233398,0.021873626857995987,0.12102776765823364,0.9998855590820312
syco_bullshit_v2_fin_pnf_01,-C,False,38,1,0,True,True,-2.0,1.4432275295257568,1.444351315498352,0.0011237859725952148,0.01925746537744999,0.1113777756690979,0.9999114274978638
syco_bullshit_v2_fin_pnf_01,-C,False,39,1,0,True,True,-2.0,1.4432275295257568,1.443808674812317,0.0005811452865600586,0.02036318928003311,0.11656409502029419,0.9999006390571594
syco_bullshit_v2_fin_pnf_01,-C,False,40,1,0,True,True,-2.0,1.4432275295257568,1.4435253143310547,0.00029778480529785156,0.022039009258151054,0.11993099749088287,0.9998834729194641
syco_bullshit_v2_fin_pnf_01,-C,False,41,1,0,True,True,-2.0,1.4432275295257568,1.4422687292099,0.0009588003158569336,0.02008034475147724,0.11060181260108948,0.9999033212661743
syco_bullshit_v2_fin_pnf_01,-C,False,42,1,0,True,True,-2.0,1.4432275295257568,1.4419790506362915,0.001248478889465332,0.022951405495405197,0.11843252182006836,0.9998738169670105
syco_bullshit_v2_fin_pnf_01,-C,False,43,1,0,True,True,-2.0,1.4432275295257568,1.4448935985565186,0.0016660690307617188,0.02343776263296604,0.12397533655166626,0.9998691082000732
syco_bullshit_v2_fin_pnf_01,-C,False,44,1,0,True,True,-2.0,1.4432275295257568,1.4411109685897827,0.002116560935974121,0.02466149628162384,0.12783999741077423,0.9998549222946167
syco_bullshit_v2_fin_pnf_01,-C,False,45,1,0,True,True,-2.0,1.4432275295257568,1.4429888725280762,0.00023865699768066406,0.020454319193959236,0.11818742752075195,0.9998995661735535
syco_bullshit_v2_fin_pnf_01,-C,False,46,1,0,True,True,-2.0,1.4432275295257568,1.443153977394104,7.355213165283203e-05,0.02032991126179695,0.11455035209655762,0.999900758266449
syco_bullshit_v2_fin_pnf_01,-C,False,47,1,0,True,True,-2.0,1.4432275295257568,1.442772626876831,0.00045490264892578125,0.021197089925408363,0.1120622307062149,0.9998921751976013
syco_bullshit_v2_fin_pnf_01,-C,False,48,1,0,True,True,-2.0,1.4432275295257568,1.4439266920089722,0.000699162483215332,0.02070503495633602,0.11743134260177612,0.9998973608016968
syco_bullshit_v2_fin_pnf_01,-C,False,49,1,0,True,True,-2.0,1.4432275295257568,1.443658709526062,0.0004311800003051758,0.02112538367509842,0.11756660044193268,0.9998928904533386
syco_bullshit_v2_fin_pnf_01,-C,False,50,1,0,True,True,-2.0,1.4432275295257568,1.4440540075302124,0.0008264780044555664,0.024989290162920952,0.12866130471229553,0.999850332736969
syco_bullshit_v2_fin_pnf_01,-C,False,51,1,0,True,True,-2.0,1.4432275295257568,1.4440559148788452,0.0008283853530883789,0.021222945302724838,0.11594834923744202,0.9998921155929565
syco_bullshit_v2_fin_pnf_01,-C,False,52,1,0,True,True,-2.0,1.4432275295257568,1.4424389600753784,0.000788569450378418,0.020550908520817757,0.11021117866039276,0.9998987913131714
syco_bullshit_v2_fin_pnf_01,-C,False,53,1,0,True,True,-2.0,1.4432275295257568,1.4427342414855957,0.0004932880401611328,0.021852288395166397,0.1178085058927536,0.9998853802680969
syco_bullshit_v2_fin_pnf_01,-C,False,54,1,0,True,True,-2.0,1.4432275295257568,1.4426547288894653,0.0005728006362915039,0.021379251033067703,0.11668571829795837,0.9998902678489685
syco_bullshit_v2_fin_pnf_01,-C,False,55,1,0,True,True,-2.0,1.4432275295257568,1.4431571960449219,7.033348083496094e-05,0.022638756781816483,0.11743248999118805,0.9998769760131836
syco_bullshit_v2_fin_pnf_01,-C,False,56,1,0,True,True,-2.0,1.4432275295257568,1.4433860778808594,0.00015854835510253906,0.019635647535324097,0.11001826822757721,0.9999075531959534
syco_bullshit_v2_fin_pnf_01,-C,False,57,1,0,True,True,-2.0,1.4432275295257568,1.4434038400650024,0.00017631053924560547,0.014995910227298737,0.0893099308013916,0.9999459981918335
syco_bullshit_v2_fin_pnf_01,-C,False,58,1,0,True,True,-2.0,1.4432275295257568,1.4437016248703003,0.00047409534454345703,0.01833941973745823,0.10012777149677277,0.9999193549156189
syco_bullshit_v2_fin_pnf_02,+C,False,0,70,69,True,True,2.0,1.4432275295257568,1.4437434673309326,0.0005159378051757812,0.01897515170276165,0.1093367338180542,0.9999136924743652
syco_bullshit_v2_fin_pnf_02,+C,False,1,1,0,True,True,2.0,1.4432275295257568,1.4430129528045654,0.00021457672119140625,0.018919285386800766,0.10824906826019287,0.9999141097068787
syco_bullshit_v2_fin_pnf_02,+C,False,2,1,0,True,True,2.0,1.4432275295257568,1.4436677694320679,0.00044023990631103516,0.020036105066537857,0.11153353750705719,0.9999037384986877
syco_bullshit_v2_fin_pnf_02,+C,False,3,1,0,True,True,2.0,1.4432275295257568,1.4424867630004883,0.0007407665252685547,0.018798280507326126,0.1112377792596817,0.999915361404419
syco_bullshit_v2_fin_pnf_02,+C,False,4,1,0,True,True,2.0,1.4432275295257568,1.444199800491333,0.0009722709655761719,0.01895572431385517,0.11441271007061005,0.9999139904975891
syco_bullshit_v2_fin_pnf_02,+C,False,5,1,0,True,True,2.0,1.4432275295257568,1.443545937538147,0.0003184080123901367,0.019783450290560722,0.11787627637386322,0.9999061226844788
syco_bullshit_v2_fin_pnf_02,+C,False,6,1,0,True,True,2.0,1.4432275295257568,1.4431838989257812,4.363059997558594e-05,0.020960666239261627,0.11424140632152557,0.9998945593833923
syco_bullshit_v2_fin_pnf_02,+C,False,7,1,0,True,True,2.0,1.4432275295257568,1.4432748556137085,4.7326087951660156e-05,0.021886473521590233,0.12237706780433655,0.999885082244873
syco_bullshit_v2_fin_pnf_02,+C,False,8,1,0,True,True,2.0,1.4432275295257568,1.44337797164917,0.00015044212341308594,0.019902510568499565,0.10923980176448822,0.9999048709869385
syco_bullshit_v2_fin_pnf_02,+C,False,9,1,0,True,True,2.0,1.4432275295257568,1.4432470798492432,1.9550323486328125e-05,0.02381839230656624,0.12213318049907684,0.999863862991333
syco_bullshit_v2_fin_pnf_02,+C,False,10,1,0,True,True,2.0,1.4432275295257568,1.4427342414855957,0.0004932880401611328,0.022931376472115517,0.11725243926048279,0.999873697757721
syco_bullshit_v2_fin_pnf_02,+C,False,11,1,0,True,True,2.0,1.4432275295257568,1.4430207014083862,0.00020682811737060547,0.02302091382443905,0.11562411487102509,0.9998728036880493
syco_bullshit_v2_fin_pnf_02,+C,False,12,1,0,True,True,2.0,1.4432275295257568,1.4429030418395996,0.00032448768615722656,0.020156389102339745,0.11596702039241791,0.9999024868011475
syco_bullshit_v2_fin_pnf_02,+C,False,13,1,0,True,True,2.0,1.4432275295257568,1.4439431428909302,0.0007156133651733398,0.022636575624346733,0.11163325607776642,0.9998772740364075
syco_bullshit_v2_fin_pnf_02,+C,False,14,1,0,True,True,2.0,1.4432275295257568,1.4433507919311523,0.0001232624053955078,0.019428348168730736,0.10587778687477112,0.9999094009399414
syco_bullshit_v2_fin_pnf_02,+C,False,15,1,0,True,True,2.0,1.4432275295257568,1.4431462287902832,8.130073547363281e-05,0.02133338339626789,0.11688242852687836,0.999890923500061
syco_bullshit_v2_fin_pnf_02,+C,False,16,1,0,True,True,2.0,1.4432275295257568,1.4430537223815918,0.00017380714416503906,0.022322596982121468,0.12226511538028717,0.9998804330825806
syco_bullshit_v2_fin_pnf_02,+C,False,17,1,0,True,True,2.0,1.4432275295257568,1.4430279731750488,0.0001995563507080078,0.020438645035028458,0.1084854006767273,0.9998997449874878
syco_bullshit_v2_fin_pnf_02,+C,False,18,1,0,True,True,2.0,1.4432275295257568,1.4436917304992676,0.0004642009735107422,0.01994738169014454,0.11140432953834534,0.9999046921730042
syco_bullshit_v2_fin_pnf_02,+C,False,19,1,0,True,True,2.0,1.4432275295257568,1.4425849914550781,0.0006425380706787109,0.020407849922776222,0.11606507003307343,0.9999001622200012
syco_bullshit_v2_fin_pnf_02,+C,False,20,1,0,True,True,2.0,1.4432275295257568,1.444137454032898,0.0009099245071411133,0.018855193629860878,0.11376707255840302,0.9999149441719055
syco_bullshit_v2_fin_pnf_02,+C,False,21,1,0,True,True,2.0,1.4432275295257568,1.4430111646652222,0.00021636486053466797,0.020409749820828438,0.10871823132038116,0.9998999834060669
syco_bullshit_v2_fin_pnf_02,+C,False,22,1,0,True,True,2.0,1.4432275295257568,1.443474292755127,0.0002467632293701172,0.019807634875178337,0.10516449809074402,0.9999059438705444
syco_bullshit_v2_fin_pnf_02,+C,False,23,1,0,True,True,2.0,1.4432275295257568,1.4430094957351685,0.0002180337905883789,0.021452534943819046,0.10982240736484528,0.9998894929885864
syco_bullshit_v2_fin_pnf_02,+C,False,24,1,0,True,True,2.0,1.4432275295257568,1.443284034729004,5.650520324707031e-05,0.0212539155036211,0.1090749055147171,0.9998915195465088
syco_bullshit_v2_fin_pnf_02,+C,False,25,1,0,True,True,2.0,1.4432275295257568,1.443992257118225,0.0007647275924682617,0.023179607465863228,0.11902971565723419,0.9998712539672852
syco_bullshit_v2_fin_pnf_02,+C,False,26,1,0,True,True,2.0,1.4432275295257568,1.443009614944458,0.00021791458129882812,0.019589804112911224,0.11505921185016632,0.9999078512191772
syco_bullshit_v2_fin_pnf_02,+C,False,27,1,0,True,True,2.0,1.4432275295257568,1.4426378011703491,0.0005897283554077148,0.02163677290081978,0.11581207811832428,0.9998877048492432
syco_bullshit_v2_fin_pnf_02,+C,False,28,1,0,True,True,2.0,1.4432275295257568,1.4429559707641602,0.0002715587615966797,0.024068137630820274,0.1234123557806015,0.9998610019683838
syco_bullshit_v2_fin_pnf_02,+C,False,29,1,0,True,True,2.0,1.4432275295257568,1.4439314603805542,0.0007039308547973633,0.02078087627887726,0.11694243550300598,0.9998965263366699
syco_bullshit_v2_fin_pnf_02,+C,False,30,1,0,True,True,2.0,1.4432275295257568,1.4429820775985718,0.0002454519271850586,0.021135779097676277,0.1081097424030304,0.9998927712440491
syco_bullshit_v2_fin_pnf_02,+C,False,31,1,0,True,True,2.0,1.4432275295257568,1.4445830583572388,0.0013555288314819336,0.02307296358048916,0.1212938129901886,0.9998728036880493
syco_bullshit_v2_fin_pnf_02,+C,False,32,1,0,True,True,2.0,1.4432275295257568,1.443988561630249,0.0007610321044921875,0.02311072312295437,0.12581676244735718,0.999872088432312
syco_bullshit_v2_fin_pnf_02,+C,False,33,1,0,True,True,2.0,1.4432275295257568,1.443058729171753,0.00016880035400390625,0.02130168303847313,0.12370714545249939,0.9998910427093506
syco_bullshit_v2_fin_pnf_02,+C,False,34,1,0,True,True,2.0,1.4432275295257568,1.4431220293045044,0.0001055002212524414,0.01986313983798027,0.11243446171283722,0.9999053478240967
syco_bullshit_v2_fin_pnf_02,+C,False,35,1,0,True,True,2.0,1.4432275295257568,1.4434927701950073,0.0002652406692504883,0.020573461428284645,0.11218699812889099,0.9998984336853027
syco_bullshit_v2_fin_pnf_02,+C,False,36,1,0,True,True,2.0,1.4432275295257568,1.443468689918518,0.00024116039276123047,0.021817149594426155,0.11179430782794952,0.9998857975006104
syco_bullshit_v2_fin_pnf_02,+C,False,37,1,0,True,True,2.0,1.4432275295257568,1.4433108568191528,8.33272933959961e-05,0.02330932579934597,0.12100885808467865,0.9998696446418762
syco_bullshit_v2_fin_pnf_02,+C,False,38,1,0,True,True,2.0,1.4432275295257568,1.443936824798584,0.0007092952728271484,0.02380981855094433,0.12058380246162415,0.9998641014099121
syco_bullshit_v2_fin_pnf_02,+C,False,39,1,0,True,True,2.0,1.4432275295257568,1.4434272050857544,0.0001996755599975586,0.021246029064059258,0.11785821616649628,0.9998916983604431
syco_bullshit_v2_fin_pnf_02,+C,False,40,1,0,True,True,2.0,1.4432275295257568,1.4434982538223267,0.0002707242965698242,0.021281642839312553,0.11181676387786865,0.9998914003372192
syco_bullshit_v2_fin_pnf_02,+C,False,41,1,0,True,True,2.0,1.4432275295257568,1.4432146549224854,1.2874603271484375e-05,0.02112114429473877,0.11322174966335297,0.9998928904533386
syco_bullshit_v2_fin_pnf_02,+C,False,42,1,0,True,True,2.0,1.4432275295257568,1.4432085752487183,1.895427703857422e-05,0.021593663841485977,0.11476579308509827,0.9998880624771118
syco_bullshit_v2_fin_pnf_02,+C,False,43,1,0,True,True,2.0,1.4432275295257568,1.4437967538833618,0.0005692243576049805,0.023407187312841415,0.12205249071121216,0.9998687505722046
syco_bullshit_v2_fin_pnf_02,+C,False,44,1,0,True,True,2.0,1.4432275295257568,1.443190574645996,3.695487976074219e-05,0.02007811702787876,0.11539202928543091,0.9999032616615295
syco_bullshit_v2_fin_pnf_02,+C,False,45,1,0,True,True,2.0,1.4432275295257568,1.444400668144226,0.0011731386184692383,0.02309926599264145,0.12229941785335541,0.9998723864555359
syco_bullshit_v2_fin_pnf_02,+C,False,46,1,0,True,True,2.0,1.4432275295257568,1.4423619508743286,0.0008655786514282227,0.024015014991164207,0.11807814240455627,0.9998616576194763
syco_bullshit_v2_fin_pnf_02,+C,False,47,1,0,True,True,2.0,1.4432275295257568,1.4436737298965454,0.0004462003707885742,0.02459251694381237,0.11428877711296082,0.9998549222946167
syco_bullshit_v2_fin_pnf_02,+C,False,48,1,0,True,True,2.0,1.4432275295257568,1.4435079097747803,0.0002803802490234375,0.02400360442698002,0.11702375113964081,0.9998617172241211
syco_bullshit_v2_fin_pnf_02,+C,False,49,1,0,True,True,2.0,1.4432275295257568,1.4430603981018066,0.0001671314239501953,0.022442849352955818,0.12436005473136902,0.9998791217803955
syco_bullshit_v2_fin_pnf_02,+C,False,50,1,0,True,True,2.0,1.4432275295257568,1.4434776306152344,0.00025010108947753906,0.019864704459905624,0.1151246428489685,0.9999053478240967
syco_bullshit_v2_fin_pnf_02,+C,False,51,1,0,True,True,2.0,1.4432275295257568,1.443859577178955,0.0006320476531982422,0.021057579666376114,0.1164746880531311,0.9998937845230103
syco_bullshit_v2_fin_pnf_02,+C,False,52,1,0,True,True,2.0,1.4432275295257568,1.443110704421997,0.00011682510375976562,0.02147815376520157,0.11580578982830048,0.9998892545700073
syco_bullshit_v2_fin_pnf_02,+C,False,53,1,0,True,True,2.0,1.4432275295257568,1.4437384605407715,0.0005109310150146484,0.02100488916039467,0.11154797673225403,0.9998942613601685
syco_bullshit_v2_fin_pnf_02,+C,False,54,1,0,True,True,2.0,1.4432275295257568,1.4431380033493042,8.952617645263672e-05,0.023737171664834023,0.12391020357608795,0.9998646974563599
syco_bullshit_v2_fin_pnf_02,+C,False,55,1,0,True,True,2.0,1.4432275295257568,1.4436254501342773,0.0003979206085205078,0.02150370553135872,0.11554516851902008,0.9998891353607178
syco_bullshit_v2_fin_pnf_02,+C,False,56,1,0,True,True,2.0,1.4432275295257568,1.4425090551376343,0.0007184743881225586,0.02118709497153759,0.11370772123336792,0.9998923540115356
syco_bullshit_v2_fin_pnf_02,+C,False,57,1,0,True,True,2.0,1.4432275295257568,1.4426774978637695,0.0005500316619873047,0.021719617769122124,0.11464086174964905,0.9998868703842163
syco_bullshit_v2_fin_pnf_02,+C,False,58,1,0,True,True,2.0,1.4432275295257568,1.443630576133728,0.0004030466079711914,0.023441005498170853,0.12242984771728516,0.9998681545257568
syco_bullshit_v2_fin_pnf_02,+C,False,59,1,0,True,True,2.0,1.4432275295257568,1.4419894218444824,0.001238107681274414,0.02024741843342781,0.11531779170036316,0.9999018907546997
syco_bullshit_v2_fin_pnf_02,+C,False,60,1,0,True,True,2.0,1.4432275295257568,1.4429519176483154,0.00027561187744140625,0.015200581401586533,0.0906200259923935,0.9999445676803589
syco_bullshit_v2_fin_pnf_02,+C,False,61,1,0,True,True,2.0,1.4432275295257568,1.4425222873687744,0.0007052421569824219,0.018146542832255363,0.10014963150024414,0.9999210834503174
syco_bullshit_v2_fin_pnf_02,-C,False,0,70,69,True,True,-2.0,1.4432275295257568,1.444105863571167,0.0008783340454101562,0.019509391859173775,0.1093367338180542,0.9999088048934937
syco_bullshit_v2_fin_pnf_02,-C,False,1,1,0,True,True,-2.0,1.4432275295257568,1.4437423944473267,0.0005148649215698242,0.018682874739170074,0.10824906826019287,0.9999162554740906
syco_bullshit_v2_fin_pnf_02,-C,False,2,1,0,True,True,-2.0,1.4432275295257568,1.4432642459869385,3.6716461181640625e-05,0.019594037905335426,0.11153353750705719,0.9999078512191772
syco_bullshit_v2_fin_pnf_02,-C,False,3,1,0,True,True,-2.0,1.4432275295257568,1.443372368812561,0.00014483928680419922,0.018822932615876198,0.1112377792596817,0.9999151229858398
syco_bullshit_v2_fin_pnf_02,-C,False,4,1,0,True,True,-2.0,1.4432275295257568,1.4432576894760132,3.0159950256347656e-05,0.018804920837283134,0.11441271007061005,0.9999151229858398
syco_bullshit_v2_fin_pnf_02,-C,False,5,1,0,True,True,-2.0,1.4432275295257568,1.4435515403747559,0.00032401084899902344,0.02000642754137516,0.11787627637386322,0.9999040961265564
syco_bullshit_v2_fin_pnf_02,-C,False,6,1,0,True,True,-2.0,1.4432275295257568,1.443392276763916,0.0001647472381591797,0.020732635632157326,0.11424140632152557,0.9998968839645386
syco_bullshit_v2_fin_pnf_02,-C,False,7,1,0,True,True,-2.0,1.4432275295257568,1.4431549310684204,7.259845733642578e-05,0.021018296480178833,0.12237706780433655,0.9998940229415894
syco_bullshit_v2_fin_pnf_02,-C,False,8,1,0,True,True,-2.0,1.4432275295257568,1.4440805912017822,0.0008530616760253906,0.02032857947051525,0.10923980176448822,0.9999010562896729
syco_bullshit_v2_fin_pnf_02,-C,False,9,1,0,True,True,-2.0,1.4432275295257568,1.4438880681991577,0.0006605386734008789,0.022022787481546402,0.12213318049907684,0.9998837113380432
syco_bullshit_v2_fin_pnf_02,-C,False,10,1,0,True,True,-2.0,1.4432275295257568,1.4434049129486084,0.0001773834228515625,0.022914236411452293,0.11725243926048279,0.9998739957809448
syco_bullshit_v2_fin_pnf_02,-C,False,11,1,0,True,True,-2.0,1.4432275295257568,1.4436124563217163,0.00038492679595947266,0.020164169371128082,0.11591559648513794,0.9999025464057922
syco_bullshit_v2_fin_pnf_02,-C,False,12,1,0,True,True,-2.0,1.4432275295257568,1.443596363067627,0.0003688335418701172,0.020631052553653717,0.11604492366313934,0.999897837638855
syco_bullshit_v2_fin_pnf_02,-C,False,13,1,0,True,True,-2.0,1.4432275295257568,1.4432871341705322,5.9604644775390625e-05,0.022444643080234528,0.111490398645401,0.9998791217803955
syco_bullshit_v2_fin_pnf_02,-C,False,14,1,0,True,True,-2.0,1.4432275295257568,1.4428763389587402,0.00035119056701660156,0.019605521112680435,0.10605429112911224,0.9999077320098877
syco_bullshit_v2_fin_pnf_02,-C,False,15,1,0,True,True,-2.0,1.4432275295257568,1.4433581829071045,0.00013065338134765625,0.020978420972824097,0.11661842465400696,0.9998944401741028
syco_bullshit_v2_fin_pnf_02,-C,False,16,1,0,True,True,-2.0,1.4432275295257568,1.4427571296691895,0.0004703998565673828,0.022442620247602463,0.1221838891506195,0.9998791217803955
syco_bullshit_v2_fin_pnf_02,-C,False,17,1,0,True,True,-2.0,1.4432275295257568,1.443280816078186,5.328655242919922e-05,0.02068844810128212,0.10895588994026184,0.9998973608016968
syco_bullshit_v2_fin_pnf_02,-C,False,18,1,0,True,True,-2.0,1.4432275295257568,1.442651391029358,0.0005761384963989258,0.020611245185136795,0.11364506185054779,0.9998980760574341
syco_bullshit_v2_fin_pnf_02,-C,False,19,1,0,True,True,-2.0,1.4432275295257568,1.4432352781295776,7.748603820800781e-06,0.02240726165473461,0.11290539801120758,0.9998795390129089
syco_bullshit_v2_fin_pnf_02,-C,False,20,1,0,True,True,-2.0,1.4432275295257568,1.4436228275299072,0.0003952980041503906,0.019837984815239906,0.11107724905014038,0.9999055862426758
syco_bullshit_v2_fin_pnf_02,-C,False,21,1,0,True,True,-2.0,1.4432275295257568,1.4421467781066895,0.0010807514190673828,0.02022310346364975,0.11495174467563629,0.9999021291732788
syco_bullshit_v2_fin_pnf_02,-C,False,22,1,0,True,True,-2.0,1.4432275295257568,1.4440809488296509,0.000853419303894043,0.01898978091776371,0.11375908553600311,0.9999136924743652
syco_bullshit_v2_fin_pnf_02,-C,False,23,1,0,True,True,-2.0,1.4432275295257568,1.4436109066009521,0.0003833770751953125,0.02080010063946247,0.10944817960262299,0.9998962879180908
syco_bullshit_v2_fin_pnf_02,-C,False,24,1,0,True,True,-2.0,1.4432275295257568,1.443717122077942,0.0004895925521850586,0.019768260419368744,0.10491976141929626,0.9999063014984131
syco_bullshit_v2_fin_pnf_02,-C,False,25,1,0,True,True,-2.0,1.4432275295257568,1.4432308673858643,3.337860107421875e-06,0.02090275101363659,0.1099683940410614,0.9998952150344849
syco_bullshit_v2_fin_pnf_02,-C,False,26,1,0,True,True,-2.0,1.4432275295257568,1.443368911743164,0.00014138221740722656,0.022707127034664154,0.11294710636138916,0.9998763203620911
syco_bullshit_v2_fin_pnf_02,-C,False,27,1,0,True,True,-2.0,1.4432275295257568,1.4430233240127563,0.00020420551300048828,0.020621486008167267,0.11458918452262878,0.9998978972434998
syco_bullshit_v2_fin_pnf_02,-C,False,28,1,0,True,True,-2.0,1.4432275295257568,1.4435452222824097,0.00031769275665283203,0.02229039929807186,0.11454582214355469,0.999880850315094
syco_bullshit_v2_fin_pnf_02,-C,False,29,1,0,True,True,-2.0,1.4432275295257568,1.4436290264129639,0.00040149688720703125,0.022804072126746178,0.1207234114408493,0.9998752474784851
syco_bullshit_v2_fin_pnf_02,-C,False,30,1,0,True,True,-2.0,1.4432275295257568,1.4437583684921265,0.0005308389663696289,0.02105610817670822,0.10937188565731049,0.9998937249183655
syco_bullshit_v2_fin_pnf_02,-C,False,31,1,0,True,True,-2.0,1.4432275295257568,1.4432260990142822,1.430511474609375e-06,0.02116980031132698,0.10739335417747498,0.9998924732208252
syco_bullshit_v2_fin_pnf_02,-C,False,32,1,0,True,True,-2.0,1.4432275295257568,1.443721890449524,0.0004943609237670898,0.022467859089374542,0.11695544421672821,0.999879002571106
syco_bullshit_v2_fin_pnf_02,-C,False,33,1,0,True,True,-2.0,1.4432275295257568,1.442435383796692,0.0007921457290649414,0.020970989018678665,0.10910283029079437,0.9998946189880371
syco_bullshit_v2_fin_pnf_02,-C,False,34,1,0,True,True,-2.0,1.4432275295257568,1.4436970949172974,0.00046956539154052734,0.02286522462964058,0.11299420893192291,0.9998745918273926
syco_bullshit_v2_fin_pnf_02,-C,False,35,1,0,True,True,-2.0,1.4432275295257568,1.4426681995391846,0.0005593299865722656,0.020344557240605354,0.10987766087055206,0.9999006390571594
syco_bullshit_v2_fin_pnf_02,-C,False,36,1,0,True,True,-2.0,1.4432275295257568,1.4428224563598633,0.0004050731658935547,0.023608069866895676,0.11728139221668243,0.9998661875724792
syco_bullshit_v2_fin_pnf_02,-C,False,37,1,0,True,True,-2.0,1.4432275295257568,1.4433696269989014,0.00014209747314453125,0.0225935447961092,0.12271571159362793,0.9998775124549866
syco_bullshit_v2_fin_pnf_02,-C,False,38,1,0,True,True,-2.0,1.4432275295257568,1.4436304569244385,0.0004029273986816406,0.02198946848511696,0.12307590246200562,0.9998840093612671
syco_bullshit_v2_fin_pnf_02,-C,False,39,1,0,True,True,-2.0,1.4432275295257568,1.443489670753479,0.00026214122772216797,0.02034660242497921,0.11366641521453857,0.9999005794525146
syco_bullshit_v2_fin_pnf_02,-C,False,40,1,0,True,True,-2.0,1.4432275295257568,1.4431920051574707,3.552436828613281e-05,0.0204758457839489,0.11366201937198639,0.9998993277549744
syco_bullshit_v2_fin_pnf_02,-C,False,41,1,0,True,True,-2.0,1.4432275295257568,1.4436357021331787,0.000408172607421875,0.02226300537586212,0.11172646284103394,0.9998811483383179
syco_bullshit_v2_fin_pnf_02,-C,False,42,1,0,True,True,-2.0,1.4432275295257568,1.443974494934082,0.0007469654083251953,0.02269558608531952,0.11930622160434723,0.9998766183853149
syco_bullshit_v2_fin_pnf_02,-C,False,43,1,0,True,True,-2.0,1.4432275295257568,1.4446327686309814,0.0014052391052246094,0.02386908046901226,0.12208522856235504,0.999863862991333
syco_bullshit_v2_fin_pnf_02,-C,False,44,1,0,True,True,-2.0,1.4432275295257568,1.4439561367034912,0.000728607177734375,0.022207345813512802,0.12125000357627869,0.9998818039894104
syco_bullshit_v2_fin_pnf_02,-C,False,45,1,0,True,True,-2.0,1.4432275295257568,1.443619728088379,0.0003921985626220703,0.021444588899612427,0.11152338981628418,0.9998896718025208
syco_bullshit_v2_fin_pnf_02,-C,False,46,1,0,True,True,-2.0,1.4432275295257568,1.4436060190200806,0.00037848949432373047,0.02132929489016533,0.1139516830444336,0.9998908042907715
syco_bullshit_v2_fin_pnf_02,-C,False,47,1,0,True,True,-2.0,1.4432275295257568,1.4426817893981934,0.0005457401275634766,0.02202848717570305,0.11457744240760803,0.9998835921287537
syco_bullshit_v2_fin_pnf_02,-C,False,48,1,0,True,True,-2.0,1.4432275295257568,1.4428974390029907,0.0003300905227661133,0.023233987390995026,0.12125647068023682,0.9998704791069031
syco_bullshit_v2_fin_pnf_02,-C,False,49,1,0,True,True,-2.0,1.4432275295257568,1.4433348178863525,0.00010728836059570312,0.02263612113893032,0.11657923460006714,0.9998769164085388
syco_bullshit_v2_fin_pnf_02,-C,False,50,1,0,True,True,-2.0,1.4432275295257568,1.4442065954208374,0.0009790658950805664,0.02305860072374344,0.12251779437065125,0.9998728036880493
syco_bullshit_v2_fin_pnf_02,-C,False,51,1,0,True,True,-2.0,1.4432275295257568,1.4429688453674316,0.0002586841583251953,0.0236517284065485,0.11742430925369263,0.9998656511306763
syco_bullshit_v2_fin_pnf_02,-C,False,52,1,0,True,True,-2.0,1.4432275295257568,1.4429773092269897,0.00025022029876708984,0.024887824431061745,0.11506648361682892,0.9998512864112854
syco_bullshit_v2_fin_pnf_02,-C,False,53,1,0,True,True,-2.0,1.4432275295257568,1.4433485269546509,0.00012099742889404297,0.02413627877831459,0.11691193282604218,0.9998601675033569
syco_bullshit_v2_fin_pnf_02,-C,False,54,1,0,True,True,-2.0,1.4432275295257568,1.4427677392959595,0.0004597902297973633,0.023167356848716736,0.12435528635978699,0.9998712539672852
syco_bullshit_v2_fin_pnf_02,-C,False,55,1,0,True,True,-2.0,1.4432275295257568,1.4430820941925049,0.00014543533325195312,0.019951986148953438,0.11636027693748474,0.999904453754425
syco_bullshit_v2_fin_pnf_02,-C,False,56,1,0,True,True,-2.0,1.4432275295257568,1.4430686235427856,0.0001589059829711914,0.021441979333758354,0.11728270351886749,0.9998896718025208
syco_bullshit_v2_fin_pnf_02,-C,False,57,1,0,True,True,-2.0,1.4432275295257568,1.443393349647522,0.00016582012176513672,0.021612878888845444,0.11608761548995972,0.9998879432678223
syco_bullshit_v2_fin_pnf_02,-C,False,58,1,0,True,True,-2.0,1.4432275295257568,1.444046974182129,0.0008194446563720703,0.021993184462189674,0.11158563196659088,0.9998841881752014
syco_bullshit_v2_fin_pnf_02,-C,False,59,1,0,True,True,-2.0,1.4432275295257568,1.4429932832717896,0.00023424625396728516,0.02431216835975647,0.12760353088378906,0.9998581409454346
syco_bullshit_v2_fin_pnf_02,-C,False,60,1,0,True,True,-2.0,1.4432275295257568,1.4431809186935425,4.661083221435547e-05,0.018611447885632515,0.11584281921386719,0.9999169111251831
syco_bullshit_v2_fin_pnf_02,-C,False,61,1,0,True,True,-2.0,1.4432275295257568,1.4432812929153442,5.3763389587402344e-05,0.021124303340911865,0.11437880992889404,0.9998928308486938
syco_bullshit_v2_fin_pnf_02,-C,False,62,1,0,True,True,-2.0,1.4432275295257568,1.4433019161224365,7.43865966796875e-05,0.021750081330537796,0.11465710401535034,0.9998865127563477
syco_bullshit_v2_fin_pnf_02,-C,False,63,1,0,True,True,-2.0,1.4432275295257568,1.4434512853622437,0.0002237558364868164,0.023307809606194496,0.12263934314250946,0.9998695850372314
syco_bullshit_v2_fin_pnf_02,-C,False,64,1,0,True,True,-2.0,1.4432275295257568,1.4418085813522339,0.0014189481735229492,0.020809685811400414,0.1209036260843277,0.9998965263366699
syco_bullshit_v2_fin_pnf_02,-C,False,65,1,0,True,True,-2.0,1.4432275295257568,1.443634271621704,0.0004067420959472656,0.023437287658452988,0.11766009032726288,0.9998682737350464
syco_bullshit_v2_fin_pnf_02,-C,False,66,1,0,True,True,-2.0,1.4432275295257568,1.4434245824813843,0.0001970529556274414,0.01962091773748398,0.11064551770687103,0.9999076128005981
syco_bullshit_v2_fin_pnf_02,-C,False,67,1,0,True,True,-2.0,1.4432275295257568,1.4440021514892578,0.0007746219635009766,0.024429548531770706,0.12039212882518768,0.9998570680618286
syco_bullshit_v2_fin_pnf_02,-C,False,68,1,0,True,True,-2.0,1.4432275295257568,1.4433492422103882,0.00012171268463134766,0.023614704608917236,0.12260706722736359,0.999866247177124
syco_bullshit_v2_fin_pnf_02,-C,False,69,1,0,True,True,-2.0,1.4432275295257568,1.4435008764266968,0.0002733469009399414,0.022256705909967422,0.11977425217628479,0.9998811483383179
syco_bullshit_v2_fin_pnf_02,-C,False,70,1,0,True,True,-2.0,1.4432275295257568,1.4421751499176025,0.0010523796081542969,0.024603812023997307,0.11785426735877991,0.9998548626899719
syco_bullshit_v2_fin_pnf_02,-C,False,71,1,0,True,True,-2.0,1.4432275295257568,1.4437968730926514,0.0005693435668945312,0.023122383281588554,0.11213874816894531,0.9998717904090881
syco_bullshit_v2_fin_pnf_02,-C,False,72,1,0,True,True,-2.0,1.4432275295257568,1.4440512657165527,0.0008237361907958984,0.022188078612089157,0.11875230073928833,0.9998821020126343
syco_bullshit_v2_fin_pnf_02,-C,False,73,1,0,True,True,-2.0,1.4432275295257568,1.4441088438034058,0.0008813142776489258,0.020943988114595413,0.11156128346920013,0.9998949766159058
syco_bullshit_v2_fin_pnf_02,-C,False,74,1,0,True,True,-2.0,1.4432275295257568,1.4431486129760742,7.891654968261719e-05,0.02065132185816765,0.10865800082683563,0.9998977184295654
syco_bullshit_v2_fin_pnf_02,-C,False,75,1,0,True,True,-2.0,1.4432275295257568,1.4429762363433838,0.0002512931823730469,0.02086164429783821,0.10524927079677582,0.9998955726623535
syco_bullshit_v2_fin_pnf_02,-C,False,76,1,0,True,True,-2.0,1.4432275295257568,1.4424806833267212,0.0007468461990356445,0.022836623713374138,0.12011656165122986,0.9998748898506165
syco_bullshit_v2_fin_pnf_02,-C,False,77,1,0,True,True,-2.0,1.4432275295257568,1.444060206413269,0.000832676887512207,0.020693672820925713,0.11698406934738159,0.9998974204063416
syco_bullshit_v2_fin_pnf_02,-C,False,78,1,0,True,True,-2.0,1.4432275295257568,1.4439361095428467,0.0007085800170898438,0.02176138013601303,0.11521069705486298,0.9998866319656372
syco_bullshit_v2_fin_pnf_02,-C,False,79,1,0,True,True,-2.0,1.4432275295257568,1.4424411058425903,0.0007864236831665039,0.023061279207468033,0.11893121898174286,0.9998724460601807
syco_bullshit_v2_fin_pnf_02,-C,False,80,1,0,True,True,-2.0,1.4432275295257568,1.4435902833938599,0.00036275386810302734,0.022643625736236572,0.11591120064258575,0.9998770356178284
syco_bullshit_v2_fin_pnf_02,-C,False,81,1,0,True,True,-2.0,1.4432275295257568,1.4431401491165161,8.738040924072266e-05,0.02151154726743698,0.11338457465171814,0.9998888969421387
syco_bullshit_v2_fin_pnf_02,-C,False,82,1,0,True,True,-2.0,1.4432275295257568,1.4426703453063965,0.0005571842193603516,0.023058896884322166,0.11707508563995361,0.9998724460601807
syco_bullshit_v2_fin_pnf_02,-C,False,83,1,0,True,True,-2.0,1.4432275295257568,1.4436721801757812,0.00044465065002441406,0.02294648252427578,0.11761100590229034,0.9998737573623657
syco_bullshit_v2_fin_pnf_02,-C,False,84,1,0,True,True,-2.0,1.4432275295257568,1.4430954456329346,0.00013208389282226562,0.020146122202277184,0.11229221522808075,0.999902606010437
syco_bullshit_v2_fin_pnf_02,-C,False,85,1,0,True,True,-2.0,1.4432275295257568,1.4429465532302856,0.0002809762954711914,0.014632089994847775,0.09020853042602539,0.9999486207962036
syco_bullshit_v2_fin_pnf_02,-C,False,86,1,0,True,True,-2.0,1.4432275295257568,1.442044734954834,0.0011827945709228516,0.01882905699312687,0.09987583756446838,0.9999151229858398
syco_bullshit_v2_phys_pnf_01,+C,False,0,73,72,True,True,2.0,1.4432275295257568,1.4434640407562256,0.00023651123046875,0.019112451002001762,0.10695664584636688,0.9999122619628906
syco_bullshit_v2_phys_pnf_01,+C,False,1,1,0,True,True,2.0,1.4432275295257568,1.4432984590530396,7.092952728271484e-05,0.02083391323685646,0.10961683094501495,0.9998958110809326
syco_bullshit_v2_phys_pnf_01,+C,False,2,1,0,True,True,2.0,1.4432275295257568,1.4427160024642944,0.0005115270614624023,0.021886685863137245,0.1106567233800888,0.9998851418495178
syco_bullshit_v2_phys_pnf_01,+C,False,3,1,0,True,True,2.0,1.4432275295257568,1.4422532320022583,0.0009742975234985352,0.021168353036046028,0.11138966679573059,0.9998926520347595
syco_bullshit_v2_phys_pnf_01,+C,False,4,1,0,True,True,2.0,1.4432275295257568,1.4430738687515259,0.00015366077423095703,0.018520187586545944,0.10265785455703735,0.9999176859855652
syco_bullshit_v2_phys_pnf_01,+C,False,5,1,0,True,True,2.0,1.4432275295257568,1.4424575567245483,0.0007699728012084961,0.020918384194374084,0.1090344488620758,0.9998950958251953
syco_bullshit_v2_phys_pnf_01,+C,False,6,1,0,True,True,2.0,1.4432275295257568,1.4433465003967285,0.00011897087097167969,0.02268214337527752,0.11732596158981323,0.9998764991760254
syco_bullshit_v2_phys_pnf_01,+C,False,7,1,0,True,True,2.0,1.4432275295257568,1.4429996013641357,0.00022792816162109375,0.02118019014596939,0.11973458528518677,0.9998923540115356
syco_bullshit_v2_phys_pnf_01,+C,False,8,1,0,True,True,2.0,1.4432275295257568,1.4434829950332642,0.0002554655075073242,0.02117377519607544,0.11796168982982635,0.9998924136161804
syco_bullshit_v2_phys_pnf_01,+C,False,9,1,0,True,True,2.0,1.4432275295257568,1.443613886833191,0.00038635730743408203,0.020331131294369698,0.11198899149894714,0.9999008774757385
syco_bullshit_v2_phys_pnf_01,+C,False,10,1,0,True,True,2.0,1.4432275295257568,1.4434291124343872,0.0002015829086303711,0.020348718389868736,0.10680845379829407,0.999900758266449
syco_bullshit_v2_phys_pnf_01,+C,False,11,1,0,True,True,2.0,1.4432275295257568,1.4427253007888794,0.0005022287368774414,0.019640052691102028,0.10217863321304321,0.9999074935913086
syco_bullshit_v2_phys_pnf_01,+C,False,12,1,0,True,True,2.0,1.4432275295257568,1.4431037902832031,0.00012373924255371094,0.022356096655130386,0.11378242075443268,0.9998800754547119
syco_bullshit_v2_phys_pnf_01,+C,False,13,1,0,True,True,2.0,1.4432275295257568,1.4433180093765259,9.047985076904297e-05,0.02344486303627491,0.11751435697078705,0.9998680353164673
syco_bullshit_v2_phys_pnf_01,+C,False,14,1,0,True,True,2.0,1.4432275295257568,1.4436135292053223,0.0003859996795654297,0.022565515711903572,0.11612394452095032,0.9998778104782104
syco_bullshit_v2_phys_pnf_01,+C,False,15,1,0,True,True,2.0,1.4432275295257568,1.4437334537506104,0.0005059242248535156,0.02051403746008873,0.1076616644859314,0.9998990297317505
syco_bullshit_v2_phys_pnf_01,+C,False,16,1,0,True,True,2.0,1.4432275295257568,1.4426441192626953,0.0005834102630615234,0.019056688994169235,0.0994567722082138,0.9999129176139832
syco_bullshit_v2_phys_pnf_01,+C,False,17,1,0,True,True,2.0,1.4432275295257568,1.4429762363433838,0.0002512931823730469,0.021124662831425667,0.10752850770950317,0.9998928308486938
syco_bullshit_v2_phys_pnf_01,+C,False,18,1,0,True,True,2.0,1.4432275295257568,1.4427803754806519,0.00044715404510498047,0.021798864006996155,0.11052240431308746,0.9998859167098999
syco_bullshit_v2_phys_pnf_01,+C,False,19,1,0,True,True,2.0,1.4432275295257568,1.4430404901504517,0.00018703937530517578,0.020100729539990425,0.10672332346439362,0.9999030232429504
syco_bullshit_v2_phys_pnf_01,+C,False,20,1,0,True,True,2.0,1.4432275295257568,1.4434705972671509,0.00024306774139404297,0.021193208172917366,0.11146280169487,0.9998922944068909
syco_bullshit_v2_phys_pnf_01,+C,False,21,1,0,True,True,2.0,1.4432275295257568,1.443400502204895,0.0001729726791381836,0.021890630945563316,0.11439071595668793,0.9998849630355835
syco_bullshit_v2_phys_pnf_01,+C,False,22,1,0,True,True,2.0,1.4432275295257568,1.4435230493545532,0.0002955198287963867,0.022966492921113968,0.11764870584011078,0.9998733997344971
syco_bullshit_v2_phys_pnf_01,+C,False,23,1,0,True,True,2.0,1.4432275295257568,1.4429478645324707,0.0002796649932861328,0.022811859846115112,0.11833462119102478,0.9998751282691956
syco_bullshit_v2_phys_pnf_01,+C,False,24,1,0,True,True,2.0,1.4432275295257568,1.4433097839355469,8.225440979003906e-05,0.02146296575665474,0.1111367791891098,0.9998895525932312
syco_bullshit_v2_phys_pnf_01,+C,False,25,1,0,True,True,2.0,1.4432275295257568,1.4434261322021484,0.00019860267639160156,0.019866006448864937,0.10801523923873901,0.9999053478240967
syco_bullshit_v2_phys_pnf_01,+C,False,26,1,0,True,True,2.0,1.4432275295257568,1.4430828094482422,0.00014472007751464844,0.020932763814926147,0.11049330234527588,0.9998948574066162
syco_bullshit_v2_phys_pnf_01,+C,False,27,1,0,True,True,2.0,1.4432275295257568,1.44265615940094,0.0005713701248168945,0.019774843007326126,0.10214506089687347,0.9999061822891235
syco_bullshit_v2_phys_pnf_01,+C,False,28,1,0,True,True,2.0,1.4432275295257568,1.4435666799545288,0.00033915042877197266,0.017957143485546112,0.09777788817882538,0.9999226331710815
syco_bullshit_v2_phys_pnf_01,+C,False,29,1,0,True,True,2.0,1.4432275295257568,1.4436273574829102,0.0003998279571533203,0.019469501450657845,0.10633186995983124,0.9999090433120728
syco_bullshit_v2_phys_pnf_01,+C,False,30,1,0,True,True,2.0,1.4432275295257568,1.443595290184021,0.00036776065826416016,0.018034828826785088,0.10757908225059509,0.999921977519989
syco_bullshit_v2_phys_pnf_01,+C,False,31,1,0,True,True,2.0,1.4432275295257568,1.4433549642562866,0.00012743473052978516,0.01798444613814354,0.09937307238578796,0.9999223947525024
syco_bullshit_v2_phys_pnf_01,+C,False,32,1,0,True,True,2.0,1.4432275295257568,1.4437575340270996,0.0005300045013427734,0.019731556996703148,0.10882420837879181,0.9999067187309265
syco_bullshit_v2_phys_pnf_01,+C,False,33,1,0,True,True,2.0,1.4432275295257568,1.4431216716766357,0.00010585784912109375,0.02161838673055172,0.11483113467693329,0.9998878240585327
syco_bullshit_v2_phys_pnf_01,+C,False,34,1,0,True,True,2.0,1.4432275295257568,1.4434690475463867,0.0002415180206298828,0.01992182619869709,0.10824382305145264,0.9999048709869385
syco_bullshit_v2_phys_pnf_01,+C,False,35,1,0,True,True,2.0,1.4432275295257568,1.4432382583618164,1.0728836059570312e-05,0.01956085115671158,0.10626879334449768,0.9999082088470459
syco_bullshit_v2_phys_pnf_01,+C,False,36,1,0,True,True,2.0,1.4432275295257568,1.442989706993103,0.0002378225326538086,0.02103329449892044,0.10651053488254547,0.9998937845230103
syco_bullshit_v2_phys_pnf_01,+C,False,37,1,0,True,True,2.0,1.4432275295257568,1.443389892578125,0.00016236305236816406,0.020527983084321022,0.11354829370975494,0.9998988509178162
syco_bullshit_v2_phys_pnf_01,+C,False,38,1,0,True,True,2.0,1.4432275295257568,1.442400574684143,0.0008269548416137695,0.020534692332148552,0.11928699910640717,0.9998989701271057
syco_bullshit_v2_phys_pnf_01,+C,False,39,1,0,True,True,2.0,1.4432275295257568,1.442873477935791,0.0003540515899658203,0.020394710823893547,0.11022552847862244,0.9999001622200012
syco_bullshit_v2_phys_pnf_01,+C,False,40,1,0,True,True,2.0,1.4432275295257568,1.4432027339935303,2.47955322265625e-05,0.020057428628206253,0.1067005842924118,0.9999034404754639
syco_bullshit_v2_phys_pnf_01,+C,False,41,1,0,True,True,2.0,1.4432275295257568,1.4432215690612793,5.9604644775390625e-06,0.02342218905687332,0.119052454829216,0.9998683333396912
syco_bullshit_v2_phys_pnf_01,+C,False,42,1,0,True,True,2.0,1.4432275295257568,1.4436317682266235,0.0004042387008666992,0.021215341985225677,0.12136583030223846,0.9998921155929565
syco_bullshit_v2_phys_pnf_01,+C,False,43,1,0,True,True,2.0,1.4432275295257568,1.4428095817565918,0.00041794776916503906,0.021775590255856514,0.11025165021419525,0.9998862147331238
syco_bullshit_v2_phys_pnf_01,+C,False,44,1,0,True,True,2.0,1.4432275295257568,1.4427125453948975,0.000514984130859375,0.021143097430467606,0.10889700055122375,0.9998927116394043
syco_bullshit_v2_phys_pnf_01,+C,False,45,1,0,True,True,2.0,1.4432275295257568,1.443511724472046,0.0002841949462890625,0.02019084058701992,0.10671672224998474,0.9999021887779236
syco_bullshit_v2_phys_pnf_01,+C,False,46,1,0,True,True,2.0,1.4432275295257568,1.4436551332473755,0.00042760372161865234,0.01895354501903057,0.10595178604125977,0.9999138116836548
syco_bullshit_v2_phys_pnf_01,+C,False,47,1,0,True,True,2.0,1.4432275295257568,1.442810297012329,0.0004172325134277344,0.022436829283833504,0.11551572382450104,0.9998791217803955
syco_bullshit_v2_phys_pnf_01,+C,False,48,1,0,True,True,2.0,1.4432275295257568,1.4429024457931519,0.00032508373260498047,0.022868890315294266,0.10976916551589966,0.999874472618103
syco_bullshit_v2_phys_pnf_01,+C,False,49,1,0,True,True,2.0,1.4432275295257568,1.4432318210601807,4.291534423828125e-06,0.021771172061562538,0.11459431052207947,0.9998862743377686
syco_bullshit_v2_phys_pnf_01,+C,False,50,1,0,True,True,2.0,1.4432275295257568,1.4430994987487793,0.00012803077697753906,0.02286025509238243,0.1196737289428711,0.9998745918273926
syco_bullshit_v2_phys_pnf_01,+C,False,51,1,0,True,True,2.0,1.4432275295257568,1.4437103271484375,0.00048279762268066406,0.021545834839344025,0.11168617010116577,0.9998886585235596
syco_bullshit_v2_phys_pnf_01,+C,False,52,1,0,True,True,2.0,1.4432275295257568,1.4427449703216553,0.0004825592041015625,0.01851293444633484,0.1026412695646286,0.99991774559021
syco_bullshit_v2_phys_pnf_01,+C,False,53,1,0,True,True,2.0,1.4432275295257568,1.4431235790252686,0.00010395050048828125,0.0221332348883152,0.11564309895038605,0.9998824000358582
syco_bullshit_v2_phys_pnf_01,+C,False,54,1,0,True,True,2.0,1.4432275295257568,1.4439983367919922,0.0007708072662353516,0.022758999839425087,0.10940070450305939,0.9998758435249329
syco_bullshit_v2_phys_pnf_01,+C,False,55,1,0,True,True,2.0,1.4432275295257568,1.4437435865402222,0.000516057014465332,0.017718425020575523,0.11003164947032928,0.9999247789382935
syco_bullshit_v2_phys_pnf_01,+C,False,56,1,0,True,True,2.0,1.4432275295257568,1.4438642263412476,0.0006366968154907227,0.02231847308576107,0.12022605538368225,0.9998806118965149
syco_bullshit_v2_phys_pnf_01,+C,False,57,1,0,True,True,2.0,1.4432275295257568,1.4436036348342896,0.00037610530853271484,0.022013749927282333,0.11263258755207062,0.999883770942688
syco_bullshit_v2_phys_pnf_01,+C,False,58,1,0,True,True,2.0,1.4432275295257568,1.442824363708496,0.0004031658172607422,0.018157200887799263,0.10293971002101898,0.9999209642410278
syco_bullshit_v2_phys_pnf_01,+C,False,59,1,0,True,True,2.0,1.4432275295257568,1.4434770345687866,0.00024950504302978516,0.021524596959352493,0.11054365336894989,0.9998888969421387
syco_bullshit_v2_phys_pnf_01,+C,False,60,1,0,True,True,2.0,1.4432275295257568,1.4430500268936157,0.00017750263214111328,0.022615239024162292,0.1130979061126709,0.9998772144317627
syco_bullshit_v2_phys_pnf_01,+C,False,61,1,0,True,True,2.0,1.4432275295257568,1.4433531761169434,0.00012564659118652344,0.021671636030077934,0.11495347321033478,0.9998872876167297
syco_bullshit_v2_phys_pnf_01,+C,False,62,1,0,True,True,2.0,1.4432275295257568,1.4433798789978027,0.00015234947204589844,0.02147582173347473,0.11037325859069824,0.9998893737792969
syco_bullshit_v2_phys_pnf_01,+C,False,63,1,0,True,True,2.0,1.4432275295257568,1.443673014640808,0.00044548511505126953,0.01928067021071911,0.10652974247932434,0.9999108910560608
syco_bullshit_v2_phys_pnf_01,+C,False,64,1,0,True,True,2.0,1.4432275295257568,1.4431867599487305,4.076957702636719e-05,0.01852536015212536,0.1058531254529953,0.9999176859855652
syco_bullshit_v2_phys_pnf_01,+C,False,65,1,0,True,True,2.0,1.4432275295257568,1.4432779550552368,5.042552947998047e-05,0.019826199859380722,0.10691946744918823,0.9999056458473206
syco_bullshit_v2_phys_pnf_01,+C,False,66,1,0,True,True,2.0,1.4432275295257568,1.4432936906814575,6.61611557006836e-05,0.021845998242497444,0.11709356307983398,0.9998854994773865
syco_bullshit_v2_phys_pnf_01,+C,False,67,1,0,True,True,2.0,1.4432275295257568,1.4422730207443237,0.0009545087814331055,0.020191926509141922,0.11379639804363251,0.9999023675918579
syco_bullshit_v2_phys_pnf_01,+C,False,68,1,0,True,True,2.0,1.4432275295257568,1.4430344104766846,0.00019311904907226562,0.019341561943292618,0.10757499933242798,0.999910295009613
syco_bullshit_v2_phys_pnf_01,+C,False,69,1,0,True,True,2.0,1.4432275295257568,1.4435365200042725,0.000308990478515625,0.02294952981173992,0.11994817852973938,0.9998736381530762
syco_bullshit_v2_phys_pnf_01,+C,False,70,1,0,True,True,2.0,1.4432275295257568,1.4430183172225952,0.0002092123031616211,0.01978951320052147,0.11226335167884827,0.999906063079834
syco_bullshit_v2_phys_pnf_01,+C,False,71,1,0,True,True,2.0,1.4432275295257568,1.4439136981964111,0.0006861686706542969,0.02037150040268898,0.11212530732154846,0.9999005794525146
syco_bullshit_v2_phys_pnf_01,+C,False,72,1,0,True,True,2.0,1.4432275295257568,1.4440478086471558,0.0008202791213989258,0.021823380142450333,0.11918643116950989,0.9998859167098999
syco_bullshit_v2_phys_pnf_01,+C,False,73,1,0,True,True,2.0,1.4432275295257568,1.4431335926055908,9.393692016601562e-05,0.01984798163175583,0.11340223252773285,0.9999054074287415
syco_bullshit_v2_phys_pnf_01,+C,False,74,1,0,True,True,2.0,1.4432275295257568,1.4431562423706055,7.128715515136719e-05,0.01876288838684559,0.1039266437292099,0.999915599822998
syco_bullshit_v2_phys_pnf_01,+C,False,75,1,0,True,True,2.0,1.4432275295257568,1.4427745342254639,0.00045299530029296875,0.02231367491185665,0.11140556633472443,0.9998804330825806
syco_bullshit_v2_phys_pnf_01,+C,False,76,1,0,True,True,2.0,1.4432275295257568,1.442389965057373,0.0008375644683837891,0.022378021851181984,0.11505642533302307,0.9998798966407776
syco_bullshit_v2_phys_pnf_01,+C,False,77,1,0,True,True,2.0,1.4432275295257568,1.444419503211975,0.0011919736862182617,0.021180124953389168,0.11288626492023468,0.9998928904533386
syco_bullshit_v2_phys_pnf_01,+C,False,78,1,0,True,True,2.0,1.4432275295257568,1.443302869796753,7.534027099609375e-05,0.02136233076453209,0.11179289221763611,0.9998904466629028
syco_bullshit_v2_phys_pnf_01,+C,False,79,1,0,True,True,2.0,1.4432275295257568,1.4431511163711548,7.641315460205078e-05,0.021873313933610916,0.1137259304523468,0.9998852014541626
syco_bullshit_v2_phys_pnf_01,+C,False,80,1,0,True,True,2.0,1.4432275295257568,1.4428348541259766,0.00039267539978027344,0.019855370745062828,0.1079106330871582,0.9999053478240967
syco_bullshit_v2_phys_pnf_01,+C,False,81,1,0,True,True,2.0,1.4432275295257568,1.4433038234710693,7.62939453125e-05,0.022410472854971886,0.1153726577758789,0.9998794794082642
syco_bullshit_v2_phys_pnf_01,+C,False,82,1,0,True,True,2.0,1.4432275295257568,1.4440501928329468,0.0008226633071899414,0.023714538663625717,0.12041419744491577,0.9998652935028076
syco_bullshit_v2_phys_pnf_01,+C,False,83,1,0,True,True,2.0,1.4432275295257568,1.4425522089004517,0.0006753206253051758,0.0207737497985363,0.11799786984920502,0.9998964667320251
syco_bullshit_v2_phys_pnf_01,+C,False,84,1,0,True,True,2.0,1.4432275295257568,1.4432379007339478,1.0371208190917969e-05,0.014879784546792507,0.09011586010456085,0.9999468326568604
syco_bullshit_v2_phys_pnf_01,+C,False,85,1,0,True,True,2.0,1.4432275295257568,1.4433636665344238,0.0001361370086669922,0.01742365211248398,0.09755177795886993,0.9999271631240845
syco_bullshit_v2_phys_pnf_01,-C,False,0,73,72,True,True,-2.0,1.4432275295257568,1.4427363872528076,0.0004911422729492188,0.01890062354505062,0.10695664584636688,0.999914288520813
syco_bullshit_v2_phys_pnf_01,-C,False,1,1,0,True,True,-2.0,1.4432275295257568,1.4438368082046509,0.000609278678894043,0.02081756852567196,0.10961683094501495,0.9998961687088013
syco_bullshit_v2_phys_pnf_01,-C,False,2,1,0,True,True,-2.0,1.4432275295257568,1.44345223903656,0.00022470951080322266,0.021734461188316345,0.1106567233800888,0.9998866319656372
syco_bullshit_v2_phys_pnf_01,-C,False,3,1,0,True,True,-2.0,1.4432275295257568,1.4430137872695923,0.00021374225616455078,0.021573219448328018,0.11138966679573059,0.9998883008956909
syco_bullshit_v2_phys_pnf_01,-C,False,4,1,0,True,True,-2.0,1.4432275295257568,1.4441206455230713,0.0008931159973144531,0.018819859251379967,0.10265785455703735,0.999915361404419
syco_bullshit_v2_phys_pnf_01,-C,False,5,1,0,True,True,-2.0,1.4432275295257568,1.4423741102218628,0.000853419303894043,0.021072402596473694,0.1090344488620758,0.9998935461044312
syco_bullshit_v2_phys_pnf_01,-C,False,6,1,0,True,True,-2.0,1.4432275295257568,1.4426803588867188,0.0005471706390380859,0.023047728464007378,0.11732596158981323,0.9998725652694702
syco_bullshit_v2_phys_pnf_01,-C,False,7,1,0,True,True,-2.0,1.4432275295257568,1.4432387351989746,1.1205673217773438e-05,0.021502697840332985,0.11973458528518677,0.999889075756073
syco_bullshit_v2_phys_pnf_01,-C,False,8,1,0,True,True,-2.0,1.4432275295257568,1.4430276155471802,0.00019991397857666016,0.021929653361439705,0.11796168982982635,0.9998846054077148
syco_bullshit_v2_phys_pnf_01,-C,False,9,1,0,True,True,-2.0,1.4432275295257568,1.4431718587875366,5.5670738220214844e-05,0.020340099930763245,0.11198899149894714,0.999900758266449
syco_bullshit_v2_phys_pnf_01,-C,False,10,1,0,True,True,-2.0,1.4432275295257568,1.4430224895477295,0.00020503997802734375,0.02156447246670723,0.10799665749073029,0.9998883605003357
syco_bullshit_v2_phys_pnf_01,-C,False,11,1,0,True,True,-2.0,1.4432275295257568,1.4431636333465576,6.389617919921875e-05,0.019823240116238594,0.10437537729740143,0.9999056458473206
syco_bullshit_v2_phys_pnf_01,-C,False,12,1,0,True,True,-2.0,1.4432275295257568,1.4426902532577515,0.0005372762680053711,0.022609516978263855,0.1143055260181427,0.9998773336410522
syco_bullshit_v2_phys_pnf_01,-C,False,13,1,0,True,True,-2.0,1.4432275295257568,1.4431629180908203,6.461143493652344e-05,0.023086821660399437,0.11675073206424713,0.999872088432312
syco_bullshit_v2_phys_pnf_01,-C,False,14,1,0,True,True,-2.0,1.4432275295257568,1.4436414241790771,0.0004138946533203125,0.019678503274917603,0.10035914182662964,0.9999071359634399
syco_bullshit_v2_phys_pnf_01,-C,False,15,1,0,True,True,-2.0,1.4432275295257568,1.4434635639190674,0.00023603439331054688,0.021530497819185257,0.1152789443731308,0.9998888373374939
syco_bullshit_v2_phys_pnf_01,-C,False,16,1,0,True,True,-2.0,1.4432275295257568,1.4428802728652954,0.0003472566604614258,0.022285275161266327,0.11460107564926147,0.9998807907104492
syco_bullshit_v2_phys_pnf_01,-C,False,17,1,0,True,True,-2.0,1.4432275295257568,1.4434195756912231,0.0001920461654663086,0.02245326340198517,0.11477234959602356,0.9998790621757507
syco_bullshit_v2_phys_pnf_01,-C,False,18,1,0,True,True,-2.0,1.4432275295257568,1.4432885646820068,6.103515625e-05,0.02016456052660942,0.10646283626556396,0.9999023675918579
syco_bullshit_v2_phys_pnf_01,-C,False,19,1,0,True,True,-2.0,1.4432275295257568,1.4429227113723755,0.00030481815338134766,0.022151032462716103,0.11108070611953735,0.9998822212219238
syco_bullshit_v2_phys_pnf_01,-C,False,20,1,0,True,True,-2.0,1.4432275295257568,1.4425640106201172,0.0006635189056396484,0.022857993841171265,0.11544084548950195,0.9998746514320374
syco_bullshit_v2_phys_pnf_01,-C,False,21,1,0,True,True,-2.0,1.4432275295257568,1.4429783821105957,0.0002491474151611328,0.018584737554192543,0.09533771872520447,0.9999171495437622
syco_bullshit_v2_phys_pnf_01,-C,False,22,1,0,True,True,-2.0,1.4432275295257568,1.443392276763916,0.0001647472381591797,0.019488368183374405,0.10611376166343689,0.9999088048934937
syco_bullshit_v2_phys_pnf_01,-C,False,23,1,0,True,True,-2.0,1.4432275295257568,1.4426636695861816,0.0005638599395751953,0.023226866498589516,0.11387899518013,0.9998705387115479
syco_bullshit_v2_phys_pnf_01,-C,False,24,1,0,True,True,-2.0,1.4432275295257568,1.443229079246521,1.5497207641601562e-06,0.02254658378660679,0.1149575263261795,0.9998779892921448
syco_bullshit_v2_phys_pnf_01,-C,False,25,1,0,True,True,-2.0,1.4432275295257568,1.4439725875854492,0.0007450580596923828,0.022657467052340508,0.11503052711486816,0.9998769760131836
syco_bullshit_v2_phys_pnf_01,-C,False,26,1,0,True,True,-2.0,1.4432275295257568,1.442980170249939,0.0002473592758178711,0.02020319551229477,0.11070317029953003,0.999902069568634
syco_bullshit_v2_phys_pnf_01,-C,False,27,1,0,True,True,-2.0,1.4432275295257568,1.4428273439407349,0.00040018558502197266,0.021405700594186783,0.11133372783660889,0.9998900294303894
syco_bullshit_v2_phys_pnf_01,-C,False,28,1,0,True,True,-2.0,1.4432275295257568,1.4429435729980469,0.00028395652770996094,0.021718837320804596,0.11206629872322083,0.9998868107795715
syco_bullshit_v2_phys_pnf_01,-C,False,29,1,0,True,True,-2.0,1.4432275295257568,1.4427134990692139,0.0005140304565429688,0.021951215341687202,0.10889376699924469,0.9998843669891357
syco_bullshit_v2_phys_pnf_01,-C,False,30,1,0,True,True,-2.0,1.4432275295257568,1.4430686235427856,0.0001589059829711914,0.02077372930943966,0.11082825064659119,0.9998964667320251
syco_bullshit_v2_phys_pnf_01,-C,False,31,1,0,True,True,-2.0,1.4432275295257568,1.4426807165145874,0.0005468130111694336,0.021339690312743187,0.11042895913124084,0.9998908042907715
syco_bullshit_v2_phys_pnf_01,-C,False,32,1,0,True,True,-2.0,1.4432275295257568,1.4424155950546265,0.0008119344711303711,0.0221414677798748,0.11591146886348724,0.9998823404312134
syco_bullshit_v2_phys_pnf_01,-C,False,33,1,0,True,True,-2.0,1.4432275295257568,1.4429945945739746,0.00023293495178222656,0.022967984899878502,0.11473578214645386,0.9998733997344971
syco_bullshit_v2_phys_pnf_01,-C,False,34,1,0,True,True,-2.0,1.4432275295257568,1.4439568519592285,0.0007293224334716797,0.022405078634619713,0.11657452583312988,0.9998797178268433
syco_bullshit_v2_phys_pnf_01,-C,False,35,1,0,True,True,-2.0,1.4432275295257568,1.4429746866226196,0.00025284290313720703,0.02275574952363968,0.11466279625892639,0.9998756647109985
syco_bullshit_v2_phys_pnf_01,-C,False,36,1,0,True,True,-2.0,1.4432275295257568,1.443068265914917,0.00015926361083984375,0.020801134407520294,0.10719159245491028,0.9998961687088013
syco_bullshit_v2_phys_pnf_01,-C,False,37,1,0,True,True,-2.0,1.4432275295257568,1.4434566497802734,0.00022912025451660156,0.017854146659374237,0.1006261557340622,0.999923586845398
syco_bullshit_v2_phys_pnf_01,-C,False,38,1,0,True,True,-2.0,1.4432275295257568,1.4429625272750854,0.0002650022506713867,0.02084907703101635,0.11208249628543854,0.9998956918716431
syco_bullshit_v2_phys_pnf_01,-C,False,39,1,0,True,True,-2.0,1.4432275295257568,1.4426765441894531,0.0005509853363037109,0.019337397068738937,0.10624644160270691,0.999910295009613
syco_bullshit_v2_phys_pnf_01,-C,False,40,1,0,True,True,-2.0,1.4432275295257568,1.443010687828064,0.0002168416976928711,0.018095888197422028,0.09779661893844604,0.999921441078186
syco_bullshit_v2_phys_pnf_01,-C,False,41,1,0,True,True,-2.0,1.4432275295257568,1.4435070753097534,0.00027954578399658203,0.01817774772644043,0.09653700888156891,0.9999207854270935
syco_bullshit_v2_phys_pnf_01,-C,False,42,1,0,True,True,-2.0,1.4432275295257568,1.443663239479065,0.00043570995330810547,0.01766362600028515,0.10971337556838989,0.9999251961708069
syco_bullshit_v2_phys_pnf_01,-C,False,43,1,0,True,True,-2.0,1.4432275295257568,1.4437905550003052,0.0005630254745483398,0.022205375134944916,0.11546356976032257,0.9998818039894104
syco_bullshit_v2_phys_pnf_01,-C,False,44,1,0,True,True,-2.0,1.4432275295257568,1.4439233541488647,0.0006958246231079102,0.01972436159849167,0.10689325630664825,0.9999068379402161
syco_bullshit_v2_phys_pnf_01,-C,False,45,1,0,True,True,-2.0,1.4432275295257568,1.4435479640960693,0.0003204345703125,0.019435331225395203,0.11601138114929199,0.9999094009399414
syco_bullshit_v2_phys_pnf_01,-C,False,46,1,0,True,True,-2.0,1.4432275295257568,1.4439289569854736,0.0007014274597167969,0.01991749368607998,0.11430415511131287,0.9999050498008728
syco_bullshit_v2_phys_pnf_01,-C,False,47,1,0,True,True,-2.0,1.4432275295257568,1.4441999197006226,0.0009723901748657227,0.021608790382742882,0.11370986700057983,0.9998882412910461
syco_bullshit_v2_phys_pnf_01,-C,False,48,1,0,True,True,-2.0,1.4432275295257568,1.4438306093215942,0.0006030797958374023,0.018388018012046814,0.1030411571264267,0.9999188780784607
syco_bullshit_v2_phys_pnf_01,-C,False,49,1,0,True,True,-2.0,1.4432275295257568,1.4431120157241821,0.00011551380157470703,0.022244378924369812,0.11635753512382507,0.9998812675476074
syco_bullshit_v2_phys_pnf_01,-C,False,50,1,0,True,True,-2.0,1.4432275295257568,1.4438098669052124,0.0005823373794555664,0.022254157811403275,0.11053073406219482,0.9998812675476074
syco_bullshit_v2_phys_pnf_01,-C,False,51,1,0,True,True,-2.0,1.4432275295257568,1.4438296556472778,0.0006021261215209961,0.02180619165301323,0.10819739103317261,0.9998860359191895
syco_bullshit_v2_phys_pnf_01,-C,False,52,1,0,True,True,-2.0,1.4432275295257568,1.44290292263031,0.00032460689544677734,0.02044820785522461,0.1061638742685318,0.9998996257781982
syco_bullshit_v2_phys_pnf_01,-C,False,53,1,0,True,True,-2.0,1.4432275295257568,1.4425456523895264,0.0006818771362304688,0.022325344383716583,0.11132559180259705,0.9998804330825806
syco_bullshit_v2_phys_pnf_01,-C,False,54,1,0,True,True,-2.0,1.4432275295257568,1.4426345825195312,0.0005929470062255859,0.021752335131168365,0.10971105098724365,0.9998864531517029
syco_bullshit_v2_phys_pnf_01,-C,False,55,1,0,True,True,-2.0,1.4432275295257568,1.442671537399292,0.0005559921264648438,0.02050192840397358,0.10580094158649445,0.99989914894104
syco_bullshit_v2_phys_pnf_01,-C,False,56,1,0,True,True,-2.0,1.4432275295257568,1.4425572156906128,0.000670313835144043,0.022241029888391495,0.12166726589202881,0.999881386756897
syco_bullshit_v2_phys_pnf_01,-C,False,57,1,0,True,True,-2.0,1.4432275295257568,1.4434458017349243,0.00021827220916748047,0.021848930045962334,0.11691685020923615,0.9998854398727417
syco_bullshit_v2_phys_pnf_01,-C,False,58,1,0,True,True,-2.0,1.4432275295257568,1.4430755376815796,0.0001519918441772461,0.020239967852830887,0.10666236281394958,0.9999017119407654
syco_bullshit_v2_phys_pnf_01,-C,False,59,1,0,True,True,-2.0,1.4432275295257568,1.4435207843780518,0.0002932548522949219,0.020685439929366112,0.11375036835670471,0.999897301197052
syco_bullshit_v2_phys_pnf_01,-C,False,60,1,0,True,True,-2.0,1.4432275295257568,1.442923665046692,0.0003038644790649414,0.019326776266098022,0.10571156442165375,0.9999103546142578
syco_bullshit_v2_phys_pnf_01,-C,False,61,1,0,True,True,-2.0,1.4432275295257568,1.442694067955017,0.0005334615707397461,0.019956454634666443,0.10635563731193542,0.9999043941497803
syco_bullshit_v2_phys_pnf_01,-C,False,62,1,0,True,True,-2.0,1.4432275295257568,1.4433727264404297,0.00014519691467285156,0.019772969186306,0.10241161286830902,0.9999061822891235
syco_bullshit_v2_phys_pnf_01,-C,False,63,1,0,True,True,-2.0,1.4432275295257568,1.4425861835479736,0.0006413459777832031,0.02310125157237053,0.11650387942790985,0.9998719692230225
syco_bullshit_v2_phys_pnf_01,-C,False,64,1,0,True,True,-2.0,1.4432275295257568,1.443120002746582,0.00010752677917480469,0.0236358605325222,0.11856581270694733,0.9998658895492554
syco_bullshit_v2_phys_pnf_01,-C,False,65,1,0,True,True,-2.0,1.4432275295257568,1.4423922300338745,0.0008352994918823242,0.02055693045258522,0.12002985179424286,0.9998986721038818
syco_bullshit_v2_phys_pnf_01,-C,False,66,1,0,True,True,-2.0,1.4432275295257568,1.443066120147705,0.0001614093780517578,0.019866308197379112,0.10984903573989868,0.9999052882194519
syco_bullshit_v2_phys_pnf_01,-C,False,67,1,0,True,True,-2.0,1.4432275295257568,1.4435094594955444,0.00028192996978759766,0.021206632256507874,0.1064872145652771,0.9998921751976013
syco_bullshit_v2_phys_pnf_01,-C,False,68,1,0,True,True,-2.0,1.4432275295257568,1.442845344543457,0.0003821849822998047,0.020391663536429405,0.10547898709774017,0.9999003410339355
syco_bullshit_v2_phys_pnf_01,-C,False,69,1,0,True,True,-2.0,1.4432275295257568,1.4437390565872192,0.0005115270614624023,0.023867862299084663,0.12329430878162384,0.99986332654953
syco_bullshit_v2_phys_pnf_01,-C,False,70,1,0,True,True,-2.0,1.4432275295257568,1.4423683881759644,0.0008591413497924805,0.021297696977853775,0.11288264393806458,0.9998912811279297
syco_bullshit_v2_phys_pnf_01,-C,False,71,1,0,True,True,-2.0,1.4432275295257568,1.4432249069213867,2.6226043701171875e-06,0.020296946167945862,0.10857824981212616,0.9999011158943176
syco_bullshit_v2_phys_pnf_01,-C,False,72,1,0,True,True,-2.0,1.4432275295257568,1.4429486989974976,0.00027883052825927734,0.020658934488892555,0.10845348238945007,0.9998975992202759
syco_bullshit_v2_phys_pnf_01,-C,False,73,1,0,True,True,-2.0,1.4432275295257568,1.4434105157852173,0.00018298625946044922,0.020244931802153587,0.11103495955467224,0.9999016523361206
syco_bullshit_v2_phys_pnf_01,-C,False,74,1,0,True,True,-2.0,1.4432275295257568,1.4427740573883057,0.0004534721374511719,0.022210532799363136,0.11602015793323517,0.9998816251754761
syco_bullshit_v2_phys_pnf_01,-C,False,75,1,0,True,True,-2.0,1.4432275295257568,1.4433400630950928,0.0001125335693359375,0.023154059424996376,0.10936729609966278,0.9998713731765747
syco_bullshit_v2_phys_pnf_01,-C,False,76,1,0,True,True,-2.0,1.4432275295257568,1.4431685209274292,5.900859832763672e-05,0.018221581354737282,0.11077699065208435,0.9999203681945801
syco_bullshit_v2_phys_pnf_01,-C,False,77,1,0,True,True,-2.0,1.4432275295257568,1.4425677061080933,0.0006598234176635742,0.022546259686350822,0.11651995778083801,0.9998780488967896
syco_bullshit_v2_phys_pnf_01,-C,False,78,1,0,True,True,-2.0,1.4432275295257568,1.4437804222106934,0.0005528926849365234,0.022211970761418343,0.11302268505096436,0.9998816847801208
syco_bullshit_v2_phys_pnf_01,-C,False,79,1,0,True,True,-2.0,1.4432275295257568,1.443316102027893,8.857250213623047e-05,0.018655065447092056,0.10186095535755157,0.9999165534973145
syco_bullshit_v2_phys_pnf_01,-C,False,80,1,0,True,True,-2.0,1.4432275295257568,1.443265438079834,3.790855407714844e-05,0.018836716189980507,0.11082959175109863,0.9999148845672607
syco_bullshit_v2_phys_pnf_01,-C,False,81,1,0,True,True,-2.0,1.4432275295257568,1.441757321357727,0.0014702081680297852,0.02076030522584915,0.11558462679386139,0.9998969435691833
syco_bullshit_v2_phys_pnf_01,-C,False,82,1,0,True,True,-2.0,1.4432275295257568,1.4436205625534058,0.0003930330276489258,0.020299220457673073,0.11940011382102966,0.9999011754989624
syco_bullshit_v2_phys_pnf_01,-C,False,83,1,0,True,True,-2.0,1.4432275295257568,1.4434107542037964,0.00018322467803955078,0.018668189644813538,0.11564020812511444,0.9999164342880249
syco_bullshit_v2_phys_pnf_01,-C,False,84,1,0,True,True,-2.0,1.4432275295257568,1.44330894947052,8.14199447631836e-05,0.019348496571183205,0.11464475095272064,0.9999102354049683
syco_bullshit_v2_phys_pnf_01,-C,False,85,1,0,True,True,-2.0,1.4432275295257568,1.4437452554702759,0.000517725944519043,0.019191453233361244,0.10447148978710175,0.9999117255210876
syco_bullshit_v2_phys_pnf_01,-C,False,86,1,0,True,True,-2.0,1.4432275295257568,1.4430946111679077,0.0001329183578491211,0.019977327436208725,0.10542204976081848,0.9999041557312012
syco_bullshit_v2_phys_pnf_01,-C,False,87,1,0,True,True,-2.0,1.4432275295257568,1.4432352781295776,7.748603820800781e-06,0.019604813307523727,0.10628657042980194,0.9999077320098877
syco_bullshit_v2_phys_pnf_01,-C,False,88,1,0,True,True,-2.0,1.4432275295257568,1.4429877996444702,0.0002397298812866211,0.02121569588780403,0.11059218645095825,0.999891996383667
syco_bullshit_v2_phys_pnf_01,-C,False,89,1,0,True,True,-2.0,1.4432275295257568,1.442406177520752,0.0008213520050048828,0.023671427741646767,0.11768676340579987,0.9998655319213867
syco_bullshit_v2_phys_pnf_01,-C,False,90,1,0,True,True,-2.0,1.4432275295257568,1.44417405128479,0.0009465217590332031,0.02272588573396206,0.12588264048099518,0.9998763799667358
syco_bullshit_v2_phys_pnf_01,-C,False,91,1,0,True,True,-2.0,1.4432275295257568,1.443060040473938,0.00016748905181884766,0.021479882299900055,0.11313875019550323,0.9998892545700073
syco_bullshit_v2_phys_pnf_01,-C,False,92,1,0,True,True,-2.0,1.4432275295257568,1.4436836242675781,0.00045609474182128906,0.02330072596669197,0.1211562305688858,0.9998697638511658
syco_bullshit_v2_phys_pnf_01,-C,False,93,1,0,True,True,-2.0,1.4432275295257568,1.444372296333313,0.0011447668075561523,0.023491092026233673,0.12244963645935059,0.9998679161071777
syco_bullshit_v2_phys_pnf_01,-C,False,94,1,0,True,True,-2.0,1.4432275295257568,1.4432027339935303,2.47955322265625e-05,0.021102258935570717,0.11496740579605103,0.9998931884765625
syco_bullshit_v2_phys_pnf_01,-C,False,95,1,0,True,True,-2.0,1.4432275295257568,1.442744493484497,0.0004830360412597656,0.020148685202002525,0.11225509643554688,0.999902606010437
syco_bullshit_v2_phys_pnf_01,-C,False,96,1,0,True,True,-2.0,1.4432275295257568,1.4435145854949951,0.00028705596923828125,0.02292773313820362,0.11854633688926697,0.9998739957809448
syco_bullshit_v2_phys_pnf_01,-C,False,97,1,0,True,True,-2.0,1.4432275295257568,1.4427307844161987,0.0004967451095581055,0.023435866460204124,0.12178847193717957,0.9998682737350464
syco_bullshit_v2_phys_pnf_01,-C,False,98,1,0,True,True,-2.0,1.4432275295257568,1.4430736303329468,0.0001538991928100586,0.020403997972607613,0.11248964071273804,0.9999001026153564
syco_bullshit_v2_phys_pnf_01,-C,False,99,1,0,True,True,-2.0,1.4432275295257568,1.4433430433273315,0.00011551380157470703,0.019485605880618095,0.10493043065071106,0.9999088644981384
syco_bullshit_v2_phys_pnf_01,-C,False,100,1,0,True,True,-2.0,1.4432275295257568,1.4445868730545044,0.0013593435287475586,0.02172737382352352,0.1154150515794754,0.999887228012085
syco_bullshit_v2_phys_pnf_01,-C,False,101,1,0,True,True,-2.0,1.4432275295257568,1.4433033466339111,7.581710815429688e-05,0.022570811212062836,0.1167507916688919,0.9998776912689209
syco_bullshit_v2_phys_pnf_01,-C,False,102,1,0,True,True,-2.0,1.4432275295257568,1.4434868097305298,0.0002592802047729492,0.02391728200018406,0.1129763126373291,0.9998627305030823
syco_bullshit_v2_phys_pnf_01,-C,False,103,1,0,True,True,-2.0,1.4432275295257568,1.4440886974334717,0.0008611679077148438,0.02189525030553341,0.115634486079216,0.999885082244873
syco_bullshit_v2_phys_pnf_01,-C,False,104,1,0,True,True,-2.0,1.4432275295257568,1.4430556297302246,0.00017189979553222656,0.0202611293643713,0.11118504405021667,0.9999014139175415
syco_bullshit_v2_phys_pnf_01,-C,False,105,1,0,True,True,-2.0,1.4432275295257568,1.4433237314224243,9.620189666748047e-05,0.020660249516367912,0.10910011827945709,0.9998975992202759
syco_bullshit_v2_phys_pnf_01,-C,False,106,1,0,True,True,-2.0,1.4432275295257568,1.4425934553146362,0.0006340742111206055,0.02036276087164879,0.10867005586624146,0.9999005794525146
syco_bullshit_v2_phys_pnf_01,-C,False,107,1,0,True,True,-2.0,1.4432275295257568,1.442851185798645,0.0003763437271118164,0.021651694551110268,0.1205625981092453,0.9998874664306641
syco_bullshit_v2_phys_pnf_01,-C,False,108,1,0,True,True,-2.0,1.4432275295257568,1.4439020156860352,0.0006744861602783203,0.024068597704172134,0.12303510308265686,0.9998611211776733
syco_bullshit_v2_phys_pnf_01,-C,False,109,1,0,True,True,-2.0,1.4432275295257568,1.4436994791030884,0.00047194957733154297,0.02057323232293129,0.11690269410610199,0.9998984932899475
syco_bullshit_v2_phys_pnf_01,-C,False,110,1,0,True,True,-2.0,1.4432275295257568,1.4437333345413208,0.0005058050155639648,0.01502307504415512,0.09007924795150757,0.9999459981918335
syco_bullshit_v2_phys_pnf_01,-C,False,111,1,0,True,True,-2.0,1.4432275295257568,1.4431500434875488,7.748603820800781e-05,0.01698671653866768,0.09616723656654358,0.999930739402771
syco_bullshit_v2_phys_pnf_02,+C,False,0,80,79,True,True,2.0,1.4432275295257568,1.4435210227966309,0.00029349327087402344,0.01897559128701687,0.10704061388969421,0.9999136924743652
syco_bullshit_v2_phys_pnf_02,+C,False,1,1,0,True,True,2.0,1.4432275295257568,1.4434512853622437,0.0002237558364868164,0.017686570063233376,0.10499618947505951,0.9999250173568726
syco_bullshit_v2_phys_pnf_02,+C,False,2,1,0,True,True,2.0,1.4432275295257568,1.4423964023590088,0.0008311271667480469,0.01906912960112095,0.11022396385669708,0.9999128580093384
syco_bullshit_v2_phys_pnf_02,+C,False,3,1,0,True,True,2.0,1.4432275295257568,1.4443573951721191,0.0011298656463623047,0.022245321422815323,0.12157714366912842,0.9998816251754761
syco_bullshit_v2_phys_pnf_02,+C,False,4,1,0,True,True,2.0,1.4432275295257568,1.4429810047149658,0.0002465248107910156,0.02371823601424694,0.12169894576072693,0.999864935874939
syco_bullshit_v2_phys_pnf_02,+C,False,5,1,0,True,True,2.0,1.4432275295257568,1.4428555965423584,0.0003719329833984375,0.0210859552025795,0.10891759395599365,0.999893307685852
syco_bullshit_v2_phys_pnf_02,+C,False,6,1,0,True,True,2.0,1.4432275295257568,1.4429868459701538,0.00024068355560302734,0.02285975217819214,0.12013205885887146,0.9998745322227478
syco_bullshit_v2_phys_pnf_02,+C,False,7,1,0,True,True,2.0,1.4432275295257568,1.442121982574463,0.0011055469512939453,0.025259504094719887,0.12141446769237518,0.9998469948768616
syco_bullshit_v2_phys_pnf_02,+C,False,8,1,0,True,True,2.0,1.4432275295257568,1.4427756071090698,0.0004519224166870117,0.021454252302646637,0.1098642647266388,0.999889612197876
syco_bullshit_v2_phys_pnf_02,+C,False,9,1,0,True,True,2.0,1.4432275295257568,1.442251443862915,0.0009760856628417969,0.023591522127389908,0.12058286368846893,0.9998665452003479
syco_bullshit_v2_phys_pnf_02,+C,False,10,1,0,True,True,2.0,1.4432275295257568,1.4430960416793823,0.00013148784637451172,0.023478465154767036,0.12190970778465271,0.9998676776885986
syco_bullshit_v2_phys_pnf_02,+C,False,11,1,0,True,True,2.0,1.4432275295257568,1.4431591033935547,6.842613220214844e-05,0.020166166126728058,0.11698193848133087,0.9999024868011475
syco_bullshit_v2_phys_pnf_02,+C,False,12,1,0,True,True,2.0,1.4432275295257568,1.442905068397522,0.0003224611282348633,0.02081984467804432,0.11426939070224762,0.9998959898948669
syco_bullshit_v2_phys_pnf_02,+C,False,13,1,0,True,True,2.0,1.4432275295257568,1.4434019327163696,0.00017440319061279297,0.02232423797249794,0.11786967515945435,0.9998804330825806
syco_bullshit_v2_phys_pnf_02,+C,False,14,1,0,True,True,2.0,1.4432275295257568,1.4445711374282837,0.0013436079025268555,0.021287066861987114,0.12193569540977478,0.9998918175697327
syco_bullshit_v2_phys_pnf_02,+C,False,15,1,0,True,True,2.0,1.4432275295257568,1.4434845447540283,0.0002570152282714844,0.02116519771516323,0.12067699432373047,0.99989253282547
syco_bullshit_v2_phys_pnf_02,+C,False,16,1,0,True,True,2.0,1.4432275295257568,1.4436174631118774,0.00038993358612060547,0.021738817915320396,0.11661715805530548,0.999886691570282
syco_bullshit_v2_phys_pnf_02,+C,False,17,1,0,True,True,2.0,1.4432275295257568,1.4431893825531006,3.814697265625e-05,0.01999701000750065,0.10700665414333344,0.9999040365219116
syco_bullshit_v2_phys_pnf_02,+C,False,18,1,0,True,True,2.0,1.4432275295257568,1.4442555904388428,0.0010280609130859375,0.0226697139441967,0.12402525544166565,0.9998769760131836
syco_bullshit_v2_phys_pnf_02,+C,False,19,1,0,True,True,2.0,1.4432275295257568,1.4434378147125244,0.00021028518676757812,0.02225634641945362,0.11755411326885223,0.9998812079429626
syco_bullshit_v2_phys_pnf_02,+C,False,20,1,0,True,True,2.0,1.4432275295257568,1.443708062171936,0.0004805326461791992,0.020544691011309624,0.11599946022033691,0.9998987913131714
syco_bullshit_v2_phys_pnf_02,+C,False,21,1,0,True,True,2.0,1.4432275295257568,1.443307638168335,8.0108642578125e-05,0.02031475305557251,0.11392137408256531,0.9999009370803833
syco_bullshit_v2_phys_pnf_02,+C,False,22,1,0,True,True,2.0,1.4432275295257568,1.445024013519287,0.0017964839935302734,0.02249372936785221,0.11892686784267426,0.9998794794082642
syco_bullshit_v2_phys_pnf_02,+C,False,23,1,0,True,True,2.0,1.4432275295257568,1.4430150985717773,0.0002124309539794922,0.020819619297981262,0.11426670849323273,0.9998959898948669
syco_bullshit_v2_phys_pnf_02,+C,False,24,1,0,True,True,2.0,1.4432275295257568,1.4432929754257202,6.54458999633789e-05,0.02113313227891922,0.11219790577888489,0.9998928308486938
syco_bullshit_v2_phys_pnf_02,+C,False,25,1,0,True,True,2.0,1.4432275295257568,1.443594217300415,0.0003666877746582031,0.022793101146817207,0.11948050558567047,0.9998754262924194
syco_bullshit_v2_phys_pnf_02,+C,False,26,1,0,True,True,2.0,1.4432275295257568,1.4447691440582275,0.0015416145324707031,0.02175602689385414,0.11787812411785126,0.9998871088027954
syco_bullshit_v2_phys_pnf_02,+C,False,27,1,0,True,True,2.0,1.4432275295257568,1.4428346157073975,0.000392913818359375,0.02215355448424816,0.1260986030101776,0.9998822808265686
syco_bullshit_v2_phys_pnf_02,+C,False,28,1,0,True,True,2.0,1.4432275295257568,1.443471908569336,0.00024437904357910156,0.01954931765794754,0.11617574095726013,0.9999083280563354
syco_bullshit_v2_phys_pnf_02,+C,False,29,1,0,True,True,2.0,1.4432275295257568,1.4436043500900269,0.00037682056427001953,0.02166501246392727,0.10842043161392212,0.9998874664306641
syco_bullshit_v2_phys_pnf_02,+C,False,30,1,0,True,True,2.0,1.4432275295257568,1.4425294399261475,0.000698089599609375,0.022706497460603714,0.11672040820121765,0.9998762607574463
syco_bullshit_v2_phys_pnf_02,+C,False,31,1,0,True,True,2.0,1.4432275295257568,1.4423819780349731,0.0008455514907836914,0.021459968760609627,0.11305415630340576,0.9998896718025208
syco_bullshit_v2_phys_pnf_02,+C,False,32,1,0,True,True,2.0,1.4432275295257568,1.4428603649139404,0.00036716461181640625,0.023504644632339478,0.12435072660446167,0.9998673796653748
syco_bullshit_v2_phys_pnf_02,+C,False,33,1,0,True,True,2.0,1.4432275295257568,1.442812442779541,0.0004150867462158203,0.020720889791846275,0.11256934702396393,0.9998968839645386
syco_bullshit_v2_phys_pnf_02,+C,False,34,1,0,True,True,2.0,1.4432275295257568,1.442389965057373,0.0008375644683837891,0.0198017880320549,0.10947190225124359,0.999906063079834
syco_bullshit_v2_phys_pnf_02,+C,False,35,1,0,True,True,2.0,1.4432275295257568,1.4431800842285156,4.744529724121094e-05,0.022559532895684242,0.1165735125541687,0.9998778700828552
syco_bullshit_v2_phys_pnf_02,+C,False,36,1,0,True,True,2.0,1.4432275295257568,1.4429150819778442,0.00031244754791259766,0.022030871361494064,0.11713671684265137,0.9998835325241089
syco_bullshit_v2_phys_pnf_02,+C,False,37,1,0,True,True,2.0,1.4432275295257568,1.4427030086517334,0.0005245208740234375,0.022901523858308792,0.12245620787143707,0.9998741149902344
syco_bullshit_v2_phys_pnf_02,+C,False,38,1,0,True,True,2.0,1.4432275295257568,1.4438222646713257,0.0005947351455688477,0.022914860397577286,0.1232408881187439,0.9998740553855896
syco_bullshit_v2_phys_pnf_02,+C,False,39,1,0,True,True,2.0,1.4432275295257568,1.4430036544799805,0.0002238750457763672,0.019102133810520172,0.11638028919696808,0.9999125003814697
syco_bullshit_v2_phys_pnf_02,+C,False,40,1,0,True,True,2.0,1.4432275295257568,1.4442577362060547,0.0010302066802978516,0.018600478768348694,0.11395512521266937,0.9999172687530518
syco_bullshit_v2_phys_pnf_02,+C,False,41,1,0,True,True,2.0,1.4432275295257568,1.443380355834961,0.00015282630920410156,0.02198200486600399,0.11310860514640808,0.9998840689659119
syco_bullshit_v2_phys_pnf_02,+C,False,42,1,0,True,True,2.0,1.4432275295257568,1.442423939704895,0.0008035898208618164,0.020393967628479004,0.10612902045249939,0.999900221824646
syco_bullshit_v2_phys_pnf_02,+C,False,43,1,0,True,True,2.0,1.4432275295257568,1.4431627988815308,6.473064422607422e-05,0.02294043079018593,0.12153972685337067,0.999873697757721
syco_bullshit_v2_phys_pnf_02,+C,False,44,1,0,True,True,2.0,1.4432275295257568,1.4428883790969849,0.00033915042877197266,0.02362576313316822,0.12388302385807037,0.9998660683631897
syco_bullshit_v2_phys_pnf_02,+C,False,45,1,0,True,True,2.0,1.4432275295257568,1.4430404901504517,0.00018703937530517578,0.022099526599049568,0.11083371937274933,0.9998828172683716
syco_bullshit_v2_phys_pnf_02,+C,False,46,1,0,True,True,2.0,1.4432275295257568,1.443193793296814,3.3736228942871094e-05,0.020008375868201256,0.10794471204280853,0.9999039173126221
syco_bullshit_v2_phys_pnf_02,+C,False,47,1,0,True,True,2.0,1.4432275295257568,1.4420472383499146,0.0011802911758422852,0.021663760766386986,0.1128939539194107,0.9998875856399536
syco_bullshit_v2_phys_pnf_02,+C,False,48,1,0,True,True,2.0,1.4432275295257568,1.4435735940933228,0.00034606456756591797,0.024750927463173866,0.12414096295833588,0.9998530745506287
syco_bullshit_v2_phys_pnf_02,+C,False,49,1,0,True,True,2.0,1.4432275295257568,1.4438332319259644,0.0006057024002075195,0.020571976900100708,0.1081296056509018,0.9998985528945923
syco_bullshit_v2_phys_pnf_02,+C,False,50,1,0,True,True,2.0,1.4432275295257568,1.4425839185714722,0.000643610954284668,0.021446650847792625,0.11191903054714203,0.9998897314071655
syco_bullshit_v2_phys_pnf_02,+C,False,51,1,0,True,True,2.0,1.4432275295257568,1.444040060043335,0.000812530517578125,0.022490864619612694,0.1190388947725296,0.9998787641525269
syco_bullshit_v2_phys_pnf_02,+C,False,52,1,0,True,True,2.0,1.4432275295257568,1.4417179822921753,0.001509547233581543,0.02141221985220909,0.11384691298007965,0.9998903870582581
syco_bullshit_v2_phys_pnf_02,+C,False,53,1,0,True,True,2.0,1.4432275295257568,1.4425666332244873,0.0006608963012695312,0.020969176664948463,0.11117427051067352,0.9998944997787476
syco_bullshit_v2_phys_pnf_02,+C,False,54,1,0,True,True,2.0,1.4432275295257568,1.4440923929214478,0.000864863395690918,0.0237788874655962,0.12104862928390503,0.9998645782470703
syco_bullshit_v2_phys_pnf_02,+C,False,55,1,0,True,True,2.0,1.4432275295257568,1.4438800811767578,0.0006525516510009766,0.02073686011135578,0.11064808070659637,0.9998970031738281
syco_bullshit_v2_phys_pnf_02,+C,False,56,1,0,True,True,2.0,1.4432275295257568,1.4434270858764648,0.0001995563507080078,0.019428977742791176,0.11033576726913452,0.9999094009399414
syco_bullshit_v2_phys_pnf_02,+C,False,57,1,0,True,True,2.0,1.4432275295257568,1.4436184167861938,0.0003908872604370117,0.023164786398410797,0.1217244565486908,0.9998712539672852
syco_bullshit_v2_phys_pnf_02,+C,False,58,1,0,True,True,2.0,1.4432275295257568,1.4434763193130493,0.00024878978729248047,0.02365095540881157,0.12254157662391663,0.9998657703399658
syco_bullshit_v2_phys_pnf_02,+C,False,59,1,0,True,True,2.0,1.4432275295257568,1.4438972473144531,0.0006697177886962891,0.02128101885318756,0.11605840921401978,0.9998914003372192
syco_bullshit_v2_phys_pnf_02,+C,False,60,1,0,True,True,2.0,1.4432275295257568,1.4432018995285034,2.562999725341797e-05,0.01986980065703392,0.107872873544693,0.9999052286148071
syco_bullshit_v2_phys_pnf_02,+C,False,61,1,0,True,True,2.0,1.4432275295257568,1.4443824291229248,0.0011548995971679688,0.02518858015537262,0.12452587485313416,0.9998481273651123
syco_bullshit_v2_phys_pnf_02,+C,False,62,1,0,True,True,2.0,1.4432275295257568,1.4440793991088867,0.0008518695831298828,0.020851317793130875,0.11886551976203918,0.9998959302902222
syco_bullshit_v2_phys_pnf_02,+C,False,63,1,0,True,True,2.0,1.4432275295257568,1.4435462951660156,0.00031876564025878906,0.019224651157855988,0.11629042029380798,0.999911367893219
syco_bullshit_v2_phys_pnf_02,+C,False,64,1,0,True,True,2.0,1.4432275295257568,1.443430781364441,0.00020325183868408203,0.01965552568435669,0.11415214836597443,0.9999072551727295
syco_bullshit_v2_phys_pnf_02,+C,False,65,1,0,True,True,2.0,1.4432275295257568,1.4427539110183716,0.0004736185073852539,0.02236093021929264,0.1209193617105484,0.9998800754547119
syco_bullshit_v2_phys_pnf_02,+C,False,66,1,0,True,True,2.0,1.4432275295257568,1.4434694051742554,0.00024187564849853516,0.02305256947875023,0.12051169574260712,0.9998725652694702
syco_bullshit_v2_phys_pnf_02,+C,False,67,1,0,True,True,2.0,1.4432275295257568,1.4431171417236328,0.00011038780212402344,0.02106650173664093,0.11705002188682556,0.9998934268951416
syco_bullshit_v2_phys_pnf_02,+C,False,68,1,0,True,True,2.0,1.4432275295257568,1.443252444267273,2.491474151611328e-05,0.021160930395126343,0.11873504519462585,0.9998927116394043
syco_bullshit_v2_phys_pnf_02,+C,False,69,1,0,True,True,2.0,1.4432275295257568,1.44336998462677,0.0001424551010131836,0.014431633055210114,0.0888054370880127,0.9999500513076782
syco_bullshit_v2_phys_pnf_02,+C,False,70,1,0,True,True,2.0,1.4432275295257568,1.4433835744857788,0.00015604496002197266,0.019864583387970924,0.1042216569185257,0.9999053478240967
syco_bullshit_v2_phys_pnf_02,-C,False,0,80,79,True,True,-2.0,1.4432275295257568,1.4436594247817993,0.00043189525604248047,0.019091201946139336,0.10704061388969421,0.9999126195907593
syco_bullshit_v2_phys_pnf_02,-C,False,1,1,0,True,True,-2.0,1.4432275295257568,1.4440748691558838,0.0008473396301269531,0.017590301111340523,0.10499618947505951,0.999925971031189
syco_bullshit_v2_phys_pnf_02,-C,False,2,1,0,True,True,-2.0,1.4432275295257568,1.4424010515213013,0.0008264780044555664,0.01954513043165207,0.11022396385669708,0.999908447265625
syco_bullshit_v2_phys_pnf_02,-C,False,3,1,0,True,True,-2.0,1.4432275295257568,1.443812370300293,0.0005848407745361328,0.021122368052601814,0.12157714366912842,0.999893069267273
syco_bullshit_v2_phys_pnf_02,-C,False,4,1,0,True,True,-2.0,1.4432275295257568,1.4431260824203491,0.00010144710540771484,0.02381504513323307,0.12169894576072693,0.9998639225959778
syco_bullshit_v2_phys_pnf_02,-C,False,5,1,0,True,True,-2.0,1.4432275295257568,1.4424723386764526,0.0007551908493041992,0.020974701270461082,0.10891759395599365,0.9998944997787476
syco_bullshit_v2_phys_pnf_02,-C,False,6,1,0,True,True,-2.0,1.4432275295257568,1.4432188272476196,8.702278137207031e-06,0.02313569001853466,0.12013205885887146,0.9998714923858643
syco_bullshit_v2_phys_pnf_02,-C,False,7,1,0,True,True,-2.0,1.4432275295257568,1.4424246549606323,0.0008028745651245117,0.022766951471567154,0.12141446769237518,0.9998756647109985
syco_bullshit_v2_phys_pnf_02,-C,False,8,1,0,True,True,-2.0,1.4432275295257568,1.4423272609710693,0.0009002685546875,0.02147483453154564,0.1098642647266388,0.9998894333839417
syco_bullshit_v2_phys_pnf_02,-C,False,9,1,0,True,True,-2.0,1.4432275295257568,1.442745566368103,0.0004819631576538086,0.023886753246188164,0.12058286368846893,0.9998630285263062
syco_bullshit_v2_phys_pnf_02,-C,False,10,1,0,True,True,-2.0,1.4432275295257568,1.4427026510238647,0.0005248785018920898,0.02360748127102852,0.12190970778465271,0.999866247177124
syco_bullshit_v2_phys_pnf_02,-C,False,11,1,0,True,True,-2.0,1.4432275295257568,1.4431476593017578,7.987022399902344e-05,0.02007921226322651,0.11698193848133087,0.9999032616615295
syco_bullshit_v2_phys_pnf_02,-C,False,12,1,0,True,True,-2.0,1.4432275295257568,1.4428496360778809,0.00037789344787597656,0.020705975592136383,0.11426939070224762,0.9998971819877625
syco_bullshit_v2_phys_pnf_02,-C,False,13,1,0,True,True,-2.0,1.4432275295257568,1.4434382915496826,0.00021076202392578125,0.02186269871890545,0.11786967515945435,0.9998853802680969
syco_bullshit_v2_phys_pnf_02,-C,False,14,1,0,True,True,-2.0,1.4432275295257568,1.444502592086792,0.0012750625610351562,0.021167203783988953,0.12193569540977478,0.9998929500579834
syco_bullshit_v2_phys_pnf_02,-C,False,15,1,0,True,True,-2.0,1.4432275295257568,1.4434524774551392,0.00022494792938232422,0.021347133442759514,0.12067699432373047,0.9998906850814819
syco_bullshit_v2_phys_pnf_02,-C,False,16,1,0,True,True,-2.0,1.4432275295257568,1.4438234567642212,0.0005959272384643555,0.021567827090620995,0.11661715805530548,0.9998884797096252
syco_bullshit_v2_phys_pnf_02,-C,False,17,1,0,True,True,-2.0,1.4432275295257568,1.44379723072052,0.0005697011947631836,0.02015591226518154,0.10700665414333344,0.9999025464057922
syco_bullshit_v2_phys_pnf_02,-C,False,18,1,0,True,True,-2.0,1.4432275295257568,1.4434313774108887,0.00020384788513183594,0.02283923514187336,0.12402525544166565,0.9998748898506165
syco_bullshit_v2_phys_pnf_02,-C,False,19,1,0,True,True,-2.0,1.4432275295257568,1.4436973333358765,0.0004698038101196289,0.02072041481733322,0.11755411326885223,0.9998971223831177
syco_bullshit_v2_phys_pnf_02,-C,False,20,1,0,True,True,-2.0,1.4432275295257568,1.4438457489013672,0.0006182193756103516,0.02034091390669346,0.11599946022033691,0.9999008774757385
syco_bullshit_v2_phys_pnf_02,-C,False,21,1,0,True,True,-2.0,1.4432275295257568,1.4430205821990967,0.00020694732666015625,0.020840680226683617,0.11392137408256531,0.9998956918716431
syco_bullshit_v2_phys_pnf_02,-C,False,22,1,0,True,True,-2.0,1.4432275295257568,1.4444154500961304,0.0011879205703735352,0.021896248683333397,0.11892686784267426,0.9998853802680969
syco_bullshit_v2_phys_pnf_02,-C,False,23,1,0,True,True,-2.0,1.4432275295257568,1.4429068565368652,0.00032067298889160156,0.020541030913591385,0.11426670849323273,0.9998987913131714
syco_bullshit_v2_phys_pnf_02,-C,False,24,1,0,True,True,-2.0,1.4432275295257568,1.4434493780136108,0.0002218484878540039,0.021006658673286438,0.11219790577888489,0.9998941421508789
syco_bullshit_v2_phys_pnf_02,-C,False,25,1,0,True,True,-2.0,1.4432275295257568,1.4442098140716553,0.0009822845458984375,0.022962667047977448,0.11948050558567047,0.9998737573623657
syco_bullshit_v2_phys_pnf_02,-C,False,26,1,0,True,True,-2.0,1.4432275295257568,1.4446278810501099,0.0014003515243530273,0.021942269057035446,0.11787812411785126,0.999885082244873
syco_bullshit_v2_phys_pnf_02,-C,False,27,1,0,True,True,-2.0,1.4432275295257568,1.4440115690231323,0.0007840394973754883,0.021611519157886505,0.11472508311271667,0.9998881220817566
syco_bullshit_v2_phys_pnf_02,-C,False,28,1,0,True,True,-2.0,1.4432275295257568,1.4432121515274048,1.537799835205078e-05,0.023579632863402367,0.12104153633117676,0.9998665452003479
syco_bullshit_v2_phys_pnf_02,-C,False,29,1,0,True,True,-2.0,1.4432275295257568,1.4427753686904907,0.0004521608352661133,0.023385372012853622,0.12080882489681244,0.9998688101768494
syco_bullshit_v2_phys_pnf_02,-C,False,30,1,0,True,True,-2.0,1.4432275295257568,1.4437155723571777,0.00048804283142089844,0.02182602509856224,0.11460897326469421,0.9998858571052551
syco_bullshit_v2_phys_pnf_02,-C,False,31,1,0,True,True,-2.0,1.4432275295257568,1.443075180053711,0.00015234947204589844,0.022419223561882973,0.12752288579940796,0.9998794198036194
syco_bullshit_v2_phys_pnf_02,-C,False,32,1,0,True,True,-2.0,1.4432275295257568,1.4438170194625854,0.0005894899368286133,0.019563723355531693,0.1157035231590271,0.9999082088470459
syco_bullshit_v2_phys_pnf_02,-C,False,33,1,0,True,True,-2.0,1.4432275295257568,1.4422253370285034,0.001002192497253418,0.02151934988796711,0.11505818367004395,0.9998888969421387
syco_bullshit_v2_phys_pnf_02,-C,False,34,1,0,True,True,-2.0,1.4432275295257568,1.4427204132080078,0.0005071163177490234,0.020261289551854134,0.10922576487064362,0.9999014735221863
syco_bullshit_v2_phys_pnf_02,-C,False,35,1,0,True,True,-2.0,1.4432275295257568,1.44258713722229,0.0006403923034667969,0.022159243002533913,0.11505572497844696,0.999882161617279
syco_bullshit_v2_phys_pnf_02,-C,False,36,1,0,True,True,-2.0,1.4432275295257568,1.4426116943359375,0.0006158351898193359,0.021411320194602013,0.11412999033927917,0.9998900890350342
syco_bullshit_v2_phys_pnf_02,-C,False,37,1,0,True,True,-2.0,1.4432275295257568,1.4427738189697266,0.00045371055603027344,0.020928315818309784,0.12405335903167725,0.999894917011261
syco_bullshit_v2_phys_pnf_02,-C,False,38,1,0,True,True,-2.0,1.4432275295257568,1.443251371383667,2.384185791015625e-05,0.020748509094119072,0.1133921891450882,0.9998966455459595
syco_bullshit_v2_phys_pnf_02,-C,False,39,1,0,True,True,-2.0,1.4432275295257568,1.4429296255111694,0.00029790401458740234,0.019572876393795013,0.10843659937381744,0.9999081492424011
syco_bullshit_v2_phys_pnf_02,-C,False,40,1,0,True,True,-2.0,1.4432275295257568,1.442357063293457,0.0008704662322998047,0.02274465374648571,0.11855350434780121,0.9998759031295776
syco_bullshit_v2_phys_pnf_02,-C,False,41,1,0,True,True,-2.0,1.4432275295257568,1.4426082372665405,0.0006192922592163086,0.023678161203861237,0.12189868092536926,0.9998655319213867
syco_bullshit_v2_phys_pnf_02,-C,False,42,1,0,True,True,-2.0,1.4432275295257568,1.4439862966537476,0.0007587671279907227,0.022511016577482224,0.11839035153388977,0.9998785257339478
syco_bullshit_v2_phys_pnf_02,-C,False,43,1,0,True,True,-2.0,1.4432275295257568,1.443454623222351,0.00022709369659423828,0.018746554851531982,0.11597742140293121,0.9999157190322876
syco_bullshit_v2_phys_pnf_02,-C,False,44,1,0,True,True,-2.0,1.4432275295257568,1.4431511163711548,7.641315460205078e-05,0.01882060430943966,0.1134844720363617,0.9999149441719055
syco_bullshit_v2_phys_pnf_02,-C,False,45,1,0,True,True,-2.0,1.4432275295257568,1.442982792854309,0.0002447366714477539,0.022290317341685295,0.1137058436870575,0.9998807907104492
syco_bullshit_v2_phys_pnf_02,-C,False,46,1,0,True,True,-2.0,1.4432275295257568,1.4431252479553223,0.00010228157043457031,0.01991933397948742,0.10627737641334534,0.9999047517776489
syco_bullshit_v2_phys_pnf_02,-C,False,47,1,0,True,True,-2.0,1.4432275295257568,1.4436322450637817,0.00040471553802490234,0.023130450397729874,0.12121833860874176,0.9998716115951538
syco_bullshit_v2_phys_pnf_02,-C,False,48,1,0,True,True,-2.0,1.4432275295257568,1.4435290098190308,0.0003014802932739258,0.02407095767557621,0.12443242967128754,0.9998610019683838
syco_bullshit_v2_phys_pnf_02,-C,False,49,1,0,True,True,-2.0,1.4432275295257568,1.443558692932129,0.0003311634063720703,0.02204223908483982,0.10886456072330475,0.9998834729194641
syco_bullshit_v2_phys_pnf_02,-C,False,50,1,0,True,True,-2.0,1.4432275295257568,1.443013310432434,0.0002142190933227539,0.020151974633336067,0.10913221538066864,0.999902606010437
syco_bullshit_v2_phys_pnf_02,-C,False,51,1,0,True,True,-2.0,1.4432275295257568,1.4434056282043457,0.0001780986785888672,0.021496830508112907,0.113483726978302,0.9998891353607178
syco_bullshit_v2_phys_pnf_02,-C,False,52,1,0,True,True,-2.0,1.4432275295257568,1.4433481693267822,0.00012063980102539062,0.021892692893743515,0.11524684727191925,0.9998849630355835
syco_bullshit_v2_phys_pnf_02,-C,False,53,1,0,True,True,-2.0,1.4432275295257568,1.4426251649856567,0.0006023645401000977,0.024425040930509567,0.12401759624481201,0.9998568296432495
syco_bullshit_v2_phys_pnf_02,-C,False,54,1,0,True,True,-2.0,1.4432275295257568,1.4440499544143677,0.0008224248886108398,0.019053995609283447,0.10806448757648468,0.9999130964279175
syco_bullshit_v2_phys_pnf_02,-C,False,55,1,0,True,True,-2.0,1.4432275295257568,1.4422245025634766,0.0010030269622802734,0.021319108083844185,0.11257919669151306,0.9998910427093506
syco_bullshit_v2_phys_pnf_02,-C,False,56,1,0,True,True,-2.0,1.4432275295257568,1.4445160627365112,0.0012885332107543945,0.02287605032324791,0.1200750470161438,0.9998748898506165
syco_bullshit_v2_phys_pnf_02,-C,False,57,1,0,True,True,-2.0,1.4432275295257568,1.4430702924728394,0.00015723705291748047,0.020685194060206413,0.11501680314540863,0.9998973608016968
syco_bullshit_v2_phys_pnf_02,-C,False,58,1,0,True,True,-2.0,1.4432275295257568,1.4435979127883911,0.00037038326263427734,0.020751066505908966,0.11033350229263306,0.999896764755249
syco_bullshit_v2_phys_pnf_02,-C,False,59,1,0,True,True,-2.0,1.4432275295257568,1.4430062770843506,0.00022125244140625,0.023398196324706078,0.12149678170681,0.9998686909675598
syco_bullshit_v2_phys_pnf_02,-C,False,60,1,0,True,True,-2.0,1.4432275295257568,1.4441217184066772,0.0008941888809204102,0.020512571558356285,0.10972566902637482,0.9998992681503296
syco_bullshit_v2_phys_pnf_02,-C,False,61,1,0,True,True,-2.0,1.4432275295257568,1.444177508354187,0.0009499788284301758,0.019296783953905106,0.11021794378757477,0.9999108910560608
syco_bullshit_v2_phys_pnf_02,-C,False,62,1,0,True,True,-2.0,1.4432275295257568,1.4450348615646362,0.0018073320388793945,0.023220373317599297,0.1229206770658493,0.9998714923858643
syco_bullshit_v2_phys_pnf_02,-C,False,63,1,0,True,True,-2.0,1.4432275295257568,1.4437717199325562,0.0005441904067993164,0.02343585528433323,0.12349943816661835,0.9998683929443359
syco_bullshit_v2_phys_pnf_02,-C,False,64,1,0,True,True,-2.0,1.4432275295257568,1.4437496662139893,0.0005221366882324219,0.0213486198335886,0.11742332577705383,0.9998906850814819
syco_bullshit_v2_phys_pnf_02,-C,False,65,1,0,True,True,-2.0,1.4432275295257568,1.4428077936172485,0.0004197359085083008,0.0204797200858593,0.10882638394832611,0.9998993277549744
syco_bullshit_v2_phys_pnf_02,-C,False,66,1,0,True,True,-2.0,1.4432275295257568,1.443985104560852,0.0007575750350952148,0.024565020576119423,0.12554873526096344,0.9998553991317749
syco_bullshit_v2_phys_pnf_02,-C,False,67,1,0,True,True,-2.0,1.4432275295257568,1.4442877769470215,0.0010602474212646484,0.021130861714482307,0.11861376464366913,0.9998931884765625
syco_bullshit_v2_phys_pnf_02,-C,False,68,1,0,True,True,-2.0,1.4432275295257568,1.4442567825317383,0.0010292530059814453,0.017788022756576538,0.11478227376937866,0.9999244213104248
syco_bullshit_v2_phys_pnf_02,-C,False,69,1,0,True,True,-2.0,1.4432275295257568,1.4430773258209229,0.00015020370483398438,0.018159564584493637,0.11205320060253143,0.9999208450317383
syco_bullshit_v2_phys_pnf_02,-C,False,70,1,0,True,True,-2.0,1.4432275295257568,1.4431976079940796,2.9921531677246094e-05,0.020166359841823578,0.11327753961086273,0.9999023675918579
syco_bullshit_v2_phys_pnf_02,-C,False,71,1,0,True,True,-2.0,1.4432275295257568,1.4430725574493408,0.00015497207641601562,0.022381652146577835,0.12015475332736969,0.999879777431488
syco_bullshit_v2_phys_pnf_02,-C,False,72,1,0,True,True,-2.0,1.4432275295257568,1.4437403678894043,0.0005128383636474609,0.01976674608886242,0.11109158396720886,0.9999063014984131
syco_bullshit_v2_phys_pnf_02,-C,False,73,1,0,True,True,-2.0,1.4432275295257568,1.442399501800537,0.0008280277252197266,0.022739581763744354,0.12004148960113525,0.9998760223388672
syco_bullshit_v2_phys_pnf_02,-C,False,74,1,0,True,True,-2.0,1.4432275295257568,1.4438502788543701,0.0006227493286132812,0.02415640279650688,0.1271795630455017,0.9998601078987122
syco_bullshit_v2_phys_pnf_02,-C,False,75,1,0,True,True,-2.0,1.4432275295257568,1.4434856176376343,0.0002580881118774414,0.020111842080950737,0.11395077407360077,0.9999030232429504
syco_bullshit_v2_phys_pnf_02,-C,False,76,1,0,True,True,-2.0,1.4432275295257568,1.4431161880493164,0.00011134147644042969,0.023954391479492188,0.12327145040035248,0.9998623132705688
syco_bullshit_v2_phys_pnf_02,-C,False,77,1,0,True,True,-2.0,1.4432275295257568,1.4445351362228394,0.0013076066970825195,0.02054903469979763,0.11848452687263489,0.99989914894104
syco_bullshit_v2_phys_pnf_02,-C,False,78,1,0,True,True,-2.0,1.4432275295257568,1.443671703338623,0.00044417381286621094,0.020703954622149467,0.11665283143520355,0.9998972415924072
syco_bullshit_v2_phys_pnf_02,-C,False,79,1,0,True,True,-2.0,1.4432275295257568,1.443366527557373,0.00013899803161621094,0.02133043482899666,0.12285953760147095,0.999890923500061
syco_bullshit_v2_phys_pnf_02,-C,False,80,1,0,True,True,-2.0,1.4432275295257568,1.4438620805740356,0.0006345510482788086,0.019832536578178406,0.11415071785449982,0.9999057054519653
syco_bullshit_v2_phys_pnf_02,-C,False,81,1,0,True,True,-2.0,1.4432275295257568,1.4428273439407349,0.00040018558502197266,0.021461183205246925,0.1112629622220993,0.9998894929885864
syco_bullshit_v2_phys_pnf_02,-C,False,82,1,0,True,True,-2.0,1.4432275295257568,1.4432960748672485,6.854534149169922e-05,0.020890455693006516,0.11748476326465607,0.9998952150344849
syco_bullshit_v2_phys_pnf_02,-C,False,83,1,0,True,True,-2.0,1.4432275295257568,1.4441967010498047,0.0009691715240478516,0.02331624925136566,0.11986324191093445,0.9998698234558105
syco_bullshit_v2_phys_pnf_02,-C,False,84,1,0,True,True,-2.0,1.4432275295257568,1.442392110824585,0.000835418701171875,0.020223770290613174,0.11554443836212158,0.9999020099639893
syco_bullshit_v2_phys_pnf_02,-C,False,85,1,0,True,True,-2.0,1.4432275295257568,1.4431854486465454,4.208087921142578e-05,0.014734728261828423,0.08896158635616302,0.9999479055404663
syco_bullshit_v2_phys_pnf_02,-C,False,86,1,0,True,True,-2.0,1.4432275295257568,1.4436109066009521,0.0003833770751953125,0.019327446818351746,0.10382921993732452,0.9999104142189026
syco_bullshit_v2_phys_pnf_03,+C,False,0,71,70,True,True,2.0,1.4432275295257568,1.4431699514389038,5.7578086853027344e-05,0.01846507005393505,0.10624602437019348,0.9999181628227234
syco_bullshit_v2_phys_pnf_03,+C,False,1,1,0,True,True,2.0,1.4432275295257568,1.4435703754425049,0.0003428459167480469,0.021571170538663864,0.1145002692937851,0.9998883605003357
syco_bullshit_v2_phys_pnf_03,+C,False,2,1,0,True,True,2.0,1.4432275295257568,1.4430415630340576,0.00018596649169921875,0.020349008962512016,0.10706387460231781,0.9999005198478699
syco_bullshit_v2_phys_pnf_03,+C,False,3,1,0,True,True,2.0,1.4432275295257568,1.444006085395813,0.0007785558700561523,0.02191317267715931,0.11414672434329987,0.9998849034309387
syco_bullshit_v2_phys_pnf_03,+C,False,4,1,0,True,True,2.0,1.4432275295257568,1.442378044128418,0.0008494853973388672,0.022345636039972305,0.1162990927696228,0.999880313873291
syco_bullshit_v2_phys_pnf_03,+C,False,5,1,0,True,True,2.0,1.4432275295257568,1.4431729316711426,5.459785461425781e-05,0.022860802710056305,0.11512768268585205,0.9998745322227478
syco_bullshit_v2_phys_pnf_03,+C,False,6,1,0,True,True,2.0,1.4432275295257568,1.4431930780410767,3.445148468017578e-05,0.023607371374964714,0.1181967705488205,0.9998661875724792
syco_bullshit_v2_phys_pnf_03,+C,False,7,1,0,True,True,2.0,1.4432275295257568,1.444895625114441,0.001668095588684082,0.0211531613022089,0.11292505264282227,0.9998935461044312
syco_bullshit_v2_phys_pnf_03,+C,False,8,1,0,True,True,2.0,1.4432275295257568,1.4438544511795044,0.0006269216537475586,0.022411638870835304,0.11422842741012573,0.9998796582221985
syco_bullshit_v2_phys_pnf_03,+C,False,9,1,0,True,True,2.0,1.4432275295257568,1.442769169807434,0.0004583597183227539,0.021870573982596397,0.1155288815498352,0.9998853206634521
syco_bullshit_v2_phys_pnf_03,+C,False,10,1,0,True,True,2.0,1.4432275295257568,1.44291090965271,0.000316619873046875,0.020394377410411835,0.10746149718761444,0.9999001622200012
syco_bullshit_v2_phys_pnf_03,+C,False,11,1,0,True,True,2.0,1.4432275295257568,1.4423080682754517,0.0009194612503051758,0.020425280556082726,0.10757529735565186,0.9999000430107117
syco_bullshit_v2_phys_pnf_03,+C,False,12,1,0,True,True,2.0,1.4432275295257568,1.4419249296188354,0.0013025999069213867,0.023858344182372093,0.12174707651138306,0.9998637437820435
syco_bullshit_v2_phys_pnf_03,+C,False,13,1,0,True,True,2.0,1.4432275295257568,1.443070650100708,0.00015687942504882812,0.022859713062644005,0.1183127611875534,0.9998745918273926
syco_bullshit_v2_phys_pnf_03,+C,False,14,1,0,True,True,2.0,1.4432275295257568,1.4437719583511353,0.000544428825378418,0.022811325266957283,0.11718103289604187,0.9998752474784851
syco_bullshit_v2_phys_pnf_03,+C,False,15,1,0,True,True,2.0,1.4432275295257568,1.4422078132629395,0.0010197162628173828,0.020529335364699364,0.10966289043426514,0.9998990297317505
syco_bullshit_v2_phys_pnf_03,+C,False,16,1,0,True,True,2.0,1.4432275295257568,1.4425748586654663,0.0006526708602905273,0.02315186709165573,0.11946184933185577,0.9998714923858643
syco_bullshit_v2_phys_pnf_03,+C,False,17,1,0,True,True,2.0,1.4432275295257568,1.443400263786316,0.00017273426055908203,0.023857302963733673,0.1241355836391449,0.9998634457588196
syco_bullshit_v2_phys_pnf_03,+C,False,18,1,0,True,True,2.0,1.4432275295257568,1.4432145357131958,1.2993812561035156e-05,0.022456824779510498,0.11830580234527588,0.9998789429664612
syco_bullshit_v2_phys_pnf_03,+C,False,19,1,0,True,True,2.0,1.4432275295257568,1.443818211555481,0.0005906820297241211,0.019701505079865456,0.11116166412830353,0.9999069571495056
syco_bullshit_v2_phys_pnf_03,+C,False,20,1,0,True,True,2.0,1.4432275295257568,1.4434480667114258,0.0002205371856689453,0.022727862000465393,0.11782562732696533,0.9998760223388672
syco_bullshit_v2_phys_pnf_03,+C,False,21,1,0,True,True,2.0,1.4432275295257568,1.4426236152648926,0.0006039142608642578,0.019361067563295364,0.1055067628622055,0.9999101161956787
syco_bullshit_v2_phys_pnf_03,+C,False,22,1,0,True,True,2.0,1.4432275295257568,1.4421969652175903,0.001030564308166504,0.02276046946644783,0.11567161977291107,0.9998757839202881
syco_bullshit_v2_phys_pnf_03,+C,False,23,1,0,True,True,2.0,1.4432275295257568,1.4440287351608276,0.0008012056350708008,0.023131949827075005,0.12207271158695221,0.9998717904090881
syco_bullshit_v2_phys_pnf_03,+C,False,24,1,0,True,True,2.0,1.4432275295257568,1.443090558052063,0.00013697147369384766,0.020674537867307663,0.11358365416526794,0.9998975396156311
syco_bullshit_v2_phys_pnf_03,+C,False,25,1,0,True,True,2.0,1.4432275295257568,1.4427027702331543,0.0005247592926025391,0.02185041457414627,0.11810143291950226,0.9998854994773865
syco_bullshit_v2_phys_pnf_03,+C,False,26,1,0,True,True,2.0,1.4432275295257568,1.4425287246704102,0.0006988048553466797,0.02213425189256668,0.1179702877998352,0.9998824596405029
syco_bullshit_v2_phys_pnf_03,+C,False,27,1,0,True,True,2.0,1.4432275295257568,1.4429680109024048,0.0002595186233520508,0.023212766274809837,0.12188315391540527,0.9998706579208374
syco_bullshit_v2_phys_pnf_03,+C,False,28,1,0,True,True,2.0,1.4432275295257568,1.4440735578536987,0.0008460283279418945,0.02295543998479843,0.12144361436367035,0.9998738765716553
syco_bullshit_v2_phys_pnf_03,+C,False,29,1,0,True,True,2.0,1.4432275295257568,1.4432010650634766,2.6464462280273438e-05,0.02073531597852707,0.1206001341342926,0.9998968243598938
syco_bullshit_v2_phys_pnf_03,+C,False,30,1,0,True,True,2.0,1.4432275295257568,1.4424560070037842,0.0007715225219726562,0.022845767438411713,0.11780954897403717,0.9998748302459717
syco_bullshit_v2_phys_pnf_03,+C,False,31,1,0,True,True,2.0,1.4432275295257568,1.4425543546676636,0.0006731748580932617,0.01944749616086483,0.10848718881607056,0.9999092817306519
syco_bullshit_v2_phys_pnf_03,+C,False,32,1,0,True,True,2.0,1.4432275295257568,1.4423801898956299,0.0008473396301269531,0.023690098896622658,0.12386184930801392,0.9998653531074524
syco_bullshit_v2_phys_pnf_03,+C,False,33,1,0,True,True,2.0,1.4432275295257568,1.4430557489395142,0.00017178058624267578,0.02491055615246296,0.12726378440856934,0.9998511075973511
syco_bullshit_v2_phys_pnf_03,+C,False,34,1,0,True,True,2.0,1.4432275295257568,1.4437865018844604,0.0005589723587036133,0.02361549250781536,0.12215659022331238,0.999866247177124
syco_bullshit_v2_phys_pnf_03,+C,False,35,1,0,True,True,2.0,1.4432275295257568,1.443243384361267,1.5854835510253906e-05,0.020450042560696602,0.1168857216835022,0.9998996257781982
syco_bullshit_v2_phys_pnf_03,+C,False,36,1,0,True,True,2.0,1.4432275295257568,1.4425052404403687,0.0007222890853881836,0.018700607120990753,0.1057622879743576,0.9999162554740906
syco_bullshit_v2_phys_pnf_03,+C,False,37,1,0,True,True,2.0,1.4432275295257568,1.4434806108474731,0.0002530813217163086,0.022360671311616898,0.11779375374317169,0.9998800158500671
syco_bullshit_v2_phys_pnf_03,+C,False,38,1,0,True,True,2.0,1.4432275295257568,1.4430643320083618,0.00016319751739501953,0.02318749763071537,0.11924682557582855,0.9998709559440613
syco_bullshit_v2_phys_pnf_03,+C,False,39,1,0,True,True,2.0,1.4432275295257568,1.443564772605896,0.00033724308013916016,0.02205507643520832,0.1180826723575592,0.9998832941055298
syco_bullshit_v2_phys_pnf_03,+C,False,40,1,0,True,True,2.0,1.4432275295257568,1.4437106847763062,0.0004831552505493164,0.022305164486169815,0.11857639253139496,0.9998807311058044
syco_bullshit_v2_phys_pnf_03,+C,False,41,1,0,True,True,2.0,1.4432275295257568,1.443441390991211,0.00021386146545410156,0.019312473013997078,0.11298821866512299,0.9999104738235474
syco_bullshit_v2_phys_pnf_03,+C,False,42,1,0,True,True,2.0,1.4432275295257568,1.4428128004074097,0.00041472911834716797,0.02265968732535839,0.11903762817382812,0.9998767375946045
syco_bullshit_v2_phys_pnf_03,+C,False,43,1,0,True,True,2.0,1.4432275295257568,1.4432270526885986,4.76837158203125e-07,0.02375982142984867,0.12531203031539917,0.9998645186424255
syco_bullshit_v2_phys_pnf_03,+C,False,44,1,0,True,True,2.0,1.4432275295257568,1.4427136182785034,0.000513911247253418,0.023266930133104324,0.1223413348197937,0.9998700618743896
syco_bullshit_v2_phys_pnf_03,+C,False,45,1,0,True,True,2.0,1.4432275295257568,1.4427261352539062,0.0005013942718505859,0.020113352686166763,0.11211995780467987,0.9999029040336609
syco_bullshit_v2_phys_pnf_03,+C,False,46,1,0,True,True,2.0,1.4432275295257568,1.4433196783065796,9.21487808227539e-05,0.0188712477684021,0.11021202802658081,0.9999145865440369
syco_bullshit_v2_phys_pnf_03,+C,False,47,1,0,True,True,2.0,1.4432275295257568,1.4426677227020264,0.0005598068237304688,0.020797474309802055,0.11685030162334442,0.9998962879180908
syco_bullshit_v2_phys_pnf_03,+C,False,48,1,0,True,True,2.0,1.4432275295257568,1.4431606531143188,6.687641143798828e-05,0.022735070437192917,0.1235215812921524,0.9998760223388672
syco_bullshit_v2_phys_pnf_03,+C,False,49,1,0,True,True,2.0,1.4432275295257568,1.443819522857666,0.0005919933319091797,0.02360696718096733,0.12457418441772461,0.9998663663864136
syco_bullshit_v2_phys_pnf_03,+C,False,50,1,0,True,True,2.0,1.4432275295257568,1.4431287050247192,9.882450103759766e-05,0.020766431465744972,0.10737165808677673,0.9998965859413147
syco_bullshit_v2_phys_pnf_03,+C,False,51,1,0,True,True,2.0,1.4432275295257568,1.4431198835372925,0.00010764598846435547,0.015250185504555702,0.08978568017482758,0.9999441504478455
syco_bullshit_v2_phys_pnf_03,+C,False,52,1,0,True,True,2.0,1.4432275295257568,1.4432390928268433,1.1563301086425781e-05,0.018202343955636024,0.10083092749118805,0.9999204874038696
syco_bullshit_v2_phys_pnf_03,-C,False,0,71,70,True,True,-2.0,1.4432275295257568,1.4434269666671753,0.00019943714141845703,0.01871168613433838,0.10624602437019348,0.9999159574508667
syco_bullshit_v2_phys_pnf_03,-C,False,1,1,0,True,True,-2.0,1.4432275295257568,1.4436559677124023,0.0004284381866455078,0.021794822067022324,0.1145002692937851,0.9998860359191895
syco_bullshit_v2_phys_pnf_03,-C,False,2,1,0,True,True,-2.0,1.4432275295257568,1.4433104991912842,8.296966552734375e-05,0.020518973469734192,0.10706387460231781,0.9998989105224609
syco_bullshit_v2_phys_pnf_03,-C,False,3,1,0,True,True,-2.0,1.4432275295257568,1.443198561668396,2.8967857360839844e-05,0.02186472713947296,0.11414672434329987,0.9998852014541626
syco_bullshit_v2_phys_pnf_03,-C,False,4,1,0,True,True,-2.0,1.4432275295257568,1.4421066045761108,0.001120924949645996,0.022346245124936104,0.1162990927696228,0.9998804330825806
syco_bullshit_v2_phys_pnf_03,-C,False,5,1,0,True,True,-2.0,1.4432275295257568,1.4435675144195557,0.0003399848937988281,0.02362692356109619,0.11512768268585205,0.9998661279678345
syco_bullshit_v2_phys_pnf_03,-C,False,6,1,0,True,True,-2.0,1.4432275295257568,1.4438105821609497,0.0005830526351928711,0.023966625332832336,0.1181967705488205,0.9998622536659241
syco_bullshit_v2_phys_pnf_03,-C,False,7,1,0,True,True,-2.0,1.4432275295257568,1.4432992935180664,7.176399230957031e-05,0.021005943417549133,0.11292505264282227,0.9998941421508789
syco_bullshit_v2_phys_pnf_03,-C,False,8,1,0,True,True,-2.0,1.4432275295257568,1.4435566663742065,0.00032913684844970703,0.02238234132528305,0.11461959779262543,0.9998798370361328
syco_bullshit_v2_phys_pnf_03,-C,False,9,1,0,True,True,-2.0,1.4432275295257568,1.4432921409606934,6.461143493652344e-05,0.019712159410119057,0.10790896415710449,0.9999067783355713
syco_bullshit_v2_phys_pnf_03,-C,False,10,1,0,True,True,-2.0,1.4432275295257568,1.4431090354919434,0.00011849403381347656,0.020951014012098312,0.10796914994716644,0.9998946785926819
syco_bullshit_v2_phys_pnf_03,-C,False,11,1,0,True,True,-2.0,1.4432275295257568,1.4440416097640991,0.0008140802383422852,0.024372108280658722,0.12083578109741211,0.9998576641082764
syco_bullshit_v2_phys_pnf_03,-C,False,12,1,0,True,True,-2.0,1.4432275295257568,1.4444565773010254,0.0012290477752685547,0.02169453538954258,0.11292494833469391,0.9998874664306641
syco_bullshit_v2_phys_pnf_03,-C,False,13,1,0,True,True,-2.0,1.4432275295257568,1.4426919221878052,0.0005356073379516602,0.022215213626623154,0.1152714192867279,0.9998815059661865
syco_bullshit_v2_phys_pnf_03,-C,False,14,1,0,True,True,-2.0,1.4432275295257568,1.4419690370559692,0.0012584924697875977,0.02293434366583824,0.11336810886859894,0.9998739957809448
syco_bullshit_v2_phys_pnf_03,-C,False,15,1,0,True,True,-2.0,1.4432275295257568,1.4446051120758057,0.0013775825500488281,0.02448631078004837,0.12267851829528809,0.99985671043396
syco_bullshit_v2_phys_pnf_03,-C,False,16,1,0,True,True,-2.0,1.4432275295257568,1.4441547393798828,0.0009272098541259766,0.021320512518286705,0.1145700067281723,0.9998911619186401
syco_bullshit_v2_phys_pnf_03,-C,False,17,1,0,True,True,-2.0,1.4432275295257568,1.4432556629180908,2.8133392333984375e-05,0.022320326417684555,0.10896375775337219,0.9998804330825806
syco_bullshit_v2_phys_pnf_03,-C,False,18,1,0,True,True,-2.0,1.4432275295257568,1.4439122676849365,0.0006847381591796875,0.021794674918055534,0.11390572786331177,0.999886155128479
syco_bullshit_v2_phys_pnf_03,-C,False,19,1,0,True,True,-2.0,1.4432275295257568,1.4436531066894531,0.00042557716369628906,0.02251823991537094,0.11756058037281036,0.9998784065246582
syco_bullshit_v2_phys_pnf_03,-C,False,20,1,0,True,True,-2.0,1.4432275295257568,1.4436675310134888,0.0004400014877319336,0.02344425395131111,0.12113039195537567,0.9998681545257568
syco_bullshit_v2_phys_pnf_03,-C,False,21,1,0,True,True,-2.0,1.4432275295257568,1.4436261653900146,0.0003986358642578125,0.023137619718909264,0.12171036005020142,0.9998716115951538
syco_bullshit_v2_phys_pnf_03,-C,False,22,1,0,True,True,-2.0,1.4432275295257568,1.4426084756851196,0.000619053840637207,0.02162323333323002,0.11015091836452484,0.9998878240585327
syco_bullshit_v2_phys_pnf_03,-C,False,23,1,0,True,True,-2.0,1.4432275295257568,1.4432697296142578,4.220008850097656e-05,0.01935393735766411,0.10371099412441254,0.9999101758003235
syco_bullshit_v2_phys_pnf_03,-C,False,24,1,0,True,True,-2.0,1.4432275295257568,1.444517970085144,0.001290440559387207,0.022444626316428185,0.11106571555137634,0.9998795986175537
syco_bullshit_v2_phys_pnf_03,-C,False,25,1,0,True,True,-2.0,1.4432275295257568,1.4427064657211304,0.0005210638046264648,0.022341175004839897,0.12346035242080688,0.9998802542686462
syco_bullshit_v2_phys_pnf_03,-C,False,26,1,0,True,True,-2.0,1.4432275295257568,1.4433945417404175,0.00016701221466064453,0.020872902125120163,0.11963494122028351,0.999895453453064
syco_bullshit_v2_phys_pnf_03,-C,False,27,1,0,True,True,-2.0,1.4432275295257568,1.4434611797332764,0.00023365020751953125,0.020731506869196892,0.11333167552947998,0.9998968839645386
syco_bullshit_v2_phys_pnf_03,-C,False,28,1,0,True,True,-2.0,1.4432275295257568,1.4430190324783325,0.0002084970474243164,0.01892200857400894,0.10415245592594147,0.9999141693115234
syco_bullshit_v2_phys_pnf_03,-C,False,29,1,0,True,True,-2.0,1.4432275295257568,1.44288170337677,0.0003458261489868164,0.023178864270448685,0.12200300395488739,0.999871015548706
syco_bullshit_v2_phys_pnf_03,-C,False,30,1,0,True,True,-2.0,1.4432275295257568,1.442798137664795,0.00042939186096191406,0.022821826860308647,0.11434002220630646,0.9998750686645508
syco_bullshit_v2_phys_pnf_03,-C,False,31,1,0,True,True,-2.0,1.4432275295257568,1.4431321620941162,9.5367431640625e-05,0.02373899705708027,0.1208711713552475,0.9998646974563599
syco_bullshit_v2_phys_pnf_03,-C,False,32,1,0,True,True,-2.0,1.4432275295257568,1.4447801113128662,0.001552581787109375,0.021464882418513298,0.11436408758163452,0.9998900890350342
syco_bullshit_v2_phys_pnf_03,-C,False,33,1,0,True,True,-2.0,1.4432275295257568,1.4432671070098877,3.9577484130859375e-05,0.023701753467321396,0.11950676143169403,0.9998651742935181
syco_bullshit_v2_phys_pnf_03,-C,False,34,1,0,True,True,-2.0,1.4432275295257568,1.4431413412094116,8.618831634521484e-05,0.01962272636592388,0.10543237626552582,0.9999075531959534
syco_bullshit_v2_phys_pnf_03,-C,False,35,1,0,True,True,-2.0,1.4432275295257568,1.4440592527389526,0.0008317232131958008,0.022862158715724945,0.11735346913337708,0.9998748302459717
syco_bullshit_v2_phys_pnf_03,-C,False,36,1,0,True,True,-2.0,1.4432275295257568,1.4443562030792236,0.0011286735534667969,0.023089898750185966,0.1212688684463501,0.9998723864555359
syco_bullshit_v2_phys_pnf_03,-C,False,37,1,0,True,True,-2.0,1.4432275295257568,1.4430005550384521,0.0002269744873046875,0.02040114626288414,0.11020465195178986,0.9999001026153564
syco_bullshit_v2_phys_pnf_03,-C,False,38,1,0,True,True,-2.0,1.4432275295257568,1.4434278011322021,0.0002002716064453125,0.021776845678687096,0.11792860925197601,0.999886155128479
syco_bullshit_v2_phys_pnf_03,-C,False,39,1,0,True,True,-2.0,1.4432275295257568,1.442328929901123,0.0008985996246337891,0.01989353634417057,0.11215515434741974,0.9999052286148071
syco_bullshit_v2_phys_pnf_03,-C,False,40,1,0,True,True,-2.0,1.4432275295257568,1.4430180788040161,0.00020945072174072266,0.020645195618271828,0.11157965660095215,0.9998976588249207
syco_bullshit_v2_phys_pnf_03,-C,False,41,1,0,True,True,-2.0,1.4432275295257568,1.4449082612991333,0.0016807317733764648,0.02488386631011963,0.12629233300685883,0.9998523592948914
syco_bullshit_v2_phys_pnf_03,-C,False,42,1,0,True,True,-2.0,1.4432275295257568,1.4446563720703125,0.001428842544555664,0.023172903805971146,0.11987568438053131,0.9998717904090881
syco_bullshit_v2_phys_pnf_03,-C,False,43,1,0,True,True,-2.0,1.4432275295257568,1.443263292312622,3.5762786865234375e-05,0.0203066635876894,0.11576148867607117,0.9999009370803833
syco_bullshit_v2_phys_pnf_03,-C,False,44,1,0,True,True,-2.0,1.4432275295257568,1.4432570934295654,2.956390380859375e-05,0.022726615890860558,0.12231582403182983,0.9998759627342224
syco_bullshit_v2_phys_pnf_03,-C,False,45,1,0,True,True,-2.0,1.4432275295257568,1.443367838859558,0.00014030933380126953,0.02214222401380539,0.1182488203048706,0.9998822808265686
syco_bullshit_v2_phys_pnf_03,-C,False,46,1,0,True,True,-2.0,1.4432275295257568,1.4433917999267578,0.00016427040100097656,0.022386161610484123,0.11569994688034058,0.9998797178268433
syco_bullshit_v2_phys_pnf_03,-C,False,47,1,0,True,True,-2.0,1.4432275295257568,1.44317626953125,5.125999450683594e-05,0.020266622304916382,0.11358615756034851,0.9999014139175415
syco_bullshit_v2_phys_pnf_03,-C,False,48,1,0,True,True,-2.0,1.4432275295257568,1.4433656930923462,0.00013816356658935547,0.02224121242761612,0.11894986033439636,0.9998812675476074
syco_bullshit_v2_phys_pnf_03,-C,False,49,1,0,True,True,-2.0,1.4432275295257568,1.4435393810272217,0.00031185150146484375,0.023492634296417236,0.12243273854255676,0.9998675584793091
syco_bullshit_v2_phys_pnf_03,-C,False,50,1,0,True,True,-2.0,1.4432275295257568,1.4431358575820923,9.167194366455078e-05,0.0216782595962286,0.11699099838733673,0.999887228012085
syco_bullshit_v2_phys_pnf_03,-C,False,51,1,0,True,True,-2.0,1.4432275295257568,1.4436025619506836,0.0003750324249267578,0.02059563808143139,0.1085193008184433,0.9998981952667236
syco_bullshit_v2_phys_pnf_03,-C,False,52,1,0,True,True,-2.0,1.4432275295257568,1.4432721138000488,4.458427429199219e-05,0.02114045061171055,0.11764788627624512,0.9998927712440491
syco_bullshit_v2_phys_pnf_03,-C,False,53,1,0,True,True,-2.0,1.4432275295257568,1.4420883655548096,0.0011391639709472656,0.021176164969801903,0.10823582112789154,0.99989253282547
syco_bullshit_v2_phys_pnf_03,-C,False,54,1,0,True,True,-2.0,1.4432275295257568,1.4432120323181152,1.5497207641601562e-05,0.02004730887711048,0.10567076504230499,0.9999035596847534
syco_bullshit_v2_phys_pnf_03,-C,False,55,1,0,True,True,-2.0,1.4432275295257568,1.4442003965377808,0.0009728670120239258,0.022757546976208687,0.11987142264842987,0.999876081943512
syco_bullshit_v2_phys_pnf_03,-C,False,56,1,0,True,True,-2.0,1.4432275295257568,1.4447556734085083,0.0015281438827514648,0.02405925653874874,0.12284664809703827,0.9998618364334106
syco_bullshit_v2_phys_pnf_03,-C,False,57,1,0,True,True,-2.0,1.4432275295257568,1.443693995475769,0.00046646595001220703,0.021172475069761276,0.10636043548583984,0.9998924732208252
syco_bullshit_v2_phys_pnf_03,-C,False,58,1,0,True,True,-2.0,1.4432275295257568,1.443750262260437,0.0005227327346801758,0.015252330340445042,0.08949829638004303,0.9999443292617798
syco_bullshit_v2_phys_pnf_03,-C,False,59,1,0,True,True,-2.0,1.4432275295257568,1.4429606199264526,0.0002669095993041992,0.01734986901283264,0.10032331943511963,0.9999277591705322
syco_bullshit_v2_leg_pnf_01,+C,True,0,55,54,True,True,0.0,0.0,0.0,0.0,0.0,0.08553986251354218,
syco_bullshit_v2_leg_pnf_01,+C,True,1,1,0,True,True,0.0,0.0,0.0,0.0,0.0,0.08155471086502075,
syco_bullshit_v2_leg_pnf_01,+C,True,2,1,0,True,True,0.0,0.0,0.0,0.0,0.0,0.09915415197610855,
syco_bullshit_v2_leg_pnf_01,+C,True,3,1,0,True,True,0.0,0.0,0.0,0.0,0.0,0.08979710191488266,
syco_bullshit_v2_leg_pnf_01,+C,True,4,1,0,True,True,0.0,0.0,0.0,0.0,0.0,0.09425609558820724,
syco_bullshit_v2_leg_pnf_01,+C,True,5,1,0,True,True,0.0,0.0,0.0,0.0,0.0,0.09153620898723602,
syco_bullshit_v2_leg_pnf_01,+C,True,6,1,0,True,True,0.0,0.0,0.0,0.0,0.0,0.09157682955265045,
syco_bullshit_v2_leg_pnf_01,+C,True,7,1,0,True,True,0.0,0.0,0.0,0.0,0.0,0.09846848994493484,
syco_bullshit_v2_leg_pnf_01,+C,True,8,1,0,True,True,0.0,0.0,0.0,0.0,0.0,0.08742443472146988,
syco_bullshit_v2_leg_pnf_01,+C,True,9,1,0,True,True,0.0,0.0,0.0,0.0,0.0,0.09056667238473892,
syco_bullshit_v2_leg_pnf_01,+C,True,10,1,0,True,True,0.0,0.0,0.0,0.0,0.0,0.09384358674287796,
syco_bullshit_v2_leg_pnf_01,+C,True,11,1,0,True,True,0.0,0.0,0.0,0.0,0.0,0.09508739411830902,
syco_bullshit_v2_leg_pnf_01,+C,True,12,1,0,True,True,0.0,0.0,0.0,0.0,0.0,0.09824883937835693,
syco_bullshit_v2_leg_pnf_01,+C,True,13,1,0,True,True,0.0,0.0,0.0,0.0,0.0,0.08719593286514282,
syco_bullshit_v2_leg_pnf_01,+C,True,14,1,0,True,True,0.0,0.0,0.0,0.0,0.0,0.10211873799562454,
syco_bullshit_v2_leg_pnf_01,+C,True,15,1,0,True,True,0.0,0.0,0.0,0.0,0.0,0.09421064704656601,
syco_bullshit_v2_leg_pnf_01,+C,True,16,1,0,True,True,0.0,0.0,0.0,0.0,0.0,0.0974634438753128,
syco_bullshit_v2_leg_pnf_01,+C,True,17,1,0,True,True,0.0,0.0,0.0,0.0,0.0,0.09363941848278046,
syco_bullshit_v2_leg_pnf_01,+C,True,18,1,0,True,True,0.0,0.0,0.0,0.0,0.0,0.08445587754249573,
syco_bullshit_v2_leg_pnf_01,+C,True,19,1,0,True,True,0.0,0.0,0.0,0.0,0.0,0.09466978907585144,
syco_bullshit_v2_leg_pnf_01,+C,True,20,1,0,True,True,0.0,0.0,0.0,0.0,0.0,0.0929117500782013,
syco_bullshit_v2_leg_pnf_01,+C,True,21,1,0,True,True,0.0,0.0,0.0,0.0,0.0,0.09947273135185242,
syco_bullshit_v2_leg_pnf_01,+C,True,22,1,0,True,True,0.0,0.0,0.0,0.0,0.0,0.09855365753173828,
syco_bullshit_v2_leg_pnf_01,+C,True,23,1,0,True,True,0.0,0.0,0.0,0.0,0.0,0.09849600493907928,
syco_bullshit_v2_leg_pnf_01,+C,True,24,1,0,True,True,0.0,0.0,0.0,0.0,0.0,0.0971854105591774,
syco_bullshit_v2_leg_pnf_01,+C,True,25,1,0,True,True,0.0,0.0,0.0,0.0,0.0,0.08879781514406204,
syco_bullshit_v2_leg_pnf_01,+C,True,26,1,0,True,True,0.0,0.0,0.0,0.0,0.0,0.09984427690505981,
syco_bullshit_v2_leg_pnf_01,+C,True,27,1,0,True,True,0.0,0.0,0.0,0.0,0.0,0.09570823609828949,
syco_bullshit_v2_leg_pnf_01,+C,True,28,1,0,True,True,0.0,0.0,0.0,0.0,0.0,0.09758079797029495,
syco_bullshit_v2_leg_pnf_01,+C,True,29,1,0,True,True,0.0,0.0,0.0,0.0,0.0,0.09091227501630783,
syco_bullshit_v2_leg_pnf_01,+C,True,30,1,0,True,True,0.0,0.0,0.0,0.0,0.0,0.0835924744606018,
syco_bullshit_v2_leg_pnf_01,+C,True,31,1,0,True,True,0.0,0.0,0.0,0.0,0.0,0.08640915900468826,
syco_bullshit_v2_leg_pnf_01,+C,True,32,1,0,True,True,0.0,0.0,0.0,0.0,0.0,0.09778553992509842,
syco_bullshit_v2_leg_pnf_01,+C,True,33,1,0,True,True,0.0,0.0,0.0,0.0,0.0,0.09881266206502914,
syco_bullshit_v2_leg_pnf_01,+C,True,34,1,0,True,True,0.0,0.0,0.0,0.0,0.0,0.08763942867517471,
syco_bullshit_v2_leg_pnf_01,+C,True,35,1,0,True,True,0.0,0.0,0.0,0.0,0.0,0.09649935364723206,
syco_bullshit_v2_leg_pnf_01,+C,True,36,1,0,True,True,0.0,0.0,0.0,0.0,0.0,0.10229798406362534,
syco_bullshit_v2_leg_pnf_01,+C,True,37,1,0,True,True,0.0,0.0,0.0,0.0,0.0,0.08015012741088867,
syco_bullshit_v2_leg_pnf_01,+C,True,38,1,0,True,True,0.0,0.0,0.0,0.0,0.0,0.10020696371793747,
syco_bullshit_v2_leg_pnf_01,+C,True,39,1,0,True,True,0.0,0.0,0.0,0.0,0.0,0.09107033908367157,
syco_bullshit_v2_leg_pnf_01,+C,True,40,1,0,True,True,0.0,0.0,0.0,0.0,0.0,0.09886450320482254,
syco_bullshit_v2_leg_pnf_01,+C,True,41,1,0,True,True,0.0,0.0,0.0,0.0,0.0,0.09640995413064957,
syco_bullshit_v2_leg_pnf_01,+C,True,42,1,0,True,True,0.0,0.0,0.0,0.0,0.0,0.0904042199254036,
syco_bullshit_v2_leg_pnf_01,+C,True,43,1,0,True,True,0.0,0.0,0.0,0.0,0.0,0.08546333760023117,
syco_bullshit_v2_leg_pnf_01,+C,True,44,1,0,True,True,0.0,0.0,0.0,0.0,0.0,0.09416969865560532,
syco_bullshit_v2_leg_pnf_01,+C,True,45,1,0,True,True,0.0,0.0,0.0,0.0,0.0,0.09273646026849747,
syco_bullshit_v2_leg_pnf_01,+C,True,46,1,0,True,True,0.0,0.0,0.0,0.0,0.0,0.10076766461133957,
syco_bullshit_v2_leg_pnf_01,+C,True,47,1,0,True,True,0.0,0.0,0.0,0.0,0.0,0.09329306334257126,
syco_bullshit_v2_leg_pnf_01,+C,True,48,1,0,True,True,0.0,0.0,0.0,0.0,0.0,0.09237329661846161,
syco_bullshit_v2_leg_pnf_01,+C,True,49,1,0,True,True,0.0,0.0,0.0,0.0,0.0,0.09430109709501266,
syco_bullshit_v2_leg_pnf_01,+C,True,50,1,0,True,True,0.0,0.0,0.0,0.0,0.0,0.09485200047492981,
syco_bullshit_v2_leg_pnf_01,+C,True,51,1,0,True,True,0.0,0.0,0.0,0.0,0.0,0.10206113010644913,
syco_bullshit_v2_leg_pnf_01,+C,True,52,1,0,True,True,0.0,0.0,0.0,0.0,0.0,0.08489542454481125,
syco_bullshit_v2_leg_pnf_01,+C,True,53,1,0,True,True,0.0,0.0,0.0,0.0,0.0,0.06592600047588348,
syco_bullshit_v2_leg_pnf_01,+C,True,54,1,0,True,True,0.0,0.0,0.0,0.0,0.0,0.07858632504940033,
syco_bullshit_v2_leg_pnf_01,-C,True,0,55,54,True,True,-0.0,0.0,0.0,0.0,0.0,0.08553986251354218,
syco_bullshit_v2_leg_pnf_01,-C,True,1,1,0,True,True,-0.0,0.0,0.0,0.0,0.0,0.08155471086502075,
syco_bullshit_v2_leg_pnf_01,-C,True,2,1,0,True,True,-0.0,0.0,0.0,0.0,0.0,0.09915415197610855,
syco_bullshit_v2_leg_pnf_01,-C,True,3,1,0,True,True,-0.0,0.0,0.0,0.0,0.0,0.08979710191488266,
syco_bullshit_v2_leg_pnf_01,-C,True,4,1,0,True,True,-0.0,0.0,0.0,0.0,0.0,0.09425609558820724,
syco_bullshit_v2_leg_pnf_01,-C,True,5,1,0,True,True,-0.0,0.0,0.0,0.0,0.0,0.09153620898723602,
syco_bullshit_v2_leg_pnf_01,-C,True,6,1,0,True,True,-0.0,0.0,0.0,0.0,0.0,0.09157682955265045,
syco_bullshit_v2_leg_pnf_01,-C,True,7,1,0,True,True,-0.0,0.0,0.0,0.0,0.0,0.09846848994493484,
syco_bullshit_v2_leg_pnf_01,-C,True,8,1,0,True,True,-0.0,0.0,0.0,0.0,0.0,0.08742443472146988,
syco_bullshit_v2_leg_pnf_01,-C,True,9,1,0,True,True,-0.0,0.0,0.0,0.0,0.0,0.09056667238473892,
syco_bullshit_v2_leg_pnf_01,-C,True,10,1,0,True,True,-0.0,0.0,0.0,0.0,0.0,0.09384358674287796,
syco_bullshit_v2_leg_pnf_01,-C,True,11,1,0,True,True,-0.0,0.0,0.0,0.0,0.0,0.09508739411830902,
syco_bullshit_v2_leg_pnf_01,-C,True,12,1,0,True,True,-0.0,0.0,0.0,0.0,0.0,0.09824883937835693,
syco_bullshit_v2_leg_pnf_01,-C,True,13,1,0,True,True,-0.0,0.0,0.0,0.0,0.0,0.08719593286514282,
syco_bullshit_v2_leg_pnf_01,-C,True,14,1,0,True,True,-0.0,0.0,0.0,0.0,0.0,0.10211873799562454,
syco_bullshit_v2_leg_pnf_01,-C,True,15,1,0,True,True,-0.0,0.0,0.0,0.0,0.0,0.09421064704656601,
syco_bullshit_v2_leg_pnf_01,-C,True,16,1,0,True,True,-0.0,0.0,0.0,0.0,0.0,0.0974634438753128,
syco_bullshit_v2_leg_pnf_01,-C,True,17,1,0,True,True,-0.0,0.0,0.0,0.0,0.0,0.09363941848278046,
syco_bullshit_v2_leg_pnf_01,-C,True,18,1,0,True,True,-0.0,0.0,0.0,0.0,0.0,0.08445587754249573,
syco_bullshit_v2_leg_pnf_01,-C,True,19,1,0,True,True,-0.0,0.0,0.0,0.0,0.0,0.09466978907585144,
syco_bullshit_v2_leg_pnf_01,-C,True,20,1,0,True,True,-0.0,0.0,0.0,0.0,0.0,0.0929117500782013,
syco_bullshit_v2_leg_pnf_01,-C,True,21,1,0,True,True,-0.0,0.0,0.0,0.0,0.0,0.09947273135185242,
syco_bullshit_v2_leg_pnf_01,-C,True,22,1,0,True,True,-0.0,0.0,0.0,0.0,0.0,0.09855365753173828,
syco_bullshit_v2_leg_pnf_01,-C,True,23,1,0,True,True,-0.0,0.0,0.0,0.0,0.0,0.09849600493907928,
syco_bullshit_v2_leg_pnf_01,-C,True,24,1,0,True,True,-0.0,0.0,0.0,0.0,0.0,0.0971854105591774,
syco_bullshit_v2_leg_pnf_01,-C,True,25,1,0,True,True,-0.0,0.0,0.0,0.0,0.0,0.08879781514406204,
syco_bullshit_v2_leg_pnf_01,-C,True,26,1,0,True,True,-0.0,0.0,0.0,0.0,0.0,0.09984427690505981,
syco_bullshit_v2_leg_pnf_01,-C,True,27,1,0,True,True,-0.0,0.0,0.0,0.0,0.0,0.09570823609828949,
syco_bullshit_v2_leg_pnf_01,-C,True,28,1,0,True,True,-0.0,0.0,0.0,0.0,0.0,0.09758079797029495,
syco_bullshit_v2_leg_pnf_01,-C,True,29,1,0,True,True,-0.0,0.0,0.0,0.0,0.0,0.09091227501630783,
syco_bullshit_v2_leg_pnf_01,-C,True,30,1,0,True,True,-0.0,0.0,0.0,0.0,0.0,0.0835924744606018,
syco_bullshit_v2_leg_pnf_01,-C,True,31,1,0,True,True,-0.0,0.0,0.0,0.0,0.0,0.08640915900468826,
syco_bullshit_v2_leg_pnf_01,-C,True,32,1,0,True,True,-0.0,0.0,0.0,0.0,0.0,0.09778553992509842,
syco_bullshit_v2_leg_pnf_01,-C,True,33,1,0,True,True,-0.0,0.0,0.0,0.0,0.0,0.09881266206502914,
syco_bullshit_v2_leg_pnf_01,-C,True,34,1,0,True,True,-0.0,0.0,0.0,0.0,0.0,0.08763942867517471,
syco_bullshit_v2_leg_pnf_01,-C,True,35,1,0,True,True,-0.0,0.0,0.0,0.0,0.0,0.09649935364723206,
syco_bullshit_v2_leg_pnf_01,-C,True,36,1,0,True,True,-0.0,0.0,0.0,0.0,0.0,0.10229798406362534,
syco_bullshit_v2_leg_pnf_01,-C,True,37,1,0,True,True,-0.0,0.0,0.0,0.0,0.0,0.08015012741088867,
syco_bullshit_v2_leg_pnf_01,-C,True,38,1,0,True,True,-0.0,0.0,0.0,0.0,0.0,0.10020696371793747,
syco_bullshit_v2_leg_pnf_01,-C,True,39,1,0,True,True,-0.0,0.0,0.0,0.0,0.0,0.09107033908367157,
syco_bullshit_v2_leg_pnf_01,-C,True,40,1,0,True,True,-0.0,0.0,0.0,0.0,0.0,0.09886450320482254,
syco_bullshit_v2_leg_pnf_01,-C,True,41,1,0,True,True,-0.0,0.0,0.0,0.0,0.0,0.09640995413064957,
syco_bullshit_v2_leg_pnf_01,-C,True,42,1,0,True,True,-0.0,0.0,0.0,0.0,0.0,0.0904042199254036,
syco_bullshit_v2_leg_pnf_01,-C,True,43,1,0,True,True,-0.0,0.0,0.0,0.0,0.0,0.08546333760023117,
syco_bullshit_v2_leg_pnf_01,-C,True,44,1,0,True,True,-0.0,0.0,0.0,0.0,0.0,0.09416969865560532,
syco_bullshit_v2_leg_pnf_01,-C,True,45,1,0,True,True,-0.0,0.0,0.0,0.0,0.0,0.09273646026849747,
syco_bullshit_v2_leg_pnf_01,-C,True,46,1,0,True,True,-0.0,0.0,0.0,0.0,0.0,0.10076766461133957,
syco_bullshit_v2_leg_pnf_01,-C,True,47,1,0,True,True,-0.0,0.0,0.0,0.0,0.0,0.09329306334257126,
syco_bullshit_v2_leg_pnf_01,-C,True,48,1,0,True,True,-0.0,0.0,0.0,0.0,0.0,0.09237329661846161,
syco_bullshit_v2_leg_pnf_01,-C,True,49,1,0,True,True,-0.0,0.0,0.0,0.0,0.0,0.09430109709501266,
syco_bullshit_v2_leg_pnf_01,-C,True,50,1,0,True,True,-0.0,0.0,0.0,0.0,0.0,0.09485200047492981,
syco_bullshit_v2_leg_pnf_01,-C,True,51,1,0,True,True,-0.0,0.0,0.0,0.0,0.0,0.10206113010644913,
syco_bullshit_v2_leg_pnf_01,-C,True,52,1,0,True,True,-0.0,0.0,0.0,0.0,0.0,0.08489542454481125,
syco_bullshit_v2_leg_pnf_01,-C,True,53,1,0,True,True,-0.0,0.0,0.0,0.0,0.0,0.06592600047588348,
syco_bullshit_v2_leg_pnf_01,-C,True,54,1,0,True,True,-0.0,0.0,0.0,0.0,0.0,0.07858632504940033,
