2171861 openat(AT_FDCWD, "/etc/ld.so.cache", O_RDONLY|O_CLOEXEC) = 3
2171861 openat(AT_FDCWD, "/lib/x86_64-linux-gnu/libdl.so.2", O_RDONLY|O_CLOEXEC) = 3
2171861 read(3, "\177ELF\2\1\1\0\0\0\0\0\0\0\0\0\3\0>\0\1\0\0\0\0\0\0\0\0\0\0\0"..., 832) = 832
2171861 openat(AT_FDCWD, "/lib/x86_64-linux-gnu/libgcc_s.so.1", O_RDONLY|O_CLOEXEC) = 3
2171861 read(3, "\177ELF\2\1\1\0\0\0\0\0\0\0\0\0\3\0>\0\1\0\0\0\0\0\0\0\0\0\0\0"..., 832) = 832
2171861 openat(AT_FDCWD, "/lib/x86_64-linux-gnu/librt.so.1", O_RDONLY|O_CLOEXEC) = 3
2171861 read(3, "\177ELF\2\1\1\0\0\0\0\0\0\0\0\0\3\0>\0\1\0\0\0\0\0\0\0\0\0\0\0"..., 832) = 832
2171861 openat(AT_FDCWD, "/lib/x86_64-linux-gnu/libpthread.so.0", O_RDONLY|O_CLOEXEC) = 3
2171861 read(3, "\177ELF\2\1\1\0\0\0\0\0\0\0\0\0\3\0>\0\1\0\0\0\0\0\0\0\0\0\0\0"..., 832) = 832
2171861 openat(AT_FDCWD, "/lib/x86_64-linux-gnu/libm.so.6", O_RDONLY|O_CLOEXEC) = 3
2171861 read(3, "\177ELF\2\1\1\3\0\0\0\0\0\0\0\0\3\0>\0\1\0\0\0\0\0\0\0\0\0\0\0"..., 832) = 832
2171861 openat(AT_FDCWD, "/lib/x86_64-linux-gnu/libc.so.6", O_RDONLY|O_CLOEXEC) = 3
2171861 read(3, "\177ELF\2\1\1\3\0\0\0\0\0\0\0\0\3\0>\0\1\0\0\0\220\243\2\0\0\0\0\0"..., 832) = 832
2171861 openat(AT_FDCWD, "/proc/self/maps", O_RDONLY|O_CLOEXEC) = 3
2171861 read(3, "5894b2200000-5894b6b58000 r-xp 0"..., 1024) = 1024
2171861 read(3, "4-linux-gnu/libc.so.6\n785857a050"..., 1024) = 1024
2171861 read(3, "85857b7f000 r--p 00002000 103:03"..., 1024) = 1024
2171861 read(3, "0028000 103:03 89021087         "..., 1024) = 1024
2171861 read(3, "0 00:00 0                       "..., 1024) = 894
2171861 openat(AT_FDCWD, "/proc/self/cgroup", O_RDONLY|O_CLOEXEC) = 3
2171861 read(3, "0::/.lxc\n", 128)      = 9
2171861 read(3, "", 119)                = 0
2171861 openat(AT_FDCWD, "/sys/fs/cgroup/.lxc/cpu.max", O_RDONLY|O_CLOEXEC) = 3
2171861 read(3, "max 100000\n", 32)     = 11
2171861 read(3, "", 9)                  = 0
2171861 openat(AT_FDCWD, "/sys/fs/cgroup/cpu.max", O_RDONLY|O_CLOEXEC) = 3
2171861 read(3, "max 100000\n", 32)     = 11
2171861 read(3, "", 9)                  = 0
2171871 openat(AT_FDCWD, "/sys/devices/system/cpu/online", O_RDONLY|O_CLOEXEC <unfinished ...>
2171872 openat(AT_FDCWD, "/sys/devices/system/cpu/online", O_RDONLY|O_CLOEXEC <unfinished ...>
2171871 <... openat resumed>)           = 9
2171871 read(9,  <unfinished ...>
2171872 <... openat resumed>)           = 10
2171872 read(10,  <unfinished ...>
2171873 openat(AT_FDCWD, "/sys/devices/system/cpu/online", O_RDONLY|O_CLOEXEC <unfinished ...>
2171871 <... read resumed>"0-23\n", 1024) = 5
2171872 <... read resumed>"0-23\n", 1024) = 5
2171873 <... openat resumed>)           = 11
2171873 read(11, "0-23\n", 1024)        = 5
2171861 openat(AT_FDCWD, "/workspace/2026/jspace/j-steer_pub/mise.toml", O_RDONLY|O_CLOEXEC) = 9
2171861 read(9, "[tools]\nuv = \"latest\"\n", 22) = 22
2171861 read(9, "", 32)                 = 0
2171861 openat(AT_FDCWD, "/home/code/.config/mise/config.toml", O_RDONLY|O_CLOEXEC) = 9
2171861 read(9, "[tools]\n\"npm:pnpm\" = \"latest\"\npy"..., 106) = 106
2171861 read(9, "", 32)                 = 0
2171861 openat(AT_FDCWD, "/etc/os-release", O_RDONLY|O_CLOEXEC) = 9
2171861 read(9, "PRETTY_NAME=\"Ubuntu 24.04.4 LTS\""..., 400) = 400
2171861 read(9, "", 32)                 = 0
2171861 openat(AT_FDCWD, "/proc/self/cgroup", O_RDONLY|O_CLOEXEC) = 9
2171861 read(9, "0::/.lxc\n", 128)      = 9
2171861 read(9, "", 119)                = 0
2171861 openat(AT_FDCWD, "/sys/fs/cgroup/.lxc/cpu.max", O_RDONLY|O_CLOEXEC) = 9
2171861 read(9, "max 100000\n", 32)     = 11
2171861 read(9, "", 9)                  = 0
2171861 openat(AT_FDCWD, "/sys/fs/cgroup/cpu.max", O_RDONLY|O_CLOEXEC) = 9
2171861 read(9, "max 100000\n", 32)     = 11
2171861 read(9, "", 9)                  = 0
2171877 openat(AT_FDCWD, "/home/code/.local/share/mise/installs/.mise-installs.toml", O_RDONLY|O_CLOEXEC) = 9
2171877 read(9, "[bun]\nshort = \"bun\"\nfull = \"core"..., 588) = 588
2171877 read(9, "", 32)                 = 0
2171877 openat(AT_FDCWD, "/home/code/.local/share/mise/installs", O_RDONLY|O_NONBLOCK|O_CLOEXEC|O_DIRECTORY) = 9
2171877 openat(AT_FDCWD, "/home/code/.local/share/mise/installs/bun/.mise.backend.toml", O_RDONLY|O_CLOEXEC) = 9
2171877 read(9, "short = \"bun\"\nfull = \"core:bun\"\n"..., 55) = 55
2171877 read(9, "", 32)                 = 0
2171877 openat(AT_FDCWD, "/home/code/.local/share/mise/installs/bun", O_RDONLY|O_NONBLOCK|O_CLOEXEC|O_DIRECTORY) = 9
2171877 openat(AT_FDCWD, "/home/code/.local/share/mise/installs/npm-pnpm/.mise.backend.toml", O_RDONLY|O_CLOEXEC) = 9
2171877 read(9, "short = \"npm:pnpm\"\nfull = \"npm:p"..., 60) = 60
2171877 read(9, "", 32)                 = 0
2171877 openat(AT_FDCWD, "/home/code/.local/share/mise/installs/npm-pnpm", O_RDONLY|O_NONBLOCK|O_CLOEXEC|O_DIRECTORY) = 9
2171877 openat(AT_FDCWD, "/home/code/.local/share/mise/installs/npm-tsx/.mise.backend.toml", O_RDONLY|O_CLOEXEC) = 9
2171877 read(9, "short = \"npm:tsx\"\nfull = \"npm:ts"..., 58) = 58
2171877 read(9, "", 32)                 = 0
2171877 openat(AT_FDCWD, "/home/code/.local/share/mise/installs/npm-tsx", O_RDONLY|O_NONBLOCK|O_CLOEXEC|O_DIRECTORY) = 9
2171877 openat(AT_FDCWD, "/home/code/.local/share/mise/installs/npm-typescript/.mise.backend.toml", O_RDONLY|O_CLOEXEC) = 9
2171877 read(9, "short = \"npm:typescript\"\nfull = "..., 72) = 72
2171877 read(9, "", 32)                 = 0
2171877 openat(AT_FDCWD, "/home/code/.local/share/mise/installs/npm-typescript", O_RDONLY|O_NONBLOCK|O_CLOEXEC|O_DIRECTORY) = 9
2171877 openat(AT_FDCWD, "/home/code/.local/share/mise/installs/python/.mise.backend.toml", O_RDONLY|O_CLOEXEC) = 9
2171877 read(9, "short = \"python\"\nfull = \"core:py"..., 61) = 61
2171877 read(9, "", 32)                 = 0
2171877 openat(AT_FDCWD, "/home/code/.local/share/mise/installs/python", O_RDONLY|O_NONBLOCK|O_CLOEXEC|O_DIRECTORY) = 9
2171877 openat(AT_FDCWD, "/home/code/.local/share/mise/installs/rust/.mise.backend.toml", O_RDONLY|O_CLOEXEC) = 9
2171877 read(9, "short = \"rust\"\nfull = \"core:rust"..., 57) = 57
2171877 read(9, "", 32)                 = 0
2171877 openat(AT_FDCWD, "/home/code/.local/share/mise/installs/rust", O_RDONLY|O_NONBLOCK|O_CLOEXEC|O_DIRECTORY) = 9
2171877 openat(AT_FDCWD, "/home/code/.local/share/mise/installs/uv/.mise.backend.toml", O_RDONLY|O_CLOEXEC) = 9
2171877 read(9, "short = \"uv\"\nfull = \"aqua:astral"..., 64) = 64
2171877 read(9, "", 32)                 = 0
2171877 openat(AT_FDCWD, "/home/code/.local/share/mise/installs/uv", O_RDONLY|O_NONBLOCK|O_CLOEXEC|O_DIRECTORY) = 9
2171877 openat(AT_FDCWD, "/home/code/.local/share/mise/installs/zellij/.mise.backend.toml", O_RDONLY|O_CLOEXEC) = 9
2171877 read(9, "short = \"zellij\"\nfull = \"aqua:ze"..., 73) = 73
2171877 read(9, "", 32)                 = 0
2171877 openat(AT_FDCWD, "/home/code/.local/share/mise/installs/zellij", O_RDONLY|O_NONBLOCK|O_CLOEXEC|O_DIRECTORY) = 9
2171861 openat(AT_FDCWD, "/lib", O_RDONLY|O_NONBLOCK|O_CLOEXEC|O_DIRECTORY) = 9
2171861 openat(AT_FDCWD, "/lib64", O_RDONLY|O_NONBLOCK|O_CLOEXEC|O_DIRECTORY) = 9
2171861 openat(AT_FDCWD, "/workspace/2026/jspace/j-steer_pub/mise.toml", O_RDONLY|O_CLOEXEC) = 9
2171861 read(9, "[tools]\nuv = \"latest\"\n", 22) = 22
2171861 read(9, "", 32)                 = 0
2171861 openat(AT_FDCWD, "/home/code/.config/mise/config.toml", O_RDONLY|O_CLOEXEC) = 9
2171861 read(9, "[tools]\n\"npm:pnpm\" = \"latest\"\npy"..., 106) = 106
2171861 read(9, "", 32)                 = 0
2171861 openat(AT_FDCWD, "/proc/self/cgroup", O_RDONLY|O_CLOEXEC) = 9
2171861 read(9, "0::/.lxc\n", 128)      = 9
2171861 read(9, "", 119)                = 0
2171861 openat(AT_FDCWD, "/sys/fs/cgroup/.lxc/cpu.max", O_RDONLY|O_CLOEXEC) = 9
2171861 read(9, "max 100000\n", 32)     = 11
2171861 read(9, "", 9)                  = 0
2171861 openat(AT_FDCWD, "/sys/fs/cgroup/cpu.max", O_RDONLY|O_CLOEXEC) = 9
2171861 read(9, "max 100000\n", 32)     = 11
2171861 read(9, "", 9)                  = 0
2171877 openat(AT_FDCWD, "/usr/share/zoneinfo", O_RDONLY|O_NONBLOCK|O_CLOEXEC|O_DIRECTORY) = 9
2171877 openat(AT_FDCWD, "/usr/share/zoneinfo/Indian", O_RDONLY|O_NONBLOCK|O_CLOEXEC|O_DIRECTORY) = 9
2171877 openat(AT_FDCWD, "/usr/share/zoneinfo/Etc", O_RDONLY|O_NONBLOCK|O_CLOEXEC|O_DIRECTORY) = 9
2171877 openat(AT_FDCWD, "/usr/share/zoneinfo/Arctic", O_RDONLY|O_NONBLOCK|O_CLOEXEC|O_DIRECTORY) = 9
2171877 openat(AT_FDCWD, "/usr/share/zoneinfo/Atlantic", O_RDONLY|O_NONBLOCK|O_CLOEXEC|O_DIRECTORY) = 9
2171877 openat(AT_FDCWD, "/usr/share/zoneinfo/Europe", O_RDONLY|O_NONBLOCK|O_CLOEXEC|O_DIRECTORY) = 9
2171877 openat(AT_FDCWD, "/usr/share/zoneinfo/Australia", O_RDONLY|O_NONBLOCK|O_CLOEXEC|O_DIRECTORY) = 9
2171877 openat(AT_FDCWD, "/usr/share/zoneinfo/Pacific", O_RDONLY|O_NONBLOCK|O_CLOEXEC|O_DIRECTORY) = 9
2171877 openat(AT_FDCWD, "/usr/share/zoneinfo/Africa", O_RDONLY|O_NONBLOCK|O_CLOEXEC|O_DIRECTORY) = 9
2171877 openat(AT_FDCWD, "/usr/share/zoneinfo/Asia", O_RDONLY|O_NONBLOCK|O_CLOEXEC|O_DIRECTORY) = 9
2171877 openat(AT_FDCWD, "/usr/share/zoneinfo/America", O_RDONLY|O_NONBLOCK|O_CLOEXEC|O_DIRECTORY) = 9
2171877 openat(AT_FDCWD, "/usr/share/zoneinfo/America/Indiana", O_RDONLY|O_NONBLOCK|O_CLOEXEC|O_DIRECTORY) = 9
2171877 openat(AT_FDCWD, "/usr/share/zoneinfo/America/Kentucky", O_RDONLY|O_NONBLOCK|O_CLOEXEC|O_DIRECTORY) = 9
2171877 openat(AT_FDCWD, "/usr/share/zoneinfo/America/North_Dakota", O_RDONLY|O_NONBLOCK|O_CLOEXEC|O_DIRECTORY) = 9
2171877 openat(AT_FDCWD, "/usr/share/zoneinfo/America/Argentina", O_RDONLY|O_NONBLOCK|O_CLOEXEC|O_DIRECTORY) = 9
2171877 openat(AT_FDCWD, "/usr/share/zoneinfo/Antarctica", O_RDONLY|O_NONBLOCK|O_CLOEXEC|O_DIRECTORY) = 9
2171877 openat(AT_FDCWD, "/home/code/.local/share/mise/installs/uv", O_RDONLY|O_NONBLOCK|O_CLOEXEC|O_DIRECTORY <unfinished ...>
2171876 openat(AT_FDCWD, "/home/code/.local/share/mise/installs/npm-tsx", O_RDONLY|O_NONBLOCK|O_CLOEXEC|O_DIRECTORY <unfinished ...>
2171878 openat(AT_FDCWD, "/home/code/.local/share/mise/installs/npm-pnpm", O_RDONLY|O_NONBLOCK|O_CLOEXEC|O_DIRECTORY <unfinished ...>
2171877 <... openat resumed>)           = 9
2171875 openat(AT_FDCWD, "/home/code/.local/share/mise/installs/npm-typescript", O_RDONLY|O_NONBLOCK|O_CLOEXEC|O_DIRECTORY <unfinished ...>
2171873 openat(AT_FDCWD, "/home/code/.local/share/mise/installs/python", O_RDONLY|O_NONBLOCK|O_CLOEXEC|O_DIRECTORY <unfinished ...>
2171878 <... openat resumed>)           = 11
2171876 <... openat resumed>)           = 10
2171875 <... openat resumed>)           = 12
2171873 <... openat resumed>)           = 13
2171875 openat(AT_FDCWD, "/home/code/.local/share/mise/installs/npm-typescript/.mise.backend.toml", O_RDONLY|O_CLOEXEC) = 14
2171876 openat(AT_FDCWD, "/home/code/.local/share/mise/installs/npm-tsx/.mise.backend.toml", O_RDONLY|O_CLOEXEC) = 15
2171877 openat(AT_FDCWD, "/home/code/.local/share/mise/installs/uv/.mise.backend.toml", O_RDONLY|O_CLOEXEC <unfinished ...>
2171875 read(14,  <unfinished ...>
2171877 <... openat resumed>)           = 16
2171875 <... read resumed>"short = \"npm:typescript\"\nfull = "..., 72) = 72
2171876 read(15,  <unfinished ...>
2171875 read(14,  <unfinished ...>
2171873 openat(AT_FDCWD, "/home/code/.local/share/mise/installs/python/.mise.backend.toml", O_RDONLY|O_CLOEXEC <unfinished ...>
2171877 read(16,  <unfinished ...>
2171876 <... read resumed>"short = \"npm:tsx\"\nfull = \"npm:ts"..., 58) = 58
2171875 <... read resumed>"", 32)       = 0
2171877 <... read resumed>"short = \"uv\"\nfull = \"aqua:astral"..., 64) = 64
2171876 read(15,  <unfinished ...>
2171873 <... openat resumed>)           = 17
2171877 read(16,  <unfinished ...>
2171876 <... read resumed>"", 32)       = 0
2171877 <... read resumed>"", 32)       = 0
2171873 read(17, "short = \"python\"\nfull = \"core:py"..., 61) = 61
2171873 read(17, "", 32)                = 0
2171877 openat(AT_FDCWD, "/home/code/.local/share/mise/installs/uv", O_RDONLY|O_NONBLOCK|O_CLOEXEC|O_DIRECTORY) = 9
2171873 openat(AT_FDCWD, "/home/code/.local/share/mise/installs/python", O_RDONLY|O_NONBLOCK|O_CLOEXEC|O_DIRECTORY <unfinished ...>
2171876 openat(AT_FDCWD, "/home/code/.local/share/mise/installs/npm-tsx", O_RDONLY|O_NONBLOCK|O_CLOEXEC|O_DIRECTORY <unfinished ...>
2171875 openat(AT_FDCWD, "/home/code/.local/share/mise/installs/npm-typescript", O_RDONLY|O_NONBLOCK|O_CLOEXEC|O_DIRECTORY <unfinished ...>
2171876 <... openat resumed>)           = 12
2171873 <... openat resumed>)           = 10
2171875 <... openat resumed>)           = 13
2171877 openat(AT_FDCWD, "/home/code/.local/share/mise/installs/uv/.mise.backend.toml", O_RDONLY|O_CLOEXEC) = 14
2171875 openat(AT_FDCWD, "/home/code/.local/share/mise/installs/npm-typescript/.mise.backend.toml", O_RDONLY|O_CLOEXEC) = 15
2171877 read(14,  <unfinished ...>
2171876 openat(AT_FDCWD, "/home/code/.local/share/mise/installs/npm-tsx/.mise.backend.toml", O_RDONLY|O_CLOEXEC <unfinished ...>
2171877 <... read resumed>"short = \"uv\"\nfull = \"aqua:astral"..., 64) = 64
2171876 <... openat resumed>)           = 16
2171877 read(14,  <unfinished ...>
2171873 openat(AT_FDCWD, "/home/code/.local/share/mise/installs/python/.mise.backend.toml", O_RDONLY|O_CLOEXEC <unfinished ...>
2171877 <... read resumed>"", 32)       = 0
2171875 read(15,  <unfinished ...>
2171876 read(16,  <unfinished ...>
2171873 <... openat resumed>)           = 17
2171876 <... read resumed>"short = \"npm:tsx\"\nfull = \"npm:ts"..., 58) = 58
2171875 <... read resumed>"short = \"npm:typescript\"\nfull = "..., 72) = 72
2171876 read(16,  <unfinished ...>
2171875 read(15,  <unfinished ...>
2171876 <... read resumed>"", 32)       = 0
2171875 <... read resumed>"", 32)       = 0
2171873 read(17, "short = \"python\"\nfull = \"core:py"..., 61) = 61
2171873 read(17, "", 32)                = 0
2171878 openat(AT_FDCWD, "/home/code/.local/share/mise/installs/npm-pnpm/.mise.backend.toml", O_RDONLY|O_CLOEXEC) = 9
2171878 read(9, "short = \"npm:pnpm\"\nfull = \"npm:p"..., 60) = 60
2171878 read(9, "", 32)                 = 0
2171878 openat(AT_FDCWD, "/home/code/.local/share/mise/installs/npm-pnpm", O_RDONLY|O_NONBLOCK|O_CLOEXEC|O_DIRECTORY) = 9
2171878 openat(AT_FDCWD, "/home/code/.local/share/mise/installs/npm-pnpm/.mise.backend.toml", O_RDONLY|O_CLOEXEC) = 10
2171878 read(10, "short = \"npm:pnpm\"\nfull = \"npm:p"..., 60) = 60
2171878 read(10, "", 32)                = 0
2171861 openat(AT_FDCWD, "/home/code/.cache/mise/uv/0.11.3/bin_paths-22845.msgpack.z", O_RDONLY|O_CLOEXEC) = 9
2171861 read(9, "x\1\233\270\247\264L\267\302\302,\336\314D\2674/;/\277<O7'3\257\264B7\267\2648"..., 32768) = 38
2171861 read(9, "", 32768)              = 0
2171861 openat(AT_FDCWD, "/home/code/.cache/mise/uv/0.11.3/bin_paths-22845.msgpack.z", O_RDONLY|O_CLOEXEC) = 9
2171861 read(9, "x\1\233\270\247\264L\267\302\302,\336\314D\2674/;/\277<O7'3\257\264B7\267\2648"..., 32768) = 38
2171861 read(9, "", 32768)              = 0
2171861 openat(AT_FDCWD, "/home/code/.cache/mise/uv/0.11.3/bin_paths-22845.msgpack.z", O_RDONLY|O_CLOEXEC) = 9
2171861 read(9, "x\1\233\270\247\264L\267\302\302,\336\314D\2674/;/\277<O7'3\257\264B7\267\2648"..., 32768) = 38
2171861 read(9, "", 32768)              = 0
2171878 +++ exited with 0 +++
2171877 +++ exited with 0 +++
2171876 +++ exited with 0 +++
2171875 +++ exited with 0 +++
2171874 +++ exited with 0 +++
2171873 +++ exited with 0 +++
2171872 +++ exited with 0 +++
2171871 +++ exited with 0 +++
2171870 +++ exited with 0 +++
2171869 +++ exited with 0 +++
2171868 +++ exited with 0 +++
2171867 +++ exited with 0 +++
2171866 +++ exited with 0 +++
2171865 +++ exited with 0 +++
2171864 +++ exited with 0 +++
2171863 +++ exited with 0 +++
2171861 read(3, "0", 1)                 = 1
2171861 read(3, "always [madvise] never\n", 24) = 23
2171883 read(9, "[project]\nname = \"vjp_steering\"\n"..., 670) = 670
2171883 read(9, "", 32)                 = 0
2171882 read(9, "[project]\nname = \"vjp_steering\"\n"..., 671) = 670
2171882 read(9, "", 1)                  = 0
2171882 read(9, "[project]\nname = \"vjp_steering\"\n"..., 671) = 670
2171882 read(9, "", 1)                  = 0
2171882 read(9, "# One day behind the strictest c"..., 203) = 202
2171882 read(9, "", 1)                  = 0
2171882 read(9, "0::/.lxc\n", 128)      = 9
2171882 read(9, "", 119)                = 0
2171882 read(9, "max 100000\n", 32)     = 11
2171882 read(9, "", 9)                  = 0
2171882 read(9, "max 100000\n", 32)     = 11
2171882 read(9, "", 9)                  = 0
2171882 read(9, "0::/.lxc\n", 128)      = 9
2171882 read(9, "", 119)                = 0
2171882 read(9, "max 100000\n", 32)     = 11
2171882 read(9, "", 9)                  = 0
2171882 read(9, "max 100000\n", 32)     = 11
2171882 read(9, "", 9)                  = 0
2171882 read(9, "0::/.lxc\n", 128)      = 9
2171882 read(9, "", 119)                = 0
2171882 read(9, "max 100000\n", 32)     = 11
2171882 read(9, "", 9)                  = 0
2171882 read(9, "max 100000\n", 32)     = 11
2171882 read(9, "", 9)                  = 0
2171883 read(10, "[project]\nname = \"vjp_steering\"\n"..., 670) = 670
2171883 read(10, "", 32)                = 0
2171882 read(11, "Linux\n", 32)         = 6
2171882 read(11, "", 2)                 = 0
2171882 read(11, "\222\222\316jt;q\316\35\276\317O\334\0\21\222\223\251manylinux\2'\246x8"..., 1609) = 1608
2171882 read(11, "", 1)                 = 0
2171882 read(11, "home = /home/code/.local/share/u"..., 195) = 194
2171882 read(11, "", 1)                 = 0
2171882 read(10, "{}", 8192)            = 2
2171882 read(10, "", 8192)              = 0
2171882 read(10, "{\"url\":\"https://github.com/wassn"..., 8192) = 166
2171882 read(10, "", 8192)              = 0
2171882 read(10, "{\"timestamp\":{\"secs_since_epoch\""..., 8192) = 142
2171882 read(10, "", 8192)              = 0
2171882 read(10, "{}", 8192)            = 2
2171882 read(10, "", 8192)              = 0
2171882 read(10, "{\"url\":\"file:///workspace/2026/j"..., 8192) = 80
2171882 read(10, "", 8192)              = 0
2171882 read(10, "", 4)                 = 0
2171885 openat(AT_FDCWD, "/home/code/.local/share/uv/python/cpython-3.13.12-linux-x86_64-gnu/bin/../lib/glibc-hwcaps/x86-64-v3/libpthread.so.0", O_RDONLY|O_CLOEXEC) = -1 ENOENT (No such file or directory)
2171885 openat(AT_FDCWD, "/home/code/.local/share/uv/python/cpython-3.13.12-linux-x86_64-gnu/bin/../lib/glibc-hwcaps/x86-64-v2/libpthread.so.0", O_RDONLY|O_CLOEXEC) = -1 ENOENT (No such file or directory)
2171885 openat(AT_FDCWD, "/home/code/.local/share/uv/python/cpython-3.13.12-linux-x86_64-gnu/bin/../lib/libpthread.so.0", O_RDONLY|O_CLOEXEC) = -1 ENOENT (No such file or directory)
2171885 openat(AT_FDCWD, "/etc/ld.so.cache", O_RDONLY|O_CLOEXEC) = 3
2171885 openat(AT_FDCWD, "/lib/x86_64-linux-gnu/libpthread.so.0", O_RDONLY|O_CLOEXEC) = 3
2171885 read(3, "\177ELF\2\1\1\0\0\0\0\0\0\0\0\0\3\0>\0\1\0\0\0\0\0\0\0\0\0\0\0"..., 832) = 832
2171885 openat(AT_FDCWD, "/home/code/.local/share/uv/python/cpython-3.13.12-linux-x86_64-gnu/bin/../lib/libdl.so.2", O_RDONLY|O_CLOEXEC) = -1 ENOENT (No such file or directory)
2171885 openat(AT_FDCWD, "/lib/x86_64-linux-gnu/libdl.so.2", O_RDONLY|O_CLOEXEC) = 3
2171885 read(3, "\177ELF\2\1\1\0\0\0\0\0\0\0\0\0\3\0>\0\1\0\0\0\0\0\0\0\0\0\0\0"..., 832) = 832
2171885 openat(AT_FDCWD, "/home/code/.local/share/uv/python/cpython-3.13.12-linux-x86_64-gnu/bin/../lib/libutil.so.1", O_RDONLY|O_CLOEXEC) = -1 ENOENT (No such file or directory)
2171885 openat(AT_FDCWD, "/lib/x86_64-linux-gnu/libutil.so.1", O_RDONLY|O_CLOEXEC) = 3
2171885 read(3, "\177ELF\2\1\1\0\0\0\0\0\0\0\0\0\3\0>\0\1\0\0\0\0\0\0\0\0\0\0\0"..., 832) = 832
2171885 openat(AT_FDCWD, "/home/code/.local/share/uv/python/cpython-3.13.12-linux-x86_64-gnu/bin/../lib/librt.so.1", O_RDONLY|O_CLOEXEC) = -1 ENOENT (No such file or directory)
2171885 openat(AT_FDCWD, "/lib/x86_64-linux-gnu/librt.so.1", O_RDONLY|O_CLOEXEC) = 3
2171885 read(3, "\177ELF\2\1\1\0\0\0\0\0\0\0\0\0\3\0>\0\1\0\0\0\0\0\0\0\0\0\0\0"..., 832) = 832
2171885 openat(AT_FDCWD, "/home/code/.local/share/uv/python/cpython-3.13.12-linux-x86_64-gnu/bin/../lib/libm.so.6", O_RDONLY|O_CLOEXEC) = -1 ENOENT (No such file or directory)
2171885 openat(AT_FDCWD, "/lib/x86_64-linux-gnu/libm.so.6", O_RDONLY|O_CLOEXEC) = 3
2171885 read(3, "\177ELF\2\1\1\3\0\0\0\0\0\0\0\0\3\0>\0\1\0\0\0\0\0\0\0\0\0\0\0"..., 832) = 832
2171885 openat(AT_FDCWD, "/home/code/.local/share/uv/python/cpython-3.13.12-linux-x86_64-gnu/bin/../lib/libc.so.6", O_RDONLY|O_CLOEXEC) = -1 ENOENT (No such file or directory)
2171885 openat(AT_FDCWD, "/lib/x86_64-linux-gnu/libc.so.6", O_RDONLY|O_CLOEXEC) = 3
2171885 read(3, "\177ELF\2\1\1\3\0\0\0\0\0\0\0\0\3\0>\0\1\0\0\0\220\243\2\0\0\0\0\0"..., 832) = 832
2171885 read(3, "\264\177@E\241\24\27\342.\343\304Q\251o\355\372Fdg\250w\272A\251\373\312.\260\356\250\364\314", 32) = 32
2171885 read(3, "0\n", 32)              = 2
2171885 openat(AT_FDCWD, "/usr/lib/locale/locale-archive", O_RDONLY|O_CLOEXEC) = 3
2171885 openat(AT_FDCWD, "/usr/lib/x86_64-linux-gnu/gconv/gconv-modules.cache", O_RDONLY|O_CLOEXEC) = 3
2171885 openat(AT_FDCWD, "/dev/urandom", O_RDONLY|O_CLOEXEC) = 3
2171885 read(3, "\315=\251\240\301\233\325\241\236\\e\265f\213\1j1\337}-:\211\241\251", 24) = 24
2171885 openat(AT_FDCWD, "/proc/self/maps", O_RDONLY) = 3
2171885 read(3, "003ff000-00400000 rw-p 00000000 "..., 1024) = 1024
2171885 read(3, "                    /home/code/."..., 1024) = 1024
2171885 openat(AT_FDCWD, "/workspace/2026/jspace/j-steer_pub/.venv/pyvenv.cfg", O_RDONLY) = 3
2171885 read(3, "home = /home/code/.local/share/u"..., 32768) = 194
2171885 read(3, "", 28672)              = 0
2171885 openat(AT_FDCWD, "/home/code/.local/share/uv/python/cpython-3.13.12-linux-x86_64-gnu/bin/python3.13\n._pth", O_RDONLY) = -1 ENOENT (No such file or directory)
2171885 openat(AT_FDCWD, "/workspace/2026/jspace/j-steer_pub/.venv/bin/python3._pth", O_RDONLY) = -1 ENOENT (No such file or directory)
2171885 openat(AT_FDCWD, "/home/code/.local/share/uv/python/cpython-3.13-linux-x86_64-gnu/bin/python3.13._pth", O_RDONLY) = -1 ENOENT (No such file or directory)
2171885 openat(AT_FDCWD, "/home/code/.local/share/uv/python/cpython-3.13-linux-x86_64-gnu/bin/pybuilddir.txt", O_RDONLY) = -1 ENOENT (No such file or directory)
2171885 openat(AT_FDCWD, "/etc/localtime", O_RDONLY|O_CLOEXEC) = 3
2171885 read(3, "TZif2\0\0\0\0\0\0\0\0\0\0\0\0\0\0\0\0\0\0\0\0\0\0\4\0\0\0\0"..., 4096) = 446
2171885 read(3, "TZif2\0\0\0\0\0\0\0\0\0\0\0\0\0\0\0\0\0\0\0\0\0\0\4\0\0\0\0"..., 4096) = 265
2171885 openat(AT_FDCWD, "/workspace/2026/jspace/j-steer_pub/src", O_RDONLY|O_NONBLOCK|O_CLOEXEC|O_DIRECTORY) = 3
2171885 openat(AT_FDCWD, "/home/code/.local/share/uv/python/cpython-3.13.12-linux-x86_64-gnu/lib/python3.13", O_RDONLY|O_NONBLOCK|O_CLOEXEC|O_DIRECTORY) = 3
2171885 openat(AT_FDCWD, "/home/code/.local/share/uv/python/cpython-3.13.12-linux-x86_64-gnu/lib/python3.13/encodings/__pycache__/__init__.cpython-313.pyc", O_RDONLY|O_CLOEXEC) = 3
2171885 read(3, "\363\r\r\n\0\0\0\0q;tj\374\26\0\0\343\0\0\0\0\0\0\0\0\0\0\0\0\6\0\0"..., 6080) = 6079
2171885 read(3, "", 1)                  = 0
2171885 openat(AT_FDCWD, "/home/code/.local/share/uv/python/cpython-3.13.12-linux-x86_64-gnu/lib/python3.13/encodings", O_RDONLY|O_NONBLOCK|O_CLOEXEC|O_DIRECTORY) = 3
2171885 openat(AT_FDCWD, "/home/code/.local/share/uv/python/cpython-3.13.12-linux-x86_64-gnu/lib/python3.13/encodings/__pycache__/aliases.cpython-313.pyc", O_RDONLY|O_CLOEXEC) = 3
2171885 read(3, "\363\r\r\n\0\0\0\0q;tja=\0\0\343\0\0\0\0\0\0\0\0\0\0\0\0\6\0\0"..., 12448) = 12447
2171885 read(3, "", 1)                  = 0
2171885 openat(AT_FDCWD, "/home/code/.local/share/uv/python/cpython-3.13.12-linux-x86_64-gnu/lib/python3.13/encodings/__pycache__/utf_8.cpython-313.pyc", O_RDONLY|O_CLOEXEC) = 3
2171885 read(3, "\363\r\r\n\0\0\0\0q;tj\355\3\0\0\343\0\0\0\0\0\0\0\0\0\0\0\0\5\0\0"..., 2347) = 2346
2171885 read(3, "", 1)                  = 0
2171885 openat(AT_FDCWD, "/workspace/2026/jspace/j-steer_pub/.venv/pyvenv.cfg", O_RDONLY|O_CLOEXEC) = 3
2171885 read(3, "home = /home/code/.local/share/u"..., 8192) = 194
2171885 read(3, "", 8192)               = 0
2171885 openat(AT_FDCWD, "/workspace/2026/jspace/j-steer_pub/.venv/lib/python3.13/site-packages", O_RDONLY|O_NONBLOCK|O_CLOEXEC|O_DIRECTORY) = 3
2171885 openat(AT_FDCWD, "/workspace/2026/jspace/j-steer_pub/.venv/lib/python3.13/site-packages/_virtualenv.pth", O_RDONLY|O_CLOEXEC) = 3
2171885 read(3, "import _virtualenv", 19) = 18
2171885 read(3, "", 1)                  = 0
2171885 openat(AT_FDCWD, "/home/code/.local/share/uv/python/cpython-3.13.12-linux-x86_64-gnu/lib/python3.13/encodings/__pycache__/utf_8_sig.cpython-313.pyc", O_RDONLY|O_CLOEXEC) = 3
2171885 read(3, "\363\r\r\n\0\0\0\0q;tj%\20\0\0\343\0\0\0\0\0\0\0\0\0\0\0\0\5\0\0"..., 6976) = 6975
2171885 read(3, "", 1)                  = 0
2171885 openat(AT_FDCWD, "/home/code/.local/share/uv/python/cpython-3.13-linux-x86_64-gnu/lib/python3.13/lib-dynload", O_RDONLY|O_NONBLOCK|O_CLOEXEC|O_DIRECTORY) = 3
2171885 openat(AT_FDCWD, "/workspace/2026/jspace/j-steer_pub/.venv/lib/python3.13/site-packages", O_RDONLY|O_NONBLOCK|O_CLOEXEC|O_DIRECTORY) = 3
2171885 openat(AT_FDCWD, "/workspace/2026/jspace/j-steer_pub/.venv/lib/python3.13/site-packages/__pycache__/_virtualenv.cpython-313.pyc", O_RDONLY|O_CLOEXEC) = 3
2171885 read(3, "\363\r\r\n\0\0\0\0\375W\211j\366\20\0\0\343\0\0\0\0\0\0\0\0\0\0\0\0\5\0\0"..., 4207) = 4206
2171885 read(3, "", 1)                  = 0
2171885 openat(AT_FDCWD, "/workspace/2026/jspace/j-steer_pub/.venv/lib/python3.13/site-packages/distutils-precedence.pth", O_RDONLY|O_CLOEXEC) = 3
2171885 read(3, "import os; var = 'SETUPTOOLS_USE"..., 152) = 151
2171885 read(3, "", 1)                  = 0
2171885 openat(AT_FDCWD, "/workspace/2026/jspace/j-steer_pub/.venv/lib/python3.13/site-packages/_distutils_hack/__pycache__/__init__.cpython-313.pyc", O_RDONLY|O_CLOEXEC) = 3
2171885 read(3, "\363\r\r\n\0\0\0\0\375W\211jc\32\0\0\343\0\0\0\0\0\0\0\0\0\0\0\0\6\0\0"..., 10754) = 10753
2171885 read(3, "", 1)                  = 0
2171885 openat(AT_FDCWD, "/workspace/2026/jspace/j-steer_pub/.venv/lib/python3.13/site-packages/vjp_steering.pth", O_RDONLY|O_CLOEXEC) = 3
2171885 read(3, "/workspace/2026/jspace/j-steer_p"..., 39) = 38
2171885 read(3, "", 1)                  = 0
2171885 openat(AT_FDCWD, "/workspace/2026/jspace/j-steer_pub/.venv/lib/python3.13/site-packages", O_RDONLY|O_NONBLOCK|O_CLOEXEC|O_DIRECTORY) = 3
2171885 openat(AT_FDCWD, "/workspace/2026/jspace/j-steer_pub/.venv/lib/python3.13/site-packages/_virtualenv.pth", O_RDONLY|O_CLOEXEC) = 3
2171885 read(3, "import _virtualenv", 19) = 18
2171885 read(3, "", 1)                  = 0
2171885 openat(AT_FDCWD, "/workspace/2026/jspace/j-steer_pub/.venv/lib/python3.13/site-packages/distutils-precedence.pth", O_RDONLY|O_CLOEXEC) = 3
2171885 read(3, "import os; var = 'SETUPTOOLS_USE"..., 152) = 151
2171885 read(3, "", 1)                  = 0
2171885 openat(AT_FDCWD, "/workspace/2026/jspace/j-steer_pub/.venv/lib/python3.13/site-packages/vjp_steering.pth", O_RDONLY|O_CLOEXEC) = 3
2171885 read(3, "/workspace/2026/jspace/j-steer_p"..., 39) = 38
2171885 read(3, "", 1)                  = 0
2171885 openat(AT_FDCWD, "/workspace/2026/jspace/j-steer_pub", O_RDONLY|O_NONBLOCK|O_CLOEXEC|O_DIRECTORY) = 3
2171885 openat(AT_FDCWD, "/home/code/.local/share/uv/python/cpython-3.13.12-linux-x86_64-gnu/lib/python3.13/__pycache__/linecache.cpython-313.pyc", O_RDONLY|O_CLOEXEC) = 3
2171885 read(3, "\363\r\r\n\0\0\0\0q;tj@\35\0\0\343\0\0\0\0\0\0\0\0\0\0\0\0\2\0\0"..., 8803) = 8802
2171885 read(3, "", 1)                  = 0
2171885 openat(AT_FDCWD, "/workspace/2026/jspace/j-steer_pub/.venv/lib/python3.13/site-packages/transformers/__pycache__/__init__.cpython-313.pyc", O_RDONLY|O_CLOEXEC) = 3
2171885 read(3, "\363\r\r\n\0\0\0\0\0X\211j\10\243\0\0\343\0\0\0\0\0\0\0\0\0\0\0\0\n\0\0"..., 26494) = 26493
2171885 read(3, "", 1)                  = 0
2171885 openat(AT_FDCWD, "/home/code/.local/share/uv/python/cpython-3.13.12-linux-x86_64-gnu/lib/python3.13/importlib/__pycache__/__init__.cpython-313.pyc", O_RDONLY|O_CLOEXEC) = 3
2171885 read(3, "\363\r\r\n\0\0\0\0q;tj\237\22\0\0\343\0\0\0\0\0\0\0\0\0\0\0\0\5\0\0"..., 4607) = 4606
2171885 read(3, "", 1)                  = 0
2171885 openat(AT_FDCWD, "/home/code/.local/share/uv/python/cpython-3.13.12-linux-x86_64-gnu/lib/python3.13/__pycache__/types.cpython-313.pyc", O_RDONLY|O_CLOEXEC) = 3
2171885 read(3, "\363\r\r\n\0\0\0\0q;tj<,\0\0\343\0\0\0\0\0\0\0\0\0\0\0\0\6\0\0"..., 15835) = 15834
2171885 read(3, "", 1)                  = 0
2171885 openat(AT_FDCWD, "/home/code/.local/share/uv/python/cpython-3.13.12-linux-x86_64-gnu/lib/python3.13/pathlib/__pycache__/__init__.cpython-313.pyc", O_RDONLY|O_CLOEXEC) = 3
2171885 read(3, "\363\r\r\n\0\0\0\0q;tj(\1\0\0\343\0\0\0\0\0\0\0\0\0\0\0\0\2\0\0"..., 540) = 539
2171885 read(3, "", 1)                  = 0
2171885 openat(AT_FDCWD, "/home/code/.local/share/uv/python/cpython-3.13.12-linux-x86_64-gnu/lib/python3.13/pathlib", O_RDONLY|O_NONBLOCK|O_CLOEXEC|O_DIRECTORY) = 3
2171885 openat(AT_FDCWD, "/home/code/.local/share/uv/python/cpython-3.13.12-linux-x86_64-gnu/lib/python3.13/pathlib/__pycache__/_abc.cpython-313.pyc", O_RDONLY|O_CLOEXEC) = 3
2171885 read(3, "\363\r\r\n\0\0\0\0q;tj\35\203\0\0\343\0\0\0\0\0\0\0\0\0\0\0\0\5\0\0"..., 40061) = 40060
2171885 read(3, "", 1)                  = 0
2171885 openat(AT_FDCWD, "/home/code/.local/share/uv/python/cpython-3.13.12-linux-x86_64-gnu/lib/python3.13/__pycache__/functools.cpython-313.pyc", O_RDONLY|O_CLOEXEC) = 3
2171885 read(3, "\363\r\r\n\0\0\0\0q;tj\226\230\0\0\343\0\0\0\0\0\0\0\0\0\0\0\0\7\0\0"..., 42259) = 42258
2171885 read(3, "", 1)                  = 0
2171885 openat(AT_FDCWD, "/home/code/.local/share/uv/python/cpython-3.13.12-linux-x86_64-gnu/lib/python3.13/collections/__pycache__/__init__.cpython-313.pyc", O_RDONLY|O_CLOEXEC) = 3
2171885 read(3, "\363\r\r\n\0\0\0\0q;tj\232\315\0\0\343\0\0\0\0\0\0\0\0\0\0\0\0\5\0\0"..., 73421) = 73420
2171885 read(3, "", 1)                  = 0
2171885 openat(AT_FDCWD, "/home/code/.local/share/uv/python/cpython-3.13.12-linux-x86_64-gnu/lib/python3.13/__pycache__/keyword.cpython-313.pyc", O_RDONLY|O_CLOEXEC) = 3
2171885 read(3, "\363\r\r\n\0\0\0\0q;tj1\4\0\0\343\0\0\0\0\0\0\0\0\0\0\0\0\3\0\0"..., 1104) = 1103
2171885 read(3, "", 1)                  = 0
2171885 openat(AT_FDCWD, "/home/code/.local/share/uv/python/cpython-3.13.12-linux-x86_64-gnu/lib/python3.13/__pycache__/operator.cpython-313.pyc", O_RDONLY|O_CLOEXEC) = 3
2171885 read(3, "\363\r\r\n\0\0\0\0q;tj\344*\0\0\343\0\0\0\0\0\0\0\0\0\0\0\0\4\0\0"..., 17428) = 17427
2171885 read(3, "", 1)                  = 0
2171885 openat(AT_FDCWD, "/home/code/.local/share/uv/python/cpython-3.13.12-linux-x86_64-gnu/lib/python3.13/__pycache__/reprlib.cpython-313.pyc", O_RDONLY|O_CLOEXEC) = 3
2171885 read(3, "\363\r\r\n\0\0\0\0q;tj\204\37\0\0\343\0\0\0\0\0\0\0\0\0\0\0\0\4\0\0"..., 11223) = 11222
2171885 read(3, "", 1)                  = 0
2171885 openat(AT_FDCWD, "/home/code/.local/share/uv/python/cpython-3.13.12-linux-x86_64-gnu/lib/python3.13/__pycache__/glob.cpython-313.pyc", O_RDONLY|O_CLOEXEC) = 3
2171885 read(3, "\363\r\r\n\0\0\0\0q;tj\307M\0\0\343\0\0\0\0\0\0\0\0\0\0\0\0\6\0\0"..., 23905) = 23904
2171885 read(3, "", 1)                  = 0
2171885 openat(AT_FDCWD, "/home/code/.local/share/uv/python/cpython-3.13.12-linux-x86_64-gnu/lib/python3.13/__pycache__/contextlib.cpython-313.pyc", O_RDONLY|O_CLOEXEC) = 3
2171885 read(3, "\363\r\r\n\0\0\0\0q;tj\231l\0\0\343\0\0\0\0\0\0\0\0\0\0\0\0\7\0\0"..., 30557) = 30556
2171885 read(3, "", 1)                  = 0
2171885 openat(AT_FDCWD, "/home/code/.local/share/uv/python/cpython-3.13.12-linux-x86_64-gnu/lib/python3.13/re/__pycache__/__init__.cpython-313.pyc", O_RDONLY|O_CLOEXEC) = 3
2171885 read(3, "\363\r\r\n\0\0\0\0q;tj\324E\0\0\343\0\0\0\0\0\0\0\0\0\0\0\0\10\0\0"..., 19431) = 19430
2171885 read(3, "", 1)                  = 0
2171885 openat(AT_FDCWD, "/home/code/.local/share/uv/python/cpython-3.13.12-linux-x86_64-gnu/lib/python3.13/__pycache__/enum.cpython-313.pyc", O_RDONLY|O_CLOEXEC) = 3
2171885 read(3, "\363\r\r\n\0\0\0\0q;tjsN\1\0\343\0\0\0\0\0\0\0\0\0\0\0\0\t\0\0"..., 85968) = 85967
2171885 read(3, "", 1)                  = 0
2171885 openat(AT_FDCWD, "/home/code/.local/share/uv/python/cpython-3.13.12-linux-x86_64-gnu/lib/python3.13/re", O_RDONLY|O_NONBLOCK|O_CLOEXEC|O_DIRECTORY) = 3
2171885 openat(AT_FDCWD, "/home/code/.local/share/uv/python/cpython-3.13.12-linux-x86_64-gnu/lib/python3.13/re/__pycache__/_compiler.cpython-313.pyc", O_RDONLY|O_CLOEXEC) = 3
2171885 read(3, "\363\r\r\n\0\0\0\0q;tj\262f\0\0\343\0\0\0\0\0\0\0\0\0\0\0\0\10\0\0"..., 26929) = 26928
2171885 read(3, "", 1)                  = 0
2171885 openat(AT_FDCWD, "/home/code/.local/share/uv/python/cpython-3.13.12-linux-x86_64-gnu/lib/python3.13/re/__pycache__/_parser.cpython-313.pyc", O_RDONLY|O_CLOEXEC) = 3
2171885 read(3, "\363\r\r\n\0\0\0\0q;tj\25\241\0\0\343\0\0\0\0\0\0\0\0\0\0\0\0\v\0\0"..., 43627) = 43626
2171885 read(3, "", 1)                  = 0
2171885 openat(AT_FDCWD, "/home/code/.local/share/uv/python/cpython-3.13.12-linux-x86_64-gnu/lib/python3.13/re/__pycache__/_constants.cpython-313.pyc", O_RDONLY|O_CLOEXEC) = 3
2171885 read(3, "\363\r\r\n\0\0\0\0q;tj3\27\0\0\343\0\0\0\0\0\0\0\0\0\0\0\0\24\0\0"..., 5442) = 5441
2171885 read(3, "", 1)                  = 0
2171885 openat(AT_FDCWD, "/home/code/.local/share/uv/python/cpython-3.13.12-linux-x86_64-gnu/lib/python3.13/re/__pycache__/_casefix.cpython-313.pyc", O_RDONLY|O_CLOEXEC) = 3
2171885 read(3, "\363\r\r\n\0\0\0\0q;tjD\25\0\0\343\0\0\0\0\0\0\0\0\0\0\0\0\4\0\0"..., 1879) = 1878
2171885 read(3, "", 1)                  = 0
2171885 openat(AT_FDCWD, "/home/code/.local/share/uv/python/cpython-3.13.12-linux-x86_64-gnu/lib/python3.13/__pycache__/copyreg.cpython-313.pyc", O_RDONLY|O_CLOEXEC) = 3
2171885 read(3, "\363\r\r\n\0\0\0\0q;tj\276\35\0\0\343\0\0\0\0\0\0\0\0\0\0\0\0\6\0\0"..., 7599) = 7598
2171885 read(3, "", 1)                  = 0
2171885 openat(AT_FDCWD, "/home/code/.local/share/uv/python/cpython-3.13.12-linux-x86_64-gnu/lib/python3.13/__pycache__/fnmatch.cpython-313.pyc", O_RDONLY|O_CLOEXEC) = 3
2171885 read(3, "\363\r\r\n\0\0\0\0q;tj$\30\0\0\343\0\0\0\0\0\0\0\0\0\0\0\0\5\0\0"..., 6867) = 6866
2171885 read(3, "", 1)                  = 0
2171885 openat(AT_FDCWD, "/home/code/.local/share/uv/python/cpython-3.13.12-linux-x86_64-gnu/lib/python3.13/pathlib/__pycache__/_local.cpython-313.pyc", O_RDONLY|O_CLOEXEC) = 3
2171885 read(3, "\363\r\r\n\0\0\0\0q;tj\264z\0\0\343\0\0\0\0\0\0\0\0\0\0\0\0\6\0\0"..., 40932) = 40931
2171885 read(3, "", 1)                  = 0
2171885 openat(AT_FDCWD, "/home/code/.local/share/uv/python/cpython-3.13.12-linux-x86_64-gnu/lib/python3.13/__pycache__/warnings.cpython-313.pyc", O_RDONLY|O_CLOEXEC) = 3
2171885 read(3, "\363\r\r\n\0\0\0\0q;tj\277i\0\0\343\0\0\0\0\0\0\0\0\0\0\0\0\7\0\0"..., 29733) = 29732
2171885 read(3, "", 1)                  = 0
2171885 openat(AT_FDCWD, "/home/code/.local/share/uv/python/cpython-3.13.12-linux-x86_64-gnu/lib/python3.13/__pycache__/typing.cpython-313.pyc", O_RDONLY|O_CLOEXEC) = 3
2171885 read(3, "\363\r\r\n\0\0\0\0q;tj\215\10\2\0\343\0\0\0\0\0\0\0\0\0\0\0\0\17\0\0"..., 155114) = 155113
2171885 read(3, "", 1)                  = 0
2171885 openat(AT_FDCWD, "/workspace/2026/jspace/j-steer_pub/.venv/lib/python3.13/site-packages/transformers", O_RDONLY|O_NONBLOCK|O_CLOEXEC|O_DIRECTORY) = 3
2171885 openat(AT_FDCWD, "/workspace/2026/jspace/j-steer_pub/.venv/lib/python3.13/site-packages/transformers/__pycache__/dependency_versions_check.cpython-313.pyc", O_RDONLY|O_CLOEXEC) = 3
2171885 read(3, "\363\r\r\n\0\0\0\0\377W\211j3\10\0\0\343\0\0\0\0\0\0\0\0\0\0\0\0\10\0\0"..., 1192) = 1191
2171885 read(3, "", 1)                  = 0
2171885 openat(AT_FDCWD, "/workspace/2026/jspace/j-steer_pub/.venv/lib/python3.13/site-packages/transformers/__pycache__/dependency_versions_table.cpython-313.pyc", O_RDONLY|O_CLOEXEC) = 3
2171885 read(3, "\363\r\r\n\0\0\0\0\377W\211jF\f\0\0\343\0\0\0\0\0\0\0\0\0\0\0\0\4\0\0"..., 3948) = 3947
2171885 read(3, "", 1)                  = 0
2171885 openat(AT_FDCWD, "/workspace/2026/jspace/j-steer_pub/.venv/lib/python3.13/site-packages/transformers/utils/__pycache__/__init__.cpython-313.pyc", O_RDONLY|O_CLOEXEC) = 3
2171885 read(3, "\363\r\r\n\0\0\0\0\377W\211jy&\0\0\343\0\0\0\0\0\0\0\0\0\0\0\0\4\0\0"..., 11652) = 11651
2171885 read(3, "", 1)                  = 0
2171885 openat(AT_FDCWD, "/workspace/2026/jspace/j-steer_pub/.venv/lib/python3.13/site-packages/packaging/__pycache__/__init__.cpython-313.pyc", O_RDONLY|O_CLOEXEC) = 3
2171885 read(3, "\363\r\r\n\0\0\0\0\376W\211j\356\1\0\0\343\0\0\0\0\0\0\0\0\0\0\0\0\2\0\0"..., 554) = 553
2171885 read(3, "", 1)                  = 0
2171885 openat(AT_FDCWD, "/workspace/2026/jspace/j-steer_pub/.venv/lib/python3.13/site-packages/packaging", O_RDONLY|O_NONBLOCK|O_CLOEXEC|O_DIRECTORY) = 3
2171885 openat(AT_FDCWD, "/workspace/2026/jspace/j-steer_pub/.venv/lib/python3.13/site-packages/packaging/__pycache__/version.cpython-313.pyc", O_RDONLY|O_CLOEXEC) = 3
2171885 read(3, "\363\r\r\n\0\0\0\0\376W\211j\200\230\0\0\343\0\0\0\0\0\0\0\0\0\0\0\0\10\0\0"..., 41818) = 41817
2171885 read(3, "", 1)                  = 0
2171885 openat(AT_FDCWD, "/home/code/.local/share/uv/python/cpython-3.13.12-linux-x86_64-gnu/lib/python3.13/__pycache__/__future__.cpython-313.pyc", O_RDONLY|O_CLOEXEC) = 3
2171885 read(3, "\363\r\r\n\0\0\0\0q;tjb\24\0\0\343\0\0\0\0\0\0\0\0\0\0\0\0\5\0\0"..., 4785) = 4784
2171885 read(3, "", 1)                  = 0
2171885 openat(AT_FDCWD, "/home/code/.local/share/uv/python/cpython-3.13.12-linux-x86_64-gnu/lib/python3.13/__pycache__/inspect.cpython-313.pyc", O_RDONLY|O_CLOEXEC) = 3
2171885 read(3, "\363\r\r\n\0\0\0\0q;tj#\367\1\0\343\0\0\0\0\0\0\0\0\0\0\0\0\6\0\0"..., 136789) = 136788
2171885 read(3, "", 1)                  = 0
2171885 openat(AT_FDCWD, "/home/code/.local/share/uv/python/cpython-3.13.12-linux-x86_64-gnu/lib/python3.13/__pycache__/ast.cpython-313.pyc", O_RDONLY|O_CLOEXEC) = 3
2171885 read(3, "\363\r\r\n\0\0\0\0q;tj;\377\0\0\343\0\0\0\0\0\0\0\0\0\0\0\0\21\0\0"..., 103134) = 103133
2171885 read(3, "", 1)                  = 0
2171885 openat(AT_FDCWD, "/home/code/.local/share/uv/python/cpython-3.13.12-linux-x86_64-gnu/lib/python3.13/__pycache__/dis.cpython-313.pyc", O_RDONLY|O_CLOEXEC) = 3
2171885 read(3, "\363\r\r\n\0\0\0\0q;tj\2\240\0\0\343\0\0\0\0\0\0\0\0\0\0\0\0\v\0\0"..., 47580) = 47579
2171885 read(3, "", 1)                  = 0
2171885 openat(AT_FDCWD, "/home/code/.local/share/uv/python/cpython-3.13.12-linux-x86_64-gnu/lib/python3.13/__pycache__/opcode.cpython-313.pyc", O_RDONLY|O_CLOEXEC) = 3
2171885 read(3, "\363\r\r\n\0\0\0\0q;tj\t\v\0\0\343\0\0\0\0\0\0\0\0\0\0\0\0\t\0\0"..., 4125) = 4124
2171885 read(3, "", 1)                  = 0
2171885 openat(AT_FDCWD, "/home/code/.local/share/uv/python/cpython-3.13.12-linux-x86_64-gnu/lib/python3.13/__pycache__/_opcode_metadata.cpython-313.pyc", O_RDONLY|O_CLOEXEC) = 3
2171885 read(3, "\363\r\r\n\0\0\0\0q;tj1$\0\0\343\0\0\0\0\0\0\0\0\0\0\0\0\20\0\0"..., 10741) = 10740
2171885 read(3, "", 1)                  = 0
2171885 openat(AT_FDCWD, "/home/code/.local/share/uv/python/cpython-3.13.12-linux-x86_64-gnu/lib/python3.13/__pycache__/tokenize.cpython-313.pyc", O_RDONLY|O_CLOEXEC) = 3
2171885 read(3, "\363\r\r\n\0\0\0\0q;tj@T\0\0\343\0\0\0\0\0\0\0\0\0\0\0\0\n\0\0"..., 25497) = 25496
2171885 read(3, "", 1)                  = 0
2171885 openat(AT_FDCWD, "/home/code/.local/share/uv/python/cpython-3.13.12-linux-x86_64-gnu/lib/python3.13/__pycache__/token.cpython-313.pyc", O_RDONLY|O_CLOEXEC) = 3
2171885 read(3, "\363\r\r\n\0\0\0\0q;tj\271\t\0\0\343\0\0\0\0\0\0\0\0\0\0\0\0\20\0\0"..., 3636) = 3635
2171885 read(3, "", 1)                  = 0
2171885 openat(AT_FDCWD, "/home/code/.local/share/uv/python/cpython-3.13.12-linux-x86_64-gnu/lib/python3.13/__pycache__/weakref.cpython-313.pyc", O_RDONLY|O_CLOEXEC) = 3
2171885 read(3, "\363\r\r\n\0\0\0\0q;tj\tT\0\0\343\0\0\0\0\0\0\0\0\0\0\0\0\5\0\0"..., 31866) = 31865
2171885 read(3, "", 1)                  = 0
2171885 openat(AT_FDCWD, "/home/code/.local/share/uv/python/cpython-3.13.12-linux-x86_64-gnu/lib/python3.13/__pycache__/_weakrefset.cpython-313.pyc", O_RDONLY|O_CLOEXEC) = 3
2171885 read(3, "\363\r\r\n\0\0\0\0q;tj\5\27\0\0\343\0\0\0\0\0\0\0\0\0\0\0\0\4\0\0"..., 12112) = 12111
2171885 read(3, "", 1)                  = 0
2171885 openat(AT_FDCWD, "/workspace/2026/jspace/j-steer_pub/.venv/lib/python3.13/site-packages/transformers/utils", O_RDONLY|O_NONBLOCK|O_CLOEXEC|O_DIRECTORY) = 3
2171885 openat(AT_FDCWD, "/workspace/2026/jspace/j-steer_pub/.venv/lib/python3.13/site-packages/transformers/utils/__pycache__/auto_docstring.cpython-313.pyc", O_RDONLY|O_CLOEXEC) = 3
2171885 read(3, "\363\r\r\n\0\0\0\0\377W\211jb\213\2\0\343\0\0\0\0\0\0\0\0\0\0\0\0\r\0\0"..., 140124) = 140123
2171885 read(3, "", 1)                  = 0
2171885 openat(AT_FDCWD, "/home/code/.local/share/uv/python/cpython-3.13.12-linux-x86_64-gnu/lib/python3.13/__pycache__/dataclasses.cpython-313.pyc", O_RDONLY|O_CLOEXEC) = 3
2171885 read(3, "\363\r\r\n\0\0\0\0q;tj!\374\0\0\343\0\0\0\0\0\0\0\0\0\0\0\0\21\0\0"..., 47887) = 47886
2171885 read(3, "", 1)                  = 0
2171885 openat(AT_FDCWD, "/home/code/.local/share/uv/python/cpython-3.13.12-linux-x86_64-gnu/lib/python3.13/__pycache__/copy.cpython-313.pyc", O_RDONLY|O_CLOEXEC) = 3
2171885 read(3, "\363\r\r\n\0\0\0\0q;tj\17#\0\0\343\0\0\0\0\0\0\0\0\0\0\0\0\23\0\0"..., 10693) = 10692
2171885 read(3, "", 1)                  = 0
2171885 openat(AT_FDCWD, "/workspace/2026/jspace/j-steer_pub/.venv/lib/python3.13/site-packages/regex/__pycache__/__init__.cpython-313.pyc", O_RDONLY|O_CLOEXEC) = 3
2171885 read(3, "\363\r\r\n\0\0\0\0\376W\211jK\0\0\0\343\0\0\0\0\0\0\0\0\0\0\0\0\2\0\0"..., 311) = 310
2171885 read(3, "", 1)                  = 0
2171885 openat(AT_FDCWD, "/workspace/2026/jspace/j-steer_pub/.venv/lib/python3.13/site-packages/regex", O_RDONLY|O_NONBLOCK|O_CLOEXEC|O_DIRECTORY) = 3
2171885 openat(AT_FDCWD, "/workspace/2026/jspace/j-steer_pub/.venv/lib/python3.13/site-packages/regex/__pycache__/_main.cpython-313.pyc", O_RDONLY|O_CLOEXEC) = 3
2171885 read(3, "\363\r\r\n\0\0\0\0\376W\211j\202\202\0\0\343\0\0\0\0\0\0\0\0\0\0\0\0\7\0\0"..., 33450) = 33449
2171885 read(3, "", 1)                  = 0
2171885 openat(AT_FDCWD, "/workspace/2026/jspace/j-steer_pub/.venv/lib/python3.13/site-packages/regex/__pycache__/_regex_core.cpython-313.pyc", O_RDONLY|O_CLOEXEC) = 3
2171885 read(3, "\363\r\r\n\0\0\0\0\376W\211j\256?\2\0\343\0\0\0\0\0\0\0\0\0\0\0\0\20\0\0"..., 208229) = 208228
2171885 read(3, "", 1)                  = 0
2171885 openat(AT_FDCWD, "/home/code/.local/share/uv/python/cpython-3.13.12-linux-x86_64-gnu/lib/python3.13/__pycache__/string.cpython-313.pyc", O_RDONLY|O_CLOEXEC) = 3
2171885 read(3, "\363\r\r\n\0\0\0\0q;tj\n.\0\0\343\0\0\0\0\0\0\0\0\0\0\0\0\4\0\0"..., 11714) = 11713
2171885 read(3, "", 1)                  = 0
2171885 openat(AT_FDCWD, "/workspace/2026/jspace/j-steer_pub/.venv/lib/python3.13/site-packages/regex/_regex.cpython-313-x86_64-linux-gnu.so", O_RDONLY|O_CLOEXEC) = 3
2171885 read(3, "\177ELF\2\1\1\0\0\0\0\0\0\0\0\0\3\0>\0\1\0\0\0\0\0\0\0\0\0\0\0"..., 832) = 832
2171885 openat(AT_FDCWD, "/home/code/.local/share/uv/python/cpython-3.13.12-linux-x86_64-gnu/lib/python3.13/__pycache__/threading.cpython-313.pyc", O_RDONLY|O_CLOEXEC) = 3
2171885 read(3, "\363\r\r\n\0\0\0\0q;tj/\330\0\0\343\0\0\0\0\0\0\0\0\0\0\0\0\5\0\0"..., 63395) = 63394
2171885 read(3, "", 1)                  = 0
2171885 openat(AT_FDCWD, "/home/code/.local/share/uv/python/cpython-3.13.12-linux-x86_64-gnu/lib/python3.13/__pycache__/locale.cpython-313.pyc", O_RDONLY|O_CLOEXEC) = 3
2171885 read(3, "\363\r\r\n\0\0\0\0q;tj\2714\1\0\343\0\0\0\0\0\0\0\0\0\0\0\0\f\0\0"..., 59062) = 59061
2171885 read(3, "", 1)                  = 0
2171885 openat(AT_FDCWD, "/workspace/2026/jspace/j-steer_pub/.venv/lib/python3.13/site-packages/__pycache__/typing_extensions.cpython-313.pyc", O_RDONLY|O_CLOEXEC) = 3
2171885 read(3, "\363\r\r\n\0\0\0\0\375W\211j\224\204\2\0\343\0\0\0\0\0\0\0\0\0\0\0\0\21\0\0"..., 165755) = 165754
2171885 read(3, "", 1)                  = 0
2171885 openat(AT_FDCWD, "/workspace/2026/jspace/j-steer_pub/.venv/lib/python3.13/site-packages/transformers/utils/__pycache__/doc.cpython-313.pyc", O_RDONLY|O_CLOEXEC) = 3
2171885 read(3, "\363\r\r\n\0\0\0\0\377W\211j\360\217\0\0\343\0\0\0\0\0\0\0\0\0\0\0\0\34\0\0"..., 35016) = 35015
2171885 read(3, "", 1)                  = 0
2171885 openat(AT_FDCWD, "/home/code/.local/share/uv/python/cpython-3.13.12-linux-x86_64-gnu/lib/python3.13/__pycache__/textwrap.cpython-313.pyc", O_RDONLY|O_CLOEXEC) = 3
2171885 read(3, "\363\r\r\n\0\0\0\0q;tj\366M\0\0\343\0\0\0\0\0\0\0\0\0\0\0\0\5\0\0"..., 18015) = 18014
2171885 read(3, "", 1)                  = 0
2171885 openat(AT_FDCWD, "/workspace/2026/jspace/j-steer_pub/.venv/lib/python3.13/site-packages/transformers/utils/__pycache__/generic.cpython-313.pyc", O_RDONLY|O_CLOEXEC) = 3
2171885 read(3, "\363\r\r\n\0\0\0\0\377W\211j\233\237\0\0\343\0\0\0\0\0\0\0\0\0\0\0\0\7\0\0"..., 51720) = 51719
2171885 read(3, "", 1)                  = 0
2171885 openat(AT_FDCWD, "/home/code/.local/share/uv/python/cpython-3.13.12-linux-x86_64-gnu/lib/python3.13/json/__pycache__/__init__.cpython-313.pyc", O_RDONLY|O_CLOEXEC) = 3
2171885 read(3, "\363\r\r\n\0\0\0\0q;tj\0017\0\0\343\0\0\0\0\0\0\0\0\0\0\0\0\n\0\0"..., 13610) = 13609
2171885 read(3, "", 1)                  = 0
2171885 openat(AT_FDCWD, "/home/code/.local/share/uv/python/cpython-3.13.12-linux-x86_64-gnu/lib/python3.13/json", O_RDONLY|O_NONBLOCK|O_CLOEXEC|O_DIRECTORY) = 3
2171885 openat(AT_FDCWD, "/home/code/.local/share/uv/python/cpython-3.13.12-linux-x86_64-gnu/lib/python3.13/json/__pycache__/decoder.cpython-313.pyc", O_RDONLY|O_CLOEXEC) = 3
2171885 read(3, "\363\r\r\n\0\0\0\0q;tjI2\0\0\343\0\0\0\0\0\0\0\0\0\0\0\0\t\0\0"..., 13886) = 13885
2171885 read(3, "", 1)                  = 0
2171885 openat(AT_FDCWD, "/home/code/.local/share/uv/python/cpython-3.13.12-linux-x86_64-gnu/lib/python3.13/json/__pycache__/scanner.cpython-313.pyc", O_RDONLY|O_CLOEXEC) = 3
2171885 read(3, "\363\r\r\n\0\0\0\0q;tj\202\t\0\0\343\0\0\0\0\0\0\0\0\0\0\0\0\5\0\0"..., 3426) = 3425
2171885 read(3, "", 1)                  = 0
2171885 openat(AT_FDCWD, "/home/code/.local/share/uv/python/cpython-3.13.12-linux-x86_64-gnu/lib/python3.13/json/__pycache__/encoder.cpython-313.pyc", O_RDONLY|O_CLOEXEC) = 3
2171885 read(3, "\363\r\r\n\0\0\0\0q;tjG?\0\0\343\0\0\0\0\0\0\0\0\0\0\0\0\n\0\0"..., 15262) = 15261
2171885 read(3, "", 1)                  = 0
2171885 openat(AT_FDCWD, "/home/code/.local/share/uv/python/cpython-3.13.12-linux-x86_64-gnu/lib/python3.13/__pycache__/random.cpython-313.pyc", O_RDONLY|O_CLOEXEC) = 3
2171885 read(3, "\363\r\r\n\0\0\0\0q;tj\216\220\0\0\343\0\0\0\0\0\0\0\0\0\0\0\0\6\0\0"..., 35319) = 35318
2171885 read(3, "", 1)                  = 0
2171885 openat(AT_FDCWD, "/home/code/.local/share/uv/python/cpython-3.13.12-linux-x86_64-gnu/lib/python3.13/__pycache__/bisect.cpython-313.pyc", O_RDONLY|O_CLOEXEC) = 3
2171885 read(3, "\363\r\r\n\0\0\0\0q;tj_\r\0\0\343\0\0\0\0\0\0\0\0\0\0\0\0\4\0\0"..., 3560) = 3559
2171885 read(3, "", 1)                  = 0
2171885 openat(AT_FDCWD, "/dev/urandom", O_RDONLY|O_CLOEXEC) = 3
2171885 read(3, ":\301\311\215\316\276@\361\r\343\272\332<\267\306\20PF\374o\377_m1/\270\315\36\316=\21\310"..., 2496) = 2496
2171885 openat(AT_FDCWD, "/workspace/2026/jspace/j-steer_pub/.venv/lib/python3.13/site-packages/numpy/__pycache__/__init__.cpython-313.pyc", O_RDONLY|O_CLOEXEC) = 4
2171885 read(4, "\363\r\r\n\0\0\0\0\376W\211j\204b\0\0\343\0\0\0\0\0\0\0\0\0\0\0\0\n\0\0"..., 27487) = 27486
2171885 read(4, "", 1)                  = 0
2171885 openat(AT_FDCWD, "/workspace/2026/jspace/j-steer_pub/.venv/lib/python3.13/site-packages/numpy", O_RDONLY|O_NONBLOCK|O_CLOEXEC|O_DIRECTORY) = 4
2171885 openat(AT_FDCWD, "/workspace/2026/jspace/j-steer_pub/.venv/lib/python3.13/site-packages/numpy/__pycache__/version.cpython-313.pyc", O_RDONLY|O_CLOEXEC) = 4
2171885 read(4, "\363\r\r\n\0\0\0\0\376W\211j%\1\0\0\343\0\0\0\0\0\0\0\0\0\0\0\0\3\0\0"..., 566) = 565
2171885 read(4, "", 1)                  = 0
2171885 openat(AT_FDCWD, "/workspace/2026/jspace/j-steer_pub/.venv/lib/python3.13/site-packages/numpy/__pycache__/_expired_attrs_2_0.cpython-313.pyc", O_RDONLY|O_CLOEXEC) = 4
2171885 read(4, "\363\r\r\n\0\0\0\0\376W\211j\277\16\0\0\343\0\0\0\0\0\0\0\0\0\0\0\0\5\0\0"..., 4249) = 4248
2171885 read(4, "", 1)                  = 0
2171885 openat(AT_FDCWD, "/workspace/2026/jspace/j-steer_pub/.venv/lib/python3.13/site-packages/numpy/__pycache__/_globals.cpython-313.pyc", O_RDONLY|O_CLOEXEC) = 4
2171885 read(4, "\363\r\r\n\0\0\0\0\376W\211j<\20\0\0\343\0\0\0\0\0\0\0\0\0\0\0\0\6\0\0"..., 4605) = 4604
2171885 read(4, "", 1)                  = 0
2171885 openat(AT_FDCWD, "/workspace/2026/jspace/j-steer_pub/.venv/lib/python3.13/site-packages/numpy/_utils/__pycache__/__init__.cpython-313.pyc", O_RDONLY|O_CLOEXEC) = 4
2171885 read(4, "\363\r\r\n\0\0\0\0\376W\211j\225\r\0\0\343\0\0\0\0\0\0\0\0\0\0\0\0\2\0\0"..., 4091) = 4090
2171885 read(4, "", 1)                  = 0
2171885 openat(AT_FDCWD, "/workspace/2026/jspace/j-steer_pub/.venv/lib/python3.13/site-packages/numpy/_utils", O_RDONLY|O_NONBLOCK|O_CLOEXEC|O_DIRECTORY) = 4
2171885 openat(AT_FDCWD, "/workspace/2026/jspace/j-steer_pub/.venv/lib/python3.13/site-packages/numpy/_utils/__pycache__/_conversions.cpython-313.pyc", O_RDONLY|O_CLOEXEC) = 4
2171885 read(4, "\363\r\r\n\0\0\0\0\376W\211jI\1\0\0\343\0\0\0\0\0\0\0\0\0\0\0\0\2\0\0"..., 865) = 864
2171885 read(4, "", 1)                  = 0
2171885 openat(AT_FDCWD, "/workspace/2026/jspace/j-steer_pub/.venv/lib/python3.13/site-packages/numpy/__pycache__/_distributor_init.cpython-313.pyc", O_RDONLY|O_CLOEXEC) = 4
2171885 read(4, "\363\r\r\n\0\0\0\0\376W\211j\245\1\0\0\343\0\0\0\0\0\0\0\0\0\0\0\0\4\0\0"..., 664) = 663
2171885 read(4, "", 1)                  = 0
2171885 openat(AT_FDCWD, "/workspace/2026/jspace/j-steer_pub/.venv/lib/python3.13/site-packages/numpy/__pycache__/__config__.cpython-313.pyc", O_RDONLY|O_CLOEXEC) = 4
2171885 read(4, "\363\r\r\n\0\0\0\0\376W\211j\271\24\0\0\343\0\0\0\0\0\0\0\0\0\0\0\0\16\0\0"..., 5176) = 5175
2171885 read(4, "", 1)                  = 0
2171885 openat(AT_FDCWD, "/workspace/2026/jspace/j-steer_pub/.venv/lib/python3.13/site-packages/numpy/_core/__pycache__/__init__.cpython-313.pyc", O_RDONLY|O_CLOEXEC) = 4
2171885 read(4, "\363\r\r\n\0\0\0\0\377W\211j\6\32\0\0\343\0\0\0\0\0\0\0\0\0\0\0\0\16\0\0"..., 6666) = 6665
2171885 read(4, "", 1)                  = 0
2171885 openat(AT_FDCWD, "/workspace/2026/jspace/j-steer_pub/.venv/lib/python3.13/site-packages/numpy/_core", O_RDONLY|O_NONBLOCK|O_CLOEXEC|O_DIRECTORY) = 4
2171885 openat(AT_FDCWD, "/workspace/2026/jspace/j-steer_pub/.venv/lib/python3.13/site-packages/numpy/_core/__pycache__/multiarray.cpython-313.pyc", O_RDONLY|O_CLOEXEC) = 4
2171885 read(4, "\363\r\r\n\0\0\0\0\376W\211j5\336\0\0\343\0\0\0\0\0\0\0\0\0\0\0\0\7\0\0"..., 52541) = 52540
2171885 read(4, "", 1)                  = 0
2171885 openat(AT_FDCWD, "/workspace/2026/jspace/j-steer_pub/.venv/lib/python3.13/site-packages/numpy/_core/_multiarray_umath.cpython-313-x86_64-linux-gnu.so", O_RDONLY|O_CLOEXEC) = 4
2171885 read(4, "\177ELF\2\1\1\0\0\0\0\0\0\0\0\0\3\0>\0\1\0\0\0\0\0\0\0\0\0\0\0"..., 832) = 832
2171885 openat(AT_FDCWD, "/workspace/2026/jspace/j-steer_pub/.venv/lib/python3.13/site-packages/numpy/_core/../../numpy.libs/glibc-hwcaps/x86-64-v3/libscipy_openblas64_-017048f4.so", O_RDONLY|O_CLOEXEC) = -1 ENOENT (No such file or directory)
2171885 openat(AT_FDCWD, "/workspace/2026/jspace/j-steer_pub/.venv/lib/python3.13/site-packages/numpy/_core/../../numpy.libs/glibc-hwcaps/x86-64-v2/libscipy_openblas64_-017048f4.so", O_RDONLY|O_CLOEXEC) = -1 ENOENT (No such file or directory)
2171885 openat(AT_FDCWD, "/workspace/2026/jspace/j-steer_pub/.venv/lib/python3.13/site-packages/numpy/_core/../../numpy.libs/libscipy_openblas64_-017048f4.so", O_RDONLY|O_CLOEXEC) = 4
2171885 read(4, "\177ELF\2\1\1\0\0\0\0\0\0\0\0\0\3\0>\0\1\0\0\0\0\0\0\0\0\0\0\0"..., 832) = 832
2171885 openat(AT_FDCWD, "/workspace/2026/jspace/j-steer_pub/.venv/lib/python3.13/site-packages/numpy/_core/../../numpy.libs/libstdc++.so.6", O_RDONLY|O_CLOEXEC) = -1 ENOENT (No such file or directory)
2171885 openat(AT_FDCWD, "/home/code/.local/share/uv/python/cpython-3.13.12-linux-x86_64-gnu/bin/../lib/libstdc++.so.6", O_RDONLY|O_CLOEXEC) = -1 ENOENT (No such file or directory)
2171885 openat(AT_FDCWD, "/etc/ld.so.cache", O_RDONLY|O_CLOEXEC) = 4
2171885 openat(AT_FDCWD, "/lib/x86_64-linux-gnu/libstdc++.so.6", O_RDONLY|O_CLOEXEC) = 4
2171885 read(4, "\177ELF\2\1\1\3\0\0\0\0\0\0\0\0\3\0>\0\1\0\0\0\0\0\0\0\0\0\0\0"..., 832) = 832
2171885 openat(AT_FDCWD, "/workspace/2026/jspace/j-steer_pub/.venv/lib/python3.13/site-packages/numpy/_core/../../numpy.libs/libgcc_s.so.1", O_RDONLY|O_CLOEXEC) = -1 ENOENT (No such file or directory)
2171885 openat(AT_FDCWD, "/home/code/.local/share/uv/python/cpython-3.13.12-linux-x86_64-gnu/bin/../lib/libgcc_s.so.1", O_RDONLY|O_CLOEXEC) = -1 ENOENT (No such file or directory)
2171885 openat(AT_FDCWD, "/lib/x86_64-linux-gnu/libgcc_s.so.1", O_RDONLY|O_CLOEXEC) = 4
2171885 read(4, "\177ELF\2\1\1\0\0\0\0\0\0\0\0\0\3\0>\0\1\0\0\0\0\0\0\0\0\0\0\0"..., 832) = 832
2171885 openat(AT_FDCWD, "/workspace/2026/jspace/j-steer_pub/.venv/lib/python3.13/site-packages/numpy/_core/../../numpy.libs/libgfortran-83c28eba-b4027c22.so.5.0.0", O_RDONLY|O_CLOEXEC) = 4
2171885 read(4, "\177ELF\2\1\1\0\0\0\0\0\0\0\0\0\3\0>\0\1\0\0\0p\325\1\0\0\0\0\0"..., 832) = 832
2171885 openat(AT_FDCWD, "/workspace/2026/jspace/j-steer_pub/.venv/lib/python3.13/site-packages/numpy/_core/../../numpy.libs/libquadmath-2284e583-a9307bba.so.0.0.0", O_RDONLY|O_CLOEXEC) = 4
2171885 read(4, "\177ELF\2\1\1\0\0\0\0\0\0\0\0\0\3\0>\0\1\0\0\0\320(\0\0\0\0\0\0"..., 832) = 832
2171885 openat(AT_FDCWD, "/workspace/2026/jspace/j-steer_pub/.venv/lib/python3.13/site-packages/numpy/_core/../../numpy.libs/libz.so.1", O_RDONLY|O_CLOEXEC) = -1 ENOENT (No such file or directory)
2171885 openat(AT_FDCWD, "/workspace/2026/jspace/j-steer_pub/.venv/lib/python3.13/site-packages/numpy/_core/../../numpy.libs/libz.so.1", O_RDONLY|O_CLOEXEC) = -1 ENOENT (No such file or directory)
2171885 openat(AT_FDCWD, "/workspace/2026/jspace/j-steer_pub/.venv/lib/python3.13/site-packages/numpy/_core/../../numpy.libs/libz.so.1", O_RDONLY|O_CLOEXEC) = -1 ENOENT (No such file or directory)
2171885 openat(AT_FDCWD, "/home/code/.local/share/uv/python/cpython-3.13.12-linux-x86_64-gnu/bin/../lib/libz.so.1", O_RDONLY|O_CLOEXEC) = -1 ENOENT (No such file or directory)
2171885 openat(AT_FDCWD, "/lib/x86_64-linux-gnu/libz.so.1", O_RDONLY|O_CLOEXEC) = 4
2171885 read(4, "\177ELF\2\1\1\0\0\0\0\0\0\0\0\0\3\0>\0\1\0\0\0\0\0\0\0\0\0\0\0"..., 832) = 832
2171885 openat(AT_FDCWD, "/sys/devices/system/cpu/possible", O_RDONLY|O_CLOEXEC) = 4
2171885 read(4, "0-23\n", 1024)         = 5
2171885 openat(AT_FDCWD, "/home/code/.local/share/uv/python/cpython-3.13.12-linux-x86_64-gnu/lib/python3.13/__pycache__/datetime.cpython-313.pyc", O_RDONLY|O_CLOEXEC) = 4
2171885 read(4, "\363\r\r\n\0\0\0\0q;tj\f\1\0\0\343\0\0\0\0\0\0\0\0\0\0\0\0\4\0\0"..., 474) = 473
2171885 read(4, "", 1)                  = 0
2171885 openat(AT_FDCWD, "/workspace/2026/jspace/j-steer_pub/.venv/lib/python3.13/site-packages/numpy/__pycache__/exceptions.cpython-313.pyc", O_RDONLY|O_CLOEXEC) = 4
2171885 read(4, "\363\r\r\n\0\0\0\0\376W\211j\35\36\0\0\343\0\0\0\0\0\0\0\0\0\0\0\0\6\0\0"..., 8380) = 8379
2171885 read(4, "", 1)                  = 0
2171885 openat(AT_FDCWD, "/workspace/2026/jspace/j-steer_pub/.venv/lib/python3.13/site-packages/numpy/_core/__pycache__/_exceptions.cpython-313.pyc", O_RDONLY|O_CLOEXEC) = 4
2171885 read(4, "\363\r\r\n\0\0\0\0\377W\211j'\24\0\0\343\0\0\0\0\0\0\0\0\0\0\0\0\6\0\0"..., 8490) = 8489
2171885 read(4, "", 1)                  = 0
2171885 openat(AT_FDCWD, "/workspace/2026/jspace/j-steer_pub/.venv/lib/python3.13/site-packages/numpy/_core/__pycache__/printoptions.cpython-313.pyc", O_RDONLY|O_CLOEXEC) = 4
2171885 read(4, "\363\r\r\n\0\0\0\0\377W\211j \4\0\0\343\0\0\0\0\0\0\0\0\0\0\0\0\r\0\0"..., 938) = 937
2171885 read(4, "", 1)                  = 0
2171885 openat(AT_FDCWD, "/home/code/.local/share/uv/python/cpython-3.13.12-linux-x86_64-gnu/lib/python3.13/__pycache__/contextvars.cpython-313.pyc", O_RDONLY|O_CLOEXEC) = 4
2171885 read(4, "\363\r\r\n\0\0\0\0q;tj\201\0\0\0\343\0\0\0\0\0\0\0\0\0\0\0\0\2\0\0"..., 324) = 323
2171885 read(4, "", 1)                  = 0
2171885 openat(AT_FDCWD, "/workspace/2026/jspace/j-steer_pub/.venv/lib/python3.13/site-packages/numpy/__pycache__/dtypes.cpython-313.pyc", O_RDONLY|O_CLOEXEC) = 4
2171885 read(4, "\363\r\r\n\0\0\0\0\376W\211j]\v\0\0\343\0\0\0\0\0\0\0\0\0\0\0\0\1\0\0"..., 3034) = 3033
2171885 read(4, "", 1)                  = 0
2171885 openat(AT_FDCWD, "/workspace/2026/jspace/j-steer_pub/.venv/lib/python3.13/site-packages/numpy/_core/__pycache__/overrides.cpython-313.pyc", O_RDONLY|O_CLOEXEC) = 4
2171885 read(4, "\363\r\r\n\0\0\0\0\377W\211j6\35\0\0\343\0\0\0\0\0\0\0\0\0\0\0\0\4\0\0"..., 8179) = 8178
2171885 read(4, "", 1)                  = 0
2171885 openat(AT_FDCWD, "/workspace/2026/jspace/j-steer_pub/.venv/lib/python3.13/site-packages/numpy/_utils/__pycache__/_inspect.cpython-313.pyc", O_RDONLY|O_CLOEXEC) = 4
2171885 read(4, "\363\r\r\n\0\0\0\0\376W\211j\f\35\0\0\343\0\0\0\0\0\0\0\0\0\0\0\0\10\0\0"..., 9272) = 9271
2171885 read(4, "", 1)                  = 0
2171885 openat(AT_FDCWD, "/workspace/2026/jspace/j-steer_pub/.venv/lib/python3.13/site-packages/numpy/_core/__pycache__/umath.cpython-313.pyc", O_RDONLY|O_CLOEXEC) = 4
2171885 read(4, "\363\r\r\n\0\0\0\0\376W\211jE\10\0\0\343\0\0\0\0\0\0\0\0\0\0\0\0\2\0\0"..., 1993) = 1992
2171885 read(4, "", 1)                  = 0
2171885 openat(AT_FDCWD, "/workspace/2026/jspace/j-steer_pub/.venv/lib/python3.13/site-packages/numpy/_core/__pycache__/numerictypes.cpython-313.pyc", O_RDONLY|O_CLOEXEC) = 4
2171885 read(4, "\363\r\r\n\0\0\0\0\376W\211j_8\0\0\343\0\0\0\0\0\0\0\0\0\0\0\0\n\0\0"..., 15425) = 15424
2171885 read(4, "", 1)                  = 0
2171885 openat(AT_FDCWD, "/home/code/.local/share/uv/python/cpython-3.13.12-linux-x86_64-gnu/lib/python3.13/__pycache__/numbers.cpython-313.pyc", O_RDONLY|O_CLOEXEC) = 4
2171885 read(4, "\363\r\r\n\0\0\0\0q;tj\371-\0\0\343\0\0\0\0\0\0\0\0\0\0\0\0\6\0\0"..., 14095) = 14094
2171885 read(4, "", 1)                  = 0
2171885 openat(AT_FDCWD, "/workspace/2026/jspace/j-steer_pub/.venv/lib/python3.13/site-packages/numpy/_core/__pycache__/_string_helpers.cpython-313.pyc", O_RDONLY|O_CLOEXEC) = 4
2171885 read(4, "\363\r\r\n\0\0\0\0\377W\211j\35\v\0\0\343\0\0\0\0\0\0\0\0\0\0\0\0\10\0\0"..., 3082) = 3081
2171885 read(4, "", 1)                  = 0
2171885 openat(AT_FDCWD, "/workspace/2026/jspace/j-steer_pub/.venv/lib/python3.13/site-packages/numpy/_core/__pycache__/_type_aliases.cpython-313.pyc", O_RDONLY|O_CLOEXEC) = 4
2171885 read(4, "\363\r\r\n\0\0\0\0\377W\211j\325\16\0\0\343\0\0\0\0\0\0\0\0\0\0\0\0\t\0\0"..., 3806) = 3805
2171885 read(4, "", 1)                  = 0
2171885 openat(AT_FDCWD, "/workspace/2026/jspace/j-steer_pub/.venv/lib/python3.13/site-packages/numpy/_core/__pycache__/einsumfunc.cpython-313.pyc", O_RDONLY|O_CLOEXEC) = 4
2171885 read(4, "\363\r\r\n\0\0\0\0\376W\211j\352\341\0\0\343\0\0\0\0\0\0\0\0\0\0\0\0\5\0\0"..., 53269) = 53268
2171885 read(4, "", 1)                  = 0
2171885 openat(AT_FDCWD, "/workspace/2026/jspace/j-steer_pub/.venv/lib/python3.13/site-packages/numpy/_core/__pycache__/numeric.cpython-313.pyc", O_RDONLY|O_CLOEXEC) = 4
2171885 read(4, "\363\r\r\n\0\0\0\0\377W\211j{:\1\0\343\0\0\0\0\0\0\0\0\0\0\0\0\t\0\0"..., 83571) = 83570
2171885 read(4, "", 1)                  = 0
2171885 openat(AT_FDCWD, "/workspace/2026/jspace/j-steer_pub/.venv/lib/python3.13/site-packages/numpy/_core/__pycache__/shape_base.cpython-313.pyc", O_RDONLY|O_CLOEXEC) = 4
2171885 read(4, "\363\r\r\n\0\0\0\0\377W\211j\310\177\0\0\343\0\0\0\0\0\0\0\0\0\0\0\0\5\0\0"..., 32471) = 32470
2171885 read(4, "", 1)                  = 0
2171885 openat(AT_FDCWD, "/workspace/2026/jspace/j-steer_pub/.venv/lib/python3.13/site-packages/numpy/_core/__pycache__/fromnumeric.cpython-313.pyc", O_RDONLY|O_CLOEXEC) = 4
2171885 read(4, "\363\r\r\n\0\0\0\0\376W\211jW2\2\0\343\0\0\0\0\0\0\0\0\0\0\0\0\7\0\0"..., 138826) = 138825
2171885 read(4, "", 1)                  = 0
2171885 openat(AT_FDCWD, "/workspace/2026/jspace/j-steer_pub/.venv/lib/python3.13/site-packages/numpy/_core/__pycache__/_methods.cpython-313.pyc", O_RDONLY|O_CLOEXEC) = 4
2171885 read(4, "\363\r\r\n\0\0\0\0\377W\211j\261$\0\0\343\0\0\0\0\0\0\0\0\0\0\0\0\7\0\0"..., 11398) = 11397
2171885 read(4, "", 1)                  = 0
2171885 openat(AT_FDCWD, "/home/code/.local/share/uv/python/cpython-3.13.12-linux-x86_64-gnu/lib/python3.13/__pycache__/pickle.cpython-313.pyc", O_RDONLY|O_CLOEXEC) = 4
2171885 read(4, "\363\r\r\n\0\0\0\0q;tj\215\5\1\0\343\0\0\0\0\0\0\0\0\0\0\0\0\t\0\0"..., 78467) = 78466
2171885 read(4, "", 1)                  = 0
2171885 openat(AT_FDCWD, "/home/code/.local/share/uv/python/cpython-3.13.12-linux-x86_64-gnu/lib/python3.13/__pycache__/struct.cpython-313.pyc", O_RDONLY|O_CLOEXEC) = 4
2171885 read(4, "\363\r\r\n\0\0\0\0q;tj\1\1\0\0\343\0\0\0\0\0\0\0\0\0\0\0\0\2\0\0"..., 388) = 387
2171885 read(4, "", 1)                  = 0
2171885 openat(AT_FDCWD, "/home/code/.local/share/uv/python/cpython-3.13.12-linux-x86_64-gnu/lib/python3.13/__pycache__/_compat_pickle.cpython-313.pyc", O_RDONLY|O_CLOEXEC) = 4
2171885 read(4, "\363\r\r\n\0\0\0\0q;tj\37\"\0\0\343\0\0\0\0\0\0\0\0\0\0\0\0\20\0\0"..., 7255) = 7254
2171885 read(4, "", 1)                  = 0
2171885 openat(AT_FDCWD, "/workspace/2026/jspace/j-steer_pub/.venv/lib/python3.13/site-packages/numpy/_core/__pycache__/_ufunc_config.cpython-313.pyc", O_RDONLY|O_CLOEXEC) = 4
2171885 read(4, "\363\r\r\n\0\0\0\0\376W\211j\373<\0\0\343\0\0\0\0\0\0\0\0\0\0\0\0\5\0\0"..., 16096) = 16095
2171885 read(4, "", 1)                  = 0
2171885 openat(AT_FDCWD, "/workspace/2026/jspace/j-steer_pub/.venv/lib/python3.13/site-packages/numpy/_core/__pycache__/_asarray.cpython-313.pyc", O_RDONLY|O_CLOEXEC) = 4
2171885 read(4, "\363\r\r\n\0\0\0\0\377W\211j6\17\0\0\343\0\0\0\0\0\0\0\0\0\0\0\0\17\0\0"..., 4070) = 4069
2171885 read(4, "", 1)                  = 0
2171885 openat(AT_FDCWD, "/workspace/2026/jspace/j-steer_pub/.venv/lib/python3.13/site-packages/numpy/_core/__pycache__/arrayprint.cpython-313.pyc", O_RDONLY|O_CLOEXEC) = 4
2171885 read(4, "\363\r\r\n\0\0\0\0\377W\211j\237\0\1\0\343\0\0\0\0\0\0\0\0\0\0\0\0\n\0\0"..., 70323) = 70322
2171885 read(4, "", 1)                  = 0
2171885 openat(AT_FDCWD, "/workspace/2026/jspace/j-steer_pub/.venv/lib/python3.13/site-packages/numpy/_core/__pycache__/function_base.cpython-313.pyc", O_RDONLY|O_CLOEXEC) = 4
2171885 read(4, "\363\r\r\n\0\0\0\0\376W\211j\351L\0\0\343\0\0\0\0\0\0\0\0\0\0\0\0\5\0\0"..., 19748) = 19747
2171885 read(4, "", 1)                  = 0
2171885 openat(AT_FDCWD, "/workspace/2026/jspace/j-steer_pub/.venv/lib/python3.13/site-packages/numpy/_core/__pycache__/getlimits.cpython-313.pyc", O_RDONLY|O_CLOEXEC) = 4
2171885 read(4, "\363\r\r\n\0\0\0\0\376W\211j\269\0\0\343\0\0\0\0\0\0\0\0\0\0\0\0\f\0\0"..., 18229) = 18228
2171885 read(4, "", 1)                  = 0
2171885 openat(AT_FDCWD, "/workspace/2026/jspace/j-steer_pub/.venv/lib/python3.13/site-packages/numpy/_core/__pycache__/memmap.cpython-313.pyc", O_RDONLY|O_CLOEXEC) = 4
2171885 read(4, "\363\r\r\n\0\0\0\0\377W\211j^1\0\0\343\0\0\0\0\0\0\0\0\0\0\0\0\6\0\0"..., 12886) = 12885
2171885 read(4, "", 1)                  = 0
2171885 openat(AT_FDCWD, "/workspace/2026/jspace/j-steer_pub/.venv/lib/python3.13/site-packages/numpy/_core/__pycache__/records.cpython-313.pyc", O_RDONLY|O_CLOEXEC) = 4
2171885 read(4, "\363\r\r\n\0\0\0\0\376W\211j\t\220\0\0\343\0\0\0\0\0\0\0\0\0\0\0\0\17\0\0"..., 38856) = 38855
2171885 read(4, "", 1)                  = 0
2171885 openat(AT_FDCWD, "/workspace/2026/jspace/j-steer_pub/.venv/lib/python3.13/site-packages/numpy/_core/__pycache__/_add_newdocs.cpython-313.pyc", O_RDONLY|O_CLOEXEC) = 4
2171885 read(4, "\363\r\r\n\0\0\0\0\377W\211j}H\3\0\343\0\0\0\0\0\0\0\0\0\0\0\0\r\0\0"..., 208785) = 208784
2171885 read(4, "", 1)                  = 0
2171885 openat(AT_FDCWD, "/workspace/2026/jspace/j-steer_pub/.venv/lib/python3.13/site-packages/numpy/_core/__pycache__/_add_newdocs_scalars.cpython-313.pyc", O_RDONLY|O_CLOEXEC) = 4
2171885 read(4, "\363\r\r\n\0\0\0\0\377W\211j\2052\0\0\343\0\0\0\0\0\0\0\0\0\0\0\0\17\0\0"..., 13391) = 13390
2171885 read(4, "", 1)                  = 0
2171885 openat(AT_FDCWD, "/workspace/2026/jspace/j-steer_pub/.venv/lib/python3.13/site-packages/numpy/_core/__pycache__/_dtype.cpython-313.pyc", O_RDONLY|O_CLOEXEC) = 4
2171885 read(4, "\363\r\r\n\0\0\0\0\377W\211j\22)\0\0\343\0\0\0\0\0\0\0\0\0\0\0\0\f\0\0"..., 13473) = 13472
2171885 read(4, "", 1)                  = 0
2171885 openat(AT_FDCWD, "/workspace/2026/jspace/j-steer_pub/.venv/lib/python3.13/site-packages/numpy/_core/__pycache__/_dtype_ctypes.cpython-313.pyc", O_RDONLY|O_CLOEXEC) = 4
2171885 read(4, "\363\r\r\n\0\0\0\0\376W\211j\216\16\0\0\343\0\0\0\0\0\0\0\0\0\0\0\0\2\0\0"..., 4881) = 4880
2171885 read(4, "", 1)                  = 0
2171885 openat(AT_FDCWD, "/workspace/2026/jspace/j-steer_pub/.venv/lib/python3.13/site-packages/numpy/_core/__pycache__/_internal.cpython-313.pyc", O_RDONLY|O_CLOEXEC) = 4
2171885 read(4, "\363\r\r\n\0\0\0\0\377W\211j\331r\0\0\343\0\0\0\0\0\0\0\0\0\0\0\0\10\0\0"..., 35226) = 35225
2171885 read(4, "", 1)                  = 0
2171885 openat(AT_FDCWD, "/home/code/.local/share/uv/python/cpython-3.13.12-linux-x86_64-gnu/lib/python3.13/ctypes/__pycache__/__init__.cpython-313.pyc", O_RDONLY|O_CLOEXEC) = 4
2171885 read(4, "\363\r\r\n\0\0\0\0q;tj*L\0\0\343\0\0\0\0\0\0\0\0\0\0\0\0\6\0\0"..., 25505) = 25504
2171885 read(4, "", 1)                  = 0
2171885 openat(AT_FDCWD, "/home/code/.local/share/uv/python/cpython-3.13.12-linux-x86_64-gnu/lib/python3.13/sysconfig/__pycache__/__init__.cpython-313.pyc", O_RDONLY|O_CLOEXEC) = 4
2171885 read(4, "\363\r\r\n\0\0\0\0q;tjQi\0\0\343\0\0\0\0\0\0\0\0\0\0\0\0\r\0\0"..., 25218) = 25217
2171885 read(4, "", 1)                  = 0
2171885 openat(AT_FDCWD, "/home/code/.local/share/uv/python/cpython-3.13.12-linux-x86_64-gnu/lib/python3.13/ctypes", O_RDONLY|O_NONBLOCK|O_CLOEXEC|O_DIRECTORY) = 4
2171885 openat(AT_FDCWD, "/home/code/.local/share/uv/python/cpython-3.13.12-linux-x86_64-gnu/lib/python3.13/ctypes/__pycache__/_endian.cpython-313.pyc", O_RDONLY|O_CLOEXEC) = 4
2171885 read(4, "\363\r\r\n\0\0\0\0q;tj\375\t\0\0\343\0\0\0\0\0\0\0\0\0\0\0\0\10\0\0"..., 3640) = 3639
2171885 read(4, "", 1)                  = 0
2171885 openat(AT_FDCWD, "/workspace/2026/jspace/j-steer_pub/.venv/lib/python3.13/site-packages/numpy/__pycache__/_pytesttester.cpython-313.pyc", O_RDONLY|O_CLOEXEC) = 4
2171885 read(4, "\363\r\r\n\0\0\0\0\376W\211j\32\26\0\0\343\0\0\0\0\0\0\0\0\0\0\0\0\4\0\0"..., 5968) = 5967
2171885 read(4, "", 1)                  = 0
2171885 openat(AT_FDCWD, "/workspace/2026/jspace/j-steer_pub/.venv/lib/python3.13/site-packages/numpy/lib/__pycache__/__init__.cpython-313.pyc", O_RDONLY|O_CLOEXEC) = 4
2171885 read(4, "\363\r\r\n\0\0\0\0\376W\211j\206\n\0\0\343\0\0\0\0\0\0\0\0\0\0\0\0\3\0\0"..., 2682) = 2681
2171885 read(4, "", 1)                  = 0
2171885 openat(AT_FDCWD, "/workspace/2026/jspace/j-steer_pub/.venv/lib/python3.13/site-packages/numpy/lib", O_RDONLY|O_NONBLOCK|O_CLOEXEC|O_DIRECTORY) = 4
2171885 openat(AT_FDCWD, "/workspace/2026/jspace/j-steer_pub/.venv/lib/python3.13/site-packages/numpy/lib/__pycache__/_arraypad_impl.cpython-313.pyc", O_RDONLY|O_CLOEXEC) = 4
2171885 read(4, "\363\r\r\n\0\0\0\0\376W\211j\357\202\0\0\343\0\0\0\0\0\0\0\0\0\0\0\0\5\0\0"..., 28697) = 28696
2171885 read(4, "", 1)                  = 0
2171885 openat(AT_FDCWD, "/workspace/2026/jspace/j-steer_pub/.venv/lib/python3.13/site-packages/numpy/lib/__pycache__/_index_tricks_impl.cpython-313.pyc", O_RDONLY|O_CLOEXEC) = 4
2171885 read(4, "\363\r\r\n\0\0\0\0\376W\211j#{\0\0\343\0\0\0\0\0\0\0\0\0\0\0\0\5\0\0"..., 33712) = 33711
2171885 read(4, "", 1)                  = 0
2171885 openat(AT_FDCWD, "/workspace/2026/jspace/j-steer_pub/.venv/lib/python3.13/site-packages/numpy/matrixlib/__pycache__/__init__.cpython-313.pyc", O_RDONLY|O_CLOEXEC) = 4
2171885 read(4, "\363\r\r\n\0\0\0\0\376W\211j\363\0\0\0\343\0\0\0\0\0\0\0\0\0\0\0\0\3\0\0"..., 489) = 488
2171885 read(4, "", 1)                  = 0
2171885 openat(AT_FDCWD, "/workspace/2026/jspace/j-steer_pub/.venv/lib/python3.13/site-packages/numpy/matrixlib", O_RDONLY|O_NONBLOCK|O_CLOEXEC|O_DIRECTORY) = 4
2171885 openat(AT_FDCWD, "/workspace/2026/jspace/j-steer_pub/.venv/lib/python3.13/site-packages/numpy/matrixlib/__pycache__/defmatrix.cpython-313.pyc", O_RDONLY|O_CLOEXEC) = 4
2171885 read(4, "\363\r\r\n\0\0\0\0\376W\211jrx\0\0\343\0\0\0\0\0\0\0\0\0\0\0\0\6\0\0"..., 31772) = 31771
2171885 read(4, "", 1)                  = 0
2171885 openat(AT_FDCWD, "/workspace/2026/jspace/j-steer_pub/.venv/lib/python3.13/site-packages/numpy/linalg/__pycache__/__init__.cpython-313.pyc", O_RDONLY|O_CLOEXEC) = 4
2171885 read(4, "\363\r\r\n\0\0\0\0\376W\211j\34\10\0\0\343\0\0\0\0\0\0\0\0\0\0\0\0\3\0\0"..., 2324) = 2323
2171885 read(4, "", 1)                  = 0
2171885 openat(AT_FDCWD, "/workspace/2026/jspace/j-steer_pub/.venv/lib/python3.13/site-packages/numpy/linalg", O_RDONLY|O_NONBLOCK|O_CLOEXEC|O_DIRECTORY) = 4
2171885 openat(AT_FDCWD, "/workspace/2026/jspace/j-steer_pub/.venv/lib/python3.13/site-packages/numpy/linalg/__pycache__/_linalg.cpython-313.pyc", O_RDONLY|O_CLOEXEC) = 4
2171885 read(4, "\363\r\r\n\0\0\0\0\376W\211j\35\300\1\0\343\0\0\0\0\0\0\0\0\0\0\0\0\10\0\0"..., 117804) = 117803
2171885 read(4, "", 1)                  = 0
2171885 openat(AT_FDCWD, "/workspace/2026/jspace/j-steer_pub/.venv/lib/python3.13/site-packages/numpy/_typing/__pycache__/__init__.cpython-313.pyc", O_RDONLY|O_CLOEXEC) = 4
2171885 read(4, "\363\r\r\n\0\0\0\0\376W\211j\365\21\0\0\343\0\0\0\0\0\0\0\0\0\0\0\0\2\0\0"..., 3453) = 3452
2171885 read(4, "", 1)                  = 0
2171885 openat(AT_FDCWD, "/workspace/2026/jspace/j-steer_pub/.venv/lib/python3.13/site-packages/numpy/_typing", O_RDONLY|O_NONBLOCK|O_CLOEXEC|O_DIRECTORY) = 4
2171885 openat(AT_FDCWD, "/workspace/2026/jspace/j-steer_pub/.venv/lib/python3.13/site-packages/numpy/_typing/__pycache__/_array_like.cpython-313.pyc", O_RDONLY|O_CLOEXEC) = 4
2171885 read(4, "\363\r\r\n\0\0\0\0\376W\211j?\r\0\0\343\0\0\0\0\0\0\0\0\0\0\0\0\6\0\0"..., 9554) = 9553
2171885 read(4, "", 1)                  = 0
2171885 openat(AT_FDCWD, "/workspace/2026/jspace/j-steer_pub/.venv/lib/python3.13/site-packages/numpy/_typing/__pycache__/_nbit_base.cpython-313.pyc", O_RDONLY|O_CLOEXEC) = 4
2171885 read(4, "\363\r\r\n\0\0\0\0\376W\211j\306\v\0\0\343\0\0\0\0\0\0\0\0\0\0\0\0\7\0\0"..., 3887) = 3886
2171885 read(4, "", 1)                  = 0
2171885 openat(AT_FDCWD, "/workspace/2026/jspace/j-steer_pub/.venv/lib/python3.13/site-packages/numpy/_typing/__pycache__/_nested_sequence.cpython-313.pyc", O_RDONLY|O_CLOEXEC) = 4
2171885 read(4, "\363\r\r\n\0\0\0\0\376W\211jP\n\0\0\343\0\0\0\0\0\0\0\0\0\0\0\0\7\0\0"..., 3476) = 3475
2171885 read(4, "", 1)                  = 0
2171885 openat(AT_FDCWD, "/workspace/2026/jspace/j-steer_pub/.venv/lib/python3.13/site-packages/numpy/_typing/__pycache__/_shape.cpython-313.pyc", O_RDONLY|O_CLOEXEC) = 4
2171885 read(4, "\363\r\r\n\0\0\0\0\376W\211j\366\0\0\0\343\0\0\0\0\0\0\0\0\0\0\0\0\3\0\0"..., 798) = 797
2171885 read(4, "", 1)                  = 0
2171885 openat(AT_FDCWD, "/workspace/2026/jspace/j-steer_pub/.venv/lib/python3.13/site-packages/numpy/_typing/__pycache__/_char_codes.cpython-313.pyc", O_RDONLY|O_CLOEXEC) = 4
2171885 read(4, "\363\r\r\n\0\0\0\0\376W\211j\242\31\0\0\343\0\0\0\0\0\0\0\0\0\0\0\0\3\0\0"..., 10859) = 10858
2171885 read(4, "", 1)                  = 0
2171885 openat(AT_FDCWD, "/workspace/2026/jspace/j-steer_pub/.venv/lib/python3.13/site-packages/numpy/_typing/__pycache__/_dtype_like.cpython-313.pyc", O_RDONLY|O_CLOEXEC) = 4
2171885 read(4, "\363\r\r\n\0\0\0\0\376W\211jz\16\0\0\343\0\0\0\0\0\0\0\0\0\0\0\0\5\0\0"..., 7735) = 7734
2171885 read(4, "", 1)                  = 0
2171885 openat(AT_FDCWD, "/workspace/2026/jspace/j-steer_pub/.venv/lib/python3.13/site-packages/numpy/_typing/__pycache__/_nbit.cpython-313.pyc", O_RDONLY|O_CLOEXEC) = 4
2171885 read(4, "\363\r\r\n\0\0\0\0\376W\211j\30\2\0\0\343\0\0\0\0\0\0\0\0\0\0\0\0\3\0\0"..., 1917) = 1916
2171885 read(4, "", 1)                  = 0
2171885 openat(AT_FDCWD, "/workspace/2026/jspace/j-steer_pub/.venv/lib/python3.13/site-packages/numpy/_typing/__pycache__/_scalars.cpython-313.pyc", O_RDONLY|O_CLOEXEC) = 4
2171885 read(4, "\363\r\r\n\0\0\0\0\376W\211ji\3\0\0\343\0\0\0\0\0\0\0\0\0\0\0\0\3\0\0"..., 2500) = 2499
2171885 read(4, "", 1)                  = 0
2171885 openat(AT_FDCWD, "/workspace/2026/jspace/j-steer_pub/.venv/lib/python3.13/site-packages/numpy/_typing/__pycache__/_ufunc.cpython-313.pyc", O_RDONLY|O_CLOEXEC) = 4
2171885 read(4, "\363\r\r\n\0\0\0\0\376W\211j\234\0\0\0\343\0\0\0\0\0\0\0\0\0\0\0\0\2\0\0"..., 375) = 374
2171885 read(4, "", 1)                  = 0
2171885 openat(AT_FDCWD, "/workspace/2026/jspace/j-steer_pub/.venv/lib/python3.13/site-packages/numpy/lib/__pycache__/_twodim_base_impl.cpython-313.pyc", O_RDONLY|O_CLOEXEC) = 4
2171885 read(4, "\363\r\r\n\0\0\0\0\376W\211j\250\211\0\0\343\0\0\0\0\0\0\0\0\0\0\0\0\6\0\0"..., 37081) = 37080
2171885 read(4, "", 1)                  = 0
2171885 openat(AT_FDCWD, "/workspace/2026/jspace/j-steer_pub/.venv/lib/python3.13/site-packages/numpy/lib/__pycache__/_stride_tricks_impl.cpython-313.pyc", O_RDONLY|O_CLOEXEC) = 4
2171885 read(4, "\363\r\r\n\0\0\0\0\376W\211j|S\0\0\343\0\0\0\0\0\0\0\0\0\0\0\0\5\0\0"..., 21768) = 21767
2171885 read(4, "", 1)                  = 0
2171885 openat(AT_FDCWD, "/workspace/2026/jspace/j-steer_pub/.venv/lib/python3.13/site-packages/numpy/lib/__pycache__/_array_utils_impl.cpython-313.pyc", O_RDONLY|O_CLOEXEC) = 4
2171885 read(4, "\363\r\r\n\0\0\0\0\376W\211j\250\6\0\0\343\0\0\0\0\0\0\0\0\0\0\0\0\3\0\0"..., 2032) = 2031
2171885 read(4, "", 1)                  = 0
2171885 openat(AT_FDCWD, "/workspace/2026/jspace/j-steer_pub/.venv/lib/python3.13/site-packages/numpy/lib/__pycache__/array_utils.cpython-313.pyc", O_RDONLY|O_CLOEXEC) = 4
2171885 read(4, "\363\r\r\n\0\0\0\0\376W\211j\220\0\0\0\343\0\0\0\0\0\0\0\0\0\0\0\0\2\0\0"..., 353) = 352
2171885 read(4, "", 1)                  = 0
2171885 openat(AT_FDCWD, "/workspace/2026/jspace/j-steer_pub/.venv/lib/python3.13/site-packages/numpy/linalg/_umath_linalg.cpython-313-x86_64-linux-gnu.so", O_RDONLY|O_CLOEXEC) = 4
2171885 read(4, "\177ELF\2\1\1\0\0\0\0\0\0\0\0\0\3\0>\0\1\0\0\0\0\0\0\0\0\0\0\0"..., 832) = 832
2171885 openat(AT_FDCWD, "/workspace/2026/jspace/j-steer_pub/.venv/lib/python3.13/site-packages/numpy/lib/__pycache__/_function_base_impl.cpython-313.pyc", O_RDONLY|O_CLOEXEC) = 4
2171885 read(4, "\363\r\r\n\0\0\0\0\376W\211j\342\366\2\0\343\0\0\0\0\0\0\0\0\0\0\0\0\23\0\0"..., 195132) = 195131
2171885 read(4, "", 1)                  = 0
2171885 openat(AT_FDCWD, "/workspace/2026/jspace/j-steer_pub/.venv/lib/python3.13/site-packages/numpy/lib/__pycache__/_histograms_impl.cpython-313.pyc", O_RDONLY|O_CLOEXEC) = 4
2171885 read(4, "\363\r\r\n\0\0\0\0\376W\211j&\226\0\0\343\0\0\0\0\0\0\0\0\0\0\0\0\t\0\0"..., 39129) = 39128
2171885 read(4, "", 1)                  = 0
2171885 openat(AT_FDCWD, "/workspace/2026/jspace/j-steer_pub/.venv/lib/python3.13/site-packages/numpy/lib/__pycache__/_arraysetops_impl.cpython-313.pyc", O_RDONLY|O_CLOEXEC) = 4
2171885 read(4, "\363\r\r\n\0\0\0\0\376W\211j\335\221\0\0\343\0\0\0\0\0\0\0\0\0\0\0\0\6\0\0"..., 37479) = 37478
2171885 read(4, "", 1)                  = 0
2171885 openat(AT_FDCWD, "/workspace/2026/jspace/j-steer_pub/.venv/lib/python3.13/site-packages/numpy/lib/__pycache__/_arrayterator_impl.cpython-313.pyc", O_RDONLY|O_CLOEXEC) = 4
2171885 read(4, "\363\r\r\n\0\0\0\0\376W\211j2\34\0\0\343\0\0\0\0\0\0\0\0\0\0\0\0\4\0\0"..., 9312) = 9311
2171885 read(4, "", 1)                  = 0
2171885 openat(AT_FDCWD, "/workspace/2026/jspace/j-steer_pub/.venv/lib/python3.13/site-packages/numpy/lib/__pycache__/_nanfunctions_impl.cpython-313.pyc", O_RDONLY|O_CLOEXEC) = 4
2171885 read(4, "\363\r\r\n\0\0\0\0\376W\211j\355\26\1\0\343\0\0\0\0\0\0\0\0\0\0\0\0\v\0\0"..., 70675) = 70674
2171885 read(4, "", 1)                  = 0
2171885 openat(AT_FDCWD, "/workspace/2026/jspace/j-steer_pub/.venv/lib/python3.13/site-packages/numpy/lib/__pycache__/_npyio_impl.cpython-313.pyc", O_RDONLY|O_CLOEXEC) = 4
2171885 read(4, "\363\r\r\n\0\0\0\0\376W\211j\34x\1\0\343\0\0\0\0\0\0\0\0\0\0\0\0\30\0\0"..., 91102) = 91101
2171885 read(4, "", 1)                  = 0
2171885 openat(AT_FDCWD, "/workspace/2026/jspace/j-steer_pub/.venv/lib/python3.13/site-packages/numpy/lib/__pycache__/format.cpython-313.pyc", O_RDONLY|O_CLOEXEC) = 4
2171885 read(4, "\363\r\r\n\0\0\0\0\376W\211j\335\1\0\0\343\0\0\0\0\0\0\0\0\0\0\0\0\2\0\0"..., 791) = 790
2171885 read(4, "", 1)                  = 0
2171885 openat(AT_FDCWD, "/workspace/2026/jspace/j-steer_pub/.venv/lib/python3.13/site-packages/numpy/lib/__pycache__/_format_impl.cpython-313.pyc", O_RDONLY|O_CLOEXEC) = 4
2171885 read(4, "\363\r\r\n\0\0\0\0\376W\211j\21\220\0\0\343\0\0\0\0\0\0\0\0\0\0\0\0\4\0\0"..., 35234) = 35233
2171885 read(4, "", 1)                  = 0
2171885 openat(AT_FDCWD, "/workspace/2026/jspace/j-steer_pub/.venv/lib/python3.13/site-packages/numpy/lib/__pycache__/_utils_impl.cpython-313.pyc", O_RDONLY|O_CLOEXEC) = 4
2171885 read(4, "\363\r\r\n\0\0\0\0\376W\211j\323A\0\0\343\0\0\0\0\0\0\0\0\0\0\0\0\3\0\0"..., 18539) = 18538
2171885 read(4, "", 1)                  = 0
2171885 openat(AT_FDCWD, "/home/code/.local/share/uv/python/cpython-3.13.12-linux-x86_64-gnu/lib/python3.13/__pycache__/platform.cpython-313.pyc", O_RDONLY|O_CLOEXEC) = 4
2171885 read(4, "\363\r\r\n\0\0\0\0q;tj\361\270\0\0\343\0\0\0\0\0\0\0\0\0\0\0\0\v\0\0"..., 44738) = 44737
2171885 read(4, "", 1)                  = 0
2171885 openat(AT_FDCWD, "/workspace/2026/jspace/j-steer_pub/.venv/lib/python3.13/site-packages/numpy/lib/__pycache__/_datasource.cpython-313.pyc", O_RDONLY|O_CLOEXEC) = 4
2171885 read(4, "\363\r\r\n\0\0\0\0\376W\211j\303X\0\0\343\0\0\0\0\0\0\0\0\0\0\0\0\5\0\0"..., 24200) = 24199
2171885 read(4, "", 1)                  = 0
2171885 openat(AT_FDCWD, "/workspace/2026/jspace/j-steer_pub/.venv/lib/python3.13/site-packages/numpy/lib/__pycache__/_iotools.cpython-313.pyc", O_RDONLY|O_CLOEXEC) = 4
2171885 read(4, "\363\r\r\n\0\0\0\0\376W\211j\251x\0\0\343\0\0\0\0\0\0\0\0\0\0\0\0\5\0\0"..., 34042) = 34041
2171885 read(4, "", 1)                  = 0
2171885 openat(AT_FDCWD, "/workspace/2026/jspace/j-steer_pub/.venv/lib/python3.13/site-packages/numpy/lib/__pycache__/_polynomial_impl.cpython-313.pyc", O_RDONLY|O_CLOEXEC) = 4
2171885 read(4, "\363\r\r\n\0\0\0\0\376W\211j\276\254\0\0\343\0\0\0\0\0\0\0\0\0\0\0\0\5\0\0"..., 51413) = 51412
2171885 read(4, "", 1)                  = 0
2171885 openat(AT_FDCWD, "/workspace/2026/jspace/j-steer_pub/.venv/lib/python3.13/site-packages/numpy/lib/__pycache__/_type_check_impl.cpython-313.pyc", O_RDONLY|O_CLOEXEC) = 4
2171885 read(4, "\363\r\r\n\0\0\0\0\376W\211j\210N\0\0\343\0\0\0\0\0\0\0\0\0\0\0\0\16\0\0"..., 21652) = 21651
2171885 read(4, "", 1)                  = 0
2171885 openat(AT_FDCWD, "/workspace/2026/jspace/j-steer_pub/.venv/lib/python3.13/site-packages/numpy/lib/__pycache__/_ufunclike_impl.cpython-313.pyc", O_RDONLY|O_CLOEXEC) = 4
2171885 read(4, "\363\r\r\n\0\0\0\0\376W\211j\23\31\0\0\343\0\0\0\0\0\0\0\0\0\0\0\0\6\0\0"..., 6790) = 6789
2171885 read(4, "", 1)                  = 0
2171885 openat(AT_FDCWD, "/workspace/2026/jspace/j-steer_pub/.venv/lib/python3.13/site-packages/numpy/lib/__pycache__/_shape_base_impl.cpython-313.pyc", O_RDONLY|O_CLOEXEC) = 4
2171885 read(4, "\363\r\r\n\0\0\0\0\376W\211j\344\223\0\0\343\0\0\0\0\0\0\0\0\0\0\0\0\5\0\0"..., 38842) = 38841
2171885 read(4, "", 1)                  = 0
2171885 openat(AT_FDCWD, "/workspace/2026/jspace/j-steer_pub/.venv/lib/python3.13/site-packages/numpy/lib/__pycache__/_version.cpython-313.pyc", O_RDONLY|O_CLOEXEC) = 4
2171885 read(4, "\363\r\r\n\0\0\0\0\376W\211j\257\22\0\0\343\0\0\0\0\0\0\0\0\0\0\0\0\4\0\0"..., 6656) = 6655
2171885 read(4, "", 1)                  = 0
2171885 openat(AT_FDCWD, "/workspace/2026/jspace/j-steer_pub/.venv/lib/python3.13/site-packages/numpy/lib/__pycache__/introspect.cpython-313.pyc", O_RDONLY|O_CLOEXEC) = 4
2171885 read(4, "\363\r\r\n\0\0\0\0\376W\211j\275\n\0\0\343\0\0\0\0\0\0\0\0\0\0\0\0\2\0\0"..., 3169) = 3168
2171885 read(4, "", 1)                  = 0
2171885 openat(AT_FDCWD, "/workspace/2026/jspace/j-steer_pub/.venv/lib/python3.13/site-packages/numpy/lib/__pycache__/mixins.cpython-313.pyc", O_RDONLY|O_CLOEXEC) = 4
2171885 read(4, "\363\r\r\n\0\0\0\0\376W\211j\33\34\0\0\343\0\0\0\0\0\0\0\0\0\0\0\0\4\0\0"..., 8767) = 8766
2171885 read(4, "", 1)                  = 0
2171885 openat(AT_FDCWD, "/workspace/2026/jspace/j-steer_pub/.venv/lib/python3.13/site-packages/numpy/lib/__pycache__/npyio.cpython-313.pyc", O_RDONLY|O_CLOEXEC) = 4
2171885 read(4, "\363\r\r\n\0\0\0\0\376W\211jD\0\0\0\343\0\0\0\0\0\0\0\0\0\0\0\0\2\0\0"..., 274) = 273
2171885 read(4, "", 1)                  = 0
2171885 openat(AT_FDCWD, "/workspace/2026/jspace/j-steer_pub/.venv/lib/python3.13/site-packages/numpy/lib/__pycache__/scimath.cpython-313.pyc", O_RDONLY|O_CLOEXEC) = 4
2171885 read(4, "\363\r\r\n\0\0\0\0\376W\211j\251\0\0\0\343\0\0\0\0\0\0\0\0\0\0\0\0\2\0\0"..., 414) = 413
2171885 read(4, "", 1)                  = 0
2171885 openat(AT_FDCWD, "/workspace/2026/jspace/j-steer_pub/.venv/lib/python3.13/site-packages/numpy/lib/__pycache__/_scimath_impl.cpython-313.pyc", O_RDONLY|O_CLOEXEC) = 4
2171885 read(4, "\363\r\r\n\0\0\0\0\376W\211jD=\0\0\343\0\0\0\0\0\0\0\0\0\0\0\0\4\0\0"..., 16898) = 16897
2171885 read(4, "", 1)                  = 0
2171885 openat(AT_FDCWD, "/workspace/2026/jspace/j-steer_pub/.venv/lib/python3.13/site-packages/numpy/lib/__pycache__/stride_tricks.cpython-313.pyc", O_RDONLY|O_CLOEXEC) = 4
2171885 read(4, "\363\r\r\n\0\0\0\0\376W\211jX\0\0\0\343\0\0\0\0\0\0\0\0\0\0\0\0\2\0\0"..., 302) = 301
2171885 read(4, "", 1)                  = 0
2171885 openat(AT_FDCWD, "/workspace/2026/jspace/j-steer_pub/.venv/lib/python3.13/site-packages/numpy/__pycache__/_array_api_info.cpython-313.pyc", O_RDONLY|O_CLOEXEC) = 4
2171885 read(4, "\363\r\r\n\0\0\0\0\376W\211j\224(\0\0\343\0\0\0\0\0\0\0\0\0\0\0\0\5\0\0"..., 10053) = 10052
2171885 read(4, "", 1)                  = 0
2171885 openat(AT_FDCWD, "/workspace/2026/jspace/j-steer_pub/.venv/lib/python3.13/site-packages/transformers/utils/__pycache__/logging.cpython-313.pyc", O_RDONLY|O_CLOEXEC) = 4
2171885 read(4, "\363\r\r\n\0\0\0\0\377W\211j\3774\0\0\343\0\0\0\0\0\0\0\0\0\0\0\0\7\0\0"..., 17357) = 17356
2171885 read(4, "", 1)                  = 0
2171885 openat(AT_FDCWD, "/home/code/.local/share/uv/python/cpython-3.13.12-linux-x86_64-gnu/lib/python3.13/logging/__pycache__/__init__.cpython-313.pyc", O_RDONLY|O_CLOEXEC) = 4
2171885 read(4, "\363\r\r\n\0\0\0\0q;tjyG\1\0\343\0\0\0\0\0\0\0\0\0\0\0\0\f\0\0"..., 94422) = 94421
2171885 read(4, "", 1)                  = 0
2171885 openat(AT_FDCWD, "/home/code/.local/share/uv/python/cpython-3.13.12-linux-x86_64-gnu/lib/python3.13/__pycache__/traceback.cpython-313.pyc", O_RDONLY|O_CLOEXEC) = 4
2171885 read(4, "\363\r\r\n\0\0\0\0q;tj\4\4\1\0\343\0\0\0\0\0\0\0\0\0\0\0\0\6\0\0"..., 72286) = 72285
2171885 read(4, "", 1)                  = 0
2171885 openat(AT_FDCWD, "/home/code/.local/share/uv/python/cpython-3.13.12-linux-x86_64-gnu/lib/python3.13/__pycache__/_colorize.cpython-313.pyc", O_RDONLY|O_CLOEXEC) = 4
2171885 read(4, "\363\r\r\n\0\0\0\0q;tj\374\v\0\0\343\0\0\0\0\0\0\0\0\0\0\0\0\6\0\0"..., 4165) = 4164
2171885 read(4, "", 1)                  = 0
2171885 openat(AT_FDCWD, "/workspace/2026/jspace/j-steer_pub/.venv/lib/python3.13/site-packages/huggingface_hub/__pycache__/__init__.cpython-313.pyc", O_RDONLY|O_CLOEXEC) = 4
2171885 read(4, "\363\r\r\n\0\0\0\0\376W\211j\317\354\0\0\343\0\0\0\0\0\0\0\0\0\0\0\0\21\0\0"..., 26212) = 26211
2171885 read(4, "", 1)                  = 0
2171885 openat(AT_FDCWD, "/workspace/2026/jspace/j-steer_pub/.venv/lib/python3.13/site-packages/huggingface_hub", O_RDONLY|O_NONBLOCK|O_CLOEXEC|O_DIRECTORY) = 4
2171885 openat(AT_FDCWD, "/workspace/2026/jspace/j-steer_pub/.venv/lib/python3.13/site-packages/huggingface_hub/utils/__pycache__/__init__.cpython-313.pyc", O_RDONLY|O_CLOEXEC) = 4
2171885 read(4, "\363\r\r\n\0\0\0\0\376W\211j\315\17\0\0\343\0\0\0\0\0\0\0\0\0\0\0\0\2\0\0"..., 4570) = 4569
2171885 read(4, "", 1)                  = 0
2171885 openat(AT_FDCWD, "/workspace/2026/jspace/j-steer_pub/.venv/lib/python3.13/site-packages/huggingface_hub/__pycache__/errors.cpython-313.pyc", O_RDONLY|O_CLOEXEC) = 4
2171885 read(4, "\363\r\r\n\0\0\0\0\376W\211j\7I\0\0\343\0\0\0\0\0\0\0\0\0\0\0\0\6\0\0"..., 27223) = 27222
2171885 read(4, "", 1)                  = 0
2171885 openat(AT_FDCWD, "/workspace/2026/jspace/j-steer_pub/.venv/lib/python3.13/site-packages/httpx/__pycache__/__init__.cpython-313.pyc", O_RDONLY|O_CLOEXEC) = 4
2171885 read(4, "\363\r\r\n\0\0\0\0\376W\211j{\10\0\0\343\0\0\0\0\0\0\0\0\0\0\0\0\6\0\0"..., 2142) = 2141
2171885 read(4, "", 1)                  = 0
2171885 openat(AT_FDCWD, "/workspace/2026/jspace/j-steer_pub/.venv/lib/python3.13/site-packages/httpx", O_RDONLY|O_NONBLOCK|O_CLOEXEC|O_DIRECTORY) = 4
2171885 openat(AT_FDCWD, "/workspace/2026/jspace/j-steer_pub/.venv/lib/python3.13/site-packages/httpx/__pycache__/__version__.cpython-313.pyc", O_RDONLY|O_CLOEXEC) = 4
2171885 read(4, "\363\r\r\n\0\0\0\0\376W\211jl\0\0\0\343\0\0\0\0\0\0\0\0\0\0\0\0\1\0\0"..., 314) = 313
2171885 read(4, "", 1)                  = 0
2171885 openat(AT_FDCWD, "/workspace/2026/jspace/j-steer_pub/.venv/lib/python3.13/site-packages/httpx/__pycache__/_api.cpython-313.pyc", O_RDONLY|O_CLOEXEC) = 4
2171885 read(4, "\363\r\r\n\0\0\0\0\376W\211j\337-\0\0\343\0\0\0\0\0\0\0\0\0\0\0\0\17\0\0"..., 10045) = 10044
2171885 read(4, "", 1)                  = 0
2171885 openat(AT_FDCWD, "/workspace/2026/jspace/j-steer_pub/.venv/lib/python3.13/site-packages/httpx/__pycache__/_client.cpython-313.pyc", O_RDONLY|O_CLOEXEC) = 4
2171885 read(4, "\363\r\r\n\0\0\0\0\376W\211j\262\0\1\0\343\0\0\0\0\0\0\0\0\0\0\0\0\7\0\0"..., 63488) = 63487
2171885 read(4, "", 1)                  = 0
2171885 openat(AT_FDCWD, "/workspace/2026/jspace/j-steer_pub/.venv/lib/python3.13/site-packages/httpx/__pycache__/_auth.cpython-313.pyc", O_RDONLY|O_CLOEXEC) = 4
2171885 read(4, "\363\r\r\n\0\0\0\0\376W\211js.\0\0\343\0\0\0\0\0\0\0\0\0\0\0\0\5\0\0"..., 15624) = 15623
2171885 read(4, "", 1)                  = 0
2171885 openat(AT_FDCWD, "/home/code/.local/share/uv/python/cpython-3.13.12-linux-x86_64-gnu/lib/python3.13/__pycache__/hashlib.cpython-313.pyc", O_RDONLY|O_CLOEXEC) = 4
2171885 read(4, "\363\r\r\n\0\0\0\0q;tj\346$\0\0\343\0\0\0\0\0\0\0\0\0\0\0\0\6\0\0"..., 8339) = 8338
2171885 read(4, "", 1)                  = 0
2171885 openat(AT_FDCWD, "/etc/ssl/openssl.cnf", O_RDONLY) = 4
2171885 read(4, "#\n# OpenSSL example configuratio"..., 4096) = 4096
2171885 read(4, "d attributes must be the same, a"..., 4096) = 4096
2171885 read(4, "coding of an extension: beware e"..., 4096) = 4096
2171885 read(4, " = $insta::certout # insta.cert."..., 4096) = 36
2171885 read(4, "", 4096)               = 0
2171885 openat(AT_FDCWD, "/home/code/.local/share/uv/python/cpython-3.13.12-linux-x86_64-gnu/lib/python3.13/__pycache__/base64.cpython-313.pyc", O_RDONLY|O_CLOEXEC) = 4
2171885 read(4, "\363\r\r\n\0\0\0\0q;tj\35V\0\0\343\0\0\0\0\0\0\0\0\0\0\0\0\10\0\0"..., 26179) = 26178
2171885 read(4, "", 1)                  = 0
2171885 openat(AT_FDCWD, "/home/code/.local/share/uv/python/cpython-3.13.12-linux-x86_64-gnu/lib/python3.13/urllib/__pycache__/__init__.cpython-313.pyc", O_RDONLY|O_CLOEXEC) = 4
2171885 read(4, "\363\r\r\n\0\0\0\0q;tj\0\0\0\0\343\0\0\0\0\0\0\0\0\0\0\0\0\1\0\0"..., 198) = 197
2171885 read(4, "", 1)                  = 0
2171885 openat(AT_FDCWD, "/home/code/.local/share/uv/python/cpython-3.13.12-linux-x86_64-gnu/lib/python3.13/urllib", O_RDONLY|O_NONBLOCK|O_CLOEXEC|O_DIRECTORY) = 4
2171885 openat(AT_FDCWD, "/home/code/.local/share/uv/python/cpython-3.13.12-linux-x86_64-gnu/lib/python3.13/urllib/__pycache__/request.cpython-313.pyc", O_RDONLY|O_CLOEXEC) = 4
2171885 read(4, "\363\r\r\n\0\0\0\0q;tj\21\221\1\0\343\0\0\0\0\0\0\0\0\0\0\0\0\6\0\0"..., 116492) = 116491
2171885 read(4, "", 1)                  = 0
2171885 openat(AT_FDCWD, "/home/code/.local/share/uv/python/cpython-3.13.12-linux-x86_64-gnu/lib/python3.13/email/__pycache__/__init__.cpython-313.pyc", O_RDONLY|O_CLOEXEC) = 4
2171885 read(4, "\363\r\r\n\0\0\0\0q;tj\344\6\0\0\343\0\0\0\0\0\0\0\0\0\0\0\0\2\0\0"..., 1950) = 1949
2171885 read(4, "", 1)                  = 0
2171885 openat(AT_FDCWD, "/home/code/.local/share/uv/python/cpython-3.13.12-linux-x86_64-gnu/lib/python3.13/http/__pycache__/__init__.cpython-313.pyc", O_RDONLY|O_CLOEXEC) = 4
2171885 read(4, "\363\r\r\n\0\0\0\0q;tj\376 \0\0\343\0\0\0\0\0\0\0\0\0\0\0\0\5\0\0"..., 9682) = 9681
2171885 read(4, "", 1)                  = 0
2171885 openat(AT_FDCWD, "/home/code/.local/share/uv/python/cpython-3.13.12-linux-x86_64-gnu/lib/python3.13/http", O_RDONLY|O_NONBLOCK|O_CLOEXEC|O_DIRECTORY) = 4
2171885 openat(AT_FDCWD, "/home/code/.local/share/uv/python/cpython-3.13.12-linux-x86_64-gnu/lib/python3.13/http/__pycache__/client.cpython-313.pyc", O_RDONLY|O_CLOEXEC) = 4
2171885 read(4, "\363\r\r\n\0\0\0\0q;tj\273\342\0\0\343\0\0\0\0\0\0\0\0\0\0\0\0\6\0\0"..., 58891) = 58890
2171885 read(4, "", 1)                  = 0
2171885 openat(AT_FDCWD, "/home/code/.local/share/uv/python/cpython-3.13.12-linux-x86_64-gnu/lib/python3.13/email", O_RDONLY|O_NONBLOCK|O_CLOEXEC|O_DIRECTORY) = 4
2171885 openat(AT_FDCWD, "/home/code/.local/share/uv/python/cpython-3.13.12-linux-x86_64-gnu/lib/python3.13/email/__pycache__/parser.cpython-313.pyc", O_RDONLY|O_CLOEXEC) = 4
2171885 read(4, "\363\r\r\n\0\0\0\0q;tjo\23\0\0\343\0\0\0\0\0\0\0\0\0\0\0\0\5\0\0"..., 6577) = 6576
2171885 read(4, "", 1)                  = 0
2171885 openat(AT_FDCWD, "/home/code/.local/share/uv/python/cpython-3.13.12-linux-x86_64-gnu/lib/python3.13/email/__pycache__/feedparser.cpython-313.pyc", O_RDONLY|O_CLOEXEC) = 4
2171885 read(4, "\363\r\r\n\0\0\0\0q;tjUY\0\0\343\0\0\0\0\0\0\0\0\0\0\0\0\5\0\0"..., 20625) = 20624
2171885 read(4, "", 1)                  = 0
2171885 openat(AT_FDCWD, "/home/code/.local/share/uv/python/cpython-3.13.12-linux-x86_64-gnu/lib/python3.13/email/__pycache__/errors.cpython-313.pyc", O_RDONLY|O_CLOEXEC) = 4
2171885 read(4, "\363\r\r\n\0\0\0\0q;tj\346\16\0\0\343\0\0\0\0\0\0\0\0\0\0\0\0\6\0\0"..., 7643) = 7642
2171885 read(4, "", 1)                  = 0
2171885 openat(AT_FDCWD, "/home/code/.local/share/uv/python/cpython-3.13.12-linux-x86_64-gnu/lib/python3.13/email/__pycache__/_policybase.cpython-313.pyc", O_RDONLY|O_CLOEXEC) = 4
2171885 read(4, "\363\r\r\n\0\0\0\0q;tj\275<\0\0\343\0\0\0\0\0\0\0\0\0\0\0\0\7\0\0"..., 18033) = 18032
2171885 read(4, "", 1)                  = 0
2171885 openat(AT_FDCWD, "/home/code/.local/share/uv/python/cpython-3.13.12-linux-x86_64-gnu/lib/python3.13/email/__pycache__/header.cpython-313.pyc", O_RDONLY|O_CLOEXEC) = 4
2171885 read(4, "\363\r\r\n\0\0\0\0q;tj\220_\0\0\343\0\0\0\0\0\0\0\0\0\0\0\0\5\0\0"..., 25019) = 25018
2171885 read(4, "", 1)                  = 0
2171885 openat(AT_FDCWD, "/home/code/.local/share/uv/python/cpython-3.13.12-linux-x86_64-gnu/lib/python3.13/email/__pycache__/quoprimime.cpython-313.pyc", O_RDONLY|O_CLOEXEC) = 4
2171885 read(4, "\363\r\r\n\0\0\0\0q;tj\210&\0\0\343\0\0\0\0\0\0\0\0\0\0\0\0\5\0\0"..., 9972) = 9971
2171885 read(4, "", 1)                  = 0
2171885 openat(AT_FDCWD, "/home/code/.local/share/uv/python/cpython-3.13.12-linux-x86_64-gnu/lib/python3.13/email/__pycache__/base64mime.cpython-313.pyc", O_RDONLY|O_CLOEXEC) = 4
2171885 read(4, "\363\r\r\n\0\0\0\0q;tj\337\r\0\0\343\0\0\0\0\0\0\0\0\0\0\0\0\2\0\0"..., 4037) = 4036
2171885 read(4, "", 1)                  = 0
2171885 openat(AT_FDCWD, "/home/code/.local/share/uv/python/cpython-3.13.12-linux-x86_64-gnu/lib/python3.13/email/__pycache__/charset.cpython-313.pyc", O_RDONLY|O_CLOEXEC) = 4
2171885 read(4, "\363\r\r\n\0\0\0\0q;tj\247B\0\0\343\0\0\0\0\0\0\0\0\0\0\0\0\t\0\0"..., 14962) = 14961
2171885 read(4, "", 1)                  = 0
2171885 openat(AT_FDCWD, "/home/code/.local/share/uv/python/cpython-3.13.12-linux-x86_64-gnu/lib/python3.13/email/__pycache__/encoders.cpython-313.pyc", O_RDONLY|O_CLOEXEC) = 4
2171885 read(4, "\363\r\r\n\0\0\0\0q;tj\362\6\0\0\343\0\0\0\0\0\0\0\0\0\0\0\0\2\0\0"..., 2116) = 2115
2171885 read(4, "", 1)                  = 0
2171885 openat(AT_FDCWD, "/home/code/.local/share/uv/python/cpython-3.13.12-linux-x86_64-gnu/lib/python3.13/__pycache__/quopri.cpython-313.pyc", O_RDONLY|O_CLOEXEC) = 4
2171885 read(4, "\363\r\r\n\0\0\0\0q;tj\20\34\0\0\343\0\0\0\0\0\0\0\0\0\0\0\0\4\0\0"..., 9623) = 9622
2171885 read(4, "", 1)                  = 0
2171885 openat(AT_FDCWD, "/home/code/.local/share/uv/python/cpython-3.13.12-linux-x86_64-gnu/lib/python3.13/email/__pycache__/utils.cpython-313.pyc", O_RDONLY|O_CLOEXEC) = 4
2171885 read(4, "\363\r\r\n\0\0\0\0q;tj\347@\0\0\343\0\0\0\0\0\0\0\0\0\0\0\0\4\0\0"..., 16844) = 16843
2171885 read(4, "", 1)                  = 0
2171885 openat(AT_FDCWD, "/home/code/.local/share/uv/python/cpython-3.13.12-linux-x86_64-gnu/lib/python3.13/urllib/__pycache__/parse.cpython-313.pyc", O_RDONLY|O_CLOEXEC) = 4
2171885 read(4, "\363\r\r\n\0\0\0\0q;tjl\262\0\0\343\0\0\0\0\0\0\0\0\0\0\0\0\6\0\0"..., 50928) = 50927
2171885 read(4, "", 1)                  = 0
2171885 openat(AT_FDCWD, "/home/code/.local/share/uv/python/cpython-3.13.12-linux-x86_64-gnu/lib/python3.13/__pycache__/ipaddress.cpython-313.pyc", O_RDONLY|O_CLOEXEC) = 4
2171885 read(4, "\363\r\r\n\0\0\0\0q;tj\361>\1\0\343\0\0\0\0\0\0\0\0\0\0\0\0\6\0\0"..., 92080) = 92079
2171885 read(4, "", 1)                  = 0
2171885 openat(AT_FDCWD, "/home/code/.local/share/uv/python/cpython-3.13.12-linux-x86_64-gnu/lib/python3.13/email/__pycache__/_parseaddr.cpython-313.pyc", O_RDONLY|O_CLOEXEC) = 4
2171885 read(4, "\363\r\r\n\0\0\0\0q;tj\315F\0\0\343\0\0\0\0\0\0\0\0\0\0\0\0\17\0\0"..., 23625) = 23624
2171885 read(4, "", 1)                  = 0
2171885 openat(AT_FDCWD, "/home/code/.local/share/uv/python/cpython-3.13.12-linux-x86_64-gnu/lib/python3.13/email/__pycache__/message.cpython-313.pyc", O_RDONLY|O_CLOEXEC) = 4
2171885 read(4, "\363\r\r\n\0\0\0\0q;tj:\275\0\0\343\0\0\0\0\0\0\0\0\0\0\0\0\5\0\0"..., 51861) = 51860
2171885 read(4, "", 1)                  = 0
2171885 openat(AT_FDCWD, "/home/code/.local/share/uv/python/cpython-3.13.12-linux-x86_64-gnu/lib/python3.13/email/__pycache__/_encoded_words.cpython-313.pyc", O_RDONLY|O_CLOEXEC) = 4
2171885 read(4, "\363\r\r\n\0\0\0\0q;tj]!\0\0\343\0\0\0\0\0\0\0\0\0\0\0\0\5\0\0"..., 8350) = 8349
2171885 read(4, "", 1)                  = 0
2171885 openat(AT_FDCWD, "/home/code/.local/share/uv/python/cpython-3.13.12-linux-x86_64-gnu/lib/python3.13/email/__pycache__/iterators.cpython-313.pyc", O_RDONLY|O_CLOEXEC) = 4
2171885 read(4, "\363\r\r\n\0\0\0\0q;tjQ\10\0\0\343\0\0\0\0\0\0\0\0\0\0\0\0\2\0\0"..., 2879) = 2878
2171885 read(4, "", 1)                  = 0
2171885 openat(AT_FDCWD, "/home/code/.local/share/uv/python/cpython-3.13.12-linux-x86_64-gnu/lib/python3.13/__pycache__/socket.cpython-313.pyc", O_RDONLY|O_CLOEXEC) = 4
2171885 read(4, "\363\r\r\n\0\0\0\0q;tj\177\223\0\0\343\0\0\0\0\0\0\0\0\0\0\0\0\5\0\0"..., 42282) = 42281
2171885 read(4, "", 1)                  = 0
2171885 openat(AT_FDCWD, "/home/code/.local/share/uv/python/cpython-3.13.12-linux-x86_64-gnu/lib/python3.13/__pycache__/selectors.cpython-313.pyc", O_RDONLY|O_CLOEXEC) = 4
2171885 read(4, "\363\r\r\n\0\0\0\0q;tj\1L\0\0\343\0\0\0\0\0\0\0\0\0\0\0\0\6\0\0"..., 26418) = 26417
2171885 read(4, "", 1)                  = 0
2171885 openat(AT_FDCWD, "/home/code/.local/share/uv/python/cpython-3.13.12-linux-x86_64-gnu/lib/python3.13/__pycache__/ssl.cpython-313.pyc", O_RDONLY|O_CLOEXEC) = 4
2171885 read(4, "\363\r\r\n\0\0\0\0q;tj\321\320\0\0\343\0\0\0\0\0\0\0\0\0\0\0\0\n\0\0"..., 66295) = 66294
2171885 read(4, "", 1)                  = 0
2171885 openat(AT_FDCWD, "/home/code/.local/share/uv/python/cpython-3.13.12-linux-x86_64-gnu/lib/python3.13/__pycache__/tempfile.cpython-313.pyc", O_RDONLY|O_CLOEXEC) = 4
2171885 read(4, "\363\r\r\n\0\0\0\0q;tj\226~\0\0\343\0\0\0\0\0\0\0\0\0\0\0\0\5\0\0"..., 41056) = 41055
2171885 read(4, "", 1)                  = 0
2171885 openat(AT_FDCWD, "/home/code/.local/share/uv/python/cpython-3.13.12-linux-x86_64-gnu/lib/python3.13/__pycache__/shutil.cpython-313.pyc", O_RDONLY|O_CLOEXEC) = 4
2171885 read(4, "\363\r\r\n\0\0\0\0q;tjw\340\0\0\343\0\0\0\0\0\0\0\0\0\0\0\0\5\0\0"..., 67515) = 67514
2171885 read(4, "", 1)                  = 0
2171885 openat(AT_FDCWD, "/home/code/.local/share/uv/python/cpython-3.13.12-linux-x86_64-gnu/lib/python3.13/__pycache__/bz2.cpython-313.pyc", O_RDONLY|O_CLOEXEC) = 4
2171885 read(4, "\363\r\r\n\0\0\0\0q;tj\301.\0\0\343\0\0\0\0\0\0\0\0\0\0\0\0\5\0\0"..., 15228) = 15227
2171885 read(4, "", 1)                  = 0
2171885 openat(AT_FDCWD, "/home/code/.local/share/uv/python/cpython-3.13.12-linux-x86_64-gnu/lib/python3.13/__pycache__/_compression.cpython-313.pyc", O_RDONLY|O_CLOEXEC) = 4
2171885 read(4, "\363\r\r\n\0\0\0\0q;tj1\26\0\0\343\0\0\0\0\0\0\0\0\0\0\0\0\5\0\0"..., 7868) = 7867
2171885 read(4, "", 1)                  = 0
2171885 openat(AT_FDCWD, "/home/code/.local/share/uv/python/cpython-3.13.12-linux-x86_64-gnu/lib/python3.13/__pycache__/lzma.cpython-313.pyc", O_RDONLY|O_CLOEXEC) = 4
2171885 read(4, "\363\r\r\n\0\0\0\0q;tjW4\0\0\343\0\0\0\0\0\0\0\0\0\0\0\0\t\0\0"..., 15781) = 15780
2171885 read(4, "", 1)                  = 0
2171885 openat(AT_FDCWD, "/home/code/.local/share/uv/python/cpython-3.13.12-linux-x86_64-gnu/lib/python3.13/urllib/__pycache__/error.cpython-313.pyc", O_RDONLY|O_CLOEXEC) = 4
2171885 read(4, "\363\r\r\n\0\0\0\0q;tjo\t\0\0\343\0\0\0\0\0\0\0\0\0\0\0\0\6\0\0"..., 3815) = 3814
2171885 read(4, "", 1)                  = 0
2171885 openat(AT_FDCWD, "/home/code/.local/share/uv/python/cpython-3.13.12-linux-x86_64-gnu/lib/python3.13/urllib/__pycache__/response.cpython-313.pyc", O_RDONLY|O_CLOEXEC) = 4
2171885 read(4, "\363\r\r\n\0\0\0\0q;tj9\t\0\0\343\0\0\0\0\0\0\0\0\0\0\0\0\5\0\0"..., 4654) = 4653
2171885 read(4, "", 1)                  = 0
2171885 openat(AT_FDCWD, "/workspace/2026/jspace/j-steer_pub/.venv/lib/python3.13/site-packages/httpx/__pycache__/_exceptions.cpython-313.pyc", O_RDONLY|O_CLOEXEC) = 4
2171885 read(4, "\363\r\r\n\0\0\0\0\376W\211jO!\0\0\343\0\0\0\0\0\0\0\0\0\0\0\0\5\0\0"..., 12363) = 12362
2171885 read(4, "", 1)                  = 0
2171885 openat(AT_FDCWD, "/workspace/2026/jspace/j-steer_pub/.venv/lib/python3.13/site-packages/httpx/__pycache__/_models.cpython-313.pyc", O_RDONLY|O_CLOEXEC) = 4
2171885 read(4, "\363\r\r\n\0\0\0\0\376W\211j\234\256\0\0\343\0\0\0\0\0\0\0\0\0\0\0\0\7\0\0"..., 58636) = 58635
2171885 read(4, "", 1)                  = 0
2171885 openat(AT_FDCWD, "/home/code/.local/share/uv/python/cpython-3.13.12-linux-x86_64-gnu/lib/python3.13/http/__pycache__/cookiejar.cpython-313.pyc", O_RDONLY|O_CLOEXEC) = 4
2171885 read(4, "\363\r\r\n\0\0\0\0q;tj\314.\1\0\343\0\0\0\0\0\0\0\0\0\0\0\0\5\0\0"..., 82841) = 82840
2171885 read(4, "", 1)                  = 0
2171885 openat(AT_FDCWD, "/home/code/.local/share/uv/python/cpython-3.13.12-linux-x86_64-gnu/lib/python3.13/__pycache__/calendar.cpython-313.pyc", O_RDONLY|O_CLOEXEC) = 4
2171885 read(4, "\363\r\r\n\0\0\0\0q;tj\335e\0\0\343\0\0\0\0\0\0\0\0\0\0\0\0\6\0\0"..., 39756) = 39755
2171885 read(4, "", 1)                  = 0
2171885 openat(AT_FDCWD, "/workspace/2026/jspace/j-steer_pub/.venv/lib/python3.13/site-packages/httpx/__pycache__/_content.cpython-313.pyc", O_RDONLY|O_CLOEXEC) = 4
2171885 read(4, "\363\r\r\n\0\0\0\0\376W\211j\341\37\0\0\343\0\0\0\0\0\0\0\0\0\0\0\0\6\0\0"..., 10754) = 10753
2171885 read(4, "", 1)                  = 0
2171885 openat(AT_FDCWD, "/workspace/2026/jspace/j-steer_pub/.venv/lib/python3.13/site-packages/httpx/__pycache__/_multipart.cpython-313.pyc", O_RDONLY|O_CLOEXEC) = 4
2171885 read(4, "\363\r\r\n\0\0\0\0\376W\211js&\0\0\343\0\0\0\0\0\0\0\0\0\0\0\0\n\0\0"..., 13976) = 13975
2171885 read(4, "", 1)                  = 0
2171885 openat(AT_FDCWD, "/home/code/.local/share/uv/python/cpython-3.13.12-linux-x86_64-gnu/lib/python3.13/__pycache__/mimetypes.cpython-313.pyc", O_RDONLY|O_CLOEXEC) = 4
2171885 read(4, "\363\r\r\n\0\0\0\0q;tj+]\0\0\343\0\0\0\0\0\0\0\0\0\0\0\0\4\0\0"..., 24961) = 24960
2171885 read(4, "", 1)                  = 0
2171885 openat(AT_FDCWD, "/workspace/2026/jspace/j-steer_pub/.venv/lib/python3.13/site-packages/httpx/__pycache__/_types.cpython-313.pyc", O_RDONLY|O_CLOEXEC) = 4
2171885 read(4, "\363\r\r\n\0\0\0\0\376W\211j\225\v\0\0\343\0\0\0\0\0\0\0\0\0\0\0\0\v\0\0"..., 3903) = 3902
2171885 read(4, "", 1)                  = 0
2171885 openat(AT_FDCWD, "/workspace/2026/jspace/j-steer_pub/.venv/lib/python3.13/site-packages/httpx/__pycache__/_utils.cpython-313.pyc", O_RDONLY|O_CLOEXEC) = 4
2171885 read(4, "\363\r\r\n\0\0\0\0\376W\211j] \0\0\343\0\0\0\0\0\0\0\0\0\0\0\0\4\0\0"..., 9545) = 9544
2171885 read(4, "", 1)                  = 0
2171885 openat(AT_FDCWD, "/workspace/2026/jspace/j-steer_pub/.venv/lib/python3.13/site-packages/httpx/__pycache__/_decoders.cpython-313.pyc", O_RDONLY|O_CLOEXEC) = 4
2171885 read(4, "\363\r\r\n\0\0\0\0\376W\211j\t/\0\0\343\0\0\0\0\0\0\0\0\0\0\0\0\6\0\0"..., 17264) = 17263
2171885 read(4, "", 1)                  = 0
2171885 openat(AT_FDCWD, "/workspace/2026/jspace/j-steer_pub/.venv/lib/python3.13/site-packages/httpx/__pycache__/_status_codes.cpython-313.pyc", O_RDONLY|O_CLOEXEC) = 4
2171885 read(4, "\363\r\r\n\0\0\0\0\376W\211j\7\26\0\0\343\0\0\0\0\0\0\0\0\0\0\0\0\10\0\0"..., 7168) = 7167
2171885 read(4, "", 1)                  = 0
2171885 openat(AT_FDCWD, "/workspace/2026/jspace/j-steer_pub/.venv/lib/python3.13/site-packages/httpx/__pycache__/_urls.cpython-313.pyc", O_RDONLY|O_CLOEXEC) = 4
2171885 read(4, "\363\r\r\n\0\0\0\0\376W\211j.T\0\0\343\0\0\0\0\0\0\0\0\0\0\0\0\7\0\0"..., 26948) = 26947
2171885 read(4, "", 1)                  = 0
2171885 openat(AT_FDCWD, "/workspace/2026/jspace/j-steer_pub/.venv/lib/python3.13/site-packages/idna/__pycache__/__init__.cpython-313.pyc", O_RDONLY|O_CLOEXEC) = 4
2171885 read(4, "\363\r\r\n\0\0\0\0\375W\211jd\3\0\0\343\0\0\0\0\0\0\0\0\0\0\0\0\2\0\0"..., 882) = 881
2171885 read(4, "", 1)                  = 0
2171885 openat(AT_FDCWD, "/workspace/2026/jspace/j-steer_pub/.venv/lib/python3.13/site-packages/idna", O_RDONLY|O_NONBLOCK|O_CLOEXEC|O_DIRECTORY) = 4
2171885 openat(AT_FDCWD, "/workspace/2026/jspace/j-steer_pub/.venv/lib/python3.13/site-packages/idna/__pycache__/core.cpython-313.pyc", O_RDONLY|O_CLOEXEC) = 4
2171885 read(4, "\363\r\r\n\0\0\0\0\375W\211jm`\0\0\343\0\0\0\0\0\0\0\0\0\0\0\0\r\0\0"..., 28421) = 28420
2171885 read(4, "", 1)                  = 0
2171885 openat(AT_FDCWD, "/workspace/2026/jspace/j-steer_pub/.venv/lib/python3.13/site-packages/idna/__pycache__/idnadata.cpython-313.pyc", O_RDONLY|O_CLOEXEC) = 4
2171885 read(4, "\363\r\r\n\0\0\0\0\375W\211j>\257\0\0\343\0\0\0\0\0\0\0\0\0\0\0\0\6\0\0"..., 22029) = 22028
2171885 read(4, "", 1)                  = 0
2171885 openat(AT_FDCWD, "/workspace/2026/jspace/j-steer_pub/.venv/lib/python3.13/site-packages/idna/__pycache__/intranges.cpython-313.pyc", O_RDONLY|O_CLOEXEC) = 4
2171885 read(4, "\363\r\r\n\0\0\0\0\375W\211j;\7\0\0\343\0\0\0\0\0\0\0\0\0\0\0\0\6\0\0"..., 2563) = 2562
2171885 read(4, "", 1)                  = 0
2171885 openat(AT_FDCWD, "/workspace/2026/jspace/j-steer_pub/.venv/lib/python3.13/site-packages/idna/__pycache__/package_data.cpython-313.pyc", O_RDONLY|O_CLOEXEC) = 4
2171885 read(4, "\363\r\r\n\0\0\0\0\375W\211j\25\0\0\0\343\0\0\0\0\0\0\0\0\0\0\0\0\1\0\0"..., 213) = 212
2171885 read(4, "", 1)                  = 0
2171885 openat(AT_FDCWD, "/workspace/2026/jspace/j-steer_pub/.venv/lib/python3.13/site-packages/httpx/__pycache__/_urlparse.cpython-313.pyc", O_RDONLY|O_CLOEXEC) = 4
2171885 read(4, "\363\r\r\n\0\0\0\0\376W\211jrH\0\0\343\0\0\0\0\0\0\0\0\0\0\0\0\n\0\0"..., 18106) = 18105
2171885 read(4, "", 1)                  = 0
2171885 openat(AT_FDCWD, "/workspace/2026/jspace/j-steer_pub/.venv/lib/python3.13/site-packages/httpx/__pycache__/_config.cpython-313.pyc", O_RDONLY|O_CLOEXEC) = 4
2171885 read(4, "\363\r\r\n\0\0\0\0\376W\211jc!\0\0\343\0\0\0\0\0\0\0\0\0\0\0\0\5\0\0"..., 11400) = 11399
2171885 read(4, "", 1)                  = 0
2171885 openat(AT_FDCWD, "/workspace/2026/jspace/j-steer_pub/.venv/lib/python3.13/site-packages/httpx/_transports/__pycache__/__init__.cpython-313.pyc", O_RDONLY|O_CLOEXEC) = 4
2171885 read(4, "\363\r\r\n\0\0\0\0\376W\211j\23\1\0\0\343\0\0\0\0\0\0\0\0\0\0\0\0\2\0\0"..., 443) = 442
2171885 read(4, "", 1)                  = 0
2171885 openat(AT_FDCWD, "/workspace/2026/jspace/j-steer_pub/.venv/lib/python3.13/site-packages/httpx/_transports", O_RDONLY|O_NONBLOCK|O_CLOEXEC|O_DIRECTORY) = 4
2171885 openat(AT_FDCWD, "/workspace/2026/jspace/j-steer_pub/.venv/lib/python3.13/site-packages/httpx/_transports/__pycache__/asgi.cpython-313.pyc", O_RDONLY|O_CLOEXEC) = 4
2171885 read(4, "\363\r\r\n\0\0\0\0\376W\211j}\25\0\0\343\0\0\0\0\0\0\0\0\0\0\0\0\5\0\0"..., 7743) = 7742
2171885 read(4, "", 1)                  = 0
2171885 openat(AT_FDCWD, "/workspace/2026/jspace/j-steer_pub/.venv/lib/python3.13/site-packages/httpx/_transports/__pycache__/base.cpython-313.pyc", O_RDONLY|O_CLOEXEC) = 4
2171885 read(4, "\363\r\r\n\0\0\0\0\376W\211j\333\t\0\0\343\0\0\0\0\0\0\0\0\0\0\0\0\5\0\0"..., 3783) = 3782
2171885 read(4, "", 1)                  = 0
2171885 openat(AT_FDCWD, "/workspace/2026/jspace/j-steer_pub/.venv/lib/python3.13/site-packages/httpx/_transports/__pycache__/default.cpython-313.pyc", O_RDONLY|O_CLOEXEC) = 4
2171885 read(4, "\363\r\r\n\0\0\0\0\376W\211j\2376\0\0\343\0\0\0\0\0\0\0\0\0\0\0\0\10\0\0"..., 17308) = 17307
2171885 read(4, "", 1)                  = 0
2171885 openat(AT_FDCWD, "/workspace/2026/jspace/j-steer_pub/.venv/lib/python3.13/site-packages/httpx/_transports/__pycache__/mock.cpython-313.pyc", O_RDONLY|O_CLOEXEC) = 4
2171885 read(4, "\363\r\r\n\0\0\0\0\376W\211j\320\4\0\0\343\0\0\0\0\0\0\0\0\0\0\0\0\6\0\0"..., 2025) = 2024
2171885 read(4, "", 1)                  = 0
2171885 openat(AT_FDCWD, "/workspace/2026/jspace/j-steer_pub/.venv/lib/python3.13/site-packages/httpx/_transports/__pycache__/wsgi.cpython-313.pyc", O_RDONLY|O_CLOEXEC) = 4
2171885 read(4, "\363\r\r\n\0\0\0\0\376W\211j\331\22\0\0\343\0\0\0\0\0\0\0\0\0\0\0\0\5\0\0"..., 6900) = 6899
2171885 read(4, "", 1)                  = 0
2171885 openat(AT_FDCWD, "/workspace/2026/jspace/j-steer_pub/.venv/lib/python3.13/site-packages/httpx/__pycache__/_main.cpython-313.pyc", O_RDONLY|O_CLOEXEC) = 4
2171885 read(4, "\363\r\r\n\0\0\0\0\376W\211j\n=\0\0\343\0\0\0\0\0\0\0\0\0\0\0\0\33\0\0"..., 20637) = 20636
2171885 read(4, "", 1)                  = 0
2171885 openat(AT_FDCWD, "/workspace/2026/jspace/j-steer_pub/.venv/lib/python3.13/site-packages/click/__pycache__/__init__.cpython-313.pyc", O_RDONLY|O_CLOEXEC) = 4
2171885 read(4, "\363\r\r\n\0\0\0\0\376W\211j\32\22\0\0\343\0\0\0\0\0\0\0\0\0\0\0\0\2\0\0"..., 4171) = 4170
2171885 read(4, "", 1)                  = 0
2171885 openat(AT_FDCWD, "/workspace/2026/jspace/j-steer_pub/.venv/lib/python3.13/site-packages/click", O_RDONLY|O_NONBLOCK|O_CLOEXEC|O_DIRECTORY) = 4
2171885 openat(AT_FDCWD, "/workspace/2026/jspace/j-steer_pub/.venv/lib/python3.13/site-packages/click/__pycache__/core.cpython-313.pyc", O_RDONLY|O_CLOEXEC) = 4
2171885 read(4, "\363\r\r\n\0\0\0\0\376W\211jH%\2\0\343\0\0\0\0\0\0\0\0\0\0\0\0\7\0\0"..., 139815) = 139814
2171885 read(4, "", 1)                  = 0
2171885 openat(AT_FDCWD, "/home/code/.local/share/uv/python/cpython-3.13.12-linux-x86_64-gnu/lib/python3.13/__pycache__/gettext.cpython-313.pyc", O_RDONLY|O_CLOEXEC) = 4
2171885 read(4, "\363\r\r\n\0\0\0\0q;tj\36T\0\0\343\0\0\0\0\0\0\0\0\0\0\0\0\10\0\0"..., 22624) = 22623
2171885 read(4, "", 1)                  = 0
2171885 openat(AT_FDCWD, "/workspace/2026/jspace/j-steer_pub/.venv/lib/python3.13/site-packages/click/__pycache__/types.cpython-313.pyc", O_RDONLY|O_CLOEXEC) = 4
2171885 read(4, "\363\r\r\n\0\0\0\0\376W\211j\364\256\0\0\343\0\0\0\0\0\0\0\0\0\0\0\0\10\0\0"..., 57625) = 57624
2171885 read(4, "", 1)                  = 0
2171885 openat(AT_FDCWD, "/home/code/.local/share/uv/python/cpython-3.13.12-linux-x86_64-gnu/lib/python3.13/__pycache__/uuid.cpython-313.pyc", O_RDONLY|O_CLOEXEC) = 4
2171885 read(4, "\363\r\r\n\0\0\0\0q;tj\22s\0\0\343\0\0\0\0\0\0\0\0\0\0\0\0\5\0\0"..., 32445) = 32444
2171885 read(4, "", 1)                  = 0
2171885 openat(AT_FDCWD, "/workspace/2026/jspace/j-steer_pub/.venv/lib/python3.13/site-packages/click/__pycache__/_compat.cpython-313.pyc", O_RDONLY|O_CLOEXEC) = 4
2171885 read(4, "\363\r\r\n\0\0\0\0\376W\211j\277I\0\0\343\0\0\0\0\0\0\0\0\0\0\0\0\5\0\0"..., 24826) = 24825
2171885 read(4, "", 1)                  = 0
2171885 openat(AT_FDCWD, "/workspace/2026/jspace/j-steer_pub/.venv/lib/python3.13/site-packages/click/__pycache__/exceptions.cpython-313.pyc", O_RDONLY|O_CLOEXEC) = 4
2171885 read(4, "\363\r\r\n\0\0\0\0\376W\211jV.\0\0\343\0\0\0\0\0\0\0\0\0\0\0\0\5\0\0"..., 17518) = 17517
2171885 read(4, "", 1)                  = 0
2171885 openat(AT_FDCWD, "/workspace/2026/jspace/j-steer_pub/.venv/lib/python3.13/site-packages/click/__pycache__/globals.cpython-313.pyc", O_RDONLY|O_CLOEXEC) = 4
2171885 read(4, "\363\r\r\n\0\0\0\0\376W\211j\203\7\0\0\343\0\0\0\0\0\0\0\0\0\0\0\0\4\0\0"..., 2954) = 2953
2171885 read(4, "", 1)                  = 0
2171885 openat(AT_FDCWD, "/workspace/2026/jspace/j-steer_pub/.venv/lib/python3.13/site-packages/click/__pycache__/utils.cpython-313.pyc", O_RDONLY|O_CLOEXEC) = 4
2171885 read(4, "\363\r\r\n\0\0\0\0\376W\211j\316Q\0\0\343\0\0\0\0\0\0\0\0\0\0\0\0\4\0\0"..., 25744) = 25743
2171885 read(4, "", 1)                  = 0
2171885 openat(AT_FDCWD, "/workspace/2026/jspace/j-steer_pub/.venv/lib/python3.13/site-packages/click/__pycache__/_utils.cpython-313.pyc", O_RDONLY|O_CLOEXEC) = 4
2171885 read(4, "\363\r\r\n\0\0\0\0\376W\211j\344\3\0\0\343\0\0\0\0\0\0\0\0\0\0\0\0\5\0\0"..., 1475) = 1474
2171885 read(4, "", 1)                  = 0
2171885 openat(AT_FDCWD, "/workspace/2026/jspace/j-steer_pub/.venv/lib/python3.13/site-packages/click/__pycache__/formatting.cpython-313.pyc", O_RDONLY|O_CLOEXEC) = 4
2171885 read(4, "\363\r\r\n\0\0\0\0\376W\211j\314(\0\0\343\0\0\0\0\0\0\0\0\0\0\0\0\4\0\0"..., 14145) = 14144
2171885 read(4, "", 1)                  = 0
2171885 openat(AT_FDCWD, "/workspace/2026/jspace/j-steer_pub/.venv/lib/python3.13/site-packages/click/__pycache__/parser.cpython-313.pyc", O_RDONLY|O_CLOEXEC) = 4
2171885 read(4, "\363\r\r\n\0\0\0\0\376W\211jlJ\0\0\343\0\0\0\0\0\0\0\0\0\0\0\0\4\0\0"..., 20743) = 20742
2171885 read(4, "", 1)                  = 0
2171885 openat(AT_FDCWD, "/workspace/2026/jspace/j-steer_pub/.venv/lib/python3.13/site-packages/click/__pycache__/termui.cpython-313.pyc", O_RDONLY|O_CLOEXEC) = 4
2171885 read(4, "\363\r\r\n\0\0\0\0\376W\211j\275\201\0\0\343\0\0\0\0\0\0\0\0\0\0\0\0\17\0\0"..., 36798) = 36797
2171885 read(4, "", 1)                  = 0
2171885 openat(AT_FDCWD, "/workspace/2026/jspace/j-steer_pub/.venv/lib/python3.13/site-packages/click/__pycache__/decorators.cpython-313.pyc", O_RDONLY|O_CLOEXEC) = 4
2171885 read(4, "\363\r\r\n\0\0\0\0\376W\211j\375L\0\0\343\0\0\0\0\0\0\0\0\0\0\0\0\5\0\0"..., 22940) = 22939
2171885 read(4, "", 1)                  = 0
2171885 openat(AT_FDCWD, "/workspace/2026/jspace/j-steer_pub/.venv/lib/python3.13/site-packages/pygments/__pycache__/__init__.cpython-313.pyc", O_RDONLY|O_CLOEXEC) = 4
2171885 read(4, "\363\r\r\n\0\0\0\0\376W\211j\222\v\0\0\343\0\0\0\0\0\0\0\0\0\0\0\0\2\0\0"..., 3408) = 3407
2171885 read(4, "", 1)                  = 0
2171885 openat(AT_FDCWD, "/workspace/2026/jspace/j-steer_pub/.venv/lib/python3.13/site-packages/pygments", O_RDONLY|O_NONBLOCK|O_CLOEXEC|O_DIRECTORY) = 4
2171885 openat(AT_FDCWD, "/workspace/2026/jspace/j-steer_pub/.venv/lib/python3.13/site-packages/pygments/lexers/__pycache__/__init__.cpython-313.pyc", O_RDONLY|O_CLOEXEC) = 4
2171885 read(4, "\363\r\r\n\0\0\0\0\375W\211j&/\0\0\343\0\0\0\0\0\0\0\0\0\0\0\0\5\0\0"..., 14706) = 14705
2171885 read(4, "", 1)                  = 0
2171885 openat(AT_FDCWD, "/workspace/2026/jspace/j-steer_pub/.venv/lib/python3.13/site-packages/pygments/lexers", O_RDONLY|O_NONBLOCK|O_CLOEXEC|O_DIRECTORY) = 4
2171885 openat(AT_FDCWD, "/workspace/2026/jspace/j-steer_pub/.venv/lib/python3.13/site-packages/pygments/lexers/__pycache__/_mapping.cpython-313.pyc", O_RDONLY|O_CLOEXEC) = 4
2171885 read(4, "\363\r\r\n\0\0\0\0\375W\211jf\24\1\0\343\0\0\0\0\0\0\0\0\0\0\0\0\5\0\0"..., 67232) = 67231
2171885 read(4, "", 1)                  = 0
2171885 openat(AT_FDCWD, "/workspace/2026/jspace/j-steer_pub/.venv/lib/python3.13/site-packages/pygments/__pycache__/modeline.cpython-313.pyc", O_RDONLY|O_CLOEXEC) = 4
2171885 read(4, "\363\r\r\n\0\0\0\0\375W\211j\360\3\0\0\343\0\0\0\0\0\0\0\0\0\0\0\0\4\0\0"..., 1573) = 1572
2171885 read(4, "", 1)                  = 0
2171885 openat(AT_FDCWD, "/workspace/2026/jspace/j-steer_pub/.venv/lib/python3.13/site-packages/pygments/__pycache__/plugin.cpython-313.pyc", O_RDONLY|O_CLOEXEC) = 4
2171885 read(4, "\363\r\r\n\0\0\0\0\376W\211j\210\7\0\0\343\0\0\0\0\0\0\0\0\0\0\0\0\2\0\0"..., 2625) = 2624
2171885 read(4, "", 1)                  = 0
2171885 openat(AT_FDCWD, "/home/code/.local/share/uv/python/cpython-3.13.12-linux-x86_64-gnu/lib/python3.13/importlib", O_RDONLY|O_NONBLOCK|O_CLOEXEC|O_DIRECTORY) = 4
2171885 openat(AT_FDCWD, "/home/code/.local/share/uv/python/cpython-3.13.12-linux-x86_64-gnu/lib/python3.13/importlib/metadata/__pycache__/__init__.cpython-313.pyc", O_RDONLY|O_CLOEXEC) = 4
2171885 read(4, "\363\r\r\n\0\0\0\0q;tj+\205\0\0\343\0\0\0\0\0\0\0\0\0\0\0\0\6\0\0"..., 52872) = 52871
2171885 read(4, "", 1)                  = 0
2171885 openat(AT_FDCWD, "/home/code/.local/share/uv/python/cpython-3.13.12-linux-x86_64-gnu/lib/python3.13/zipfile/__pycache__/__init__.cpython-313.pyc", O_RDONLY|O_CLOEXEC) = 4
2171885 read(4, "\363\r\r\n\0\0\0\0q;tj\277^\1\0\343\0\0\0\0\0\0\0\0\0\0\0\0\5\0\0"..., 104756) = 104755
2171885 read(4, "", 1)                  = 0
2171885 openat(AT_FDCWD, "/home/code/.local/share/uv/python/cpython-3.13.12-linux-x86_64-gnu/lib/python3.13/importlib/__pycache__/_abc.cpython-313.pyc", O_RDONLY|O_CLOEXEC) = 4
2171885 read(4, "\363\r\r\n\0\0\0\0q;tjJ\5\0\0\343\0\0\0\0\0\0\0\0\0\0\0\0\6\0\0"..., 1681) = 1680
2171885 read(4, "", 1)                  = 0
2171885 openat(AT_FDCWD, "/home/code/.local/share/uv/python/cpython-3.13.12-linux-x86_64-gnu/lib/python3.13/zipfile", O_RDONLY|O_NONBLOCK|O_CLOEXEC|O_DIRECTORY) = 4
2171885 openat(AT_FDCWD, "/home/code/.local/share/uv/python/cpython-3.13.12-linux-x86_64-gnu/lib/python3.13/zipfile/_path/__pycache__/__init__.cpython-313.pyc", O_RDONLY|O_CLOEXEC) = 4
2171885 read(4, "\363\r\r\n\0\0\0\0q;tj\264.\0\0\343\0\0\0\0\0\0\0\0\0\0\0\0\6\0\0"..., 20268) = 20267
2171885 read(4, "", 1)                  = 0
2171885 openat(AT_FDCWD, "/home/code/.local/share/uv/python/cpython-3.13.12-linux-x86_64-gnu/lib/python3.13/zipfile/_path", O_RDONLY|O_NONBLOCK|O_CLOEXEC|O_DIRECTORY) = 4
2171885 openat(AT_FDCWD, "/home/code/.local/share/uv/python/cpython-3.13.12-linux-x86_64-gnu/lib/python3.13/zipfile/_path/__pycache__/glob.cpython-313.pyc", O_RDONLY|O_CLOEXEC) = 4
2171885 read(4, "\363\r\r\n\0\0\0\0q;tj\362\f\0\0\343\0\0\0\0\0\0\0\0\0\0\0\0\5\0\0"..., 5428) = 5427
2171885 read(4, "", 1)                  = 0
2171885 openat(AT_FDCWD, "/home/code/.local/share/uv/python/cpython-3.13.12-linux-x86_64-gnu/lib/python3.13/importlib/metadata", O_RDONLY|O_NONBLOCK|O_CLOEXEC|O_DIRECTORY) = 4
2171885 openat(AT_FDCWD, "/home/code/.local/share/uv/python/cpython-3.13.12-linux-x86_64-gnu/lib/python3.13/importlib/metadata/__pycache__/_meta.cpython-313.pyc", O_RDONLY|O_CLOEXEC) = 4
2171885 read(4, "\363\r\r\n\0\0\0\0q;tj\t\7\0\0\343\0\0\0\0\0\0\0\0\0\0\0\0\5\0\0"..., 3718) = 3717
2171885 read(4, "", 1)                  = 0
2171885 openat(AT_FDCWD, "/home/code/.local/share/uv/python/cpython-3.13.12-linux-x86_64-gnu/lib/python3.13/importlib/metadata/__pycache__/_collections.cpython-313.pyc", O_RDONLY|O_CLOEXEC) = 4
2171885 read(4, "\363\r\r\n\0\0\0\0q;tj\347\2\0\0\343\0\0\0\0\0\0\0\0\0\0\0\0\10\0\0"..., 1987) = 1986
2171885 read(4, "", 1)                  = 0
2171885 openat(AT_FDCWD, "/home/code/.local/share/uv/python/cpython-3.13.12-linux-x86_64-gnu/lib/python3.13/importlib/metadata/__pycache__/_functools.cpython-313.pyc", O_RDONLY|O_CLOEXEC) = 4
2171885 read(4, "\363\r\r\n\0\0\0\0q;tjO\v\0\0\343\0\0\0\0\0\0\0\0\0\0\0\0\2\0\0"..., 3302) = 3301
2171885 read(4, "", 1)                  = 0
2171885 openat(AT_FDCWD, "/home/code/.local/share/uv/python/cpython-3.13.12-linux-x86_64-gnu/lib/python3.13/importlib/metadata/__pycache__/_itertools.cpython-313.pyc", O_RDONLY|O_CLOEXEC) = 4
2171885 read(4, "\363\r\r\n\0\0\0\0q;tj\24\10\0\0\343\0\0\0\0\0\0\0\0\0\0\0\0\2\0\0"..., 2337) = 2336
2171885 read(4, "", 1)                  = 0
2171885 openat(AT_FDCWD, "/home/code/.local/share/uv/python/cpython-3.13.12-linux-x86_64-gnu/lib/python3.13/importlib/__pycache__/abc.cpython-313.pyc", O_RDONLY|O_CLOEXEC) = 4
2171885 read(4, "\363\r\r\n\0\0\0\0q;tj\353\35\0\0\343\0\0\0\0\0\0\0\0\0\0\0\0\7\0\0"..., 10384) = 10383
2171885 read(4, "", 1)                  = 0
2171885 openat(AT_FDCWD, "/home/code/.local/share/uv/python/cpython-3.13.12-linux-x86_64-gnu/lib/python3.13/importlib/resources/__pycache__/__init__.cpython-313.pyc", O_RDONLY|O_CLOEXEC) = 4
2171885 read(4, "\363\r\r\n\0\0\0\0q;tj\277\2\0\0\343\0\0\0\0\0\0\0\0\0\0\0\0\2\0\0"..., 879) = 878
2171885 read(4, "", 1)                  = 0
2171885 openat(AT_FDCWD, "/home/code/.local/share/uv/python/cpython-3.13.12-linux-x86_64-gnu/lib/python3.13/importlib/resources", O_RDONLY|O_NONBLOCK|O_CLOEXEC|O_DIRECTORY) = 4
2171885 openat(AT_FDCWD, "/home/code/.local/share/uv/python/cpython-3.13.12-linux-x86_64-gnu/lib/python3.13/importlib/resources/__pycache__/_common.cpython-313.pyc", O_RDONLY|O_CLOEXEC) = 4
2171885 read(4, "\363\r\r\n\0\0\0\0q;tj\360\25\0\0\343\0\0\0\0\0\0\0\0\0\0\0\0\6\0\0"..., 8823) = 8822
2171885 read(4, "", 1)                  = 0
2171885 openat(AT_FDCWD, "/home/code/.local/share/uv/python/cpython-3.13.12-linux-x86_64-gnu/lib/python3.13/importlib/resources/__pycache__/abc.cpython-313.pyc", O_RDONLY|O_CLOEXEC) = 4
2171885 read(4, "\363\r\r\n\0\0\0\0q;tjS\24\0\0\343\0\0\0\0\0\0\0\0\0\0\0\0\6\0\0"..., 8843) = 8842
2171885 read(4, "", 1)                  = 0
2171885 openat(AT_FDCWD, "/home/code/.local/share/uv/python/cpython-3.13.12-linux-x86_64-gnu/lib/python3.13/importlib/resources/__pycache__/_functional.cpython-313.pyc", O_RDONLY|O_CLOEXEC) = 4
2171885 read(4, "\363\r\r\n\0\0\0\0q;tj[\n\0\0\343\0\0\0\0\0\0\0\0\0\0\0\0\3\0\0"..., 3505) = 3504
2171885 read(4, "", 1)                  = 0
2171885 openat(AT_FDCWD, "/workspace/2026/jspace/j-steer_pub/.venv/lib/python3.13/site-packages/pygments/__pycache__/util.cpython-313.pyc", O_RDONLY|O_CLOEXEC) = 4
2171885 read(4, "\363\r\r\n\0\0\0\0\375W\211j>'\0\0\343\0\0\0\0\0\0\0\0\0\0\0\0\5\0\0"..., 14178) = 14177
2171885 read(4, "", 1)                  = 0
2171885 openat(AT_FDCWD, "/workspace/2026/jspace/j-steer_pub/.venv/lib/python3.13/site-packages/rich/__pycache__/__init__.cpython-313.pyc", O_RDONLY|O_CLOEXEC) = 4
2171885 read(4, "\363\r\r\n\0\0\0\0\376W\211j\363\27\0\0\343\0\0\0\0\0\0\0\0\0\0\0\0\31\0\0"..., 6912) = 6911
2171885 read(4, "", 1)                  = 0
2171885 openat(AT_FDCWD, "/workspace/2026/jspace/j-steer_pub/.venv/lib/python3.13/site-packages/rich", O_RDONLY|O_NONBLOCK|O_CLOEXEC|O_DIRECTORY) = 4
2171885 openat(AT_FDCWD, "/workspace/2026/jspace/j-steer_pub/.venv/lib/python3.13/site-packages/rich/__pycache__/_extension.cpython-313.pyc", O_RDONLY|O_CLOEXEC) = 4
2171885 read(4, "\363\r\r\n\0\0\0\0\376W\211j\361\0\0\0\343\0\0\0\0\0\0\0\0\0\0\0\0\4\0\0"..., 512) = 511
2171885 read(4, "", 1)                  = 0
2171885 openat(AT_FDCWD, "/workspace/2026/jspace/j-steer_pub/.venv/lib/python3.13/site-packages/rich/__pycache__/console.cpython-313.pyc", O_RDONLY|O_CLOEXEC) = 4
2171885 read(4, "\363\r\r\n\0\0\0\0\376W\211j\361\213\1\0\343\0\0\0\0\0\0\0\0\0\0\0\0\r\0\0"..., 114632) = 114631
2171885 read(4, "", 1)                  = 0
2171885 openat(AT_FDCWD, "/workspace/2026/jspace/j-steer_pub/.venv/lib/python3.13/site-packages/rich/__pycache__/_null_file.cpython-313.pyc", O_RDONLY|O_CLOEXEC) = 4
2171885 read(4, "\363\r\r\n\0\0\0\0\376W\211jr\5\0\0\343\0\0\0\0\0\0\0\0\0\0\0\0\6\0\0"..., 3732) = 3731
2171885 read(4, "", 1)                  = 0
2171885 openat(AT_FDCWD, "/workspace/2026/jspace/j-steer_pub/.venv/lib/python3.13/site-packages/rich/__pycache__/errors.cpython-313.pyc", O_RDONLY|O_CLOEXEC) = 4
2171885 read(4, "\363\r\r\n\0\0\0\0\376W\211j\202\2\0\0\343\0\0\0\0\0\0\0\0\0\0\0\0\5\0\0"..., 2044) = 2043
2171885 read(4, "", 1)                  = 0
2171885 openat(AT_FDCWD, "/workspace/2026/jspace/j-steer_pub/.venv/lib/python3.13/site-packages/rich/__pycache__/themes.cpython-313.pyc", O_RDONLY|O_CLOEXEC) = 4
2171885 read(4, "\363\r\r\n\0\0\0\0\376W\211jf\0\0\0\343\0\0\0\0\0\0\0\0\0\0\0\0\3\0\0"..., 311) = 310
2171885 read(4, "", 1)                  = 0
2171885 openat(AT_FDCWD, "/workspace/2026/jspace/j-steer_pub/.venv/lib/python3.13/site-packages/rich/__pycache__/default_styles.cpython-313.pyc", O_RDONLY|O_CLOEXEC) = 4
2171885 read(4, "\363\r\r\n\0\0\0\0\376W\211j\321 \0\0\343\0\0\0\0\0\0\0\0\0\0\0\0\20\0\0"..., 10040) = 10039
2171885 read(4, "", 1)                  = 0
2171885 openat(AT_FDCWD, "/workspace/2026/jspace/j-steer_pub/.venv/lib/python3.13/site-packages/rich/__pycache__/style.cpython-313.pyc", O_RDONLY|O_CLOEXEC) = 4
2171885 read(4, "\363\r\r\n\0\0\0\0\376W\211j\274i\0\0\343\0\0\0\0\0\0\0\0\0\0\0\0\10\0\0"..., 34453) = 34452
2171885 read(4, "", 1)                  = 0
2171885 openat(AT_FDCWD, "/workspace/2026/jspace/j-steer_pub/.venv/lib/python3.13/site-packages/rich/__pycache__/color.cpython-313.pyc", O_RDONLY|O_CLOEXEC) = 4
2171885 read(4, "\363\r\r\n\0\0\0\0\376W\211j#G\0\0\343\0\0\0\0\0\0\0\0\0\0\0\0\20\0\0"..., 26527) = 26526
2171885 read(4, "", 1)                  = 0
2171885 openat(AT_FDCWD, "/home/code/.local/share/uv/python/cpython-3.13.12-linux-x86_64-gnu/lib/python3.13/__pycache__/colorsys.cpython-313.pyc", O_RDONLY|O_CLOEXEC) = 4
2171885 read(4, "\363\r\r\n\0\0\0\0q;tj\336\17\0\0\343\0\0\0\0\0\0\0\0\0\0\0\0\2\0\0"..., 4567) = 4566
2171885 read(4, "", 1)                  = 0
2171885 openat(AT_FDCWD, "/workspace/2026/jspace/j-steer_pub/.venv/lib/python3.13/site-packages/rich/__pycache__/_palettes.cpython-313.pyc", O_RDONLY|O_CLOEXEC) = 4
2171885 read(4, "\363\r\r\n\0\0\0\0\376W\211j\227\33\0\0\343\0\0\0\0\0\0\0\0\0\0\0\0\4\0\0"..., 5157) = 5156
2171885 read(4, "", 1)                  = 0
2171885 openat(AT_FDCWD, "/workspace/2026/jspace/j-steer_pub/.venv/lib/python3.13/site-packages/rich/__pycache__/palette.cpython-313.pyc", O_RDONLY|O_CLOEXEC) = 4
2171885 read(4, "\363\r\r\n\0\0\0\0\376W\211j\330\f\0\0\343\0\0\0\0\0\0\0\0\0\0\0\0\4\0\0"..., 5237) = 5236
2171885 read(4, "", 1)                  = 0
2171885 openat(AT_FDCWD, "/workspace/2026/jspace/j-steer_pub/.venv/lib/python3.13/site-packages/rich/__pycache__/color_triplet.cpython-313.pyc", O_RDONLY|O_CLOEXEC) = 4
2171885 read(4, "\363\r\r\n\0\0\0\0\376W\211j\36\4\0\0\343\0\0\0\0\0\0\0\0\0\0\0\0\5\0\0"..., 1702) = 1701
2171885 read(4, "", 1)                  = 0
2171885 openat(AT_FDCWD, "/workspace/2026/jspace/j-steer_pub/.venv/lib/python3.13/site-packages/rich/__pycache__/repr.cpython-313.pyc", O_RDONLY|O_CLOEXEC) = 4
2171885 read(4, "\363\r\r\n\0\0\0\0\376W\211jT\21\0\0\343\0\0\0\0\0\0\0\0\0\0\0\0\r\0\0"..., 6726) = 6725
2171885 read(4, "", 1)                  = 0
2171885 openat(AT_FDCWD, "/workspace/2026/jspace/j-steer_pub/.venv/lib/python3.13/site-packages/rich/__pycache__/terminal_theme.cpython-313.pyc", O_RDONLY|O_CLOEXEC) = 4
2171885 read(4, "\363\r\r\n\0\0\0\0\376W\211j*\r\0\0\343\0\0\0\0\0\0\0\0\0\0\0\0\7\0\0"..., 3403) = 3402
2171885 read(4, "", 1)                  = 0
2171885 openat(AT_FDCWD, "/workspace/2026/jspace/j-steer_pub/.venv/lib/python3.13/site-packages/rich/__pycache__/theme.cpython-313.pyc", O_RDONLY|O_CLOEXEC) = 4
2171885 read(4, "\363\r\r\n\0\0\0\0\376W\211j\304\16\0\0\343\0\0\0\0\0\0\0\0\0\0\0\0\5\0\0"..., 6316) = 6315
2171885 read(4, "", 1)                  = 0
2171885 openat(AT_FDCWD, "/workspace/2026/jspace/j-steer_pub/.venv/lib/python3.13/site-packages/rich/__pycache__/_emoji_replace.cpython-313.pyc", O_RDONLY|O_CLOEXEC) = 4
2171885 read(4, "\363\r\r\n\0\0\0\0\376W\211j+\4\0\0\343\0\0\0\0\0\0\0\0\0\0\0\0\t\0\0"..., 1732) = 1731
2171885 read(4, "", 1)                  = 0
2171885 openat(AT_FDCWD, "/workspace/2026/jspace/j-steer_pub/.venv/lib/python3.13/site-packages/rich/__pycache__/_export_format.cpython-313.pyc", O_RDONLY|O_CLOEXEC) = 4
2171885 read(4, "\363\r\r\n\0\0\0\0\376W\211jP\10\0\0\343\0\0\0\0\0\0\0\0\0\0\0\0\1\0\0"..., 2346) = 2345
2171885 read(4, "", 1)                  = 0
2171885 openat(AT_FDCWD, "/workspace/2026/jspace/j-steer_pub/.venv/lib/python3.13/site-packages/rich/__pycache__/_fileno.cpython-313.pyc", O_RDONLY|O_CLOEXEC) = 4
2171885 read(4, "\363\r\r\n\0\0\0\0\376W\211j\37\3\0\0\343\0\0\0\0\0\0\0\0\0\0\0\0\2\0\0"..., 838) = 837
2171885 read(4, "", 1)                  = 0
2171885 openat(AT_FDCWD, "/workspace/2026/jspace/j-steer_pub/.venv/lib/python3.13/site-packages/rich/__pycache__/_log_render.cpython-313.pyc", O_RDONLY|O_CLOEXEC) = 4
2171885 read(4, "\363\r\r\n\0\0\0\0\376W\211j\215\f\0\0\343\0\0\0\0\0\0\0\0\0\0\0\0\5\0\0"..., 4310) = 4309
2171885 read(4, "", 1)                  = 0
2171885 openat(AT_FDCWD, "/workspace/2026/jspace/j-steer_pub/.venv/lib/python3.13/site-packages/rich/__pycache__/text.cpython-313.pyc", O_RDONLY|O_CLOEXEC) = 4
2171885 read(4, "\363\r\r\n\0\0\0\0\376W\211j'\272\0\0\343\0\0\0\0\0\0\0\0\0\0\0\0\6\0\0"..., 60347) = 60346
2171885 read(4, "", 1)                  = 0
2171885 openat(AT_FDCWD, "/workspace/2026/jspace/j-steer_pub/.venv/lib/python3.13/site-packages/rich/__pycache__/_loop.cpython-313.pyc", O_RDONLY|O_CLOEXEC) = 4
2171885 read(4, "\363\r\r\n\0\0\0\0\376W\211j\324\4\0\0\343\0\0\0\0\0\0\0\0\0\0\0\0\10\0\0"..., 1897) = 1896
2171885 read(4, "", 1)                  = 0
2171885 openat(AT_FDCWD, "/workspace/2026/jspace/j-steer_pub/.venv/lib/python3.13/site-packages/rich/__pycache__/_pick.cpython-313.pyc", O_RDONLY|O_CLOEXEC) = 4
2171885 read(4, "\363\r\r\n\0\0\0\0\376W\211j\247\1\0\0\343\0\0\0\0\0\0\0\0\0\0\0\0\4\0\0"..., 716) = 715
2171885 read(4, "", 1)                  = 0
2171885 openat(AT_FDCWD, "/workspace/2026/jspace/j-steer_pub/.venv/lib/python3.13/site-packages/rich/__pycache__/_wrap.cpython-313.pyc", O_RDONLY|O_CLOEXEC) = 4
2171885 read(4, "\363\r\r\n\0\0\0\0\376W\211jL\r\0\0\343\0\0\0\0\0\0\0\0\0\0\0\0\6\0\0"..., 3322) = 3321
2171885 read(4, "", 1)                  = 0
2171885 openat(AT_FDCWD, "/workspace/2026/jspace/j-steer_pub/.venv/lib/python3.13/site-packages/rich/__pycache__/cells.cpython-313.pyc", O_RDONLY|O_CLOEXEC) = 4
2171885 read(4, "\363\r\r\n\0\0\0\0\376W\211j/0\0\0\343\0\0\0\0\0\0\0\0\0\0\0\0\17\0\0"..., 10824) = 10823
2171885 read(4, "", 1)                  = 0
2171885 openat(AT_FDCWD, "/workspace/2026/jspace/j-steer_pub/.venv/lib/python3.13/site-packages/rich/_unicode_data/__pycache__/__init__.cpython-313.pyc", O_RDONLY|O_CLOEXEC) = 4
2171885 read(4, "\363\r\r\n\0\0\0\0\376W\211jG\n\0\0\343\0\0\0\0\0\0\0\0\0\0\0\0\r\0\0"..., 3417) = 3416
2171885 read(4, "", 1)                  = 0
2171885 openat(AT_FDCWD, "/workspace/2026/jspace/j-steer_pub/.venv/lib/python3.13/site-packages/rich/_unicode_data", O_RDONLY|O_NONBLOCK|O_CLOEXEC|O_DIRECTORY) = 4
2171885 openat(AT_FDCWD, "/workspace/2026/jspace/j-steer_pub/.venv/lib/python3.13/site-packages/rich/_unicode_data/__pycache__/_versions.cpython-313.pyc", O_RDONLY|O_CLOEXEC) = 4
2171885 read(4, "\363\r\r\n\0\0\0\0\376W\211j*\1\0\0\343\0\0\0\0\0\0\0\0\0\0\0\0\1\0\0"..., 376) = 375
2171885 read(4, "", 1)                  = 0
2171885 openat(AT_FDCWD, "/workspace/2026/jspace/j-steer_pub/.venv/lib/python3.13/site-packages/rich/__pycache__/align.cpython-313.pyc", O_RDONLY|O_CLOEXEC) = 4
2171885 read(4, "\363\r\r\n\0\0\0\0\376W\211j\346)\0\0\343\0\0\0\0\0\0\0\0\0\0\0\0\v\0\0"..., 12783) = 12782
2171885 read(4, "", 1)                  = 0
2171885 openat(AT_FDCWD, "/workspace/2026/jspace/j-steer_pub/.venv/lib/python3.13/site-packages/rich/__pycache__/constrain.cpython-313.pyc", O_RDONLY|O_CLOEXEC) = 4
2171885 read(4, "\363\r\r\n\0\0\0\0\376W\211j\10\5\0\0\343\0\0\0\0\0\0\0\0\0\0\0\0\5\0\0"..., 2308) = 2307
2171885 read(4, "", 1)                  = 0
2171885 openat(AT_FDCWD, "/workspace/2026/jspace/j-steer_pub/.venv/lib/python3.13/site-packages/rich/__pycache__/jupyter.cpython-313.pyc", O_RDONLY|O_CLOEXEC) = 4
2171885 read(4, "\363\r\r\n\0\0\0\0\376W\211j\234\f\0\0\343\0\0\0\0\0\0\0\0\0\0\0\0\6\0\0"..., 5375) = 5374
2171885 read(4, "", 1)                  = 0
2171885 openat(AT_FDCWD, "/workspace/2026/jspace/j-steer_pub/.venv/lib/python3.13/site-packages/rich/__pycache__/segment.cpython-313.pyc", O_RDONLY|O_CLOEXEC) = 4
2171885 read(4, "\363\r\r\n\0\0\0\0\376W\211j\214d\0\0\343\0\0\0\0\0\0\0\0\0\0\0\0\10\0\0"..., 29211) = 29210
2171885 read(4, "", 1)                  = 0
2171885 openat(AT_FDCWD, "/workspace/2026/jspace/j-steer_pub/.venv/lib/python3.13/site-packages/rich/__pycache__/measure.cpython-313.pyc", O_RDONLY|O_CLOEXEC) = 4
2171885 read(4, "\363\r\r\n\0\0\0\0\376W\211j\271\24\0\0\343\0\0\0\0\0\0\0\0\0\0\0\0\10\0\0"..., 6195) = 6194
2171885 read(4, "", 1)                  = 0
2171885 openat(AT_FDCWD, "/workspace/2026/jspace/j-steer_pub/.venv/lib/python3.13/site-packages/rich/__pycache__/protocol.cpython-313.pyc", O_RDONLY|O_CLOEXEC) = 4
2171885 read(4, "\363\r\r\n\0\0\0\0\376W\211jD\5\0\0\343\0\0\0\0\0\0\0\0\0\0\0\0\4\0\0"..., 1837) = 1836
2171885 read(4, "", 1)                  = 0
2171885 openat(AT_FDCWD, "/workspace/2026/jspace/j-steer_pub/.venv/lib/python3.13/site-packages/rich/__pycache__/containers.cpython-313.pyc", O_RDONLY|O_CLOEXEC) = 4
2171885 read(4, "\363\r\r\n\0\0\0\0\376W\211j~\25\0\0\343\0\0\0\0\0\0\0\0\0\0\0\0\4\0\0"..., 9251) = 9250
2171885 read(4, "", 1)                  = 0
2171885 openat(AT_FDCWD, "/workspace/2026/jspace/j-steer_pub/.venv/lib/python3.13/site-packages/rich/__pycache__/control.cpython-313.pyc", O_RDONLY|O_CLOEXEC) = 4
2171885 read(4, "\363\r\r\n\0\0\0\0\376W\211jK\31\0\0\343\0\0\0\0\0\0\0\0\0\0\0\0\7\0\0"..., 10751) = 10750
2171885 read(4, "", 1)                  = 0
2171885 openat(AT_FDCWD, "/workspace/2026/jspace/j-steer_pub/.venv/lib/python3.13/site-packages/rich/__pycache__/emoji.cpython-313.pyc", O_RDONLY|O_CLOEXEC) = 4
2171885 read(4, "\363\r\r\n\0\0\0\0\376W\211jT\t\0\0\343\0\0\0\0\0\0\0\0\0\0\0\0\7\0\0"..., 4112) = 4111
2171885 read(4, "", 1)                  = 0
2171885 openat(AT_FDCWD, "/workspace/2026/jspace/j-steer_pub/.venv/lib/python3.13/site-packages/rich/__pycache__/highlighter.cpython-313.pyc", O_RDONLY|O_CLOEXEC) = 4
2171885 read(4, "\363\r\r\n\0\0\0\0\376W\211j\1&\0\0\343\0\0\0\0\0\0\0\0\0\0\0\0\7\0\0"..., 10281) = 10280
2171885 read(4, "", 1)                  = 0
2171885 openat(AT_FDCWD, "/workspace/2026/jspace/j-steer_pub/.venv/lib/python3.13/site-packages/rich/__pycache__/markup.cpython-313.pyc", O_RDONLY|O_CLOEXEC) = 4
2171885 read(4, "\363\r\r\n\0\0\0\0\376W\211j\353 \0\0\343\0\0\0\0\0\0\0\0\0\0\0\0\v\0\0"..., 9694) = 9693
2171885 read(4, "", 1)                  = 0
2171885 openat(AT_FDCWD, "/workspace/2026/jspace/j-steer_pub/.venv/lib/python3.13/site-packages/rich/__pycache__/pager.cpython-313.pyc", O_RDONLY|O_CLOEXEC) = 4
2171885 read(4, "\363\r\r\n\0\0\0\0\376W\211j<\3\0\0\343\0\0\0\0\0\0\0\0\0\0\0\0\6\0\0"..., 1882) = 1881
2171885 read(4, "", 1)                  = 0
2171885 openat(AT_FDCWD, "/workspace/2026/jspace/j-steer_pub/.venv/lib/python3.13/site-packages/rich/__pycache__/region.cpython-313.pyc", O_RDONLY|O_CLOEXEC) = 4
2171885 read(4, "\363\r\r\n\0\0\0\0\376W\211j\246\0\0\0\343\0\0\0\0\0\0\0\0\0\0\0\0\5\0\0"..., 622) = 621
2171885 read(4, "", 1)                  = 0
2171885 openat(AT_FDCWD, "/workspace/2026/jspace/j-steer_pub/.venv/lib/python3.13/site-packages/rich/__pycache__/screen.cpython-313.pyc", O_RDONLY|O_CLOEXEC) = 4
2171885 read(4, "\363\r\r\n\0\0\0\0\376W\211j+\6\0\0\343\0\0\0\0\0\0\0\0\0\0\0\0\4\0\0"..., 2535) = 2534
2171885 read(4, "", 1)                  = 0
2171885 openat(AT_FDCWD, "/workspace/2026/jspace/j-steer_pub/.venv/lib/python3.13/site-packages/rich/__pycache__/styled.cpython-313.pyc", O_RDONLY|O_CLOEXEC) = 4
2171885 read(4, "\363\r\r\n\0\0\0\0\376W\211j\322\4\0\0\343\0\0\0\0\0\0\0\0\0\0\0\0\5\0\0"..., 2160) = 2159
2171885 read(4, "", 1)                  = 0
2171885 openat(AT_FDCWD, "/workspace/2026/jspace/j-steer_pub/.venv/lib/python3.13/site-packages/rich/__pycache__/progress.cpython-313.pyc", O_RDONLY|O_CLOEXEC) = 4
2171885 read(4, "\363\r\r\n\0\0\0\0\376W\211j\351\353\0\0\343\0\0\0\0\0\0\0\0\0\0\0\0\17\0\0"..., 74682) = 74681
2171885 read(4, "", 1)                  = 0
2171885 openat(AT_FDCWD, "/workspace/2026/jspace/j-steer_pub/.venv/lib/python3.13/site-packages/rich/__pycache__/filesize.cpython-313.pyc", O_RDONLY|O_CLOEXEC) = 4
2171885 read(4, "\363\r\r\n\0\0\0\0\376W\211j\264\t\0\0\343\0\0\0\0\0\0\0\0\0\0\0\0\r\0\0"..., 2954) = 2953
2171885 read(4, "", 1)                  = 0
2171885 openat(AT_FDCWD, "/workspace/2026/jspace/j-steer_pub/.venv/lib/python3.13/site-packages/rich/__pycache__/live.cpython-313.pyc", O_RDONLY|O_CLOEXEC) = 4
2171885 read(4, "\363\r\r\n\0\0\0\0\376W\211j\325;\0\0\343\0\0\0\0\0\0\0\0\0\0\0\0\r\0\0"..., 20857) = 20856
2171885 read(4, "", 1)                  = 0
2171885 openat(AT_FDCWD, "/workspace/2026/jspace/j-steer_pub/.venv/lib/python3.13/site-packages/rich/__pycache__/file_proxy.cpython-313.pyc", O_RDONLY|O_CLOEXEC) = 4
2171885 read(4, "\363\r\r\n\0\0\0\0\376W\211j\326\6\0\0\343\0\0\0\0\0\0\0\0\0\0\0\0\5\0\0"..., 3894) = 3893
2171885 read(4, "", 1)                  = 0
2171885 openat(AT_FDCWD, "/workspace/2026/jspace/j-steer_pub/.venv/lib/python3.13/site-packages/rich/__pycache__/ansi.cpython-313.pyc", O_RDONLY|O_CLOEXEC) = 4
2171885 read(4, "\363\r\r\n\0\0\0\0\376W\211j#\33\0\0\343\0\0\0\0\0\0\0\0\0\0\0\0\10\0\0"..., 9336) = 9335
2171885 read(4, "", 1)                  = 0
2171885 openat(AT_FDCWD, "/workspace/2026/jspace/j-steer_pub/.venv/lib/python3.13/site-packages/rich/__pycache__/live_render.cpython-313.pyc", O_RDONLY|O_CLOEXEC) = 4
2171885 read(4, "\363\r\r\n\0\0\0\0\376W\211j\333\16\0\0\343\0\0\0\0\0\0\0\0\0\0\0\0\4\0\0"..., 5115) = 5114
2171885 read(4, "", 1)                  = 0
2171885 openat(AT_FDCWD, "/workspace/2026/jspace/j-steer_pub/.venv/lib/python3.13/site-packages/rich/__pycache__/progress_bar.cpython-313.pyc", O_RDONLY|O_CLOEXEC) = 4
2171885 read(4, "\363\r\r\n\0\0\0\0\376W\211j\342\37\0\0\343\0\0\0\0\0\0\0\0\0\0\0\0\5\0\0"..., 10446) = 10445
2171885 read(4, "", 1)                  = 0
2171885 openat(AT_FDCWD, "/workspace/2026/jspace/j-steer_pub/.venv/lib/python3.13/site-packages/rich/__pycache__/spinner.cpython-313.pyc", O_RDONLY|O_CLOEXEC) = 4
2171885 read(4, "\363\r\r\n\0\0\0\0\376W\211jv\20\0\0\343\0\0\0\0\0\0\0\0\0\0\0\0\r\0\0"..., 5997) = 5996
2171885 read(4, "", 1)                  = 0
2171885 openat(AT_FDCWD, "/workspace/2026/jspace/j-steer_pub/.venv/lib/python3.13/site-packages/rich/__pycache__/_spinners.cpython-313.pyc", O_RDONLY|O_CLOEXEC) = 4
2171885 read(4, "\363\r\r\n\0\0\0\0\376W\211j\317M\0\0\343\0\0\0\0\0\0\0\0\0\0\0\0\10\0\0"..., 13176) = 13175
2171885 read(4, "", 1)                  = 0
2171885 openat(AT_FDCWD, "/workspace/2026/jspace/j-steer_pub/.venv/lib/python3.13/site-packages/rich/__pycache__/table.cpython-313.pyc", O_RDONLY|O_CLOEXEC) = 4
2171885 read(4, "\363\r\r\n\0\0\0\0\376W\211ja\234\0\0\343\0\0\0\0\0\0\0\0\0\0\0\0\t\0\0"..., 44313) = 44312
2171885 read(4, "", 1)                  = 0
2171885 openat(AT_FDCWD, "/workspace/2026/jspace/j-steer_pub/.venv/lib/python3.13/site-packages/rich/__pycache__/box.cpython-313.pyc", O_RDONLY|O_CLOEXEC) = 4
2171885 read(4, "\363\r\r\n\0\0\0\0\376W\211j\232)\0\0\343\0\0\0\0\0\0\0\0\0\0\0\0\f\0\0"..., 11634) = 11633
2171885 read(4, "", 1)                  = 0
2171885 openat(AT_FDCWD, "/workspace/2026/jspace/j-steer_pub/.venv/lib/python3.13/site-packages/rich/__pycache__/_ratio.cpython-313.pyc", O_RDONLY|O_CLOEXEC) = 4
2171885 read(4, "\363\r\r\n\0\0\0\0\376W\211j\315\24\0\0\343\0\0\0\0\0\0\0\0\0\0\0\0\v\0\0"..., 6448) = 6447
2171885 read(4, "", 1)                  = 0
2171885 openat(AT_FDCWD, "/home/code/.local/share/uv/python/cpython-3.13.12-linux-x86_64-gnu/lib/python3.13/__pycache__/fractions.cpython-313.pyc", O_RDONLY|O_CLOEXEC) = 4
2171885 read(4, "\363\r\r\n\0\0\0\0q;tj\232\234\0\0\343\0\0\0\0\0\0\0\0\0\0\0\0\5\0\0"..., 38432) = 38431
2171885 read(4, "", 1)                  = 0
2171885 openat(AT_FDCWD, "/home/code/.local/share/uv/python/cpython-3.13.12-linux-x86_64-gnu/lib/python3.13/__pycache__/decimal.cpython-313.pyc", O_RDONLY|O_CLOEXEC) = 4
2171885 read(4, "\363\r\r\n\0\0\0\0q;tj\356\n\0\0\343\0\0\0\0\0\0\0\0\0\0\0\0\4\0\0"..., 3065) = 3064
2171885 read(4, "", 1)                  = 0
2171885 openat(AT_FDCWD, "/workspace/2026/jspace/j-steer_pub/.venv/lib/python3.13/site-packages/rich/__pycache__/padding.cpython-313.pyc", O_RDONLY|O_CLOEXEC) = 4
2171885 read(4, "\363\r\r\n\0\0\0\0\376W\211j \23\0\0\343\0\0\0\0\0\0\0\0\0\0\0\0\t\0\0"..., 6930) = 6929
2171885 read(4, "", 1)                  = 0
2171885 openat(AT_FDCWD, "/workspace/2026/jspace/j-steer_pub/.venv/lib/python3.13/site-packages/rich/__pycache__/syntax.cpython-313.pyc", O_RDONLY|O_CLOEXEC) = 4
2171885 read(4, "\363\r\r\n\0\0\0\0\376W\211j\321\215\0\0\343\0\0\0\0\0\0\0\0\0\0\0\0\27\0\0"..., 40582) = 40581
2171885 read(4, "", 1)                  = 0
2171885 openat(AT_FDCWD, "/workspace/2026/jspace/j-steer_pub/.venv/lib/python3.13/site-packages/pygments/__pycache__/lexer.cpython-313.pyc", O_RDONLY|O_CLOEXEC) = 4
2171885 read(4, "\363\r\r\n\0\0\0\0\375W\211jR\211\0\0\343\0\0\0\0\0\0\0\0\0\0\0\0\7\0\0"..., 38879) = 38878
2171885 read(4, "", 1)                  = 0
2171885 openat(AT_FDCWD, "/workspace/2026/jspace/j-steer_pub/.venv/lib/python3.13/site-packages/pygments/__pycache__/filter.cpython-313.pyc", O_RDONLY|O_CLOEXEC) = 4
2171885 read(4, "\363\r\r\n\0\0\0\0\376W\211jy\7\0\0\343\0\0\0\0\0\0\0\0\0\0\0\0\5\0\0"..., 3226) = 3225
2171885 read(4, "", 1)                  = 0
2171885 openat(AT_FDCWD, "/workspace/2026/jspace/j-steer_pub/.venv/lib/python3.13/site-packages/pygments/filters/__pycache__/__init__.cpython-313.pyc", O_RDONLY|O_CLOEXEC) = 4
2171885 read(4, "\363\r\r\n\0\0\0\0\376W\211j\235\235\0\0\343\0\0\0\0\0\0\0\0\0\0\0\0\t\0\0"..., 37923) = 37922
2171885 read(4, "", 1)                  = 0
2171885 openat(AT_FDCWD, "/workspace/2026/jspace/j-steer_pub/.venv/lib/python3.13/site-packages/pygments/__pycache__/token.cpython-313.pyc", O_RDONLY|O_CLOEXEC) = 4
2171885 read(4, "\363\r\r\n\0\0\0\0\375W\211jU\30\0\0\343\0\0\0\0\0\0\0\0\0\0\0\0\31\0\0"..., 8243) = 8242
2171885 read(4, "", 1)                  = 0
2171885 openat(AT_FDCWD, "/workspace/2026/jspace/j-steer_pub/.venv/lib/python3.13/site-packages/pygments/__pycache__/regexopt.cpython-313.pyc", O_RDONLY|O_CLOEXEC) = 4
2171885 read(4, "\363\r\r\n\0\0\0\0\376W\211j\354\f\0\0\343\0\0\0\0\0\0\0\0\0\0\0\0\3\0\0"..., 4482) = 4481
2171885 read(4, "", 1)                  = 0
2171885 openat(AT_FDCWD, "/workspace/2026/jspace/j-steer_pub/.venv/lib/python3.13/site-packages/pygments/__pycache__/style.cpython-313.pyc", O_RDONLY|O_CLOEXEC) = 4
2171885 read(4, "\363\r\r\n\0\0\0\0\375W\211j\v\31\0\0\343\0\0\0\0\0\0\0\0\0\0\0\0\6\0\0"..., 6927) = 6926
2171885 read(4, "", 1)                  = 0
2171885 openat(AT_FDCWD, "/workspace/2026/jspace/j-steer_pub/.venv/lib/python3.13/site-packages/pygments/styles/__pycache__/__init__.cpython-313.pyc", O_RDONLY|O_CLOEXEC) = 4
2171885 read(4, "\363\r\r\n\0\0\0\0\376W\211j\331\7\0\0\343\0\0\0\0\0\0\0\0\0\0\0\0\10\0\0"..., 2605) = 2604
2171885 read(4, "", 1)                  = 0
2171885 openat(AT_FDCWD, "/workspace/2026/jspace/j-steer_pub/.venv/lib/python3.13/site-packages/pygments/styles", O_RDONLY|O_NONBLOCK|O_CLOEXEC|O_DIRECTORY) = 4
2171885 openat(AT_FDCWD, "/workspace/2026/jspace/j-steer_pub/.venv/lib/python3.13/site-packages/pygments/styles/__pycache__/_mapping.cpython-313.pyc", O_RDONLY|O_CLOEXEC) = 4
2171885 read(4, "\363\r\r\n\0\0\0\0\376W\211j\360\f\0\0\343\0\0\0\0\0\0\0\0\0\0\0\0\21\0\0"..., 3645) = 3644
2171885 read(4, "", 1)                  = 0
2171885 openat(AT_FDCWD, "/workspace/2026/jspace/j-steer_pub/.venv/lib/python3.13/site-packages/huggingface_hub/utils", O_RDONLY|O_NONBLOCK|O_CLOEXEC|O_DIRECTORY) = 4
2171885 openat(AT_FDCWD, "/workspace/2026/jspace/j-steer_pub/.venv/lib/python3.13/site-packages/huggingface_hub/utils/__pycache__/tqdm.cpython-313.pyc", O_RDONLY|O_CLOEXEC) = 4
2171885 read(4, "\363\r\r\n\0\0\0\0\376W\211jYA\0\0\343\0\0\0\0\0\0\0\0\0\0\0\0\26\0\0"..., 18346) = 18345
2171885 read(4, "", 1)                  = 0
2171885 openat(AT_FDCWD, "/home/code/.local/share/uv/python/cpython-3.13.12-linux-x86_64-gnu/lib/python3.13/concurrent/__pycache__/__init__.cpython-313.pyc", O_RDONLY|O_CLOEXEC) = 4
2171885 read(4, "\363\r\r\n\0\0\0\0q;tj&\0\0\0\343\0\0\0\0\0\0\0\0\0\0\0\0\1\0\0"..., 202) = 201
2171885 read(4, "", 1)                  = 0
2171885 openat(AT_FDCWD, "/home/code/.local/share/uv/python/cpython-3.13.12-linux-x86_64-gnu/lib/python3.13/concurrent", O_RDONLY|O_NONBLOCK|O_CLOEXEC|O_DIRECTORY) = 4
2171885 openat(AT_FDCWD, "/home/code/.local/share/uv/python/cpython-3.13.12-linux-x86_64-gnu/lib/python3.13/concurrent/futures/__pycache__/__init__.cpython-313.pyc", O_RDONLY|O_CLOEXEC) = 4
2171885 read(4, "\363\r\r\n\0\0\0\0q;tj/\6\0\0\343\0\0\0\0\0\0\0\0\0\0\0\0\2\0\0"..., 1326) = 1325
2171885 read(4, "", 1)                  = 0
2171885 openat(AT_FDCWD, "/home/code/.local/share/uv/python/cpython-3.13.12-linux-x86_64-gnu/lib/python3.13/concurrent/futures", O_RDONLY|O_NONBLOCK|O_CLOEXEC|O_DIRECTORY) = 4
2171885 openat(AT_FDCWD, "/home/code/.local/share/uv/python/cpython-3.13.12-linux-x86_64-gnu/lib/python3.13/concurrent/futures/__pycache__/_base.cpython-313.pyc", O_RDONLY|O_CLOEXEC) = 4
2171885 read(4, "\363\r\r\n\0\0\0\0q;tj=Y\0\0\343\0\0\0\0\0\0\0\0\0\0\0\0\n\0\0"..., 31991) = 31990
2171885 read(4, "", 1)                  = 0
2171885 openat(AT_FDCWD, "/home/code/.local/share/uv/python/cpython-3.13.12-linux-x86_64-gnu/lib/python3.13/concurrent/futures/__pycache__/thread.cpython-313.pyc", O_RDONLY|O_CLOEXEC) = 4
2171885 read(4, "\363\r\r\n\0\0\0\0q;tj\2#\0\0\343\0\0\0\0\0\0\0\0\0\0\0\0\6\0\0"..., 10597) = 10596
2171885 read(4, "", 1)                  = 0
2171885 openat(AT_FDCWD, "/home/code/.local/share/uv/python/cpython-3.13.12-linux-x86_64-gnu/lib/python3.13/__pycache__/queue.cpython-313.pyc", O_RDONLY|O_CLOEXEC) = 4
2171885 read(4, "\363\r\r\n\0\0\0\0q;tj\2174\0\0\343\0\0\0\0\0\0\0\0\0\0\0\0\6\0\0"..., 17396) = 17395
2171885 read(4, "", 1)                  = 0
2171885 openat(AT_FDCWD, "/home/code/.local/share/uv/python/cpython-3.13.12-linux-x86_64-gnu/lib/python3.13/__pycache__/heapq.cpython-313.pyc", O_RDONLY|O_CLOEXEC) = 4
2171885 read(4, "\363\r\r\n\0\0\0\0q;tj\360Y\0\0\343\0\0\0\0\0\0\0\0\0\0\0\0\4\0\0"..., 17833) = 17832
2171885 read(4, "", 1)                  = 0
2171885 openat(AT_FDCWD, "/workspace/2026/jspace/j-steer_pub/.venv/lib/python3.13/site-packages/tqdm/__pycache__/__init__.cpython-313.pyc", O_RDONLY|O_CLOEXEC) = 4
2171885 read(4, "\363\r\r\n\0\0\0\0\375W\211j$\6\0\0\343\0\0\0\0\0\0\0\0\0\0\0\0\2\0\0"..., 1672) = 1671
2171885 read(4, "", 1)                  = 0
2171885 openat(AT_FDCWD, "/workspace/2026/jspace/j-steer_pub/.venv/lib/python3.13/site-packages/tqdm", O_RDONLY|O_NONBLOCK|O_CLOEXEC|O_DIRECTORY) = 4
2171885 openat(AT_FDCWD, "/workspace/2026/jspace/j-steer_pub/.venv/lib/python3.13/site-packages/tqdm/__pycache__/_monitor.cpython-313.pyc", O_RDONLY|O_CLOEXEC) = 4
2171885 read(4, "\363\r\r\n\0\0\0\0\375W\211j\255\17\0\0\343\0\0\0\0\0\0\0\0\0\0\0\0\5\0\0"..., 4694) = 4693
2171885 read(4, "", 1)                  = 0
2171885 openat(AT_FDCWD, "/workspace/2026/jspace/j-steer_pub/.venv/lib/python3.13/site-packages/tqdm/__pycache__/_tqdm_pandas.cpython-313.pyc", O_RDONLY|O_CLOEXEC) = 4
2171885 read(4, "\363\r\r\n\0\0\0\0\375W\211jx\3\0\0\343\0\0\0\0\0\0\0\0\0\0\0\0\2\0\0"..., 1415) = 1414
2171885 read(4, "", 1)                  = 0
2171885 openat(AT_FDCWD, "/workspace/2026/jspace/j-steer_pub/.venv/lib/python3.13/site-packages/tqdm/__pycache__/cli.cpython-313.pyc", O_RDONLY|O_CLOEXEC) = 4
2171885 read(4, "\363\r\r\n\0\0\0\0\375W\211j\3+\0\0\343\0\0\0\0\0\0\0\0\0\0\0\0\4\0\0"..., 15613) = 15612
2171885 read(4, "", 1)                  = 0
2171885 openat(AT_FDCWD, "/workspace/2026/jspace/j-steer_pub/.venv/lib/python3.13/site-packages/tqdm/__pycache__/std.cpython-313.pyc", O_RDONLY|O_CLOEXEC) = 4
2171885 read(4, "\363\r\r\n\0\0\0\0\375W\211j\332\342\0\0\343\0\0\0\0\0\0\0\0\0\0\0\0\6\0\0"..., 64371) = 64370
2171885 read(4, "", 1)                  = 0
2171885 openat(AT_FDCWD, "/workspace/2026/jspace/j-steer_pub/.venv/lib/python3.13/site-packages/tqdm/__pycache__/utils.cpython-313.pyc", O_RDONLY|O_CLOEXEC) = 4
2171885 read(4, "\363\r\r\n\0\0\0\0\375W\211j\22&\0\0\343\0\0\0\0\0\0\0\0\0\0\0\0\5\0\0"..., 16711) = 16710
2171885 read(4, "", 1)                  = 0
2171885 openat(AT_FDCWD, "/workspace/2026/jspace/j-steer_pub/.venv/lib/python3.13/site-packages/tqdm/__pycache__/version.cpython-313.pyc", O_RDONLY|O_CLOEXEC) = 4
2171885 read(4, "\363\r\r\n\0\0\0\0\375W\211j\351\0\0\0\343\0\0\0\0\0\0\0\0\0\0\0\0\4\0\0"..., 473) = 472
2171885 read(4, "", 1)                  = 0
2171885 openat(AT_FDCWD, ".", O_RDONLY|O_NONBLOCK|O_CLOEXEC|O_DIRECTORY) = 4
2171885 openat(AT_FDCWD, "/workspace/2026/jspace/j-steer_pub/src", O_RDONLY|O_NONBLOCK|O_CLOEXEC|O_DIRECTORY) = 4
2171885 openat(AT_FDCWD, "/home/code/.local/share/uv/python/cpython-3.13.12-linux-x86_64-gnu/lib/python313.zip", O_RDONLY|O_NONBLOCK|O_CLOEXEC|O_DIRECTORY) = -1 ENOENT (No such file or directory)
2171885 openat(AT_FDCWD, "/home/code/.local/share/uv/python/cpython-3.13.12-linux-x86_64-gnu/lib/python313.zip", O_RDONLY|O_CLOEXEC) = -1 ENOENT (No such file or directory)
2171885 openat(AT_FDCWD, "/home/code/.local/share/uv/python/cpython-3.13.12-linux-x86_64-gnu/lib/python3.13", O_RDONLY|O_NONBLOCK|O_CLOEXEC|O_DIRECTORY) = 4
2171885 openat(AT_FDCWD, "/home/code/.local/share/uv/python/cpython-3.13-linux-x86_64-gnu/lib/python3.13/lib-dynload", O_RDONLY|O_NONBLOCK|O_CLOEXEC|O_DIRECTORY) = 4
2171885 openat(AT_FDCWD, "/workspace/2026/jspace/j-steer_pub/.venv/lib/python3.13/site-packages", O_RDONLY|O_NONBLOCK|O_CLOEXEC|O_DIRECTORY) = 4
2171885 openat(AT_FDCWD, "/home/code/.local/share/uv/python/cpython-3.13.12-linux-x86_64-gnu/lib/python3.13/importlib/metadata/__pycache__/_adapters.cpython-313.pyc", O_RDONLY|O_CLOEXEC) = 4
2171885 read(4, "\363\r\r\n\0\0\0\0q;tjg\t\0\0\343\0\0\0\0\0\0\0\0\0\0\0\0\7\0\0"..., 3948) = 3947
2171885 read(4, "", 1)                  = 0
2171885 openat(AT_FDCWD, "/home/code/.local/share/uv/python/cpython-3.13.12-linux-x86_64-gnu/lib/python3.13/importlib/metadata/__pycache__/_text.cpython-313.pyc", O_RDONLY|O_CLOEXEC) = 4
2171885 read(4, "\363\r\r\n\0\0\0\0q;tjv\10\0\0\343\0\0\0\0\0\0\0\0\0\0\0\0\5\0\0"..., 3820) = 3819
2171885 read(4, "", 1)                  = 0
2171885 openat(AT_FDCWD, "/workspace/2026/jspace/j-steer_pub/.venv/lib/python3.13/site-packages/tqdm-4.70.0.dist-info/METADATA", O_RDONLY|O_CLOEXEC) = 4
2171885 read(4, "Metadata-Version: 2.4\nName: tqdm"..., 57345) = 57344
2171885 read(4, "", 1)                  = 0
2171885 openat(AT_FDCWD, "/workspace/2026/jspace/j-steer_pub/.venv/lib/python3.13/site-packages/tqdm/__pycache__/gui.cpython-313.pyc", O_RDONLY|O_CLOEXEC) = 4
2171885 read(4, "\363\r\r\n\0\0\0\0\375W\211ji\25\0\0\343\0\0\0\0\0\0\0\0\0\0\0\0\5\0\0"..., 7966) = 7965
2171885 read(4, "", 1)                  = 0
2171885 openat(AT_FDCWD, "/workspace/2026/jspace/j-steer_pub/.venv/lib/python3.13/site-packages/tqdm/__pycache__/auto.cpython-313.pyc", O_RDONLY|O_CLOEXEC) = 4
2171885 read(4, "\363\r\r\n\0\0\0\0\375W\211jg\3\0\0\343\0\0\0\0\0\0\0\0\0\0\0\0\6\0\0"..., 1399) = 1398
2171885 read(4, "", 1)                  = 0
2171885 openat(AT_FDCWD, "/workspace/2026/jspace/j-steer_pub/.venv/lib/python3.13/site-packages/tqdm/__pycache__/autonotebook.cpython-313.pyc", O_RDONLY|O_CLOEXEC) = 4
2171885 read(4, "\363\r\r\n\0\0\0\0\375W\211j\240\5\0\0\343\0\0\0\0\0\0\0\0\0\0\0\0\6\0\0"..., 1917) = 1916
2171885 read(4, "", 1)                  = 0
2171885 openat(AT_FDCWD, "/workspace/2026/jspace/j-steer_pub/.venv/lib/python3.13/site-packages/tqdm/__pycache__/asyncio.cpython-313.pyc", O_RDONLY|O_CLOEXEC) = 4
2171885 read(4, "\363\r\r\n\0\0\0\0\375W\211j|\f\0\0\343\0\0\0\0\0\0\0\0\0\0\0\0\5\0\0"..., 4973) = 4972
2171885 read(4, "", 1)                  = 0
2171885 openat(AT_FDCWD, "/home/code/.local/share/uv/python/cpython-3.13.12-linux-x86_64-gnu/lib/python3.13/asyncio/__pycache__/__init__.cpython-313.pyc", O_RDONLY|O_CLOEXEC) = 4
2171885 read(4, "\363\r\r\n\0\0\0\0q;tj\304\4\0\0\343\0\0\0\0\0\0\0\0\0\0\0\0\2\0\0"..., 1522) = 1521
2171885 read(4, "", 1)                  = 0
2171885 openat(AT_FDCWD, "/home/code/.local/share/uv/python/cpython-3.13.12-linux-x86_64-gnu/lib/python3.13/asyncio", O_RDONLY|O_NONBLOCK|O_CLOEXEC|O_DIRECTORY) = 4
2171885 openat(AT_FDCWD, "/home/code/.local/share/uv/python/cpython-3.13.12-linux-x86_64-gnu/lib/python3.13/asyncio/__pycache__/base_events.cpython-313.pyc", O_RDONLY|O_CLOEXEC) = 4
2171885 read(4, "\363\r\r\n\0\0\0\0q;tjx;\1\0\343\0\0\0\0\0\0\0\0\0\0\0\0\5\0\0"..., 89811) = 89810
2171885 read(4, "", 1)                  = 0
2171885 openat(AT_FDCWD, "/home/code/.local/share/uv/python/cpython-3.13.12-linux-x86_64-gnu/lib/python3.13/__pycache__/subprocess.cpython-313.pyc", O_RDONLY|O_CLOEXEC) = 4
2171885 read(4, "\363\r\r\n\0\0\0\0q;tj\313b\1\0\343\0\0\0\0\0\0\0\0\0\0\0\0\5\0\0"..., 83110) = 83109
2171885 read(4, "", 1)                  = 0
2171885 openat(AT_FDCWD, "/home/code/.local/share/uv/python/cpython-3.13.12-linux-x86_64-gnu/lib/python3.13/__pycache__/signal.cpython-313.pyc", O_RDONLY|O_CLOEXEC) = 4
2171885 read(4, "\363\r\r\n\0\0\0\0q;tj\277\t\0\0\343\0\0\0\0\0\0\0\0\0\0\0\0\5\0\0"..., 4607) = 4606
2171885 read(4, "", 1)                  = 0
2171885 openat(AT_FDCWD, "/home/code/.local/share/uv/python/cpython-3.13.12-linux-x86_64-gnu/lib/python3.13/asyncio/__pycache__/constants.cpython-313.pyc", O_RDONLY|O_CLOEXEC) = 4
2171885 read(4, "\363\r\r\n\0\0\0\0q;tj\205\5\0\0\343\0\0\0\0\0\0\0\0\0\0\0\0\5\0\0"..., 1070) = 1069
2171885 read(4, "", 1)                  = 0
2171885 openat(AT_FDCWD, "/home/code/.local/share/uv/python/cpython-3.13.12-linux-x86_64-gnu/lib/python3.13/asyncio/__pycache__/coroutines.cpython-313.pyc", O_RDONLY|O_CLOEXEC) = 4
2171885 read(4, "\363\r\r\n\0\0\0\0q;tj\16\r\0\0\343\0\0\0\0\0\0\0\0\0\0\0\0\2\0\0"..., 4081) = 4080
2171885 read(4, "", 1)                  = 0
2171885 openat(AT_FDCWD, "/home/code/.local/share/uv/python/cpython-3.13.12-linux-x86_64-gnu/lib/python3.13/asyncio/__pycache__/events.cpython-313.pyc", O_RDONLY|O_CLOEXEC) = 4
2171885 read(4, "\363\r\r\n\0\0\0\0q;tjZt\0\0\343\0\0\0\0\0\0\0\0\0\0\0\0\5\0\0"..., 36995) = 36994
2171885 read(4, "", 1)                  = 0
2171885 openat(AT_FDCWD, "/home/code/.local/share/uv/python/cpython-3.13.12-linux-x86_64-gnu/lib/python3.13/asyncio/__pycache__/format_helpers.cpython-313.pyc", O_RDONLY|O_CLOEXEC) = 4
2171885 read(4, "\363\r\r\n\0\0\0\0q;tj\247\n\0\0\343\0\0\0\0\0\0\0\0\0\0\0\0\3\0\0"..., 4279) = 4278
2171885 read(4, "", 1)                  = 0
2171885 openat(AT_FDCWD, "/home/code/.local/share/uv/python/cpython-3.13.12-linux-x86_64-gnu/lib/python3.13/asyncio/__pycache__/base_futures.cpython-313.pyc", O_RDONLY|O_CLOEXEC) = 4
2171885 read(4, "\363\r\r\n\0\0\0\0q;tj\266\7\0\0\343\0\0\0\0\0\0\0\0\0\0\0\0\2\0\0"..., 3187) = 3186
2171885 read(4, "", 1)                  = 0
2171885 openat(AT_FDCWD, "/home/code/.local/share/uv/python/cpython-3.13.12-linux-x86_64-gnu/lib/python3.13/asyncio/__pycache__/exceptions.cpython-313.pyc", O_RDONLY|O_CLOEXEC) = 4
2171885 read(4, "\363\r\r\n\0\0\0\0q;tj\330\6\0\0\343\0\0\0\0\0\0\0\0\0\0\0\0\5\0\0"..., 3275) = 3274
2171885 read(4, "", 1)                  = 0
2171885 openat(AT_FDCWD, "/home/code/.local/share/uv/python/cpython-3.13.12-linux-x86_64-gnu/lib/python3.13/asyncio/__pycache__/base_tasks.cpython-313.pyc", O_RDONLY|O_CLOEXEC) = 4
2171885 read(4, "\363\r\r\n\0\0\0\0q;tjp\n\0\0\343\0\0\0\0\0\0\0\0\0\0\0\0\2\0\0"..., 4225) = 4224
2171885 read(4, "", 1)                  = 0
2171885 openat(AT_FDCWD, "/home/code/.local/share/uv/python/cpython-3.13.12-linux-x86_64-gnu/lib/python3.13/asyncio/__pycache__/futures.cpython-313.pyc", O_RDONLY|O_CLOEXEC) = 4
2171885 read(4, "\363\r\r\n\0\0\0\0q;tjm7\0\0\343\0\0\0\0\0\0\0\0\0\0\0\0\4\0\0"..., 17545) = 17544
2171885 read(4, "", 1)                  = 0
2171885 openat(AT_FDCWD, "/home/code/.local/share/uv/python/cpython-3.13.12-linux-x86_64-gnu/lib/python3.13/asyncio/__pycache__/protocols.cpython-313.pyc", O_RDONLY|O_CLOEXEC) = 4
2171885 read(4, "\363\r\r\n\0\0\0\0q;tj-\33\0\0\343\0\0\0\0\0\0\0\0\0\0\0\0\5\0\0"..., 8467) = 8466
2171885 read(4, "", 1)                  = 0
2171885 openat(AT_FDCWD, "/home/code/.local/share/uv/python/cpython-3.13.12-linux-x86_64-gnu/lib/python3.13/asyncio/__pycache__/sslproto.cpython-313.pyc", O_RDONLY|O_CLOEXEC) = 4
2171885 read(4, "\363\r\r\n\0\0\0\0q;tj}|\0\0\343\0\0\0\0\0\0\0\0\0\0\0\0\6\0\0"..., 41875) = 41874
2171885 read(4, "", 1)                  = 0
2171885 openat(AT_FDCWD, "/home/code/.local/share/uv/python/cpython-3.13.12-linux-x86_64-gnu/lib/python3.13/asyncio/__pycache__/transports.cpython-313.pyc", O_RDONLY|O_CLOEXEC) = 4
2171885 read(4, "\363\r\r\n\0\0\0\0q;tj8*\0\0\343\0\0\0\0\0\0\0\0\0\0\0\0\6\0\0"..., 13778) = 13777
2171885 read(4, "", 1)                  = 0
2171885 openat(AT_FDCWD, "/home/code/.local/share/uv/python/cpython-3.13.12-linux-x86_64-gnu/lib/python3.13/asyncio/__pycache__/log.cpython-313.pyc", O_RDONLY|O_CLOEXEC) = 4
2171885 read(4, "\363\r\r\n\0\0\0\0q;tj|\0\0\0\343\0\0\0\0\0\0\0\0\0\0\0\0\3\0\0"..., 342) = 341
2171885 read(4, "", 1)                  = 0
2171885 openat(AT_FDCWD, "/home/code/.local/share/uv/python/cpython-3.13.12-linux-x86_64-gnu/lib/python3.13/asyncio/__pycache__/staggered.cpython-313.pyc", O_RDONLY|O_CLOEXEC) = 4
2171885 read(4, "\363\r\r\n\0\0\0\0q;tj\245\33\0\0\343\0\0\0\0\0\0\0\0\0\0\0\0\2\0\0"..., 6597) = 6596
2171885 read(4, "", 1)                  = 0
2171885 openat(AT_FDCWD, "/home/code/.local/share/uv/python/cpython-3.13.12-linux-x86_64-gnu/lib/python3.13/asyncio/__pycache__/locks.cpython-313.pyc", O_RDONLY|O_CLOEXEC) = 4
2171885 read(4, "\363\r\r\n\0\0\0\0q;tjdP\0\0\343\0\0\0\0\0\0\0\0\0\0\0\0\6\0\0"..., 28189) = 28188
2171885 read(4, "", 1)                  = 0
2171885 openat(AT_FDCWD, "/home/code/.local/share/uv/python/cpython-3.13.12-linux-x86_64-gnu/lib/python3.13/asyncio/__pycache__/mixins.cpython-313.pyc", O_RDONLY|O_CLOEXEC) = 4
2171885 read(4, "\363\r\r\n\0\0\0\0q;tj\341\1\0\0\343\0\0\0\0\0\0\0\0\0\0\0\0\4\0\0"..., 1161) = 1160
2171885 read(4, "", 1)                  = 0
2171885 openat(AT_FDCWD, "/home/code/.local/share/uv/python/cpython-3.13.12-linux-x86_64-gnu/lib/python3.13/asyncio/__pycache__/tasks.cpython-313.pyc", O_RDONLY|O_CLOEXEC) = 4
2171885 read(4, "\363\r\r\n\0\0\0\0q;tjM\233\0\0\343\0\0\0\0\0\0\0\0\0\0\0\0\5\0\0"..., 43531) = 43530
2171885 read(4, "", 1)                  = 0
2171885 openat(AT_FDCWD, "/home/code/.local/share/uv/python/cpython-3.13.12-linux-x86_64-gnu/lib/python3.13/asyncio/__pycache__/queues.cpython-313.pyc", O_RDONLY|O_CLOEXEC) = 4
2171885 read(4, "\363\r\r\n\0\0\0\0q;tj\250'\0\0\343\0\0\0\0\0\0\0\0\0\0\0\0\5\0\0"..., 14814) = 14813
2171885 read(4, "", 1)                  = 0
2171885 openat(AT_FDCWD, "/home/code/.local/share/uv/python/cpython-3.13.12-linux-x86_64-gnu/lib/python3.13/asyncio/__pycache__/timeouts.cpython-313.pyc", O_RDONLY|O_CLOEXEC) = 4
2171885 read(4, "\363\r\r\n\0\0\0\0q;tj\256\27\0\0\343\0\0\0\0\0\0\0\0\0\0\0\0\5\0\0"..., 8798) = 8797
2171885 read(4, "", 1)                  = 0
2171885 openat(AT_FDCWD, "/home/code/.local/share/uv/python/cpython-3.13.12-linux-x86_64-gnu/lib/python3.13/asyncio/__pycache__/trsock.cpython-313.pyc", O_RDONLY|O_CLOEXEC) = 4
2171885 read(4, "\363\r\r\n\0\0\0\0q;tj\253\t\0\0\343\0\0\0\0\0\0\0\0\0\0\0\0\4\0\0"..., 5215) = 5214
2171885 read(4, "", 1)                  = 0
2171885 openat(AT_FDCWD, "/home/code/.local/share/uv/python/cpython-3.13.12-linux-x86_64-gnu/lib/python3.13/asyncio/__pycache__/runners.cpython-313.pyc", O_RDONLY|O_CLOEXEC) = 4
2171885 read(4, "\363\r\r\n\0\0\0\0q;tj>\34\0\0\343\0\0\0\0\0\0\0\0\0\0\0\0\5\0\0"..., 10189) = 10188
2171885 read(4, "", 1)                  = 0
2171885 openat(AT_FDCWD, "/home/code/.local/share/uv/python/cpython-3.13.12-linux-x86_64-gnu/lib/python3.13/asyncio/__pycache__/streams.cpython-313.pyc", O_RDONLY|O_CLOEXEC) = 4
2171885 read(4, "\363\r\r\n\0\0\0\0q;tjAo\0\0\343\0\0\0\0\0\0\0\0\0\0\0\0\6\0\0"..., 34316) = 34315
2171885 read(4, "", 1)                  = 0
2171885 openat(AT_FDCWD, "/home/code/.local/share/uv/python/cpython-3.13.12-linux-x86_64-gnu/lib/python3.13/asyncio/__pycache__/subprocess.cpython-313.pyc", O_RDONLY|O_CLOEXEC) = 4
2171885 read(4, "\363\r\r\n\0\0\0\0q;tj9\36\0\0\343\0\0\0\0\0\0\0\0\0\0\0\0\6\0\0"..., 12357) = 12356
2171885 read(4, "", 1)                  = 0
2171885 openat(AT_FDCWD, "/home/code/.local/share/uv/python/cpython-3.13.12-linux-x86_64-gnu/lib/python3.13/asyncio/__pycache__/taskgroups.cpython-313.pyc", O_RDONLY|O_CLOEXEC) = 4
2171885 read(4, "\363\r\r\n\0\0\0\0q;tjA'\0\0\343\0\0\0\0\0\0\0\0\0\0\0\0\4\0\0"..., 9274) = 9273
2171885 read(4, "", 1)                  = 0
2171885 openat(AT_FDCWD, "/home/code/.local/share/uv/python/cpython-3.13.12-linux-x86_64-gnu/lib/python3.13/asyncio/__pycache__/threads.cpython-313.pyc", O_RDONLY|O_CLOEXEC) = 4
2171885 read(4, "\363\r\r\n\0\0\0\0q;tj\26\3\0\0\343\0\0\0\0\0\0\0\0\0\0\0\0\2\0\0"..., 1302) = 1301
2171885 read(4, "", 1)                  = 0
2171885 openat(AT_FDCWD, "/home/code/.local/share/uv/python/cpython-3.13.12-linux-x86_64-gnu/lib/python3.13/asyncio/__pycache__/unix_events.cpython-313.pyc", O_RDONLY|O_CLOEXEC) = 4
2171885 read(4, "\363\r\r\n\0\0\0\0q;tj\220\324\0\0\343\0\0\0\0\0\0\0\0\0\0\0\0\6\0\0"..., 70410) = 70409
2171885 read(4, "", 1)                  = 0
2171885 openat(AT_FDCWD, "/home/code/.local/share/uv/python/cpython-3.13.12-linux-x86_64-gnu/lib/python3.13/asyncio/__pycache__/base_subprocess.cpython-313.pyc", O_RDONLY|O_CLOEXEC) = 4
2171885 read(4, "\363\r\r\n\0\0\0\0q;tjc(\0\0\343\0\0\0\0\0\0\0\0\0\0\0\0\6\0\0"..., 17709) = 17708
2171885 read(4, "", 1)                  = 0
2171885 openat(AT_FDCWD, "/home/code/.local/share/uv/python/cpython-3.13.12-linux-x86_64-gnu/lib/python3.13/asyncio/__pycache__/selector_events.cpython-313.pyc", O_RDONLY|O_CLOEXEC) = 4
2171885 read(4, "\363\r\r\n\0\0\0\0q;tj\357\275\0\0\343\0\0\0\0\0\0\0\0\0\0\0\0\6\0\0"..., 64960) = 64959
2171885 read(4, "", 1)                  = 0
2171885 openat(AT_FDCWD, "/workspace/2026/jspace/j-steer_pub/.venv/lib/python3.13/site-packages/huggingface_hub/__pycache__/constants.cpython-313.pyc", O_RDONLY|O_CLOEXEC) = 4
2171885 read(4, "\363\r\r\n\0\0\0\0\376W\211jv3\0\0\343\0\0\0\0\0\0\0\0\0\0\0\0\r\0\0"..., 12473) = 12472
2171885 read(4, "", 1)                  = 0
2171885 openat(AT_FDCWD, "/workspace/2026/jspace/j-steer_pub/.venv/lib/python3.13/site-packages/huggingface_hub/utils/__pycache__/_auth.cpython-313.pyc", O_RDONLY|O_CLOEXEC) = 4
2171885 read(4, "\363\r\r\n\0\0\0\0\376W\211j\366M\0\0\343\0\0\0\0\0\0\0\0\0\0\0\0\v\0\0"..., 19145) = 19144
2171885 read(4, "", 1)                  = 0
2171885 openat(AT_FDCWD, "/home/code/.local/share/uv/python/cpython-3.13.12-linux-x86_64-gnu/lib/python3.13/__pycache__/configparser.cpython-313.pyc", O_RDONLY|O_CLOEXEC) = 4
2171885 read(4, "\363\r\r\n\0\0\0\0q;tjG\322\0\0\343\0\0\0\0\0\0\0\0\0\0\0\0\5\0\0"..., 69014) = 69013
2171885 read(4, "", 1)                  = 0
2171885 openat(AT_FDCWD, "/workspace/2026/jspace/j-steer_pub/.venv/lib/python3.13/site-packages/huggingface_hub/utils/__pycache__/_fixes.cpython-313.pyc", O_RDONLY|O_CLOEXEC) = 4
2171885 read(4, "\363\r\r\n\0\0\0\0\376W\211j\34\20\0\0\343\0\0\0\0\0\0\0\0\0\0\0\0\r\0\0"..., 5556) = 5555
2171885 read(4, "", 1)                  = 0
2171885 openat(AT_FDCWD, "/workspace/2026/jspace/j-steer_pub/.venv/lib/python3.13/site-packages/yaml/__pycache__/__init__.cpython-313.pyc", O_RDONLY|O_CLOEXEC) = 4
2171885 read(4, "\363\r\r\n\0\0\0\0\375W\211j\0270\0\0\343\0\0\0\0\0\0\0\0\0\0\0\0\17\0\0"..., 15278) = 15277
2171885 read(4, "", 1)                  = 0
2171885 openat(AT_FDCWD, "/workspace/2026/jspace/j-steer_pub/.venv/lib/python3.13/site-packages/yaml", O_RDONLY|O_NONBLOCK|O_CLOEXEC|O_DIRECTORY) = 4
2171885 openat(AT_FDCWD, "/workspace/2026/jspace/j-steer_pub/.venv/lib/python3.13/site-packages/yaml/__pycache__/error.cpython-313.pyc", O_RDONLY|O_CLOEXEC) = 4
2171885 read(4, "\363\r\r\n\0\0\0\0\375W\211j\345\t\0\0\343\0\0\0\0\0\0\0\0\0\0\0\0\5\0\0"..., 4440) = 4439
2171885 read(4, "", 1)                  = 0
2171885 openat(AT_FDCWD, "/workspace/2026/jspace/j-steer_pub/.venv/lib/python3.13/site-packages/yaml/__pycache__/tokens.cpython-313.pyc", O_RDONLY|O_CLOEXEC) = 4
2171885 read(4, "\363\r\r\n\0\0\0\0\375W\211j\r\n\0\0\343\0\0\0\0\0\0\0\0\0\0\0\0\5\0\0"..., 6255) = 6254
2171885 read(4, "", 1)                  = 0
2171885 openat(AT_FDCWD, "/workspace/2026/jspace/j-steer_pub/.venv/lib/python3.13/site-packages/yaml/__pycache__/events.cpython-313.pyc", O_RDONLY|O_CLOEXEC) = 4
2171885 read(4, "\363\r\r\n\0\0\0\0\375W\211j\215\t\0\0\343\0\0\0\0\0\0\0\0\0\0\0\0\5\0\0"..., 5086) = 5085
2171885 read(4, "", 1)                  = 0
2171885 openat(AT_FDCWD, "/workspace/2026/jspace/j-steer_pub/.venv/lib/python3.13/site-packages/yaml/__pycache__/nodes.cpython-313.pyc", O_RDONLY|O_CLOEXEC) = 4
2171885 read(4, "\363\r\r\n\0\0\0\0\375W\211j\240\5\0\0\343\0\0\0\0\0\0\0\0\0\0\0\0\5\0\0"..., 2389) = 2388
2171885 read(4, "", 1)                  = 0
2171885 openat(AT_FDCWD, "/workspace/2026/jspace/j-steer_pub/.venv/lib/python3.13/site-packages/yaml/__pycache__/loader.cpython-313.pyc", O_RDONLY|O_CLOEXEC) = 4
2171885 read(4, "\363\r\r\n\0\0\0\0\375W\211j\r\10\0\0\343\0\0\0\0\0\0\0\0\0\0\0\0\n\0\0"..., 3643) = 3642
2171885 read(4, "", 1)                  = 0
2171885 openat(AT_FDCWD, "/workspace/2026/jspace/j-steer_pub/.venv/lib/python3.13/site-packages/yaml/__pycache__/reader.cpython-313.pyc", O_RDONLY|O_CLOEXEC) = 4
2171885 read(4, "\363\r\r\n\0\0\0\0\375W\211j\212\32\0\0\343\0\0\0\0\0\0\0\0\0\0\0\0\5\0\0"..., 9190) = 9189
2171885 read(4, "", 1)                  = 0
2171885 openat(AT_FDCWD, "/workspace/2026/jspace/j-steer_pub/.venv/lib/python3.13/site-packages/yaml/__pycache__/scanner.cpython-313.pyc", O_RDONLY|O_CLOEXEC) = 4
2171885 read(4, "\363\r\r\n\0\0\0\0\375W\211jO\310\0\0\343\0\0\0\0\0\0\0\0\0\0\0\0\5\0\0"..., 51309) = 51308
2171885 read(4, "", 1)                  = 0
2171885 openat(AT_FDCWD, "/workspace/2026/jspace/j-steer_pub/.venv/lib/python3.13/site-packages/yaml/__pycache__/parser.cpython-313.pyc", O_RDONLY|O_CLOEXEC) = 4
2171885 read(4, "\363\r\r\n\0\0\0\0\375W\211j\227c\0\0\343\0\0\0\0\0\0\0\0\0\0\0\0\5\0\0"..., 25417) = 25416
2171885 read(4, "", 1)                  = 0
2171885 openat(AT_FDCWD, "/workspace/2026/jspace/j-steer_pub/.venv/lib/python3.13/site-packages/yaml/__pycache__/composer.cpython-313.pyc", O_RDONLY|O_CLOEXEC) = 4
2171885 read(4, "\363\r\r\n\0\0\0\0\375W\211j\23\23\0\0\343\0\0\0\0\0\0\0\0\0\0\0\0\5\0\0"..., 6754) = 6753
2171885 read(4, "", 1)                  = 0
2171885 openat(AT_FDCWD, "/workspace/2026/jspace/j-steer_pub/.venv/lib/python3.13/site-packages/yaml/__pycache__/constructor.cpython-313.pyc", O_RDONLY|O_CLOEXEC) = 4
2171885 read(4, "\363\r\r\n\0\0\0\0\375W\211j\337o\0\0\343\0\0\0\0\0\0\0\0\0\0\0\0\5\0\0"..., 35695) = 35694
2171885 read(4, "", 1)                  = 0
2171885 openat(AT_FDCWD, "/workspace/2026/jspace/j-steer_pub/.venv/lib/python3.13/site-packages/yaml/__pycache__/resolver.cpython-313.pyc", O_RDONLY|O_CLOEXEC) = 4
2171885 read(4, "\363\r\r\n\0\0\0\0\375W\211j,#\0\0\343\0\0\0\0\0\0\0\0\0\0\0\0\7\0\0"..., 9352) = 9351
2171885 read(4, "", 1)                  = 0
2171885 openat(AT_FDCWD, "/workspace/2026/jspace/j-steer_pub/.venv/lib/python3.13/site-packages/yaml/__pycache__/dumper.cpython-313.pyc", O_RDONLY|O_CLOEXEC) = 4
2171885 read(4, "\363\r\r\n\0\0\0\0\375W\211j\25\v\0\0\343\0\0\0\0\0\0\0\0\0\0\0\0\10\0\0"..., 2433) = 2432
2171885 read(4, "", 1)                  = 0
2171885 openat(AT_FDCWD, "/workspace/2026/jspace/j-steer_pub/.venv/lib/python3.13/site-packages/yaml/__pycache__/emitter.cpython-313.pyc", O_RDONLY|O_CLOEXEC) = 4
2171885 read(4, "\363\r\r\n\0\0\0\0\375W\211j\376\247\0\0\343\0\0\0\0\0\0\0\0\0\0\0\0\5\0\0"..., 52570) = 52569
2171885 read(4, "", 1)                  = 0
2171885 openat(AT_FDCWD, "/workspace/2026/jspace/j-steer_pub/.venv/lib/python3.13/site-packages/yaml/__pycache__/serializer.cpython-313.pyc", O_RDONLY|O_CLOEXEC) = 4
2171885 read(4, "\363\r\r\n\0\0\0\0\375W\211jE\20\0\0\343\0\0\0\0\0\0\0\0\0\0\0\0\5\0\0"..., 6337) = 6336
2171885 read(4, "", 1)                  = 0
2171885 openat(AT_FDCWD, "/workspace/2026/jspace/j-steer_pub/.venv/lib/python3.13/site-packages/yaml/__pycache__/representer.cpython-313.pyc", O_RDONLY|O_CLOEXEC) = 4
2171885 read(4, "\363\r\r\n\0\0\0\0\375W\211jn7\0\0\343\0\0\0\0\0\0\0\0\0\0\0\0\5\0\0"..., 17384) = 17383
2171885 read(4, "", 1)                  = 0
2171885 openat(AT_FDCWD, "/workspace/2026/jspace/j-steer_pub/.venv/lib/python3.13/site-packages/yaml/__pycache__/cyaml.cpython-313.pyc", O_RDONLY|O_CLOEXEC) = 4
2171885 read(4, "\363\r\r\n\0\0\0\0\375W\211j\v\17\0\0\343\0\0\0\0\0\0\0\0\0\0\0\0\10\0\0"..., 4713) = 4712
2171885 read(4, "", 1)                  = 0
2171885 openat(AT_FDCWD, "/workspace/2026/jspace/j-steer_pub/.venv/lib/python3.13/site-packages/yaml/_yaml.cpython-313-x86_64-linux-gnu.so", O_RDONLY|O_CLOEXEC) = 4
2171885 read(4, "\177ELF\2\1\1\0\0\0\0\0\0\0\0\0\3\0>\0\1\0\0\0\0\0\0\0\0\0\0\0"..., 832) = 832
2171885 openat(AT_FDCWD, "/workspace/2026/jspace/j-steer_pub/.venv/lib/python3.13/site-packages/filelock/__pycache__/__init__.cpython-313.pyc", O_RDONLY|O_CLOEXEC) = 4
2171885 read(4, "\363\r\r\n\0\0\0\0\376W\211j\215\r\0\0\343\0\0\0\0\0\0\0\0\0\0\0\0\5\0\0"..., 2775) = 2774
2171885 read(4, "", 1)                  = 0
2171885 openat(AT_FDCWD, "/workspace/2026/jspace/j-steer_pub/.venv/lib/python3.13/site-packages/filelock", O_RDONLY|O_NONBLOCK|O_CLOEXEC|O_DIRECTORY) = 4
2171885 openat(AT_FDCWD, "/workspace/2026/jspace/j-steer_pub/.venv/lib/python3.13/site-packages/filelock/__pycache__/_api.cpython-313.pyc", O_RDONLY|O_CLOEXEC) = 4
2171885 read(4, "\363\r\r\n\0\0\0\0\376W\211jWA\1\0\343\0\0\0\0\0\0\0\0\0\0\0\0\10\0\0"..., 90063) = 90062
2171885 read(4, "", 1)                  = 0
2171885 openat(AT_FDCWD, "/home/code/.local/share/uv/python/cpython-3.13.12-linux-x86_64-gnu/lib/python3.13/__pycache__/secrets.cpython-313.pyc", O_RDONLY|O_CLOEXEC) = 4
2171885 read(4, "\363\r\r\n\0\0\0\0q;tj\300\7\0\0\343\0\0\0\0\0\0\0\0\0\0\0\0\2\0\0"..., 2567) = 2566
2171885 read(4, "", 1)                  = 0
2171885 openat(AT_FDCWD, "/home/code/.local/share/uv/python/cpython-3.13.12-linux-x86_64-gnu/lib/python3.13/__pycache__/hmac.cpython-313.pyc", O_RDONLY|O_CLOEXEC) = 4
2171885 read(4, "\363\r\r\n\0\0\0\0q;tjO\36\0\0\343\0\0\0\0\0\0\0\0\0\0\0\0\6\0\0"..., 10774) = 10773
2171885 read(4, "", 1)                  = 0
2171885 openat(AT_FDCWD, "/workspace/2026/jspace/j-steer_pub/.venv/lib/python3.13/site-packages/filelock/__pycache__/_error.cpython-313.pyc", O_RDONLY|O_CLOEXEC) = 4
2171885 read(4, "\363\r\r\n\0\0\0\0\376W\211j\213\n\0\0\343\0\0\0\0\0\0\0\0\0\0\0\0\5\0\0"..., 4618) = 4617
2171885 read(4, "", 1)                  = 0
2171885 openat(AT_FDCWD, "/workspace/2026/jspace/j-steer_pub/.venv/lib/python3.13/site-packages/filelock/__pycache__/_util.cpython-313.pyc", O_RDONLY|O_CLOEXEC) = 4
2171885 read(4, "\363\r\r\n\0\0\0\0\376W\211j\324\30\0\0\343\0\0\0\0\0\0\0\0\0\0\0\0\3\0\0"..., 6437) = 6436
2171885 read(4, "", 1)                  = 0
2171885 openat(AT_FDCWD, "/workspace/2026/jspace/j-steer_pub/.venv/lib/python3.13/site-packages/filelock/__pycache__/_descriptor.cpython-313.pyc", O_RDONLY|O_CLOEXEC) = 4
2171885 read(4, "\363\r\r\n\0\0\0\0\376W\211j\245\v\0\0\343\0\0\0\0\0\0\0\0\0\0\0\0\3\0\0"..., 3397) = 3396
2171885 read(4, "", 1)                  = 0
2171885 openat(AT_FDCWD, "/workspace/2026/jspace/j-steer_pub/.venv/lib/python3.13/site-packages/filelock/__pycache__/_unix.cpython-313.pyc", O_RDONLY|O_CLOEXEC) = 4
2171885 read(4, "\363\r\r\n\0\0\0\0\376W\211j\22\"\0\0\343\0\0\0\0\0\0\0\0\0\0\0\0\5\0\0"..., 9307) = 9306
2171885 read(4, "", 1)                  = 0
2171885 openat(AT_FDCWD, "/workspace/2026/jspace/j-steer_pub/.venv/lib/python3.13/site-packages/filelock/__pycache__/_lease.cpython-313.pyc", O_RDONLY|O_CLOEXEC) = 4
2171885 read(4, "\363\r\r\n\0\0\0\0\376W\211j0;\0\0\343\0\0\0\0\0\0\0\0\0\0\0\0\6\0\0"..., 16082) = 16081
2171885 read(4, "", 1)                  = 0
2171885 openat(AT_FDCWD, "/workspace/2026/jspace/j-steer_pub/.venv/lib/python3.13/site-packages/filelock/__pycache__/_identity.cpython-313.pyc", O_RDONLY|O_CLOEXEC) = 4
2171885 read(4, "\363\r\r\n\0\0\0\0\376W\211j\337 \0\0\343\0\0\0\0\0\0\0\0\0\0\0\0\7\0\0"..., 8946) = 8945
2171885 read(4, "", 1)                  = 0
2171885 openat(AT_FDCWD, "/proc/sys/kernel/random/boot_id", O_RDONLY|O_CLOEXEC) = 4
2171885 openat(AT_FDCWD, "/home/code/.local/share/uv/python/cpython-3.13.12-linux-x86_64-gnu/lib/python3.13/encodings/__pycache__/ascii.cpython-313.pyc", O_RDONLY|O_CLOEXEC) = 5
2171885 read(5, "\363\r\r\n\0\0\0\0q;tj\340\4\0\0\343\0\0\0\0\0\0\0\0\0\0\0\0\6\0\0"..., 2763) = 2762
2171885 read(5, "", 1)                  = 0
2171885 read(4, "e3cbe6e9-17f5-4fef-88c4-6dcd8917"..., 38) = 37
2171885 read(4, "", 1)                  = 0
2171885 openat(AT_FDCWD, "/workspace/2026/jspace/j-steer_pub/.venv/lib/python3.13/site-packages/filelock/__pycache__/_marker.cpython-313.pyc", O_RDONLY|O_CLOEXEC) = 4
2171885 read(4, "\363\r\r\n\0\0\0\0\376W\211j\212\27\0\0\343\0\0\0\0\0\0\0\0\0\0\0\0\5\0\0"..., 7491) = 7490
2171885 read(4, "", 1)                  = 0
2171885 openat(AT_FDCWD, "/workspace/2026/jspace/j-steer_pub/.venv/lib/python3.13/site-packages/filelock/__pycache__/_soft.cpython-313.pyc", O_RDONLY|O_CLOEXEC) = 4
2171885 read(4, "\363\r\r\n\0\0\0\0\376W\211j\3262\0\0\343\0\0\0\0\0\0\0\0\0\0\0\0\5\0\0"..., 13374) = 13373
2171885 read(4, "", 1)                  = 0
2171885 openat(AT_FDCWD, "/workspace/2026/jspace/j-steer_pub/.venv/lib/python3.13/site-packages/filelock/__pycache__/_soft_protocol.cpython-313.pyc", O_RDONLY|O_CLOEXEC) = 4
2171885 read(4, "\363\r\r\n\0\0\0\0\376W\211j\273\0\0\0\343\0\0\0\0\0\0\0\0\0\0\0\0\3\0\0"..., 423) = 422
2171885 read(4, "", 1)                  = 0
2171885 openat(AT_FDCWD, "/workspace/2026/jspace/j-steer_pub/.venv/lib/python3.13/site-packages/filelock/__pycache__/_async_read_write.cpython-313.pyc", O_RDONLY|O_CLOEXEC) = 4
2171885 read(4, "\363\r\r\n\0\0\0\0\376W\211j\r4\0\0\343\0\0\0\0\0\0\0\0\0\0\0\0\4\0\0"..., 17865) = 17864
2171885 read(4, "", 1)                  = 0
2171885 openat(AT_FDCWD, "/home/code/.local/share/uv/python/cpython-3.13.12-linux-x86_64-gnu/lib/python3.13/sqlite3/__pycache__/__init__.cpython-313.pyc", O_RDONLY|O_CLOEXEC) = 4
2171885 read(4, "\363\r\r\n\0\0\0\0q;tj\305\t\0\0\343\0\0\0\0\0\0\0\0\0\0\0\0\2\0\0"..., 1892) = 1891
2171885 read(4, "", 1)                  = 0
2171885 openat(AT_FDCWD, "/home/code/.local/share/uv/python/cpython-3.13.12-linux-x86_64-gnu/lib/python3.13/sqlite3", O_RDONLY|O_NONBLOCK|O_CLOEXEC|O_DIRECTORY) = 4
2171885 openat(AT_FDCWD, "/home/code/.local/share/uv/python/cpython-3.13.12-linux-x86_64-gnu/lib/python3.13/sqlite3/__pycache__/dbapi2.cpython-313.pyc", O_RDONLY|O_CLOEXEC) = 4
2171885 read(4, "\363\r\r\n\0\0\0\0q;tj/\16\0\0\343\0\0\0\0\0\0\0\0\0\0\0\0\10\0\0"..., 5067) = 5066
2171885 read(4, "", 1)                  = 0
2171885 openat(AT_FDCWD, "/workspace/2026/jspace/j-steer_pub/.venv/lib/python3.13/site-packages/filelock/__pycache__/_async.cpython-313.pyc", O_RDONLY|O_CLOEXEC) = 4
2171885 read(4, "\363\r\r\n\0\0\0\0\376W\211j\337\27\0\0\343\0\0\0\0\0\0\0\0\0\0\0\0\7\0\0"..., 8685) = 8684
2171885 read(4, "", 1)                  = 0
2171885 openat(AT_FDCWD, "/workspace/2026/jspace/j-steer_pub/.venv/lib/python3.13/site-packages/filelock/__pycache__/_read_write.cpython-313.pyc", O_RDONLY|O_CLOEXEC) = 4
2171885 read(4, "\363\r\r\n\0\0\0\0\376W\211j\177\200\0\0\343\0\0\0\0\0\0\0\0\0\0\0\0\6\0\0"..., 40113) = 40112
2171885 read(4, "", 1)                  = 0
2171885 openat(AT_FDCWD, "/workspace/2026/jspace/j-steer_pub/.venv/lib/python3.13/site-packages/filelock/_soft_rw/__pycache__/__init__.cpython-313.pyc", O_RDONLY|O_CLOEXEC) = 4
2171885 read(4, "\363\r\r\n\0\0\0\0\376W\211jr\1\0\0\343\0\0\0\0\0\0\0\0\0\0\0\0\2\0\0"..., 553) = 552
2171885 read(4, "", 1)                  = 0
2171885 openat(AT_FDCWD, "/workspace/2026/jspace/j-steer_pub/.venv/lib/python3.13/site-packages/filelock/_soft_rw", O_RDONLY|O_NONBLOCK|O_CLOEXEC|O_DIRECTORY) = 4
2171885 openat(AT_FDCWD, "/workspace/2026/jspace/j-steer_pub/.venv/lib/python3.13/site-packages/filelock/_soft_rw/__pycache__/_async.cpython-313.pyc", O_RDONLY|O_CLOEXEC) = 4
2171885 read(4, "\363\r\r\n\0\0\0\0\376W\211j\344,\0\0\343\0\0\0\0\0\0\0\0\0\0\0\0\4\0\0"..., 14843) = 14842
2171885 read(4, "", 1)                  = 0
2171885 openat(AT_FDCWD, "/workspace/2026/jspace/j-steer_pub/.venv/lib/python3.13/site-packages/filelock/_soft_rw/__pycache__/_sync.cpython-313.pyc", O_RDONLY|O_CLOEXEC) = 4
2171885 read(4, "\363\r\r\n\0\0\0\0\376W\211j\301\250\0\0\343\0\0\0\0\0\0\0\0\0\0\0\0\6\0\0"..., 48193) = 48192
2171885 read(4, "", 1)                  = 0
2171885 openat(AT_FDCWD, "/workspace/2026/jspace/j-steer_pub/.venv/lib/python3.13/site-packages/filelock/__pycache__/_strict.cpython-313.pyc", O_RDONLY|O_CLOEXEC) = 4
2171885 read(4, "\363\r\r\n\0\0\0\0\376W\211j\247\227\0\0\343\0\0\0\0\0\0\0\0\0\0\0\0\5\0\0"..., 44773) = 44772
2171885 read(4, "", 1)                  = 0
2171885 read(3, "\24:x\356\264\334\211\252gnj/\17eA\3\326}\232\304\245-\225\313\7\2078\307C\v[%"..., 2496) = 2496
2171885 openat(AT_FDCWD, "/tmp/h40mny32", O_RDWR|O_CREAT|O_EXCL|O_NOFOLLOW|O_CLOEXEC, 0600) = 4
2171885 read(3, "\256Yb\347\241qLj7V\323\215n\3317\263\270\216\351\263%\263V\270\373\320\357\27|4F\347"..., 2496) = 2496
2171885 openat(AT_FDCWD, "/tmp/tmpsk3odnvc/probe-source", O_WRONLY|O_CREAT|O_CLOEXEC, 0666) = 4
2171885 openat(AT_FDCWD, "/tmp/tmpsk3odnvc", O_RDONLY|O_NONBLOCK|O_CLOEXEC) = 4
2171885 openat(AT_FDCWD, "/workspace/2026/jspace/j-steer_pub/.venv/lib/python3.13/site-packages/filelock/__pycache__/_windows.cpython-313.pyc", O_RDONLY|O_CLOEXEC) = 4
2171885 read(4, "\363\r\r\n\0\0\0\0\376W\211jt>\0\0\343\0\0\0\0\0\0\0\0\0\0\0\0\v\0\0"..., 16550) = 16549
2171885 read(4, "", 1)                  = 0
2171885 openat(AT_FDCWD, "/workspace/2026/jspace/j-steer_pub/.venv/lib/python3.13/site-packages/filelock/__pycache__/asyncio.cpython-313.pyc", O_RDONLY|O_CLOEXEC) = 4
2171885 read(4, "\363\r\r\n\0\0\0\0\376W\211j'\207\0\0\343\0\0\0\0\0\0\0\0\0\0\0\0\7\0\0"..., 37261) = 37260
2171885 read(4, "", 1)                  = 0
2171885 openat(AT_FDCWD, "/workspace/2026/jspace/j-steer_pub/.venv/lib/python3.13/site-packages/filelock/__pycache__/version.cpython-313.pyc", O_RDONLY|O_CLOEXEC) = 4
2171885 read(4, "\363\r\r\n\0\0\0\0\376W\211j\n\2\0\0\343\0\0\0\0\0\0\0\0\0\0\0\0\3\0\0"..., 642) = 641
2171885 read(4, "", 1)                  = 0
2171885 openat(AT_FDCWD, "/workspace/2026/jspace/j-steer_pub/.venv/lib/python3.13/site-packages/huggingface_hub/utils/__pycache__/logging.cpython-313.pyc", O_RDONLY|O_CLOEXEC) = 4
2171885 read(4, "\363\r\r\n\0\0\0\0\376W\211j\6\23\0\0\343\0\0\0\0\0\0\0\0\0\0\0\0\6\0\0"..., 5925) = 5924
2171885 read(4, "", 1)                  = 0
2171885 openat(AT_FDCWD, "/workspace/2026/jspace/j-steer_pub/.venv/lib/python3.13/site-packages/huggingface_hub/utils/__pycache__/_oauth_device.cpython-313.pyc", O_RDONLY|O_CLOEXEC) = 4
2171885 read(4, "\363\r\r\n\0\0\0\0\376W\211j/\37\0\0\343\0\0\0\0\0\0\0\0\0\0\0\0\7\0\0"..., 8272) = 8271
2171885 read(4, "", 1)                  = 0
2171885 openat(AT_FDCWD, "/workspace/2026/jspace/j-steer_pub/.venv/lib/python3.13/site-packages/huggingface_hub/utils/__pycache__/_http.cpython-313.pyc", O_RDONLY|O_CLOEXEC) = 4
2171885 read(4, "\363\r\r\n\0\0\0\0\376W\211j\276\263\0\0\343\0\0\0\0\0\0\0\0\0\0\0\0\26\0\0"..., 45340) = 45339
2171885 read(4, "", 1)                  = 0
2171885 openat(AT_FDCWD, "/home/code/.local/share/uv/python/cpython-3.13.12-linux-x86_64-gnu/lib/python3.13/__pycache__/shlex.cpython-313.pyc", O_RDONLY|O_CLOEXEC) = 4
2171885 read(4, "\363\r\r\n\0\0\0\0q;tj)4\0\0\343\0\0\0\0\0\0\0\0\0\0\0\0\7\0\0"..., 14915) = 14914
2171885 read(4, "", 1)                  = 0
2171885 openat(AT_FDCWD, "/workspace/2026/jspace/j-steer_pub/.venv/lib/python3.13/site-packages/huggingface_hub/utils/__pycache__/_lfs.cpython-313.pyc", O_RDONLY|O_CLOEXEC) = 4
2171885 read(4, "\363\r\r\n\0\0\0\0\376W\211jf\17\0\0\343\0\0\0\0\0\0\0\0\0\0\0\0\5\0\0"..., 5236) = 5235
2171885 read(4, "", 1)                  = 0
2171885 openat(AT_FDCWD, "/workspace/2026/jspace/j-steer_pub/.venv/lib/python3.13/site-packages/huggingface_hub/utils/__pycache__/_typing.cpython-313.pyc", O_RDONLY|O_CLOEXEC) = 4
2171885 read(4, "\363\r\r\n\0\0\0\0\376W\211j\326\r\0\0\343\0\0\0\0\0\0\0\0\0\0\0\0\7\0\0"..., 4259) = 4258
2171885 read(4, "", 1)                  = 0
2171885 openat(AT_FDCWD, "/workspace/2026/jspace/j-steer_pub/.venv/lib/python3.13/site-packages/huggingface_hub/utils/__pycache__/_runtime.cpython-313.pyc", O_RDONLY|O_CLOEXEC) = 4
2171885 read(4, "\363\r\r\n\0\0\0\0\376W\211j\2654\0\0\343\0\0\0\0\0\0\0\0\0\0\0\0\6\0\0"..., 16185) = 16184
2171885 read(4, "", 1)                  = 0
2171885 openat(AT_FDCWD, ".", O_RDONLY|O_NONBLOCK|O_CLOEXEC|O_DIRECTORY) = 4
2171885 openat(AT_FDCWD, "/home/code/.local/share/uv/python/cpython-3.13.12-linux-x86_64-gnu/lib/python313.zip", O_RDONLY|O_NONBLOCK|O_CLOEXEC|O_DIRECTORY) = -1 ENOENT (No such file or directory)
2171885 openat(AT_FDCWD, "/home/code/.local/share/uv/python/cpython-3.13.12-linux-x86_64-gnu/lib/python313.zip", O_RDONLY|O_CLOEXEC) = -1 ENOENT (No such file or directory)
2171885 openat(AT_FDCWD, "/workspace/2026/jspace/j-steer_pub/.venv/lib/python3.13/site-packages/aiohttp-3.14.3.dist-info/METADATA", O_RDONLY|O_CLOEXEC) = 4
2171885 read(4, "Metadata-Version: 2.4\nName: aioh"..., 8267) = 8266
2171885 read(4, "", 1)                  = 0
2171885 openat(AT_FDCWD, ".", O_RDONLY|O_NONBLOCK|O_CLOEXEC|O_DIRECTORY) = 4
2171885 openat(AT_FDCWD, "/home/code/.local/share/uv/python/cpython-3.13.12-linux-x86_64-gnu/lib/python313.zip", O_RDONLY|O_NONBLOCK|O_CLOEXEC|O_DIRECTORY) = -1 ENOENT (No such file or directory)
2171885 openat(AT_FDCWD, "/home/code/.local/share/uv/python/cpython-3.13.12-linux-x86_64-gnu/lib/python313.zip", O_RDONLY|O_CLOEXEC) = -1 ENOENT (No such file or directory)
2171885 openat(AT_FDCWD, ".", O_RDONLY|O_NONBLOCK|O_CLOEXEC|O_DIRECTORY) = 4
2171885 openat(AT_FDCWD, "/home/code/.local/share/uv/python/cpython-3.13.12-linux-x86_64-gnu/lib/python313.zip", O_RDONLY|O_NONBLOCK|O_CLOEXEC|O_DIRECTORY) = -1 ENOENT (No such file or directory)
2171885 openat(AT_FDCWD, "/home/code/.local/share/uv/python/cpython-3.13.12-linux-x86_64-gnu/lib/python313.zip", O_RDONLY|O_CLOEXEC) = -1 ENOENT (No such file or directory)
2171885 openat(AT_FDCWD, ".", O_RDONLY|O_NONBLOCK|O_CLOEXEC|O_DIRECTORY) = 4
2171885 openat(AT_FDCWD, "/home/code/.local/share/uv/python/cpython-3.13.12-linux-x86_64-gnu/lib/python313.zip", O_RDONLY|O_NONBLOCK|O_CLOEXEC|O_DIRECTORY) = -1 ENOENT (No such file or directory)
2171885 openat(AT_FDCWD, "/home/code/.local/share/uv/python/cpython-3.13.12-linux-x86_64-gnu/lib/python313.zip", O_RDONLY|O_CLOEXEC) = -1 ENOENT (No such file or directory)
2171885 openat(AT_FDCWD, ".", O_RDONLY|O_NONBLOCK|O_CLOEXEC|O_DIRECTORY) = 4
2171885 openat(AT_FDCWD, "/home/code/.local/share/uv/python/cpython-3.13.12-linux-x86_64-gnu/lib/python313.zip", O_RDONLY|O_NONBLOCK|O_CLOEXEC|O_DIRECTORY) = -1 ENOENT (No such file or directory)
2171885 openat(AT_FDCWD, "/home/code/.local/share/uv/python/cpython-3.13.12-linux-x86_64-gnu/lib/python313.zip", O_RDONLY|O_CLOEXEC) = -1 ENOENT (No such file or directory)
2171885 openat(AT_FDCWD, ".", O_RDONLY|O_NONBLOCK|O_CLOEXEC|O_DIRECTORY) = 4
2171885 openat(AT_FDCWD, "/home/code/.local/share/uv/python/cpython-3.13.12-linux-x86_64-gnu/lib/python313.zip", O_RDONLY|O_NONBLOCK|O_CLOEXEC|O_DIRECTORY) = -1 ENOENT (No such file or directory)
2171885 openat(AT_FDCWD, "/home/code/.local/share/uv/python/cpython-3.13.12-linux-x86_64-gnu/lib/python313.zip", O_RDONLY|O_CLOEXEC) = -1 ENOENT (No such file or directory)
2171885 openat(AT_FDCWD, ".", O_RDONLY|O_NONBLOCK|O_CLOEXEC|O_DIRECTORY) = 4
2171885 openat(AT_FDCWD, "/home/code/.local/share/uv/python/cpython-3.13.12-linux-x86_64-gnu/lib/python313.zip", O_RDONLY|O_NONBLOCK|O_CLOEXEC|O_DIRECTORY) = -1 ENOENT (No such file or directory)
2171885 openat(AT_FDCWD, "/home/code/.local/share/uv/python/cpython-3.13.12-linux-x86_64-gnu/lib/python313.zip", O_RDONLY|O_CLOEXEC) = -1 ENOENT (No such file or directory)
2171885 openat(AT_FDCWD, "/workspace/2026/jspace/j-steer_pub/.venv/lib/python3.13/site-packages/hf_xet-1.6.0.dist-info/METADATA", O_RDONLY|O_CLOEXEC) = 4
2171885 read(4, "Metadata-Version: 2.4\nName: hf-x"..., 4883) = 4882
2171885 read(4, "", 1)                  = 0
2171885 openat(AT_FDCWD, ".", O_RDONLY|O_NONBLOCK|O_CLOEXEC|O_DIRECTORY) = 4
2171885 openat(AT_FDCWD, "/home/code/.local/share/uv/python/cpython-3.13.12-linux-x86_64-gnu/lib/python313.zip", O_RDONLY|O_NONBLOCK|O_CLOEXEC|O_DIRECTORY) = -1 ENOENT (No such file or directory)
2171885 openat(AT_FDCWD, "/home/code/.local/share/uv/python/cpython-3.13.12-linux-x86_64-gnu/lib/python313.zip", O_RDONLY|O_CLOEXEC) = -1 ENOENT (No such file or directory)
2171885 openat(AT_FDCWD, "/workspace/2026/jspace/j-steer_pub/.venv/lib/python3.13/site-packages/jinja2-3.1.6.dist-info/METADATA", O_RDONLY|O_CLOEXEC) = 4
2171885 read(4, "Metadata-Version: 2.4\nName: Jinj"..., 2872) = 2871
2171885 read(4, "", 1)                  = 0
2171885 openat(AT_FDCWD, ".", O_RDONLY|O_NONBLOCK|O_CLOEXEC|O_DIRECTORY) = 4
2171885 openat(AT_FDCWD, "/home/code/.local/share/uv/python/cpython-3.13.12-linux-x86_64-gnu/lib/python313.zip", O_RDONLY|O_NONBLOCK|O_CLOEXEC|O_DIRECTORY) = -1 ENOENT (No such file or directory)
2171885 openat(AT_FDCWD, "/home/code/.local/share/uv/python/cpython-3.13.12-linux-x86_64-gnu/lib/python313.zip", O_RDONLY|O_CLOEXEC) = -1 ENOENT (No such file or directory)
2171885 openat(AT_FDCWD, "/workspace/2026/jspace/j-steer_pub/.venv/lib/python3.13/site-packages/httpx-0.28.1.dist-info/METADATA", O_RDONLY|O_CLOEXEC) = 4
2171885 read(4, "Metadata-Version: 2.3\nName: http"..., 7053) = 7052
2171885 read(4, "", 1)                  = 0
2171885 openat(AT_FDCWD, ".", O_RDONLY|O_NONBLOCK|O_CLOEXEC|O_DIRECTORY) = 4
2171885 openat(AT_FDCWD, "/home/code/.local/share/uv/python/cpython-3.13.12-linux-x86_64-gnu/lib/python313.zip", O_RDONLY|O_NONBLOCK|O_CLOEXEC|O_DIRECTORY) = -1 ENOENT (No such file or directory)
2171885 openat(AT_FDCWD, "/home/code/.local/share/uv/python/cpython-3.13.12-linux-x86_64-gnu/lib/python313.zip", O_RDONLY|O_CLOEXEC) = -1 ENOENT (No such file or directory)
2171885 openat(AT_FDCWD, ".", O_RDONLY|O_NONBLOCK|O_CLOEXEC|O_DIRECTORY) = 4
2171885 openat(AT_FDCWD, "/home/code/.local/share/uv/python/cpython-3.13.12-linux-x86_64-gnu/lib/python313.zip", O_RDONLY|O_NONBLOCK|O_CLOEXEC|O_DIRECTORY) = -1 ENOENT (No such file or directory)
2171885 openat(AT_FDCWD, "/home/code/.local/share/uv/python/cpython-3.13.12-linux-x86_64-gnu/lib/python313.zip", O_RDONLY|O_CLOEXEC) = -1 ENOENT (No such file or directory)
2171885 openat(AT_FDCWD, "/workspace/2026/jspace/j-steer_pub/.venv/lib/python3.13/site-packages/numpy-2.5.1.dist-info/METADATA", O_RDONLY|O_CLOEXEC) = 4
2171885 read(4, "Metadata-Version: 2.4\nName: nump"..., 6585) = 6584
2171885 read(4, "", 1)                  = 0
2171885 openat(AT_FDCWD, ".", O_RDONLY|O_NONBLOCK|O_CLOEXEC|O_DIRECTORY) = 4
2171885 openat(AT_FDCWD, "/home/code/.local/share/uv/python/cpython-3.13.12-linux-x86_64-gnu/lib/python313.zip", O_RDONLY|O_NONBLOCK|O_CLOEXEC|O_DIRECTORY) = -1 ENOENT (No such file or directory)
2171885 openat(AT_FDCWD, "/home/code/.local/share/uv/python/cpython-3.13.12-linux-x86_64-gnu/lib/python313.zip", O_RDONLY|O_CLOEXEC) = -1 ENOENT (No such file or directory)
2171885 openat(AT_FDCWD, "/workspace/2026/jspace/j-steer_pub/.venv/lib/python3.13/site-packages/pillow-12.3.0.dist-info/METADATA", O_RDONLY|O_CLOEXEC) = 4
2171885 read(4, "Metadata-Version: 2.4\nName: pill"..., 9094) = 9093
2171885 read(4, "", 1)                  = 0
2171885 openat(AT_FDCWD, ".", O_RDONLY|O_NONBLOCK|O_CLOEXEC|O_DIRECTORY) = 4
2171885 openat(AT_FDCWD, "/home/code/.local/share/uv/python/cpython-3.13.12-linux-x86_64-gnu/lib/python313.zip", O_RDONLY|O_NONBLOCK|O_CLOEXEC|O_DIRECTORY) = -1 ENOENT (No such file or directory)
2171885 openat(AT_FDCWD, "/home/code/.local/share/uv/python/cpython-3.13.12-linux-x86_64-gnu/lib/python313.zip", O_RDONLY|O_CLOEXEC) = -1 ENOENT (No such file or directory)
2171885 openat(AT_FDCWD, "/workspace/2026/jspace/j-steer_pub/.venv/lib/python3.13/site-packages/pydantic-2.13.4.dist-info/METADATA", O_RDONLY|O_CLOEXEC) = 4
2171885 read(4, "Metadata-Version: 2.4\nName: pyda"..., 109398) = 109397
2171885 read(4, "", 1)                  = 0
2171885 openat(AT_FDCWD, ".", O_RDONLY|O_NONBLOCK|O_CLOEXEC|O_DIRECTORY) = 4
2171885 openat(AT_FDCWD, "/home/code/.local/share/uv/python/cpython-3.13.12-linux-x86_64-gnu/lib/python313.zip", O_RDONLY|O_NONBLOCK|O_CLOEXEC|O_DIRECTORY) = -1 ENOENT (No such file or directory)
2171885 openat(AT_FDCWD, "/home/code/.local/share/uv/python/cpython-3.13.12-linux-x86_64-gnu/lib/python313.zip", O_RDONLY|O_CLOEXEC) = -1 ENOENT (No such file or directory)
2171885 openat(AT_FDCWD, ".", O_RDONLY|O_NONBLOCK|O_CLOEXEC|O_DIRECTORY) = 4
2171885 openat(AT_FDCWD, "/home/code/.local/share/uv/python/cpython-3.13.12-linux-x86_64-gnu/lib/python313.zip", O_RDONLY|O_NONBLOCK|O_CLOEXEC|O_DIRECTORY) = -1 ENOENT (No such file or directory)
2171885 openat(AT_FDCWD, "/home/code/.local/share/uv/python/cpython-3.13.12-linux-x86_64-gnu/lib/python313.zip", O_RDONLY|O_CLOEXEC) = -1 ENOENT (No such file or directory)
2171885 openat(AT_FDCWD, "/workspace/2026/jspace/j-steer_pub/.venv/lib/python3.13/site-packages/safetensors-0.8.0.dist-info/METADATA", O_RDONLY|O_CLOEXEC) = 4
2171885 read(4, "Metadata-Version: 2.4\nName: safe"..., 4190) = 4189
2171885 read(4, "", 1)                  = 0
2171885 openat(AT_FDCWD, ".", O_RDONLY|O_NONBLOCK|O_CLOEXEC|O_DIRECTORY) = 4
2171885 openat(AT_FDCWD, "/home/code/.local/share/uv/python/cpython-3.13.12-linux-x86_64-gnu/lib/python313.zip", O_RDONLY|O_NONBLOCK|O_CLOEXEC|O_DIRECTORY) = -1 ENOENT (No such file or directory)
2171885 openat(AT_FDCWD, "/home/code/.local/share/uv/python/cpython-3.13.12-linux-x86_64-gnu/lib/python313.zip", O_RDONLY|O_CLOEXEC) = -1 ENOENT (No such file or directory)
2171885 openat(AT_FDCWD, ".", O_RDONLY|O_NONBLOCK|O_CLOEXEC|O_DIRECTORY) = 4
2171885 openat(AT_FDCWD, "/home/code/.local/share/uv/python/cpython-3.13.12-linux-x86_64-gnu/lib/python313.zip", O_RDONLY|O_NONBLOCK|O_CLOEXEC|O_DIRECTORY) = -1 ENOENT (No such file or directory)
2171885 openat(AT_FDCWD, "/home/code/.local/share/uv/python/cpython-3.13.12-linux-x86_64-gnu/lib/python313.zip", O_RDONLY|O_CLOEXEC) = -1 ENOENT (No such file or directory)
2171885 openat(AT_FDCWD, ".", O_RDONLY|O_NONBLOCK|O_CLOEXEC|O_DIRECTORY) = 4
2171885 openat(AT_FDCWD, "/home/code/.local/share/uv/python/cpython-3.13.12-linux-x86_64-gnu/lib/python313.zip", O_RDONLY|O_NONBLOCK|O_CLOEXEC|O_DIRECTORY) = -1 ENOENT (No such file or directory)
2171885 openat(AT_FDCWD, "/home/code/.local/share/uv/python/cpython-3.13.12-linux-x86_64-gnu/lib/python313.zip", O_RDONLY|O_CLOEXEC) = -1 ENOENT (No such file or directory)
2171885 openat(AT_FDCWD, ".", O_RDONLY|O_NONBLOCK|O_CLOEXEC|O_DIRECTORY) = 4
2171885 openat(AT_FDCWD, "/home/code/.local/share/uv/python/cpython-3.13.12-linux-x86_64-gnu/lib/python313.zip", O_RDONLY|O_NONBLOCK|O_CLOEXEC|O_DIRECTORY) = -1 ENOENT (No such file or directory)
2171885 openat(AT_FDCWD, "/home/code/.local/share/uv/python/cpython-3.13.12-linux-x86_64-gnu/lib/python313.zip", O_RDONLY|O_CLOEXEC) = -1 ENOENT (No such file or directory)
2171885 openat(AT_FDCWD, ".", O_RDONLY|O_NONBLOCK|O_CLOEXEC|O_DIRECTORY) = 4
2171885 openat(AT_FDCWD, "/home/code/.local/share/uv/python/cpython-3.13.12-linux-x86_64-gnu/lib/python313.zip", O_RDONLY|O_NONBLOCK|O_CLOEXEC|O_DIRECTORY) = -1 ENOENT (No such file or directory)
2171885 openat(AT_FDCWD, "/home/code/.local/share/uv/python/cpython-3.13.12-linux-x86_64-gnu/lib/python313.zip", O_RDONLY|O_CLOEXEC) = -1 ENOENT (No such file or directory)
2171885 openat(AT_FDCWD, ".", O_RDONLY|O_NONBLOCK|O_CLOEXEC|O_DIRECTORY) = 4
2171885 openat(AT_FDCWD, "/home/code/.local/share/uv/python/cpython-3.13.12-linux-x86_64-gnu/lib/python313.zip", O_RDONLY|O_NONBLOCK|O_CLOEXEC|O_DIRECTORY) = -1 ENOENT (No such file or directory)
2171885 openat(AT_FDCWD, "/home/code/.local/share/uv/python/cpython-3.13.12-linux-x86_64-gnu/lib/python313.zip", O_RDONLY|O_CLOEXEC) = -1 ENOENT (No such file or directory)
2171885 openat(AT_FDCWD, ".", O_RDONLY|O_NONBLOCK|O_CLOEXEC|O_DIRECTORY) = 4
2171885 openat(AT_FDCWD, "/home/code/.local/share/uv/python/cpython-3.13.12-linux-x86_64-gnu/lib/python313.zip", O_RDONLY|O_NONBLOCK|O_CLOEXEC|O_DIRECTORY) = -1 ENOENT (No such file or directory)
2171885 openat(AT_FDCWD, "/home/code/.local/share/uv/python/cpython-3.13.12-linux-x86_64-gnu/lib/python313.zip", O_RDONLY|O_CLOEXEC) = -1 ENOENT (No such file or directory)
2171885 openat(AT_FDCWD, ".", O_RDONLY|O_NONBLOCK|O_CLOEXEC|O_DIRECTORY) = 4
2171885 openat(AT_FDCWD, "/home/code/.local/share/uv/python/cpython-3.13.12-linux-x86_64-gnu/lib/python313.zip", O_RDONLY|O_NONBLOCK|O_CLOEXEC|O_DIRECTORY) = -1 ENOENT (No such file or directory)
2171885 openat(AT_FDCWD, "/home/code/.local/share/uv/python/cpython-3.13.12-linux-x86_64-gnu/lib/python313.zip", O_RDONLY|O_CLOEXEC) = -1 ENOENT (No such file or directory)
2171885 openat(AT_FDCWD, ".", O_RDONLY|O_NONBLOCK|O_CLOEXEC|O_DIRECTORY) = 4
2171885 openat(AT_FDCWD, "/home/code/.local/share/uv/python/cpython-3.13.12-linux-x86_64-gnu/lib/python313.zip", O_RDONLY|O_NONBLOCK|O_CLOEXEC|O_DIRECTORY) = -1 ENOENT (No such file or directory)
2171885 openat(AT_FDCWD, "/home/code/.local/share/uv/python/cpython-3.13.12-linux-x86_64-gnu/lib/python313.zip", O_RDONLY|O_CLOEXEC) = -1 ENOENT (No such file or directory)
2171885 openat(AT_FDCWD, ".", O_RDONLY|O_NONBLOCK|O_CLOEXEC|O_DIRECTORY) = 4
2171885 openat(AT_FDCWD, "/home/code/.local/share/uv/python/cpython-3.13.12-linux-x86_64-gnu/lib/python313.zip", O_RDONLY|O_NONBLOCK|O_CLOEXEC|O_DIRECTORY) = -1 ENOENT (No such file or directory)
2171885 openat(AT_FDCWD, "/home/code/.local/share/uv/python/cpython-3.13.12-linux-x86_64-gnu/lib/python313.zip", O_RDONLY|O_CLOEXEC) = -1 ENOENT (No such file or directory)
2171885 openat(AT_FDCWD, ".", O_RDONLY|O_NONBLOCK|O_CLOEXEC|O_DIRECTORY) = 4
2171885 openat(AT_FDCWD, "/home/code/.local/share/uv/python/cpython-3.13.12-linux-x86_64-gnu/lib/python313.zip", O_RDONLY|O_NONBLOCK|O_CLOEXEC|O_DIRECTORY) = -1 ENOENT (No such file or directory)
2171885 openat(AT_FDCWD, "/home/code/.local/share/uv/python/cpython-3.13.12-linux-x86_64-gnu/lib/python313.zip", O_RDONLY|O_CLOEXEC) = -1 ENOENT (No such file or directory)
2171885 openat(AT_FDCWD, ".", O_RDONLY|O_NONBLOCK|O_CLOEXEC|O_DIRECTORY) = 4
2171885 openat(AT_FDCWD, "/home/code/.local/share/uv/python/cpython-3.13.12-linux-x86_64-gnu/lib/python313.zip", O_RDONLY|O_NONBLOCK|O_CLOEXEC|O_DIRECTORY) = -1 ENOENT (No such file or directory)
2171885 openat(AT_FDCWD, "/home/code/.local/share/uv/python/cpython-3.13.12-linux-x86_64-gnu/lib/python313.zip", O_RDONLY|O_CLOEXEC) = -1 ENOENT (No such file or directory)
2171885 openat(AT_FDCWD, "/workspace/2026/jspace/j-steer_pub/.venv/lib/python3.13/site-packages/torch-2.13.0.dist-info/METADATA", O_RDONLY|O_CLOEXEC) = 4
2171885 read(4, "Metadata-Version: 2.4\nName: torc"..., 38461) = 38460
2171885 read(4, "", 1)                  = 0
2171885 openat(AT_FDCWD, "/workspace/2026/jspace/j-steer_pub/.venv/lib/python3.13/site-packages/huggingface_hub/utils/__pycache__/_cache_assets.cpython-313.pyc", O_RDONLY|O_CLOEXEC) = 4
2171885 read(4, "\363\r\r\n\0\0\0\0\376W\211j;\26\0\0\343\0\0\0\0\0\0\0\0\0\0\0\0\f\0\0"..., 5254) = 5253
2171885 read(4, "", 1)                  = 0
2171885 openat(AT_FDCWD, "/workspace/2026/jspace/j-steer_pub/.venv/lib/python3.13/site-packages/huggingface_hub/utils/__pycache__/_cache_manager.cpython-313.pyc", O_RDONLY|O_CLOEXEC) = 4
2171885 read(4, "\363\r\r\n\0\0\0\0\376W\211j\213\210\0\0\343\0\0\0\0\0\0\0\0\0\0\0\0\6\0\0"..., 37013) = 37012
2171885 read(4, "", 1)                  = 0
2171885 openat(AT_FDCWD, "/workspace/2026/jspace/j-steer_pub/.venv/lib/python3.13/site-packages/huggingface_hub/utils/__pycache__/_parsing.cpython-313.pyc", O_RDONLY|O_CLOEXEC) = 4
2171885 read(4, "\363\r\r\n\0\0\0\0\376W\211j\2\16\0\0\343\0\0\0\0\0\0\0\0\0\0\0\0\v\0\0"..., 3923) = 3922
2171885 read(4, "", 1)                  = 0
2171885 openat(AT_FDCWD, "/workspace/2026/jspace/j-steer_pub/.venv/lib/python3.13/site-packages/huggingface_hub/utils/__pycache__/_terminal.cpython-313.pyc", O_RDONLY|O_CLOEXEC) = 4
2171885 read(4, "\363\r\r\n\0\0\0\0\376W\211j\t#\0\0\343\0\0\0\0\0\0\0\0\0\0\0\0\t\0\0"..., 14866) = 14865
2171885 read(4, "", 1)                  = 0
2171885 openat(AT_FDCWD, "/workspace/2026/jspace/j-steer_pub/.venv/lib/python3.13/site-packages/huggingface_hub/utils/__pycache__/_detect_agent.cpython-313.pyc", O_RDONLY|O_CLOEXEC) = 4
2171885 read(4, "\363\r\r\n\0\0\0\0\376W\211j\251\34\0\0\343\0\0\0\0\0\0\0\0\0\0\0\0\7\0\0"..., 8858) = 8857
2171885 read(4, "", 1)                  = 0
2171885 openat(AT_FDCWD, "/home/code/.local/share/uv/python/cpython-3.13.12-linux-x86_64-gnu/lib/python3.13/__pycache__/tty.cpython-313.pyc", O_RDONLY|O_CLOEXEC) = 4
2171885 read(4, "\363\r\r\n\0\0\0\0q;tj\363\7\0\0\343\0\0\0\0\0\0\0\0\0\0\0\0\2\0\0"..., 2727) = 2726
2171885 read(4, "", 1)                  = 0
2171885 openat(AT_FDCWD, "/workspace/2026/jspace/j-steer_pub/.venv/lib/python3.13/site-packages/huggingface_hub/utils/__pycache__/_chunk_utils.cpython-313.pyc", O_RDONLY|O_CLOEXEC) = 4
2171885 read(4, "\363\r\r\n\0\0\0\0\376W\211jI\10\0\0\343\0\0\0\0\0\0\0\0\0\0\0\0\10\0\0"..., 2040) = 2039
2171885 read(4, "", 1)                  = 0
2171885 openat(AT_FDCWD, "/workspace/2026/jspace/j-steer_pub/.venv/lib/python3.13/site-packages/huggingface_hub/utils/__pycache__/_datetime.cpython-313.pyc", O_RDONLY|O_CLOEXEC) = 4
2171885 read(4, "\363\r\r\n\0\0\0\0\376W\211j\303\n\0\0\343\0\0\0\0\0\0\0\0\0\0\0\0\4\0\0"..., 2143) = 2142
2171885 read(4, "", 1)                  = 0
2171885 openat(AT_FDCWD, "/workspace/2026/jspace/j-steer_pub/.venv/lib/python3.13/site-packages/huggingface_hub/utils/__pycache__/_experimental.cpython-313.pyc", O_RDONLY|O_CLOEXEC) = 4
2171885 read(4, "\363\r\r\n\0\0\0\0\376W\211j\240\t\0\0\343\0\0\0\0\0\0\0\0\0\0\0\0\4\0\0"..., 2325) = 2324
2171885 read(4, "", 1)                  = 0
2171885 openat(AT_FDCWD, "/workspace/2026/jspace/j-steer_pub/.venv/lib/python3.13/site-packages/huggingface_hub/utils/__pycache__/_git_credential.cpython-313.pyc", O_RDONLY|O_CLOEXEC) = 4
2171885 read(4, "\363\r\r\n\0\0\0\0\376W\211j\304\21\0\0\343\0\0\0\0\0\0\0\0\0\0\0\0\t\0\0"..., 4806) = 4805
2171885 read(4, "", 1)                  = 0
2171885 openat(AT_FDCWD, "/workspace/2026/jspace/j-steer_pub/.venv/lib/python3.13/site-packages/huggingface_hub/utils/__pycache__/_subprocess.cpython-313.pyc", O_RDONLY|O_CLOEXEC) = 4
2171885 read(4, "\363\r\r\n\0\0\0\0\376W\211j\276\21\0\0\343\0\0\0\0\0\0\0\0\0\0\0\0\f\0\0"..., 5010) = 5009
2171885 read(4, "", 1)                  = 0
2171885 openat(AT_FDCWD, "/workspace/2026/jspace/j-steer_pub/.venv/lib/python3.13/site-packages/huggingface_hub/utils/__pycache__/_headers.cpython-313.pyc", O_RDONLY|O_CLOEXEC) = 4
2171885 read(4, "\363\r\r\n\0\0\0\0\376W\211j* \0\0\343\0\0\0\0\0\0\0\0\0\0\0\0\20\0\0"..., 7797) = 7796
2171885 read(4, "", 1)                  = 0
2171885 openat(AT_FDCWD, "/workspace/2026/jspace/j-steer_pub/.venv/lib/python3.13/site-packages/huggingface_hub/utils/__pycache__/_validators.cpython-313.pyc", O_RDONLY|O_CLOEXEC) = 4
2171885 read(4, "\363\r\r\n\0\0\0\0\376W\211j\343 \0\0\343\0\0\0\0\0\0\0\0\0\0\0\0\10\0\0"..., 8289) = 8288
2171885 read(4, "", 1)                  = 0
2171885 openat(AT_FDCWD, "/workspace/2026/jspace/j-steer_pub/.venv/lib/python3.13/site-packages/huggingface_hub/utils/__pycache__/_hf_uris.cpython-313.pyc", O_RDONLY|O_CLOEXEC) = 4
2171885 read(4, "\363\r\r\n\0\0\0\0\376W\211j\246k\0\0\343\0\0\0\0\0\0\0\0\0\0\0\0\n\0\0"..., 27937) = 27936
2171885 read(4, "", 1)                  = 0
2171885 openat(AT_FDCWD, "/workspace/2026/jspace/j-steer_pub/.venv/lib/python3.13/site-packages/huggingface_hub/utils/__pycache__/_pagination.cpython-313.pyc", O_RDONLY|O_CLOEXEC) = 4
2171885 read(4, "\363\r\r\n\0\0\0\0\376W\211j\227\7\0\0\343\0\0\0\0\0\0\0\0\0\0\0\0\v\0\0"..., 2196) = 2195
2171885 read(4, "", 1)                  = 0
2171885 openat(AT_FDCWD, "/workspace/2026/jspace/j-steer_pub/.venv/lib/python3.13/site-packages/huggingface_hub/utils/__pycache__/_paths.cpython-313.pyc", O_RDONLY|O_CLOEXEC) = 4
2171885 read(4, "\363\r\r\n\0\0\0\0\376W\211jJ\27\0\0\343\0\0\0\0\0\0\0\0\0\0\0\0\16\0\0"..., 5911) = 5910
2171885 read(4, "", 1)                  = 0
2171885 openat(AT_FDCWD, "/workspace/2026/jspace/j-steer_pub/.venv/lib/python3.13/site-packages/huggingface_hub/utils/__pycache__/_safetensors.cpython-313.pyc", O_RDONLY|O_CLOEXEC) = 4
2171885 read(4, "\363\r\r\n\0\0\0\0\376W\211jJ\21\0\0\343\0\0\0\0\0\0\0\0\0\0\0\0\5\0\0"..., 5819) = 5818
2171885 read(4, "", 1)                  = 0
2171885 openat(AT_FDCWD, "/workspace/2026/jspace/j-steer_pub/.venv/lib/python3.13/site-packages/huggingface_hub/utils/__pycache__/_telemetry.cpython-313.pyc", O_RDONLY|O_CLOEXEC) = 4
2171885 read(4, "\363\r\r\n\0\0\0\0\376W\211j\330\22\0\0\343\0\0\0\0\0\0\0\0\0\0\0\0\v\0\0"..., 5526) = 5525
2171885 read(4, "", 1)                  = 0
2171885 openat(AT_FDCWD, "/workspace/2026/jspace/j-steer_pub/.venv/lib/python3.13/site-packages/huggingface_hub/utils/__pycache__/_xet.cpython-313.pyc", O_RDONLY|O_CLOEXEC) = 4
2171885 read(4, "\363\r\r\n\0\0\0\0\376W\211j\234\31\0\0\343\0\0\0\0\0\0\0\0\0\0\0\0\16\0\0"..., 8353) = 8352
2171885 read(4, "", 1)                  = 0
2171885 openat(AT_FDCWD, "/workspace/2026/jspace/j-steer_pub/.venv/lib/python3.13/site-packages/transformers/__pycache__/_typing.cpython-313.pyc", O_RDONLY|O_CLOEXEC) = 4
2171885 read(4, "\363\r\r\n\0\0\0\0\0X\211jW\33\0\0\343\0\0\0\0\0\0\0\0\0\0\0\0\5\0\0"..., 11240) = 11239
2171885 read(4, "", 1)                  = 0
2171885 openat(AT_FDCWD, "/workspace/2026/jspace/j-steer_pub/.venv/lib/python3.13/site-packages/transformers/utils/__pycache__/import_utils.cpython-313.pyc", O_RDONLY|O_CLOEXEC) = 4
2171885 read(4, "\363\r\r\n\0\0\0\0\377W\211j\220\322\1\0\343\0\0\0\0\0\0\0\0\0\0\0\0\f\0\0"..., 132826) = 132825
2171885 read(4, "", 1)                  = 0
2171885 openat(AT_FDCWD, ".", O_RDONLY|O_NONBLOCK|O_CLOEXEC|O_DIRECTORY) = 4
2171885 openat(AT_FDCWD, "/home/code/.local/share/uv/python/cpython-3.13.12-linux-x86_64-gnu/lib/python313.zip", O_RDONLY|O_NONBLOCK|O_CLOEXEC|O_DIRECTORY) = -1 ENOENT (No such file or directory)
2171885 openat(AT_FDCWD, "/home/code/.local/share/uv/python/cpython-3.13.12-linux-x86_64-gnu/lib/python313.zip", O_RDONLY|O_CLOEXEC) = -1 ENOENT (No such file or directory)
2171885 openat(AT_FDCWD, "/workspace/2026/jspace/j-steer_pub/.venv/lib/python3.13/site-packages/h2-4.4.1.dist-info/top_level.txt", O_RDONLY|O_CLOEXEC) = 4
2171885 read(4, "h2\n", 4)              = 3
2171885 read(4, "", 1)                  = 0
2171885 openat(AT_FDCWD, "/workspace/2026/jspace/j-steer_pub/.venv/lib/python3.13/site-packages/h2-4.4.1.dist-info/METADATA", O_RDONLY|O_CLOEXEC) = 4
2171885 read(4, "Metadata-Version: 2.4\nName: h2\nV"..., 3766) = 3765
2171885 read(4, "", 1)                  = 0
2171885 openat(AT_FDCWD, "/workspace/2026/jspace/j-steer_pub/.venv/lib/python3.13/site-packages/mdurl-0.1.2.dist-info/top_level.txt", O_RDONLY|O_CLOEXEC) = -1 ENOENT (No such file or directory)
2171885 openat(AT_FDCWD, "/workspace/2026/jspace/j-steer_pub/.venv/lib/python3.13/site-packages/mdurl-0.1.2.dist-info/RECORD", O_RDONLY|O_CLOEXEC) = 4
2171885 read(4, "mdurl-0.1.2.dist-info/INSTALLER,"..., 959) = 958
2171885 read(4, "", 1)                  = 0
2171885 openat(AT_FDCWD, "/home/code/.local/share/uv/python/cpython-3.13.12-linux-x86_64-gnu/lib/python3.13/__pycache__/csv.cpython-313.pyc", O_RDONLY|O_CLOEXEC) = 4
2171885 read(4, "\363\r\r\n\0\0\0\0q;tj\352J\0\0\343\0\0\0\0\0\0\0\0\0\0\0\0\5\0\0"..., 20763) = 20762
2171885 read(4, "", 1)                  = 0
2171885 openat(AT_FDCWD, "/workspace/2026/jspace/j-steer_pub/.venv/lib/python3.13/site-packages/mdurl-0.1.2.dist-info/METADATA", O_RDONLY|O_CLOEXEC) = 4
2171885 read(4, "Metadata-Version: 2.1\nName: mdur"..., 1639) = 1638
2171885 read(4, "", 1)                  = 0
2171885 openat(AT_FDCWD, "/workspace/2026/jspace/j-steer_pub/.venv/lib/python3.13/site-packages/typer-0.27.1.dist-info/top_level.txt", O_RDONLY|O_CLOEXEC) = -1 ENOENT (No such file or directory)
2171885 openat(AT_FDCWD, "/workspace/2026/jspace/j-steer_pub/.venv/lib/python3.13/site-packages/typer-0.27.1.dist-info/RECORD", O_RDONLY|O_CLOEXEC) = 4
2171885 read(4, "../../../bin/typer,sha256=Ug-WTV"..., 3372) = 3371
2171885 read(4, "", 1)                  = 0
2171885 openat(AT_FDCWD, "/workspace/2026/jspace/j-steer_pub/.venv/lib/python3.13/site-packages/typer-0.27.1.dist-info/METADATA", O_RDONLY|O_CLOEXEC) = 4
2171885 read(4, "Metadata-Version: 2.4\nName: type"..., 16415) = 16414
2171885 read(4, "", 1)                  = 0
2171885 openat(AT_FDCWD, "/workspace/2026/jspace/j-steer_pub/.venv/lib/python3.13/site-packages/nvidia_cufft-12.0.0.61.dist-info/top_level.txt", O_RDONLY|O_CLOEXEC) = 4
2171885 read(4, "nvidia\n", 8)          = 7
2171885 read(4, "", 1)                  = 0
2171885 openat(AT_FDCWD, "/workspace/2026/jspace/j-steer_pub/.venv/lib/python3.13/site-packages/nvidia_cufft-12.0.0.61.dist-info/METADATA", O_RDONLY|O_CLOEXEC) = 4
2171885 read(4, "Metadata-Version: 2.4\nName: nvid"..., 1756) = 1755
2171885 read(4, "", 1)                  = 0
2171885 openat(AT_FDCWD, "/workspace/2026/jspace/j-steer_pub/.venv/lib/python3.13/site-packages/beartype-0.22.9.dist-info/top_level.txt", O_RDONLY|O_CLOEXEC) = -1 ENOENT (No such file or directory)
2171885 openat(AT_FDCWD, "/workspace/2026/jspace/j-steer_pub/.venv/lib/python3.13/site-packages/beartype-0.22.9.dist-info/RECORD", O_RDONLY|O_CLOEXEC) = 4
2171885 read(4, "beartype-0.22.9.dist-info/INSTAL"..., 40692) = 40691
2171885 read(4, "", 1)                  = 0
2171883 +++ exited with 0 +++
2171885 openat(AT_FDCWD, "/workspace/2026/jspace/j-steer_pub/.venv/lib/python3.13/site-packages/beartype-0.22.9.dist-info/METADATA", O_RDONLY|O_CLOEXEC) = 4
2171885 read(4, "Metadata-Version: 2.4\nName: bear"..., 37096) = 37095
2171885 read(4, "", 1)                  = 0
2171885 openat(AT_FDCWD, "/workspace/2026/jspace/j-steer_pub/.venv/lib/python3.13/site-packages/huggingface_hub-1.26.1.dist-info/top_level.txt", O_RDONLY|O_CLOEXEC) = 4
2171885 read(4, "huggingface_hub\n", 17) = 16
2171885 read(4, "", 1)                  = 0
2171885 openat(AT_FDCWD, "/workspace/2026/jspace/j-steer_pub/.venv/lib/python3.13/site-packages/huggingface_hub-1.26.1.dist-info/METADATA", O_RDONLY|O_CLOEXEC) = 4
2171885 read(4, "Metadata-Version: 2.4\nName: hugg"..., 16315) = 16314
2171885 read(4, "", 1)                  = 0
2171885 openat(AT_FDCWD, "/workspace/2026/jspace/j-steer_pub/.venv/lib/python3.13/site-packages/anyio-4.14.2.dist-info/top_level.txt", O_RDONLY|O_CLOEXEC) = 4
2171885 read(4, "anyio\n", 7)           = 6
2171885 read(4, "", 1)                  = 0
2171885 openat(AT_FDCWD, "/workspace/2026/jspace/j-steer_pub/.venv/lib/python3.13/site-packages/anyio-4.14.2.dist-info/METADATA", O_RDONLY|O_CLOEXEC) = 4
2171885 read(4, "Metadata-Version: 2.4\nName: anyi"..., 4646) = 4645
2171885 read(4, "", 1)                  = 0
2171885 openat(AT_FDCWD, "/workspace/2026/jspace/j-steer_pub/.venv/lib/python3.13/site-packages/fsspec-2026.7.0.dist-info/top_level.txt", O_RDONLY|O_CLOEXEC) = -1 ENOENT (No such file or directory)
2171885 openat(AT_FDCWD, "/workspace/2026/jspace/j-steer_pub/.venv/lib/python3.13/site-packages/fsspec-2026.7.0.dist-info/RECORD", O_RDONLY|O_CLOEXEC) = 4
2171885 read(4, "fsspec-2026.7.0.dist-info/INSTAL"..., 5231) = 5230
2171885 read(4, "", 1)                  = 0
2171885 openat(AT_FDCWD, "/workspace/2026/jspace/j-steer_pub/.venv/lib/python3.13/site-packages/fsspec-2026.7.0.dist-info/METADATA", O_RDONLY|O_CLOEXEC) = 4
2171885 read(4, "Metadata-Version: 2.4\nName: fssp"..., 10562) = 10561
2171885 read(4, "", 1)                  = 0
2171885 openat(AT_FDCWD, "/workspace/2026/jspace/j-steer_pub/.venv/lib/python3.13/site-packages/vjp_steering-0.1.0.dist-info/top_level.txt", O_RDONLY|O_CLOEXEC) = -1 ENOENT (No such file or directory)
2171885 openat(AT_FDCWD, "/workspace/2026/jspace/j-steer_pub/.venv/lib/python3.13/site-packages/vjp_steering-0.1.0.dist-info/RECORD", O_RDONLY|O_CLOEXEC) = 4
2171885 read(4, "vjp_steering-0.1.0.dist-info/INS"..., 770) = 769
2171885 read(4, "", 1)                  = 0
2171885 openat(AT_FDCWD, "/workspace/2026/jspace/j-steer_pub/.venv/lib/python3.13/site-packages/pure_eval-0.2.3.dist-info/top_level.txt", O_RDONLY|O_CLOEXEC) = 4
2171885 read(4, "pure_eval\n", 11)      = 10
2171885 read(4, "", 1)                  = 0
2171885 openat(AT_FDCWD, "/workspace/2026/jspace/j-steer_pub/.venv/lib/python3.13/site-packages/pure_eval-0.2.3.dist-info/METADATA", O_RDONLY|O_CLOEXEC) = 4
2171885 read(4, "Metadata-Version: 2.1\nName: pure"..., 6279) = 6278
2171885 read(4, "", 1)                  = 0
2171885 openat(AT_FDCWD, "/workspace/2026/jspace/j-steer_pub/.venv/lib/python3.13/site-packages/mdit_py_plugins-0.6.1.dist-info/top_level.txt", O_RDONLY|O_CLOEXEC) = -1 ENOENT (No such file or directory)
2171885 openat(AT_FDCWD, "/workspace/2026/jspace/j-steer_pub/.venv/lib/python3.13/site-packages/mdit_py_plugins-0.6.1.dist-info/RECORD", O_RDONLY|O_CLOEXEC) = 4
2171885 read(4, "mdit_py_plugins-0.6.1.dist-info/"..., 5586) = 5585
2171885 read(4, "", 1)                  = 0
2171885 openat(AT_FDCWD, "/workspace/2026/jspace/j-steer_pub/.venv/lib/python3.13/site-packages/mdit_py_plugins-0.6.1.dist-info/METADATA", O_RDONLY|O_CLOEXEC) = 4
2171885 read(4, "Metadata-Version: 2.4\nName: mdit"..., 2865) = 2864
2171885 read(4, "", 1)                  = 0
2171885 openat(AT_FDCWD, "/workspace/2026/jspace/j-steer_pub/.venv/lib/python3.13/site-packages/bleach-6.4.0.dist-info/top_level.txt", O_RDONLY|O_CLOEXEC) = 4
2171885 read(4, "bleach\n", 8)          = 7
2171885 read(4, "", 1)                  = 0
2171885 openat(AT_FDCWD, "/workspace/2026/jspace/j-steer_pub/.venv/lib/python3.13/site-packages/bleach-6.4.0.dist-info/METADATA", O_RDONLY|O_CLOEXEC) = 4
2171885 read(4, "Metadata-Version: 2.4\nName: blea"..., 32174) = 32173
2171885 read(4, "", 1)                  = 0
2171885 openat(AT_FDCWD, "/workspace/2026/jspace/j-steer_pub/.venv/lib/python3.13/site-packages/packaging-26.3.dist-info/top_level.txt", O_RDONLY|O_CLOEXEC) = -1 ENOENT (No such file or directory)
2171885 openat(AT_FDCWD, "/workspace/2026/jspace/j-steer_pub/.venv/lib/python3.13/site-packages/packaging-26.3.dist-info/RECORD", O_RDONLY|O_CLOEXEC) = 4
2171885 read(4, "packaging-26.3.dist-info/INSTALL"..., 2516) = 2515
2171885 read(4, "", 1)                  = 0
2171885 openat(AT_FDCWD, "/workspace/2026/jspace/j-steer_pub/.venv/lib/python3.13/site-packages/packaging-26.3.dist-info/METADATA", O_RDONLY|O_CLOEXEC) = 4
2171885 read(4, "Metadata-Version: 2.4\nName: pack"..., 3545) = 3544
2171885 read(4, "", 1)                  = 0
2171885 openat(AT_FDCWD, "/workspace/2026/jspace/j-steer_pub/.venv/lib/python3.13/site-packages/safetensors-0.8.0.dist-info/top_level.txt", O_RDONLY|O_CLOEXEC) = -1 ENOENT (No such file or directory)
2171885 openat(AT_FDCWD, "/workspace/2026/jspace/j-steer_pub/.venv/lib/python3.13/site-packages/safetensors-0.8.0.dist-info/RECORD", O_RDONLY|O_CLOEXEC) = 4
2171885 read(4, "safetensors-0.8.0.dist-info/INST"..., 1426) = 1425
2171885 read(4, "", 1)                  = 0
2171885 openat(AT_FDCWD, "/workspace/2026/jspace/j-steer_pub/.venv/lib/python3.13/site-packages/safetensors-0.8.0.dist-info/METADATA", O_RDONLY|O_CLOEXEC) = 4
2171885 read(4, "Metadata-Version: 2.4\nName: safe"..., 4190) = 4189
2171885 read(4, "", 1)                  = 0
2171885 openat(AT_FDCWD, "/workspace/2026/jspace/j-steer_pub/.venv/lib/python3.13/site-packages/synchronicity-0.12.5.dist-info/top_level.txt", O_RDONLY|O_CLOEXEC) = -1 ENOENT (No such file or directory)
2171885 openat(AT_FDCWD, "/workspace/2026/jspace/j-steer_pub/.venv/lib/python3.13/site-packages/synchronicity-0.12.5.dist-info/RECORD", O_RDONLY|O_CLOEXEC) = 4
2171885 read(4, "synchronicity-0.12.5.dist-info/I"..., 1531) = 1530
2171885 read(4, "", 1)                  = 0
2171885 openat(AT_FDCWD, "/workspace/2026/jspace/j-steer_pub/.venv/lib/python3.13/site-packages/synchronicity-0.12.5.dist-info/METADATA", O_RDONLY|O_CLOEXEC) = 4
2171885 read(4, "Metadata-Version: 2.4\nName: sync"..., 14086) = 14085
2171885 read(4, "", 1)                  = 0
2171885 openat(AT_FDCWD, "/workspace/2026/jspace/j-steer_pub/.venv/lib/python3.13/site-packages/platformdirs-4.11.0.dist-info/top_level.txt", O_RDONLY|O_CLOEXEC) = -1 ENOENT (No such file or directory)
2171885 openat(AT_FDCWD, "/workspace/2026/jspace/j-steer_pub/.venv/lib/python3.13/site-packages/platformdirs-4.11.0.dist-info/RECORD", O_RDONLY|O_CLOEXEC) = 4
2171885 read(4, "platformdirs-4.11.0.dist-info/IN"..., 1303) = 1302
2171885 read(4, "", 1)                  = 0
2171885 openat(AT_FDCWD, "/workspace/2026/jspace/j-steer_pub/.venv/lib/python3.13/site-packages/platformdirs-4.11.0.dist-info/METADATA", O_RDONLY|O_CLOEXEC) = 4
2171885 read(4, "Metadata-Version: 2.4\nName: plat"..., 5515) = 5514
2171885 read(4, "", 1)                  = 0
2171885 openat(AT_FDCWD, "/workspace/2026/jspace/j-steer_pub/.venv/lib/python3.13/site-packages/mpmath-1.3.0.dist-info/top_level.txt", O_RDONLY|O_CLOEXEC) = 4
2171885 read(4, "mpmath\n", 8)          = 7
2171885 read(4, "", 1)                  = 0
2171885 openat(AT_FDCWD, "/workspace/2026/jspace/j-steer_pub/.venv/lib/python3.13/site-packages/mpmath-1.3.0.dist-info/METADATA", O_RDONLY|O_CLOEXEC) = 4
2171885 read(4, "Metadata-Version: 2.1\nName: mpma"..., 8631) = 8630
2171885 read(4, "", 1)                  = 0
2171885 openat(AT_FDCWD, "/workspace/2026/jspace/j-steer_pub/.venv/lib/python3.13/site-packages/types_toml-0.10.8.20260518.dist-info/top_level.txt", O_RDONLY|O_CLOEXEC) = 4
2171885 read(4, "toml-stubs\n", 12)     = 11
2171885 read(4, "", 1)                  = 0
2171885 openat(AT_FDCWD, "/workspace/2026/jspace/j-steer_pub/.venv/lib/python3.13/site-packages/types_toml-0.10.8.20260518.dist-info/METADATA", O_RDONLY|O_CLOEXEC) = 4
2171885 read(4, "Metadata-Version: 2.4\nName: type"..., 1695) = 1694
2171885 read(4, "", 1)                  = 0
2171885 openat(AT_FDCWD, "/workspace/2026/jspace/j-steer_pub/.venv/lib/python3.13/site-packages/shellingham-1.5.4.dist-info/top_level.txt", O_RDONLY|O_CLOEXEC) = 4
2171885 read(4, "shellingham\n", 13)    = 12
2171885 read(4, "", 1)                  = 0
2171885 openat(AT_FDCWD, "/workspace/2026/jspace/j-steer_pub/.venv/lib/python3.13/site-packages/shellingham-1.5.4.dist-info/METADATA", O_RDONLY|O_CLOEXEC) = 4
2171885 read(4, "Metadata-Version: 2.1\nName: shel"..., 3462) = 3461
2171885 read(4, "", 1)                  = 0
2171885 openat(AT_FDCWD, "/workspace/2026/jspace/j-steer_pub/.venv/lib/python3.13/site-packages/aiohttp-3.14.3.dist-info/top_level.txt", O_RDONLY|O_CLOEXEC) = 4
2171885 read(4, "aiohttp\n", 9)         = 8
2171885 read(4, "", 1)                  = 0
2171885 openat(AT_FDCWD, "/workspace/2026/jspace/j-steer_pub/.venv/lib/python3.13/site-packages/aiohttp-3.14.3.dist-info/METADATA", O_RDONLY|O_CLOEXEC) = 4
2171885 read(4, "Metadata-Version: 2.4\nName: aioh"..., 8267) = 8266
2171885 read(4, "", 1)                  = 0
2171885 openat(AT_FDCWD, "/workspace/2026/jspace/j-steer_pub/.venv/lib/python3.13/site-packages/nvidia_cufile-1.15.1.6.dist-info/top_level.txt", O_RDONLY|O_CLOEXEC) = 4
2171885 read(4, "nvidia\n", 8)          = 7
2171885 read(4, "", 1)                  = 0
2171885 openat(AT_FDCWD, "/workspace/2026/jspace/j-steer_pub/.venv/lib/python3.13/site-packages/nvidia_cufile-1.15.1.6.dist-info/METADATA", O_RDONLY|O_CLOEXEC) = 4
2171885 read(4, "Metadata-Version: 2.4\nName: nvid"..., 1693) = 1692
2171885 read(4, "", 1)                  = 0
2171885 openat(AT_FDCWD, "/workspace/2026/jspace/j-steer_pub/.venv/lib/python3.13/site-packages/parso-0.8.7.dist-info/top_level.txt", O_RDONLY|O_CLOEXEC) = 4
2171885 read(4, "parso\n", 7)           = 6
2171885 read(4, "", 1)                  = 0
2171885 openat(AT_FDCWD, "/workspace/2026/jspace/j-steer_pub/.venv/lib/python3.13/site-packages/parso-0.8.7.dist-info/METADATA", O_RDONLY|O_CLOEXEC) = 4
2171885 read(4, "Metadata-Version: 2.1\nName: pars"..., 8181) = 8180
2171885 read(4, "", 1)                  = 0
2171885 openat(AT_FDCWD, "/workspace/2026/jspace/j-steer_pub/.venv/lib/python3.13/site-packages/contourpy-1.3.3.dist-info/top_level.txt", O_RDONLY|O_CLOEXEC) = -1 ENOENT (No such file or directory)
2171885 openat(AT_FDCWD, "/workspace/2026/jspace/j-steer_pub/.venv/lib/python3.13/site-packages/contourpy-1.3.3.dist-info/RECORD", O_RDONLY|O_CLOEXEC) = 4
2171885 read(4, "contourpy-1.3.3.dist-info/INSTAL"..., 2117) = 2116
2171885 read(4, "", 1)                  = 0
2171885 openat(AT_FDCWD, "/workspace/2026/jspace/j-steer_pub/.venv/lib/python3.13/site-packages/contourpy-1.3.3.dist-info/METADATA", O_RDONLY|O_CLOEXEC) = 4
2171885 read(4, "Metadata-Version: 2.1\nName: cont"..., 5462) = 5461
2171885 read(4, "", 1)                  = 0
2171885 openat(AT_FDCWD, "/workspace/2026/jspace/j-steer_pub/.venv/lib/python3.13/site-packages/pillow-12.3.0.dist-info/top_level.txt", O_RDONLY|O_CLOEXEC) = 4
2171885 read(4, "PIL\n", 5)             = 4
2171885 read(4, "", 1)                  = 0
2171885 openat(AT_FDCWD, "/workspace/2026/jspace/j-steer_pub/.venv/lib/python3.13/site-packages/pillow-12.3.0.dist-info/METADATA", O_RDONLY|O_CLOEXEC) = 4
2171885 read(4, "Metadata-Version: 2.4\nName: pill"..., 9094) = 9093
2171885 read(4, "", 1)                  = 0
2171885 openat(AT_FDCWD, "/workspace/2026/jspace/j-steer_pub/.venv/lib/python3.13/site-packages/frozenlist-1.8.0.dist-info/top_level.txt", O_RDONLY|O_CLOEXEC) = 4
2171885 read(4, "frozenlist\n", 12)     = 11
2171885 read(4, "", 1)                  = 0
2171885 openat(AT_FDCWD, "/workspace/2026/jspace/j-steer_pub/.venv/lib/python3.13/site-packages/frozenlist-1.8.0.dist-info/METADATA", O_RDONLY|O_CLOEXEC) = 4
2171885 read(4, "Metadata-Version: 2.4\nName: froz"..., 20334) = 20333
2171885 read(4, "", 1)                  = 0
2171885 openat(AT_FDCWD, "/workspace/2026/jspace/j-steer_pub/.venv/lib/python3.13/site-packages/debugpy-1.8.21.dist-info/top_level.txt", O_RDONLY|O_CLOEXEC) = 4
2171885 read(4, "debugpy\n", 9)         = 8
2171885 read(4, "", 1)                  = 0
2171885 openat(AT_FDCWD, "/workspace/2026/jspace/j-steer_pub/.venv/lib/python3.13/site-packages/debugpy-1.8.21.dist-info/METADATA", O_RDONLY|O_CLOEXEC) = 4
2171885 read(4, "Metadata-Version: 2.4\nName: debu"..., 1431) = 1430
2171885 read(4, "", 1)                  = 0
2171885 openat(AT_FDCWD, "/workspace/2026/jspace/j-steer_pub/.venv/lib/python3.13/site-packages/multidict-6.7.1.dist-info/top_level.txt", O_RDONLY|O_CLOEXEC) = 4
2171885 read(4, "multidict\n", 11)      = 10
2171885 read(4, "", 1)                  = 0
2171885 openat(AT_FDCWD, "/workspace/2026/jspace/j-steer_pub/.venv/lib/python3.13/site-packages/multidict-6.7.1.dist-info/METADATA", O_RDONLY|O_CLOEXEC) = 4
2171885 read(4, "Metadata-Version: 2.4\nName: mult"..., 5322) = 5321
2171885 read(4, "", 1)                  = 0
2171885 openat(AT_FDCWD, "/workspace/2026/jspace/j-steer_pub/.venv/lib/python3.13/site-packages/nvidia_cusolver-12.0.4.66.dist-info/top_level.txt", O_RDONLY|O_CLOEXEC) = 4
2171885 read(4, "nvidia\n", 8)          = 7
2171885 read(4, "", 1)                  = 0
2171885 openat(AT_FDCWD, "/workspace/2026/jspace/j-steer_pub/.venv/lib/python3.13/site-packages/nvidia_cusolver-12.0.4.66.dist-info/METADATA", O_RDONLY|O_CLOEXEC) = 4
2171885 read(4, "Metadata-Version: 2.4\nName: nvid"..., 1831) = 1830
2171885 read(4, "", 1)                  = 0
2171885 openat(AT_FDCWD, "/workspace/2026/jspace/j-steer_pub/.venv/lib/python3.13/site-packages/ptyprocess-0.7.0.dist-info/top_level.txt", O_RDONLY|O_CLOEXEC) = -1 ENOENT (No such file or directory)
2171885 openat(AT_FDCWD, "/workspace/2026/jspace/j-steer_pub/.venv/lib/python3.13/site-packages/ptyprocess-0.7.0.dist-info/RECORD", O_RDONLY|O_CLOEXEC) = 4
2171885 read(4, "ptyprocess-0.7.0.dist-info/INSTA"..., 801) = 800
2171885 read(4, "", 1)                  = 0
2171885 openat(AT_FDCWD, "/workspace/2026/jspace/j-steer_pub/.venv/lib/python3.13/site-packages/ptyprocess-0.7.0.dist-info/METADATA", O_RDONLY|O_CLOEXEC) = 4
2171885 read(4, "Metadata-Version: 2.1\nName: ptyp"..., 1313) = 1312
2171885 read(4, "", 1)                  = 0
2171885 openat(AT_FDCWD, "/workspace/2026/jspace/j-steer_pub/.venv/lib/python3.13/site-packages/torch-2.13.0.dist-info/top_level.txt", O_RDONLY|O_CLOEXEC) = 4
2171885 read(4, "functorch\ntorch\ntorchgen\n", 26) = 25
2171885 read(4, "", 1)                  = 0
2171885 openat(AT_FDCWD, "/workspace/2026/jspace/j-steer_pub/.venv/lib/python3.13/site-packages/torch-2.13.0.dist-info/METADATA", O_RDONLY|O_CLOEXEC) = 4
2171885 read(4, "Metadata-Version: 2.4\nName: torc"..., 38461) = 38460
2171885 read(4, "", 1)                  = 0
2171885 openat(AT_FDCWD, "/workspace/2026/jspace/j-steer_pub/.venv/lib/python3.13/site-packages/torch-2.13.0.dist-info/METADATA", O_RDONLY|O_CLOEXEC) = 4
2171885 read(4, "Metadata-Version: 2.4\nName: torc"..., 38461) = 38460
2171885 read(4, "", 1)                  = 0
2171885 openat(AT_FDCWD, "/workspace/2026/jspace/j-steer_pub/.venv/lib/python3.13/site-packages/torch-2.13.0.dist-info/METADATA", O_RDONLY|O_CLOEXEC) = 4
2171885 read(4, "Metadata-Version: 2.4\nName: torc"..., 38461) = 38460
2171885 read(4, "", 1)                  = 0
2171885 openat(AT_FDCWD, "/workspace/2026/jspace/j-steer_pub/.venv/lib/python3.13/site-packages/markdown_it_py-4.2.0.dist-info/top_level.txt", O_RDONLY|O_CLOEXEC) = -1 ENOENT (No such file or directory)
2171885 openat(AT_FDCWD, "/workspace/2026/jspace/j-steer_pub/.venv/lib/python3.13/site-packages/markdown_it_py-4.2.0.dist-info/RECORD", O_RDONLY|O_CLOEXEC) = 4
2171885 read(4, "../../../bin/markdown-it,sha256="..., 6834) = 6833
2171885 read(4, "", 1)                  = 0
2171885 openat(AT_FDCWD, "/workspace/2026/jspace/j-steer_pub/.venv/lib/python3.13/site-packages/markdown_it_py-4.2.0.dist-info/METADATA", O_RDONLY|O_CLOEXEC) = 4
2171885 read(4, "Metadata-Version: 2.4\nName: mark"..., 7411) = 7410
2171885 read(4, "", 1)                  = 0
2171885 openat(AT_FDCWD, "/workspace/2026/jspace/j-steer_pub/.venv/lib/python3.13/site-packages/jaxtyping-0.3.11.dist-info/top_level.txt", O_RDONLY|O_CLOEXEC) = -1 ENOENT (No such file or directory)
2171885 openat(AT_FDCWD, "/workspace/2026/jspace/j-steer_pub/.venv/lib/python3.13/site-packages/jaxtyping-0.3.11.dist-info/RECORD", O_RDONLY|O_CLOEXEC) = 4
2171885 read(4, "jaxtyping-0.3.11.dist-info/INSTA"..., 1820) = 1819
2171885 read(4, "", 1)                  = 0
2171885 openat(AT_FDCWD, "/workspace/2026/jspace/j-steer_pub/.venv/lib/python3.13/site-packages/jaxtyping-0.3.11.dist-info/METADATA", O_RDONLY|O_CLOEXEC) = 4
2171885 read(4, "Metadata-Version: 2.4\nName: jaxt"..., 6207) = 6206
2171885 read(4, "", 1)                  = 0
2171885 openat(AT_FDCWD, "/workspace/2026/jspace/j-steer_pub/.venv/lib/python3.13/site-packages/nvidia_cublas-13.1.1.3.dist-info/top_level.txt", O_RDONLY|O_CLOEXEC) = 4
2171885 read(4, "nvidia\n", 8)          = 7
2171885 read(4, "", 1)                  = 0
2171885 openat(AT_FDCWD, "/workspace/2026/jspace/j-steer_pub/.venv/lib/python3.13/site-packages/nvidia_cublas-13.1.1.3.dist-info/METADATA", O_RDONLY|O_CLOEXEC) = 4
2171885 read(4, "Metadata-Version: 2.4\nName: nvid"..., 1820) = 1819
2171885 read(4, "", 1)                  = 0
2171885 openat(AT_FDCWD, "/workspace/2026/jspace/j-steer_pub/.venv/lib/python3.13/site-packages/asttokens-3.0.2.dist-info/top_level.txt", O_RDONLY|O_CLOEXEC) = 4
2171885 read(4, "asttokens\n", 11)      = 10
2171885 read(4, "", 1)                  = 0
2171885 openat(AT_FDCWD, "/workspace/2026/jspace/j-steer_pub/.venv/lib/python3.13/site-packages/asttokens-3.0.2.dist-info/METADATA", O_RDONLY|O_CLOEXEC) = 4
2171885 read(4, "Metadata-Version: 2.4\nName: astt"..., 5714) = 5713
2171885 read(4, "", 1)                  = 0
2171885 openat(AT_FDCWD, "/workspace/2026/jspace/j-steer_pub/.venv/lib/python3.13/site-packages/ipython-9.16.1.dist-info/top_level.txt", O_RDONLY|O_CLOEXEC) = 4
2171885 read(4, "IPython\n", 9)         = 8
2171885 read(4, "", 1)                  = 0
2171885 openat(AT_FDCWD, "/workspace/2026/jspace/j-steer_pub/.venv/lib/python3.13/site-packages/ipython-9.16.1.dist-info/METADATA", O_RDONLY|O_CLOEXEC) = 4
2171885 read(4, "Metadata-Version: 2.4\nName: ipyt"..., 4609) = 4608
2171885 read(4, "", 1)                  = 0
2171885 openat(AT_FDCWD, "/workspace/2026/jspace/j-steer_pub/.venv/lib/python3.13/site-packages/openai-3.0.0.dist-info/top_level.txt", O_RDONLY|O_CLOEXEC) = -1 ENOENT (No such file or directory)
2171885 openat(AT_FDCWD, "/workspace/2026/jspace/j-steer_pub/.venv/lib/python3.13/site-packages/openai-3.0.0.dist-info/RECORD", O_RDONLY|O_CLOEXEC) = 4
2171885 read(4, "openai-3.0.0.dist-info/INSTALLER"..., 162274) = 162273
2171885 read(4, "", 1)                  = 0
2171861 --- SIGTERM {si_signo=SIGTERM, si_code=SI_USER, si_pid=2171857, si_uid=1000} ---
2171882 --- SIGCONT {si_signo=SIGCONT, si_code=SI_USER, si_pid=2171857, si_uid=1000} ---
2171885 --- SIGTERM {si_signo=SIGTERM, si_code=SI_USER, si_pid=2171857, si_uid=1000} ---
2171885 +++ killed by SIGTERM +++
2171882 --- SIGCHLD {si_signo=SIGCHLD, si_code=CLD_KILLED, si_pid=2171885, si_uid=1000, si_status=SIGTERM, si_utime=27 /* 0.27 s */, si_stime=22 /* 0.22 s */} ---
2171882 +++ exited with 0 +++
2171861 +++ exited with 143 +++
