COMMAND: uv run modal run scripts/run_modal.py::diagnose_j_lens_swap --output outputs/audits/20260905_j_lens_country_alpha/diagnostic.json
✓ Initialized. View run at
https://modal.com/apps/wassname/main/ap-kyvQCOanogM16lmyrQulLa
✓ Created objects.
├── 🔨 Created mount /workspace/2026/jspace/j-steer_pub/scripts/run_modal.py
├── 🔨 Created mount /workspace/2026/jspace/j-steer_pub/src
├── 🔨 Created mount /workspace/2026/jspace/j-steer_pub/scripts
├── 🔨 Created mount /workspace/2026/jspace/j-steer_pub/data
├── 🔨 Created function run.
├── 🔨 Created function extract_experiment_remote.
├── 🔨 Created function run_experiment.
└── 🔨 Created function diagnose_j_lens_remote.

[1AFetching 14 files:   0%|          | 0/14 [00:00<?, ?it/s]
[1AFetching 14 files: 100%|██████████| 14/14 [00:00<00:00, 789.34it/s]
Warning: You are sending unauthenticated requests to the HF Hub. Please set a HF_TOKEN to enable higher rate limits and faster downloads.

[1AFetching 2 files:   0%|          | 0/2 [00:00<?, ?it/s]
[1AFetching 2 files: 100%|██████████| 2/2 [00:00<00:00, 592.83it/s]
[transformers] The fast path is not available because one of the required library is not installed. Falling back to torch implementation. To install follow https://github.com/fla-org/flash-linear-attention#installation and https://github.com/Dao-AILab/causal-conv1d

[1ALoading weights:   0%|          | 0/426 [00:00<?, ?it/s]
[1ALoading weights:   3%|▎         | 14/426 [00:00<00:02, 138.08it/s]
[1ALoading weights:   7%|▋         | 28/426 [00:00<00:02, 138.51it/s]
[1ALoading weights:  13%|█▎        | 54/426 [00:00<00:02, 174.35it/s]
[1ALoading weights:  18%|█▊        | 76/426 [00:00<00:01, 189.07it/s]
[1ALoading weights:  23%|██▎       | 96/426 [00:00<00:01, 183.99it/s]
[1ALoading weights:  27%|██▋       | 115/426 [00:00<00:01, 179.50it/s]
[1ALoading weights:  31%|███       | 133/426 [00:00<00:01, 174.49it/s]
[1ALoading weights:  37%|███▋      | 158/426 [00:00<00:01, 179.11it/s]
[1ALoading weights:  41%|████▏     | 176/426 [00:01<00:01, 174.47it/s]
[1ALoading weights:  46%|████▌     | 195/426 [00:01<00:01, 172.63it/s]
[1ALoading weights:  52%|█████▏    | 221/426 [00:01<00:01, 192.06it/s]
[1ALoading weights:  57%|█████▋    | 241/426 [00:01<00:01, 180.43it/s]
[1ALoading weights:  61%|██████    | 260/426 [00:01<00:00, 167.91it/s]
[1ALoading weights:  65%|██████▌   | 277/426 [00:01<00:00, 152.55it/s]
[1ALoading weights:  70%|███████   | 299/426 [00:01<00:00, 159.46it/s]
[1ALoading weights:  75%|███████▍  | 319/426 [00:01<00:00, 160.69it/s]
[1ALoading weights:  80%|████████  | 341/426 [00:01<00:00, 170.94it/s]
[1ALoading weights:  85%|████████▍ | 360/426 [00:02<00:00, 171.72it/s]
[1ALoading weights: 100%|██████████| 426/426 [00:02<00:00, 196.19it/s]
{
  "output": "outputs/audits/20260905_j_lens_country_alpha/diagnostic.json",
  "summary": {
    "raw_exchange": {
      "n": 18,
      "hit_target": 0,
      "stayed_source": 6
    },
    "unit_exchange": {
      "n": 18,
      "hit_target": 0,
      "stayed_source": 6
    },
    "unit_transfer": {
      "n": 18,
      "hit_target": 15,
      "stayed_source": 0
    }
  }
}
{
  "schema": "j_lens_paper_native_diagnostic_v1",
  "model": "Qwen/Qwen3.5-4B",
  "dtype": "bfloat16",
  "decode": "greedy_prompt_prefill_only",
  "records": [
    {
      "kind": "baseline",
      "source": "France",
      "target": "China",
      "source_answer": "Paris",
      "target_answer": "Beijing",
      "source_text": " Paris.\nThe capital of",
      "target_text": " Beijing.\nA. True",
      "source_first": 11751,
      "target_first": 25701,
      "baseline_ok": true
    },
    {
      "kind": "intervention",
      "source": "France",
      "target": "China",
      "source_answer": "Paris",
      "target_answer": "Beijing",
      "band": "current",
      "layers": [
        6,
        24
      ],
      "operator": "raw_exchange",
      "alpha": 1.0,
      "text": " Paris.\nA. True",
      "first_token": 11751,
      "hit_target": false,
      "stayed_source": true,
      "baseline_ok": true,
      "hook_calls": {
        "6": 1,
        "7": 1,
        "8": 1,
        "9": 1,
        "10": 1,
        "11": 1,
        "12": 1,
        "13": 1,
        "14": 1,
        "15": 1,
        "16": 1,
        "17": 1,
        "18": 1,
        "19": 1,
        "20": 1,
        "21": 1,
        "22": 1,
        "23": 1,
        "24": 1
      },
      "layer_geometry": {
        "6": {
          "raw_norms": [
            0.5817607045173645,
            0.5678784251213074
          ],
          "unit_cosine": 0.5403882265090942
        },
        "7": {
          "raw_norms": [
            0.6193721890449524,
            0.614524245262146
          ],
          "unit_cosine": 0.542233407497406
        },
        "8": {
          "raw_norms": [
            0.6841142177581787,
            0.6887275576591492
          ],
          "unit_cosine": 0.5333486795425415
        },
        "9": {
          "raw_norms": [
            0.744547963142395,
            0.7706334590911865
          ],
          "unit_cosine": 0.5410158634185791
        },
        "10": {
          "raw_norms": [
            0.7828574776649475,
            0.8105084300041199
          ],
          "unit_cosine": 0.5496245622634888
        },
        "11": {
          "raw_norms": [
            0.8505480289459229,
            0.8973376154899597
          ],
          "unit_cosine": 0.5712822079658508
        },
        "12": {
          "raw_norms": [
            0.907291829586029,
            0.9530805945396423
          ],
          "unit_cosine": 0.5677496194839478
        },
        "13": {
          "raw_norms": [
            0.9518189430236816,
            1.0011470317840576
          ],
          "unit_cosine": 0.583652138710022
        },
        "14": {
          "raw_norms": [
            0.9757527112960815,
            1.0130906105041504
          ],
          "unit_cosine": 0.5855252742767334
        },
        "15": {
          "raw_norms": [
            1.0079375505447388,
            1.0369741916656494
          ],
          "unit_cosine": 0.5953215956687927
        },
        "16": {
          "raw_norms": [
            1.0036648511886597,
            1.0214205980300903
          ],
          "unit_cosine": 0.6240494847297668
        },
        "17": {
          "raw_norms": [
            1.0475605726242065,
            1.0713597536087036
          ],
          "unit_cosine": 0.642048716545105
        },
        "18": {
          "raw_norms": [
            0.9648074507713318,
            0.9989660978317261
          ],
          "unit_cosine": 0.6078479290008545
        },
        "19": {
          "raw_norms": [
            0.9294682145118713,
            0.9404924511909485
          ],
          "unit_cosine": 0.5425593852996826
        },
        "20": {
          "raw_norms": [
            0.9040904641151428,
            0.9093801379203796
          ],
          "unit_cosine": 0.571215033531189
        },
        "21": {
          "raw_norms": [
            0.9183917045593262,
            0.9184874296188354
          ],
          "unit_cosine": 0.5268915891647339
        },
        "22": {
          "raw_norms": [
            0.9469396471977234,
            0.9536481499671936
          ],
          "unit_cosine": 0.4817274510860443
        },
        "23": {
          "raw_norms": [
            0.9460318684577942,
            0.9364567995071411
          ],
          "unit_cosine": 0.48968249559402466
        },
        "24": {
          "raw_norms": [
            0.9462553858757019,
            0.9306528568267822
          ],
          "unit_cosine": 0.4765143394470215
        }
      },
      "layer_measurements": {
        "6": {
          "coordinate_abs_mean_pre": [
            1.4445909261703491,
            0.5479942560195923
          ],
          "coordinate_mean_pre": [
            1.4445909261703491,
            0.5470757484436035
          ],
          "coordinate_mean_post": [
            0.5470755696296692,
            1.4445908069610596
          ],
          "swap_max_abs_error": 6.556510925292969e-07
        },
        "7": {
          "coordinate_abs_mean_pre": [
            0.4545043706893921,
            1.3457090854644775
          ],
          "coordinate_mean_pre": [
            0.4545043706893921,
            1.3457090854644775
          ],
          "coordinate_mean_post": [
            1.3457090854644775,
            0.4545045495033264
          ],
          "swap_max_abs_error": 9.98377799987793e-07
        },
        "8": {
          "coordinate_abs_mean_pre": [
            1.3468729257583618,
            0.41717034578323364
          ],
          "coordinate_mean_pre": [
            1.3468729257583618,
            0.34415334463119507
          ],
          "coordinate_mean_post": [
            0.34415343403816223,
            1.3468728065490723
          ],
          "swap_max_abs_error": 5.960464477539062e-07
        },
        "9": {
          "coordinate_abs_mean_pre": [
            0.4590648114681244,
            1.1818933486938477
          ],
          "coordinate_mean_pre": [
            0.4590648114681244,
            1.1818933486938477
          ],
          "coordinate_mean_post": [
            1.1818934679031372,
            0.45906469225883484
          ],
          "swap_max_abs_error": 6.556510925292969e-07
        },
        "10": {
          "coordinate_abs_mean_pre": [
            1.173840045928955,
            0.47530272603034973
          ],
          "coordinate_mean_pre": [
            1.173840045928955,
            0.47530272603034973
          ],
          "coordinate_mean_post": [
            0.475302517414093,
            1.173840045928955
          ],
          "swap_max_abs_error": 1.043081283569336e-06
        },
        "11": {
          "coordinate_abs_mean_pre": [
            0.4814094305038452,
            0.9523038268089294
          ],
          "coordinate_mean_pre": [
            0.4814094305038452,
            0.9523038268089294
          ],
          "coordinate_mean_post": [
            0.9523040056228638,
            0.48140934109687805
          ],
          "swap_max_abs_error": 6.258487701416016e-07
        },
        "12": {
          "coordinate_abs_mean_pre": [
            0.9044554233551025,
            0.570751428604126
          ],
          "coordinate_mean_pre": [
            0.9044554233551025,
            0.570751428604126
          ],
          "coordinate_mean_post": [
            0.5707513689994812,
            0.9044554233551025
          ],
          "swap_max_abs_error": 2.384185791015625e-07
        },
        "13": {
          "coordinate_abs_mean_pre": [
            0.4889126718044281,
            0.8546878099441528
          ],
          "coordinate_mean_pre": [
            0.4889126718044281,
            0.8546878099441528
          ],
          "coordinate_mean_post": [
            0.8546879291534424,
            0.48891258239746094
          ],
          "swap_max_abs_error": 7.152557373046875e-07
        },
        "14": {
          "coordinate_abs_mean_pre": [
            0.7665286064147949,
            0.5182266235351562
          ],
          "coordinate_mean_pre": [
            0.7665286064147949,
            0.464885413646698
          ],
          "coordinate_mean_post": [
            0.4648853838443756,
            0.7665286064147949
          ],
          "swap_max_abs_error": 3.5762786865234375e-07
        },
        "15": {
          "coordinate_abs_mean_pre": [
            0.5538825988769531,
            0.7811939120292664
          ],
          "coordinate_mean_pre": [
            0.48854079842567444,
            0.7811939120292664
          ],
          "coordinate_mean_post": [
            0.7811938524246216,
            0.4885407090187073
          ],
          "swap_max_abs_error": 2.980232238769531e-07
        },
        "16": {
          "coordinate_abs_mean_pre": [
            0.8648666143417358,
            0.5986559391021729
          ],
          "coordinate_mean_pre": [
            0.8648666143417358,
            0.5860716104507446
          ],
          "coordinate_mean_post": [
            0.5860715508460999,
            0.8648666739463806
          ],
          "swap_max_abs_error": 7.152557373046875e-07
        },
        "17": {
          "coordinate_abs_mean_pre": [
            0.5222381949424744,
            0.9365023374557495
          ],
          "coordinate_mean_pre": [
            0.49154239892959595,
            0.9365023374557495
          ],
          "coordinate_mean_post": [
            0.9365023970603943,
            0.49154236912727356
          ],
          "swap_max_abs_error": 7.152557373046875e-07
        },
        "18": {
          "coordinate_abs_mean_pre": [
            1.148647665977478,
            0.8224413394927979
          ],
          "coordinate_mean_pre": [
            1.148647665977478,
            0.725127100944519
          ],
          "coordinate_mean_post": [
            0.7251269221305847,
            1.1486475467681885
          ],
          "swap_max_abs_error": 1.1324882507324219e-06
        },
        "19": {
          "coordinate_abs_mean_pre": [
            1.0519558191299438,
            1.3623508214950562
          ],
          "coordinate_mean_pre": [
            0.991802453994751,
            1.3623508214950562
          ],
          "coordinate_mean_post": [
            1.3623509407043457,
            0.9918025732040405
          ],
          "swap_max_abs_error": 8.344650268554688e-07
        },
        "20": {
          "coordinate_abs_mean_pre": [
            1.71428382396698,
            0.9512697458267212
          ],
          "coordinate_mean_pre": [
            1.71428382396698,
            0.9296823740005493
          ],
          "coordinate_mean_post": [
            0.9296823740005493,
            1.7142835855484009
          ],
          "swap_max_abs_error": 9.5367431640625e-07
        },
        "21": {
          "coordinate_abs_mean_pre": [
            1.143815279006958,
            1.7244046926498413
          ],
          "coordinate_mean_pre": [
            1.0776920318603516,
            1.7244046926498413
          ],
          "coordinate_mean_post": [
            1.7244049310684204,
            1.0776917934417725
          ],
          "swap_max_abs_error": 1.4901161193847656e-06
        },
        "22": {
          "coordinate_abs_mean_pre": [
            1.900528907775879,
            1.0822279453277588
          ],
          "coordinate_mean_pre": [
            1.900528907775879,
            1.0822279453277588
          ],
          "coordinate_mean_post": [
            1.0822279453277588,
            1.9005290269851685
          ],
          "swap_max_abs_error": 7.450580596923828e-07
        },
        "23": {
          "coordinate_abs_mean_pre": [
            1.6155245304107666,
            2.308621406555176
          ],
          "coordinate_mean_pre": [
            1.6155245304107666,
            2.308621406555176
          ],
          "coordinate_mean_post": [
            2.308621406555176,
            1.6155245304107666
          ],
          "swap_max_abs_error": 9.5367431640625e-07
        },
        "24": {
          "coordinate_abs_mean_pre": [
            2.3012142181396484,
            2.5026421546936035
          ],
          "coordinate_mean_pre": [
            2.299792528152466,
            2.5026421546936035
          ],
          "coordinate_mean_post": [
            2.5026419162750244,
            2.299792528152466
          ],
          "swap_max_abs_error": 1.1920928955078125e-06
        }
      },
      "provenance": {
        "lens_file": "/__modal/volumes/vo-UTqV2w7ZVWoNtNbbwwfTeq/hf/hub/models--neuronpedia--jacobian-lens/snapshots/16a01f309fcec900fdcec3f4cd5b64f3d00e4d5a/qwen3.5-4b/jlens/Salesforce-wikitext/Qwen3.5-4B_jacobian_lens_n1000.pt",
        "lens_sha256": "1f9a8f8fd593f0ffec1a9640993257ca4560f8ae3e5602315643d5cc6818534e",
        "source_id": 9338,
        "target_id": 5440
      }
    },
    {
      "kind": "intervention",
      "source": "France",
      "target": "China",
      "source_answer": "Paris",
      "target_answer": "Beijing",
      "band": "current",
      "layers": [
        6,
        24
      ],
      "operator": "raw_exchange",
      "alpha": 2.0,
      "text": " China, the UK, the",
      "first_token": 5440,
      "hit_target": false,
      "stayed_source": false,
      "baseline_ok": true,
      "hook_calls": {
        "6": 1,
        "7": 1,
        "8": 1,
        "9": 1,
        "10": 1,
        "11": 1,
        "12": 1,
        "13": 1,
        "14": 1,
        "15": 1,
        "16": 1,
        "17": 1,
        "18": 1,
        "19": 1,
        "20": 1,
        "21": 1,
        "22": 1,
        "23": 1,
        "24": 1
      },
      "layer_geometry": {
        "6": {
          "raw_norms": [
            0.5817607045173645,
            0.5678784251213074
          ],
          "unit_cosine": 0.5403882265090942
        },
        "7": {
          "raw_norms": [
            0.6193721890449524,
            0.614524245262146
          ],
          "unit_cosine": 0.542233407497406
        },
        "8": {
          "raw_norms": [
            0.6841142177581787,
            0.6887275576591492
          ],
          "unit_cosine": 0.5333486795425415
        },
        "9": {
          "raw_norms": [
            0.744547963142395,
            0.7706334590911865
          ],
          "unit_cosine": 0.5410158634185791
        },
        "10": {
          "raw_norms": [
            0.7828574776649475,
            0.8105084300041199
          ],
          "unit_cosine": 0.5496245622634888
        },
        "11": {
          "raw_norms": [
            0.8505480289459229,
            0.8973376154899597
          ],
          "unit_cosine": 0.5712822079658508
        },
        "12": {
          "raw_norms": [
            0.907291829586029,
            0.9530805945396423
          ],
          "unit_cosine": 0.5677496194839478
        },
        "13": {
          "raw_norms": [
            0.9518189430236816,
            1.0011470317840576
          ],
          "unit_cosine": 0.583652138710022
        },
        "14": {
          "raw_norms": [
            0.9757527112960815,
            1.0130906105041504
          ],
          "unit_cosine": 0.5855252742767334
        },
        "15": {
          "raw_norms": [
            1.0079375505447388,
            1.0369741916656494
          ],
          "unit_cosine": 0.5953215956687927
        },
        "16": {
          "raw_norms": [
            1.0036648511886597,
            1.0214205980300903
          ],
          "unit_cosine": 0.6240494847297668
        },
        "17": {
          "raw_norms": [
            1.0475605726242065,
            1.0713597536087036
          ],
          "unit_cosine": 0.642048716545105
        },
        "18": {
          "raw_norms": [
            0.9648074507713318,
            0.9989660978317261
          ],
          "unit_cosine": 0.6078479290008545
        },
        "19": {
          "raw_norms": [
            0.9294682145118713,
            0.9404924511909485
          ],
          "unit_cosine": 0.5425593852996826
        },
        "20": {
          "raw_norms": [
            0.9040904641151428,
            0.9093801379203796
          ],
          "unit_cosine": 0.571215033531189
        },
        "21": {
          "raw_norms": [
            0.9183917045593262,
            0.9184874296188354
          ],
          "unit_cosine": 0.5268915891647339
        },
        "22": {
          "raw_norms": [
            0.9469396471977234,
            0.9536481499671936
          ],
          "unit_cosine": 0.4817274510860443
        },
        "23": {
          "raw_norms": [
            0.9460318684577942,
            0.9364567995071411
          ],
          "unit_cosine": 0.48968249559402466
        },
        "24": {
          "raw_norms": [
            0.9462553858757019,
            0.9306528568267822
          ],
          "unit_cosine": 0.4765143394470215
        }
      },
      "layer_measurements": {
        "6": {
          "coordinate_abs_mean_pre": [
            1.4445909261703491,
            0.5479942560195923
          ],
          "coordinate_mean_pre": [
            1.4445909261703491,
            0.5470757484436035
          ],
          "coordinate_mean_post": [
            -0.3504396677017212,
            2.342106342315674
          ],
          "swap_max_abs_error": 5.960464477539062e-07
        },
        "7": {
          "coordinate_abs_mean_pre": [
            1.126737117767334,
            2.175873279571533
          ],
          "coordinate_mean_pre": [
            -0.42199331521987915,
            2.175873279571533
          ],
          "coordinate_mean_post": [
            4.773739814758301,
            -3.019859552383423
          ],
          "swap_max_abs_error": 2.384185791015625e-06
        },
        "8": {
          "coordinate_abs_mean_pre": [
            4.501753807067871,
            3.2534854412078857
          ],
          "coordinate_mean_pre": [
            4.501753807067871,
            -2.576172351837158
          ],
          "coordinate_mean_post": [
            -9.654098510742188,
            11.579680442810059
          ],
          "swap_max_abs_error": 3.814697265625e-06
        },
        "9": {
          "coordinate_abs_mean_pre": [
            8.284276008605957,
            8.998364448547363
          ],
          "coordinate_mean_pre": [
            -7.178409576416016,
            8.736417770385742
          ],
          "coordinate_mean_post": [
            24.6512508392334,
            -23.093242645263672
          ],
          "swap_max_abs_error": 3.0517578125e-05
        },
        "10": {
          "coordinate_abs_mean_pre": [
            24.06640625,
            23.295516967773438
          ],
          "coordinate_mean_pre": [
            22.690597534179688,
            -21.084177017211914
          ],
          "coordinate_mean_post": [
            -64.85897064208984,
            66.46538543701172
          ],
          "swap_max_abs_error": 9.1552734375e-05
        },
        "11": {
          "coordinate_abs_mean_pre": [
            64.28030395507812,
            63.11272430419922
          ],
          "coordinate_mean_pre": [
            -58.704734802246094,
            58.397972106933594
          ],
          "coordinate_mean_post": [
            175.50067138671875,
            -175.8074951171875
          ],
          "swap_max_abs_error": 0.000244140625
        },
        "12": {
          "coordinate_abs_mean_pre": [
            170.06988525390625,
            169.77487182617188
          ],
          "coordinate_mean_pre": [
            157.67864990234375,
            -156.414794921875
          ],
          "coordinate_mean_post": [
            -470.5082092285156,
            471.7720947265625
          ],
          "swap_max_abs_error": 0.000244140625
        },
        "13": {
          "coordinate_abs_mean_pre": [
            481.92529296875,
            480.8431701660156
          ],
          "coordinate_mean_pre": [
            -444.9344787597656,
            444.8780822753906
          ],
          "coordinate_mean_post": [
            1334.691162109375,
            -1334.747314453125
          ],
          "swap_max_abs_error": 0.00341796875
        },
        "14": {
          "coordinate_abs_mean_pre": [
            1376.9193115234375,
            1393.5301513671875
          ],
          "coordinate_mean_pre": [
            1273.0977783203125,
            -1287.6270751953125
          ],
          "coordinate_mean_post": [
            -3848.351318359375,
            3833.82275390625
          ],
          "swap_max_abs_error": 0.001953125
        },
        "15": {
          "coordinate_abs_mean_pre": [
            3991.183349609375,
            3982.180908203125
          ],
          "coordinate_mean_pre": [
            -3687.589599609375,
            3680.0341796875
          ],
          "coordinate_mean_post": [
            11047.658203125,
            -11055.21484375
          ],
          "swap_max_abs_error": 0.0078125
        },
        "16": {
          "coordinate_abs_mean_pre": [
            12031.287109375,
            12089.138671875
          ],
          "coordinate_mean_pre": [
            11117.73828125,
            -11170.291015625
          ],
          "coordinate_mean_post": [
            -33458.32421875,
            33405.76953125
          ],
          "swap_max_abs_error": 0.03125
        },
        "17": {
          "coordinate_abs_mean_pre": [
            34281.38671875,
            34078.515625
          ],
          "coordinate_mean_pre": [
            -31675.9921875,
            31490.203125
          ],
          "coordinate_mean_post": [
            94656.453125,
            -94842.203125
          ],
          "swap_max_abs_error": 0.25
        },
        "18": {
          "coordinate_abs_mean_pre": [
            99766.46875,
            99423.8359375
          ],
          "coordinate_mean_pre": [
            92187.71875,
            -91869.21875
          ],
          "coordinate_mean_post": [
            -275926.28125,
            276244.6875
          ],
          "swap_max_abs_error": 0.5
        },
        "19": {
          "coordinate_abs_mean_pre": [
            258444.109375,
            266558.75
          ],
          "coordinate_mean_pre": [
            -238807.25,
            246308.65625
          ],
          "coordinate_mean_post": [
            731424.625,
            -723923.125
          ],
          "swap_max_abs_error": 0.125
        },
        "20": {
          "coordinate_abs_mean_pre": [
            798277.375,
            791716.875
          ],
          "coordinate_mean_pre": [
            737628.9375,
            -731566.5
          ],
          "coordinate_mean_post": [
            -2200761.75,
            2206824.0
          ],
          "swap_max_abs_error": 1.0
        },
        "21": {
          "coordinate_abs_mean_pre": [
            2169385.5,
            2188705.0
          ],
          "coordinate_mean_pre": [
            -2004564.0,
            2022422.75
          ],
          "coordinate_mean_post": [
            6049413.0,
            -6031551.0
          ],
          "swap_max_abs_error": 12.0
        },
        "22": {
          "coordinate_abs_mean_pre": [
            5876664.0,
            5821849.0
          ],
          "coordinate_mean_pre": [
            5430206.5,
            -5379564.5
          ],
          "coordinate_mean_post": [
            -16189336.0,
            16239976.0
          ],
          "swap_max_abs_error": 8.0
        },
        "23": {
          "coordinate_abs_mean_pre": [
            16942164.0,
            17002578.0
          ],
          "coordinate_mean_pre": [
            -15654898.0,
            15710708.0
          ],
          "coordinate_mean_post": [
            47076304.0,
            -47020488.0
          ],
          "swap_max_abs_error": 48.0
        },
        "24": {
          "coordinate_abs_mean_pre": [
            48887728.0,
            49108140.0
          ],
          "coordinate_mean_pre": [
            45173308.0,
            -45377128.0
          ],
          "coordinate_mean_post": [
            -135927552.0,
            135723728.0
          ],
          "swap_max_abs_error": 128.0
        }
      },
      "provenance": {
        "lens_file": "/__modal/volumes/vo-UTqV2w7ZVWoNtNbbwwfTeq/hf/hub/models--neuronpedia--jacobian-lens/snapshots/16a01f309fcec900fdcec3f4cd5b64f3d00e4d5a/qwen3.5-4b/jlens/Salesforce-wikitext/Qwen3.5-4B_jacobian_lens_n1000.pt",
        "lens_sha256": "1f9a8f8fd593f0ffec1a9640993257ca4560f8ae3e5602315643d5cc6818534e",
        "source_id": 9338,
        "target_id": 5440
      }
    },
    {
      "kind": "intervention",
      "source": "France",
      "target": "China",
      "source_answer": "Paris",
      "target_answer": "Beijing",
      "band": "current",
      "layers": [
        6,
        24
      ],
      "operator": "raw_exchange",
      "alpha": 4.0,
      "text": " China China China China China China",
      "first_token": 5440,
      "hit_target": false,
      "stayed_source": false,
      "baseline_ok": true,
      "hook_calls": {
        "6": 1,
        "7": 1,
        "8": 1,
        "9": 1,
        "10": 1,
        "11": 1,
        "12": 1,
        "13": 1,
        "14": 1,
        "15": 1,
        "16": 1,
        "17": 1,
        "18": 1,
        "19": 1,
        "20": 1,
        "21": 1,
        "22": 1,
        "23": 1,
        "24": 1
      },
      "layer_geometry": {
        "6": {
          "raw_norms": [
            0.5817607045173645,
            0.5678784251213074
          ],
          "unit_cosine": 0.5403882265090942
        },
        "7": {
          "raw_norms": [
            0.6193721890449524,
            0.614524245262146
          ],
          "unit_cosine": 0.542233407497406
        },
        "8": {
          "raw_norms": [
            0.6841142177581787,
            0.6887275576591492
          ],
          "unit_cosine": 0.5333486795425415
        },
        "9": {
          "raw_norms": [
            0.744547963142395,
            0.7706334590911865
          ],
          "unit_cosine": 0.5410158634185791
        },
        "10": {
          "raw_norms": [
            0.7828574776649475,
            0.8105084300041199
          ],
          "unit_cosine": 0.5496245622634888
        },
        "11": {
          "raw_norms": [
            0.8505480289459229,
            0.8973376154899597
          ],
          "unit_cosine": 0.5712822079658508
        },
        "12": {
          "raw_norms": [
            0.907291829586029,
            0.9530805945396423
          ],
          "unit_cosine": 0.5677496194839478
        },
        "13": {
          "raw_norms": [
            0.9518189430236816,
            1.0011470317840576
          ],
          "unit_cosine": 0.583652138710022
        },
        "14": {
          "raw_norms": [
            0.9757527112960815,
            1.0130906105041504
          ],
          "unit_cosine": 0.5855252742767334
        },
        "15": {
          "raw_norms": [
            1.0079375505447388,
            1.0369741916656494
          ],
          "unit_cosine": 0.5953215956687927
        },
        "16": {
          "raw_norms": [
            1.0036648511886597,
            1.0214205980300903
          ],
          "unit_cosine": 0.6240494847297668
        },
        "17": {
          "raw_norms": [
            1.0475605726242065,
            1.0713597536087036
          ],
          "unit_cosine": 0.642048716545105
        },
        "18": {
          "raw_norms": [
            0.9648074507713318,
            0.9989660978317261
          ],
          "unit_cosine": 0.6078479290008545
        },
        "19": {
          "raw_norms": [
            0.9294682145118713,
            0.9404924511909485
          ],
          "unit_cosine": 0.5425593852996826
        },
        "20": {
          "raw_norms": [
            0.9040904641151428,
            0.9093801379203796
          ],
          "unit_cosine": 0.571215033531189
        },
        "21": {
          "raw_norms": [
            0.9183917045593262,
            0.9184874296188354
          ],
          "unit_cosine": 0.5268915891647339
        },
        "22": {
          "raw_norms": [
            0.9469396471977234,
            0.9536481499671936
          ],
          "unit_cosine": 0.4817274510860443
        },
        "23": {
          "raw_norms": [
            0.9460318684577942,
            0.9364567995071411
          ],
          "unit_cosine": 0.48968249559402466
        },
        "24": {
          "raw_norms": [
            0.9462553858757019,
            0.9306528568267822
          ],
          "unit_cosine": 0.4765143394470215
        }
      },
      "layer_measurements": {
        "6": {
          "coordinate_abs_mean_pre": [
            1.4445909261703491,
            0.5479942560195923
          ],
          "coordinate_mean_pre": [
            1.4445909261703491,
            0.5470757484436035
          ],
          "coordinate_mean_post": [
            -2.14547061920166,
            4.137136459350586
          ],
          "swap_max_abs_error": 2.86102294921875e-06
        },
        "7": {
          "coordinate_abs_mean_pre": [
            2.8943514823913574,
            3.7687666416168213
          ],
          "coordinate_mean_pre": [
            -2.067193031311035,
            3.7687666416168213
          ],
          "coordinate_mean_post": [
            21.27664566040039,
            -19.575069427490234
          ],
          "swap_max_abs_error": 7.62939453125e-06
        },
        "8": {
          "coordinate_abs_mean_pre": [
            20.408966064453125,
            18.599214553833008
          ],
          "coordinate_mean_pre": [
            19.029924392700195,
            -16.436555862426758
          ],
          "coordinate_mean_post": [
            -122.83598327636719,
            125.42936706542969
          ],
          "swap_max_abs_error": 9.1552734375e-05
        },
        "9": {
          "coordinate_abs_mean_pre": [
            115.7283935546875,
            114.46945190429688
          ],
          "coordinate_mean_pre": [
            -104.8967056274414,
            104.7010269165039
          ],
          "coordinate_mean_post": [
            733.4943237304688,
            -733.6900024414062
          ],
          "swap_max_abs_error": 0.000732421875
        },
        "10": {
          "coordinate_abs_mean_pre": [
            746.290283203125,
            743.9749755859375
          ],
          "coordinate_mean_pre": [
            680.472412109375,
            -677.4794921875
          ],
          "coordinate_mean_post": [
            -4751.33740234375,
            4754.3291015625
          ],
          "swap_max_abs_error": 0.0078125
        },
        "11": {
          "coordinate_abs_mean_pre": [
            4750.56201171875,
            4660.3740234375
          ],
          "coordinate_mean_pre": [
            -4327.3388671875,
            4245.63720703125
          ],
          "coordinate_mean_post": [
            29964.568359375,
            -30046.26953125
          ],
          "swap_max_abs_error": 0.0234375
        },
        "12": {
          "coordinate_abs_mean_pre": [
            29502.55078125,
            29402.59375
          ],
          "coordinate_mean_pre": [
            26876.166015625,
            -26784.74609375
          ],
          "coordinate_mean_post": [
            -187767.46875,
            187858.890625
          ],
          "swap_max_abs_error": 0.1875
        },
        "13": {
          "coordinate_abs_mean_pre": [
            195108.234375,
            194676.375
          ],
          "coordinate_mean_pre": [
            -177736.640625,
            177343.78125
          ],
          "coordinate_mean_post": [
            1242585.5,
            -1242978.25
          ],
          "swap_max_abs_error": 2.5
        },
        "14": {
          "coordinate_abs_mean_pre": [
            1302470.0,
            1317135.0
          ],
          "coordinate_mean_pre": [
            1186515.0,
            -1199864.0
          ],
          "coordinate_mean_post": [
            -8359001.0,
            8345651.0
          ],
          "swap_max_abs_error": 6.0
        },
        "15": {
          "coordinate_abs_mean_pre": [
            8799257.0,
            8800466.0
          ],
          "coordinate_mean_pre": [
            -8015816.5,
            8016873.5
          ],
          "coordinate_mean_post": [
            56114944.0,
            -56113884.0
          ],
          "swap_max_abs_error": 48.0
        },
        "16": {
          "coordinate_abs_mean_pre": [
            62026784.0,
            62296400.0
          ],
          "coordinate_mean_pre": [
            56503696.0,
            -56749332.0
          ],
          "coordinate_mean_post": [
            -396508512.0,
            396262784.0
          ],
          "swap_max_abs_error": 384.0
        },
        "17": {
          "coordinate_abs_mean_pre": [
            412277088.0,
            410216288.0
          ],
          "coordinate_mean_pre": [
            -375564096.0,
            373685856.0
          ],
          "coordinate_mean_post": [
            2621437184.0,
            -2623314432.0
          ],
          "swap_max_abs_error": 5120.0
        },
        "18": {
          "coordinate_abs_mean_pre": [
            2803055872.0,
            2789980672.0
          ],
          "coordinate_mean_pre": [
            2553450240.0,
            -2541539584.0
          ],
          "coordinate_mean_post": [
            -17826516992.0,
            17838426112.0
          ],
          "swap_max_abs_error": 40960.0
        },
        "19": {
          "coordinate_abs_mean_pre": [
            16981626880.0,
            17488265216.0
          ],
          "coordinate_mean_pre": [
            -15469432832.0,
            15930875904.0
          ],
          "coordinate_mean_post": [
            110131806208.0,
            -109670350848.0
          ],
          "swap_max_abs_error": 32768.0
        },
        "20": {
          "coordinate_abs_mean_pre": [
            122295894016.0,
            121816088576.0
          ],
          "coordinate_mean_pre": [
            111405006848.0,
            -110969118720.0
          ],
          "coordinate_mean_post": [
            -778091364352.0,
            778527309824.0
          ],
          "swap_max_abs_error": 262144.0
        },
        "21": {
          "coordinate_abs_mean_pre": [
            778526261248.0,
            783172239360.0
          ],
          "coordinate_mean_pre": [
            -709199921152.0,
            713432104960.0
          ],
          "coordinate_mean_post": [
            4981330018304.0,
            -4977095868416.0
          ],
          "swap_max_abs_error": 8388608.0
        },
        "22": {
          "coordinate_abs_mean_pre": [
            4906847567872.0,
            4870021578752.0
          ],
          "coordinate_mean_pre": [
            4469892841472.0,
            -4436332642304.0
          ],
          "coordinate_mean_post": [
            -31155013287936.0,
            31188565622784.0
          ],
          "swap_max_abs_error": 25165824.0
        },
        "23": {
          "coordinate_abs_mean_pre": [
            33072472915968.0,
            33153622212608.0
          ],
          "coordinate_mean_pre": [
            -30127582871552.0,
            30201425690624.0
          ],
          "coordinate_mean_post": [
            211188407336960.0,
            -211114537254912.0
          ],
          "swap_max_abs_error": 402653184.0
        },
        "24": {
          "coordinate_abs_mean_pre": [
            222559366807552.0,
            223647889358848.0
          ],
          "coordinate_mean_pre": [
            202742521921536.0,
            -203733484961792.0
          ],
          "coordinate_mean_post": [
            -1423161304285184.0,
            1422170240581632.0
          ],
          "swap_max_abs_error": 1073741824.0
        }
      },
      "provenance": {
        "lens_file": "/__modal/volumes/vo-UTqV2w7ZVWoNtNbbwwfTeq/hf/hub/models--neuronpedia--jacobian-lens/snapshots/16a01f309fcec900fdcec3f4cd5b64f3d00e4d5a/qwen3.5-4b/jlens/Salesforce-wikitext/Qwen3.5-4B_jacobian_lens_n1000.pt",
        "lens_sha256": "1f9a8f8fd593f0ffec1a9640993257ca4560f8ae3e5602315643d5cc6818534e",
        "source_id": 9338,
        "target_id": 5440
      }
    },
    {
      "kind": "intervention",
      "source": "France",
      "target": "China",
      "source_answer": "Paris",
      "target_answer": "Beijing",
      "band": "current",
      "layers": [
        6,
        24
      ],
      "operator": "unit_exchange",
      "alpha": 1.0,
      "text": " Paris.\nA. True",
      "first_token": 11751,
      "hit_target": false,
      "stayed_source": true,
      "baseline_ok": true,
      "hook_calls": {
        "6": 1,
        "7": 1,
        "8": 1,
        "9": 1,
        "10": 1,
        "11": 1,
        "12": 1,
        "13": 1,
        "14": 1,
        "15": 1,
        "16": 1,
        "17": 1,
        "18": 1,
        "19": 1,
        "20": 1,
        "21": 1,
        "22": 1,
        "23": 1,
        "24": 1
      },
      "layer_geometry": {
        "6": {
          "raw_norms": [
            0.5817607045173645,
            0.5678784251213074
          ],
          "unit_cosine": 0.5403882265090942
        },
        "7": {
          "raw_norms": [
            0.6193721890449524,
            0.614524245262146
          ],
          "unit_cosine": 0.542233407497406
        },
        "8": {
          "raw_norms": [
            0.6841142177581787,
            0.6887275576591492
          ],
          "unit_cosine": 0.5333486795425415
        },
        "9": {
          "raw_norms": [
            0.744547963142395,
            0.7706334590911865
          ],
          "unit_cosine": 0.5410158634185791
        },
        "10": {
          "raw_norms": [
            0.7828574776649475,
            0.8105084300041199
          ],
          "unit_cosine": 0.5496245622634888
        },
        "11": {
          "raw_norms": [
            0.8505480289459229,
            0.8973376154899597
          ],
          "unit_cosine": 0.5712822079658508
        },
        "12": {
          "raw_norms": [
            0.907291829586029,
            0.9530805945396423
          ],
          "unit_cosine": 0.5677496194839478
        },
        "13": {
          "raw_norms": [
            0.9518189430236816,
            1.0011470317840576
          ],
          "unit_cosine": 0.583652138710022
        },
        "14": {
          "raw_norms": [
            0.9757527112960815,
            1.0130906105041504
          ],
          "unit_cosine": 0.5855252742767334
        },
        "15": {
          "raw_norms": [
            1.0079375505447388,
            1.0369741916656494
          ],
          "unit_cosine": 0.5953215956687927
        },
        "16": {
          "raw_norms": [
            1.0036648511886597,
            1.0214205980300903
          ],
          "unit_cosine": 0.6240494847297668
        },
        "17": {
          "raw_norms": [
            1.0475605726242065,
            1.0713597536087036
          ],
          "unit_cosine": 0.642048716545105
        },
        "18": {
          "raw_norms": [
            0.9648074507713318,
            0.9989660978317261
          ],
          "unit_cosine": 0.6078479290008545
        },
        "19": {
          "raw_norms": [
            0.9294682145118713,
            0.9404924511909485
          ],
          "unit_cosine": 0.5425593852996826
        },
        "20": {
          "raw_norms": [
            0.9040904641151428,
            0.9093801379203796
          ],
          "unit_cosine": 0.571215033531189
        },
        "21": {
          "raw_norms": [
            0.9183917045593262,
            0.9184874296188354
          ],
          "unit_cosine": 0.5268915891647339
        },
        "22": {
          "raw_norms": [
            0.9469396471977234,
            0.9536481499671936
          ],
          "unit_cosine": 0.4817274510860443
        },
        "23": {
          "raw_norms": [
            0.9460318684577942,
            0.9364567995071411
          ],
          "unit_cosine": 0.48968249559402466
        },
        "24": {
          "raw_norms": [
            0.9462553858757019,
            0.9306528568267822
          ],
          "unit_cosine": 0.4765143394470215
        }
      },
      "layer_measurements": {
        "6": {
          "coordinate_abs_mean_pre": [
            0.8404054641723633,
            0.3111943304538727
          ],
          "coordinate_mean_pre": [
            0.8404054641723633,
            0.3106727600097656
          ],
          "coordinate_mean_post": [
            0.3106728792190552,
            0.8404054641723633
          ],
          "swap_max_abs_error": 5.343463271856308e-07
        },
        "7": {
          "coordinate_abs_mean_pre": [
            0.27314475178718567,
            0.8460679054260254
          ],
          "coordinate_mean_pre": [
            0.27314475178718567,
            0.8460679054260254
          ],
          "coordinate_mean_post": [
            0.8460680246353149,
            0.27314475178718567
          ],
          "swap_max_abs_error": 4.76837158203125e-07
        },
        "8": {
          "coordinate_abs_mean_pre": [
            0.9345732927322388,
            0.28344082832336426
          ],
          "coordinate_mean_pre": [
            0.9345732927322388,
            0.2313898801803589
          ],
          "coordinate_mean_post": [
            0.23138979077339172,
            0.9345733523368835
          ],
          "swap_max_abs_error": 3.8743019104003906e-07
        },
        "9": {
          "coordinate_abs_mean_pre": [
            0.33829477429389954,
            0.9171276092529297
          ],
          "coordinate_mean_pre": [
            0.33829477429389954,
            0.9171276092529297
          ],
          "coordinate_mean_post": [
            0.9171277284622192,
            0.33829474449157715
          ],
          "swap_max_abs_error": 4.76837158203125e-07
        },
        "10": {
          "coordinate_abs_mean_pre": [
            0.9547999501228333,
            0.3700414299964905
          ],
          "coordinate_mean_pre": [
            0.9547999501228333,
            0.3700414299964905
          ],
          "coordinate_mean_post": [
            0.3700414299964905,
            0.9547998309135437
          ],
          "swap_max_abs_error": 7.450580596923828e-07
        },
        "11": {
          "coordinate_abs_mean_pre": [
            0.4074060916900635,
            0.8584821224212646
          ],
          "coordinate_mean_pre": [
            0.4074060916900635,
            0.8584821224212646
          ],
          "coordinate_mean_post": [
            0.8584821224212646,
            0.40740591287612915
          ],
          "swap_max_abs_error": 4.76837158203125e-07
        },
        "12": {
          "coordinate_abs_mean_pre": [
            0.8656169176101685,
            0.521477460861206
          ],
          "coordinate_mean_pre": [
            0.8656169176101685,
            0.521477460861206
          ],
          "coordinate_mean_post": [
            0.5214775800704956,
            0.8656169176101685
          ],
          "swap_max_abs_error": 8.642673492431641e-07
        },
        "13": {
          "coordinate_abs_mean_pre": [
            0.46864715218544006,
            0.8597663044929504
          ],
          "coordinate_mean_pre": [
            0.46864715218544006,
            0.8597663044929504
          ],
          "coordinate_mean_post": [
            0.8597664833068848,
            0.4686470925807953
          ],
          "swap_max_abs_error": 7.152557373046875e-07
        },
        "14": {
          "coordinate_abs_mean_pre": [
            0.7928518652915955,
            0.5064260959625244
          ],
          "coordinate_mean_pre": [
            0.7928518652915955,
            0.45146533846855164
          ],
          "coordinate_mean_post": [
            0.451465368270874,
            0.7928518652915955
          ],
          "swap_max_abs_error": 5.364418029785156e-07
        },
        "15": {
          "coordinate_abs_mean_pre": [
            0.5596643686294556,
            0.8252875804901123
          ],
          "coordinate_mean_pre": [
            0.49115416407585144,
            0.8252875804901123
          ],
          "coordinate_mean_post": [
            0.8252874612808228,
            0.49115419387817383
          ],
          "swap_max_abs_error": 4.76837158203125e-07
        },
        "16": {
          "coordinate_abs_mean_pre": [
            0.9058822989463806,
            0.5947306752204895
          ],
          "coordinate_mean_pre": [
            0.9058822989463806,
            0.5804813504219055
          ],
          "coordinate_mean_post": [
            0.5804814100265503,
            0.9058823585510254
          ],
          "swap_max_abs_error": 4.172325134277344e-07
        },
        "17": {
          "coordinate_abs_mean_pre": [
            0.5401586890220642,
            1.0271373987197876
          ],
          "coordinate_mean_pre": [
            0.5054903030395508,
            1.0271373987197876
          ],
          "coordinate_mean_post": [
            1.027137279510498,
            0.5054903626441956
          ],
          "swap_max_abs_error": 4.76837158203125e-07
        },
        "18": {
          "coordinate_abs_mean_pre": [
            1.1569305658340454,
            0.8021417856216431
          ],
          "coordinate_mean_pre": [
            1.1569305658340454,
            0.7044320106506348
          ],
          "coordinate_mean_post": [
            0.7044320702552795,
            1.1569304466247559
          ],
          "swap_max_abs_error": 4.76837158203125e-07
        },
        "19": {
          "coordinate_abs_mean_pre": [
            0.9833061695098877,
            1.2901265621185303
          ],
          "coordinate_mean_pre": [
            0.924174427986145,
            1.2901265621185303
          ],
          "coordinate_mean_post": [
            1.2901264429092407,
            0.9241745471954346
          ],
          "swap_max_abs_error": 7.152557373046875e-07
        },
        "20": {
          "coordinate_abs_mean_pre": [
            1.5782287120819092,
            0.8550397157669067
          ],
          "coordinate_mean_pre": [
            1.5782287120819092,
            0.8327043056488037
          ],
          "coordinate_mean_post": [
            0.8327044248580933,
            1.57822847366333
          ],
          "swap_max_abs_error": 6.854534149169922e-07
        },
        "21": {
          "coordinate_abs_mean_pre": [
            1.0473318099975586,
            1.6005134582519531
          ],
          "coordinate_mean_pre": [
            0.9841950535774231,
            1.6005134582519531
          ],
          "coordinate_mean_post": [
            1.6005136966705322,
            0.9841952919960022
          ],
          "swap_max_abs_error": 6.556510925292969e-07
        },
        "22": {
          "coordinate_abs_mean_pre": [
            1.8154088258743286,
            1.0270917415618896
          ],
          "coordinate_mean_pre": [
            1.8154088258743286,
            1.0270917415618896
          ],
          "coordinate_mean_post": [
            1.0270917415618896,
            1.8154089450836182
          ],
          "swap_max_abs_error": 9.5367431640625e-07
        },
        "23": {
          "coordinate_abs_mean_pre": [
            1.5376522541046143,
            2.156284809112549
          ],
          "coordinate_mean_pre": [
            1.5376522541046143,
            2.156284809112549
          ],
          "coordinate_mean_post": [
            2.156285047531128,
            1.5376520156860352
          ],
          "swap_max_abs_error": 1.3709068298339844e-06
        },
        "24": {
          "coordinate_abs_mean_pre": [
            2.1474390029907227,
            2.3575401306152344
          ],
          "coordinate_mean_pre": [
            2.1474390029907227,
            2.3575401306152344
          ],
          "coordinate_mean_post": [
            2.3575401306152344,
            2.1474390029907227
          ],
          "swap_max_abs_error": 9.5367431640625e-07
        }
      },
      "provenance": {
        "lens_file": "/__modal/volumes/vo-UTqV2w7ZVWoNtNbbwwfTeq/hf/hub/models--neuronpedia--jacobian-lens/snapshots/16a01f309fcec900fdcec3f4cd5b64f3d00e4d5a/qwen3.5-4b/jlens/Salesforce-wikitext/Qwen3.5-4B_jacobian_lens_n1000.pt",
        "lens_sha256": "1f9a8f8fd593f0ffec1a9640993257ca4560f8ae3e5602315643d5cc6818534e",
        "source_id": 9338,
        "target_id": 5440
      }
    },
    {
      "kind": "intervention",
      "source": "France",
      "target": "China",
      "source_answer": "Paris",
      "target_answer": "Beijing",
      "band": "current",
      "layers": [
        6,
        24
      ],
      "operator": "unit_exchange",
      "alpha": 2.0,
      "text": " China, the UK, the",
      "first_token": 5440,
      "hit_target": false,
      "stayed_source": false,
      "baseline_ok": true,
      "hook_calls": {
        "6": 1,
        "7": 1,
        "8": 1,
        "9": 1,
        "10": 1,
        "11": 1,
        "12": 1,
        "13": 1,
        "14": 1,
        "15": 1,
        "16": 1,
        "17": 1,
        "18": 1,
        "19": 1,
        "20": 1,
        "21": 1,
        "22": 1,
        "23": 1,
        "24": 1
      },
      "layer_geometry": {
        "6": {
          "raw_norms": [
            0.5817607045173645,
            0.5678784251213074
          ],
          "unit_cosine": 0.5403882265090942
        },
        "7": {
          "raw_norms": [
            0.6193721890449524,
            0.614524245262146
          ],
          "unit_cosine": 0.542233407497406
        },
        "8": {
          "raw_norms": [
            0.6841142177581787,
            0.6887275576591492
          ],
          "unit_cosine": 0.5333486795425415
        },
        "9": {
          "raw_norms": [
            0.744547963142395,
            0.7706334590911865
          ],
          "unit_cosine": 0.5410158634185791
        },
        "10": {
          "raw_norms": [
            0.7828574776649475,
            0.8105084300041199
          ],
          "unit_cosine": 0.5496245622634888
        },
        "11": {
          "raw_norms": [
            0.8505480289459229,
            0.8973376154899597
          ],
          "unit_cosine": 0.5712822079658508
        },
        "12": {
          "raw_norms": [
            0.907291829586029,
            0.9530805945396423
          ],
          "unit_cosine": 0.5677496194839478
        },
        "13": {
          "raw_norms": [
            0.9518189430236816,
            1.0011470317840576
          ],
          "unit_cosine": 0.583652138710022
        },
        "14": {
          "raw_norms": [
            0.9757527112960815,
            1.0130906105041504
          ],
          "unit_cosine": 0.5855252742767334
        },
        "15": {
          "raw_norms": [
            1.0079375505447388,
            1.0369741916656494
          ],
          "unit_cosine": 0.5953215956687927
        },
        "16": {
          "raw_norms": [
            1.0036648511886597,
            1.0214205980300903
          ],
          "unit_cosine": 0.6240494847297668
        },
        "17": {
          "raw_norms": [
            1.0475605726242065,
            1.0713597536087036
          ],
          "unit_cosine": 0.642048716545105
        },
        "18": {
          "raw_norms": [
            0.9648074507713318,
            0.9989660978317261
          ],
          "unit_cosine": 0.6078479290008545
        },
        "19": {
          "raw_norms": [
            0.9294682145118713,
            0.9404924511909485
          ],
          "unit_cosine": 0.5425593852996826
        },
        "20": {
          "raw_norms": [
            0.9040904641151428,
            0.9093801379203796
          ],
          "unit_cosine": 0.571215033531189
        },
        "21": {
          "raw_norms": [
            0.9183917045593262,
            0.9184874296188354
          ],
          "unit_cosine": 0.5268915891647339
        },
        "22": {
          "raw_norms": [
            0.9469396471977234,
            0.9536481499671936
          ],
          "unit_cosine": 0.4817274510860443
        },
        "23": {
          "raw_norms": [
            0.9460318684577942,
            0.9364567995071411
          ],
          "unit_cosine": 0.48968249559402466
        },
        "24": {
          "raw_norms": [
            0.9462553858757019,
            0.9306528568267822
          ],
          "unit_cosine": 0.4765143394470215
        }
      },
      "layer_measurements": {
        "6": {
          "coordinate_abs_mean_pre": [
            0.8404054641723633,
            0.3111943304538727
          ],
          "coordinate_mean_pre": [
            0.8404054641723633,
            0.3106727600097656
          ],
          "coordinate_mean_post": [
            -0.21905983984470367,
            1.37013840675354
          ],
          "swap_max_abs_error": 7.152557373046875e-07
        },
        "7": {
          "coordinate_abs_mean_pre": [
            0.6941589713096619,
            1.374863862991333
          ],
          "coordinate_mean_pre": [
            -0.2771652042865753,
            1.374863862991333
          ],
          "coordinate_mean_post": [
            3.0268936157226562,
            -1.9291945695877075
          ],
          "swap_max_abs_error": 2.86102294921875e-06
        },
        "8": {
          "coordinate_abs_mean_pre": [
            3.1507840156555176,
            2.2808332443237305
          ],
          "coordinate_mean_pre": [
            3.1507840156555176,
            -1.842193365097046
          ],
          "coordinate_mean_post": [
            -6.835171699523926,
            8.14376163482666
          ],
          "swap_max_abs_error": 3.814697265625e-06
        },
        "9": {
          "coordinate_abs_mean_pre": [
            6.2787580490112305,
            6.983027935028076
          ],
          "coordinate_mean_pre": [
            -5.532406330108643,
            6.857902526855469
          ],
          "coordinate_mean_post": [
            19.24822235107422,
            -17.922714233398438
          ],
          "swap_max_abs_error": 4.57763671875e-05
        },
        "10": {
          "coordinate_abs_mean_pre": [
            19.473384857177734,
            18.73828887939453
          ],
          "coordinate_mean_pre": [
            18.604339599609375,
            -17.21738624572754
          ],
          "coordinate_mean_post": [
            -53.03911590576172,
            54.426048278808594
          ],
          "swap_max_abs_error": 6.103515625e-05
        },
        "11": {
          "coordinate_abs_mean_pre": [
            56.25521469116211,
            56.452232360839844
          ],
          "coordinate_mean_pre": [
            -52.174217224121094,
            53.01669692993164
          ],
          "coordinate_mean_post": [
            158.20758056640625,
            -157.36514282226562
          ],
          "swap_max_abs_error": 0.0001220703125
        },
        "12": {
          "coordinate_abs_mean_pre": [
            161.0631866455078,
            158.95535278320312
          ],
          "coordinate_mean_pre": [
            151.54403686523438,
            -148.6845703125
          ],
          "coordinate_mean_post": [
            -448.91302490234375,
            451.7724914550781
          ],
          "swap_max_abs_error": 0.0006103515625
        },
        "13": {
          "coordinate_abs_mean_pre": [
            474.8321533203125,
            477.0417785644531
          ],
          "coordinate_mean_pre": [
            -445.0420227050781,
            447.99188232421875
          ],
          "coordinate_mean_post": [
            1341.0263671875,
            -1338.076171875
          ],
          "swap_max_abs_error": 0.00244140625
        },
        "14": {
          "coordinate_abs_mean_pre": [
            1395.93359375,
            1394.012451171875
          ],
          "coordinate_mean_pre": [
            1310.142822265625,
            -1307.559814453125
          ],
          "coordinate_mean_post": [
            -3925.262451171875,
            3927.845947265625
          ],
          "swap_max_abs_error": 0.0029296875
        },
        "15": {
          "coordinate_abs_mean_pre": [
            4140.595703125,
            4116.2333984375
          ],
          "coordinate_mean_pre": [
            -3883.5078125,
            3861.410888671875
          ],
          "coordinate_mean_post": [
            11606.330078125,
            -11628.4296875
          ],
          "swap_max_abs_error": 0.0078125
        },
        "16": {
          "coordinate_abs_mean_pre": [
            12388.5009765625,
            12353.611328125
          ],
          "coordinate_mean_pre": [
            11620.978515625,
            -11587.369140625
          ],
          "coordinate_mean_post": [
            -34795.7265625,
            34829.328125
          ],
          "swap_max_abs_error": 0.03125
        },
        "17": {
          "coordinate_abs_mean_pre": [
            36639.828125,
            36725.23046875
          ],
          "coordinate_mean_pre": [
            -34367.32421875,
            34449.3125
          ],
          "coordinate_mean_post": [
            103265.953125,
            -103183.921875
          ],
          "swap_max_abs_error": 0.1875
        },
        "18": {
          "coordinate_abs_mean_pre": [
            98790.6953125,
            99321.953125
          ],
          "coordinate_mean_pre": [
            92666.921875,
            -93163.796875
          ],
          "coordinate_mean_post": [
            -278994.53125,
            278497.5625
          ],
          "swap_max_abs_error": 0.375
        },
        "19": {
          "coordinate_abs_mean_pre": [
            248410.34375,
            248529.875
          ],
          "coordinate_mean_pre": [
            -233008.4375,
            233123.140625
          ],
          "coordinate_mean_post": [
            699254.875,
            -699140.125
          ],
          "swap_max_abs_error": 0.75
        },
        "20": {
          "coordinate_abs_mean_pre": [
            731096.75,
            728209.0
          ],
          "coordinate_mean_pre": [
            685771.0625,
            -683062.0
          ],
          "coordinate_mean_post": [
            -2051894.625,
            2054603.5
          ],
          "swap_max_abs_error": 2.5
        },
        "21": {
          "coordinate_abs_mean_pre": [
            2024469.875,
            2026956.75
          ],
          "coordinate_mean_pre": [
            -1898963.25,
            1901289.5
          ],
          "coordinate_mean_post": [
            5701545.0,
            -5699215.5
          ],
          "swap_max_abs_error": 16.0
        },
        "22": {
          "coordinate_abs_mean_pre": [
            5625144.0,
            5626699.0
          ],
          "coordinate_mean_pre": [
            5276399.5,
            -5277868.5
          ],
          "coordinate_mean_post": [
            -15832136.0,
            15830668.0
          ],
          "swap_max_abs_error": 8.0
        },
        "23": {
          "coordinate_abs_mean_pre": [
            16304655.0,
            16030626.0
          ],
          "coordinate_mean_pre": [
            -15293782.0,
            15036689.0
          ],
          "coordinate_mean_post": [
            45367180.0,
            -45624264.0
          ],
          "swap_max_abs_error": 80.0
        },
        "24": {
          "coordinate_abs_mean_pre": [
            46414432.0,
            46656940.0
          ],
          "coordinate_mean_pre": [
            43536740.0,
            -43764224.0
          ],
          "coordinate_mean_post": [
            -131065216.0,
            130837680.0
          ],
          "swap_max_abs_error": 160.0
        }
      },
      "provenance": {
        "lens_file": "/__modal/volumes/vo-UTqV2w7ZVWoNtNbbwwfTeq/hf/hub/models--neuronpedia--jacobian-lens/snapshots/16a01f309fcec900fdcec3f4cd5b64f3d00e4d5a/qwen3.5-4b/jlens/Salesforce-wikitext/Qwen3.5-4B_jacobian_lens_n1000.pt",
        "lens_sha256": "1f9a8f8fd593f0ffec1a9640993257ca4560f8ae3e5602315643d5cc6818534e",
        "source_id": 9338,
        "target_id": 5440
      }
    },
    {
      "kind": "intervention",
      "source": "France",
      "target": "China",
      "source_answer": "Paris",
      "target_answer": "Beijing",
      "band": "current",
      "layers": [
        6,
        24
      ],
      "operator": "unit_exchange",
      "alpha": 4.0,
      "text": " China China China China China China",
      "first_token": 5440,
      "hit_target": false,
      "stayed_source": false,
      "baseline_ok": true,
      "hook_calls": {
        "6": 1,
        "7": 1,
        "8": 1,
        "9": 1,
        "10": 1,
        "11": 1,
        "12": 1,
        "13": 1,
        "14": 1,
        "15": 1,
        "16": 1,
        "17": 1,
        "18": 1,
        "19": 1,
        "20": 1,
        "21": 1,
        "22": 1,
        "23": 1,
        "24": 1
      },
      "layer_geometry": {
        "6": {
          "raw_norms": [
            0.5817607045173645,
            0.5678784251213074
          ],
          "unit_cosine": 0.5403882265090942
        },
        "7": {
          "raw_norms": [
            0.6193721890449524,
            0.614524245262146
          ],
          "unit_cosine": 0.542233407497406
        },
        "8": {
          "raw_norms": [
            0.6841142177581787,
            0.6887275576591492
          ],
          "unit_cosine": 0.5333486795425415
        },
        "9": {
          "raw_norms": [
            0.744547963142395,
            0.7706334590911865
          ],
          "unit_cosine": 0.5410158634185791
        },
        "10": {
          "raw_norms": [
            0.7828574776649475,
            0.8105084300041199
          ],
          "unit_cosine": 0.5496245622634888
        },
        "11": {
          "raw_norms": [
            0.8505480289459229,
            0.8973376154899597
          ],
          "unit_cosine": 0.5712822079658508
        },
        "12": {
          "raw_norms": [
            0.907291829586029,
            0.9530805945396423
          ],
          "unit_cosine": 0.5677496194839478
        },
        "13": {
          "raw_norms": [
            0.9518189430236816,
            1.0011470317840576
          ],
          "unit_cosine": 0.583652138710022
        },
        "14": {
          "raw_norms": [
            0.9757527112960815,
            1.0130906105041504
          ],
          "unit_cosine": 0.5855252742767334
        },
        "15": {
          "raw_norms": [
            1.0079375505447388,
            1.0369741916656494
          ],
          "unit_cosine": 0.5953215956687927
        },
        "16": {
          "raw_norms": [
            1.0036648511886597,
            1.0214205980300903
          ],
          "unit_cosine": 0.6240494847297668
        },
        "17": {
          "raw_norms": [
            1.0475605726242065,
            1.0713597536087036
          ],
          "unit_cosine": 0.642048716545105
        },
        "18": {
          "raw_norms": [
            0.9648074507713318,
            0.9989660978317261
          ],
          "unit_cosine": 0.6078479290008545
        },
        "19": {
          "raw_norms": [
            0.9294682145118713,
            0.9404924511909485
          ],
          "unit_cosine": 0.5425593852996826
        },
        "20": {
          "raw_norms": [
            0.9040904641151428,
            0.9093801379203796
          ],
          "unit_cosine": 0.571215033531189
        },
        "21": {
          "raw_norms": [
            0.9183917045593262,
            0.9184874296188354
          ],
          "unit_cosine": 0.5268915891647339
        },
        "22": {
          "raw_norms": [
            0.9469396471977234,
            0.9536481499671936
          ],
          "unit_cosine": 0.4817274510860443
        },
        "23": {
          "raw_norms": [
            0.9460318684577942,
            0.9364567995071411
          ],
          "unit_cosine": 0.48968249559402466
        },
        "24": {
          "raw_norms": [
            0.9462553858757019,
            0.9306528568267822
          ],
          "unit_cosine": 0.4765143394470215
        }
      },
      "layer_measurements": {
        "6": {
          "coordinate_abs_mean_pre": [
            0.8404054641723633,
            0.3111943304538727
          ],
          "coordinate_mean_pre": [
            0.8404054641723633,
            0.3106727600097656
          ],
          "coordinate_mean_post": [
            -1.2785255908966064,
            2.4296040534973145
          ],
          "swap_max_abs_error": 1.9073486328125e-06
        },
        "7": {
          "coordinate_abs_mean_pre": [
            1.7825298309326172,
            2.3893489837646484
          ],
          "coordinate_mean_pre": [
            -1.3081538677215576,
            2.3893489837646484
          ],
          "coordinate_mean_post": [
            13.481855392456055,
            -12.40066146850586
          ],
          "swap_max_abs_error": 3.814697265625e-06
        },
        "8": {
          "coordinate_abs_mean_pre": [
            14.129106521606445,
            13.027613639831543
          ],
          "coordinate_mean_pre": [
            13.32491683959961,
            -11.672048568725586
          ],
          "coordinate_mean_post": [
            -86.66295623779297,
            88.31581115722656
          ],
          "swap_max_abs_error": 9.1552734375e-05
        },
        "9": {
          "coordinate_abs_mean_pre": [
            87.84625244140625,
            89.18495178222656
          ],
          "coordinate_mean_pre": [
            -80.60684204101562,
            82.57206726074219
          ],
          "coordinate_mean_post": [
            572.1090698242188,
            -570.1435546875
          ],
          "swap_max_abs_error": 0.0009765625
        },
        "10": {
          "coordinate_abs_mean_pre": [
            604.359619140625,
            601.1693725585938
          ],
          "coordinate_mean_pre": [
            557.8446044921875,
            -554.207763671875
          ],
          "coordinate_mean_post": [
            -3890.364990234375,
            3894.00048828125
          ],
          "swap_max_abs_error": 0.00390625
        },
        "11": {
          "coordinate_abs_mean_pre": [
            4171.890625,
            4178.45849609375
          ],
          "coordinate_mean_pre": [
            -3847.034423828125,
            3853.51513671875
          ],
          "coordinate_mean_post": [
            26955.162109375,
            -26948.6875
          ],
          "swap_max_abs_error": 0.0234375
        },
        "12": {
          "coordinate_abs_mean_pre": [
            27958.388671875,
            27679.60546875
          ],
          "coordinate_mean_pre": [
            25783.1796875,
            -25525.865234375
          ],
          "coordinate_mean_post": [
            -179452.96875,
            179710.296875
          ],
          "swap_max_abs_error": 0.1875
        },
        "13": {
          "coordinate_abs_mean_pre": [
            193079.65625,
            193474.625
          ],
          "coordinate_mean_pre": [
            -178055.75,
            178420.28125
          ],
          "coordinate_mean_post": [
            1247848.875,
            -1247484.25
          ],
          "swap_max_abs_error": 2.0
        },
        "14": {
          "coordinate_abs_mean_pre": [
            1323271.25,
            1322474.5
          ],
          "coordinate_mean_pre": [
            1220306.75,
            -1219566.375
          ],
          "coordinate_mean_post": [
            -8539186.0,
            8539928.0
          ],
          "swap_max_abs_error": 8.0
        },
        "15": {
          "coordinate_abs_mean_pre": [
            9166738.0,
            9110152.0
          ],
          "coordinate_mean_pre": [
            -8453496.0,
            8401249.0
          ],
          "coordinate_mean_post": [
            58965480.0,
            -59017740.0
          ],
          "swap_max_abs_error": 16.0
        },
        "16": {
          "coordinate_abs_mean_pre": [
            64052720.0,
            63819864.0
          ],
          "coordinate_mean_pre": [
            59068252.0,
            -58853656.0
          ],
          "coordinate_mean_post": [
            -412619456.0,
            412833984.0
          ],
          "swap_max_abs_error": 512.0
        },
        "17": {
          "coordinate_abs_mean_pre": [
            442179712.0,
            443051648.0
          ],
          "coordinate_mean_pre": [
            -407766784.0,
            408571008.0
          ],
          "coordinate_mean_post": [
            2857584640.0,
            -2856779520.0
          ],
          "swap_max_abs_error": 1792.0
        },
        "18": {
          "coordinate_abs_mean_pre": [
            2781360640.0,
            2797757440.0
          ],
          "coordinate_mean_pre": [
            2564919040.0,
            -2580040704.0
          ],
          "coordinate_mean_post": [
            -18014920704.0,
            17999792128.0
          ],
          "swap_max_abs_error": 32768.0
        },
        "19": {
          "coordinate_abs_mean_pre": [
            16357535744.0,
            16366931968.0
          ],
          "coordinate_mean_pre": [
            -15084517376.0,
            15093157888.0
          ],
          "coordinate_mean_post": [
            105626206208.0,
            -105617563648.0
          ],
          "swap_max_abs_error": 131072.0
        },
        "20": {
          "coordinate_abs_mean_pre": [
            112671113216.0,
            112054296576.0
          ],
          "coordinate_mean_pre": [
            103902724096.0,
            -103334125568.0
          ],
          "coordinate_mean_post": [
            -725044625408.0,
            725613084672.0
          ],
          "swap_max_abs_error": 786432.0
        },
        "21": {
          "coordinate_abs_mean_pre": [
            728104960000.0,
            728156143616.0
          ],
          "coordinate_mean_pre": [
            -671446728704.0,
            671490310144.0
          ],
          "coordinate_mean_post": [
            4700303785984.0,
            -4700257648640.0
          ],
          "swap_max_abs_error": 8388608.0
        },
        "22": {
          "coordinate_abs_mean_pre": [
            4715755601920.0,
            4717076807680.0
          ],
          "coordinate_mean_pre": [
            4348765536256.0,
            -4349970350080.0
          ],
          "coordinate_mean_post": [
            -30446175911936.0,
            30444970049536.0
          ],
          "swap_max_abs_error": 16777216.0
        },
        "23": {
          "coordinate_abs_mean_pre": [
            31890899730432.0,
            31385521750016.0
          ],
          "coordinate_mean_pre": [
            -29408918241280.0,
            28942949941248.0
          ],
          "coordinate_mean_post": [
            203998615306240.0,
            -204464535371776.0
          ],
          "swap_max_abs_error": 335544320.0
        },
        "24": {
          "coordinate_abs_mean_pre": [
            212365899464704.0,
            212653192511488.0
          ],
          "coordinate_mean_pre": [
            195837288251392.0,
            -196102838026240.0
          ],
          "coordinate_mean_post": [
            -1371923552403456.0,
            1371657532866560.0
          ],
          "swap_max_abs_error": 1610612736.0
        }
      },
      "provenance": {
        "lens_file": "/__modal/volumes/vo-UTqV2w7ZVWoNtNbbwwfTeq/hf/hub/models--neuronpedia--jacobian-lens/snapshots/16a01f309fcec900fdcec3f4cd5b64f3d00e4d5a/qwen3.5-4b/jlens/Salesforce-wikitext/Qwen3.5-4B_jacobian_lens_n1000.pt",
        "lens_sha256": "1f9a8f8fd593f0ffec1a9640993257ca4560f8ae3e5602315643d5cc6818534e",
        "source_id": 9338,
        "target_id": 5440
      }
    },
    {
      "kind": "intervention",
      "source": "France",
      "target": "China",
      "source_answer": "Paris",
      "target_answer": "Beijing",
      "band": "current",
      "layers": [
        6,
        24
      ],
      "operator": "unit_transfer",
      "alpha": 1.0,
      "text": " Beijing.\nA. True",
      "first_token": 25701,
      "hit_target": true,
      "stayed_source": false,
      "baseline_ok": true,
      "hook_calls": {
        "6": 1,
        "7": 1,
        "8": 1,
        "9": 1,
        "10": 1,
        "11": 1,
        "12": 1,
        "13": 1,
        "14": 1,
        "15": 1,
        "16": 1,
        "17": 1,
        "18": 1,
        "19": 1,
        "20": 1,
        "21": 1,
        "22": 1,
        "23": 1,
        "24": 1
      },
      "layer_geometry": {
        "6": {
          "raw_norms": [
            0.5817607045173645,
            0.5678784251213074
          ],
          "unit_cosine": 0.5403882265090942
        },
        "7": {
          "raw_norms": [
            0.6193721890449524,
            0.614524245262146
          ],
          "unit_cosine": 0.542233407497406
        },
        "8": {
          "raw_norms": [
            0.6841142177581787,
            0.6887275576591492
          ],
          "unit_cosine": 0.5333486795425415
        },
        "9": {
          "raw_norms": [
            0.744547963142395,
            0.7706334590911865
          ],
          "unit_cosine": 0.5410158634185791
        },
        "10": {
          "raw_norms": [
            0.7828574776649475,
            0.8105084300041199
          ],
          "unit_cosine": 0.5496245622634888
        },
        "11": {
          "raw_norms": [
            0.8505480289459229,
            0.8973376154899597
          ],
          "unit_cosine": 0.5712822079658508
        },
        "12": {
          "raw_norms": [
            0.907291829586029,
            0.9530805945396423
          ],
          "unit_cosine": 0.5677496194839478
        },
        "13": {
          "raw_norms": [
            0.9518189430236816,
            1.0011470317840576
          ],
          "unit_cosine": 0.583652138710022
        },
        "14": {
          "raw_norms": [
            0.9757527112960815,
            1.0130906105041504
          ],
          "unit_cosine": 0.5855252742767334
        },
        "15": {
          "raw_norms": [
            1.0079375505447388,
            1.0369741916656494
          ],
          "unit_cosine": 0.5953215956687927
        },
        "16": {
          "raw_norms": [
            1.0036648511886597,
            1.0214205980300903
          ],
          "unit_cosine": 0.6240494847297668
        },
        "17": {
          "raw_norms": [
            1.0475605726242065,
            1.0713597536087036
          ],
          "unit_cosine": 0.642048716545105
        },
        "18": {
          "raw_norms": [
            0.9648074507713318,
            0.9989660978317261
          ],
          "unit_cosine": 0.6078479290008545
        },
        "19": {
          "raw_norms": [
            0.9294682145118713,
            0.9404924511909485
          ],
          "unit_cosine": 0.5425593852996826
        },
        "20": {
          "raw_norms": [
            0.9040904641151428,
            0.9093801379203796
          ],
          "unit_cosine": 0.571215033531189
        },
        "21": {
          "raw_norms": [
            0.9183917045593262,
            0.9184874296188354
          ],
          "unit_cosine": 0.5268915891647339
        },
        "22": {
          "raw_norms": [
            0.9469396471977234,
            0.9536481499671936
          ],
          "unit_cosine": 0.4817274510860443
        },
        "23": {
          "raw_norms": [
            0.9460318684577942,
            0.9364567995071411
          ],
          "unit_cosine": 0.48968249559402466
        },
        "24": {
          "raw_norms": [
            0.9462553858757019,
            0.9306528568267822
          ],
          "unit_cosine": 0.4765143394470215
        }
      },
      "layer_measurements": {
        "6": {
          "source_abs_mean_pre": 1.0082895755767822,
          "source_mean_pre": 1.0082895755767822,
          "source_mean_post": 0.544867992401123,
          "target_mean_pre": 0.7648181915283203,
          "target_mean_post": 1.2282400131225586
        },
        "7": {
          "source_abs_mean_pre": 0.5139601826667786,
          "source_mean_pre": 0.5139601826667786,
          "source_mean_post": 0.2786862552165985,
          "target_mean_pre": 1.1885364055633545,
          "target_mean_post": 1.4238100051879883
        },
        "8": {
          "source_abs_mean_pre": 0.32813242077827454,
          "source_mean_pre": 0.32813242077827454,
          "source_mean_post": 0.17500890791416168,
          "target_mean_pre": 1.3545854091644287,
          "target_mean_post": 1.5077089071273804
        },
        "9": {
          "source_abs_mean_pre": 0.3171166777610779,
          "source_mean_pre": 0.3171166777610779,
          "source_mean_post": 0.17156516015529633,
          "target_mean_pre": 1.5013970136642456,
          "target_mean_post": 1.6469483375549316
        },
        "10": {
          "source_abs_mean_pre": 0.27264249324798584,
          "source_mean_pre": 0.27264249324798584,
          "source_mean_post": 0.14985111355781555,
          "target_mean_pre": 1.664930820465088,
          "target_mean_post": 1.7877223491668701
        },
        "11": {
          "source_abs_mean_pre": 0.22168880701065063,
          "source_mean_pre": 0.22168880701065063,
          "source_mean_post": 0.12664686143398285,
          "target_mean_pre": 1.6615444421768188,
          "target_mean_post": 1.7565863132476807
        },
        "12": {
          "source_abs_mean_pre": 0.292475163936615,
          "source_mean_pre": 0.292475163936615,
          "source_mean_post": 0.16605259478092194,
          "target_mean_pre": 1.8073630332946777,
          "target_mean_post": 1.9337856769561768
        },
        "13": {
          "source_abs_mean_pre": 0.17155036330223083,
          "source_mean_pre": 0.16628560423851013,
          "source_mean_post": 0.09705298393964767,
          "target_mean_pre": 1.8718187808990479,
          "target_mean_post": 1.9410513639450073
        },
        "14": {
          "source_abs_mean_pre": 0.21187454462051392,
          "source_mean_pre": 0.052776999771595,
          "source_mean_post": 0.030902249738574028,
          "target_mean_pre": 1.861395001411438,
          "target_mean_post": 1.8832697868347168
        },
        "15": {
          "source_abs_mean_pre": 0.20940743386745453,
          "source_mean_pre": 0.11974021792411804,
          "source_mean_post": 0.07128393650054932,
          "target_mean_pre": 1.8770630359649658,
          "target_mean_post": 1.9255189895629883
        },
        "16": {
          "source_abs_mean_pre": 0.21362805366516113,
          "source_mean_pre": 0.21362805366516113,
          "source_mean_post": 0.13331443071365356,
          "target_mean_pre": 2.1087188720703125,
          "target_mean_post": 2.189032554626465
        },
        "17": {
          "source_abs_mean_pre": 0.23153594136238098,
          "source_mean_pre": 0.23153594136238098,
          "source_mean_post": 0.1486574113368988,
          "target_mean_pre": 2.239664077758789,
          "target_mean_post": 2.322542667388916
        },
        "18": {
          "source_abs_mean_pre": 0.324435830116272,
          "source_mean_pre": 0.299256831407547,
          "source_mean_post": 0.1819027066230774,
          "target_mean_pre": 2.6353352069854736,
          "target_mean_post": 2.7526891231536865
        },
        "19": {
          "source_abs_mean_pre": 0.4723610579967499,
          "source_mean_pre": 0.4723610579967499,
          "source_mean_post": 0.2562839686870575,
          "target_mean_pre": 3.0727925300598145,
          "target_mean_post": 3.288869857788086
        },
        "20": {
          "source_abs_mean_pre": 0.37242385745048523,
          "source_mean_pre": 0.37242385745048523,
          "source_mean_post": 0.2127341479063034,
          "target_mean_pre": 3.272465229034424,
          "target_mean_post": 3.432154655456543
        },
        "21": {
          "source_abs_mean_pre": 0.28370189666748047,
          "source_mean_pre": 0.27330827713012695,
          "source_mean_post": 0.14400380849838257,
          "target_mean_pre": 3.471925973892212,
          "target_mean_post": 3.6012303829193115
        },
        "22": {
          "source_abs_mean_pre": 0.40990838408470154,
          "source_mean_pre": 0.30439478158950806,
          "source_mean_post": 0.14663535356521606,
          "target_mean_pre": 3.8458499908447266,
          "target_mean_post": 4.003609657287598
        },
        "23": {
          "source_abs_mean_pre": 0.36649519205093384,
          "source_mean_pre": 0.3388446569442749,
          "source_mean_post": 0.1659262329339981,
          "target_mean_pre": 4.447930335998535,
          "target_mean_post": 4.620848655700684
        },
        "24": {
          "source_abs_mean_pre": 0.3811158537864685,
          "source_mean_pre": 0.26265135407447815,
          "source_mean_post": 0.1251571923494339,
          "target_mean_pre": 5.258150100708008,
          "target_mean_post": 5.395644187927246
        }
      },
      "provenance": {
        "lens_file": "/__modal/volumes/vo-UTqV2w7ZVWoNtNbbwwfTeq/hf/hub/models--neuronpedia--jacobian-lens/snapshots/16a01f309fcec900fdcec3f4cd5b64f3d00e4d5a/qwen3.5-4b/jlens/Salesforce-wikitext/Qwen3.5-4B_jacobian_lens_n1000.pt",
        "lens_sha256": "1f9a8f8fd593f0ffec1a9640993257ca4560f8ae3e5602315643d5cc6818534e",
        "source_id": 9338,
        "target_id": 5440
      }
    },
    {
      "kind": "intervention",
      "source": "France",
      "target": "China",
      "source_answer": "Paris",
      "target_answer": "Beijing",
      "band": "current",
      "layers": [
        6,
        24
      ],
      "operator": "unit_transfer",
      "alpha": 2.0,
      "text": " Beijing.\nA. True",
      "first_token": 25701,
      "hit_target": true,
      "stayed_source": false,
      "baseline_ok": true,
      "hook_calls": {
        "6": 1,
        "7": 1,
        "8": 1,
        "9": 1,
        "10": 1,
        "11": 1,
        "12": 1,
        "13": 1,
        "14": 1,
        "15": 1,
        "16": 1,
        "17": 1,
        "18": 1,
        "19": 1,
        "20": 1,
        "21": 1,
        "22": 1,
        "23": 1,
        "24": 1
      },
      "layer_geometry": {
        "6": {
          "raw_norms": [
            0.5817607045173645,
            0.5678784251213074
          ],
          "unit_cosine": 0.5403882265090942
        },
        "7": {
          "raw_norms": [
            0.6193721890449524,
            0.614524245262146
          ],
          "unit_cosine": 0.542233407497406
        },
        "8": {
          "raw_norms": [
            0.6841142177581787,
            0.6887275576591492
          ],
          "unit_cosine": 0.5333486795425415
        },
        "9": {
          "raw_norms": [
            0.744547963142395,
            0.7706334590911865
          ],
          "unit_cosine": 0.5410158634185791
        },
        "10": {
          "raw_norms": [
            0.7828574776649475,
            0.8105084300041199
          ],
          "unit_cosine": 0.5496245622634888
        },
        "11": {
          "raw_norms": [
            0.8505480289459229,
            0.8973376154899597
          ],
          "unit_cosine": 0.5712822079658508
        },
        "12": {
          "raw_norms": [
            0.907291829586029,
            0.9530805945396423
          ],
          "unit_cosine": 0.5677496194839478
        },
        "13": {
          "raw_norms": [
            0.9518189430236816,
            1.0011470317840576
          ],
          "unit_cosine": 0.583652138710022
        },
        "14": {
          "raw_norms": [
            0.9757527112960815,
            1.0130906105041504
          ],
          "unit_cosine": 0.5855252742767334
        },
        "15": {
          "raw_norms": [
            1.0079375505447388,
            1.0369741916656494
          ],
          "unit_cosine": 0.5953215956687927
        },
        "16": {
          "raw_norms": [
            1.0036648511886597,
            1.0214205980300903
          ],
          "unit_cosine": 0.6240494847297668
        },
        "17": {
          "raw_norms": [
            1.0475605726242065,
            1.0713597536087036
          ],
          "unit_cosine": 0.642048716545105
        },
        "18": {
          "raw_norms": [
            0.9648074507713318,
            0.9989660978317261
          ],
          "unit_cosine": 0.6078479290008545
        },
        "19": {
          "raw_norms": [
            0.9294682145118713,
            0.9404924511909485
          ],
          "unit_cosine": 0.5425593852996826
        },
        "20": {
          "raw_norms": [
            0.9040904641151428,
            0.9093801379203796
          ],
          "unit_cosine": 0.571215033531189
        },
        "21": {
          "raw_norms": [
            0.9183917045593262,
            0.9184874296188354
          ],
          "unit_cosine": 0.5268915891647339
        },
        "22": {
          "raw_norms": [
            0.9469396471977234,
            0.9536481499671936
          ],
          "unit_cosine": 0.4817274510860443
        },
        "23": {
          "raw_norms": [
            0.9460318684577942,
            0.9364567995071411
          ],
          "unit_cosine": 0.48968249559402466
        },
        "24": {
          "raw_norms": [
            0.9462553858757019,
            0.9306528568267822
          ],
          "unit_cosine": 0.4765143394470215
        }
      },
      "layer_measurements": {
        "6": {
          "source_abs_mean_pre": 1.0082895755767822,
          "source_mean_pre": 1.0082895755767822,
          "source_mean_post": 0.08144649118185043,
          "target_mean_pre": 0.7648181915283203,
          "target_mean_post": 1.6916617155075073
        },
        "7": {
          "source_abs_mean_pre": 0.10778160393238068,
          "source_mean_pre": 0.048986442387104034,
          "source_mean_post": 0.004137714393436909,
          "target_mean_pre": 1.6177196502685547,
          "target_mean_post": 1.66256844997406
        },
        "8": {
          "source_abs_mean_pre": 0.10919207334518433,
          "source_mean_pre": 0.09267617762088776,
          "source_mean_post": 0.006181234493851662,
          "target_mean_pre": 1.5874221324920654,
          "target_mean_post": 1.6739170551300049
        },
        "9": {
          "source_abs_mean_pre": 0.17027638852596283,
          "source_mean_pre": 0.17027638852596283,
          "source_mean_post": 0.013968033716082573,
          "target_mean_pre": 1.6326960325241089,
          "target_mean_post": 1.7890042066574097
        },
        "10": {
          "source_abs_mean_pre": 0.11948318034410477,
          "source_mean_pre": 0.11948318034410477,
          "source_mean_post": 0.011858637444674969,
          "target_mean_pre": 1.7928919792175293,
          "target_mean_post": 1.9005165100097656
        },
        "11": {
          "source_abs_mean_pre": 0.0973614752292633,
          "source_mean_pre": 0.0973614752292633,
          "source_mean_post": 0.013880262151360512,
          "target_mean_pre": 1.7550714015960693,
          "target_mean_post": 1.838552474975586
        },
        "12": {
          "source_abs_mean_pre": 0.19942447543144226,
          "source_mean_pre": 0.19942447543144226,
          "source_mean_post": 0.027021802961826324,
          "target_mean_pre": 1.885045051574707,
          "target_mean_post": 2.057447671890259
        },
        "13": {
          "source_abs_mean_pre": 0.06131846830248833,
          "source_mean_pre": 0.033477336168289185,
          "source_mean_post": 0.005600915756076574,
          "target_mean_pre": 1.989220142364502,
          "target_mean_post": 2.017096519470215
        },
        "14": {
          "source_abs_mean_pre": 0.13226208090782166,
          "source_mean_pre": -0.03394196555018425,
          "source_mean_post": -0.005805800203233957,
          "target_mean_pre": 1.936342477798462,
          "target_mean_post": 1.9082063436508179
        },
        "15": {
          "source_abs_mean_pre": 0.10790838301181793,
          "source_mean_pre": 0.0816204696893692,
          "source_mean_post": 0.015560372732579708,
          "target_mean_pre": 1.8979473114013672,
          "target_mean_post": 1.9640073776245117
        },
        "16": {
          "source_abs_mean_pre": 0.1570037305355072,
          "source_mean_pre": 0.1570037305355072,
          "source_mean_post": 0.038952454924583435,
          "target_mean_pre": 2.1415371894836426,
          "target_mean_post": 2.2595884799957275
        },
        "17": {
          "source_abs_mean_pre": 0.14283466339111328,
          "source_mean_pre": 0.14283466339111328,
          "source_mean_post": 0.040579039603471756,
          "target_mean_pre": 2.292874813079834,
          "target_mean_post": 2.3951303958892822
        },
        "18": {
          "source_abs_mean_pre": 0.23383548855781555,
          "source_mean_pre": 0.20456837117671967,
          "source_mean_post": 0.04412457346916199,
          "target_mean_pre": 2.7043793201446533,
          "target_mean_post": 2.8648228645324707
        },
        "19": {
          "source_abs_mean_pre": 0.36517396569252014,
          "source_mean_pre": 0.36517396569252014,
          "source_mean_post": 0.031083226203918457,
          "target_mean_pre": 3.1930508613586426,
          "target_mean_post": 3.527141809463501
        },
        "20": {
          "source_abs_mean_pre": 0.16691935062408447,
          "source_mean_pre": 0.16217827796936035,
          "source_mean_post": 0.023099033161997795,
          "target_mean_pre": 3.452613353729248,
          "target_mean_post": 3.5916924476623535
        },
        "21": {
          "source_abs_mean_pre": 0.13955187797546387,
          "source_mean_pre": 0.0808643028140068,
          "source_mean_post": 0.004349161870777607,
          "target_mean_pre": 3.6186771392822266,
          "target_mean_post": 3.6951918601989746
        },
        "22": {
          "source_abs_mean_pre": 0.30762988328933716,
          "source_mean_pre": 0.15509015321731567,
          "source_mean_post": -0.005667779594659805,
          "target_mean_pre": 3.927194595336914,
          "target_mean_post": 4.087952613830566
        },
        "23": {
          "source_abs_mean_pre": 0.3219352066516876,
          "source_mean_pre": 0.1878441572189331,
          "source_mean_post": -0.003876250237226486,
          "target_mean_pre": 4.458745956420898,
          "target_mean_post": 4.650465965270996
        },
        "24": {
          "source_abs_mean_pre": 0.210544154047966,
          "source_mean_pre": 0.10953670740127563,
          "source_mean_post": -0.005145049653947353,
          "target_mean_pre": 5.260068893432617,
          "target_mean_post": 5.37475061416626
        }
      },
      "provenance": {
        "lens_file": "/__modal/volumes/vo-UTqV2w7ZVWoNtNbbwwfTeq/hf/hub/models--neuronpedia--jacobian-lens/snapshots/16a01f309fcec900fdcec3f4cd5b64f3d00e4d5a/qwen3.5-4b/jlens/Salesforce-wikitext/Qwen3.5-4B_jacobian_lens_n1000.pt",
        "lens_sha256": "1f9a8f8fd593f0ffec1a9640993257ca4560f8ae3e5602315643d5cc6818534e",
        "source_id": 9338,
        "target_id": 5440
      }
    },
    {
      "kind": "intervention",
      "source": "France",
      "target": "China",
      "source_answer": "Paris",
      "target_answer": "Beijing",
      "band": "current",
      "layers": [
        6,
        24
      ],
      "operator": "unit_transfer",
      "alpha": 4.0,
      "text": " Beijing.\nA. True",
      "first_token": 25701,
      "hit_target": true,
      "stayed_source": false,
      "baseline_ok": true,
      "hook_calls": {
        "6": 1,
        "7": 1,
        "8": 1,
        "9": 1,
        "10": 1,
        "11": 1,
        "12": 1,
        "13": 1,
        "14": 1,
        "15": 1,
        "16": 1,
        "17": 1,
        "18": 1,
        "19": 1,
        "20": 1,
        "21": 1,
        "22": 1,
        "23": 1,
        "24": 1
      },
      "layer_geometry": {
        "6": {
          "raw_norms": [
            0.5817607045173645,
            0.5678784251213074
          ],
          "unit_cosine": 0.5403882265090942
        },
        "7": {
          "raw_norms": [
            0.6193721890449524,
            0.614524245262146
          ],
          "unit_cosine": 0.542233407497406
        },
        "8": {
          "raw_norms": [
            0.6841142177581787,
            0.6887275576591492
          ],
          "unit_cosine": 0.5333486795425415
        },
        "9": {
          "raw_norms": [
            0.744547963142395,
            0.7706334590911865
          ],
          "unit_cosine": 0.5410158634185791
        },
        "10": {
          "raw_norms": [
            0.7828574776649475,
            0.8105084300041199
          ],
          "unit_cosine": 0.5496245622634888
        },
        "11": {
          "raw_norms": [
            0.8505480289459229,
            0.8973376154899597
          ],
          "unit_cosine": 0.5712822079658508
        },
        "12": {
          "raw_norms": [
            0.907291829586029,
            0.9530805945396423
          ],
          "unit_cosine": 0.5677496194839478
        },
        "13": {
          "raw_norms": [
            0.9518189430236816,
            1.0011470317840576
          ],
          "unit_cosine": 0.583652138710022
        },
        "14": {
          "raw_norms": [
            0.9757527112960815,
            1.0130906105041504
          ],
          "unit_cosine": 0.5855252742767334
        },
        "15": {
          "raw_norms": [
            1.0079375505447388,
            1.0369741916656494
          ],
          "unit_cosine": 0.5953215956687927
        },
        "16": {
          "raw_norms": [
            1.0036648511886597,
            1.0214205980300903
          ],
          "unit_cosine": 0.6240494847297668
        },
        "17": {
          "raw_norms": [
            1.0475605726242065,
            1.0713597536087036
          ],
          "unit_cosine": 0.642048716545105
        },
        "18": {
          "raw_norms": [
            0.9648074507713318,
            0.9989660978317261
          ],
          "unit_cosine": 0.6078479290008545
        },
        "19": {
          "raw_norms": [
            0.9294682145118713,
            0.9404924511909485
          ],
          "unit_cosine": 0.5425593852996826
        },
        "20": {
          "raw_norms": [
            0.9040904641151428,
            0.9093801379203796
          ],
          "unit_cosine": 0.571215033531189
        },
        "21": {
          "raw_norms": [
            0.9183917045593262,
            0.9184874296188354
          ],
          "unit_cosine": 0.5268915891647339
        },
        "22": {
          "raw_norms": [
            0.9469396471977234,
            0.9536481499671936
          ],
          "unit_cosine": 0.4817274510860443
        },
        "23": {
          "raw_norms": [
            0.9460318684577942,
            0.9364567995071411
          ],
          "unit_cosine": 0.48968249559402466
        },
        "24": {
          "raw_norms": [
            0.9462553858757019,
            0.9306528568267822
          ],
          "unit_cosine": 0.4765143394470215
        }
      },
      "layer_measurements": {
        "6": {
          "source_abs_mean_pre": 1.0082895755767822,
          "source_mean_pre": 1.0082895755767822,
          "source_mean_post": -0.8453965187072754,
          "target_mean_pre": 0.7648181915283203,
          "target_mean_post": 2.6185054779052734
        },
        "7": {
          "source_abs_mean_pre": 0.8222308158874512,
          "source_mean_pre": -0.8222308158874512,
          "source_mean_post": 0.6833288669586182,
          "target_mean_pre": 2.4564757347106934,
          "target_mean_post": 0.9509177803993225
        },
        "8": {
          "source_abs_mean_pre": 0.7019354104995728,
          "source_mean_pre": 0.7019354104995728,
          "source_mean_post": -0.6083014607429504,
          "target_mean_pre": 0.9877834916114807,
          "target_mean_post": 2.2980198860168457
        },
        "9": {
          "source_abs_mean_pre": 0.3182012140750885,
          "source_mean_pre": -0.3182012140750885,
          "source_mean_post": 0.26599615812301636,
          "target_mean_pre": 2.107609987258911,
          "target_mean_post": 1.523413062095642
        },
        "10": {
          "source_abs_mean_pre": 0.3428700268268585,
          "source_mean_pre": 0.3428700268268585,
          "source_mean_post": -0.27481070160865784,
          "target_mean_pre": 1.5283682346343994,
          "target_mean_post": 2.1460494995117188
        },
        "11": {
          "source_abs_mean_pre": 0.16662897169589996,
          "source_mean_pre": -0.16662897169589996,
          "source_mean_post": 0.11911822855472565,
          "target_mean_pre": 1.961220383644104,
          "target_mean_post": 1.6754730939865112
        },
        "12": {
          "source_abs_mean_pre": 0.3028346300125122,
          "source_mean_pre": 0.3028346300125122,
          "source_mean_post": -0.22076714038848877,
          "target_mean_pre": 1.7308695316314697,
          "target_mean_post": 2.2544710636138916
        },
        "13": {
          "source_abs_mean_pre": 0.20325036346912384,
          "source_mean_pre": -0.20325036346912384,
          "source_mean_post": 0.13524098694324493,
          "target_mean_pre": 2.176220178604126,
          "target_mean_post": 1.837728500366211
        },
        "14": {
          "source_abs_mean_pre": 0.21163338422775269,
          "source_mean_pre": 0.09629560261964798,
          "source_mean_post": -0.06335274875164032,
          "target_mean_pre": 1.7738687992095947,
          "target_mean_post": 1.9335170984268188
        },
        "15": {
          "source_abs_mean_pre": 0.08450256288051605,
          "source_mean_pre": 0.023439982905983925,
          "source_mean_post": -0.014502599835395813,
          "target_mean_pre": 1.9267215728759766,
          "target_mean_post": 1.9646642208099365
        },
        "16": {
          "source_abs_mean_pre": 0.11903641372919083,
          "source_mean_pre": 0.11903641372919083,
          "source_mean_post": -0.05997080355882645,
          "target_mean_pre": 2.1269214153289795,
          "target_mean_post": 2.3059282302856445
        },
        "17": {
          "source_abs_mean_pre": 0.054377540946006775,
          "source_mean_pre": 0.05221248418092728,
          "source_mean_post": -0.022545531392097473,
          "target_mean_pre": 2.332017660140991,
          "target_mean_post": 2.406775951385498
        },
        "18": {
          "source_abs_mean_pre": 0.20273646712303162,
          "source_mean_pre": 0.16700968146324158,
          "source_mean_post": -0.0949629545211792,
          "target_mean_pre": 2.7035603523254395,
          "target_mean_post": 2.9655332565307617
        },
        "19": {
          "source_abs_mean_pre": 0.2644834816455841,
          "source_mean_pre": 0.2644834816455841,
          "source_mean_post": -0.21945834159851074,
          "target_mean_pre": 3.264833927154541,
          "target_mean_post": 3.7487759590148926
        },
        "20": {
          "source_abs_mean_pre": 0.08855122327804565,
          "source_mean_pre": -0.05196747928857803,
          "source_mean_post": 0.037164025008678436,
          "target_mean_pre": 3.579702377319336,
          "target_mean_post": 3.4905710220336914
        },
        "21": {
          "source_abs_mean_pre": 0.17014673352241516,
          "source_mean_pre": 0.10211275517940521,
          "source_mean_post": -0.09112878143787384,
          "target_mean_pre": 3.525373935699463,
          "target_mean_post": 3.7186152935028076
        },
        "22": {
          "source_abs_mean_pre": 0.21926966309547424,
          "source_mean_pre": 0.052254948765039444,
          "source_mean_post": -0.05607429891824722,
          "target_mean_pre": 3.9661312103271484,
          "target_mean_post": 4.074460506439209
        },
        "23": {
          "source_abs_mean_pre": 0.4875669777393341,
          "source_mean_pre": 0.12600600719451904,
          "source_mean_post": -0.13120630383491516,
          "target_mean_pre": 4.41908073425293,
          "target_mean_post": 4.67629337310791
        },
        "24": {
          "source_abs_mean_pre": 0.45770376920700073,
          "source_mean_pre": -0.021728094667196274,
          "source_mean_post": 0.02376917004585266,
          "target_mean_pre": 5.310469150543213,
          "target_mean_post": 5.264971733093262
        }
      },
      "provenance": {
        "lens_file": "/__modal/volumes/vo-UTqV2w7ZVWoNtNbbwwfTeq/hf/hub/models--neuronpedia--jacobian-lens/snapshots/16a01f309fcec900fdcec3f4cd5b64f3d00e4d5a/qwen3.5-4b/jlens/Salesforce-wikitext/Qwen3.5-4B_jacobian_lens_n1000.pt",
        "lens_sha256": "1f9a8f8fd593f0ffec1a9640993257ca4560f8ae3e5602315643d5cc6818534e",
        "source_id": 9338,
        "target_id": 5440
      }
    },
    {
      "kind": "intervention",
      "source": "France",
      "target": "China",
      "source_answer": "Paris",
      "target_answer": "Beijing",
      "band": "reference_fraction",
      "layers": [
        9,
        30
      ],
      "operator": "raw_exchange",
      "alpha": 1.0,
      "text": " Paris.\nA. True",
      "first_token": 11751,
      "hit_target": false,
      "stayed_source": true,
      "baseline_ok": true,
      "hook_calls": {
        "9": 1,
        "10": 1,
        "11": 1,
        "12": 1,
        "13": 1,
        "14": 1,
        "15": 1,
        "16": 1,
        "17": 1,
        "18": 1,
        "19": 1,
        "20": 1,
        "21": 1,
        "22": 1,
        "23": 1,
        "24": 1,
        "25": 1,
        "26": 1,
        "27": 1,
        "28": 1,
        "29": 1,
        "30": 1
      },
      "layer_geometry": {
        "9": {
          "raw_norms": [
            0.744547963142395,
            0.7706334590911865
          ],
          "unit_cosine": 0.5410158634185791
        },
        "10": {
          "raw_norms": [
            0.7828574776649475,
            0.8105084300041199
          ],
          "unit_cosine": 0.5496245622634888
        },
        "11": {
          "raw_norms": [
            0.8505480289459229,
            0.8973376154899597
          ],
          "unit_cosine": 0.5712822079658508
        },
        "12": {
          "raw_norms": [
            0.907291829586029,
            0.9530805945396423
          ],
          "unit_cosine": 0.5677496194839478
        },
        "13": {
          "raw_norms": [
            0.9518189430236816,
            1.0011470317840576
          ],
          "unit_cosine": 0.583652138710022
        },
        "14": {
          "raw_norms": [
            0.9757527112960815,
            1.0130906105041504
          ],
          "unit_cosine": 0.5855252742767334
        },
        "15": {
          "raw_norms": [
            1.0079375505447388,
            1.0369741916656494
          ],
          "unit_cosine": 0.5953215956687927
        },
        "16": {
          "raw_norms": [
            1.0036648511886597,
            1.0214205980300903
          ],
          "unit_cosine": 0.6240494847297668
        },
        "17": {
          "raw_norms": [
            1.0475605726242065,
            1.0713597536087036
          ],
          "unit_cosine": 0.642048716545105
        },
        "18": {
          "raw_norms": [
            0.9648074507713318,
            0.9989660978317261
          ],
          "unit_cosine": 0.6078479290008545
        },
        "19": {
          "raw_norms": [
            0.9294682145118713,
            0.9404924511909485
          ],
          "unit_cosine": 0.5425593852996826
        },
        "20": {
          "raw_norms": [
            0.9040904641151428,
            0.9093801379203796
          ],
          "unit_cosine": 0.571215033531189
        },
        "21": {
          "raw_norms": [
            0.9183917045593262,
            0.9184874296188354
          ],
          "unit_cosine": 0.5268915891647339
        },
        "22": {
          "raw_norms": [
            0.9469396471977234,
            0.9536481499671936
          ],
          "unit_cosine": 0.4817274510860443
        },
        "23": {
          "raw_norms": [
            0.9460318684577942,
            0.9364567995071411
          ],
          "unit_cosine": 0.48968249559402466
        },
        "24": {
          "raw_norms": [
            0.9462553858757019,
            0.9306528568267822
          ],
          "unit_cosine": 0.4765143394470215
        },
        "25": {
          "raw_norms": [
            0.9660353660583496,
            0.9852067828178406
          ],
          "unit_cosine": 0.43740901350975037
        },
        "26": {
          "raw_norms": [
            0.996387779712677,
            1.0259013175964355
          ],
          "unit_cosine": 0.42297011613845825
        },
        "27": {
          "raw_norms": [
            0.9848310351371765,
            1.0096800327301025
          ],
          "unit_cosine": 0.4275195002555847
        },
        "28": {
          "raw_norms": [
            0.9207609295845032,
            0.9379457235336304
          ],
          "unit_cosine": 0.399602472782135
        },
        "29": {
          "raw_norms": [
            0.7833813428878784,
            0.7738577723503113
          ],
          "unit_cosine": 0.517499566078186
        },
        "30": {
          "raw_norms": [
            0.7100005745887756,
            0.7126102447509766
          ],
          "unit_cosine": 0.5407922267913818
        }
      },
      "layer_measurements": {
        "9": {
          "coordinate_abs_mean_pre": [
            1.3495630025863647,
            0.44138526916503906
          ],
          "coordinate_mean_pre": [
            1.3495630025863647,
            0.34497201442718506
          ],
          "coordinate_mean_post": [
            0.3449716567993164,
            1.3495632410049438
          ],
          "swap_max_abs_error": 9.238719940185547e-07
        },
        "10": {
          "coordinate_abs_mean_pre": [
            0.43744179606437683,
            1.2819108963012695
          ],
          "coordinate_mean_pre": [
            0.4128151834011078,
            1.2819108963012695
          ],
          "coordinate_mean_post": [
            1.2819108963012695,
            0.41281524300575256
          ],
          "swap_max_abs_error": 4.76837158203125e-07
        },
        "11": {
          "coordinate_abs_mean_pre": [
            1.2200781106948853,
            0.3593410849571228
          ],
          "coordinate_mean_pre": [
            1.2200781106948853,
            0.28292185068130493
          ],
          "coordinate_mean_post": [
            0.2829219400882721,
            1.2200782299041748
          ],
          "swap_max_abs_error": 5.587935447692871e-07
        },
        "12": {
          "coordinate_abs_mean_pre": [
            0.33979666233062744,
            1.202773094177246
          ],
          "coordinate_mean_pre": [
            0.31847506761550903,
            1.202773094177246
          ],
          "coordinate_mean_post": [
            1.2027729749679565,
            0.31847506761550903
          ],
          "swap_max_abs_error": 4.172325134277344e-07
        },
        "13": {
          "coordinate_abs_mean_pre": [
            1.0869715213775635,
            0.3253732919692993
          ],
          "coordinate_mean_pre": [
            1.0869715213775635,
            0.3055630922317505
          ],
          "coordinate_mean_post": [
            0.3055628538131714,
            1.086971640586853
          ],
          "swap_max_abs_error": 7.152557373046875e-07
        },
        "14": {
          "coordinate_abs_mean_pre": [
            0.3230544626712799,
            1.037224292755127
          ],
          "coordinate_mean_pre": [
            0.25211048126220703,
            1.037224292755127
          ],
          "coordinate_mean_post": [
            1.037224292755127,
            0.25211048126220703
          ],
          "swap_max_abs_error": 5.960464477539062e-07
        },
        "15": {
          "coordinate_abs_mean_pre": [
            1.0441590547561646,
            0.3176749050617218
          ],
          "coordinate_mean_pre": [
            1.0441590547561646,
            0.28201839327812195
          ],
          "coordinate_mean_post": [
            0.28201824426651,
            1.044159173965454
          ],
          "swap_max_abs_error": 4.76837158203125e-07
        },
        "16": {
          "coordinate_abs_mean_pre": [
            0.3299466073513031,
            1.1894104480743408
          ],
          "coordinate_mean_pre": [
            0.31609269976615906,
            1.1894104480743408
          ],
          "coordinate_mean_post": [
            1.1894104480743408,
            0.31609272956848145
          ],
          "swap_max_abs_error": 7.152557373046875e-07
        },
        "17": {
          "coordinate_abs_mean_pre": [
            1.1576917171478271,
            0.4054984450340271
          ],
          "coordinate_mean_pre": [
            1.1576917171478271,
            0.3277307152748108
          ],
          "coordinate_mean_post": [
            0.3277302384376526,
            1.1576919555664062
          ],
          "swap_max_abs_error": 1.2665987014770508e-06
        },
        "18": {
          "coordinate_abs_mean_pre": [
            0.47932401299476624,
            1.4591816663742065
          ],
          "coordinate_mean_pre": [
            0.47932401299476624,
            1.4591816663742065
          ],
          "coordinate_mean_post": [
            1.4591822624206543,
            0.4793238043785095
          ],
          "swap_max_abs_error": 1.6689300537109375e-06
        },
        "19": {
          "coordinate_abs_mean_pre": [
            1.74094820022583,
            0.6709105372428894
          ],
          "coordinate_mean_pre": [
            1.74094820022583,
            0.6709105372428894
          ],
          "coordinate_mean_post": [
            0.6709107160568237,
            1.7409483194351196
          ],
          "swap_max_abs_error": 8.344650268554688e-07
        },
        "20": {
          "coordinate_abs_mean_pre": [
            0.6796683669090271,
            1.9290502071380615
          ],
          "coordinate_mean_pre": [
            0.6796683669090271,
            1.9290502071380615
          ],
          "coordinate_mean_post": [
            1.9290504455566406,
            0.6796683669090271
          ],
          "swap_max_abs_error": 1.2442469596862793e-06
        },
        "21": {
          "coordinate_abs_mean_pre": [
            1.9926600456237793,
            0.8015860319137573
          ],
          "coordinate_mean_pre": [
            1.9926600456237793,
            0.8015860319137573
          ],
          "coordinate_mean_post": [
            0.80158531665802,
            1.9926601648330688
          ],
          "swap_max_abs_error": 1.6093254089355469e-06
        },
        "22": {
          "coordinate_abs_mean_pre": [
            1.0589001178741455,
            1.9397225379943848
          ],
          "coordinate_mean_pre": [
            1.0589001178741455,
            1.9397225379943848
          ],
          "coordinate_mean_post": [
            1.9397226572036743,
            1.0589001178741455
          ],
          "swap_max_abs_error": 7.152557373046875e-07
        },
        "23": {
          "coordinate_abs_mean_pre": [
            2.860250949859619,
            1.0219743251800537
          ],
          "coordinate_mean_pre": [
            2.860250949859619,
            0.9702064990997314
          ],
          "coordinate_mean_post": [
            0.9702067971229553,
            2.860250473022461
          ],
          "swap_max_abs_error": 1.3113021850585938e-06
        },
        "24": {
          "coordinate_abs_mean_pre": [
            0.9152942895889282,
            4.04371976852417
          ],
          "coordinate_mean_pre": [
            0.6942168474197388,
            4.04371976852417
          ],
          "coordinate_mean_post": [
            4.043719291687012,
            0.6942174434661865
          ],
          "swap_max_abs_error": 2.384185791015625e-06
        },
        "25": {
          "coordinate_abs_mean_pre": [
            5.262864112854004,
            0.8740602731704712
          ],
          "coordinate_mean_pre": [
            5.262864112854004,
            0.2788545787334442
          ],
          "coordinate_mean_post": [
            0.27885526418685913,
            5.262864112854004
          ],
          "swap_max_abs_error": 1.9073486328125e-06
        },
        "26": {
          "coordinate_abs_mean_pre": [
            0.8288275599479675,
            5.21755313873291
          ],
          "coordinate_mean_pre": [
            0.18907462060451508,
            5.21755313873291
          ],
          "coordinate_mean_post": [
            5.217553615570068,
            0.1890731006860733
          ],
          "swap_max_abs_error": 2.2649765014648438e-06
        },
        "27": {
          "coordinate_abs_mean_pre": [
            5.820864677429199,
            0.8803707361221313
          ],
          "coordinate_mean_pre": [
            5.820864677429199,
            0.33458995819091797
          ],
          "coordinate_mean_post": [
            0.3345891237258911,
            5.820864677429199
          ],
          "swap_max_abs_error": 3.4570693969726562e-06
        },
        "28": {
          "coordinate_abs_mean_pre": [
            1.116538166999817,
            6.882913589477539
          ],
          "coordinate_mean_pre": [
            0.6486424207687378,
            6.882913589477539
          ],
          "coordinate_mean_post": [
            6.882913112640381,
            0.648642361164093
          ],
          "swap_max_abs_error": 1.9073486328125e-06
        },
        "29": {
          "coordinate_abs_mean_pre": [
            8.882195472717285,
            1.8377455472946167
          ],
          "coordinate_mean_pre": [
            8.882195472717285,
            0.4763931632041931
          ],
          "coordinate_mean_post": [
            0.47639214992523193,
            8.882194519042969
          ],
          "swap_max_abs_error": 4.76837158203125e-06
        },
        "30": {
          "coordinate_abs_mean_pre": [
            1.9861392974853516,
            9.142753601074219
          ],
          "coordinate_mean_pre": [
            0.6831123232841492,
            9.142753601074219
          ],
          "coordinate_mean_post": [
            9.142752647399902,
            0.6831150650978088
          ],
          "swap_max_abs_error": 4.76837158203125e-06
        }
      },
      "provenance": {
        "lens_file": "/__modal/volumes/vo-UTqV2w7ZVWoNtNbbwwfTeq/hf/hub/models--neuronpedia--jacobian-lens/snapshots/16a01f309fcec900fdcec3f4cd5b64f3d00e4d5a/qwen3.5-4b/jlens/Salesforce-wikitext/Qwen3.5-4B_jacobian_lens_n1000.pt",
        "lens_sha256": "1f9a8f8fd593f0ffec1a9640993257ca4560f8ae3e5602315643d5cc6818534e",
        "source_id": 9338,
        "target_id": 5440
      }
    },
    {
      "kind": "intervention",
      "source": "France",
      "target": "China",
      "source_answer": "Paris",
      "target_answer": "Beijing",
      "band": "reference_fraction",
      "layers": [
        9,
        30
      ],
      "operator": "raw_exchange",
      "alpha": 2.0,
      "text": " France, France, China,",
      "first_token": 9338,
      "hit_target": false,
      "stayed_source": false,
      "baseline_ok": true,
      "hook_calls": {
        "9": 1,
        "10": 1,
        "11": 1,
        "12": 1,
        "13": 1,
        "14": 1,
        "15": 1,
        "16": 1,
        "17": 1,
        "18": 1,
        "19": 1,
        "20": 1,
        "21": 1,
        "22": 1,
        "23": 1,
        "24": 1,
        "25": 1,
        "26": 1,
        "27": 1,
        "28": 1,
        "29": 1,
        "30": 1
      },
      "layer_geometry": {
        "9": {
          "raw_norms": [
            0.744547963142395,
            0.7706334590911865
          ],
          "unit_cosine": 0.5410158634185791
        },
        "10": {
          "raw_norms": [
            0.7828574776649475,
            0.8105084300041199
          ],
          "unit_cosine": 0.5496245622634888
        },
        "11": {
          "raw_norms": [
            0.8505480289459229,
            0.8973376154899597
          ],
          "unit_cosine": 0.5712822079658508
        },
        "12": {
          "raw_norms": [
            0.907291829586029,
            0.9530805945396423
          ],
          "unit_cosine": 0.5677496194839478
        },
        "13": {
          "raw_norms": [
            0.9518189430236816,
            1.0011470317840576
          ],
          "unit_cosine": 0.583652138710022
        },
        "14": {
          "raw_norms": [
            0.9757527112960815,
            1.0130906105041504
          ],
          "unit_cosine": 0.5855252742767334
        },
        "15": {
          "raw_norms": [
            1.0079375505447388,
            1.0369741916656494
          ],
          "unit_cosine": 0.5953215956687927
        },
        "16": {
          "raw_norms": [
            1.0036648511886597,
            1.0214205980300903
          ],
          "unit_cosine": 0.6240494847297668
        },
        "17": {
          "raw_norms": [
            1.0475605726242065,
            1.0713597536087036
          ],
          "unit_cosine": 0.642048716545105
        },
        "18": {
          "raw_norms": [
            0.9648074507713318,
            0.9989660978317261
          ],
          "unit_cosine": 0.6078479290008545
        },
        "19": {
          "raw_norms": [
            0.9294682145118713,
            0.9404924511909485
          ],
          "unit_cosine": 0.5425593852996826
        },
        "20": {
          "raw_norms": [
            0.9040904641151428,
            0.9093801379203796
          ],
          "unit_cosine": 0.571215033531189
        },
        "21": {
          "raw_norms": [
            0.9183917045593262,
            0.9184874296188354
          ],
          "unit_cosine": 0.5268915891647339
        },
        "22": {
          "raw_norms": [
            0.9469396471977234,
            0.9536481499671936
          ],
          "unit_cosine": 0.4817274510860443
        },
        "23": {
          "raw_norms": [
            0.9460318684577942,
            0.9364567995071411
          ],
          "unit_cosine": 0.48968249559402466
        },
        "24": {
          "raw_norms": [
            0.9462553858757019,
            0.9306528568267822
          ],
          "unit_cosine": 0.4765143394470215
        },
        "25": {
          "raw_norms": [
            0.9660353660583496,
            0.9852067828178406
          ],
          "unit_cosine": 0.43740901350975037
        },
        "26": {
          "raw_norms": [
            0.996387779712677,
            1.0259013175964355
          ],
          "unit_cosine": 0.42297011613845825
        },
        "27": {
          "raw_norms": [
            0.9848310351371765,
            1.0096800327301025
          ],
          "unit_cosine": 0.4275195002555847
        },
        "28": {
          "raw_norms": [
            0.9207609295845032,
            0.9379457235336304
          ],
          "unit_cosine": 0.399602472782135
        },
        "29": {
          "raw_norms": [
            0.7833813428878784,
            0.7738577723503113
          ],
          "unit_cosine": 0.517499566078186
        },
        "30": {
          "raw_norms": [
            0.7100005745887756,
            0.7126102447509766
          ],
          "unit_cosine": 0.5407922267913818
        }
      },
      "layer_measurements": {
        "9": {
          "coordinate_abs_mean_pre": [
            1.3495630025863647,
            0.44138526916503906
          ],
          "coordinate_mean_pre": [
            1.3495630025863647,
            0.34497201442718506
          ],
          "coordinate_mean_post": [
            -0.6596195697784424,
            2.354154348373413
          ],
          "swap_max_abs_error": 2.384185791015625e-06
        },
        "10": {
          "coordinate_abs_mean_pre": [
            1.1903796195983887,
            2.190485954284668
          ],
          "coordinate_mean_pre": [
            -0.502266526222229,
            2.190485954284668
          ],
          "coordinate_mean_post": [
            4.883239269256592,
            -3.1950201988220215
          ],
          "swap_max_abs_error": 5.7220458984375e-06
        },
        "11": {
          "coordinate_abs_mean_pre": [
            4.781125068664551,
            3.8422584533691406
          ],
          "coordinate_mean_pre": [
            4.556955337524414,
            -3.028514862060547
          ],
          "coordinate_mean_post": [
            -10.613985061645508,
            12.142427444458008
          ],
          "swap_max_abs_error": 3.814697265625e-06
        },
        "12": {
          "coordinate_abs_mean_pre": [
            10.050220489501953,
            11.003166198730469
          ],
          "coordinate_mean_pre": [
            -8.493358612060547,
            10.166261672973633
          ],
          "coordinate_mean_post": [
            28.825881958007812,
            -27.152976989746094
          ],
          "swap_max_abs_error": 7.62939453125e-06
        },
        "13": {
          "coordinate_abs_mean_pre": [
            30.10582733154297,
            29.178089141845703
          ],
          "coordinate_mean_pre": [
            27.1555233001709,
            -25.51559829711914
          ],
          "coordinate_mean_post": [
            -78.18675231933594,
            79.82667541503906
          ],
          "swap_max_abs_error": 0.000152587890625
        },
        "14": {
          "coordinate_abs_mean_pre": [
            84.23548889160156,
            85.89924621582031
          ],
          "coordinate_mean_pre": [
            -74.44451141357422,
            76.66976928710938
          ],
          "coordinate_mean_post": [
            227.7840576171875,
            -225.55880737304688
          ],
          "swap_max_abs_error": 0.0001220703125
        },
        "15": {
          "coordinate_abs_mean_pre": [
            246.6381378173828,
            245.40695190429688
          ],
          "coordinate_mean_pre": [
            219.78955078125,
            -218.12051391601562
          ],
          "coordinate_mean_post": [
            -656.0306396484375,
            657.6995849609375
          ],
          "swap_max_abs_error": 0.00048828125
        },
        "16": {
          "coordinate_abs_mean_pre": [
            740.5667724609375,
            745.349365234375
          ],
          "coordinate_mean_pre": [
            -660.7476806640625,
            665.0381469726562
          ],
          "coordinate_mean_post": [
            1990.824462890625,
            -1986.53369140625
          ],
          "swap_max_abs_error": 0.00341796875
        },
        "17": {
          "coordinate_abs_mean_pre": [
            2110.8681640625,
            2095.57275390625
          ],
          "coordinate_mean_pre": [
            1884.981201171875,
            -1871.72119140625
          ],
          "coordinate_mean_post": [
            -5628.42724609375,
            5641.6845703125
          ],
          "swap_max_abs_error": 0.015625
        },
        "18": {
          "coordinate_abs_mean_pre": [
            6137.53271484375,
            6119.666015625
          ],
          "coordinate_mean_pre": [
            -5481.6904296875,
            5465.2001953125
          ],
          "coordinate_mean_post": [
            16412.09765625,
            -16428.5859375
          ],
          "swap_max_abs_error": 0.03125
        },
        "19": {
          "coordinate_abs_mean_pre": [
            15906.126953125,
            16401.55859375
          ],
          "coordinate_mean_pre": [
            14205.65234375,
            -14647.70703125
          ],
          "coordinate_mean_post": [
            -43501.0703125,
            43059.0234375
          ],
          "swap_max_abs_error": 0.03125
        },
        "20": {
          "coordinate_abs_mean_pre": [
            49116.6484375,
            48717.4765625
          ],
          "coordinate_mean_pre": [
            -43867.6328125,
            43509.3125
          ],
          "coordinate_mean_post": [
            130886.265625,
            -131244.578125
          ],
          "swap_max_abs_error": 0.125
        },
        "21": {
          "coordinate_abs_mean_pre": [
            133485.59375,
            134670.25
          ],
          "coordinate_mean_pre": [
            119217.859375,
            -120278.6875
          ],
          "coordinate_mean_post": [
            -359775.375,
            358714.46875
          ],
          "swap_max_abs_error": 0.5
        },
        "22": {
          "coordinate_abs_mean_pre": [
            361593.53125,
            358212.40625
          ],
          "coordinate_mean_pre": [
            -322951.875,
            319926.9375
          ],
          "coordinate_mean_post": [
            962805.6875,
            -965830.625
          ],
          "swap_max_abs_error": 0.5
        },
        "23": {
          "coordinate_abs_mean_pre": [
            1042424.875,
            1046178.875
          ],
          "coordinate_mean_pre": [
            931016.375,
            -934375.0
          ],
          "coordinate_mean_post": [
            -2799766.25,
            2796406.5
          ],
          "swap_max_abs_error": 4.0
        },
        "24": {
          "coordinate_abs_mean_pre": [
            3008153.25,
            3021647.0
          ],
          "coordinate_mean_pre": [
            -2686684.25,
            2698711.25
          ],
          "coordinate_mean_post": [
            8084106.0,
            -8072078.5
          ],
          "swap_max_abs_error": 2.5
        },
        "25": {
          "coordinate_abs_mean_pre": [
            8329962.5,
            8055756.0
          ],
          "coordinate_mean_pre": [
            7439726.0,
            -7194807.0
          ],
          "coordinate_mean_post": [
            -21829340.0,
            22074258.0
          ],
          "swap_max_abs_error": 8.0
        },
        "26": {
          "coordinate_abs_mean_pre": [
            22926382.0,
            22878716.0
          ],
          "coordinate_mean_pre": [
            -20476140.0,
            20433604.0
          ],
          "coordinate_mean_post": [
            61343348.0,
            -61385904.0
          ],
          "swap_max_abs_error": 112.0
        },
        "27": {
          "coordinate_abs_mean_pre": [
            68375888.0,
            68828944.0
          ],
          "coordinate_mean_pre": [
            61067652.0,
            -61472440.0
          ],
          "coordinate_mean_post": [
            -184012544.0,
            183607760.0
          ],
          "swap_max_abs_error": 192.0
        },
        "28": {
          "coordinate_abs_mean_pre": [
            212222016.0,
            213720192.0
          ],
          "coordinate_mean_pre": [
            -189537952.0,
            190875632.0
          ],
          "coordinate_mean_post": [
            571289088.0,
            -569951424.0
          ],
          "swap_max_abs_error": 768.0
        },
        "29": {
          "coordinate_abs_mean_pre": [
            811081472.0,
            814279552.0
          ],
          "coordinate_mean_pre": [
            724390016.0,
            -727246336.0
          ],
          "coordinate_mean_post": [
            -2178883072.0,
            2176025856.0
          ],
          "swap_max_abs_error": 3072.0
        },
        "30": {
          "coordinate_abs_mean_pre": [
            2696558080.0,
            2665123328.0
          ],
          "coordinate_mean_pre": [
            -2408356096.0,
            2380276736.0
          ],
          "coordinate_mean_post": [
            7168909312.0,
            -7196986368.0
          ],
          "swap_max_abs_error": 12288.0
        }
      },
      "provenance": {
        "lens_file": "/__modal/volumes/vo-UTqV2w7ZVWoNtNbbwwfTeq/hf/hub/models--neuronpedia--jacobian-lens/snapshots/16a01f309fcec900fdcec3f4cd5b64f3d00e4d5a/qwen3.5-4b/jlens/Salesforce-wikitext/Qwen3.5-4B_jacobian_lens_n1000.pt",
        "lens_sha256": "1f9a8f8fd593f0ffec1a9640993257ca4560f8ae3e5602315643d5cc6818534e",
        "source_id": 9338,
        "target_id": 5440
      }
    },
    {
      "kind": "intervention",
      "source": "France",
      "target": "China",
      "source_answer": "Paris",
      "target_answer": "Beijing",
      "band": "reference_fraction",
      "layers": [
        9,
        30
      ],
      "operator": "raw_exchange",
      "alpha": 4.0,
      "text": " France China, China France,",
      "first_token": 9338,
      "hit_target": false,
      "stayed_source": false,
      "baseline_ok": true,
      "hook_calls": {
        "9": 1,
        "10": 1,
        "11": 1,
        "12": 1,
        "13": 1,
        "14": 1,
        "15": 1,
        "16": 1,
        "17": 1,
        "18": 1,
        "19": 1,
        "20": 1,
        "21": 1,
        "22": 1,
        "23": 1,
        "24": 1,
        "25": 1,
        "26": 1,
        "27": 1,
        "28": 1,
        "29": 1,
        "30": 1
      },
      "layer_geometry": {
        "9": {
          "raw_norms": [
            0.744547963142395,
            0.7706334590911865
          ],
          "unit_cosine": 0.5410158634185791
        },
        "10": {
          "raw_norms": [
            0.7828574776649475,
            0.8105084300041199
          ],
          "unit_cosine": 0.5496245622634888
        },
        "11": {
          "raw_norms": [
            0.8505480289459229,
            0.8973376154899597
          ],
          "unit_cosine": 0.5712822079658508
        },
        "12": {
          "raw_norms": [
            0.907291829586029,
            0.9530805945396423
          ],
          "unit_cosine": 0.5677496194839478
        },
        "13": {
          "raw_norms": [
            0.9518189430236816,
            1.0011470317840576
          ],
          "unit_cosine": 0.583652138710022
        },
        "14": {
          "raw_norms": [
            0.9757527112960815,
            1.0130906105041504
          ],
          "unit_cosine": 0.5855252742767334
        },
        "15": {
          "raw_norms": [
            1.0079375505447388,
            1.0369741916656494
          ],
          "unit_cosine": 0.5953215956687927
        },
        "16": {
          "raw_norms": [
            1.0036648511886597,
            1.0214205980300903
          ],
          "unit_cosine": 0.6240494847297668
        },
        "17": {
          "raw_norms": [
            1.0475605726242065,
            1.0713597536087036
          ],
          "unit_cosine": 0.642048716545105
        },
        "18": {
          "raw_norms": [
            0.9648074507713318,
            0.9989660978317261
          ],
          "unit_cosine": 0.6078479290008545
        },
        "19": {
          "raw_norms": [
            0.9294682145118713,
            0.9404924511909485
          ],
          "unit_cosine": 0.5425593852996826
        },
        "20": {
          "raw_norms": [
            0.9040904641151428,
            0.9093801379203796
          ],
          "unit_cosine": 0.571215033531189
        },
        "21": {
          "raw_norms": [
            0.9183917045593262,
            0.9184874296188354
          ],
          "unit_cosine": 0.5268915891647339
        },
        "22": {
          "raw_norms": [
            0.9469396471977234,
            0.9536481499671936
          ],
          "unit_cosine": 0.4817274510860443
        },
        "23": {
          "raw_norms": [
            0.9460318684577942,
            0.9364567995071411
          ],
          "unit_cosine": 0.48968249559402466
        },
        "24": {
          "raw_norms": [
            0.9462553858757019,
            0.9306528568267822
          ],
          "unit_cosine": 0.4765143394470215
        },
        "25": {
          "raw_norms": [
            0.9660353660583496,
            0.9852067828178406
          ],
          "unit_cosine": 0.43740901350975037
        },
        "26": {
          "raw_norms": [
            0.996387779712677,
            1.0259013175964355
          ],
          "unit_cosine": 0.42297011613845825
        },
        "27": {
          "raw_norms": [
            0.9848310351371765,
            1.0096800327301025
          ],
          "unit_cosine": 0.4275195002555847
        },
        "28": {
          "raw_norms": [
            0.9207609295845032,
            0.9379457235336304
          ],
          "unit_cosine": 0.399602472782135
        },
        "29": {
          "raw_norms": [
            0.7833813428878784,
            0.7738577723503113
          ],
          "unit_cosine": 0.517499566078186
        },
        "30": {
          "raw_norms": [
            0.7100005745887756,
            0.7126102447509766
          ],
          "unit_cosine": 0.5407922267913818
        }
      },
      "layer_measurements": {
        "9": {
          "coordinate_abs_mean_pre": [
            1.3495630025863647,
            0.44138526916503906
          ],
          "coordinate_mean_pre": [
            1.3495630025863647,
            0.34497201442718506
          ],
          "coordinate_mean_post": [
            -2.668801784515381,
            4.36333703994751
          ],
          "swap_max_abs_error": 3.814697265625e-06
        },
        "10": {
          "coordinate_abs_mean_pre": [
            3.1097328662872314,
            4.148542404174805
          ],
          "coordinate_mean_pre": [
            -2.310281276702881,
            3.9735519886016846
          ],
          "coordinate_mean_post": [
            22.825054168701172,
            -21.161785125732422
          ],
          "swap_max_abs_error": 2.288818359375e-05
        },
        "11": {
          "coordinate_abs_mean_pre": [
            23.560932159423828,
            22.53542709350586
          ],
          "coordinate_mean_pre": [
            21.509056091308594,
            -19.896377563476562
          ],
          "coordinate_mean_post": [
            -144.1126708984375,
            145.72537231445312
          ],
          "swap_max_abs_error": 6.103515625e-05
        },
        "12": {
          "coordinate_abs_mean_pre": [
            142.29745483398438,
            142.831298828125
          ],
          "coordinate_mean_pre": [
            -127.59830474853516,
            128.8126220703125
          ],
          "coordinate_mean_post": [
            898.0453491210938,
            -896.8311767578125
          ],
          "swap_max_abs_error": 0.00048828125
        },
        "13": {
          "coordinate_abs_mean_pre": [
            944.966552734375,
            941.8822021484375
          ],
          "coordinate_mean_pre": [
            850.1178588867188,
            -846.6298828125
          ],
          "coordinate_mean_post": [
            -5936.875,
            5940.36328125
          ],
          "swap_max_abs_error": 0.0078125
        },
        "14": {
          "coordinate_abs_mean_pre": [
            6304.740234375,
            6376.611328125
          ],
          "coordinate_mean_pre": [
            -5669.255859375,
            5734.4560546875
          ],
          "coordinate_mean_post": [
            39945.59375,
            -39880.3984375
          ],
          "swap_max_abs_error": 0.015625
        },
        "15": {
          "coordinate_abs_mean_pre": [
            42597.4921875,
            42604.76171875
          ],
          "coordinate_mean_pre": [
            38306.46484375,
            -38312.0703125
          ],
          "coordinate_mean_post": [
            -268167.65625,
            268162.125
          ],
          "swap_max_abs_error": 0.25
        },
        "16": {
          "coordinate_abs_mean_pre": [
            300277.625,
            301577.125
          ],
          "coordinate_mean_pre": [
            -270026.65625,
            271196.28125
          ],
          "coordinate_mean_post": [
            1894865.5,
            -1893695.75
          ],
          "swap_max_abs_error": 2.0
        },
        "17": {
          "coordinate_abs_mean_pre": [
            1995846.5,
            1985894.25
          ],
          "coordinate_mean_pre": [
            1794759.625,
            -1785805.75
          ],
          "coordinate_mean_post": [
            -12527508.0,
            12536458.0
          ],
          "swap_max_abs_error": 20.0
        },
        "18": {
          "coordinate_abs_mean_pre": [
            13569478.0,
            13506258.0
          ],
          "coordinate_mean_pre": [
            -12202408.0,
            12145582.0
          ],
          "coordinate_mean_post": [
            85189584.0,
            -85246400.0
          ],
          "swap_max_abs_error": 160.0
        },
        "19": {
          "coordinate_abs_mean_pre": [
            82202240.0,
            84660440.0
          ],
          "coordinate_mean_pre": [
            73920232.0,
            -76130688.0
          ],
          "coordinate_mean_post": [
            -526283392.0,
            524072928.0
          ],
          "swap_max_abs_error": 256.0
        },
        "20": {
          "coordinate_abs_mean_pre": [
            592023168.0,
            589681536.0
          ],
          "coordinate_mean_pre": [
            -532370464.0,
            530266016.0
          ],
          "coordinate_mean_post": [
            3718175232.0,
            -3720279552.0
          ],
          "swap_max_abs_error": 1024.0
        },
        "21": {
          "coordinate_abs_mean_pre": [
            3768918016.0,
            3791399936.0
          ],
          "coordinate_mean_pre": [
            3389181440.0,
            -3409406464.0
          ],
          "coordinate_mean_post": [
            -23805179904.0,
            23784947712.0
          ],
          "swap_max_abs_error": 40960.0
        },
        "22": {
          "coordinate_abs_mean_pre": [
            23754047488.0,
            23576709120.0
          ],
          "coordinate_mean_pre": [
            -21360621568.0,
            21201256448.0
          ],
          "coordinate_mean_post": [
            148886896640.0,
            -149046231040.0
          ],
          "swap_max_abs_error": 131072.0
        },
        "23": {
          "coordinate_abs_mean_pre": [
            160092504064.0,
            160483540992.0
          ],
          "coordinate_mean_pre": [
            143959293952.0,
            -144311435264.0
          ],
          "coordinate_mean_post": [
            -1009123459072.0,
            1008771137536.0
          ],
          "swap_max_abs_error": 1048576.0
        },
        "24": {
          "coordinate_abs_mean_pre": [
            1077413281792.0,
            1082637680640.0
          ],
          "coordinate_mean_pre": [
            -968851324928.0,
            973537738752.0
          ],
          "coordinate_mean_post": [
            6800704274432.0,
            -6796017139712.0
          ],
          "swap_max_abs_error": 4194304.0
        },
        "25": {
          "coordinate_abs_mean_pre": [
            6965016133632.0,
            6744763793408.0
          ],
          "coordinate_mean_pre": [
            6263193206784.0,
            -6065143939072.0
          ],
          "coordinate_mean_post": [
            -43050151706624.0,
            43248202547200.0
          ],
          "swap_max_abs_error": 33554432.0
        },
        "26": {
          "coordinate_abs_mean_pre": [
            44936728674304.0,
            44543575588864.0
          ],
          "coordinate_mean_pre": [
            -40408914591744.0,
            40055225712640.0
          ],
          "coordinate_mean_post": [
            281447663403008.0,
            -281801427779584.0
          ],
          "swap_max_abs_error": 335544320.0
        },
        "27": {
          "coordinate_abs_mean_pre": [
            311734497705984.0,
            313895906443264.0
          ],
          "coordinate_mean_pre": [
            280322734292992.0,
            -282264713822208.0
          ],
          "coordinate_mean_post": [
            -1970027007836160.0,
            1968085011529728.0
          ],
          "swap_max_abs_error": 1073741824.0
        },
        "28": {
          "coordinate_abs_mean_pre": [
            2257005850918912.0,
            2275231813074944.0
          ],
          "coordinate_mean_pre": [
            -2029591224909824.0,
            2045980685893632.0
          ],
          "coordinate_mean_post": [
            1.4272696015650816e+16,
            -1.4256304272965632e+16
          ],
          "swap_max_abs_error": 12884901888.0
        },
        "29": {
          "coordinate_abs_mean_pre": [
            2.0156973009862656e+16,
            2.024664977951949e+16
          ],
          "coordinate_mean_pre": [
            1.8125906597904384e+16,
            -1.8206447972122624e+16
          ],
          "coordinate_mean_post": [
            -1.2720354818942566e+17,
            1.2712294024321434e+17
          ],
          "swap_max_abs_error": 137438953472.0
        },
        "30": {
          "coordinate_abs_mean_pre": [
            1.5641291639488512e+17,
            1.5463906054189875e+17
          ],
          "coordinate_mean_pre": [
            -1.406524565928018e+17,
            1.3905679893292646e+17
          ],
          "coordinate_mean_post": [
            9.781845053805691e+17,
            -9.79779896752472e+17
          ],
          "swap_max_abs_error": 1374389534720.0
        }
      },
      "provenance": {
        "lens_file": "/__modal/volumes/vo-UTqV2w7ZVWoNtNbbwwfTeq/hf/hub/models--neuronpedia--jacobian-lens/snapshots/16a01f309fcec900fdcec3f4cd5b64f3d00e4d5a/qwen3.5-4b/jlens/Salesforce-wikitext/Qwen3.5-4B_jacobian_lens_n1000.pt",
        "lens_sha256": "1f9a8f8fd593f0ffec1a9640993257ca4560f8ae3e5602315643d5cc6818534e",
        "source_id": 9338,
        "target_id": 5440
      }
    },
    {
      "kind": "intervention",
      "source": "France",
      "target": "China",
      "source_answer": "Paris",
      "target_answer": "Beijing",
      "band": "reference_fraction",
      "layers": [
        9,
        30
      ],
      "operator": "unit_exchange",
      "alpha": 1.0,
      "text": " Paris.\nA. True",
      "first_token": 11751,
      "hit_target": false,
      "stayed_source": true,
      "baseline_ok": true,
      "hook_calls": {
        "9": 1,
        "10": 1,
        "11": 1,
        "12": 1,
        "13": 1,
        "14": 1,
        "15": 1,
        "16": 1,
        "17": 1,
        "18": 1,
        "19": 1,
        "20": 1,
        "21": 1,
        "22": 1,
        "23": 1,
        "24": 1,
        "25": 1,
        "26": 1,
        "27": 1,
        "28": 1,
        "29": 1,
        "30": 1
      },
      "layer_geometry": {
        "9": {
          "raw_norms": [
            0.744547963142395,
            0.7706334590911865
          ],
          "unit_cosine": 0.5410158634185791
        },
        "10": {
          "raw_norms": [
            0.7828574776649475,
            0.8105084300041199
          ],
          "unit_cosine": 0.5496245622634888
        },
        "11": {
          "raw_norms": [
            0.8505480289459229,
            0.8973376154899597
          ],
          "unit_cosine": 0.5712822079658508
        },
        "12": {
          "raw_norms": [
            0.907291829586029,
            0.9530805945396423
          ],
          "unit_cosine": 0.5677496194839478
        },
        "13": {
          "raw_norms": [
            0.9518189430236816,
            1.0011470317840576
          ],
          "unit_cosine": 0.583652138710022
        },
        "14": {
          "raw_norms": [
            0.9757527112960815,
            1.0130906105041504
          ],
          "unit_cosine": 0.5855252742767334
        },
        "15": {
          "raw_norms": [
            1.0079375505447388,
            1.0369741916656494
          ],
          "unit_cosine": 0.5953215956687927
        },
        "16": {
          "raw_norms": [
            1.0036648511886597,
            1.0214205980300903
          ],
          "unit_cosine": 0.6240494847297668
        },
        "17": {
          "raw_norms": [
            1.0475605726242065,
            1.0713597536087036
          ],
          "unit_cosine": 0.642048716545105
        },
        "18": {
          "raw_norms": [
            0.9648074507713318,
            0.9989660978317261
          ],
          "unit_cosine": 0.6078479290008545
        },
        "19": {
          "raw_norms": [
            0.9294682145118713,
            0.9404924511909485
          ],
          "unit_cosine": 0.5425593852996826
        },
        "20": {
          "raw_norms": [
            0.9040904641151428,
            0.9093801379203796
          ],
          "unit_cosine": 0.571215033531189
        },
        "21": {
          "raw_norms": [
            0.9183917045593262,
            0.9184874296188354
          ],
          "unit_cosine": 0.5268915891647339
        },
        "22": {
          "raw_norms": [
            0.9469396471977234,
            0.9536481499671936
          ],
          "unit_cosine": 0.4817274510860443
        },
        "23": {
          "raw_norms": [
            0.9460318684577942,
            0.9364567995071411
          ],
          "unit_cosine": 0.48968249559402466
        },
        "24": {
          "raw_norms": [
            0.9462553858757019,
            0.9306528568267822
          ],
          "unit_cosine": 0.4765143394470215
        },
        "25": {
          "raw_norms": [
            0.9660353660583496,
            0.9852067828178406
          ],
          "unit_cosine": 0.43740901350975037
        },
        "26": {
          "raw_norms": [
            0.996387779712677,
            1.0259013175964355
          ],
          "unit_cosine": 0.42297011613845825
        },
        "27": {
          "raw_norms": [
            0.9848310351371765,
            1.0096800327301025
          ],
          "unit_cosine": 0.4275195002555847
        },
        "28": {
          "raw_norms": [
            0.9207609295845032,
            0.9379457235336304
          ],
          "unit_cosine": 0.399602472782135
        },
        "29": {
          "raw_norms": [
            0.7833813428878784,
            0.7738577723503113
          ],
          "unit_cosine": 0.517499566078186
        },
        "30": {
          "raw_norms": [
            0.7100005745887756,
            0.7126102447509766
          ],
          "unit_cosine": 0.5407922267913818
        }
      },
      "layer_measurements": {
        "9": {
          "coordinate_abs_mean_pre": [
            1.0048143863677979,
            0.340146541595459
          ],
          "coordinate_mean_pre": [
            1.0048143863677979,
            0.2658476233482361
          ],
          "coordinate_mean_post": [
            0.2658472955226898,
            1.0048143863677979
          ],
          "swap_max_abs_error": 1.7583370208740234e-06
        },
        "10": {
          "coordinate_abs_mean_pre": [
            0.35341835021972656,
            1.0059384107589722
          ],
          "coordinate_mean_pre": [
            0.3318895697593689,
            1.0059384107589722
          ],
          "coordinate_mean_post": [
            1.0059382915496826,
            0.33188968896865845
          ],
          "swap_max_abs_error": 9.5367431640625e-07
        },
        "11": {
          "coordinate_abs_mean_pre": [
            1.039980411529541,
            0.3213892877101898
          ],
          "coordinate_mean_pre": [
            1.039980411529541,
            0.2504426836967468
          ],
          "coordinate_mean_post": [
            0.2504427134990692,
            1.0399806499481201
          ],
          "swap_max_abs_error": 7.152557373046875e-07
        },
        "12": {
          "coordinate_abs_mean_pre": [
            0.32180607318878174,
            1.096086025238037
          ],
          "coordinate_mean_pre": [
            0.29791170358657837,
            1.096086025238037
          ],
          "coordinate_mean_post": [
            1.096085786819458,
            0.29791179299354553
          ],
          "swap_max_abs_error": 7.152557373046875e-07
        },
        "13": {
          "coordinate_abs_mean_pre": [
            1.0390807390213013,
            0.3200245499610901
          ],
          "coordinate_mean_pre": [
            1.0390807390213013,
            0.30005037784576416
          ],
          "coordinate_mean_post": [
            0.3000500798225403,
            1.0390809774398804
          ],
          "swap_max_abs_error": 1.1380761861801147e-06
        },
        "14": {
          "coordinate_abs_mean_pre": [
            0.32534724473953247,
            1.0027698278427124
          ],
          "coordinate_mean_pre": [
            0.2556423246860504,
            1.0027698278427124
          ],
          "coordinate_mean_post": [
            1.0027698278427124,
            0.25564226508140564
          ],
          "swap_max_abs_error": 7.152557373046875e-07
        },
        "15": {
          "coordinate_abs_mean_pre": [
            1.0427749156951904,
            0.3279227614402771
          ],
          "coordinate_mean_pre": [
            1.0427749156951904,
            0.2931594252586365
          ],
          "coordinate_mean_post": [
            0.2931593954563141,
            1.0427749156951904
          ],
          "swap_max_abs_error": 4.76837158203125e-07
        },
        "16": {
          "coordinate_abs_mean_pre": [
            0.342827707529068,
            1.172964096069336
          ],
          "coordinate_mean_pre": [
            0.32933393120765686,
            1.172964096069336
          ],
          "coordinate_mean_post": [
            1.172964096069336,
            0.3293339014053345
          ],
          "swap_max_abs_error": 4.76837158203125e-07
        },
        "17": {
          "coordinate_abs_mean_pre": [
            1.193068504333496,
            0.4375976324081421
          ],
          "coordinate_mean_pre": [
            1.193068504333496,
            0.3579067587852478
          ],
          "coordinate_mean_post": [
            0.3579067885875702,
            1.193068265914917
          ],
          "swap_max_abs_error": 5.960464477539062e-07
        },
        "18": {
          "coordinate_abs_mean_pre": [
            0.47545862197875977,
            1.4085667133331299
          ],
          "coordinate_mean_pre": [
            0.47545862197875977,
            1.4085667133331299
          ],
          "coordinate_mean_post": [
            1.4085664749145508,
            0.47545865178108215
          ],
          "swap_max_abs_error": 8.642673492431641e-07
        },
        "19": {
          "coordinate_abs_mean_pre": [
            1.6218777894973755,
            0.6291645169258118
          ],
          "coordinate_mean_pre": [
            1.6218777894973755,
            0.6291645169258118
          ],
          "coordinate_mean_post": [
            0.6291643381118774,
            1.621877908706665
          ],
          "swap_max_abs_error": 8.344650268554688e-07
        },
        "20": {
          "coordinate_abs_mean_pre": [
            0.620341420173645,
            1.7385838031768799
          ],
          "coordinate_mean_pre": [
            0.620341420173645,
            1.7385838031768799
          ],
          "coordinate_mean_post": [
            1.7385835647583008,
            0.6203415393829346
          ],
          "swap_max_abs_error": 7.152557373046875e-07
        },
        "21": {
          "coordinate_abs_mean_pre": [
            1.8246480226516724,
            0.7370196580886841
          ],
          "coordinate_mean_pre": [
            1.8246480226516724,
            0.7370196580886841
          ],
          "coordinate_mean_post": [
            0.7370192408561707,
            1.8246476650238037
          ],
          "swap_max_abs_error": 1.430511474609375e-06
        },
        "22": {
          "coordinate_abs_mean_pre": [
            1.003225564956665,
            1.8440147638320923
          ],
          "coordinate_mean_pre": [
            1.003225564956665,
            1.8440147638320923
          ],
          "coordinate_mean_post": [
            1.8440147638320923,
            1.0032254457473755
          ],
          "swap_max_abs_error": 4.76837158203125e-07
        },
        "23": {
          "coordinate_abs_mean_pre": [
            2.7196872234344482,
            0.9410066604614258
          ],
          "coordinate_mean_pre": [
            2.7196872234344482,
            0.8938673734664917
          ],
          "coordinate_mean_post": [
            0.893866777420044,
            2.719686985015869
          ],
          "swap_max_abs_error": 2.0265579223632812e-06
        },
        "24": {
          "coordinate_abs_mean_pre": [
            0.8506301641464233,
            3.8170995712280273
          ],
          "coordinate_mean_pre": [
            0.6246227622032166,
            3.8170995712280273
          ],
          "coordinate_mean_post": [
            3.8170998096466064,
            0.6246234178543091
          ],
          "swap_max_abs_error": 2.1457672119140625e-06
        },
        "25": {
          "coordinate_abs_mean_pre": [
            5.080053806304932,
            0.8647897243499756
          ],
          "coordinate_mean_pre": [
            5.080053806304932,
            0.25118011236190796
          ],
          "coordinate_mean_post": [
            0.25118041038513184,
            5.080053329467773
          ],
          "swap_max_abs_error": 1.430511474609375e-06
        },
        "26": {
          "coordinate_abs_mean_pre": [
            0.8446023464202881,
            5.224642753601074
          ],
          "coordinate_mean_pre": [
            0.1791616678237915,
            5.224642753601074
          ],
          "coordinate_mean_post": [
            5.224643707275391,
            0.17916220426559448
          ],
          "swap_max_abs_error": 2.8461217880249023e-06
        },
        "27": {
          "coordinate_abs_mean_pre": [
            5.749899864196777,
            0.8862805366516113
          ],
          "coordinate_mean_pre": [
            5.749899864196777,
            0.32911014556884766
          ],
          "coordinate_mean_post": [
            0.32910865545272827,
            5.749899864196777
          ],
          "swap_max_abs_error": 2.8014183044433594e-06
        },
        "28": {
          "coordinate_abs_mean_pre": [
            1.048217535018921,
            6.328337669372559
          ],
          "coordinate_mean_pre": [
            0.5936936736106873,
            6.328337669372559
          ],
          "coordinate_mean_post": [
            6.328340530395508,
            0.5936936736106873
          ],
          "swap_max_abs_error": 4.76837158203125e-06
        },
        "29": {
          "coordinate_abs_mean_pre": [
            6.949700355529785,
            1.427405595779419
          ],
          "coordinate_mean_pre": [
            6.949700355529785,
            0.35183456540107727
          ],
          "coordinate_mean_post": [
            0.351832777261734,
            6.949699401855469
          ],
          "swap_max_abs_error": 4.0531158447265625e-06
        },
        "30": {
          "coordinate_abs_mean_pre": [
            1.3983901739120483,
            6.567918300628662
          ],
          "coordinate_mean_pre": [
            0.46961694955825806,
            6.567918300628662
          ],
          "coordinate_mean_post": [
            6.56791877746582,
            0.4696178734302521
          ],
          "swap_max_abs_error": 3.0994415283203125e-06
        }
      },
      "provenance": {
        "lens_file": "/__modal/volumes/vo-UTqV2w7ZVWoNtNbbwwfTeq/hf/hub/models--neuronpedia--jacobian-lens/snapshots/16a01f309fcec900fdcec3f4cd5b64f3d00e4d5a/qwen3.5-4b/jlens/Salesforce-wikitext/Qwen3.5-4B_jacobian_lens_n1000.pt",
        "lens_sha256": "1f9a8f8fd593f0ffec1a9640993257ca4560f8ae3e5602315643d5cc6818534e",
        "source_id": 9338,
        "target_id": 5440
      }
    },
    {
      "kind": "intervention",
      "source": "France",
      "target": "China",
      "source_answer": "Paris",
      "target_answer": "Beijing",
      "band": "reference_fraction",
      "layers": [
        9,
        30
      ],
      "operator": "unit_exchange",
      "alpha": 2.0,
      "text": " France, France, China,",
      "first_token": 9338,
      "hit_target": false,
      "stayed_source": false,
      "baseline_ok": true,
      "hook_calls": {
        "9": 1,
        "10": 1,
        "11": 1,
        "12": 1,
        "13": 1,
        "14": 1,
        "15": 1,
        "16": 1,
        "17": 1,
        "18": 1,
        "19": 1,
        "20": 1,
        "21": 1,
        "22": 1,
        "23": 1,
        "24": 1,
        "25": 1,
        "26": 1,
        "27": 1,
        "28": 1,
        "29": 1,
        "30": 1
      },
      "layer_geometry": {
        "9": {
          "raw_norms": [
            0.744547963142395,
            0.7706334590911865
          ],
          "unit_cosine": 0.5410158634185791
        },
        "10": {
          "raw_norms": [
            0.7828574776649475,
            0.8105084300041199
          ],
          "unit_cosine": 0.5496245622634888
        },
        "11": {
          "raw_norms": [
            0.8505480289459229,
            0.8973376154899597
          ],
          "unit_cosine": 0.5712822079658508
        },
        "12": {
          "raw_norms": [
            0.907291829586029,
            0.9530805945396423
          ],
          "unit_cosine": 0.5677496194839478
        },
        "13": {
          "raw_norms": [
            0.9518189430236816,
            1.0011470317840576
          ],
          "unit_cosine": 0.583652138710022
        },
        "14": {
          "raw_norms": [
            0.9757527112960815,
            1.0130906105041504
          ],
          "unit_cosine": 0.5855252742767334
        },
        "15": {
          "raw_norms": [
            1.0079375505447388,
            1.0369741916656494
          ],
          "unit_cosine": 0.5953215956687927
        },
        "16": {
          "raw_norms": [
            1.0036648511886597,
            1.0214205980300903
          ],
          "unit_cosine": 0.6240494847297668
        },
        "17": {
          "raw_norms": [
            1.0475605726242065,
            1.0713597536087036
          ],
          "unit_cosine": 0.642048716545105
        },
        "18": {
          "raw_norms": [
            0.9648074507713318,
            0.9989660978317261
          ],
          "unit_cosine": 0.6078479290008545
        },
        "19": {
          "raw_norms": [
            0.9294682145118713,
            0.9404924511909485
          ],
          "unit_cosine": 0.5425593852996826
        },
        "20": {
          "raw_norms": [
            0.9040904641151428,
            0.9093801379203796
          ],
          "unit_cosine": 0.571215033531189
        },
        "21": {
          "raw_norms": [
            0.9183917045593262,
            0.9184874296188354
          ],
          "unit_cosine": 0.5268915891647339
        },
        "22": {
          "raw_norms": [
            0.9469396471977234,
            0.9536481499671936
          ],
          "unit_cosine": 0.4817274510860443
        },
        "23": {
          "raw_norms": [
            0.9460318684577942,
            0.9364567995071411
          ],
          "unit_cosine": 0.48968249559402466
        },
        "24": {
          "raw_norms": [
            0.9462553858757019,
            0.9306528568267822
          ],
          "unit_cosine": 0.4765143394470215
        },
        "25": {
          "raw_norms": [
            0.9660353660583496,
            0.9852067828178406
          ],
          "unit_cosine": 0.43740901350975037
        },
        "26": {
          "raw_norms": [
            0.996387779712677,
            1.0259013175964355
          ],
          "unit_cosine": 0.42297011613845825
        },
        "27": {
          "raw_norms": [
            0.9848310351371765,
            1.0096800327301025
          ],
          "unit_cosine": 0.4275195002555847
        },
        "28": {
          "raw_norms": [
            0.9207609295845032,
            0.9379457235336304
          ],
          "unit_cosine": 0.399602472782135
        },
        "29": {
          "raw_norms": [
            0.7833813428878784,
            0.7738577723503113
          ],
          "unit_cosine": 0.517499566078186
        },
        "30": {
          "raw_norms": [
            0.7100005745887756,
            0.7126102447509766
          ],
          "unit_cosine": 0.5407922267913818
        }
      },
      "layer_measurements": {
        "9": {
          "coordinate_abs_mean_pre": [
            1.0048143863677979,
            0.340146541595459
          ],
          "coordinate_mean_pre": [
            1.0048143863677979,
            0.2658476233482361
          ],
          "coordinate_mean_post": [
            -0.473119854927063,
            1.7437810897827148
          ],
          "swap_max_abs_error": 3.5762786865234375e-06
        },
        "10": {
          "coordinate_abs_mean_pre": [
            0.946785569190979,
            1.710658311843872
          ],
          "coordinate_mean_pre": [
            -0.3765423893928528,
            1.710658311843872
          ],
          "coordinate_mean_post": [
            3.7978591918945312,
            -2.46374249458313
          ],
          "swap_max_abs_error": 2.86102294921875e-06
        },
        "11": {
          "coordinate_abs_mean_pre": [
            4.0645647048950195,
            3.3571343421936035
          ],
          "coordinate_mean_pre": [
            3.8503501415252686,
            -2.596090793609619
          ],
          "coordinate_mean_post": [
            -9.04253101348877,
            10.296791076660156
          ],
          "swap_max_abs_error": 3.814697265625e-06
        },
        "12": {
          "coordinate_abs_mean_pre": [
            9.293463706970215,
            9.985408782958984
          ],
          "coordinate_mean_pre": [
            -7.719042778015137,
            9.14261245727539
          ],
          "coordinate_mean_post": [
            26.0042667388916,
            -24.580692291259766
          ],
          "swap_max_abs_error": 2.288818359375e-05
        },
        "13": {
          "coordinate_abs_mean_pre": [
            28.893997192382812,
            28.226377487182617
          ],
          "coordinate_mean_pre": [
            25.678110122680664,
            -24.285533905029297
          ],
          "coordinate_mean_post": [
            -74.24921417236328,
            75.64177703857422
          ],
          "swap_max_abs_error": 0.0001220703125
        },
        "14": {
          "coordinate_abs_mean_pre": [
            83.23408508300781,
            83.71057891845703
          ],
          "coordinate_mean_pre": [
            -72.39944458007812,
            73.57205963134766
          ],
          "coordinate_mean_post": [
            219.54351806640625,
            -218.37095642089844
          ],
          "swap_max_abs_error": 0.0001220703125
        },
        "15": {
          "coordinate_abs_mean_pre": [
            249.32333374023438,
            247.17147827148438
          ],
          "coordinate_mean_pre": [
            218.73812866210938,
            -216.29336547851562
          ],
          "coordinate_mean_post": [
            -651.3248291015625,
            653.769775390625
          ],
          "swap_max_abs_error": 0.00048828125
        },
        "16": {
          "coordinate_abs_mean_pre": [
            742.8641967773438,
            741.9878540039062
          ],
          "coordinate_mean_pre": [
            -652.6185913085938,
            651.8831787109375
          ],
          "coordinate_mean_post": [
            1956.38525390625,
            -1957.120361328125
          ],
          "swap_max_abs_error": 0.00146484375
        },
        "17": {
          "coordinate_abs_mean_pre": [
            2198.02734375,
            2200.0908203125
          ],
          "coordinate_mean_pre": [
            1932.7315673828125,
            -1934.9691162109375
          ],
          "coordinate_mean_post": [
            -5802.669921875,
            5800.43017578125
          ],
          "swap_max_abs_error": 0.009765625
        },
        "18": {
          "coordinate_abs_mean_pre": [
            5921.40625,
            5956.1435546875
          ],
          "coordinate_mean_pre": [
            -5207.5576171875,
            5237.578125
          ],
          "coordinate_mean_post": [
            15682.7138671875,
            -15652.689453125
          ],
          "swap_max_abs_error": 0.01953125
        },
        "19": {
          "coordinate_abs_mean_pre": [
            14897.6337890625,
            14901.21484375
          ],
          "coordinate_mean_pre": [
            13101.2099609375,
            -13104.08984375
          ],
          "coordinate_mean_post": [
            -39309.3984375,
            39306.51171875
          ],
          "swap_max_abs_error": 0.046875
        },
        "20": {
          "coordinate_abs_mean_pre": [
            43840.34765625,
            43669.43359375
          ],
          "coordinate_mean_pre": [
            -38556.12890625,
            38404.59375
          ],
          "coordinate_mean_post": [
            115365.296875,
            -115516.8203125
          ],
          "swap_max_abs_error": 0.125
        },
        "21": {
          "coordinate_abs_mean_pre": [
            121397.796875,
            121548.8359375
          ],
          "coordinate_mean_pre": [
            106761.953125,
            -106896.328125
          ],
          "coordinate_mean_post": [
            -320554.71875,
            320420.1875
          ],
          "swap_max_abs_error": 0.25
        },
        "22": {
          "coordinate_abs_mean_pre": [
            337332.8125,
            337418.6875
          ],
          "coordinate_mean_pre": [
            -296664.0,
            296736.90625
          ],
          "coordinate_mean_post": [
            890137.8125,
            -890064.8125
          ],
          "swap_max_abs_error": 0.25
        },
        "23": {
          "coordinate_abs_mean_pre": [
            977717.625,
            961323.8125
          ],
          "coordinate_mean_pre": [
            859840.3125,
            -845430.5
          ],
          "coordinate_mean_post": [
            -2550702.0,
            2565111.5
          ],
          "swap_max_abs_error": 3.0
        },
        "24": {
          "coordinate_abs_mean_pre": [
            2783251.5,
            2797895.5
          ],
          "coordinate_mean_pre": [
            -2447690.75,
            2460565.5
          ],
          "coordinate_mean_post": [
            7368823.0,
            -7355946.0
          ],
          "swap_max_abs_error": 8.0
        },
        "25": {
          "coordinate_abs_mean_pre": [
            7867031.0,
            7894161.0
          ],
          "coordinate_mean_pre": [
            6918469.0,
            -6942346.0
          ],
          "coordinate_mean_post": [
            -20803162.0,
            20779288.0
          ],
          "swap_max_abs_error": 16.0
        },
        "26": {
          "coordinate_abs_mean_pre": [
            22890456.0,
            22764644.0
          ],
          "coordinate_mean_pre": [
            -20130610.0,
            20019814.0
          ],
          "coordinate_mean_post": [
            60170256.0,
            -60281040.0
          ],
          "swap_max_abs_error": 96.0
        },
        "27": {
          "coordinate_abs_mean_pre": [
            67312696.0,
            67573176.0
          ],
          "coordinate_mean_pre": [
            59196912.0,
            -59426160.0
          ],
          "coordinate_mean_post": [
            -178049328.0,
            177820000.0
          ],
          "swap_max_abs_error": 384.0
        },
        "28": {
          "coordinate_abs_mean_pre": [
            195050464.0,
            195217632.0
          ],
          "coordinate_mean_pre": [
            -171536128.0,
            171682544.0
          ],
          "coordinate_mean_post": [
            514901504.0,
            -514754784.0
          ],
          "swap_max_abs_error": 1280.0
        },
        "29": {
          "coordinate_abs_mean_pre": [
            630839168.0,
            616743040.0
          ],
          "coordinate_mean_pre": [
            554788352.0,
            -542390400.0
          ],
          "coordinate_mean_post": [
            -1639569920.0,
            1651967104.0
          ],
          "swap_max_abs_error": 2560.0
        },
        "30": {
          "coordinate_abs_mean_pre": [
            1868853504.0,
            1890311424.0
          ],
          "coordinate_mean_pre": [
            -1643547136.0,
            1662415872.0
          ],
          "coordinate_mean_post": [
            4968379392.0,
            -4949508608.0
          ],
          "swap_max_abs_error": 6144.0
        }
      },
      "provenance": {
        "lens_file": "/__modal/volumes/vo-UTqV2w7ZVWoNtNbbwwfTeq/hf/hub/models--neuronpedia--jacobian-lens/snapshots/16a01f309fcec900fdcec3f4cd5b64f3d00e4d5a/qwen3.5-4b/jlens/Salesforce-wikitext/Qwen3.5-4B_jacobian_lens_n1000.pt",
        "lens_sha256": "1f9a8f8fd593f0ffec1a9640993257ca4560f8ae3e5602315643d5cc6818534e",
        "source_id": 9338,
        "target_id": 5440
      }
    },
    {
      "kind": "intervention",
      "source": "France",
      "target": "China",
      "source_answer": "Paris",
      "target_answer": "Beijing",
      "band": "reference_fraction",
      "layers": [
        9,
        30
      ],
      "operator": "unit_exchange",
      "alpha": 4.0,
      "text": " France China, China France,",
      "first_token": 9338,
      "hit_target": false,
      "stayed_source": false,
      "baseline_ok": true,
      "hook_calls": {
        "9": 1,
        "10": 1,
        "11": 1,
        "12": 1,
        "13": 1,
        "14": 1,
        "15": 1,
        "16": 1,
        "17": 1,
        "18": 1,
        "19": 1,
        "20": 1,
        "21": 1,
        "22": 1,
        "23": 1,
        "24": 1,
        "25": 1,
        "26": 1,
        "27": 1,
        "28": 1,
        "29": 1,
        "30": 1
      },
      "layer_geometry": {
        "9": {
          "raw_norms": [
            0.744547963142395,
            0.7706334590911865
          ],
          "unit_cosine": 0.5410158634185791
        },
        "10": {
          "raw_norms": [
            0.7828574776649475,
            0.8105084300041199
          ],
          "unit_cosine": 0.5496245622634888
        },
        "11": {
          "raw_norms": [
            0.8505480289459229,
            0.8973376154899597
          ],
          "unit_cosine": 0.5712822079658508
        },
        "12": {
          "raw_norms": [
            0.907291829586029,
            0.9530805945396423
          ],
          "unit_cosine": 0.5677496194839478
        },
        "13": {
          "raw_norms": [
            0.9518189430236816,
            1.0011470317840576
          ],
          "unit_cosine": 0.583652138710022
        },
        "14": {
          "raw_norms": [
            0.9757527112960815,
            1.0130906105041504
          ],
          "unit_cosine": 0.5855252742767334
        },
        "15": {
          "raw_norms": [
            1.0079375505447388,
            1.0369741916656494
          ],
          "unit_cosine": 0.5953215956687927
        },
        "16": {
          "raw_norms": [
            1.0036648511886597,
            1.0214205980300903
          ],
          "unit_cosine": 0.6240494847297668
        },
        "17": {
          "raw_norms": [
            1.0475605726242065,
            1.0713597536087036
          ],
          "unit_cosine": 0.642048716545105
        },
        "18": {
          "raw_norms": [
            0.9648074507713318,
            0.9989660978317261
          ],
          "unit_cosine": 0.6078479290008545
        },
        "19": {
          "raw_norms": [
            0.9294682145118713,
            0.9404924511909485
          ],
          "unit_cosine": 0.5425593852996826
        },
        "20": {
          "raw_norms": [
            0.9040904641151428,
            0.9093801379203796
          ],
          "unit_cosine": 0.571215033531189
        },
        "21": {
          "raw_norms": [
            0.9183917045593262,
            0.9184874296188354
          ],
          "unit_cosine": 0.5268915891647339
        },
        "22": {
          "raw_norms": [
            0.9469396471977234,
            0.9536481499671936
          ],
          "unit_cosine": 0.4817274510860443
        },
        "23": {
          "raw_norms": [
            0.9460318684577942,
            0.9364567995071411
          ],
          "unit_cosine": 0.48968249559402466
        },
        "24": {
          "raw_norms": [
            0.9462553858757019,
            0.9306528568267822
          ],
          "unit_cosine": 0.4765143394470215
        },
        "25": {
          "raw_norms": [
            0.9660353660583496,
            0.9852067828178406
          ],
          "unit_cosine": 0.43740901350975037
        },
        "26": {
          "raw_norms": [
            0.996387779712677,
            1.0259013175964355
          ],
          "unit_cosine": 0.42297011613845825
        },
        "27": {
          "raw_norms": [
            0.9848310351371765,
            1.0096800327301025
          ],
          "unit_cosine": 0.4275195002555847
        },
        "28": {
          "raw_norms": [
            0.9207609295845032,
            0.9379457235336304
          ],
          "unit_cosine": 0.399602472782135
        },
        "29": {
          "raw_norms": [
            0.7833813428878784,
            0.7738577723503113
          ],
          "unit_cosine": 0.517499566078186
        },
        "30": {
          "raw_norms": [
            0.7100005745887756,
            0.7126102447509766
          ],
          "unit_cosine": 0.5407922267913818
        }
      },
      "layer_measurements": {
        "9": {
          "coordinate_abs_mean_pre": [
            1.0048143863677979,
            0.340146541595459
          ],
          "coordinate_mean_pre": [
            1.0048143863677979,
            0.2658476233482361
          ],
          "coordinate_mean_post": [
            -1.9510537385940552,
            3.221714973449707
          ],
          "swap_max_abs_error": 4.76837158203125e-06
        },
        "10": {
          "coordinate_abs_mean_pre": [
            2.447495937347412,
            3.248044013977051
          ],
          "coordinate_mean_pre": [
            -1.775825023651123,
            3.0927839279174805
          ],
          "coordinate_mean_post": [
            17.698610305786133,
            -16.38164520263672
          ],
          "swap_max_abs_error": 2.288818359375e-05
        },
        "11": {
          "coordinate_abs_mean_pre": [
            20.091781616210938,
            19.642757415771484
          ],
          "coordinate_mean_pre": [
            18.117469787597656,
            -17.07691192626953
          ],
          "coordinate_mean_post": [
            -122.6600570678711,
            123.70062255859375
          ],
          "swap_max_abs_error": 6.103515625e-05
        },
        "12": {
          "coordinate_abs_mean_pre": [
            131.1026611328125,
            130.66773986816406
          ],
          "coordinate_mean_pre": [
            -115.80314636230469,
            116.14041137695312
          ],
          "coordinate_mean_post": [
            811.9708251953125,
            -811.6336059570312
          ],
          "swap_max_abs_error": 0.000732421875
        },
        "13": {
          "coordinate_abs_mean_pre": [
            908.955322265625,
            909.9073486328125
          ],
          "coordinate_mean_pre": [
            805.698974609375,
            -805.8087158203125
          ],
          "coordinate_mean_post": [
            -5640.33447265625,
            5640.2236328125
          ],
          "swap_max_abs_error": 0.015625
        },
        "14": {
          "coordinate_abs_mean_pre": [
            6226.0439453125,
            6223.1142578125
          ],
          "coordinate_mean_pre": [
            -5515.77197265625,
            5513.82763671875
          ],
          "coordinate_mean_post": [
            38602.6171875,
            -38604.5703125
          ],
          "swap_max_abs_error": 0.046875
        },
        "15": {
          "coordinate_abs_mean_pre": [
            43130.359375,
            42864.6796875
          ],
          "coordinate_mean_pre": [
            38211.8828125,
            -37976.15234375
          ],
          "coordinate_mean_post": [
            -266540.25,
            266776.0
          ],
          "swap_max_abs_error": 0.125
        },
        "16": {
          "coordinate_abs_mean_pre": [
            301413.46875,
            300324.125
          ],
          "coordinate_mean_pre": [
            -267044.21875,
            266079.5625
          ],
          "coordinate_mean_post": [
            1865451.375,
            -1866416.25
          ],
          "swap_max_abs_error": 3.0
        },
        "17": {
          "coordinate_abs_mean_pre": [
            2080651.75,
            2084716.25
          ],
          "coordinate_mean_pre": [
            1843406.0,
            -1847018.75
          ],
          "coordinate_mean_post": [
            -12918292.0,
            12914674.0
          ],
          "swap_max_abs_error": 32.0
        },
        "18": {
          "coordinate_abs_mean_pre": [
            13085790.0,
            13163652.0
          ],
          "coordinate_mean_pre": [
            -11593555.0,
            11662544.0
          ],
          "coordinate_mean_post": [
            81430848.0,
            -81361832.0
          ],
          "swap_max_abs_error": 64.0
        },
        "19": {
          "coordinate_abs_mean_pre": [
            76965448.0,
            77011544.0
          ],
          "coordinate_mean_pre": [
            68188880.0,
            -68230056.0
          ],
          "coordinate_mean_post": [
            -477487040.0,
            477445760.0
          ],
          "swap_max_abs_error": 768.0
        },
        "20": {
          "coordinate_abs_mean_pre": [
            530181184.0,
            527242112.0
          ],
          "coordinate_mean_pre": [
            -469723840.0,
            467118336.0
          ],
          "coordinate_mean_post": [
            3277644288.0,
            -3280249600.0
          ],
          "swap_max_abs_error": 4096.0
        },
        "21": {
          "coordinate_abs_mean_pre": [
            3425959680.0,
            3426236928.0
          ],
          "coordinate_mean_pre": [
            3035282432.0,
            -3035517952.0
          ],
          "coordinate_mean_post": [
            -21247928320.0,
            21247680512.0
          ],
          "swap_max_abs_error": 40960.0
        },
        "22": {
          "coordinate_abs_mean_pre": [
            22188318720.0,
            22195224576.0
          ],
          "coordinate_mean_pre": [
            -19657908224.0,
            19664027648.0
          ],
          "coordinate_mean_post": [
            137629827072.0,
            -137623715840.0
          ],
          "swap_max_abs_error": 32768.0
        },
        "23": {
          "coordinate_abs_mean_pre": [
            150055632896.0,
            147681705984.0
          ],
          "coordinate_mean_pre": [
            132944896000.0,
            -130840641536.0
          ],
          "coordinate_mean_post": [
            -922197491712.0,
            924301590528.0
          ],
          "swap_max_abs_error": 786432.0
        },
        "24": {
          "coordinate_abs_mean_pre": [
            999349813248.0,
            1000684716032.0
          ],
          "coordinate_mean_pre": [
            -885396865024.0,
            886574546944.0
          ],
          "coordinate_mean_post": [
            6202489569280.0,
            -6201308872704.0
          ],
          "swap_max_abs_error": 6291456.0
        },
        "25": {
          "coordinate_abs_mean_pre": [
            6578298159104.0,
            6614884024320.0
          ],
          "coordinate_mean_pre": [
            5828158947328.0,
            -5860532158464.0
          ],
          "coordinate_mean_post": [
            -40926604951552.0,
            40894237507584.0
          ],
          "swap_max_abs_error": 16777216.0
        },
        "26": {
          "coordinate_abs_mean_pre": [
            44729999818752.0,
            44502337191936.0
          ],
          "coordinate_mean_pre": [
            -39628883099648.0,
            39427166437376.0
          ],
          "coordinate_mean_post": [
            276595340214272.0,
            -276797019127808.0
          ],
          "swap_max_abs_error": 134217728.0
        },
        "27": {
          "coordinate_abs_mean_pre": [
            307266725085184.0,
            308040288960512.0
          ],
          "coordinate_mean_pre": [
            272226016296960.0,
            -272910811922432.0
          ],
          "coordinate_mean_post": [
            -1908322152218624.0,
            1907636568064000.0
          ],
          "swap_max_abs_error": 3221225472.0
        },
        "28": {
          "coordinate_abs_mean_pre": [
            2075373831454720.0,
            2078752360103936.0
          ],
          "coordinate_mean_pre": [
            -1838707040583680.0,
            1841714725650432.0
          ],
          "coordinate_mean_post": [
            1.2882986332585984e+16,
            -1.287997341302784e+16
          ],
          "swap_max_abs_error": 25769803776.0
        },
        "29": {
          "coordinate_abs_mean_pre": [
            1.569199587590144e+16,
            1.5333604477370368e+16
          ],
          "coordinate_mean_pre": [
            1.3902523521826816e+16,
            -1.3584889215451136e+16
          ],
          "coordinate_mean_post": [
            -9.60471682294743e+16,
            9.636474670127514e+16
          ],
          "swap_max_abs_error": 171798691840.0
        },
        "30": {
          "coordinate_abs_mean_pre": [
            1.0870127575485645e+17,
            1.09486653474603e+17
          ],
          "coordinate_mean_pre": [
            -9.630538166330982e+16,
            9.700230023662797e+16
          ],
          "coordinate_mean_post": [
            6.769254661955256e+17,
            -6.762283758235156e+17
          ],
          "swap_max_abs_error": 274877906944.0
        }
      },
      "provenance": {
        "lens_file": "/__modal/volumes/vo-UTqV2w7ZVWoNtNbbwwfTeq/hf/hub/models--neuronpedia--jacobian-lens/snapshots/16a01f309fcec900fdcec3f4cd5b64f3d00e4d5a/qwen3.5-4b/jlens/Salesforce-wikitext/Qwen3.5-4B_jacobian_lens_n1000.pt",
        "lens_sha256": "1f9a8f8fd593f0ffec1a9640993257ca4560f8ae3e5602315643d5cc6818534e",
        "source_id": 9338,
        "target_id": 5440
      }
    },
    {
      "kind": "intervention",
      "source": "France",
      "target": "China",
      "source_answer": "Paris",
      "target_answer": "Beijing",
      "band": "reference_fraction",
      "layers": [
        9,
        30
      ],
      "operator": "unit_transfer",
      "alpha": 1.0,
      "text": " Beijing.\nA. True",
      "first_token": 25701,
      "hit_target": true,
      "stayed_source": false,
      "baseline_ok": true,
      "hook_calls": {
        "9": 1,
        "10": 1,
        "11": 1,
        "12": 1,
        "13": 1,
        "14": 1,
        "15": 1,
        "16": 1,
        "17": 1,
        "18": 1,
        "19": 1,
        "20": 1,
        "21": 1,
        "22": 1,
        "23": 1,
        "24": 1,
        "25": 1,
        "26": 1,
        "27": 1,
        "28": 1,
        "29": 1,
        "30": 1
      },
      "layer_geometry": {
        "9": {
          "raw_norms": [
            0.744547963142395,
            0.7706334590911865
          ],
          "unit_cosine": 0.5410158634185791
        },
        "10": {
          "raw_norms": [
            0.7828574776649475,
            0.8105084300041199
          ],
          "unit_cosine": 0.5496245622634888
        },
        "11": {
          "raw_norms": [
            0.8505480289459229,
            0.8973376154899597
          ],
          "unit_cosine": 0.5712822079658508
        },
        "12": {
          "raw_norms": [
            0.907291829586029,
            0.9530805945396423
          ],
          "unit_cosine": 0.5677496194839478
        },
        "13": {
          "raw_norms": [
            0.9518189430236816,
            1.0011470317840576
          ],
          "unit_cosine": 0.583652138710022
        },
        "14": {
          "raw_norms": [
            0.9757527112960815,
            1.0130906105041504
          ],
          "unit_cosine": 0.5855252742767334
        },
        "15": {
          "raw_norms": [
            1.0079375505447388,
            1.0369741916656494
          ],
          "unit_cosine": 0.5953215956687927
        },
        "16": {
          "raw_norms": [
            1.0036648511886597,
            1.0214205980300903
          ],
          "unit_cosine": 0.6240494847297668
        },
        "17": {
          "raw_norms": [
            1.0475605726242065,
            1.0713597536087036
          ],
          "unit_cosine": 0.642048716545105
        },
        "18": {
          "raw_norms": [
            0.9648074507713318,
            0.9989660978317261
          ],
          "unit_cosine": 0.6078479290008545
        },
        "19": {
          "raw_norms": [
            0.9294682145118713,
            0.9404924511909485
          ],
          "unit_cosine": 0.5425593852996826
        },
        "20": {
          "raw_norms": [
            0.9040904641151428,
            0.9093801379203796
          ],
          "unit_cosine": 0.571215033531189
        },
        "21": {
          "raw_norms": [
            0.9183917045593262,
            0.9184874296188354
          ],
          "unit_cosine": 0.5268915891647339
        },
        "22": {
          "raw_norms": [
            0.9469396471977234,
            0.9536481499671936
          ],
          "unit_cosine": 0.4817274510860443
        },
        "23": {
          "raw_norms": [
            0.9460318684577942,
            0.9364567995071411
          ],
          "unit_cosine": 0.48968249559402466
        },
        "24": {
          "raw_norms": [
            0.9462553858757019,
            0.9306528568267822
          ],
          "unit_cosine": 0.4765143394470215
        },
        "25": {
          "raw_norms": [
            0.9660353660583496,
            0.9852067828178406
          ],
          "unit_cosine": 0.43740901350975037
        },
        "26": {
          "raw_norms": [
            0.996387779712677,
            1.0259013175964355
          ],
          "unit_cosine": 0.42297011613845825
        },
        "27": {
          "raw_norms": [
            0.9848310351371765,
            1.0096800327301025
          ],
          "unit_cosine": 0.4275195002555847
        },
        "28": {
          "raw_norms": [
            0.9207609295845032,
            0.9379457235336304
          ],
          "unit_cosine": 0.399602472782135
        },
        "29": {
          "raw_norms": [
            0.7833813428878784,
            0.7738577723503113
          ],
          "unit_cosine": 0.517499566078186
        },
        "30": {
          "raw_norms": [
            0.7100005745887756,
            0.7126102447509766
          ],
          "unit_cosine": 0.5407922267913818
        }
      },
      "layer_measurements": {
        "9": {
          "source_abs_mean_pre": 1.1486414670944214,
          "source_mean_pre": 1.1486414670944214,
          "source_mean_post": 0.6214331984519958,
          "target_mean_pre": 0.8094671368598938,
          "target_mean_post": 1.3366749286651611
        },
        "10": {
          "source_abs_mean_pre": 0.7087178826332092,
          "source_mean_pre": 0.7087178826332092,
          "source_mean_post": 0.38952890038490295,
          "target_mean_pre": 1.3663063049316406,
          "target_mean_post": 1.6854954957962036
        },
        "11": {
          "source_abs_mean_pre": 0.4585147500038147,
          "source_mean_pre": 0.4585147500038147,
          "source_mean_post": 0.2619413435459137,
          "target_mean_pre": 1.5836910009384155,
          "target_mean_post": 1.7802644968032837
        },
        "12": {
          "source_abs_mean_pre": 0.3933742940425873,
          "source_mean_pre": 0.3933742940425873,
          "source_mean_post": 0.2233380377292633,
          "target_mean_pre": 1.817029356956482,
          "target_mean_post": 1.9870655536651611
        },
        "13": {
          "source_abs_mean_pre": 0.22156228125095367,
          "source_mean_pre": 0.22156228125095367,
          "source_mean_post": 0.1293153464794159,
          "target_mean_pre": 1.9210436344146729,
          "target_mean_post": 2.0132908821105957
        },
        "14": {
          "source_abs_mean_pre": 0.2337186187505722,
          "source_mean_pre": 0.0830216109752655,
          "source_mean_post": 0.04861126095056534,
          "target_mean_pre": 1.9298944473266602,
          "target_mean_post": 1.9643049240112305
        },
        "15": {
          "source_abs_mean_pre": 0.23049521446228027,
          "source_mean_pre": 0.1443920135498047,
          "source_mean_post": 0.08595968782901764,
          "target_mean_pre": 1.9572495222091675,
          "target_mean_post": 2.0156819820404053
        },
        "16": {
          "source_abs_mean_pre": 0.22989195585250854,
          "source_mean_pre": 0.22989195585250854,
          "source_mean_post": 0.14346396923065186,
          "target_mean_pre": 2.2102129459381104,
          "target_mean_post": 2.2966408729553223
        },
        "17": {
          "source_abs_mean_pre": 0.26103195548057556,
          "source_mean_pre": 0.26103195548057556,
          "source_mean_post": 0.1675952970981598,
          "target_mean_pre": 2.340977430343628,
          "target_mean_post": 2.4344143867492676
        },
        "18": {
          "source_abs_mean_pre": 0.3335924744606018,
          "source_mean_pre": 0.30824345350265503,
          "source_mean_post": 0.18736526370048523,
          "target_mean_pre": 2.7552149295806885,
          "target_mean_post": 2.8760933876037598
        },
        "19": {
          "source_abs_mean_pre": 0.46645432710647583,
          "source_mean_pre": 0.46645432710647583,
          "source_mean_post": 0.25307923555374146,
          "target_mean_pre": 3.1881332397460938,
          "target_mean_post": 3.401508331298828
        },
        "20": {
          "source_abs_mean_pre": 0.37258994579315186,
          "source_mean_pre": 0.37258994579315186,
          "source_mean_post": 0.21282893419265747,
          "target_mean_pre": 3.3625106811523438,
          "target_mean_post": 3.5222716331481934
        },
        "21": {
          "source_abs_mean_pre": 0.29182153940200806,
          "source_mean_pre": 0.28250789642333984,
          "source_mean_post": 0.14885103702545166,
          "target_mean_pre": 3.563723564147949,
          "target_mean_post": 3.697380304336548
        },
        "22": {
          "source_abs_mean_pre": 0.4206767678260803,
          "source_mean_pre": 0.314423531293869,
          "source_mean_post": 0.1514664590358734,
          "target_mean_pre": 3.9454345703125,
          "target_mean_post": 4.108391761779785
        },
        "23": {
          "source_abs_mean_pre": 0.38934648036956787,
          "source_mean_pre": 0.3757970929145813,
          "source_mean_post": 0.18402118980884552,
          "target_mean_pre": 4.513377666473389,
          "target_mean_post": 4.705153465270996
        },
        "24": {
          "source_abs_mean_pre": 0.383103609085083,
          "source_mean_pre": 0.2894441485404968,
          "source_mean_post": 0.13792434334754944,
          "target_mean_pre": 5.309297561645508,
          "target_mean_post": 5.460817337036133
        },
        "25": {
          "source_abs_mean_pre": 0.4206041097640991,
          "source_mean_pre": 0.35063254833221436,
          "source_mean_post": 0.15336987376213074,
          "target_mean_pre": 5.878831386566162,
          "target_mean_post": 6.076093673706055
        },
        "26": {
          "source_abs_mean_pre": 0.2218497097492218,
          "source_mean_pre": 0.08054801821708679,
          "source_mean_post": 0.034069426357746124,
          "target_mean_pre": 6.370301246643066,
          "target_mean_post": 6.416779518127441
        },
        "27": {
          "source_abs_mean_pre": 0.5577465295791626,
          "source_mean_pre": 0.5577465295791626,
          "source_mean_post": 0.238447368144989,
          "target_mean_pre": 6.443536758422852,
          "target_mean_post": 6.762835502624512
        },
        "28": {
          "source_abs_mean_pre": 0.3350678086280823,
          "source_mean_pre": 0.3350678086280823,
          "source_mean_post": 0.13389384746551514,
          "target_mean_pre": 7.482338905334473,
          "target_mean_post": 7.6835126876831055
        },
        "29": {
          "source_abs_mean_pre": 0.6484982967376709,
          "source_mean_pre": 0.01672498881816864,
          "source_mean_post": 0.008655190467834473,
          "target_mean_pre": 7.4633026123046875,
          "target_mean_post": 7.471372127532959
        },
        "30": {
          "source_abs_mean_pre": 0.5602639317512512,
          "source_mean_pre": -0.11856552958488464,
          "source_mean_post": -0.064119353890419,
          "target_mean_pre": 7.04377555847168,
          "target_mean_post": 6.989328861236572
        }
      },
      "provenance": {
        "lens_file": "/__modal/volumes/vo-UTqV2w7ZVWoNtNbbwwfTeq/hf/hub/models--neuronpedia--jacobian-lens/snapshots/16a01f309fcec900fdcec3f4cd5b64f3d00e4d5a/qwen3.5-4b/jlens/Salesforce-wikitext/Qwen3.5-4B_jacobian_lens_n1000.pt",
        "lens_sha256": "1f9a8f8fd593f0ffec1a9640993257ca4560f8ae3e5602315643d5cc6818534e",
        "source_id": 9338,
        "target_id": 5440
      }
    },
    {
      "kind": "intervention",
      "source": "France",
      "target": "China",
      "source_answer": "Paris",
      "target_answer": "Beijing",
      "band": "reference_fraction",
      "layers": [
        9,
        30
      ],
      "operator": "unit_transfer",
      "alpha": 2.0,
      "text": " Beijing.\nA. True",
      "first_token": 25701,
      "hit_target": true,
      "stayed_source": false,
      "baseline_ok": true,
      "hook_calls": {
        "9": 1,
        "10": 1,
        "11": 1,
        "12": 1,
        "13": 1,
        "14": 1,
        "15": 1,
        "16": 1,
        "17": 1,
        "18": 1,
        "19": 1,
        "20": 1,
        "21": 1,
        "22": 1,
        "23": 1,
        "24": 1,
        "25": 1,
        "26": 1,
        "27": 1,
        "28": 1,
        "29": 1,
        "30": 1
      },
      "layer_geometry": {
        "9": {
          "raw_norms": [
            0.744547963142395,
            0.7706334590911865
          ],
          "unit_cosine": 0.5410158634185791
        },
        "10": {
          "raw_norms": [
            0.7828574776649475,
            0.8105084300041199
          ],
          "unit_cosine": 0.5496245622634888
        },
        "11": {
          "raw_norms": [
            0.8505480289459229,
            0.8973376154899597
          ],
          "unit_cosine": 0.5712822079658508
        },
        "12": {
          "raw_norms": [
            0.907291829586029,
            0.9530805945396423
          ],
          "unit_cosine": 0.5677496194839478
        },
        "13": {
          "raw_norms": [
            0.9518189430236816,
            1.0011470317840576
          ],
          "unit_cosine": 0.583652138710022
        },
        "14": {
          "raw_norms": [
            0.9757527112960815,
            1.0130906105041504
          ],
          "unit_cosine": 0.5855252742767334
        },
        "15": {
          "raw_norms": [
            1.0079375505447388,
            1.0369741916656494
          ],
          "unit_cosine": 0.5953215956687927
        },
        "16": {
          "raw_norms": [
            1.0036648511886597,
            1.0214205980300903
          ],
          "unit_cosine": 0.6240494847297668
        },
        "17": {
          "raw_norms": [
            1.0475605726242065,
            1.0713597536087036
          ],
          "unit_cosine": 0.642048716545105
        },
        "18": {
          "raw_norms": [
            0.9648074507713318,
            0.9989660978317261
          ],
          "unit_cosine": 0.6078479290008545
        },
        "19": {
          "raw_norms": [
            0.9294682145118713,
            0.9404924511909485
          ],
          "unit_cosine": 0.5425593852996826
        },
        "20": {
          "raw_norms": [
            0.9040904641151428,
            0.9093801379203796
          ],
          "unit_cosine": 0.571215033531189
        },
        "21": {
          "raw_norms": [
            0.9183917045593262,
            0.9184874296188354
          ],
          "unit_cosine": 0.5268915891647339
        },
        "22": {
          "raw_norms": [
            0.9469396471977234,
            0.9536481499671936
          ],
          "unit_cosine": 0.4817274510860443
        },
        "23": {
          "raw_norms": [
            0.9460318684577942,
            0.9364567995071411
          ],
          "unit_cosine": 0.48968249559402466
        },
        "24": {
          "raw_norms": [
            0.9462553858757019,
            0.9306528568267822
          ],
          "unit_cosine": 0.4765143394470215
        },
        "25": {
          "raw_norms": [
            0.9660353660583496,
            0.9852067828178406
          ],
          "unit_cosine": 0.43740901350975037
        },
        "26": {
          "raw_norms": [
            0.996387779712677,
            1.0259013175964355
          ],
          "unit_cosine": 0.42297011613845825
        },
        "27": {
          "raw_norms": [
            0.9848310351371765,
            1.0096800327301025
          ],
          "unit_cosine": 0.4275195002555847
        },
        "28": {
          "raw_norms": [
            0.9207609295845032,
            0.9379457235336304
          ],
          "unit_cosine": 0.399602472782135
        },
        "29": {
          "raw_norms": [
            0.7833813428878784,
            0.7738577723503113
          ],
          "unit_cosine": 0.517499566078186
        },
        "30": {
          "raw_norms": [
            0.7100005745887756,
            0.7126102447509766
          ],
          "unit_cosine": 0.5407922267913818
        }
      },
      "layer_measurements": {
        "9": {
          "source_abs_mean_pre": 1.1486414670944214,
          "source_mean_pre": 1.1486414670944214,
          "source_mean_post": 0.09422488510608673,
          "target_mean_pre": 0.8094671368598938,
          "target_mean_post": 1.8638826608657837
        },
        "10": {
          "source_abs_mean_pre": 0.21458721160888672,
          "source_mean_pre": 0.21458721160888672,
          "source_mean_post": 0.02129763923585415,
          "target_mean_pre": 1.8569273948669434,
          "target_mean_post": 2.0502171516418457
        },
        "11": {
          "source_abs_mean_pre": 0.12642842531204224,
          "source_mean_pre": 0.12642842531204224,
          "source_mean_post": 0.018024224787950516,
          "target_mean_pre": 1.8876936435699463,
          "target_mean_post": 1.9960980415344238
        },
        "12": {
          "source_abs_mean_pre": 0.17897649109363556,
          "source_mean_pre": 0.17897649109363556,
          "source_mean_post": 0.024251114577054977,
          "target_mean_pre": 2.001258611679077,
          "target_mean_post": 2.1559839248657227
        },
        "13": {
          "source_abs_mean_pre": 0.06570104509592056,
          "source_mean_pre": 0.03844665735960007,
          "source_mean_post": 0.006432323716580868,
          "target_mean_pre": 2.088222026824951,
          "target_mean_post": 2.120236396789551
        },
        "14": {
          "source_abs_mean_pre": 0.13191987574100494,
          "source_mean_pre": -0.03895127773284912,
          "source_mean_post": -0.006662661675363779,
          "target_mean_pre": 2.033569097518921,
          "target_mean_post": 2.0012803077697754
        },
        "15": {
          "source_abs_mean_pre": 0.11846894025802612,
          "source_mean_pre": 0.09166672825813293,
          "source_mean_post": 0.017475642263889313,
          "target_mean_pre": 1.9959312677383423,
          "target_mean_post": 2.070122241973877
        },
        "16": {
          "source_abs_mean_pre": 0.16559039056301117,
          "source_mean_pre": 0.16559039056301117,
          "source_mean_post": 0.04108276963233948,
          "target_mean_pre": 2.2516658306121826,
          "target_mean_post": 2.376173257827759
        },
        "17": {
          "source_abs_mean_pre": 0.1724316030740738,
          "source_mean_pre": 0.1724316030740738,
          "source_mean_post": 0.04898745194077492,
          "target_mean_pre": 2.3887510299682617,
          "target_mean_post": 2.512195348739624
        },
        "18": {
          "source_abs_mean_pre": 0.21909961104393005,
          "source_mean_pre": 0.18728399276733398,
          "source_mean_post": 0.04039640724658966,
          "target_mean_pre": 2.813995599746704,
          "target_mean_post": 2.960883140563965
        },
        "19": {
          "source_abs_mean_pre": 0.3443237245082855,
          "source_mean_pre": 0.3443237245082855,
          "source_mean_post": 0.029308490455150604,
          "target_mean_pre": 3.2712745666503906,
          "target_mean_post": 3.586289882659912
        },
        "20": {
          "source_abs_mean_pre": 0.16467490792274475,
          "source_mean_pre": 0.1612682044506073,
          "source_mean_post": 0.022969407960772514,
          "target_mean_pre": 3.5025999546051025,
          "target_mean_post": 3.6408987045288086
        },
        "21": {
          "source_abs_mean_pre": 0.14705327153205872,
          "source_mean_pre": 0.08767971396446228,
          "source_mean_post": 0.004715807735919952,
          "target_mean_pre": 3.66921329498291,
          "target_mean_post": 3.7521772384643555
        },
        "22": {
          "source_abs_mean_pre": 0.316365122795105,
          "source_mean_pre": 0.1646888554096222,
          "source_mean_post": -0.0060184551402926445,
          "target_mean_pre": 3.9946446418762207,
          "target_mean_post": 4.1653523445129395
        },
        "23": {
          "source_abs_mean_pre": 0.29722660779953003,
          "source_mean_pre": 0.21882088482379913,
          "source_mean_post": -0.004515365231782198,
          "target_mean_pre": 4.502694129943848,
          "target_mean_post": 4.726030349731445
        },
        "24": {
          "source_abs_mean_pre": 0.2064080536365509,
          "source_mean_pre": 0.11283610761165619,
          "source_mean_post": -0.005300124175846577,
          "target_mean_pre": 5.310248374938965,
          "target_mean_post": 5.428383827209473
        },
        "25": {
          "source_abs_mean_pre": 0.26901379227638245,
          "source_mean_pre": 0.21197567880153656,
          "source_mean_post": -0.02653554081916809,
          "target_mean_pre": 5.819027900695801,
          "target_mean_post": 6.057539463043213
        },
        "26": {
          "source_abs_mean_pre": 0.13840188086032867,
          "source_mean_pre": -0.1019570454955101,
          "source_mean_post": 0.01570759527385235,
          "target_mean_pre": 6.376421928405762,
          "target_mean_post": 6.258757591247559
        },
        "27": {
          "source_abs_mean_pre": 0.5614310503005981,
          "source_mean_pre": 0.5614310503005981,
          "source_mean_post": -0.08138573914766312,
          "target_mean_pre": 6.292977809906006,
          "target_mean_post": 6.935793876647949
        },
        "28": {
          "source_abs_mean_pre": 0.20177340507507324,
          "source_mean_pre": -0.007792375981807709,
          "source_mean_post": 0.001564694568514824,
          "target_mean_pre": 7.650236129760742,
          "target_mean_post": 7.6408796310424805
        },
        "29": {
          "source_abs_mean_pre": 0.5589672327041626,
          "source_mean_pre": -0.1253214329481125,
          "source_mean_post": -0.004386149346828461,
          "target_mean_pre": 7.474562168121338,
          "target_mean_post": 7.353626251220703
        },
        "30": {
          "source_abs_mean_pre": 0.4091576337814331,
          "source_mean_pre": -0.1304512619972229,
          "source_mean_post": -0.010642819106578827,
          "target_mean_pre": 6.98786735534668,
          "target_mean_post": 6.868059158325195
        }
      },
      "provenance": {
        "lens_file": "/__modal/volumes/vo-UTqV2w7ZVWoNtNbbwwfTeq/hf/hub/models--neuronpedia--jacobian-lens/snapshots/16a01f309fcec900fdcec3f4cd5b64f3d00e4d5a/qwen3.5-4b/jlens/Salesforce-wikitext/Qwen3.5-4B_jacobian_lens_n1000.pt",
        "lens_sha256": "1f9a8f8fd593f0ffec1a9640993257ca4560f8ae3e5602315643d5cc6818534e",
        "source_id": 9338,
        "target_id": 5440
      }
    },
    {
      "kind": "intervention",
      "source": "France",
      "target": "China",
      "source_answer": "Paris",
      "target_answer": "Beijing",
      "band": "reference_fraction",
      "layers": [
        9,
        30
      ],
      "operator": "unit_transfer",
      "alpha": 4.0,
      "text": " Beijing.\nA. True",
      "first_token": 25701,
      "hit_target": true,
      "stayed_source": false,
      "baseline_ok": true,
      "hook_calls": {
        "9": 1,
        "10": 1,
        "11": 1,
        "12": 1,
        "13": 1,
        "14": 1,
        "15": 1,
        "16": 1,
        "17": 1,
        "18": 1,
        "19": 1,
        "20": 1,
        "21": 1,
        "22": 1,
        "23": 1,
        "24": 1,
        "25": 1,
        "26": 1,
        "27": 1,
        "28": 1,
        "29": 1,
        "30": 1
      },
      "layer_geometry": {
        "9": {
          "raw_norms": [
            0.744547963142395,
            0.7706334590911865
          ],
          "unit_cosine": 0.5410158634185791
        },
        "10": {
          "raw_norms": [
            0.7828574776649475,
            0.8105084300041199
          ],
          "unit_cosine": 0.5496245622634888
        },
        "11": {
          "raw_norms": [
            0.8505480289459229,
            0.8973376154899597
          ],
          "unit_cosine": 0.5712822079658508
        },
        "12": {
          "raw_norms": [
            0.907291829586029,
            0.9530805945396423
          ],
          "unit_cosine": 0.5677496194839478
        },
        "13": {
          "raw_norms": [
            0.9518189430236816,
            1.0011470317840576
          ],
          "unit_cosine": 0.583652138710022
        },
        "14": {
          "raw_norms": [
            0.9757527112960815,
            1.0130906105041504
          ],
          "unit_cosine": 0.5855252742767334
        },
        "15": {
          "raw_norms": [
            1.0079375505447388,
            1.0369741916656494
          ],
          "unit_cosine": 0.5953215956687927
        },
        "16": {
          "raw_norms": [
            1.0036648511886597,
            1.0214205980300903
          ],
          "unit_cosine": 0.6240494847297668
        },
        "17": {
          "raw_norms": [
            1.0475605726242065,
            1.0713597536087036
          ],
          "unit_cosine": 0.642048716545105
        },
        "18": {
          "raw_norms": [
            0.9648074507713318,
            0.9989660978317261
          ],
          "unit_cosine": 0.6078479290008545
        },
        "19": {
          "raw_norms": [
            0.9294682145118713,
            0.9404924511909485
          ],
          "unit_cosine": 0.5425593852996826
        },
        "20": {
          "raw_norms": [
            0.9040904641151428,
            0.9093801379203796
          ],
          "unit_cosine": 0.571215033531189
        },
        "21": {
          "raw_norms": [
            0.9183917045593262,
            0.9184874296188354
          ],
          "unit_cosine": 0.5268915891647339
        },
        "22": {
          "raw_norms": [
            0.9469396471977234,
            0.9536481499671936
          ],
          "unit_cosine": 0.4817274510860443
        },
        "23": {
          "raw_norms": [
            0.9460318684577942,
            0.9364567995071411
          ],
          "unit_cosine": 0.48968249559402466
        },
        "24": {
          "raw_norms": [
            0.9462553858757019,
            0.9306528568267822
          ],
          "unit_cosine": 0.4765143394470215
        },
        "25": {
          "raw_norms": [
            0.9660353660583496,
            0.9852067828178406
          ],
          "unit_cosine": 0.43740901350975037
        },
        "26": {
          "raw_norms": [
            0.996387779712677,
            1.0259013175964355
          ],
          "unit_cosine": 0.42297011613845825
        },
        "27": {
          "raw_norms": [
            0.9848310351371765,
            1.0096800327301025
          ],
          "unit_cosine": 0.4275195002555847
        },
        "28": {
          "raw_norms": [
            0.9207609295845032,
            0.9379457235336304
          ],
          "unit_cosine": 0.399602472782135
        },
        "29": {
          "raw_norms": [
            0.7833813428878784,
            0.7738577723503113
          ],
          "unit_cosine": 0.517499566078186
        },
        "30": {
          "raw_norms": [
            0.7100005745887756,
            0.7126102447509766
          ],
          "unit_cosine": 0.5407922267913818
        }
      },
      "layer_measurements": {
        "9": {
          "source_abs_mean_pre": 1.1486414670944214,
          "source_mean_pre": 1.1486414670944214,
          "source_mean_post": -0.9601917862892151,
          "target_mean_pre": 0.8094671368598938,
          "target_mean_post": 2.9182982444763184
        },
        "10": {
          "source_abs_mean_pre": 0.7557562589645386,
          "source_mean_pre": -0.7557562589645386,
          "source_mean_post": 0.6057395935058594,
          "target_mean_pre": 2.8086419105529785,
          "target_mean_post": 1.4471447467803955
        },
        "11": {
          "source_abs_mean_pre": 0.6435756683349609,
          "source_mean_pre": 0.6435756683349609,
          "source_mean_post": -0.4600735604763031,
          "target_mean_pre": 1.3646609783172607,
          "target_mean_post": 2.468310594558716
        },
        "12": {
          "source_abs_mean_pre": 0.23082810640335083,
          "source_mean_pre": -0.23082810640335083,
          "source_mean_post": 0.16827422380447388,
          "target_mean_pre": 2.4144113063812256,
          "target_mean_post": 2.0153088569641113
        },
        "13": {
          "source_abs_mean_pre": 0.17923206090927124,
          "source_mean_pre": 0.17923206090927124,
          "source_mean_post": -0.11925935745239258,
          "target_mean_pre": 1.9565260410308838,
          "target_mean_post": 2.2550177574157715
        },
        "14": {
          "source_abs_mean_pre": 0.1650877296924591,
          "source_mean_pre": -0.1473744809627533,
          "source_mean_post": 0.09695751965045929,
          "target_mean_pre": 2.1716160774230957,
          "target_mean_post": 1.9272841215133667
        },
        "15": {
          "source_abs_mean_pre": 0.20106688141822815,
          "source_mean_pre": 0.20106688141822815,
          "source_mean_post": -0.12440278381109238,
          "target_mean_pre": 1.928455114364624,
          "target_mean_post": 2.25392484664917
        },
        "16": {
          "source_abs_mean_pre": 0.057134516537189484,
          "source_mean_pre": 0.04024219885468483,
          "source_mean_post": -0.02027413249015808,
          "target_mean_pre": 2.4421138763427734,
          "target_mean_post": 2.5026299953460693
        },
        "17": {
          "source_abs_mean_pre": 0.11630326509475708,
          "source_mean_pre": 0.11630326509475708,
          "source_mean_post": -0.05022025108337402,
          "target_mean_pre": 2.478583335876465,
          "target_mean_post": 2.6451072692871094
        },
        "18": {
          "source_abs_mean_pre": 0.13947446644306183,
          "source_mean_pre": 0.09582889080047607,
          "source_mean_post": -0.05448903515934944,
          "target_mean_pre": 2.957435131072998,
          "target_mean_post": 3.107752799987793
        },
        "19": {
          "source_abs_mean_pre": 0.26711082458496094,
          "source_mean_pre": 0.26711082458496094,
          "source_mean_post": -0.22163844108581543,
          "target_mean_pre": 3.456090211868286,
          "target_mean_post": 3.9448399543762207
        },
        "20": {
          "source_abs_mean_pre": 0.08454310894012451,
          "source_mean_pre": -0.0596257820725441,
          "source_mean_post": 0.04264073073863983,
          "target_mean_pre": 3.799098491668701,
          "target_mean_post": 3.696831464767456
        },
        "21": {
          "source_abs_mean_pre": 0.1842966377735138,
          "source_mean_pre": 0.11643064022064209,
          "source_mean_post": -0.10390651226043701,
          "target_mean_pre": 3.7464470863342285,
          "target_mean_post": 3.9667844772338867
        },
        "22": {
          "source_abs_mean_pre": 0.22896814346313477,
          "source_mean_pre": 0.05082870274782181,
          "source_mean_post": -0.054543789476156235,
          "target_mean_pre": 4.166168212890625,
          "target_mean_post": 4.271540641784668
        },
        "23": {
          "source_abs_mean_pre": 0.4143494963645935,
          "source_mean_pre": 0.1980574131011963,
          "source_mean_post": -0.2062312811613083,
          "target_mean_pre": 4.519193649291992,
          "target_mean_post": 4.923482894897461
        },
        "24": {
          "source_abs_mean_pre": 0.38513219356536865,
          "source_mean_pre": -0.08809827268123627,
          "source_mean_post": 0.09637453407049179,
          "target_mean_pre": 5.427923202514648,
          "target_mean_post": 5.24345064163208
        },
        "25": {
          "source_abs_mean_pre": 0.40693211555480957,
          "source_mean_pre": 0.3021395802497864,
          "source_mean_post": -0.3777843713760376,
          "target_mean_pre": 5.624652862548828,
          "target_mean_post": 6.304576873779297
        },
        "26": {
          "source_abs_mean_pre": 0.5735277533531189,
          "source_mean_pre": -0.4537646770477295,
          "source_mean_post": 0.5935784578323364,
          "target_mean_pre": 6.646198272705078,
          "target_mean_post": 5.598855018615723
        },
        "27": {
          "source_abs_mean_pre": 1.1494672298431396,
          "source_mean_pre": 1.1494672298431396,
          "source_mean_post": -1.4827239513397217,
          "target_mean_pre": 5.692682266235352,
          "target_mean_post": 8.324872970581055
        },
        "28": {
          "source_abs_mean_pre": 1.5215952396392822,
          "source_mean_pre": -1.5215952396392822,
          "source_mean_post": 2.13265323638916,
          "target_mean_pre": 9.053466796875,
          "target_mean_post": 5.3992180824279785
        },
        "29": {
          "source_abs_mean_pre": 2.321467399597168,
          "source_mean_pre": 2.321467399597168,
          "source_mean_post": -2.158970355987549,
          "target_mean_pre": 5.869968414306641,
          "target_mean_post": 10.350404739379883
        },
        "30": {
          "source_abs_mean_pre": 2.67323899269104,
          "source_mean_pre": -2.67323899269104,
          "source_mean_post": 2.237049102783203,
          "target_mean_pre": 7.774167537689209,
          "target_mean_post": 2.863877296447754
        }
      },
      "provenance": {
        "lens_file": "/__modal/volumes/vo-UTqV2w7ZVWoNtNbbwwfTeq/hf/hub/models--neuronpedia--jacobian-lens/snapshots/16a01f309fcec900fdcec3f4cd5b64f3d00e4d5a/qwen3.5-4b/jlens/Salesforce-wikitext/Qwen3.5-4B_jacobian_lens_n1000.pt",
        "lens_sha256": "1f9a8f8fd593f0ffec1a9640993257ca4560f8ae3e5602315643d5cc6818534e",
        "source_id": 9338,
        "target_id": 5440
      }
    },
    {
      "kind": "intervention",
      "source": "France",
      "target": "China",
      "source_answer": "Paris",
      "target_answer": "Beijing",
      "band": "early_mid",
      "layers": [
        4,
        13
      ],
      "operator": "raw_exchange",
      "alpha": 1.0,
      "text": " Paris.\nA. True",
      "first_token": 11751,
      "hit_target": false,
      "stayed_source": true,
      "baseline_ok": true,
      "hook_calls": {
        "4": 1,
        "5": 1,
        "6": 1,
        "7": 1,
        "8": 1,
        "9": 1,
        "10": 1,
        "11": 1,
        "12": 1,
        "13": 1
      },
      "layer_geometry": {
        "4": {
          "raw_norms": [
            0.7408506870269775,
            0.6996765732765198
          ],
          "unit_cosine": 0.5055802464485168
        },
        "5": {
          "raw_norms": [
            0.7461590766906738,
            0.7115569710731506
          ],
          "unit_cosine": 0.5163177847862244
        },
        "6": {
          "raw_norms": [
            0.5817607045173645,
            0.5678784251213074
          ],
          "unit_cosine": 0.5403882265090942
        },
        "7": {
          "raw_norms": [
            0.6193721890449524,
            0.614524245262146
          ],
          "unit_cosine": 0.542233407497406
        },
        "8": {
          "raw_norms": [
            0.6841142177581787,
            0.6887275576591492
          ],
          "unit_cosine": 0.5333486795425415
        },
        "9": {
          "raw_norms": [
            0.744547963142395,
            0.7706334590911865
          ],
          "unit_cosine": 0.5410158634185791
        },
        "10": {
          "raw_norms": [
            0.7828574776649475,
            0.8105084300041199
          ],
          "unit_cosine": 0.5496245622634888
        },
        "11": {
          "raw_norms": [
            0.8505480289459229,
            0.8973376154899597
          ],
          "unit_cosine": 0.5712822079658508
        },
        "12": {
          "raw_norms": [
            0.907291829586029,
            0.9530805945396423
          ],
          "unit_cosine": 0.5677496194839478
        },
        "13": {
          "raw_norms": [
            0.9518189430236816,
            1.0011470317840576
          ],
          "unit_cosine": 0.583652138710022
        }
      },
      "layer_measurements": {
        "4": {
          "coordinate_abs_mean_pre": [
            0.535527229309082,
            0.309945672750473
          ],
          "coordinate_mean_pre": [
            0.535527229309082,
            0.309945672750473
          ],
          "coordinate_mean_post": [
            0.30994561314582825,
            0.535527229309082
          ],
          "swap_max_abs_error": 3.8743019104003906e-07
        },
        "5": {
          "coordinate_abs_mean_pre": [
            0.40453529357910156,
            0.5179048776626587
          ],
          "coordinate_mean_pre": [
            0.40453529357910156,
            0.5179048776626587
          ],
          "coordinate_mean_post": [
            0.5179048776626587,
            0.40453529357910156
          ],
          "swap_max_abs_error": 4.76837158203125e-07
        },
        "6": {
          "coordinate_abs_mean_pre": [
            1.2481218576431274,
            0.7074881792068481
          ],
          "coordinate_mean_pre": [
            1.2481218576431274,
            0.7074881792068481
          ],
          "coordinate_mean_post": [
            0.707487940788269,
            1.248121738433838
          ],
          "swap_max_abs_error": 8.642673492431641e-07
        },
        "7": {
          "coordinate_abs_mean_pre": [
            0.6203957796096802,
            1.1649600267410278
          ],
          "coordinate_mean_pre": [
            0.6203957796096802,
            1.1649600267410278
          ],
          "coordinate_mean_post": [
            1.1649600267410278,
            0.6203955411911011
          ],
          "swap_max_abs_error": 7.748603820800781e-07
        },
        "8": {
          "coordinate_abs_mean_pre": [
            1.1878321170806885,
            0.48978883028030396
          ],
          "coordinate_mean_pre": [
            1.1878321170806885,
            0.47912484407424927
          ],
          "coordinate_mean_post": [
            0.4791250228881836,
            1.1878318786621094
          ],
          "swap_max_abs_error": 8.493661880493164e-07
        },
        "9": {
          "coordinate_abs_mean_pre": [
            0.592413067817688,
            1.0382184982299805
          ],
          "coordinate_mean_pre": [
            0.592413067817688,
            1.0382184982299805
          ],
          "coordinate_mean_post": [
            1.0382187366485596,
            0.5924129486083984
          ],
          "swap_max_abs_error": 1.430511474609375e-06
        },
        "10": {
          "coordinate_abs_mean_pre": [
            1.0424844026565552,
            0.5973336696624756
          ],
          "coordinate_mean_pre": [
            1.0424844026565552,
            0.5973336696624756
          ],
          "coordinate_mean_post": [
            0.5973336100578308,
            1.0424846410751343
          ],
          "swap_max_abs_error": 7.152557373046875e-07
        },
        "11": {
          "coordinate_abs_mean_pre": [
            0.5955531597137451,
            0.8359448909759521
          ],
          "coordinate_mean_pre": [
            0.5955531597137451,
            0.8359448909759521
          ],
          "coordinate_mean_post": [
            0.8359447121620178,
            0.5955531597137451
          ],
          "swap_max_abs_error": 4.76837158203125e-07
        },
        "12": {
          "coordinate_abs_mean_pre": [
            0.8026764392852783,
            0.6668917536735535
          ],
          "coordinate_mean_pre": [
            0.8026764392852783,
            0.6668917536735535
          ],
          "coordinate_mean_post": [
            0.6668918132781982,
            0.8026764392852783
          ],
          "swap_max_abs_error": 2.980232238769531e-07
        },
        "13": {
          "coordinate_abs_mean_pre": [
            0.5810866355895996,
            0.759543776512146
          ],
          "coordinate_mean_pre": [
            0.5810866355895996,
            0.759543776512146
          ],
          "coordinate_mean_post": [
            0.7595437169075012,
            0.5810866355895996
          ],
          "swap_max_abs_error": 5.960464477539062e-07
        }
      },
      "provenance": {
        "lens_file": "/__modal/volumes/vo-UTqV2w7ZVWoNtNbbwwfTeq/hf/hub/models--neuronpedia--jacobian-lens/snapshots/16a01f309fcec900fdcec3f4cd5b64f3d00e4d5a/qwen3.5-4b/jlens/Salesforce-wikitext/Qwen3.5-4B_jacobian_lens_n1000.pt",
        "lens_sha256": "1f9a8f8fd593f0ffec1a9640993257ca4560f8ae3e5602315643d5cc6818534e",
        "source_id": 9338,
        "target_id": 5440
      }
    },
    {
      "kind": "intervention",
      "source": "France",
      "target": "China",
      "source_answer": "Paris",
      "target_answer": "Beijing",
      "band": "early_mid",
      "layers": [
        4,
        13
      ],
      "operator": "raw_exchange",
      "alpha": 2.0,
      "text": "France, the capital of the",
      "first_token": 47358,
      "hit_target": false,
      "stayed_source": false,
      "baseline_ok": true,
      "hook_calls": {
        "4": 1,
        "5": 1,
        "6": 1,
        "7": 1,
        "8": 1,
        "9": 1,
        "10": 1,
        "11": 1,
        "12": 1,
        "13": 1
      },
      "layer_geometry": {
        "4": {
          "raw_norms": [
            0.7408506870269775,
            0.6996765732765198
          ],
          "unit_cosine": 0.5055802464485168
        },
        "5": {
          "raw_norms": [
            0.7461590766906738,
            0.7115569710731506
          ],
          "unit_cosine": 0.5163177847862244
        },
        "6": {
          "raw_norms": [
            0.5817607045173645,
            0.5678784251213074
          ],
          "unit_cosine": 0.5403882265090942
        },
        "7": {
          "raw_norms": [
            0.6193721890449524,
            0.614524245262146
          ],
          "unit_cosine": 0.542233407497406
        },
        "8": {
          "raw_norms": [
            0.6841142177581787,
            0.6887275576591492
          ],
          "unit_cosine": 0.5333486795425415
        },
        "9": {
          "raw_norms": [
            0.744547963142395,
            0.7706334590911865
          ],
          "unit_cosine": 0.5410158634185791
        },
        "10": {
          "raw_norms": [
            0.7828574776649475,
            0.8105084300041199
          ],
          "unit_cosine": 0.5496245622634888
        },
        "11": {
          "raw_norms": [
            0.8505480289459229,
            0.8973376154899597
          ],
          "unit_cosine": 0.5712822079658508
        },
        "12": {
          "raw_norms": [
            0.907291829586029,
            0.9530805945396423
          ],
          "unit_cosine": 0.5677496194839478
        },
        "13": {
          "raw_norms": [
            0.9518189430236816,
            1.0011470317840576
          ],
          "unit_cosine": 0.583652138710022
        }
      },
      "layer_measurements": {
        "4": {
          "coordinate_abs_mean_pre": [
            0.535527229309082,
            0.309945672750473
          ],
          "coordinate_mean_pre": [
            0.535527229309082,
            0.309945672750473
          ],
          "coordinate_mean_post": [
            0.08436402678489685,
            0.7611086964607239
          ],
          "swap_max_abs_error": 4.76837158203125e-07
        },
        "5": {
          "coordinate_abs_mean_pre": [
            0.5137872695922852,
            0.7550032138824463
          ],
          "coordinate_mean_pre": [
            0.17293237149715424,
            0.7331897616386414
          ],
          "coordinate_mean_post": [
            1.2934470176696777,
            -0.3873254358768463
          ],
          "swap_max_abs_error": 2.86102294921875e-06
        },
        "6": {
          "coordinate_abs_mean_pre": [
            2.2260043621063232,
            1.3954997062683105
          ],
          "coordinate_mean_pre": [
            2.2260043621063232,
            -0.3538323640823364
          ],
          "coordinate_mean_post": [
            -2.9336695671081543,
            4.805841445922852
          ],
          "swap_max_abs_error": 1.9073486328125e-06
        },
        "7": {
          "coordinate_abs_mean_pre": [
            3.7083306312561035,
            4.337599277496338
          ],
          "coordinate_mean_pre": [
            -2.6517093181610107,
            4.202443599700928
          ],
          "coordinate_mean_post": [
            11.056596755981445,
            -9.505860328674316
          ],
          "swap_max_abs_error": 1.9073486328125e-05
        },
        "8": {
          "coordinate_abs_mean_pre": [
            10.825081825256348,
            9.597469329833984
          ],
          "coordinate_mean_pre": [
            9.803995132446289,
            -7.845570087432861
          ],
          "coordinate_mean_post": [
            -25.49513053894043,
            27.453561782836914
          ],
          "swap_max_abs_error": 1.52587890625e-05
        },
        "9": {
          "coordinate_abs_mean_pre": [
            24.636716842651367,
            25.016830444335938
          ],
          "coordinate_mean_pre": [
            -20.708847045898438,
            22.07020378112793
          ],
          "coordinate_mean_post": [
            64.8492660522461,
            -63.48790740966797
          ],
          "swap_max_abs_error": 0.0001220703125
        },
        "10": {
          "coordinate_abs_mean_pre": [
            68.87403869628906,
            68.26866912841797
          ],
          "coordinate_mean_pre": [
            60.23542785644531,
            -58.70533752441406
          ],
          "coordinate_mean_post": [
            -177.64617919921875,
            179.1762237548828
          ],
          "swap_max_abs_error": 0.0003662109375
        },
        "11": {
          "coordinate_abs_mean_pre": [
            187.30746459960938,
            183.5756072998047
          ],
          "coordinate_mean_pre": [
            -161.5089569091797,
            158.9894256591797
          ],
          "coordinate_mean_post": [
            479.48785400390625,
            -482.0074768066406
          ],
          "swap_max_abs_error": 0.00048828125
        },
        "12": {
          "coordinate_abs_mean_pre": [
            495.967041015625,
            495.8536376953125
          ],
          "coordinate_mean_pre": [
            429.8959045410156,
            -428.89776611328125
          ],
          "coordinate_mean_post": [
            -1287.691162109375,
            1288.6893310546875
          ],
          "swap_max_abs_error": 0.001953125
        },
        "13": {
          "coordinate_abs_mean_pre": [
            1406.4964599609375,
            1402.762939453125
          ],
          "coordinate_mean_pre": [
            -1217.41259765625,
            1215.0384521484375
          ],
          "coordinate_mean_post": [
            3647.490478515625,
            -3649.86474609375
          ],
          "swap_max_abs_error": 0.005859375
        }
      },
      "provenance": {
        "lens_file": "/__modal/volumes/vo-UTqV2w7ZVWoNtNbbwwfTeq/hf/hub/models--neuronpedia--jacobian-lens/snapshots/16a01f309fcec900fdcec3f4cd5b64f3d00e4d5a/qwen3.5-4b/jlens/Salesforce-wikitext/Qwen3.5-4B_jacobian_lens_n1000.pt",
        "lens_sha256": "1f9a8f8fd593f0ffec1a9640993257ca4560f8ae3e5602315643d5cc6818534e",
        "source_id": 9338,
        "target_id": 5440
      }
    },
    {
      "kind": "intervention",
      "source": "France",
      "target": "China",
      "source_answer": "Paris",
      "target_answer": "Beijing",
      "band": "early_mid",
      "layers": [
        4,
        13
      ],
      "operator": "raw_exchange",
      "alpha": 4.0,
      "text": "FranceFranceFranceFranceFranceFrance",
      "first_token": 47358,
      "hit_target": false,
      "stayed_source": false,
      "baseline_ok": true,
      "hook_calls": {
        "4": 1,
        "5": 1,
        "6": 1,
        "7": 1,
        "8": 1,
        "9": 1,
        "10": 1,
        "11": 1,
        "12": 1,
        "13": 1
      },
      "layer_geometry": {
        "4": {
          "raw_norms": [
            0.7408506870269775,
            0.6996765732765198
          ],
          "unit_cosine": 0.5055802464485168
        },
        "5": {
          "raw_norms": [
            0.7461590766906738,
            0.7115569710731506
          ],
          "unit_cosine": 0.5163177847862244
        },
        "6": {
          "raw_norms": [
            0.5817607045173645,
            0.5678784251213074
          ],
          "unit_cosine": 0.5403882265090942
        },
        "7": {
          "raw_norms": [
            0.6193721890449524,
            0.614524245262146
          ],
          "unit_cosine": 0.542233407497406
        },
        "8": {
          "raw_norms": [
            0.6841142177581787,
            0.6887275576591492
          ],
          "unit_cosine": 0.5333486795425415
        },
        "9": {
          "raw_norms": [
            0.744547963142395,
            0.7706334590911865
          ],
          "unit_cosine": 0.5410158634185791
        },
        "10": {
          "raw_norms": [
            0.7828574776649475,
            0.8105084300041199
          ],
          "unit_cosine": 0.5496245622634888
        },
        "11": {
          "raw_norms": [
            0.8505480289459229,
            0.8973376154899597
          ],
          "unit_cosine": 0.5712822079658508
        },
        "12": {
          "raw_norms": [
            0.907291829586029,
            0.9530805945396423
          ],
          "unit_cosine": 0.5677496194839478
        },
        "13": {
          "raw_norms": [
            0.9518189430236816,
            1.0011470317840576
          ],
          "unit_cosine": 0.583652138710022
        }
      },
      "layer_measurements": {
        "4": {
          "coordinate_abs_mean_pre": [
            0.535527229309082,
            0.309945672750473
          ],
          "coordinate_mean_pre": [
            0.535527229309082,
            0.309945672750473
          ],
          "coordinate_mean_post": [
            -0.36679917573928833,
            1.212271809577942
          ],
          "swap_max_abs_error": 1.430511474609375e-06
        },
        "5": {
          "coordinate_abs_mean_pre": [
            1.0235613584518433,
            1.3932784795761108
          ],
          "coordinate_mean_pre": [
            -0.2872070074081421,
            1.1678636074066162
          ],
          "coordinate_mean_post": [
            5.5330729484558105,
            -4.652420997619629
          ],
          "swap_max_abs_error": 1.52587890625e-05
        },
        "6": {
          "coordinate_abs_mean_pre": [
            9.948318481445312,
            9.10102653503418
          ],
          "coordinate_mean_pre": [
            7.2277350425720215,
            -5.38895845413208
          ],
          "coordinate_mean_post": [
            -43.23904800415039,
            45.07781982421875
          ],
          "swap_max_abs_error": 6.103515625e-05
        },
        "7": {
          "coordinate_abs_mean_pre": [
            60.020809173583984,
            59.020225524902344
          ],
          "coordinate_mean_pre": [
            -39.24267578125,
            39.8603630065918
          ],
          "coordinate_mean_post": [
            277.16943359375,
            -276.5517883300781
          ],
          "swap_max_abs_error": 0.0003662109375
        },
        "8": {
          "coordinate_abs_mean_pre": [
            350.66070556640625,
            339.744140625
          ],
          "coordinate_mean_pre": [
            235.39027404785156,
            -226.77098083496094
          ],
          "coordinate_mean_post": [
            -1613.2547607421875,
            1621.873779296875
          ],
          "swap_max_abs_error": 0.001953125
        },
        "9": {
          "coordinate_abs_mean_pre": [
            2122.15576171875,
            2084.52734375
          ],
          "coordinate_mean_pre": [
            -1418.712158203125,
            1395.0203857421875
          ],
          "coordinate_mean_post": [
            9836.220703125,
            -9859.91015625
          ],
          "swap_max_abs_error": 0.015625
        },
        "10": {
          "coordinate_abs_mean_pre": [
            13622.1884765625,
            13596.56640625
          ],
          "coordinate_mean_pre": [
            9112.3857421875,
            -9093.30859375
          ],
          "coordinate_mean_post": [
            -63710.3984375,
            63729.47265625
          ],
          "swap_max_abs_error": 0.0625
        },
        "11": {
          "coordinate_abs_mean_pre": [
            86753.546875,
            85092.484375
          ],
          "coordinate_mean_pre": [
            -58026.875,
            56917.84375
          ],
          "coordinate_mean_post": [
            401752.0625,
            -402861.125
          ],
          "swap_max_abs_error": 0.5
        },
        "12": {
          "coordinate_abs_mean_pre": [
            538693.5,
            536916.5625
          ],
          "coordinate_mean_pre": [
            360289.34375,
            -359105.4375
          ],
          "coordinate_mean_post": [
            -2517289.5,
            2518473.75
          ],
          "swap_max_abs_error": 2.0
        },
        "13": {
          "coordinate_abs_mean_pre": [
            3562921.75,
            3555052.5
          ],
          "coordinate_mean_pre": [
            -2383003.75,
            2377771.5
          ],
          "coordinate_mean_post": [
            16660101.0,
            -16665333.0
          ],
          "swap_max_abs_error": 48.0
        }
      },
      "provenance": {
        "lens_file": "/__modal/volumes/vo-UTqV2w7ZVWoNtNbbwwfTeq/hf/hub/models--neuronpedia--jacobian-lens/snapshots/16a01f309fcec900fdcec3f4cd5b64f3d00e4d5a/qwen3.5-4b/jlens/Salesforce-wikitext/Qwen3.5-4B_jacobian_lens_n1000.pt",
        "lens_sha256": "1f9a8f8fd593f0ffec1a9640993257ca4560f8ae3e5602315643d5cc6818534e",
        "source_id": 9338,
        "target_id": 5440
      }
    },
    {
      "kind": "intervention",
      "source": "France",
      "target": "China",
      "source_answer": "Paris",
      "target_answer": "Beijing",
      "band": "early_mid",
      "layers": [
        4,
        13
      ],
      "operator": "unit_exchange",
      "alpha": 1.0,
      "text": " Paris.\nA. True",
      "first_token": 11751,
      "hit_target": false,
      "stayed_source": true,
      "baseline_ok": true,
      "hook_calls": {
        "4": 1,
        "5": 1,
        "6": 1,
        "7": 1,
        "8": 1,
        "9": 1,
        "10": 1,
        "11": 1,
        "12": 1,
        "13": 1
      },
      "layer_geometry": {
        "4": {
          "raw_norms": [
            0.7408506870269775,
            0.6996765732765198
          ],
          "unit_cosine": 0.5055802464485168
        },
        "5": {
          "raw_norms": [
            0.7461590766906738,
            0.7115569710731506
          ],
          "unit_cosine": 0.5163177847862244
        },
        "6": {
          "raw_norms": [
            0.5817607045173645,
            0.5678784251213074
          ],
          "unit_cosine": 0.5403882265090942
        },
        "7": {
          "raw_norms": [
            0.6193721890449524,
            0.614524245262146
          ],
          "unit_cosine": 0.542233407497406
        },
        "8": {
          "raw_norms": [
            0.6841142177581787,
            0.6887275576591492
          ],
          "unit_cosine": 0.5333486795425415
        },
        "9": {
          "raw_norms": [
            0.744547963142395,
            0.7706334590911865
          ],
          "unit_cosine": 0.5410158634185791
        },
        "10": {
          "raw_norms": [
            0.7828574776649475,
            0.8105084300041199
          ],
          "unit_cosine": 0.5496245622634888
        },
        "11": {
          "raw_norms": [
            0.8505480289459229,
            0.8973376154899597
          ],
          "unit_cosine": 0.5712822079658508
        },
        "12": {
          "raw_norms": [
            0.907291829586029,
            0.9530805945396423
          ],
          "unit_cosine": 0.5677496194839478
        },
        "13": {
          "raw_norms": [
            0.9518189430236816,
            1.0011470317840576
          ],
          "unit_cosine": 0.583652138710022
        }
      },
      "layer_measurements": {
        "4": {
          "coordinate_abs_mean_pre": [
            0.39674612879753113,
            0.21686092019081116
          ],
          "coordinate_mean_pre": [
            0.39674612879753113,
            0.21686092019081116
          ],
          "coordinate_mean_post": [
            0.21686087548732758,
            0.3967461884021759
          ],
          "swap_max_abs_error": 4.76837158203125e-07
        },
        "5": {
          "coordinate_abs_mean_pre": [
            0.2883540093898773,
            0.3893476724624634
          ],
          "coordinate_mean_pre": [
            0.2883540093898773,
            0.3893476724624634
          ],
          "coordinate_mean_post": [
            0.38934773206710815,
            0.2883540391921997
          ],
          "swap_max_abs_error": 3.5762786865234375e-07
        },
        "6": {
          "coordinate_abs_mean_pre": [
            0.7303001880645752,
            0.4019121527671814
          ],
          "coordinate_mean_pre": [
            0.7303001880645752,
            0.4019121527671814
          ],
          "coordinate_mean_post": [
            0.4019120931625366,
            0.7303003072738647
          ],
          "swap_max_abs_error": 4.76837158203125e-07
        },
        "7": {
          "coordinate_abs_mean_pre": [
            0.37390393018722534,
            0.7360854148864746
          ],
          "coordinate_mean_pre": [
            0.37390393018722534,
            0.7360854148864746
          ],
          "coordinate_mean_post": [
            0.7360854148864746,
            0.37390395998954773
          ],
          "swap_max_abs_error": 4.76837158203125e-07
        },
        "8": {
          "coordinate_abs_mean_pre": [
            0.8273583650588989,
            0.33253827691078186
          ],
          "coordinate_mean_pre": [
            0.8273583650588989,
            0.32363361120224
          ],
          "coordinate_mean_post": [
            0.32363346219062805,
            0.8273583650588989
          ],
          "swap_max_abs_error": 4.76837158203125e-07
        },
        "9": {
          "coordinate_abs_mean_pre": [
            0.4367384910583496,
            0.8091214299201965
          ],
          "coordinate_mean_pre": [
            0.4367384910583496,
            0.8091214299201965
          ],
          "coordinate_mean_post": [
            0.8091215491294861,
            0.4367384910583496
          ],
          "swap_max_abs_error": 4.76837158203125e-07
        },
        "10": {
          "coordinate_abs_mean_pre": [
            0.8508174419403076,
            0.4650104343891144
          ],
          "coordinate_mean_pre": [
            0.8508174419403076,
            0.4650104343891144
          ],
          "coordinate_mean_post": [
            0.46501031517982483,
            0.8508173227310181
          ],
          "swap_max_abs_error": 4.76837158203125e-07
        },
        "11": {
          "coordinate_abs_mean_pre": [
            0.5029394030570984,
            0.7569961547851562
          ],
          "coordinate_mean_pre": [
            0.5029394030570984,
            0.7569961547851562
          ],
          "coordinate_mean_post": [
            0.7569960355758667,
            0.5029393434524536
          ],
          "swap_max_abs_error": 5.960464477539062e-07
        },
        "12": {
          "coordinate_abs_mean_pre": [
            0.7720414400100708,
            0.6067072749137878
          ],
          "coordinate_mean_pre": [
            0.7720414400100708,
            0.6067072749137878
          ],
          "coordinate_mean_post": [
            0.6067072153091431,
            0.7720415592193604
          ],
          "swap_max_abs_error": 3.5762786865234375e-07
        },
        "13": {
          "coordinate_abs_mean_pre": [
            0.5545329451560974,
            0.7670366168022156
          ],
          "coordinate_mean_pre": [
            0.5545329451560974,
            0.7670366168022156
          ],
          "coordinate_mean_post": [
            0.7670367956161499,
            0.5545328855514526
          ],
          "swap_max_abs_error": 7.152557373046875e-07
        }
      },
      "provenance": {
        "lens_file": "/__modal/volumes/vo-UTqV2w7ZVWoNtNbbwwfTeq/hf/hub/models--neuronpedia--jacobian-lens/snapshots/16a01f309fcec900fdcec3f4cd5b64f3d00e4d5a/qwen3.5-4b/jlens/Salesforce-wikitext/Qwen3.5-4B_jacobian_lens_n1000.pt",
        "lens_sha256": "1f9a8f8fd593f0ffec1a9640993257ca4560f8ae3e5602315643d5cc6818534e",
        "source_id": 9338,
        "target_id": 5440
      }
    },
    {
      "kind": "intervention",
      "source": "France",
      "target": "China",
      "source_answer": "Paris",
      "target_answer": "Beijing",
      "band": "early_mid",
      "layers": [
        4,
        13
      ],
      "operator": "unit_exchange",
      "alpha": 2.0,
      "text": "France,France,France,",
      "first_token": 47358,
      "hit_target": false,
      "stayed_source": false,
      "baseline_ok": true,
      "hook_calls": {
        "4": 1,
        "5": 1,
        "6": 1,
        "7": 1,
        "8": 1,
        "9": 1,
        "10": 1,
        "11": 1,
        "12": 1,
        "13": 1
      },
      "layer_geometry": {
        "4": {
          "raw_norms": [
            0.7408506870269775,
            0.6996765732765198
          ],
          "unit_cosine": 0.5055802464485168
        },
        "5": {
          "raw_norms": [
            0.7461590766906738,
            0.7115569710731506
          ],
          "unit_cosine": 0.5163177847862244
        },
        "6": {
          "raw_norms": [
            0.5817607045173645,
            0.5678784251213074
          ],
          "unit_cosine": 0.5403882265090942
        },
        "7": {
          "raw_norms": [
            0.6193721890449524,
            0.614524245262146
          ],
          "unit_cosine": 0.542233407497406
        },
        "8": {
          "raw_norms": [
            0.6841142177581787,
            0.6887275576591492
          ],
          "unit_cosine": 0.5333486795425415
        },
        "9": {
          "raw_norms": [
            0.744547963142395,
            0.7706334590911865
          ],
          "unit_cosine": 0.5410158634185791
        },
        "10": {
          "raw_norms": [
            0.7828574776649475,
            0.8105084300041199
          ],
          "unit_cosine": 0.5496245622634888
        },
        "11": {
          "raw_norms": [
            0.8505480289459229,
            0.8973376154899597
          ],
          "unit_cosine": 0.5712822079658508
        },
        "12": {
          "raw_norms": [
            0.907291829586029,
            0.9530805945396423
          ],
          "unit_cosine": 0.5677496194839478
        },
        "13": {
          "raw_norms": [
            0.9518189430236816,
            1.0011470317840576
          ],
          "unit_cosine": 0.583652138710022
        }
      },
      "layer_measurements": {
        "4": {
          "coordinate_abs_mean_pre": [
            0.39674612879753113,
            0.21686092019081116
          ],
          "coordinate_mean_pre": [
            0.39674612879753113,
            0.21686092019081116
          ],
          "coordinate_mean_post": [
            0.036975666880607605,
            0.5766313076019287
          ],
          "swap_max_abs_error": 4.76837158203125e-07
        },
        "5": {
          "coordinate_abs_mean_pre": [
            0.3578178286552429,
            0.5747742652893066
          ],
          "coordinate_mean_pre": [
            0.10335050523281097,
            0.5627234578132629
          ],
          "coordinate_mean_post": [
            1.0220965147018433,
            -0.35602277517318726
          ],
          "swap_max_abs_error": 2.384185791015625e-06
        },
        "6": {
          "coordinate_abs_mean_pre": [
            1.3613533973693848,
            0.809913158416748
          ],
          "coordinate_mean_pre": [
            1.3613533973693848,
            -0.2914804220199585
          ],
          "coordinate_mean_post": [
            -1.9443142414093018,
            3.0141873359680176
          ],
          "swap_max_abs_error": 9.5367431640625e-07
        },
        "7": {
          "coordinate_abs_mean_pre": [
            2.4077532291412354,
            2.853454113006592
          ],
          "coordinate_mean_pre": [
            -1.8661713600158691,
            2.8424251079559326
          ],
          "coordinate_mean_post": [
            7.551020622253418,
            -6.574768543243408
          ],
          "swap_max_abs_error": 7.62939453125e-06
        },
        "8": {
          "coordinate_abs_mean_pre": [
            7.8573150634765625,
            7.039693355560303
          ],
          "coordinate_mean_pre": [
            7.4655442237854,
            -6.121737480163574
          ],
          "coordinate_mean_post": [
            -19.709020614624023,
            21.05282974243164
          ],
          "swap_max_abs_error": 3.814697265625e-05
        },
        "9": {
          "coordinate_abs_mean_pre": [
            19.454370498657227,
            20.217689514160156
          ],
          "coordinate_mean_pre": [
            -17.29062271118164,
            18.718690872192383
          ],
          "coordinate_mean_post": [
            54.728023529052734,
            -53.29994201660156
          ],
          "swap_max_abs_error": 9.1552734375e-05
        },
        "10": {
          "coordinate_abs_mean_pre": [
            58.13657760620117,
            57.267459869384766
          ],
          "coordinate_mean_pre": [
            53.37527084350586,
            -51.8294792175293
          ],
          "coordinate_mean_post": [
            -157.03424072265625,
            158.57997131347656
          ],
          "swap_max_abs_error": 0.00018310546875
        },
        "11": {
          "coordinate_abs_mean_pre": [
            170.98416137695312,
            171.33477783203125
          ],
          "coordinate_mean_pre": [
            -155.15994262695312,
            156.1076202392578
          ],
          "coordinate_mean_post": [
            467.3752136230469,
            -466.42755126953125
          ],
          "swap_max_abs_error": 0.000244140625
        },
        "12": {
          "coordinate_abs_mean_pre": [
            489.98126220703125,
            484.3641662597656
          ],
          "coordinate_mean_pre": [
            446.75262451171875,
            -440.79046630859375
          ],
          "coordinate_mean_post": [
            -1328.333251953125,
            1334.29541015625
          ],
          "swap_max_abs_error": 0.00244140625
        },
        "13": {
          "coordinate_abs_mean_pre": [
            1445.531982421875,
            1451.6412353515625
          ],
          "coordinate_mean_pre": [
            -1316.3302001953125,
            1322.7353515625
          ],
          "coordinate_mean_post": [
            3961.80224609375,
            -3955.39697265625
          ],
          "swap_max_abs_error": 0.0078125
        }
      },
      "provenance": {
        "lens_file": "/__modal/volumes/vo-UTqV2w7ZVWoNtNbbwwfTeq/hf/hub/models--neuronpedia--jacobian-lens/snapshots/16a01f309fcec900fdcec3f4cd5b64f3d00e4d5a/qwen3.5-4b/jlens/Salesforce-wikitext/Qwen3.5-4B_jacobian_lens_n1000.pt",
        "lens_sha256": "1f9a8f8fd593f0ffec1a9640993257ca4560f8ae3e5602315643d5cc6818534e",
        "source_id": 9338,
        "target_id": 5440
      }
    },
    {
      "kind": "intervention",
      "source": "France",
      "target": "China",
      "source_answer": "Paris",
      "target_answer": "Beijing",
      "band": "early_mid",
      "layers": [
        4,
        13
      ],
      "operator": "unit_exchange",
      "alpha": 4.0,
      "text": " France  1  ",
      "first_token": 9338,
      "hit_target": false,
      "stayed_source": false,
      "baseline_ok": true,
      "hook_calls": {
        "4": 1,
        "5": 1,
        "6": 1,
        "7": 1,
        "8": 1,
        "9": 1,
        "10": 1,
        "11": 1,
        "12": 1,
        "13": 1
      },
      "layer_geometry": {
        "4": {
          "raw_norms": [
            0.7408506870269775,
            0.6996765732765198
          ],
          "unit_cosine": 0.5055802464485168
        },
        "5": {
          "raw_norms": [
            0.7461590766906738,
            0.7115569710731506
          ],
          "unit_cosine": 0.5163177847862244
        },
        "6": {
          "raw_norms": [
            0.5817607045173645,
            0.5678784251213074
          ],
          "unit_cosine": 0.5403882265090942
        },
        "7": {
          "raw_norms": [
            0.6193721890449524,
            0.614524245262146
          ],
          "unit_cosine": 0.542233407497406
        },
        "8": {
          "raw_norms": [
            0.6841142177581787,
            0.6887275576591492
          ],
          "unit_cosine": 0.5333486795425415
        },
        "9": {
          "raw_norms": [
            0.744547963142395,
            0.7706334590911865
          ],
          "unit_cosine": 0.5410158634185791
        },
        "10": {
          "raw_norms": [
            0.7828574776649475,
            0.8105084300041199
          ],
          "unit_cosine": 0.5496245622634888
        },
        "11": {
          "raw_norms": [
            0.8505480289459229,
            0.8973376154899597
          ],
          "unit_cosine": 0.5712822079658508
        },
        "12": {
          "raw_norms": [
            0.907291829586029,
            0.9530805945396423
          ],
          "unit_cosine": 0.5677496194839478
        },
        "13": {
          "raw_norms": [
            0.9518189430236816,
            1.0011470317840576
          ],
          "unit_cosine": 0.583652138710022
        }
      },
      "layer_measurements": {
        "4": {
          "coordinate_abs_mean_pre": [
            0.39674612879753113,
            0.21686092019081116
          ],
          "coordinate_mean_pre": [
            0.39674612879753113,
            0.21686092019081116
          ],
          "coordinate_mean_post": [
            -0.32279473543167114,
            0.9364017844200134
          ],
          "swap_max_abs_error": 2.384185791015625e-07
        },
        "5": {
          "coordinate_abs_mean_pre": [
            0.736652135848999,
            1.0558956861495972
          ],
          "coordinate_mean_pre": [
            -0.2655635476112366,
            0.9145073890686035
          ],
          "coordinate_mean_post": [
            4.454721927642822,
            -3.8057775497436523
          ],
          "swap_max_abs_error": 1.1444091796875e-05
        },
        "6": {
          "coordinate_abs_mean_pre": [
            5.913660526275635,
            5.52105712890625
          ],
          "coordinate_mean_pre": [
            4.553407669067383,
            -3.5559375286102295
          ],
          "coordinate_mean_post": [
            -27.883974075317383,
            28.881450653076172
          ],
          "swap_max_abs_error": 4.57763671875e-05
        },
        "7": {
          "coordinate_abs_mean_pre": [
            38.470706939697266,
            38.332122802734375
          ],
          "coordinate_mean_pre": [
            -27.01680564880371,
            27.691247940063477
          ],
          "coordinate_mean_post": [
            191.81541442871094,
            -191.1409912109375
          ],
          "swap_max_abs_error": 4.57763671875e-05
        },
        "8": {
          "coordinate_abs_mean_pre": [
            250.13717651367188,
            245.44305419921875
          ],
          "coordinate_mean_pre": [
            179.7783203125,
            -175.51959228515625
          ],
          "coordinate_mean_post": [
            -1241.41357421875,
            1245.6722412109375
          ],
          "swap_max_abs_error": 0.00146484375
        },
        "9": {
          "coordinate_abs_mean_pre": [
            1659.5740966796875,
            1673.3658447265625
          ],
          "coordinate_mean_pre": [
            -1188.4847412109375,
            1199.447509765625
          ],
          "coordinate_mean_post": [
            8363.248046875,
            -8352.2822265625
          ],
          "swap_max_abs_error": 0.01953125
        },
        "10": {
          "coordinate_abs_mean_pre": [
            11364.33203125,
            11319.40234375
          ],
          "coordinate_mean_pre": [
            8142.9384765625,
            -8109.8193359375
          ],
          "coordinate_mean_post": [
            -56868.09765625,
            56901.19921875
          ],
          "swap_max_abs_error": 0.09375
        },
        "11": {
          "coordinate_abs_mean_pre": [
            78496.71875,
            78607.6953125
          ],
          "coordinate_mean_pre": [
            -56242.640625,
            56322.6953125
          ],
          "coordinate_mean_post": [
            394018.65625,
            -393938.59375
          ],
          "swap_max_abs_error": 0.25
        },
        "12": {
          "coordinate_abs_mean_pre": [
            525963.875,
            520714.9375
          ],
          "coordinate_mean_pre": [
            376849.125,
            -373091.65625
          ],
          "coordinate_mean_post": [
            -2622913.25,
            2626671.0
          ],
          "swap_max_abs_error": 6.0
        },
        "13": {
          "coordinate_abs_mean_pre": [
            3632140.5,
            3639678.5
          ],
          "coordinate_mean_pre": [
            -2602374.5,
            2607820.25
          ],
          "coordinate_mean_post": [
            18238414.0,
            -18232960.0
          ],
          "swap_max_abs_error": 56.0
        }
      },
      "provenance": {
        "lens_file": "/__modal/volumes/vo-UTqV2w7ZVWoNtNbbwwfTeq/hf/hub/models--neuronpedia--jacobian-lens/snapshots/16a01f309fcec900fdcec3f4cd5b64f3d00e4d5a/qwen3.5-4b/jlens/Salesforce-wikitext/Qwen3.5-4B_jacobian_lens_n1000.pt",
        "lens_sha256": "1f9a8f8fd593f0ffec1a9640993257ca4560f8ae3e5602315643d5cc6818534e",
        "source_id": 9338,
        "target_id": 5440
      }
    },
    {
      "kind": "intervention",
      "source": "France",
      "target": "China",
      "source_answer": "Paris",
      "target_answer": "Beijing",
      "band": "early_mid",
      "layers": [
        4,
        13
      ],
      "operator": "unit_transfer",
      "alpha": 1.0,
      "text": " Beijing.\nA. True",
      "first_token": 25701,
      "hit_target": true,
      "stayed_source": false,
      "baseline_ok": true,
      "hook_calls": {
        "4": 1,
        "5": 1,
        "6": 1,
        "7": 1,
        "8": 1,
        "9": 1,
        "10": 1,
        "11": 1,
        "12": 1,
        "13": 1
      },
      "layer_geometry": {
        "4": {
          "raw_norms": [
            0.7408506870269775,
            0.6996765732765198
          ],
          "unit_cosine": 0.5055802464485168
        },
        "5": {
          "raw_norms": [
            0.7461590766906738,
            0.7115569710731506
          ],
          "unit_cosine": 0.5163177847862244
        },
        "6": {
          "raw_norms": [
            0.5817607045173645,
            0.5678784251213074
          ],
          "unit_cosine": 0.5403882265090942
        },
        "7": {
          "raw_norms": [
            0.6193721890449524,
            0.614524245262146
          ],
          "unit_cosine": 0.542233407497406
        },
        "8": {
          "raw_norms": [
            0.6841142177581787,
            0.6887275576591492
          ],
          "unit_cosine": 0.5333486795425415
        },
        "9": {
          "raw_norms": [
            0.744547963142395,
            0.7706334590911865
          ],
          "unit_cosine": 0.5410158634185791
        },
        "10": {
          "raw_norms": [
            0.7828574776649475,
            0.8105084300041199
          ],
          "unit_cosine": 0.5496245622634888
        },
        "11": {
          "raw_norms": [
            0.8505480289459229,
            0.8973376154899597
          ],
          "unit_cosine": 0.5712822079658508
        },
        "12": {
          "raw_norms": [
            0.907291829586029,
            0.9530805945396423
          ],
          "unit_cosine": 0.5677496194839478
        },
        "13": {
          "raw_norms": [
            0.9518189430236816,
            1.0011470317840576
          ],
          "unit_cosine": 0.583652138710022
        }
      },
      "layer_measurements": {
        "4": {
          "source_abs_mean_pre": 0.5063864588737488,
          "source_mean_pre": 0.5063864588737488,
          "source_mean_post": 0.25601905584335327,
          "target_mean_pre": 0.41744792461395264,
          "target_mean_post": 0.6678152084350586
        },
        "5": {
          "source_abs_mean_pre": 0.32642805576324463,
          "source_mean_pre": 0.32642805576324463,
          "source_mean_post": 0.16854062676429749,
          "target_mean_pre": 0.6819115877151489,
          "target_mean_post": 0.8397990465164185
        },
        "6": {
          "source_abs_mean_pre": 0.46843576431274414,
          "source_mean_pre": 0.46843576431274414,
          "source_mean_post": 0.2531372606754303,
          "target_mean_pre": 1.2041685581207275,
          "target_mean_post": 1.4194672107696533
        },
        "7": {
          "source_abs_mean_pre": 0.2302590310573578,
          "source_mean_pre": 0.2271248996257782,
          "source_mean_post": 0.1231546550989151,
          "target_mean_pre": 1.3811322450637817,
          "target_mean_post": 1.4851024150848389
        },
        "8": {
          "source_abs_mean_pre": 0.1926175057888031,
          "source_mean_pre": 0.1926175057888031,
          "source_mean_post": 0.10273221880197525,
          "target_mean_pre": 1.42997145652771,
          "target_mean_post": 1.5198566913604736
        },
        "9": {
          "source_abs_mean_pre": 0.24660196900367737,
          "source_mean_pre": 0.24660196900367737,
          "source_mean_post": 0.1334155797958374,
          "target_mean_pre": 1.5237674713134766,
          "target_mean_post": 1.6369537115097046
        },
        "10": {
          "source_abs_mean_pre": 0.22729411721229553,
          "source_mean_pre": 0.22729411721229553,
          "source_mean_post": 0.12492647022008896,
          "target_mean_pre": 1.6447606086730957,
          "target_mean_post": 1.7471282482147217
        },
        "11": {
          "source_abs_mean_pre": 0.19685029983520508,
          "source_mean_pre": 0.19685029983520508,
          "source_mean_post": 0.11245708912611008,
          "target_mean_pre": 1.621079921722412,
          "target_mean_post": 1.7054731845855713
        },
        "12": {
          "source_abs_mean_pre": 0.2703675925731659,
          "source_mean_pre": 0.2703675925731659,
          "source_mean_post": 0.15350103378295898,
          "target_mean_pre": 1.7577781677246094,
          "target_mean_post": 1.8746447563171387
        },
        "13": {
          "source_abs_mean_pre": 0.1597713828086853,
          "source_mean_pre": 0.1536615788936615,
          "source_mean_post": 0.08968488872051239,
          "target_mean_pre": 1.8124041557312012,
          "target_mean_post": 1.8763806819915771
        }
      },
      "provenance": {
        "lens_file": "/__modal/volumes/vo-UTqV2w7ZVWoNtNbbwwfTeq/hf/hub/models--neuronpedia--jacobian-lens/snapshots/16a01f309fcec900fdcec3f4cd5b64f3d00e4d5a/qwen3.5-4b/jlens/Salesforce-wikitext/Qwen3.5-4B_jacobian_lens_n1000.pt",
        "lens_sha256": "1f9a8f8fd593f0ffec1a9640993257ca4560f8ae3e5602315643d5cc6818534e",
        "source_id": 9338,
        "target_id": 5440
      }
    },
    {
      "kind": "intervention",
      "source": "France",
      "target": "China",
      "source_answer": "Paris",
      "target_answer": "Beijing",
      "band": "early_mid",
      "layers": [
        4,
        13
      ],
      "operator": "unit_transfer",
      "alpha": 2.0,
      "text": " Beijing.\nA. True",
      "first_token": 25701,
      "hit_target": true,
      "stayed_source": false,
      "baseline_ok": true,
      "hook_calls": {
        "4": 1,
        "5": 1,
        "6": 1,
        "7": 1,
        "8": 1,
        "9": 1,
        "10": 1,
        "11": 1,
        "12": 1,
        "13": 1
      },
      "layer_geometry": {
        "4": {
          "raw_norms": [
            0.7408506870269775,
            0.6996765732765198
          ],
          "unit_cosine": 0.5055802464485168
        },
        "5": {
          "raw_norms": [
            0.7461590766906738,
            0.7115569710731506
          ],
          "unit_cosine": 0.5163177847862244
        },
        "6": {
          "raw_norms": [
            0.5817607045173645,
            0.5678784251213074
          ],
          "unit_cosine": 0.5403882265090942
        },
        "7": {
          "raw_norms": [
            0.6193721890449524,
            0.614524245262146
          ],
          "unit_cosine": 0.542233407497406
        },
        "8": {
          "raw_norms": [
            0.6841142177581787,
            0.6887275576591492
          ],
          "unit_cosine": 0.5333486795425415
        },
        "9": {
          "raw_norms": [
            0.744547963142395,
            0.7706334590911865
          ],
          "unit_cosine": 0.5410158634185791
        },
        "10": {
          "raw_norms": [
            0.7828574776649475,
            0.8105084300041199
          ],
          "unit_cosine": 0.5496245622634888
        },
        "11": {
          "raw_norms": [
            0.8505480289459229,
            0.8973376154899597
          ],
          "unit_cosine": 0.5712822079658508
        },
        "12": {
          "raw_norms": [
            0.907291829586029,
            0.9530805945396423
          ],
          "unit_cosine": 0.5677496194839478
        },
        "13": {
          "raw_norms": [
            0.9518189430236816,
            1.0011470317840576
          ],
          "unit_cosine": 0.583652138710022
        }
      },
      "layer_measurements": {
        "4": {
          "source_abs_mean_pre": 0.5063864588737488,
          "source_mean_pre": 0.5063864588737488,
          "source_mean_post": 0.005651669576764107,
          "target_mean_pre": 0.41744792461395264,
          "target_mean_post": 0.9181824922561646
        },
        "5": {
          "source_abs_mean_pre": 0.08995628356933594,
          "source_mean_pre": 0.07058949023485184,
          "source_mean_post": 0.0023037216160446405,
          "target_mean_pre": 0.9040918350219727,
          "target_mean_post": 0.972377598285675
        },
        "6": {
          "source_abs_mean_pre": 0.2912646234035492,
          "source_mean_pre": 0.2628989517688751,
          "source_mean_post": 0.021236170083284378,
          "target_mean_pre": 1.3592147827148438,
          "target_mean_post": 1.6008777618408203
        },
        "7": {
          "source_abs_mean_pre": 0.07599473744630814,
          "source_mean_pre": 0.0003592567518353462,
          "source_mean_post": 3.034702967852354e-05,
          "target_mean_pre": 1.5635056495666504,
          "target_mean_post": 1.563834547996521
        },
        "8": {
          "source_abs_mean_pre": 0.10616297274827957,
          "source_mean_pre": 0.09007460623979568,
          "source_mean_post": 0.006007727235555649,
          "target_mean_pre": 1.5079662799835205,
          "target_mean_post": 1.5920330286026
        },
        "9": {
          "source_abs_mean_pre": 0.15613555908203125,
          "source_mean_pre": 0.15613555908203125,
          "source_mean_post": 0.012808063067495823,
          "target_mean_pre": 1.588807463645935,
          "target_mean_post": 1.7321348190307617
        },
        "10": {
          "source_abs_mean_pre": 0.112181656062603,
          "source_mean_pre": 0.1079685166478157,
          "source_mean_post": 0.010715803131461143,
          "target_mean_pre": 1.7263790369033813,
          "target_mean_post": 1.8236318826675415
        },
        "11": {
          "source_abs_mean_pre": 0.0953504741191864,
          "source_mean_pre": 0.0953504741191864,
          "source_mean_post": 0.013593586161732674,
          "target_mean_pre": 1.6846671104431152,
          "target_mean_post": 1.7664241790771484
        },
        "12": {
          "source_abs_mean_pre": 0.17830133438110352,
          "source_mean_pre": 0.17830133438110352,
          "source_mean_post": 0.024159640073776245,
          "target_mean_pre": 1.8167160749435425,
          "target_mean_post": 1.9708576202392578
        },
        "13": {
          "source_abs_mean_pre": 0.062243204563856125,
          "source_mean_pre": 0.03445747494697571,
          "source_mean_post": 0.005764909088611603,
          "target_mean_pre": 1.907551646232605,
          "target_mean_post": 1.9362441301345825
        }
      },
      "provenance": {
        "lens_file": "/__modal/volumes/vo-UTqV2w7ZVWoNtNbbwwfTeq/hf/hub/models--neuronpedia--jacobian-lens/snapshots/16a01f309fcec900fdcec3f4cd5b64f3d00e4d5a/qwen3.5-4b/jlens/Salesforce-wikitext/Qwen3.5-4B_jacobian_lens_n1000.pt",
        "lens_sha256": "1f9a8f8fd593f0ffec1a9640993257ca4560f8ae3e5602315643d5cc6818534e",
        "source_id": 9338,
        "target_id": 5440
      }
    },
    {
      "kind": "intervention",
      "source": "France",
      "target": "China",
      "source_answer": "Paris",
      "target_answer": "Beijing",
      "band": "early_mid",
      "layers": [
        4,
        13
      ],
      "operator": "unit_transfer",
      "alpha": 4.0,
      "text": " Beijing.\nA. True",
      "first_token": 25701,
      "hit_target": true,
      "stayed_source": false,
      "baseline_ok": true,
      "hook_calls": {
        "4": 1,
        "5": 1,
        "6": 1,
        "7": 1,
        "8": 1,
        "9": 1,
        "10": 1,
        "11": 1,
        "12": 1,
        "13": 1
      },
      "layer_geometry": {
        "4": {
          "raw_norms": [
            0.7408506870269775,
            0.6996765732765198
          ],
          "unit_cosine": 0.5055802464485168
        },
        "5": {
          "raw_norms": [
            0.7461590766906738,
            0.7115569710731506
          ],
          "unit_cosine": 0.5163177847862244
        },
        "6": {
          "raw_norms": [
            0.5817607045173645,
            0.5678784251213074
          ],
          "unit_cosine": 0.5403882265090942
        },
        "7": {
          "raw_norms": [
            0.6193721890449524,
            0.614524245262146
          ],
          "unit_cosine": 0.542233407497406
        },
        "8": {
          "raw_norms": [
            0.6841142177581787,
            0.6887275576591492
          ],
          "unit_cosine": 0.5333486795425415
        },
        "9": {
          "raw_norms": [
            0.744547963142395,
            0.7706334590911865
          ],
          "unit_cosine": 0.5410158634185791
        },
        "10": {
          "raw_norms": [
            0.7828574776649475,
            0.8105084300041199
          ],
          "unit_cosine": 0.5496245622634888
        },
        "11": {
          "raw_norms": [
            0.8505480289459229,
            0.8973376154899597
          ],
          "unit_cosine": 0.5712822079658508
        },
        "12": {
          "raw_norms": [
            0.907291829586029,
            0.9530805945396423
          ],
          "unit_cosine": 0.5677496194839478
        },
        "13": {
          "raw_norms": [
            0.9518189430236816,
            1.0011470317840576
          ],
          "unit_cosine": 0.583652138710022
        }
      },
      "layer_measurements": {
        "4": {
          "source_abs_mean_pre": 0.5063864588737488,
          "source_mean_pre": 0.5063864588737488,
          "source_mean_post": -0.49508315324783325,
          "target_mean_pre": 0.41744792461395264,
          "target_mean_post": 1.4189170598983765
        },
        "5": {
          "source_abs_mean_pre": 0.42762044072151184,
          "source_mean_pre": -0.42762044072151184,
          "source_mean_post": 0.3997090458869934,
          "target_mean_pre": 1.352905511856079,
          "target_mean_post": 0.5255758762359619
        },
        "6": {
          "source_abs_mean_pre": 0.7413574457168579,
          "source_mean_pre": 0.7413574457168579,
          "source_mean_post": -0.6215883493423462,
          "target_mean_pre": 0.8406537771224976,
          "target_mean_post": 2.2036004066467285
        },
        "7": {
          "source_abs_mean_pre": 0.6070213913917542,
          "source_mean_pre": -0.6070213913917542,
          "source_mean_post": 0.5044754147529602,
          "target_mean_pre": 2.1150074005126953,
          "target_mean_post": 1.0035115480422974
        },
        "8": {
          "source_abs_mean_pre": 0.5384906530380249,
          "source_mean_pre": 0.5384906530380249,
          "source_mean_post": -0.466659277677536,
          "target_mean_pre": 1.0245851278305054,
          "target_mean_post": 2.0297346115112305
        },
        "9": {
          "source_abs_mean_pre": 0.23602896928787231,
          "source_mean_pre": -0.22729560732841492,
          "source_mean_post": 0.19000476598739624,
          "target_mean_pre": 1.9125832319259644,
          "target_mean_post": 1.4952831268310547
        },
        "10": {
          "source_abs_mean_pre": 0.27311593294143677,
          "source_mean_pre": 0.27311593294143677,
          "source_mean_post": -0.21890273690223694,
          "target_mean_pre": 1.4999525547027588,
          "target_mean_post": 1.991971492767334
        },
        "11": {
          "source_abs_mean_pre": 0.10557665675878525,
          "source_mean_pre": -0.10557665675878525,
          "source_mean_post": 0.07547369599342346,
          "target_mean_pre": 1.8277592658996582,
          "target_mean_post": 1.6467089653015137
        },
        "12": {
          "source_abs_mean_pre": 0.2504444718360901,
          "source_mean_pre": 0.2504444718360901,
          "source_mean_post": -0.1825745850801468,
          "target_mean_pre": 1.701598882675171,
          "target_mean_post": 2.134617805480957
        },
        "13": {
          "source_abs_mean_pre": 0.16524237394332886,
          "source_mean_pre": -0.16524237394332886,
          "source_mean_post": 0.10995077341794968,
          "target_mean_pre": 2.063272476196289,
          "target_mean_post": 1.7880789041519165
        }
      },
      "provenance": {
        "lens_file": "/__modal/volumes/vo-UTqV2w7ZVWoNtNbbwwfTeq/hf/hub/models--neuronpedia--jacobian-lens/snapshots/16a01f309fcec900fdcec3f4cd5b64f3d00e4d5a/qwen3.5-4b/jlens/Salesforce-wikitext/Qwen3.5-4B_jacobian_lens_n1000.pt",
        "lens_sha256": "1f9a8f8fd593f0ffec1a9640993257ca4560f8ae3e5602315643d5cc6818534e",
        "source_id": 9338,
        "target_id": 5440
      }
    },
    {
      "kind": "baseline",
      "source": "Canada",
      "target": "Egypt",
      "source_answer": "Ottawa",
      "target_answer": "Cairo",
      "source_text": " Ottawa.\nA. True",
      "target_text": " Cairo. Cairo is located in",
      "source_first": 31106,
      "target_first": 50779,
      "baseline_ok": true
    },
    {
      "kind": "intervention",
      "source": "Canada",
      "target": "Egypt",
      "source_answer": "Ottawa",
      "target_answer": "Cairo",
      "band": "current",
      "layers": [
        6,
        24
      ],
      "operator": "raw_exchange",
      "alpha": 1.0,
      "text": " Ottawa.\nA. True",
      "first_token": 31106,
      "hit_target": false,
      "stayed_source": true,
      "baseline_ok": true,
      "hook_calls": {
        "6": 1,
        "7": 1,
        "8": 1,
        "9": 1,
        "10": 1,
        "11": 1,
        "12": 1,
        "13": 1,
        "14": 1,
        "15": 1,
        "16": 1,
        "17": 1,
        "18": 1,
        "19": 1,
        "20": 1,
        "21": 1,
        "22": 1,
        "23": 1,
        "24": 1
      },
      "layer_geometry": {
        "6": {
          "raw_norms": [
            0.6168736219406128,
            0.5742366909980774
          ],
          "unit_cosine": 0.4361492097377777
        },
        "7": {
          "raw_norms": [
            0.6600071787834167,
            0.6201234459877014
          ],
          "unit_cosine": 0.41555055975914
        },
        "8": {
          "raw_norms": [
            0.7092791795730591,
            0.6724079847335815
          ],
          "unit_cosine": 0.4122127592563629
        },
        "9": {
          "raw_norms": [
            0.7754276990890503,
            0.7282156944274902
          ],
          "unit_cosine": 0.40403199195861816
        },
        "10": {
          "raw_norms": [
            0.8181906938552856,
            0.7612742185592651
          ],
          "unit_cosine": 0.41160649061203003
        },
        "11": {
          "raw_norms": [
            0.8938294053077698,
            0.8163343071937561
          ],
          "unit_cosine": 0.4278516471385956
        },
        "12": {
          "raw_norms": [
            0.9413021802902222,
            0.8598278760910034
          ],
          "unit_cosine": 0.44697147607803345
        },
        "13": {
          "raw_norms": [
            0.9814013838768005,
            0.895899772644043
          ],
          "unit_cosine": 0.46633750200271606
        },
        "14": {
          "raw_norms": [
            0.9960064888000488,
            0.9120956063270569
          ],
          "unit_cosine": 0.4756808578968048
        },
        "15": {
          "raw_norms": [
            1.0245786905288696,
            0.9396476149559021
          ],
          "unit_cosine": 0.4889812171459198
        },
        "16": {
          "raw_norms": [
            1.025071620941162,
            0.9254733324050903
          ],
          "unit_cosine": 0.5228548645973206
        },
        "17": {
          "raw_norms": [
            1.0686894655227661,
            0.9439606070518494
          ],
          "unit_cosine": 0.5457711219787598
        },
        "18": {
          "raw_norms": [
            0.9736694097518921,
            0.8932512402534485
          ],
          "unit_cosine": 0.4976111054420471
        },
        "19": {
          "raw_norms": [
            0.900438129901886,
            0.8362836241722107
          ],
          "unit_cosine": 0.49202755093574524
        },
        "20": {
          "raw_norms": [
            0.8966621160507202,
            0.8302111029624939
          ],
          "unit_cosine": 0.494099497795105
        },
        "21": {
          "raw_norms": [
            0.904691755771637,
            0.8516377210617065
          ],
          "unit_cosine": 0.4579753875732422
        },
        "22": {
          "raw_norms": [
            0.9272667765617371,
            0.8753331899642944
          ],
          "unit_cosine": 0.42462873458862305
        },
        "23": {
          "raw_norms": [
            0.9357242584228516,
            0.8637674450874329
          ],
          "unit_cosine": 0.4329530596733093
        },
        "24": {
          "raw_norms": [
            0.9309875965118408,
            0.8970314860343933
          ],
          "unit_cosine": 0.4029037356376648
        }
      },
      "layer_measurements": {
        "6": {
          "coordinate_abs_mean_pre": [
            1.3084759712219238,
            0.5423009991645813
          ],
          "coordinate_mean_pre": [
            1.3084759712219238,
            0.43329286575317383
          ],
          "coordinate_mean_post": [
            0.43329280614852905,
            1.308476209640503
          ],
          "swap_max_abs_error": 2.384185791015625e-06
        },
        "7": {
          "coordinate_abs_mean_pre": [
            0.5793966054916382,
            1.1016277074813843
          ],
          "coordinate_mean_pre": [
            0.5472986698150635,
            1.1016277074813843
          ],
          "coordinate_mean_post": [
            1.1016279458999634,
            0.5472983121871948
          ],
          "swap_max_abs_error": 1.6391277313232422e-06
        },
        "8": {
          "coordinate_abs_mean_pre": [
            1.2354748249053955,
            0.49952611327171326
          ],
          "coordinate_mean_pre": [
            1.2354748249053955,
            0.4064405858516693
          ],
          "coordinate_mean_post": [
            0.4064408242702484,
            1.235474705696106
          ],
          "swap_max_abs_error": 8.344650268554688e-07
        },
        "9": {
          "coordinate_abs_mean_pre": [
            0.47910675406455994,
            1.0471827983856201
          ],
          "coordinate_mean_pre": [
            0.46509885787963867,
            1.0471827983856201
          ],
          "coordinate_mean_post": [
            1.0471829175949097,
            0.46509870886802673
          ],
          "swap_max_abs_error": 7.152557373046875e-07
        },
        "10": {
          "coordinate_abs_mean_pre": [
            0.9951663017272949,
            0.5680152773857117
          ],
          "coordinate_mean_pre": [
            0.9951663017272949,
            0.558447003364563
          ],
          "coordinate_mean_post": [
            0.5584473013877869,
            0.9951662421226501
          ],
          "swap_max_abs_error": 8.605420589447021e-07
        },
        "11": {
          "coordinate_abs_mean_pre": [
            0.5730916261672974,
            0.8073315620422363
          ],
          "coordinate_mean_pre": [
            0.5730916261672974,
            0.8073315620422363
          ],
          "coordinate_mean_post": [
            0.8073315620422363,
            0.5730916261672974
          ],
          "swap_max_abs_error": 8.195638656616211e-07
        },
        "12": {
          "coordinate_abs_mean_pre": [
            0.8159353733062744,
            0.614837646484375
          ],
          "coordinate_mean_pre": [
            0.8159353733062744,
            0.614837646484375
          ],
          "coordinate_mean_post": [
            0.6148374676704407,
            0.815935492515564
          ],
          "swap_max_abs_error": 9.834766387939453e-07
        },
        "13": {
          "coordinate_abs_mean_pre": [
            0.5203222632408142,
            0.7969775199890137
          ],
          "coordinate_mean_pre": [
            0.5203222632408142,
            0.7969775199890137
          ],
          "coordinate_mean_post": [
            0.7969774603843689,
            0.5203221440315247
          ],
          "swap_max_abs_error": 9.5367431640625e-07
        },
        "14": {
          "coordinate_abs_mean_pre": [
            0.7604342699050903,
            0.5440438389778137
          ],
          "coordinate_mean_pre": [
            0.6918546557426453,
            0.5440438389778137
          ],
          "coordinate_mean_post": [
            0.5440437197685242,
            0.6918545961380005
          ],
          "swap_max_abs_error": 9.5367431640625e-07
        },
        "15": {
          "coordinate_abs_mean_pre": [
            0.6301040649414062,
            0.738555371761322
          ],
          "coordinate_mean_pre": [
            0.6301040649414062,
            0.6646457314491272
          ],
          "coordinate_mean_post": [
            0.6646456122398376,
            0.6301040649414062
          ],
          "swap_max_abs_error": 8.940696716308594e-07
        },
        "16": {
          "coordinate_abs_mean_pre": [
            0.8016096949577332,
            0.6518371105194092
          ],
          "coordinate_mean_pre": [
            0.7839285731315613,
            0.6518371105194092
          ],
          "coordinate_mean_post": [
            0.6518369913101196,
            0.7839285135269165
          ],
          "swap_max_abs_error": 8.791685104370117e-07
        },
        "17": {
          "coordinate_abs_mean_pre": [
            0.6094977855682373,
            0.8437414169311523
          ],
          "coordinate_mean_pre": [
            0.6094977855682373,
            0.8000093698501587
          ],
          "coordinate_mean_post": [
            0.8000094890594482,
            0.6094976663589478
          ],
          "swap_max_abs_error": 6.705522537231445e-07
        },
        "18": {
          "coordinate_abs_mean_pre": [
            1.1778662204742432,
            0.7486299276351929
          ],
          "coordinate_mean_pre": [
            1.0635902881622314,
            0.7486299276351929
          ],
          "coordinate_mean_post": [
            0.7486298084259033,
            1.063590168952942
          ],
          "swap_max_abs_error": 9.5367431640625e-07
        },
        "19": {
          "coordinate_abs_mean_pre": [
            1.0190776586532593,
            1.2590765953063965
          ],
          "coordinate_mean_pre": [
            1.0190776586532593,
            1.1922049522399902
          ],
          "coordinate_mean_post": [
            1.1922051906585693,
            1.0190776586532593
          ],
          "swap_max_abs_error": 9.5367431640625e-07
        },
        "20": {
          "coordinate_abs_mean_pre": [
            1.7670788764953613,
            0.7601503729820251
          ],
          "coordinate_mean_pre": [
            1.7670788764953613,
            0.7601503729820251
          ],
          "coordinate_mean_post": [
            0.7601503133773804,
            1.7670786380767822
          ],
          "swap_max_abs_error": 1.4901161193847656e-06
        },
        "21": {
          "coordinate_abs_mean_pre": [
            0.8185008764266968,
            1.7928134202957153
          ],
          "coordinate_mean_pre": [
            0.8185008764266968,
            1.7808815240859985
          ],
          "coordinate_mean_post": [
            1.7808818817138672,
            0.8185005784034729
          ],
          "swap_max_abs_error": 1.430511474609375e-06
        },
        "22": {
          "coordinate_abs_mean_pre": [
            1.9140782356262207,
            1.102433443069458
          ],
          "coordinate_mean_pre": [
            1.8937008380889893,
            1.102433443069458
          ],
          "coordinate_mean_post": [
            1.1024333238601685,
            1.8937008380889893
          ],
          "swap_max_abs_error": 5.364418029785156e-07
        },
        "23": {
          "coordinate_abs_mean_pre": [
            1.3867805004119873,
            2.4944584369659424
          ],
          "coordinate_mean_pre": [
            1.3867805004119873,
            2.4405298233032227
          ],
          "coordinate_mean_post": [
            2.4405298233032227,
            1.3867802619934082
          ],
          "swap_max_abs_error": 1.1920928955078125e-06
        },
        "24": {
          "coordinate_abs_mean_pre": [
            3.5309395790100098,
            1.3782589435577393
          ],
          "coordinate_mean_pre": [
            3.497497081756592,
            1.3782589435577393
          ],
          "coordinate_mean_post": [
            1.378258228302002,
            3.49749755859375
          ],
          "swap_max_abs_error": 2.0265579223632812e-06
        }
      },
      "provenance": {
        "lens_file": "/__modal/volumes/vo-UTqV2w7ZVWoNtNbbwwfTeq/hf/hub/models--neuronpedia--jacobian-lens/snapshots/16a01f309fcec900fdcec3f4cd5b64f3d00e4d5a/qwen3.5-4b/jlens/Salesforce-wikitext/Qwen3.5-4B_jacobian_lens_n1000.pt",
        "lens_sha256": "1f9a8f8fd593f0ffec1a9640993257ca4560f8ae3e5602315643d5cc6818534e",
        "source_id": 6650,
        "target_id": 14437
      }
    },
    {
      "kind": "intervention",
      "source": "Canada",
      "target": "Egypt",
      "source_answer": "Ottawa",
      "target_answer": "Cairo",
      "band": "current",
      "layers": [
        6,
        24
      ],
      "operator": "raw_exchange",
      "alpha": 2.0,
      "text": " Egypt, India, and Pakistan",
      "first_token": 14437,
      "hit_target": false,
      "stayed_source": false,
      "baseline_ok": true,
      "hook_calls": {
        "6": 1,
        "7": 1,
        "8": 1,
        "9": 1,
        "10": 1,
        "11": 1,
        "12": 1,
        "13": 1,
        "14": 1,
        "15": 1,
        "16": 1,
        "17": 1,
        "18": 1,
        "19": 1,
        "20": 1,
        "21": 1,
        "22": 1,
        "23": 1,
        "24": 1
      },
      "layer_geometry": {
        "6": {
          "raw_norms": [
            0.6168736219406128,
            0.5742366909980774
          ],
          "unit_cosine": 0.4361492097377777
        },
        "7": {
          "raw_norms": [
            0.6600071787834167,
            0.6201234459877014
          ],
          "unit_cosine": 0.41555055975914
        },
        "8": {
          "raw_norms": [
            0.7092791795730591,
            0.6724079847335815
          ],
          "unit_cosine": 0.4122127592563629
        },
        "9": {
          "raw_norms": [
            0.7754276990890503,
            0.7282156944274902
          ],
          "unit_cosine": 0.40403199195861816
        },
        "10": {
          "raw_norms": [
            0.8181906938552856,
            0.7612742185592651
          ],
          "unit_cosine": 0.41160649061203003
        },
        "11": {
          "raw_norms": [
            0.8938294053077698,
            0.8163343071937561
          ],
          "unit_cosine": 0.4278516471385956
        },
        "12": {
          "raw_norms": [
            0.9413021802902222,
            0.8598278760910034
          ],
          "unit_cosine": 0.44697147607803345
        },
        "13": {
          "raw_norms": [
            0.9814013838768005,
            0.895899772644043
          ],
          "unit_cosine": 0.46633750200271606
        },
        "14": {
          "raw_norms": [
            0.9960064888000488,
            0.9120956063270569
          ],
          "unit_cosine": 0.4756808578968048
        },
        "15": {
          "raw_norms": [
            1.0245786905288696,
            0.9396476149559021
          ],
          "unit_cosine": 0.4889812171459198
        },
        "16": {
          "raw_norms": [
            1.025071620941162,
            0.9254733324050903
          ],
          "unit_cosine": 0.5228548645973206
        },
        "17": {
          "raw_norms": [
            1.0686894655227661,
            0.9439606070518494
          ],
          "unit_cosine": 0.5457711219787598
        },
        "18": {
          "raw_norms": [
            0.9736694097518921,
            0.8932512402534485
          ],
          "unit_cosine": 0.4976111054420471
        },
        "19": {
          "raw_norms": [
            0.900438129901886,
            0.8362836241722107
          ],
          "unit_cosine": 0.49202755093574524
        },
        "20": {
          "raw_norms": [
            0.8966621160507202,
            0.8302111029624939
          ],
          "unit_cosine": 0.494099497795105
        },
        "21": {
          "raw_norms": [
            0.904691755771637,
            0.8516377210617065
          ],
          "unit_cosine": 0.4579753875732422
        },
        "22": {
          "raw_norms": [
            0.9272667765617371,
            0.8753331899642944
          ],
          "unit_cosine": 0.42462873458862305
        },
        "23": {
          "raw_norms": [
            0.9357242584228516,
            0.8637674450874329
          ],
          "unit_cosine": 0.4329530596733093
        },
        "24": {
          "raw_norms": [
            0.9309875965118408,
            0.8970314860343933
          ],
          "unit_cosine": 0.4029037356376648
        }
      },
      "layer_measurements": {
        "6": {
          "coordinate_abs_mean_pre": [
            1.3084759712219238,
            0.5423009991645813
          ],
          "coordinate_mean_pre": [
            1.3084759712219238,
            0.43329286575317383
          ],
          "coordinate_mean_post": [
            -0.44189053773880005,
            2.183659553527832
          ],
          "swap_max_abs_error": 1.9073486328125e-06
        },
        "7": {
          "coordinate_abs_mean_pre": [
            1.3855531215667725,
            2.3087148666381836
          ],
          "coordinate_mean_pre": [
            -0.3373519480228424,
            2.014310598373413
          ],
          "coordinate_mean_post": [
            4.3659749031066895,
            -2.6890156269073486
          ],
          "swap_max_abs_error": 9.5367431640625e-06
        },
        "8": {
          "coordinate_abs_mean_pre": [
            5.2214250564575195,
            4.085126876831055
          ],
          "coordinate_mean_pre": [
            4.183078289031982,
            -2.446293592453003
          ],
          "coordinate_mean_post": [
            -9.075663566589355,
            10.812448501586914
          ],
          "swap_max_abs_error": 1.1444091796875e-05
        },
        "9": {
          "coordinate_abs_mean_pre": [
            10.997798919677734,
            12.015463829040527
          ],
          "coordinate_mean_pre": [
            -7.494997024536133,
            9.151603698730469
          ],
          "coordinate_mean_post": [
            25.798206329345703,
            -24.1416015625
          ],
          "swap_max_abs_error": 1.52587890625e-05
        },
        "10": {
          "coordinate_abs_mean_pre": [
            31.98101806640625,
            31.199989318847656
          ],
          "coordinate_mean_pre": [
            23.88564682006836,
            -22.260944366455078
          ],
          "coordinate_mean_post": [
            -68.40753173828125,
            70.03223419189453
          ],
          "swap_max_abs_error": 6.103515625e-05
        },
        "11": {
          "coordinate_abs_mean_pre": [
            85.70648193359375,
            87.58604431152344
          ],
          "coordinate_mean_pre": [
            -62.19432067871094,
            64.42151641845703
          ],
          "coordinate_mean_post": [
            191.0373992919922,
            -188.81011962890625
          ],
          "swap_max_abs_error": 0.0003662109375
        },
        "12": {
          "coordinate_abs_mean_pre": [
            242.8311004638672,
            241.14022827148438
          ],
          "coordinate_mean_pre": [
            177.92007446289062,
            -175.78564453125
          ],
          "coordinate_mean_post": [
            -529.4915161132812,
            531.6259765625
          ],
          "swap_max_abs_error": 0.000732421875
        },
        "13": {
          "coordinate_abs_mean_pre": [
            687.9429931640625,
            696.2145385742188
          ],
          "coordinate_mean_pre": [
            -502.3498840332031,
            509.23773193359375
          ],
          "coordinate_mean_post": [
            1520.82568359375,
            -1513.93798828125
          ],
          "swap_max_abs_error": 0.00390625
        },
        "14": {
          "coordinate_abs_mean_pre": [
            2005.609375,
            2021.1756591796875
          ],
          "coordinate_mean_pre": [
            1466.1104736328125,
            -1476.79345703125
          ],
          "coordinate_mean_post": [
            -4419.697265625,
            4409.01416015625
          ],
          "swap_max_abs_error": 0.0009765625
        },
        "15": {
          "coordinate_abs_mean_pre": [
            5814.12255859375,
            5812.5263671875
          ],
          "coordinate_mean_pre": [
            -4248.49951171875,
            4247.865234375
          ],
          "coordinate_mean_post": [
            12744.2353515625,
            -12744.8671875
          ],
          "swap_max_abs_error": 0.03125
        },
        "16": {
          "coordinate_abs_mean_pre": [
            17515.93359375,
            17710.59765625
          ],
          "coordinate_mean_pre": [
            12800.171875,
            -12941.66015625
          ],
          "coordinate_mean_post": [
            -38683.49609375,
            38542.01171875
          ],
          "swap_max_abs_error": 0.046875
        },
        "17": {
          "coordinate_abs_mean_pre": [
            50392.40625,
            51512.29296875
          ],
          "coordinate_mean_pre": [
            -36824.1328125,
            37642.234375
          ],
          "coordinate_mean_post": [
            112108.625,
            -111290.5
          ],
          "swap_max_abs_error": 0.1875
        },
        "18": {
          "coordinate_abs_mean_pre": [
            151361.0625,
            145145.921875
          ],
          "coordinate_mean_pre": [
            110611.75,
            -106067.203125
          ],
          "coordinate_mean_post": [
            -322746.1875,
            327290.6875
          ],
          "swap_max_abs_error": 0.25
        },
        "19": {
          "coordinate_abs_mean_pre": [
            430700.625,
            428422.09375
          ],
          "coordinate_mean_pre": [
            -314731.78125,
            313071.90625
          ],
          "coordinate_mean_post": [
            940876.125,
            -942535.4375
          ],
          "swap_max_abs_error": 2.5
        },
        "20": {
          "coordinate_abs_mean_pre": [
            1238048.25,
            1246599.625
          ],
          "coordinate_mean_pre": [
            904732.1875,
            -910995.6875
          ],
          "coordinate_mean_post": [
            -2726723.0,
            2720459.5
          ],
          "swap_max_abs_error": 4.0
        },
        "21": {
          "coordinate_abs_mean_pre": [
            3469279.75,
            3414913.5
          ],
          "coordinate_mean_pre": [
            -2535346.5,
            2495645.5
          ],
          "coordinate_mean_post": [
            7526639.0,
            -7566340.5
          ],
          "swap_max_abs_error": 8.0
        },
        "22": {
          "coordinate_abs_mean_pre": [
            9464790.0,
            9435164.0
          ],
          "coordinate_mean_pre": [
            6916916.0,
            -6895123.0
          ],
          "coordinate_mean_post": [
            -20707160.0,
            20728952.0
          ],
          "swap_max_abs_error": 24.0
        },
        "23": {
          "coordinate_abs_mean_pre": [
            27180992.0,
            27315316.0
          ],
          "coordinate_mean_pre": [
            -19864120.0,
            19961884.0
          ],
          "coordinate_mean_post": [
            59787912.0,
            -59690144.0
          ],
          "swap_max_abs_error": 128.0
        },
        "24": {
          "coordinate_abs_mean_pre": [
            77520520.0,
            74747592.0
          ],
          "coordinate_mean_pre": [
            56652936.0,
            -54626984.0
          ],
          "coordinate_mean_post": [
            -165906976.0,
            167932880.0
          ],
          "swap_max_abs_error": 448.0
        }
      },
      "provenance": {
        "lens_file": "/__modal/volumes/vo-UTqV2w7ZVWoNtNbbwwfTeq/hf/hub/models--neuronpedia--jacobian-lens/snapshots/16a01f309fcec900fdcec3f4cd5b64f3d00e4d5a/qwen3.5-4b/jlens/Salesforce-wikitext/Qwen3.5-4B_jacobian_lens_n1000.pt",
        "lens_sha256": "1f9a8f8fd593f0ffec1a9640993257ca4560f8ae3e5602315643d5cc6818534e",
        "source_id": 6650,
        "target_id": 14437
      }
    },
    {
      "kind": "intervention",
      "source": "Canada",
      "target": "Egypt",
      "source_answer": "Ottawa",
      "target_answer": "Cairo",
      "band": "current",
      "layers": [
        6,
        24
      ],
      "operator": "raw_exchange",
      "alpha": 4.0,
      "text": " Egypt Egypt Egypt Egypt Egypt Egypt",
      "first_token": 14437,
      "hit_target": false,
      "stayed_source": false,
      "baseline_ok": true,
      "hook_calls": {
        "6": 1,
        "7": 1,
        "8": 1,
        "9": 1,
        "10": 1,
        "11": 1,
        "12": 1,
        "13": 1,
        "14": 1,
        "15": 1,
        "16": 1,
        "17": 1,
        "18": 1,
        "19": 1,
        "20": 1,
        "21": 1,
        "22": 1,
        "23": 1,
        "24": 1
      },
      "layer_geometry": {
        "6": {
          "raw_norms": [
            0.6168736219406128,
            0.5742366909980774
          ],
          "unit_cosine": 0.4361492097377777
        },
        "7": {
          "raw_norms": [
            0.6600071787834167,
            0.6201234459877014
          ],
          "unit_cosine": 0.41555055975914
        },
        "8": {
          "raw_norms": [
            0.7092791795730591,
            0.6724079847335815
          ],
          "unit_cosine": 0.4122127592563629
        },
        "9": {
          "raw_norms": [
            0.7754276990890503,
            0.7282156944274902
          ],
          "unit_cosine": 0.40403199195861816
        },
        "10": {
          "raw_norms": [
            0.8181906938552856,
            0.7612742185592651
          ],
          "unit_cosine": 0.41160649061203003
        },
        "11": {
          "raw_norms": [
            0.8938294053077698,
            0.8163343071937561
          ],
          "unit_cosine": 0.4278516471385956
        },
        "12": {
          "raw_norms": [
            0.9413021802902222,
            0.8598278760910034
          ],
          "unit_cosine": 0.44697147607803345
        },
        "13": {
          "raw_norms": [
            0.9814013838768005,
            0.895899772644043
          ],
          "unit_cosine": 0.46633750200271606
        },
        "14": {
          "raw_norms": [
            0.9960064888000488,
            0.9120956063270569
          ],
          "unit_cosine": 0.4756808578968048
        },
        "15": {
          "raw_norms": [
            1.0245786905288696,
            0.9396476149559021
          ],
          "unit_cosine": 0.4889812171459198
        },
        "16": {
          "raw_norms": [
            1.025071620941162,
            0.9254733324050903
          ],
          "unit_cosine": 0.5228548645973206
        },
        "17": {
          "raw_norms": [
            1.0686894655227661,
            0.9439606070518494
          ],
          "unit_cosine": 0.5457711219787598
        },
        "18": {
          "raw_norms": [
            0.9736694097518921,
            0.8932512402534485
          ],
          "unit_cosine": 0.4976111054420471
        },
        "19": {
          "raw_norms": [
            0.900438129901886,
            0.8362836241722107
          ],
          "unit_cosine": 0.49202755093574524
        },
        "20": {
          "raw_norms": [
            0.8966621160507202,
            0.8302111029624939
          ],
          "unit_cosine": 0.494099497795105
        },
        "21": {
          "raw_norms": [
            0.904691755771637,
            0.8516377210617065
          ],
          "unit_cosine": 0.4579753875732422
        },
        "22": {
          "raw_norms": [
            0.9272667765617371,
            0.8753331899642944
          ],
          "unit_cosine": 0.42462873458862305
        },
        "23": {
          "raw_norms": [
            0.9357242584228516,
            0.8637674450874329
          ],
          "unit_cosine": 0.4329530596733093
        },
        "24": {
          "raw_norms": [
            0.9309875965118408,
            0.8970314860343933
          ],
          "unit_cosine": 0.4029037356376648
        }
      },
      "layer_measurements": {
        "6": {
          "coordinate_abs_mean_pre": [
            1.3084759712219238,
            0.5423009991645813
          ],
          "coordinate_mean_pre": [
            1.3084759712219238,
            0.43329286575317383
          ],
          "coordinate_mean_post": [
            -2.1922571659088135,
            3.9340262413024902
          ],
          "swap_max_abs_error": 7.62939453125e-06
        },
        "7": {
          "coordinate_abs_mean_pre": [
            3.5546231269836426,
            4.681997299194336
          ],
          "coordinate_mean_pre": [
            -1.9644960165023804,
            3.735218048095703
          ],
          "coordinate_mean_post": [
            20.834365844726562,
            -19.063648223876953
          ],
          "swap_max_abs_error": 5.340576171875e-05
        },
        "8": {
          "coordinate_abs_mean_pre": [
            25.766712188720703,
            24.030536651611328
          ],
          "coordinate_mean_pre": [
            18.974103927612305,
            -16.884395599365234
          ],
          "coordinate_mean_post": [
            -124.45986938476562,
            126.54956817626953
          ],
          "swap_max_abs_error": 0.0001220703125
        },
        "9": {
          "coordinate_abs_mean_pre": [
            150.5284423828125,
            152.27865600585938
          ],
          "coordinate_mean_pre": [
            -108.2880859375,
            110.34443664550781
          ],
          "coordinate_mean_post": [
            766.241943359375,
            -764.185546875
          ],
          "swap_max_abs_error": 0.00048828125
        },
        "10": {
          "coordinate_abs_mean_pre": [
            974.7316284179688,
            986.6231689453125
          ],
          "coordinate_mean_pre": [
            704.6233520507812,
            -712.187255859375
          ],
          "coordinate_mean_post": [
            -4962.6181640625,
            4955.0556640625
          ],
          "swap_max_abs_error": 0.0078125
        },
        "11": {
          "coordinate_abs_mean_pre": [
            6137.599609375,
            6228.1162109375
          ],
          "coordinate_mean_pre": [
            -4433.54638671875,
            4499.57421875
          ],
          "coordinate_mean_post": [
            31298.935546875,
            -31232.90234375
          ],
          "swap_max_abs_error": 0.015625
        },
        "12": {
          "coordinate_abs_mean_pre": [
            40380.27734375,
            40260.8984375
          ],
          "coordinate_mean_pre": [
            29171.296875,
            -29085.05078125
          ],
          "coordinate_mean_post": [
            -203854.15625,
            203940.421875
          ],
          "swap_max_abs_error": 0.5
        },
        "13": {
          "coordinate_abs_mean_pre": [
            268066.75,
            270471.8125
          ],
          "coordinate_mean_pre": [
            -193655.953125,
            195394.296875
          ],
          "coordinate_mean_post": [
            1362545.125,
            -1360806.75
          ],
          "swap_max_abs_error": 1.5
        },
        "14": {
          "coordinate_abs_mean_pre": [
            1820760.75,
            1838038.25
          ],
          "coordinate_mean_pre": [
            1315348.875,
            -1327850.875
          ],
          "coordinate_mean_post": [
            -9257450.0,
            9244950.0
          ],
          "swap_max_abs_error": 16.0
        },
        "15": {
          "coordinate_abs_mean_pre": [
            12324670.0,
            12338077.0
          ],
          "coordinate_mean_pre": [
            -8903560.0,
            8912882.0
          ],
          "coordinate_mean_post": [
            62362240.0,
            -62352884.0
          ],
          "swap_max_abs_error": 192.0
        },
        "16": {
          "coordinate_abs_mean_pre": [
            86763440.0,
            87714368.0
          ],
          "coordinate_mean_pre": [
            62682920.0,
            -63367288.0
          ],
          "coordinate_mean_post": [
            -441517920.0,
            440833664.0
          ],
          "swap_max_abs_error": 768.0
        },
        "17": {
          "coordinate_abs_mean_pre": [
            581601536.0,
            596261632.0
          ],
          "coordinate_mean_pre": [
            -420161664.0,
            430750592.0
          ],
          "coordinate_mean_post": [
            2983488512.0,
            -2972898816.0
          ],
          "swap_max_abs_error": 4096.0
        },
        "18": {
          "coordinate_abs_mean_pre": [
            4073511680.0,
            3924025600.0
          ],
          "coordinate_mean_pre": [
            2942800640.0,
            -2834889728.0
          ],
          "coordinate_mean_post": [
            -20167958528.0,
            20275873792.0
          ],
          "swap_max_abs_error": 24576.0
        },
        "19": {
          "coordinate_abs_mean_pre": [
            27230097408.0,
            26798684160.0
          ],
          "coordinate_mean_pre": [
            -19670769664.0,
            19360200704.0
          ],
          "coordinate_mean_post": [
            136453193728.0,
            -136763678720.0
          ],
          "swap_max_abs_error": 458752.0
        },
        "20": {
          "coordinate_abs_mean_pre": [
            181374484480.0,
            182702440448.0
          ],
          "coordinate_mean_pre": [
            131026026496.0,
            -131986620416.0
          ],
          "coordinate_mean_post": [
            -921024397312.0,
            920063705088.0
          ],
          "swap_max_abs_error": 1048576.0
        },
        "21": {
          "coordinate_abs_mean_pre": [
            1185628028928.0,
            1168851992576.0
          ],
          "coordinate_mean_pre": [
            -856535269376.0,
            844384960512.0
          ],
          "coordinate_mean_post": [
            5947147157504.0,
            -5959297007616.0
          ],
          "swap_max_abs_error": 6291456.0
        },
        "22": {
          "coordinate_abs_mean_pre": [
            7563786584064.0,
            7515624439808.0
          ],
          "coordinate_mean_pre": [
            5464423137280.0,
            -5429786574848.0
          ],
          "coordinate_mean_post": [
            -38112407322624.0,
            38147043885056.0
          ],
          "swap_max_abs_error": 33554432.0
        },
        "23": {
          "coordinate_abs_mean_pre": [
            50620056731648.0,
            50867742965760.0
          ],
          "coordinate_mean_pre": [
            -36568937005056.0,
            36748298027008.0
          ],
          "coordinate_mean_post": [
            256700061843456.0,
            -256520646295552.0
          ],
          "swap_max_abs_error": 402653184.0
        },
        "24": {
          "coordinate_abs_mean_pre": [
            337288882028544.0,
            325476715331584.0
          ],
          "coordinate_mean_pre": [
            243675573518336.0,
            -235139929997312.0
          ],
          "coordinate_mean_post": [
            -1671587044524032.0,
            1680122218283008.0
          ],
          "swap_max_abs_error": 3221225472.0
        }
      },
      "provenance": {
        "lens_file": "/__modal/volumes/vo-UTqV2w7ZVWoNtNbbwwfTeq/hf/hub/models--neuronpedia--jacobian-lens/snapshots/16a01f309fcec900fdcec3f4cd5b64f3d00e4d5a/qwen3.5-4b/jlens/Salesforce-wikitext/Qwen3.5-4B_jacobian_lens_n1000.pt",
        "lens_sha256": "1f9a8f8fd593f0ffec1a9640993257ca4560f8ae3e5602315643d5cc6818534e",
        "source_id": 6650,
        "target_id": 14437
      }
    },
    {
      "kind": "intervention",
      "source": "Canada",
      "target": "Egypt",
      "source_answer": "Ottawa",
      "target_answer": "Cairo",
      "band": "current",
      "layers": [
        6,
        24
      ],
      "operator": "unit_exchange",
      "alpha": 1.0,
      "text": " Ottawa.\nA. True",
      "first_token": 31106,
      "hit_target": false,
      "stayed_source": true,
      "baseline_ok": true,
      "hook_calls": {
        "6": 1,
        "7": 1,
        "8": 1,
        "9": 1,
        "10": 1,
        "11": 1,
        "12": 1,
        "13": 1,
        "14": 1,
        "15": 1,
        "16": 1,
        "17": 1,
        "18": 1,
        "19": 1,
        "20": 1,
        "21": 1,
        "22": 1,
        "23": 1,
        "24": 1
      },
      "layer_geometry": {
        "6": {
          "raw_norms": [
            0.6168736219406128,
            0.5742366909980774
          ],
          "unit_cosine": 0.4361492097377777
        },
        "7": {
          "raw_norms": [
            0.6600071787834167,
            0.6201234459877014
          ],
          "unit_cosine": 0.41555055975914
        },
        "8": {
          "raw_norms": [
            0.7092791795730591,
            0.6724079847335815
          ],
          "unit_cosine": 0.4122127592563629
        },
        "9": {
          "raw_norms": [
            0.7754276990890503,
            0.7282156944274902
          ],
          "unit_cosine": 0.40403199195861816
        },
        "10": {
          "raw_norms": [
            0.8181906938552856,
            0.7612742185592651
          ],
          "unit_cosine": 0.41160649061203003
        },
        "11": {
          "raw_norms": [
            0.8938294053077698,
            0.8163343071937561
          ],
          "unit_cosine": 0.4278516471385956
        },
        "12": {
          "raw_norms": [
            0.9413021802902222,
            0.8598278760910034
          ],
          "unit_cosine": 0.44697147607803345
        },
        "13": {
          "raw_norms": [
            0.9814013838768005,
            0.895899772644043
          ],
          "unit_cosine": 0.46633750200271606
        },
        "14": {
          "raw_norms": [
            0.9960064888000488,
            0.9120956063270569
          ],
          "unit_cosine": 0.4756808578968048
        },
        "15": {
          "raw_norms": [
            1.0245786905288696,
            0.9396476149559021
          ],
          "unit_cosine": 0.4889812171459198
        },
        "16": {
          "raw_norms": [
            1.025071620941162,
            0.9254733324050903
          ],
          "unit_cosine": 0.5228548645973206
        },
        "17": {
          "raw_norms": [
            1.0686894655227661,
            0.9439606070518494
          ],
          "unit_cosine": 0.5457711219787598
        },
        "18": {
          "raw_norms": [
            0.9736694097518921,
            0.8932512402534485
          ],
          "unit_cosine": 0.4976111054420471
        },
        "19": {
          "raw_norms": [
            0.900438129901886,
            0.8362836241722107
          ],
          "unit_cosine": 0.49202755093574524
        },
        "20": {
          "raw_norms": [
            0.8966621160507202,
            0.8302111029624939
          ],
          "unit_cosine": 0.494099497795105
        },
        "21": {
          "raw_norms": [
            0.904691755771637,
            0.8516377210617065
          ],
          "unit_cosine": 0.4579753875732422
        },
        "22": {
          "raw_norms": [
            0.9272667765617371,
            0.8753331899642944
          ],
          "unit_cosine": 0.42462873458862305
        },
        "23": {
          "raw_norms": [
            0.9357242584228516,
            0.8637674450874329
          ],
          "unit_cosine": 0.4329530596733093
        },
        "24": {
          "raw_norms": [
            0.9309875965118408,
            0.8970314860343933
          ],
          "unit_cosine": 0.4029037356376648
        }
      },
      "layer_measurements": {
        "6": {
          "coordinate_abs_mean_pre": [
            0.8071644306182861,
            0.31140923500061035
          ],
          "coordinate_mean_pre": [
            0.8071644306182861,
            0.24881286919116974
          ],
          "coordinate_mean_post": [
            0.24881288409233093,
            0.8071645498275757
          ],
          "swap_max_abs_error": 1.1920928955078125e-06
        },
        "7": {
          "coordinate_abs_mean_pre": [
            0.3639107644557953,
            0.737464189529419
          ],
          "coordinate_mean_pre": [
            0.3407510221004486,
            0.737464189529419
          ],
          "coordinate_mean_post": [
            0.737464189529419,
            0.3407510221004486
          ],
          "swap_max_abs_error": 2.980232238769531e-07
        },
        "8": {
          "coordinate_abs_mean_pre": [
            0.8849980235099792,
            0.34030434489250183
          ],
          "coordinate_mean_pre": [
            0.8849980235099792,
            0.275819331407547
          ],
          "coordinate_mean_post": [
            0.2758192718029022,
            0.884998083114624
          ],
          "swap_max_abs_error": 4.917383193969727e-07
        },
        "9": {
          "coordinate_abs_mean_pre": [
            0.3576369285583496,
            0.8135930895805359
          ],
          "coordinate_mean_pre": [
            0.348599910736084,
            0.8135930895805359
          ],
          "coordinate_mean_post": [
            0.8135932087898254,
            0.3485998213291168
          ],
          "swap_max_abs_error": 1.169741153717041e-06
        },
        "10": {
          "coordinate_abs_mean_pre": [
            0.8162275552749634,
            0.4413634240627289
          ],
          "coordinate_mean_pre": [
            0.8162275552749634,
            0.4359428584575653
          ],
          "coordinate_mean_post": [
            0.43594294786453247,
            0.8162276148796082
          ],
          "swap_max_abs_error": 8.866190910339355e-07
        },
        "11": {
          "coordinate_abs_mean_pre": [
            0.4915553629398346,
            0.7147546410560608
          ],
          "coordinate_mean_pre": [
            0.4915553629398346,
            0.7147546410560608
          ],
          "coordinate_mean_post": [
            0.714754581451416,
            0.4915553331375122
          ],
          "swap_max_abs_error": 4.76837158203125e-07
        },
        "12": {
          "coordinate_abs_mean_pre": [
            0.7613433599472046,
            0.5527427196502686
          ],
          "coordinate_mean_pre": [
            0.7613433599472046,
            0.5527427196502686
          ],
          "coordinate_mean_post": [
            0.5527428984642029,
            0.7613434195518494
          ],
          "swap_max_abs_error": 4.172325134277344e-07
        },
        "13": {
          "coordinate_abs_mean_pre": [
            0.4841349720954895,
            0.773381233215332
          ],
          "coordinate_mean_pre": [
            0.4841349720954895,
            0.773381233215332
          ],
          "coordinate_mean_post": [
            0.7733812928199768,
            0.48413509130477905
          ],
          "swap_max_abs_error": 7.525086402893066e-07
        },
        "14": {
          "coordinate_abs_mean_pre": [
            0.7487106323242188,
            0.5141942501068115
          ],
          "coordinate_mean_pre": [
            0.6791695356369019,
            0.5141942501068115
          ],
          "coordinate_mean_post": [
            0.5141943097114563,
            0.6791696548461914
          ],
          "swap_max_abs_error": 9.5367431640625e-07
        },
        "15": {
          "coordinate_abs_mean_pre": [
            0.6172349452972412,
            0.7486552596092224
          ],
          "coordinate_mean_pre": [
            0.6172349452972412,
            0.6727275848388672
          ],
          "coordinate_mean_post": [
            0.6727277040481567,
            0.6172349452972412
          ],
          "swap_max_abs_error": 7.152557373046875e-07
        },
        "16": {
          "coordinate_abs_mean_pre": [
            0.811816930770874,
            0.630731463432312
          ],
          "coordinate_mean_pre": [
            0.793306827545166,
            0.630731463432312
          ],
          "coordinate_mean_post": [
            0.6307314038276672,
            0.793306827545166
          ],
          "swap_max_abs_error": 9.685754776000977e-07
        },
        "17": {
          "coordinate_abs_mean_pre": [
            0.6104791164398193,
            0.8689424991607666
          ],
          "coordinate_mean_pre": [
            0.6104791164398193,
            0.8258230090141296
          ],
          "coordinate_mean_post": [
            0.8258231282234192,
            0.610479474067688
          ],
          "swap_max_abs_error": 7.301568984985352e-07
        },
        "18": {
          "coordinate_abs_mean_pre": [
            1.1133300065994263,
            0.7032678723335266
          ],
          "coordinate_mean_pre": [
            1.0057899951934814,
            0.7032678723335266
          ],
          "coordinate_mean_post": [
            0.7032679319381714,
            1.0057902336120605
          ],
          "swap_max_abs_error": 1.1920928955078125e-06
        },
        "19": {
          "coordinate_abs_mean_pre": [
            0.8885431885719299,
            1.1210254430770874
          ],
          "coordinate_mean_pre": [
            0.8885431885719299,
            1.0612901449203491
          ],
          "coordinate_mean_post": [
            1.0612902641296387,
            0.8885431289672852
          ],
          "swap_max_abs_error": 9.5367431640625e-07
        },
        "20": {
          "coordinate_abs_mean_pre": [
            1.5623258352279663,
            0.6694989204406738
          ],
          "coordinate_mean_pre": [
            1.5623258352279663,
            0.6694989204406738
          ],
          "coordinate_mean_post": [
            0.6694986820220947,
            1.5623259544372559
          ],
          "swap_max_abs_error": 1.087784767150879e-06
        },
        "21": {
          "coordinate_abs_mean_pre": [
            0.7311403751373291,
            1.6156928539276123
          ],
          "coordinate_mean_pre": [
            0.7311403751373291,
            1.607140064239502
          ],
          "coordinate_mean_post": [
            1.607140064239502,
            0.7311404347419739
          ],
          "swap_max_abs_error": 8.046627044677734e-07
        },
        "22": {
          "coordinate_abs_mean_pre": [
            1.7696748971939087,
            0.9987501502037048
          ],
          "coordinate_mean_pre": [
            1.7547533512115479,
            0.9987501502037048
          ],
          "coordinate_mean_post": [
            0.9987499713897705,
            1.7547532320022583
          ],
          "swap_max_abs_error": 7.152557373046875e-07
        },
        "23": {
          "coordinate_abs_mean_pre": [
            1.2297041416168213,
            2.2913978099823
          ],
          "coordinate_mean_pre": [
            1.2297041416168213,
            2.247745990753174
          ],
          "coordinate_mean_post": [
            2.247746467590332,
            1.2297039031982422
          ],
          "swap_max_abs_error": 9.5367431640625e-07
        },
        "24": {
          "coordinate_abs_mean_pre": [
            3.1944637298583984,
            1.3144981861114502
          ],
          "coordinate_mean_pre": [
            3.1694374084472656,
            1.3144981861114502
          ],
          "coordinate_mean_post": [
            1.314497947692871,
            3.1694371700286865
          ],
          "swap_max_abs_error": 2.384185791015625e-06
        }
      },
      "provenance": {
        "lens_file": "/__modal/volumes/vo-UTqV2w7ZVWoNtNbbwwfTeq/hf/hub/models--neuronpedia--jacobian-lens/snapshots/16a01f309fcec900fdcec3f4cd5b64f3d00e4d5a/qwen3.5-4b/jlens/Salesforce-wikitext/Qwen3.5-4B_jacobian_lens_n1000.pt",
        "lens_sha256": "1f9a8f8fd593f0ffec1a9640993257ca4560f8ae3e5602315643d5cc6818534e",
        "source_id": 6650,
        "target_id": 14437
      }
    },
    {
      "kind": "intervention",
      "source": "Canada",
      "target": "Egypt",
      "source_answer": "Ottawa",
      "target_answer": "Cairo",
      "band": "current",
      "layers": [
        6,
        24
      ],
      "operator": "unit_exchange",
      "alpha": 2.0,
      "text": " Egypt.\n\n<think>\nThinking",
      "first_token": 14437,
      "hit_target": false,
      "stayed_source": false,
      "baseline_ok": true,
      "hook_calls": {
        "6": 1,
        "7": 1,
        "8": 1,
        "9": 1,
        "10": 1,
        "11": 1,
        "12": 1,
        "13": 1,
        "14": 1,
        "15": 1,
        "16": 1,
        "17": 1,
        "18": 1,
        "19": 1,
        "20": 1,
        "21": 1,
        "22": 1,
        "23": 1,
        "24": 1
      },
      "layer_geometry": {
        "6": {
          "raw_norms": [
            0.6168736219406128,
            0.5742366909980774
          ],
          "unit_cosine": 0.4361492097377777
        },
        "7": {
          "raw_norms": [
            0.6600071787834167,
            0.6201234459877014
          ],
          "unit_cosine": 0.41555055975914
        },
        "8": {
          "raw_norms": [
            0.7092791795730591,
            0.6724079847335815
          ],
          "unit_cosine": 0.4122127592563629
        },
        "9": {
          "raw_norms": [
            0.7754276990890503,
            0.7282156944274902
          ],
          "unit_cosine": 0.40403199195861816
        },
        "10": {
          "raw_norms": [
            0.8181906938552856,
            0.7612742185592651
          ],
          "unit_cosine": 0.41160649061203003
        },
        "11": {
          "raw_norms": [
            0.8938294053077698,
            0.8163343071937561
          ],
          "unit_cosine": 0.4278516471385956
        },
        "12": {
          "raw_norms": [
            0.9413021802902222,
            0.8598278760910034
          ],
          "unit_cosine": 0.44697147607803345
        },
        "13": {
          "raw_norms": [
            0.9814013838768005,
            0.895899772644043
          ],
          "unit_cosine": 0.46633750200271606
        },
        "14": {
          "raw_norms": [
            0.9960064888000488,
            0.9120956063270569
          ],
          "unit_cosine": 0.4756808578968048
        },
        "15": {
          "raw_norms": [
            1.0245786905288696,
            0.9396476149559021
          ],
          "unit_cosine": 0.4889812171459198
        },
        "16": {
          "raw_norms": [
            1.025071620941162,
            0.9254733324050903
          ],
          "unit_cosine": 0.5228548645973206
        },
        "17": {
          "raw_norms": [
            1.0686894655227661,
            0.9439606070518494
          ],
          "unit_cosine": 0.5457711219787598
        },
        "18": {
          "raw_norms": [
            0.9736694097518921,
            0.8932512402534485
          ],
          "unit_cosine": 0.4976111054420471
        },
        "19": {
          "raw_norms": [
            0.900438129901886,
            0.8362836241722107
          ],
          "unit_cosine": 0.49202755093574524
        },
        "20": {
          "raw_norms": [
            0.8966621160507202,
            0.8302111029624939
          ],
          "unit_cosine": 0.494099497795105
        },
        "21": {
          "raw_norms": [
            0.904691755771637,
            0.8516377210617065
          ],
          "unit_cosine": 0.4579753875732422
        },
        "22": {
          "raw_norms": [
            0.9272667765617371,
            0.8753331899642944
          ],
          "unit_cosine": 0.42462873458862305
        },
        "23": {
          "raw_norms": [
            0.9357242584228516,
            0.8637674450874329
          ],
          "unit_cosine": 0.4329530596733093
        },
        "24": {
          "raw_norms": [
            0.9309875965118408,
            0.8970314860343933
          ],
          "unit_cosine": 0.4029037356376648
        }
      },
      "layer_measurements": {
        "6": {
          "coordinate_abs_mean_pre": [
            0.8071644306182861,
            0.31140923500061035
          ],
          "coordinate_mean_pre": [
            0.8071644306182861,
            0.24881286919116974
          ],
          "coordinate_mean_post": [
            -0.3095388114452362,
            1.365516185760498
          ],
          "swap_max_abs_error": 1.430511474609375e-06
        },
        "7": {
          "coordinate_abs_mean_pre": [
            0.8871080875396729,
            1.5404973030090332
          ],
          "coordinate_mean_pre": [
            -0.2594525218009949,
            1.358027458190918
          ],
          "coordinate_mean_post": [
            2.9755067825317383,
            -1.8769333362579346
          ],
          "swap_max_abs_error": 4.76837158203125e-06
        },
        "8": {
          "coordinate_abs_mean_pre": [
            3.738783121109009,
            2.898284912109375
          ],
          "coordinate_mean_pre": [
            3.0531091690063477,
            -1.8361966609954834
          ],
          "coordinate_mean_post": [
            -6.725503921508789,
            7.9424147605896
          ],
          "swap_max_abs_error": 3.814697265625e-06
        },
        "9": {
          "coordinate_abs_mean_pre": [
            8.518733978271484,
            9.330690383911133
          ],
          "coordinate_mean_pre": [
            -6.071599006652832,
            7.274086952209473
          ],
          "coordinate_mean_post": [
            20.619781494140625,
            -19.417285919189453
          ],
          "swap_max_abs_error": 4.57763671875e-05
        },
        "10": {
          "coordinate_abs_mean_pre": [
            26.318262100219727,
            25.232162475585938
          ],
          "coordinate_mean_pre": [
            20.15705108642578,
            -18.701936721801758
          ],
          "coordinate_mean_post": [
            -57.56092071533203,
            59.016029357910156
          ],
          "swap_max_abs_error": 3.0517578125e-05
        },
        "11": {
          "coordinate_abs_mean_pre": [
            76.3686294555664,
            76.9388427734375
          ],
          "coordinate_mean_pre": [
            -57.20904541015625,
            58.14234924316406
          ],
          "coordinate_mean_post": [
            173.4937744140625,
            -172.5604248046875
          ],
          "swap_max_abs_error": 0.00018310546875
        },
        "12": {
          "coordinate_abs_mean_pre": [
            226.37564086914062,
            224.89376831054688
          ],
          "coordinate_mean_pre": [
            170.66505432128906,
            -168.97747802734375
          ],
          "coordinate_mean_post": [
            -508.62017822265625,
            510.3075866699219
          ],
          "swap_max_abs_error": 0.000732421875
        },
        "13": {
          "coordinate_abs_mean_pre": [
            670.0833129882812,
            674.8961181640625
          ],
          "coordinate_mean_pre": [
            -503.987548828125,
            508.1724548339844
          ],
          "coordinate_mean_post": [
            1520.332275390625,
            -1516.1474609375
          ],
          "swap_max_abs_error": 0.00048828125
        },
        "14": {
          "coordinate_abs_mean_pre": [
            1980.593017578125,
            1996.862060546875
          ],
          "coordinate_mean_pre": [
            1490.65966796875,
            -1502.41650390625
          ],
          "coordinate_mean_post": [
            -4495.494140625,
            4483.73779296875
          ],
          "swap_max_abs_error": 0.009765625
        },
        "15": {
          "coordinate_abs_mean_pre": [
            5917.72412109375,
            5904.017578125
          ],
          "coordinate_mean_pre": [
            -4452.9541015625,
            4442.955078125
          ],
          "coordinate_mean_post": [
            13338.8642578125,
            -13348.8642578125
          ],
          "swap_max_abs_error": 0.0078125
        },
        "16": {
          "coordinate_abs_mean_pre": [
            17887.50390625,
            17687.111328125
          ],
          "coordinate_mean_pre": [
            13459.9384765625,
            -13308.7021484375
          ],
          "coordinate_mean_post": [
            -40077.34765625,
            40228.578125
          ],
          "swap_max_abs_error": 0.046875
        },
        "17": {
          "coordinate_abs_mean_pre": [
            53037.203125,
            53061.5390625
          ],
          "coordinate_mean_pre": [
            -39909.37109375,
            39928.3203125
          ],
          "coordinate_mean_post": [
            119766.03125,
            -119747.046875
          ],
          "swap_max_abs_error": 0.1875
        },
        "18": {
          "coordinate_abs_mean_pre": [
            142603.734375,
            143639.3125
          ],
          "coordinate_mean_pre": [
            107311.7890625,
            -108084.90625
          ],
          "coordinate_mean_post": [
            -323481.625,
            322708.5
          ],
          "swap_max_abs_error": 0.25
        },
        "19": {
          "coordinate_abs_mean_pre": [
            387700.5,
            384446.4375
          ],
          "coordinate_mean_pre": [
            -291735.375,
            289286.3125
          ],
          "coordinate_mean_post": [
            870308.375,
            -872757.0
          ],
          "swap_max_abs_error": 1.5
        },
        "20": {
          "coordinate_abs_mean_pre": [
            1107321.875,
            1112605.0
          ],
          "coordinate_mean_pre": [
            833242.625,
            -837211.0625
          ],
          "coordinate_mean_post": [
            -2507665.5,
            2503696.5
          ],
          "swap_max_abs_error": 5.0
        },
        "21": {
          "coordinate_abs_mean_pre": [
            3119539.0,
            3135277.75
          ],
          "coordinate_mean_pre": [
            -2347381.0,
            2359265.5
          ],
          "coordinate_mean_post": [
            7065913.5,
            -7054027.0
          ],
          "swap_max_abs_error": 12.0
        },
        "22": {
          "coordinate_abs_mean_pre": [
            8836004.0,
            8793690.0
          ],
          "coordinate_mean_pre": [
            6648878.0,
            -6617103.0
          ],
          "coordinate_mean_post": [
            -19883084.0,
            19914856.0
          ],
          "swap_max_abs_error": 16.0
        },
        "23": {
          "coordinate_abs_mean_pre": [
            25596992.0,
            25171156.0
          ],
          "coordinate_mean_pre": [
            -19261404.0,
            18940912.0
          ],
          "coordinate_mean_post": [
            57143244.0,
            -57463728.0
          ],
          "swap_max_abs_error": 64.0
        },
        "24": {
          "coordinate_abs_mean_pre": [
            71412112.0,
            72642432.0
          ],
          "coordinate_mean_pre": [
            53735816.0,
            -54660644.0
          ],
          "coordinate_mean_post": [
            -163057104.0,
            162132240.0
          ],
          "swap_max_abs_error": 320.0
        }
      },
      "provenance": {
        "lens_file": "/__modal/volumes/vo-UTqV2w7ZVWoNtNbbwwfTeq/hf/hub/models--neuronpedia--jacobian-lens/snapshots/16a01f309fcec900fdcec3f4cd5b64f3d00e4d5a/qwen3.5-4b/jlens/Salesforce-wikitext/Qwen3.5-4B_jacobian_lens_n1000.pt",
        "lens_sha256": "1f9a8f8fd593f0ffec1a9640993257ca4560f8ae3e5602315643d5cc6818534e",
        "source_id": 6650,
        "target_id": 14437
      }
    },
    {
      "kind": "intervention",
      "source": "Canada",
      "target": "Egypt",
      "source_answer": "Ottawa",
      "target_answer": "Cairo",
      "band": "current",
      "layers": [
        6,
        24
      ],
      "operator": "unit_exchange",
      "alpha": 4.0,
      "text": " Egypt Egypt Egypt Egypt Egypt Egypt",
      "first_token": 14437,
      "hit_target": false,
      "stayed_source": false,
      "baseline_ok": true,
      "hook_calls": {
        "6": 1,
        "7": 1,
        "8": 1,
        "9": 1,
        "10": 1,
        "11": 1,
        "12": 1,
        "13": 1,
        "14": 1,
        "15": 1,
        "16": 1,
        "17": 1,
        "18": 1,
        "19": 1,
        "20": 1,
        "21": 1,
        "22": 1,
        "23": 1,
        "24": 1
      },
      "layer_geometry": {
        "6": {
          "raw_norms": [
            0.6168736219406128,
            0.5742366909980774
          ],
          "unit_cosine": 0.4361492097377777
        },
        "7": {
          "raw_norms": [
            0.6600071787834167,
            0.6201234459877014
          ],
          "unit_cosine": 0.41555055975914
        },
        "8": {
          "raw_norms": [
            0.7092791795730591,
            0.6724079847335815
          ],
          "unit_cosine": 0.4122127592563629
        },
        "9": {
          "raw_norms": [
            0.7754276990890503,
            0.7282156944274902
          ],
          "unit_cosine": 0.40403199195861816
        },
        "10": {
          "raw_norms": [
            0.8181906938552856,
            0.7612742185592651
          ],
          "unit_cosine": 0.41160649061203003
        },
        "11": {
          "raw_norms": [
            0.8938294053077698,
            0.8163343071937561
          ],
          "unit_cosine": 0.4278516471385956
        },
        "12": {
          "raw_norms": [
            0.9413021802902222,
            0.8598278760910034
          ],
          "unit_cosine": 0.44697147607803345
        },
        "13": {
          "raw_norms": [
            0.9814013838768005,
            0.895899772644043
          ],
          "unit_cosine": 0.46633750200271606
        },
        "14": {
          "raw_norms": [
            0.9960064888000488,
            0.9120956063270569
          ],
          "unit_cosine": 0.4756808578968048
        },
        "15": {
          "raw_norms": [
            1.0245786905288696,
            0.9396476149559021
          ],
          "unit_cosine": 0.4889812171459198
        },
        "16": {
          "raw_norms": [
            1.025071620941162,
            0.9254733324050903
          ],
          "unit_cosine": 0.5228548645973206
        },
        "17": {
          "raw_norms": [
            1.0686894655227661,
            0.9439606070518494
          ],
          "unit_cosine": 0.5457711219787598
        },
        "18": {
          "raw_norms": [
            0.9736694097518921,
            0.8932512402534485
          ],
          "unit_cosine": 0.4976111054420471
        },
        "19": {
          "raw_norms": [
            0.900438129901886,
            0.8362836241722107
          ],
          "unit_cosine": 0.49202755093574524
        },
        "20": {
          "raw_norms": [
            0.8966621160507202,
            0.8302111029624939
          ],
          "unit_cosine": 0.494099497795105
        },
        "21": {
          "raw_norms": [
            0.904691755771637,
            0.8516377210617065
          ],
          "unit_cosine": 0.4579753875732422
        },
        "22": {
          "raw_norms": [
            0.9272667765617371,
            0.8753331899642944
          ],
          "unit_cosine": 0.42462873458862305
        },
        "23": {
          "raw_norms": [
            0.9357242584228516,
            0.8637674450874329
          ],
          "unit_cosine": 0.4329530596733093
        },
        "24": {
          "raw_norms": [
            0.9309875965118408,
            0.8970314860343933
          ],
          "unit_cosine": 0.4029037356376648
        }
      },
      "layer_measurements": {
        "6": {
          "coordinate_abs_mean_pre": [
            0.8071644306182861,
            0.31140923500061035
          ],
          "coordinate_mean_pre": [
            0.8071644306182861,
            0.24881286919116974
          ],
          "coordinate_mean_post": [
            -1.4262421131134033,
            2.4822192192077637
          ],
          "swap_max_abs_error": 1.430511474609375e-06
        },
        "7": {
          "coordinate_abs_mean_pre": [
            2.315577983856201,
            3.121119499206543
          ],
          "coordinate_mean_pre": [
            -1.3681938648223877,
            2.5357203483581543
          ],
          "coordinate_mean_post": [
            14.247459411621094,
            -13.079936981201172
          ],
          "swap_max_abs_error": 2.288818359375e-05
        },
        "8": {
          "coordinate_abs_mean_pre": [
            18.43016815185547,
            17.238758087158203
          ],
          "coordinate_mean_pre": [
            13.949254035949707,
            -12.546425819396973
          ],
          "coordinate_mean_post": [
            -92.03347778320312,
            93.4363021850586
          ],
          "swap_max_abs_error": 9.1552734375e-05
        },
        "9": {
          "coordinate_abs_mean_pre": [
            118.12606811523438,
            118.2828369140625
          ],
          "coordinate_mean_pre": [
            -87.50425720214844,
            88.20697021484375
          ],
          "coordinate_mean_post": [
            615.3408203125,
            -614.6380615234375
          ],
          "swap_max_abs_error": 0.0009765625
        },
        "10": {
          "coordinate_abs_mean_pre": [
            802.9432373046875,
            805.1676025390625
          ],
          "coordinate_mean_pre": [
            597.431396484375,
            -598.3323364257812
          ],
          "coordinate_mean_post": [
            -4185.6240234375,
            4184.72265625
          ],
          "swap_max_abs_error": 0.00390625
        },
        "11": {
          "coordinate_abs_mean_pre": [
            5502.8583984375,
            5475.8173828125
          ],
          "coordinate_mean_pre": [
            -4091.51025390625,
            4072.021484375
          ],
          "coordinate_mean_post": [
            28562.619140625,
            -28582.09765625
          ],
          "swap_max_abs_error": 0.046875
        },
        "12": {
          "coordinate_abs_mean_pre": [
            37801.40234375,
            37646.4921875
          ],
          "coordinate_mean_pre": [
            28108.623046875,
            -27991.875
          ],
          "coordinate_mean_post": [
            -196293.40625,
            196410.15625
          ],
          "swap_max_abs_error": 0.25
        },
        "13": {
          "coordinate_abs_mean_pre": [
            261980.9375,
            263136.3125
          ],
          "coordinate_mean_pre": [
            -194796.140625,
            195659.9375
          ],
          "coordinate_mean_post": [
            1367028.0,
            -1366164.5
          ],
          "swap_max_abs_error": 0.75
        },
        "14": {
          "coordinate_abs_mean_pre": [
            1804875.75,
            1821394.0
          ],
          "coordinate_mean_pre": [
            1341975.875,
            -1354288.0
          ],
          "coordinate_mean_post": [
            -9443082.0,
            9430772.0
          ],
          "swap_max_abs_error": 24.0
        },
        "15": {
          "coordinate_abs_mean_pre": [
            12584326.0,
            12574670.0
          ],
          "coordinate_mean_pre": [
            -9356472.0,
            9349018.0
          ],
          "coordinate_mean_post": [
            65465496.0,
            -65472936.0
          ],
          "swap_max_abs_error": 96.0
        },
        "16": {
          "coordinate_abs_mean_pre": [
            88897968.0,
            87871168.0
          ],
          "coordinate_mean_pre": [
            66091628.0,
            -65328328.0
          ],
          "coordinate_mean_post": [
            -459588256.0,
            460351520.0
          ],
          "swap_max_abs_error": 128.0
        },
        "17": {
          "coordinate_abs_mean_pre": [
            615248768.0,
            614921408.0
          ],
          "coordinate_mean_pre": [
            -457390784.0,
            457159776.0
          ],
          "coordinate_mean_post": [
            3200812032.0,
            -3201041920.0
          ],
          "swap_max_abs_error": 6144.0
        },
        "18": {
          "coordinate_abs_mean_pre": [
            3856819712.0,
            3888600064.0
          ],
          "coordinate_mean_pre": [
            2867335680.0,
            -2890877952.0
          ],
          "coordinate_mean_post": [
            -20165525504.0,
            20141981696.0
          ],
          "swap_max_abs_error": 32768.0
        },
        "19": {
          "coordinate_abs_mean_pre": [
            24457551872.0,
            24254502912.0
          ],
          "coordinate_mean_pre": [
            -18182352896.0,
            18031673344.0
          ],
          "coordinate_mean_post": [
            126673813504.0,
            -126824448000.0
          ],
          "swap_max_abs_error": 196608.0
        },
        "20": {
          "coordinate_abs_mean_pre": [
            162912272384.0,
            163434070016.0
          ],
          "coordinate_mean_pre": [
            121118629888.0,
            -121500835840.0
          ],
          "coordinate_mean_post": [
            -849359536128.0,
            848977068032.0
          ],
          "swap_max_abs_error": 1572864.0
        },
        "21": {
          "coordinate_abs_mean_pre": [
            1069734100992.0,
            1076463665152.0
          ],
          "coordinate_mean_pre": [
            -795286831104.0,
            800292339712.0
          ],
          "coordinate_mean_post": [
            5587031556096.0,
            -5582024081408.0
          ],
          "swap_max_abs_error": 10485760.0
        },
        "22": {
          "coordinate_abs_mean_pre": [
            7069505683456.0,
            7041317863424.0
          ],
          "coordinate_mean_pre": [
            5255900692480.0,
            -5234866782208.0
          ],
          "coordinate_mean_post": [
            -36707164487680.0,
            36728194727936.0
          ],
          "swap_max_abs_error": 50331648.0
        },
        "23": {
          "coordinate_abs_mean_pre": [
            47849299509248.0,
            47007091654656.0
          ],
          "coordinate_mean_pre": [
            -35574996008960.0,
            34949226823680.0
          ],
          "coordinate_mean_post": [
            246521995984896.0,
            -247147668701184.0
          ],
          "swap_max_abs_error": 536870912.0
        },
        "24": {
          "coordinate_abs_mean_pre": [
            312436020215808.0,
            316701996482560.0
          ],
          "coordinate_mean_pre": [
            232301996802048.0,
            -235465995190272.0
          ],
          "coordinate_mean_post": [
            -1638770004721664.0,
            1635605687566336.0
          ],
          "swap_max_abs_error": 1073741824.0
        }
      },
      "provenance": {
        "lens_file": "/__modal/volumes/vo-UTqV2w7ZVWoNtNbbwwfTeq/hf/hub/models--neuronpedia--jacobian-lens/snapshots/16a01f309fcec900fdcec3f4cd5b64f3d00e4d5a/qwen3.5-4b/jlens/Salesforce-wikitext/Qwen3.5-4B_jacobian_lens_n1000.pt",
        "lens_sha256": "1f9a8f8fd593f0ffec1a9640993257ca4560f8ae3e5602315643d5cc6818534e",
        "source_id": 6650,
        "target_id": 14437
      }
    },
    {
      "kind": "intervention",
      "source": "Canada",
      "target": "Egypt",
      "source_answer": "Ottawa",
      "target_answer": "Cairo",
      "band": "current",
      "layers": [
        6,
        24
      ],
      "operator": "unit_transfer",
      "alpha": 1.0,
      "text": " Cairo.\nA. True",
      "first_token": 50779,
      "hit_target": true,
      "stayed_source": false,
      "baseline_ok": true,
      "hook_calls": {
        "6": 1,
        "7": 1,
        "8": 1,
        "9": 1,
        "10": 1,
        "11": 1,
        "12": 1,
        "13": 1,
        "14": 1,
        "15": 1,
        "16": 1,
        "17": 1,
        "18": 1,
        "19": 1,
        "20": 1,
        "21": 1,
        "22": 1,
        "23": 1,
        "24": 1
      },
      "layer_geometry": {
        "6": {
          "raw_norms": [
            0.6168736219406128,
            0.5742366909980774
          ],
          "unit_cosine": 0.4361492097377777
        },
        "7": {
          "raw_norms": [
            0.6600071787834167,
            0.6201234459877014
          ],
          "unit_cosine": 0.41555055975914
        },
        "8": {
          "raw_norms": [
            0.7092791795730591,
            0.6724079847335815
          ],
          "unit_cosine": 0.4122127592563629
        },
        "9": {
          "raw_norms": [
            0.7754276990890503,
            0.7282156944274902
          ],
          "unit_cosine": 0.40403199195861816
        },
        "10": {
          "raw_norms": [
            0.8181906938552856,
            0.7612742185592651
          ],
          "unit_cosine": 0.41160649061203003
        },
        "11": {
          "raw_norms": [
            0.8938294053077698,
            0.8163343071937561
          ],
          "unit_cosine": 0.4278516471385956
        },
        "12": {
          "raw_norms": [
            0.9413021802902222,
            0.8598278760910034
          ],
          "unit_cosine": 0.44697147607803345
        },
        "13": {
          "raw_norms": [
            0.9814013838768005,
            0.895899772644043
          ],
          "unit_cosine": 0.46633750200271606
        },
        "14": {
          "raw_norms": [
            0.9960064888000488,
            0.9120956063270569
          ],
          "unit_cosine": 0.4756808578968048
        },
        "15": {
          "raw_norms": [
            1.0245786905288696,
            0.9396476149559021
          ],
          "unit_cosine": 0.4889812171459198
        },
        "16": {
          "raw_norms": [
            1.025071620941162,
            0.9254733324050903
          ],
          "unit_cosine": 0.5228548645973206
        },
        "17": {
          "raw_norms": [
            1.0686894655227661,
            0.9439606070518494
          ],
          "unit_cosine": 0.5457711219787598
        },
        "18": {
          "raw_norms": [
            0.9736694097518921,
            0.8932512402534485
          ],
          "unit_cosine": 0.4976111054420471
        },
        "19": {
          "raw_norms": [
            0.900438129901886,
            0.8362836241722107
          ],
          "unit_cosine": 0.49202755093574524
        },
        "20": {
          "raw_norms": [
            0.8966621160507202,
            0.8302111029624939
          ],
          "unit_cosine": 0.494099497795105
        },
        "21": {
          "raw_norms": [
            0.904691755771637,
            0.8516377210617065
          ],
          "unit_cosine": 0.4579753875732422
        },
        "22": {
          "raw_norms": [
            0.9272667765617371,
            0.8753331899642944
          ],
          "unit_cosine": 0.42462873458862305
        },
        "23": {
          "raw_norms": [
            0.9357242584228516,
            0.8637674450874329
          ],
          "unit_cosine": 0.4329530596733093
        },
        "24": {
          "raw_norms": [
            0.9309875965118408,
            0.8970314860343933
          ],
          "unit_cosine": 0.4029037356376648
        }
      },
      "layer_measurements": {
        "6": {
          "source_abs_mean_pre": 0.9156836271286011,
          "source_mean_pre": 0.9156836271286011,
          "source_mean_post": 0.39937475323677063,
          "target_mean_pre": 0.6008566617965698,
          "target_mean_post": 1.1171658039093018
        },
        "7": {
          "source_abs_mean_pre": 0.46356087923049927,
          "source_mean_pre": 0.46356087923049927,
          "source_mean_post": 0.19263291358947754,
          "target_mean_pre": 1.062613844871521,
          "target_mean_post": 1.333541750907898
        },
        "8": {
          "source_abs_mean_pre": 0.26785606145858765,
          "source_mean_pre": 0.26785606145858765,
          "source_mean_post": 0.11041370034217834,
          "target_mean_pre": 1.2685679197311401,
          "target_mean_post": 1.4260101318359375
        },
        "9": {
          "source_abs_mean_pre": 0.20184409618377686,
          "source_mean_pre": 0.20184409618377686,
          "source_mean_post": 0.08155154436826706,
          "target_mean_pre": 1.4094059467315674,
          "target_mean_post": 1.5296984910964966
        },
        "10": {
          "source_abs_mean_pre": 0.17494967579841614,
          "source_mean_pre": 0.17494967579841614,
          "source_mean_post": 0.07201044261455536,
          "target_mean_pre": 1.5883612632751465,
          "target_mean_post": 1.691300630569458
        },
        "11": {
          "source_abs_mean_pre": 0.13729126751422882,
          "source_mean_pre": 0.13729126751422882,
          "source_mean_post": 0.058740317821502686,
          "target_mean_pre": 1.5705174207687378,
          "target_mean_post": 1.6490683555603027
        },
        "12": {
          "source_abs_mean_pre": 0.18338395655155182,
          "source_mean_pre": 0.18338395655155182,
          "source_mean_post": 0.08196738362312317,
          "target_mean_pre": 1.7104456424713135,
          "target_mean_post": 1.8118622303009033
        },
        "13": {
          "source_abs_mean_pre": 0.07990105450153351,
          "source_mean_pre": 0.0654715746641159,
          "source_mean_post": 0.03053189627826214,
          "target_mean_pre": 1.7618900537490845,
          "target_mean_post": 1.7968297004699707
        },
        "14": {
          "source_abs_mean_pre": 0.15411171317100525,
          "source_mean_pre": -0.027530089020729065,
          "source_mean_post": -0.013095514848828316,
          "target_mean_pre": 1.7560908794403076,
          "target_mean_post": 1.7416563034057617
        },
        "15": {
          "source_abs_mean_pre": 0.1526014804840088,
          "source_mean_pre": 0.12265908718109131,
          "source_mean_post": 0.05997798219323158,
          "target_mean_pre": 1.7615913152694702,
          "target_mean_post": 1.8242723941802979
        },
        "16": {
          "source_abs_mean_pre": 0.20508155226707458,
          "source_mean_pre": 0.20508155226707458,
          "source_mean_post": 0.10722793638706207,
          "target_mean_pre": 1.9544763565063477,
          "target_mean_post": 2.0523300170898438
        },
        "17": {
          "source_abs_mean_pre": 0.14059290289878845,
          "source_mean_pre": 0.14059290289878845,
          "source_mean_post": 0.07673150300979614,
          "target_mean_pre": 2.069859027862549,
          "target_mean_post": 2.1337203979492188
        },
        "18": {
          "source_abs_mean_pre": 0.200835183262825,
          "source_mean_pre": 0.1085396409034729,
          "source_mean_post": 0.05401046574115753,
          "target_mean_pre": 2.3418543338775635,
          "target_mean_post": 2.39638352394104
        },
        "19": {
          "source_abs_mean_pre": 0.15651661157608032,
          "source_mean_pre": 0.1253233551979065,
          "source_mean_post": 0.061662569642066956,
          "target_mean_pre": 2.827376127243042,
          "target_mean_post": 2.8910369873046875
        },
        "20": {
          "source_abs_mean_pre": 0.28300225734710693,
          "source_mean_pre": 0.28300225734710693,
          "source_mean_post": 0.1398312896490097,
          "target_mean_pre": 2.9410202503204346,
          "target_mean_post": 3.08419132232666
        },
        "21": {
          "source_abs_mean_pre": 0.1959482729434967,
          "source_mean_pre": 0.1959482729434967,
          "source_mean_post": 0.08973957598209381,
          "target_mean_pre": 3.105307102203369,
          "target_mean_post": 3.2115159034729004
        },
        "22": {
          "source_abs_mean_pre": 0.36302420496940613,
          "source_mean_pre": 0.36302420496940613,
          "source_mean_post": 0.15415053069591522,
          "target_mean_pre": 3.439317226409912,
          "target_mean_post": 3.648190498352051
        },
        "23": {
          "source_abs_mean_pre": 0.28890126943588257,
          "source_mean_pre": 0.23594629764556885,
          "source_mean_post": 0.10215374082326889,
          "target_mean_pre": 4.496333122253418,
          "target_mean_post": 4.630125999450684
        },
        "24": {
          "source_abs_mean_pre": 0.28882282972335815,
          "source_mean_pre": 0.28882282972335815,
          "source_mean_post": 0.11636781692504883,
          "target_mean_pre": 6.0262956619262695,
          "target_mean_post": 6.198751449584961
        }
      },
      "provenance": {
        "lens_file": "/__modal/volumes/vo-UTqV2w7ZVWoNtNbbwwfTeq/hf/hub/models--neuronpedia--jacobian-lens/snapshots/16a01f309fcec900fdcec3f4cd5b64f3d00e4d5a/qwen3.5-4b/jlens/Salesforce-wikitext/Qwen3.5-4B_jacobian_lens_n1000.pt",
        "lens_sha256": "1f9a8f8fd593f0ffec1a9640993257ca4560f8ae3e5602315643d5cc6818534e",
        "source_id": 6650,
        "target_id": 14437
      }
    },
    {
      "kind": "intervention",
      "source": "Canada",
      "target": "Egypt",
      "source_answer": "Ottawa",
      "target_answer": "Cairo",
      "band": "current",
      "layers": [
        6,
        24
      ],
      "operator": "unit_transfer",
      "alpha": 2.0,
      "text": " Cairo.\nA. True",
      "first_token": 50779,
      "hit_target": true,
      "stayed_source": false,
      "baseline_ok": true,
      "hook_calls": {
        "6": 1,
        "7": 1,
        "8": 1,
        "9": 1,
        "10": 1,
        "11": 1,
        "12": 1,
        "13": 1,
        "14": 1,
        "15": 1,
        "16": 1,
        "17": 1,
        "18": 1,
        "19": 1,
        "20": 1,
        "21": 1,
        "22": 1,
        "23": 1,
        "24": 1
      },
      "layer_geometry": {
        "6": {
          "raw_norms": [
            0.6168736219406128,
            0.5742366909980774
          ],
          "unit_cosine": 0.4361492097377777
        },
        "7": {
          "raw_norms": [
            0.6600071787834167,
            0.6201234459877014
          ],
          "unit_cosine": 0.41555055975914
        },
        "8": {
          "raw_norms": [
            0.7092791795730591,
            0.6724079847335815
          ],
          "unit_cosine": 0.4122127592563629
        },
        "9": {
          "raw_norms": [
            0.7754276990890503,
            0.7282156944274902
          ],
          "unit_cosine": 0.40403199195861816
        },
        "10": {
          "raw_norms": [
            0.8181906938552856,
            0.7612742185592651
          ],
          "unit_cosine": 0.41160649061203003
        },
        "11": {
          "raw_norms": [
            0.8938294053077698,
            0.8163343071937561
          ],
          "unit_cosine": 0.4278516471385956
        },
        "12": {
          "raw_norms": [
            0.9413021802902222,
            0.8598278760910034
          ],
          "unit_cosine": 0.44697147607803345
        },
        "13": {
          "raw_norms": [
            0.9814013838768005,
            0.895899772644043
          ],
          "unit_cosine": 0.46633750200271606
        },
        "14": {
          "raw_norms": [
            0.9960064888000488,
            0.9120956063270569
          ],
          "unit_cosine": 0.4756808578968048
        },
        "15": {
          "raw_norms": [
            1.0245786905288696,
            0.9396476149559021
          ],
          "unit_cosine": 0.4889812171459198
        },
        "16": {
          "raw_norms": [
            1.025071620941162,
            0.9254733324050903
          ],
          "unit_cosine": 0.5228548645973206
        },
        "17": {
          "raw_norms": [
            1.0686894655227661,
            0.9439606070518494
          ],
          "unit_cosine": 0.5457711219787598
        },
        "18": {
          "raw_norms": [
            0.9736694097518921,
            0.8932512402534485
          ],
          "unit_cosine": 0.4976111054420471
        },
        "19": {
          "raw_norms": [
            0.900438129901886,
            0.8362836241722107
          ],
          "unit_cosine": 0.49202755093574524
        },
        "20": {
          "raw_norms": [
            0.8966621160507202,
            0.8302111029624939
          ],
          "unit_cosine": 0.494099497795105
        },
        "21": {
          "raw_norms": [
            0.904691755771637,
            0.8516377210617065
          ],
          "unit_cosine": 0.4579753875732422
        },
        "22": {
          "raw_norms": [
            0.9272667765617371,
            0.8753331899642944
          ],
          "unit_cosine": 0.42462873458862305
        },
        "23": {
          "raw_norms": [
            0.9357242584228516,
            0.8637674450874329
          ],
          "unit_cosine": 0.4329530596733093
        },
        "24": {
          "raw_norms": [
            0.9309875965118408,
            0.8970314860343933
          ],
          "unit_cosine": 0.4029037356376648
        }
      },
      "layer_measurements": {
        "6": {
          "source_abs_mean_pre": 0.9156836271286011,
          "source_mean_pre": 0.9156836271286011,
          "source_mean_post": -0.1169341579079628,
          "target_mean_pre": 0.6008566617965698,
          "target_mean_post": 1.6334749460220337
        },
        "7": {
          "source_abs_mean_pre": 0.13736815750598907,
          "source_mean_pre": -0.05592432618141174,
          "source_mean_post": 0.009445574134588242,
          "target_mean_pre": 1.6093792915344238,
          "target_mean_post": 1.5440092086791992
        },
        "8": {
          "source_abs_mean_pre": 0.07075512409210205,
          "source_mean_pre": 0.07075512409210205,
          "source_mean_post": -0.012422817759215832,
          "target_mean_pre": 1.45442795753479,
          "target_mean_post": 1.5376057624816895
        },
        "9": {
          "source_abs_mean_pre": 0.08383055031299591,
          "source_mean_pre": 0.08383055031299591,
          "source_mean_post": -0.016090072691440582,
          "target_mean_pre": 1.5213398933410645,
          "target_mean_post": 1.621260404586792
        },
        "10": {
          "source_abs_mean_pre": 0.09283386170864105,
          "source_mean_pre": 0.09097713232040405,
          "source_mean_post": -0.016083575785160065,
          "target_mean_pre": 1.6821396350860596,
          "target_mean_post": 1.7892004251480103
        },
        "11": {
          "source_abs_mean_pre": 0.059567444026470184,
          "source_mean_pre": 0.05605030804872513,
          "source_mean_post": -0.008087875321507454,
          "target_mean_pre": 1.6622503995895386,
          "target_mean_post": 1.7263885736465454
        },
        "12": {
          "source_abs_mean_pre": 0.12171025574207306,
          "source_mean_pre": 0.12171025574207306,
          "source_mean_post": -0.012908240780234337,
          "target_mean_pre": 1.7871640920639038,
          "target_mean_post": 1.9217827320098877
        },
        "13": {
          "source_abs_mean_pre": 0.056008439511060715,
          "source_mean_pre": -0.028071336448192596,
          "source_mean_post": 0.0018899020506069064,
          "target_mean_pre": 1.8628780841827393,
          "target_mean_post": 1.8329167366027832
        },
        "14": {
          "source_abs_mean_pre": 0.1211162805557251,
          "source_mean_pre": -0.06356660276651382,
          "source_mean_post": 0.0030917879194021225,
          "target_mean_pre": 1.7880617380142212,
          "target_mean_post": 1.7214033603668213
        },
        "15": {
          "source_abs_mean_pre": 0.14229583740234375,
          "source_mean_pre": 0.14229583740234375,
          "source_mean_post": -0.0031359309796243906,
          "target_mean_pre": 1.7445027828216553,
          "target_mean_post": 1.8899345397949219
        },
        "16": {
          "source_abs_mean_pre": 0.13974784314632416,
          "source_mean_pre": 0.13974784314632416,
          "source_mean_post": 0.006387847941368818,
          "target_mean_pre": 2.022793769836426,
          "target_mean_post": 2.156153678894043
        },
        "17": {
          "source_abs_mean_pre": 0.07891412079334259,
          "source_mean_pre": 0.04167529568076134,
          "source_mean_post": 0.003815010655671358,
          "target_mean_pre": 2.1573829650878906,
          "target_mean_post": 2.1952431201934814
        },
        "18": {
          "source_abs_mean_pre": 0.16550473868846893,
          "source_mean_pre": 0.04176519438624382,
          "source_mean_post": -0.00019960827194154263,
          "target_mean_pre": 2.3937230110168457,
          "target_mean_post": 2.435688018798828
        },
        "19": {
          "source_abs_mean_pre": 0.14197860658168793,
          "source_mean_pre": 0.0567665621638298,
          "source_mean_post": -0.0009051684755831957,
          "target_mean_pre": 2.8912792205810547,
          "target_mean_post": 2.948951005935669
        },
        "20": {
          "source_abs_mean_pre": 0.22701621055603027,
          "source_mean_pre": 0.22701621055603027,
          "source_mean_post": -0.0026790029369294643,
          "target_mean_pre": 2.9740114212036133,
          "target_mean_post": 3.203706979751587
        },
        "21": {
          "source_abs_mean_pre": 0.08830343186855316,
          "source_mean_pre": 0.06461530923843384,
          "source_mean_post": -0.005430792458355427,
          "target_mean_pre": 3.2224807739257812,
          "target_mean_post": 3.292527198791504
        },
        "22": {
          "source_abs_mean_pre": 0.28231081366539,
          "source_mean_pre": 0.27364104986190796,
          "source_mean_post": -0.0412493497133255,
          "target_mean_pre": 3.518927574157715,
          "target_mean_post": 3.833818197250366
        },
        "23": {
          "source_abs_mean_pre": 0.22143927216529846,
          "source_mean_pre": 0.035256776958703995,
          "source_mean_post": -0.004727623425424099,
          "target_mean_pre": 4.680263996124268,
          "target_mean_post": 4.720248222351074
        },
        "24": {
          "source_abs_mean_pre": 0.19524425268173218,
          "source_mean_pre": 0.1943991780281067,
          "source_mean_post": -0.03775092586874962,
          "target_mean_pre": 6.028371810913086,
          "target_mean_post": 6.26052188873291
        }
      },
      "provenance": {
        "lens_file": "/__modal/volumes/vo-UTqV2w7ZVWoNtNbbwwfTeq/hf/hub/models--neuronpedia--jacobian-lens/snapshots/16a01f309fcec900fdcec3f4cd5b64f3d00e4d5a/qwen3.5-4b/jlens/Salesforce-wikitext/Qwen3.5-4B_jacobian_lens_n1000.pt",
        "lens_sha256": "1f9a8f8fd593f0ffec1a9640993257ca4560f8ae3e5602315643d5cc6818534e",
        "source_id": 6650,
        "target_id": 14437
      }
    },
    {
      "kind": "intervention",
      "source": "Canada",
      "target": "Egypt",
      "source_answer": "Ottawa",
      "target_answer": "Cairo",
      "band": "current",
      "layers": [
        6,
        24
      ],
      "operator": "unit_transfer",
      "alpha": 4.0,
      "text": " Egypt.\nA. True",
      "first_token": 14437,
      "hit_target": false,
      "stayed_source": false,
      "baseline_ok": true,
      "hook_calls": {
        "6": 1,
        "7": 1,
        "8": 1,
        "9": 1,
        "10": 1,
        "11": 1,
        "12": 1,
        "13": 1,
        "14": 1,
        "15": 1,
        "16": 1,
        "17": 1,
        "18": 1,
        "19": 1,
        "20": 1,
        "21": 1,
        "22": 1,
        "23": 1,
        "24": 1
      },
      "layer_geometry": {
        "6": {
          "raw_norms": [
            0.6168736219406128,
            0.5742366909980774
          ],
          "unit_cosine": 0.4361492097377777
        },
        "7": {
          "raw_norms": [
            0.6600071787834167,
            0.6201234459877014
          ],
          "unit_cosine": 0.41555055975914
        },
        "8": {
          "raw_norms": [
            0.7092791795730591,
            0.6724079847335815
          ],
          "unit_cosine": 0.4122127592563629
        },
        "9": {
          "raw_norms": [
            0.7754276990890503,
            0.7282156944274902
          ],
          "unit_cosine": 0.40403199195861816
        },
        "10": {
          "raw_norms": [
            0.8181906938552856,
            0.7612742185592651
          ],
          "unit_cosine": 0.41160649061203003
        },
        "11": {
          "raw_norms": [
            0.8938294053077698,
            0.8163343071937561
          ],
          "unit_cosine": 0.4278516471385956
        },
        "12": {
          "raw_norms": [
            0.9413021802902222,
            0.8598278760910034
          ],
          "unit_cosine": 0.44697147607803345
        },
        "13": {
          "raw_norms": [
            0.9814013838768005,
            0.895899772644043
          ],
          "unit_cosine": 0.46633750200271606
        },
        "14": {
          "raw_norms": [
            0.9960064888000488,
            0.9120956063270569
          ],
          "unit_cosine": 0.4756808578968048
        },
        "15": {
          "raw_norms": [
            1.0245786905288696,
            0.9396476149559021
          ],
          "unit_cosine": 0.4889812171459198
        },
        "16": {
          "raw_norms": [
            1.025071620941162,
            0.9254733324050903
          ],
          "unit_cosine": 0.5228548645973206
        },
        "17": {
          "raw_norms": [
            1.0686894655227661,
            0.9439606070518494
          ],
          "unit_cosine": 0.5457711219787598
        },
        "18": {
          "raw_norms": [
            0.9736694097518921,
            0.8932512402534485
          ],
          "unit_cosine": 0.4976111054420471
        },
        "19": {
          "raw_norms": [
            0.900438129901886,
            0.8362836241722107
          ],
          "unit_cosine": 0.49202755093574524
        },
        "20": {
          "raw_norms": [
            0.8966621160507202,
            0.8302111029624939
          ],
          "unit_cosine": 0.494099497795105
        },
        "21": {
          "raw_norms": [
            0.904691755771637,
            0.8516377210617065
          ],
          "unit_cosine": 0.4579753875732422
        },
        "22": {
          "raw_norms": [
            0.9272667765617371,
            0.8753331899642944
          ],
          "unit_cosine": 0.42462873458862305
        },
        "23": {
          "raw_norms": [
            0.9357242584228516,
            0.8637674450874329
          ],
          "unit_cosine": 0.4329530596733093
        },
        "24": {
          "raw_norms": [
            0.9309875965118408,
            0.8970314860343933
          ],
          "unit_cosine": 0.4029037356376648
        }
      },
      "layer_measurements": {
        "6": {
          "source_abs_mean_pre": 0.9156836271286011,
          "source_mean_pre": 0.9156836271286011,
          "source_mean_post": -1.1495519876480103,
          "target_mean_pre": 0.6008566617965698,
          "target_mean_post": 2.666093349456787
        },
        "7": {
          "source_abs_mean_pre": 1.021356463432312,
          "source_mean_pre": -1.021356463432312,
          "source_mean_post": 1.3663690090179443,
          "target_mean_pre": 2.69712495803833,
          "target_mean_post": 0.30939918756484985
        },
        "8": {
          "source_abs_mean_pre": 1.2987263202667236,
          "source_mean_pre": 1.2987263202667236,
          "source_mean_post": -1.7547732591629028,
          "target_mean_pre": 0.32906651496887207,
          "target_mean_post": 3.382565498352051
        },
        "9": {
          "source_abs_mean_pre": 1.5103230476379395,
          "source_mean_pre": -1.5103230476379395,
          "source_mean_post": 2.0900919437408447,
          "target_mean_pre": 3.132485866546631,
          "target_mean_post": -0.4679301083087921
        },
        "10": {
          "source_abs_mean_pre": 2.0834193229675293,
          "source_mean_pre": 2.0834193229675293,
          "source_mean_post": -2.820061683654785,
          "target_mean_pre": -0.2649148404598236,
          "target_mean_post": 4.638566017150879
        },
        "11": {
          "source_abs_mean_pre": 2.613358974456787,
          "source_mean_pre": -2.613358974456787,
          "source_mean_post": 3.367556095123291,
          "target_mean_pre": 4.284005165100098,
          "target_mean_post": -1.6969106197357178
        },
        "12": {
          "source_abs_mean_pre": 3.277763843536377,
          "source_mean_pre": 3.277763843536377,
          "source_mean_post": -3.973024606704712,
          "target_mean_pre": -1.430179238319397,
          "target_mean_post": 5.8206071853637695
        },
        "13": {
          "source_abs_mean_pre": 3.7233128547668457,
          "source_mean_pre": -3.7233128547668457,
          "source_mean_post": 4.224656105041504,
          "target_mean_pre": 5.611101150512695,
          "target_mean_post": -2.336869716644287
        },
        "14": {
          "source_abs_mean_pre": 3.8840508460998535,
          "source_mean_pre": 3.8840508460998535,
          "source_mean_post": -4.261878967285156,
          "target_mean_pre": -2.2989892959594727,
          "target_mean_post": 5.846939563751221
        },
        "15": {
          "source_abs_mean_pre": 3.9703850746154785,
          "source_mean_pre": -3.9703850746154785,
          "source_mean_post": 4.145383834838867,
          "target_mean_pre": 5.589179039001465,
          "target_mean_post": -2.526585340499878
        },
        "16": {
          "source_abs_mean_pre": 4.127572059631348,
          "source_mean_pre": 4.127572059631348,
          "source_mean_post": -3.7502310276031494,
          "target_mean_pre": -2.2092936038970947,
          "target_mean_post": 5.668513298034668
        },
        "17": {
          "source_abs_mean_pre": 3.4515180587768555,
          "source_mean_pre": -3.4515180587768555,
          "source_mean_post": 2.819601535797119,
          "target_mean_pre": 5.27591609954834,
          "target_mean_post": -0.9951996803283691
        },
        "18": {
          "source_abs_mean_pre": 2.908846139907837,
          "source_mean_pre": 2.908846139907837,
          "source_mean_post": -2.936643600463867,
          "target_mean_pre": -0.853935718536377,
          "target_mean_post": 4.99155330657959
        },
        "19": {
          "source_abs_mean_pre": 2.973625898361206,
          "source_mean_pre": -2.973625898361206,
          "source_mean_post": 3.068455219268799,
          "target_mean_pre": 6.427563667297363,
          "target_mean_post": 0.3854858875274658
        },
        "20": {
          "source_abs_mean_pre": 2.95817232131958,
          "source_mean_pre": 2.95817232131958,
          "source_mean_post": -3.0279903411865234,
          "target_mean_pre": 0.2702864110469818,
          "target_mean_post": 6.25645112991333
        },
        "21": {
          "source_abs_mean_pre": 2.8549551963806152,
          "source_mean_pre": -2.8549551963806152,
          "source_mean_post": 3.3348684310913086,
          "target_mean_pre": 6.289712905883789,
          "target_mean_post": 0.09989398717880249
        },
        "22": {
          "source_abs_mean_pre": 3.349500894546509,
          "source_mean_pre": 3.349500894546509,
          "source_mean_post": -4.359326362609863,
          "target_mean_pre": 0.2525985836982727,
          "target_mean_post": 7.961423873901367
        },
        "23": {
          "source_abs_mean_pre": 3.976607322692871,
          "source_mean_pre": -3.976607322692871,
          "source_mean_post": 5.0430803298950195,
          "target_mean_pre": 7.842236042022705,
          "target_mean_post": -1.1774585247039795
        },
        "24": {
          "source_abs_mean_pre": 5.102233409881592,
          "source_mean_pre": 5.102233409881592,
          "source_mean_post": -7.083864212036133,
          "target_mean_pre": -1.1649082899093628,
          "target_mean_post": 11.021188735961914
        }
      },
      "provenance": {
        "lens_file": "/__modal/volumes/vo-UTqV2w7ZVWoNtNbbwwfTeq/hf/hub/models--neuronpedia--jacobian-lens/snapshots/16a01f309fcec900fdcec3f4cd5b64f3d00e4d5a/qwen3.5-4b/jlens/Salesforce-wikitext/Qwen3.5-4B_jacobian_lens_n1000.pt",
        "lens_sha256": "1f9a8f8fd593f0ffec1a9640993257ca4560f8ae3e5602315643d5cc6818534e",
        "source_id": 6650,
        "target_id": 14437
      }
    },
    {
      "kind": "intervention",
      "source": "Canada",
      "target": "Egypt",
      "source_answer": "Ottawa",
      "target_answer": "Cairo",
      "band": "reference_fraction",
      "layers": [
        9,
        30
      ],
      "operator": "raw_exchange",
      "alpha": 1.0,
      "text": " Ottawa.\nA. True",
      "first_token": 31106,
      "hit_target": false,
      "stayed_source": true,
      "baseline_ok": true,
      "hook_calls": {
        "9": 1,
        "10": 1,
        "11": 1,
        "12": 1,
        "13": 1,
        "14": 1,
        "15": 1,
        "16": 1,
        "17": 1,
        "18": 1,
        "19": 1,
        "20": 1,
        "21": 1,
        "22": 1,
        "23": 1,
        "24": 1,
        "25": 1,
        "26": 1,
        "27": 1,
        "28": 1,
        "29": 1,
        "30": 1
      },
      "layer_geometry": {
        "9": {
          "raw_norms": [
            0.7754276990890503,
            0.7282156944274902
          ],
          "unit_cosine": 0.40403199195861816
        },
        "10": {
          "raw_norms": [
            0.8181906938552856,
            0.7612742185592651
          ],
          "unit_cosine": 0.41160649061203003
        },
        "11": {
          "raw_norms": [
            0.8938294053077698,
            0.8163343071937561
          ],
          "unit_cosine": 0.4278516471385956
        },
        "12": {
          "raw_norms": [
            0.9413021802902222,
            0.8598278760910034
          ],
          "unit_cosine": 0.44697147607803345
        },
        "13": {
          "raw_norms": [
            0.9814013838768005,
            0.895899772644043
          ],
          "unit_cosine": 0.46633750200271606
        },
        "14": {
          "raw_norms": [
            0.9960064888000488,
            0.9120956063270569
          ],
          "unit_cosine": 0.4756808578968048
        },
        "15": {
          "raw_norms": [
            1.0245786905288696,
            0.9396476149559021
          ],
          "unit_cosine": 0.4889812171459198
        },
        "16": {
          "raw_norms": [
            1.025071620941162,
            0.9254733324050903
          ],
          "unit_cosine": 0.5228548645973206
        },
        "17": {
          "raw_norms": [
            1.0686894655227661,
            0.9439606070518494
          ],
          "unit_cosine": 0.5457711219787598
        },
        "18": {
          "raw_norms": [
            0.9736694097518921,
            0.8932512402534485
          ],
          "unit_cosine": 0.4976111054420471
        },
        "19": {
          "raw_norms": [
            0.900438129901886,
            0.8362836241722107
          ],
          "unit_cosine": 0.49202755093574524
        },
        "20": {
          "raw_norms": [
            0.8966621160507202,
            0.8302111029624939
          ],
          "unit_cosine": 0.494099497795105
        },
        "21": {
          "raw_norms": [
            0.904691755771637,
            0.8516377210617065
          ],
          "unit_cosine": 0.4579753875732422
        },
        "22": {
          "raw_norms": [
            0.9272667765617371,
            0.8753331899642944
          ],
          "unit_cosine": 0.42462873458862305
        },
        "23": {
          "raw_norms": [
            0.9357242584228516,
            0.8637674450874329
          ],
          "unit_cosine": 0.4329530596733093
        },
        "24": {
          "raw_norms": [
            0.9309875965118408,
            0.8970314860343933
          ],
          "unit_cosine": 0.4029037356376648
        },
        "25": {
          "raw_norms": [
            0.9552674293518066,
            0.9342299103736877
          ],
          "unit_cosine": 0.36799582839012146
        },
        "26": {
          "raw_norms": [
            0.9921653270721436,
            0.9756379723548889
          ],
          "unit_cosine": 0.3517686426639557
        },
        "27": {
          "raw_norms": [
            0.9789623618125916,
            0.965739369392395
          ],
          "unit_cosine": 0.3525131046772003
        },
        "28": {
          "raw_norms": [
            0.9136409163475037,
            0.8935139775276184
          ],
          "unit_cosine": 0.33978843688964844
        },
        "29": {
          "raw_norms": [
            0.7842392325401306,
            0.7465522289276123
          ],
          "unit_cosine": 0.4162614345550537
        },
        "30": {
          "raw_norms": [
            0.718264102935791,
            0.6872096061706543
          ],
          "unit_cosine": 0.43855321407318115
        }
      },
      "layer_measurements": {
        "9": {
          "coordinate_abs_mean_pre": [
            1.3059066534042358,
            0.4138435423374176
          ],
          "coordinate_mean_pre": [
            1.3059066534042358,
            0.1932363212108612
          ],
          "coordinate_mean_post": [
            0.1932363361120224,
            1.3059066534042358
          ],
          "swap_max_abs_error": 4.76837158203125e-07
        },
        "10": {
          "coordinate_abs_mean_pre": [
            0.3753073811531067,
            1.3343591690063477
          ],
          "coordinate_mean_pre": [
            0.2083979994058609,
            1.3343591690063477
          ],
          "coordinate_mean_post": [
            1.3343591690063477,
            0.20839810371398926
          ],
          "swap_max_abs_error": 4.76837158203125e-07
        },
        "11": {
          "coordinate_abs_mean_pre": [
            1.2261816263198853,
            0.348978191614151
          ],
          "coordinate_mean_pre": [
            1.2261816263198853,
            0.11400695890188217
          ],
          "coordinate_mean_post": [
            0.11400669068098068,
            1.2261815071105957
          ],
          "swap_max_abs_error": 5.364418029785156e-07
        },
        "12": {
          "coordinate_abs_mean_pre": [
            0.3057258725166321,
            1.2059485912322998
          ],
          "coordinate_mean_pre": [
            0.18286018073558807,
            1.2059485912322998
          ],
          "coordinate_mean_post": [
            1.205948829650879,
            0.18286004662513733
          ],
          "swap_max_abs_error": 9.5367431640625e-07
        },
        "13": {
          "coordinate_abs_mean_pre": [
            1.0823912620544434,
            0.30076852440834045
          ],
          "coordinate_mean_pre": [
            1.0823912620544434,
            0.19709666073322296
          ],
          "coordinate_mean_post": [
            0.1970965713262558,
            1.082391381263733
          ],
          "swap_max_abs_error": 7.897615432739258e-07
        },
        "14": {
          "coordinate_abs_mean_pre": [
            0.3616766929626465,
            1.092081069946289
          ],
          "coordinate_mean_pre": [
            0.10790229588747025,
            1.092081069946289
          ],
          "coordinate_mean_post": [
            1.0920813083648682,
            0.10790233314037323
          ],
          "swap_max_abs_error": 2.980232238769531e-07
        },
        "15": {
          "coordinate_abs_mean_pre": [
            1.160149097442627,
            0.3742334246635437
          ],
          "coordinate_mean_pre": [
            1.160149097442627,
            0.08824576437473297
          ],
          "coordinate_mean_post": [
            0.08824536204338074,
            1.160149097442627
          ],
          "swap_max_abs_error": 1.5050172805786133e-06
        },
        "16": {
          "coordinate_abs_mean_pre": [
            0.38371092081069946,
            1.223092794418335
          ],
          "coordinate_mean_pre": [
            0.17920726537704468,
            1.223092794418335
          ],
          "coordinate_mean_post": [
            1.223092794418335,
            0.17920716106891632
          ],
          "swap_max_abs_error": 3.8743019104003906e-07
        },
        "17": {
          "coordinate_abs_mean_pre": [
            1.1624919176101685,
            0.40708839893341064
          ],
          "coordinate_mean_pre": [
            1.1624919176101685,
            0.1741907149553299
          ],
          "coordinate_mean_post": [
            0.1741904765367508,
            1.1624921560287476
          ],
          "swap_max_abs_error": 8.046627044677734e-07
        },
        "18": {
          "coordinate_abs_mean_pre": [
            0.5666720867156982,
            1.3177663087844849
          ],
          "coordinate_mean_pre": [
            0.34922295808792114,
            1.3177663087844849
          ],
          "coordinate_mean_post": [
            1.3177661895751953,
            0.3492230772972107
          ],
          "swap_max_abs_error": 4.76837158203125e-07
        },
        "19": {
          "coordinate_abs_mean_pre": [
            1.688312292098999,
            0.5498108863830566
          ],
          "coordinate_mean_pre": [
            1.688312292098999,
            0.37730926275253296
          ],
          "coordinate_mean_post": [
            0.37730857729911804,
            1.688312292098999
          ],
          "swap_max_abs_error": 1.2814998626708984e-06
        },
        "20": {
          "coordinate_abs_mean_pre": [
            0.8250917196273804,
            1.5814638137817383
          ],
          "coordinate_mean_pre": [
            0.780785083770752,
            1.5814638137817383
          ],
          "coordinate_mean_post": [
            1.5814634561538696,
            0.7807850241661072
          ],
          "swap_max_abs_error": 1.430511474609375e-06
        },
        "21": {
          "coordinate_abs_mean_pre": [
            1.6078169345855713,
            0.9366073608398438
          ],
          "coordinate_mean_pre": [
            1.6078169345855713,
            0.8687683343887329
          ],
          "coordinate_mean_post": [
            0.8687680959701538,
            1.6078171730041504
          ],
          "swap_max_abs_error": 9.5367431640625e-07
        },
        "22": {
          "coordinate_abs_mean_pre": [
            1.1339852809906006,
            1.8235368728637695
          ],
          "coordinate_mean_pre": [
            1.0647914409637451,
            1.8235368728637695
          ],
          "coordinate_mean_post": [
            1.823536992073059,
            1.0647915601730347
          ],
          "swap_max_abs_error": 7.748603820800781e-07
        },
        "23": {
          "coordinate_abs_mean_pre": [
            2.734846830368042,
            1.170259714126587
          ],
          "coordinate_mean_pre": [
            2.734846830368042,
            1.0677568912506104
          ],
          "coordinate_mean_post": [
            1.0677564144134521,
            2.7348475456237793
          ],
          "swap_max_abs_error": 3.337860107421875e-06
        },
        "24": {
          "coordinate_abs_mean_pre": [
            1.665174961090088,
            3.0505876541137695
          ],
          "coordinate_mean_pre": [
            1.5849096775054932,
            3.0505876541137695
          ],
          "coordinate_mean_post": [
            3.0505878925323486,
            1.584909439086914
          ],
          "swap_max_abs_error": 9.5367431640625e-07
        },
        "25": {
          "coordinate_abs_mean_pre": [
            3.8876547813415527,
            1.322718620300293
          ],
          "coordinate_mean_pre": [
            3.8876547813415527,
            1.2716195583343506
          ],
          "coordinate_mean_post": [
            1.2716196775436401,
            3.8876545429229736
          ],
          "swap_max_abs_error": 1.9073486328125e-06
        },
        "26": {
          "coordinate_abs_mean_pre": [
            1.3641016483306885,
            3.5966243743896484
          ],
          "coordinate_mean_pre": [
            1.3102149963378906,
            3.592283248901367
          ],
          "coordinate_mean_post": [
            3.5922837257385254,
            1.3102145195007324
          ],
          "swap_max_abs_error": 1.9073486328125e-06
        },
        "27": {
          "coordinate_abs_mean_pre": [
            3.94453763961792,
            1.50534987449646
          ],
          "coordinate_mean_pre": [
            3.94453763961792,
            1.50534987449646
          ],
          "coordinate_mean_post": [
            1.505350112915039,
            3.9445366859436035
          ],
          "swap_max_abs_error": 1.9073486328125e-06
        },
        "28": {
          "coordinate_abs_mean_pre": [
            2.006751537322998,
            4.885343074798584
          ],
          "coordinate_mean_pre": [
            2.006751537322998,
            4.885343074798584
          ],
          "coordinate_mean_post": [
            4.885343551635742,
            2.00675106048584
          ],
          "swap_max_abs_error": 2.384185791015625e-06
        },
        "29": {
          "coordinate_abs_mean_pre": [
            6.185984134674072,
            2.333975315093994
          ],
          "coordinate_mean_pre": [
            6.185984134674072,
            2.333975315093994
          ],
          "coordinate_mean_post": [
            2.333975315093994,
            6.185983657836914
          ],
          "swap_max_abs_error": 1.9073486328125e-06
        },
        "30": {
          "coordinate_abs_mean_pre": [
            2.2184085845947266,
            7.287802696228027
          ],
          "coordinate_mean_pre": [
            2.2184085845947266,
            7.287802696228027
          ],
          "coordinate_mean_post": [
            7.287802696228027,
            2.2184088230133057
          ],
          "swap_max_abs_error": 1.9073486328125e-06
        }
      },
      "provenance": {
        "lens_file": "/__modal/volumes/vo-UTqV2w7ZVWoNtNbbwwfTeq/hf/hub/models--neuronpedia--jacobian-lens/snapshots/16a01f309fcec900fdcec3f4cd5b64f3d00e4d5a/qwen3.5-4b/jlens/Salesforce-wikitext/Qwen3.5-4B_jacobian_lens_n1000.pt",
        "lens_sha256": "1f9a8f8fd593f0ffec1a9640993257ca4560f8ae3e5602315643d5cc6818534e",
        "source_id": 6650,
        "target_id": 14437
      }
    },
    {
      "kind": "intervention",
      "source": "Canada",
      "target": "Egypt",
      "source_answer": "Ottawa",
      "target_answer": "Cairo",
      "band": "reference_fraction",
      "layers": [
        9,
        30
      ],
      "operator": "raw_exchange",
      "alpha": 2.0,
      "text": " Canada Canada Canada Canada Canada Canada",
      "first_token": 6650,
      "hit_target": false,
      "stayed_source": false,
      "baseline_ok": true,
      "hook_calls": {
        "9": 1,
        "10": 1,
        "11": 1,
        "12": 1,
        "13": 1,
        "14": 1,
        "15": 1,
        "16": 1,
        "17": 1,
        "18": 1,
        "19": 1,
        "20": 1,
        "21": 1,
        "22": 1,
        "23": 1,
        "24": 1,
        "25": 1,
        "26": 1,
        "27": 1,
        "28": 1,
        "29": 1,
        "30": 1
      },
      "layer_geometry": {
        "9": {
          "raw_norms": [
            0.7754276990890503,
            0.7282156944274902
          ],
          "unit_cosine": 0.40403199195861816
        },
        "10": {
          "raw_norms": [
            0.8181906938552856,
            0.7612742185592651
          ],
          "unit_cosine": 0.41160649061203003
        },
        "11": {
          "raw_norms": [
            0.8938294053077698,
            0.8163343071937561
          ],
          "unit_cosine": 0.4278516471385956
        },
        "12": {
          "raw_norms": [
            0.9413021802902222,
            0.8598278760910034
          ],
          "unit_cosine": 0.44697147607803345
        },
        "13": {
          "raw_norms": [
            0.9814013838768005,
            0.895899772644043
          ],
          "unit_cosine": 0.46633750200271606
        },
        "14": {
          "raw_norms": [
            0.9960064888000488,
            0.9120956063270569
          ],
          "unit_cosine": 0.4756808578968048
        },
        "15": {
          "raw_norms": [
            1.0245786905288696,
            0.9396476149559021
          ],
          "unit_cosine": 0.4889812171459198
        },
        "16": {
          "raw_norms": [
            1.025071620941162,
            0.9254733324050903
          ],
          "unit_cosine": 0.5228548645973206
        },
        "17": {
          "raw_norms": [
            1.0686894655227661,
            0.9439606070518494
          ],
          "unit_cosine": 0.5457711219787598
        },
        "18": {
          "raw_norms": [
            0.9736694097518921,
            0.8932512402534485
          ],
          "unit_cosine": 0.4976111054420471
        },
        "19": {
          "raw_norms": [
            0.900438129901886,
            0.8362836241722107
          ],
          "unit_cosine": 0.49202755093574524
        },
        "20": {
          "raw_norms": [
            0.8966621160507202,
            0.8302111029624939
          ],
          "unit_cosine": 0.494099497795105
        },
        "21": {
          "raw_norms": [
            0.904691755771637,
            0.8516377210617065
          ],
          "unit_cosine": 0.4579753875732422
        },
        "22": {
          "raw_norms": [
            0.9272667765617371,
            0.8753331899642944
          ],
          "unit_cosine": 0.42462873458862305
        },
        "23": {
          "raw_norms": [
            0.9357242584228516,
            0.8637674450874329
          ],
          "unit_cosine": 0.4329530596733093
        },
        "24": {
          "raw_norms": [
            0.9309875965118408,
            0.8970314860343933
          ],
          "unit_cosine": 0.4029037356376648
        },
        "25": {
          "raw_norms": [
            0.9552674293518066,
            0.9342299103736877
          ],
          "unit_cosine": 0.36799582839012146
        },
        "26": {
          "raw_norms": [
            0.9921653270721436,
            0.9756379723548889
          ],
          "unit_cosine": 0.3517686426639557
        },
        "27": {
          "raw_norms": [
            0.9789623618125916,
            0.965739369392395
          ],
          "unit_cosine": 0.3525131046772003
        },
        "28": {
          "raw_norms": [
            0.9136409163475037,
            0.8935139775276184
          ],
          "unit_cosine": 0.33978843688964844
        },
        "29": {
          "raw_norms": [
            0.7842392325401306,
            0.7465522289276123
          ],
          "unit_cosine": 0.4162614345550537
        },
        "30": {
          "raw_norms": [
            0.718264102935791,
            0.6872096061706543
          ],
          "unit_cosine": 0.43855321407318115
        }
      },
      "layer_measurements": {
        "9": {
          "coordinate_abs_mean_pre": [
            1.3059066534042358,
            0.4138435423374176
          ],
          "coordinate_mean_pre": [
            1.3059066534042358,
            0.1932363212108612
          ],
          "coordinate_mean_post": [
            -0.9194338917732239,
            2.418576717376709
          ],
          "swap_max_abs_error": 1.430511474609375e-06
        },
        "10": {
          "coordinate_abs_mean_pre": [
            1.3961904048919678,
            2.405137062072754
          ],
          "coordinate_mean_pre": [
            -0.7846035957336426,
            2.3323585987091064
          ],
          "coordinate_mean_post": [
            5.449319839477539,
            -3.9015655517578125
          ],
          "swap_max_abs_error": 3.814697265625e-06
        },
        "11": {
          "coordinate_abs_mean_pre": [
            5.416866302490234,
            4.596061706542969
          ],
          "coordinate_mean_pre": [
            4.8635478019714355,
            -3.6494252681732178
          ],
          "coordinate_mean_post": [
            -12.162403106689453,
            13.376519203186035
          ],
          "swap_max_abs_error": 2.6702880859375e-05
        },
        "12": {
          "coordinate_abs_mean_pre": [
            13.435028076171875,
            14.330965042114258
          ],
          "coordinate_mean_pre": [
            -11.146818161010742,
            12.438396453857422
          ],
          "coordinate_mean_post": [
            36.02362060546875,
            -34.73204040527344
          ],
          "swap_max_abs_error": 3.0517578125e-05
        },
        "13": {
          "coordinate_abs_mean_pre": [
            39.921669006347656,
            39.52764129638672
          ],
          "coordinate_mean_pre": [
            34.156333923339844,
            -33.335689544677734
          ],
          "coordinate_mean_post": [
            -100.82771301269531,
            101.64837646484375
          ],
          "swap_max_abs_error": 9.1552734375e-05
        },
        "14": {
          "coordinate_abs_mean_pre": [
            114.75132751464844,
            116.19371032714844
          ],
          "coordinate_mean_pre": [
            -97.33147430419922,
            98.93673706054688
          ],
          "coordinate_mean_post": [
            295.2049560546875,
            -293.59967041015625
          ],
          "swap_max_abs_error": 0.0001220703125
        },
        "15": {
          "coordinate_abs_mean_pre": [
            335.25030517578125,
            334.74078369140625
          ],
          "coordinate_mean_pre": [
            285.0802307128906,
            -284.4208679199219
          ],
          "coordinate_mean_post": [
            -853.9224853515625,
            854.58154296875
          ],
          "swap_max_abs_error": 0.002197265625
        },
        "16": {
          "coordinate_abs_mean_pre": [
            1009.0899658203125,
            1020.8994140625
          ],
          "coordinate_mean_pre": [
            -857.6436157226562,
            868.0110473632812
          ],
          "coordinate_mean_post": [
            2593.665771484375,
            -2583.298583984375
          ],
          "swap_max_abs_error": 0.000732421875
        },
        "17": {
          "coordinate_abs_mean_pre": [
            2903.82958984375,
            2967.724609375
          ],
          "coordinate_mean_pre": [
            2468.482421875,
            -2522.48828125
          ],
          "coordinate_mean_post": [
            -7513.45947265625,
            7459.4521484375
          ],
          "swap_max_abs_error": 0.0078125
        },
        "18": {
          "coordinate_abs_mean_pre": [
            8720.818359375,
            8363.609375
          ],
          "coordinate_mean_pre": [
            -7412.6591796875,
            7109.21484375
          ],
          "coordinate_mean_post": [
            21631.08984375,
            -21934.529296875
          ],
          "swap_max_abs_error": 0.0234375
        },
        "19": {
          "coordinate_abs_mean_pre": [
            24819.79296875,
            24686.69921875
          ],
          "coordinate_mean_pre": [
            21096.775390625,
            -20983.015625
          ],
          "coordinate_mean_post": [
            -63062.8359375,
            63176.5703125
          ],
          "swap_max_abs_error": 0.109375
        },
        "20": {
          "coordinate_abs_mean_pre": [
            71337.140625,
            71835.046875
          ],
          "coordinate_mean_pre": [
            -60635.9609375,
            61059.50390625
          ],
          "coordinate_mean_post": [
            182754.953125,
            -182331.375
          ],
          "swap_max_abs_error": 0.25
        },
        "21": {
          "coordinate_abs_mean_pre": [
            199912.390625,
            196774.578125
          ],
          "coordinate_mean_pre": [
            169927.703125,
            -167257.96875
          ],
          "coordinate_mean_post": [
            -504443.75,
            507113.5625
          ],
          "swap_max_abs_error": 0.625
        },
        "22": {
          "coordinate_abs_mean_pre": [
            545356.75,
            543681.1875
          ],
          "coordinate_mean_pre": [
            -463542.625,
            462129.0625
          ],
          "coordinate_mean_post": [
            1387800.375,
            -1389214.0
          ],
          "swap_max_abs_error": 1.0
        },
        "23": {
          "coordinate_abs_mean_pre": [
            1566097.25,
            1573896.875
          ],
          "coordinate_mean_pre": [
            1331179.0,
            -1337818.875
          ],
          "coordinate_mean_post": [
            -4006818.0,
            4000178.0
          ],
          "swap_max_abs_error": 5.0
        },
        "24": {
          "coordinate_abs_mean_pre": [
            4466687.0,
            4306964.0
          ],
          "coordinate_mean_pre": [
            -3796653.0,
            3660930.5
          ],
          "coordinate_mean_post": [
            11118518.0,
            -11254238.0
          ],
          "swap_max_abs_error": 12.0
        },
        "25": {
          "coordinate_abs_mean_pre": [
            12080409.0,
            12108264.0
          ],
          "coordinate_mean_pre": [
            10268474.0,
            -10292244.0
          ],
          "coordinate_mean_post": [
            -30852956.0,
            30829188.0
          ],
          "swap_max_abs_error": 16.0
        },
        "26": {
          "coordinate_abs_mean_pre": [
            33787060.0,
            33504900.0
          ],
          "coordinate_mean_pre": [
            -28719890.0,
            28479724.0
          ],
          "coordinate_mean_post": [
            85679360.0,
            -85919536.0
          ],
          "swap_max_abs_error": 160.0
        },
        "27": {
          "coordinate_abs_mean_pre": [
            99986224.0,
            99735680.0
          ],
          "coordinate_mean_pre": [
            84989888.0,
            -84776520.0
          ],
          "coordinate_mean_post": [
            -254542880.0,
            254756192.0
          ],
          "swap_max_abs_error": 320.0
        },
        "28": {
          "coordinate_abs_mean_pre": [
            313468416.0,
            315530976.0
          ],
          "coordinate_mean_pre": [
            -266456960.0,
            268210208.0
          ],
          "coordinate_mean_post": [
            802877568.0,
            -801124352.0
          ],
          "swap_max_abs_error": 768.0
        },
        "29": {
          "coordinate_abs_mean_pre": [
            1133153664.0,
            1137580800.0
          ],
          "coordinate_mean_pre": [
            963206912.0,
            -966967296.0
          ],
          "coordinate_mean_post": [
            -2897142272.0,
            2893380608.0
          ],
          "swap_max_abs_error": 4096.0
        },
        "30": {
          "coordinate_abs_mean_pre": [
            3692940288.0,
            3699528704.0
          ],
          "coordinate_mean_pre": [
            -3139057920.0,
            3144701952.0
          ],
          "coordinate_mean_post": [
            9428461568.0,
            -9422816256.0
          ],
          "swap_max_abs_error": 4096.0
        }
      },
      "provenance": {
        "lens_file": "/__modal/volumes/vo-UTqV2w7ZVWoNtNbbwwfTeq/hf/hub/models--neuronpedia--jacobian-lens/snapshots/16a01f309fcec900fdcec3f4cd5b64f3d00e4d5a/qwen3.5-4b/jlens/Salesforce-wikitext/Qwen3.5-4B_jacobian_lens_n1000.pt",
        "lens_sha256": "1f9a8f8fd593f0ffec1a9640993257ca4560f8ae3e5602315643d5cc6818534e",
        "source_id": 6650,
        "target_id": 14437
      }
    },
    {
      "kind": "intervention",
      "source": "Canada",
      "target": "Egypt",
      "source_answer": "Ottawa",
      "target_answer": "Cairo",
      "band": "reference_fraction",
      "layers": [
        9,
        30
      ],
      "operator": "raw_exchange",
      "alpha": 4.0,
      "text": " Canada Canada Canada Canada Canada Canada",
      "first_token": 6650,
      "hit_target": false,
      "stayed_source": false,
      "baseline_ok": true,
      "hook_calls": {
        "9": 1,
        "10": 1,
        "11": 1,
        "12": 1,
        "13": 1,
        "14": 1,
        "15": 1,
        "16": 1,
        "17": 1,
        "18": 1,
        "19": 1,
        "20": 1,
        "21": 1,
        "22": 1,
        "23": 1,
        "24": 1,
        "25": 1,
        "26": 1,
        "27": 1,
        "28": 1,
        "29": 1,
        "30": 1
      },
      "layer_geometry": {
        "9": {
          "raw_norms": [
            0.7754276990890503,
            0.7282156944274902
          ],
          "unit_cosine": 0.40403199195861816
        },
        "10": {
          "raw_norms": [
            0.8181906938552856,
            0.7612742185592651
          ],
          "unit_cosine": 0.41160649061203003
        },
        "11": {
          "raw_norms": [
            0.8938294053077698,
            0.8163343071937561
          ],
          "unit_cosine": 0.4278516471385956
        },
        "12": {
          "raw_norms": [
            0.9413021802902222,
            0.8598278760910034
          ],
          "unit_cosine": 0.44697147607803345
        },
        "13": {
          "raw_norms": [
            0.9814013838768005,
            0.895899772644043
          ],
          "unit_cosine": 0.46633750200271606
        },
        "14": {
          "raw_norms": [
            0.9960064888000488,
            0.9120956063270569
          ],
          "unit_cosine": 0.4756808578968048
        },
        "15": {
          "raw_norms": [
            1.0245786905288696,
            0.9396476149559021
          ],
          "unit_cosine": 0.4889812171459198
        },
        "16": {
          "raw_norms": [
            1.025071620941162,
            0.9254733324050903
          ],
          "unit_cosine": 0.5228548645973206
        },
        "17": {
          "raw_norms": [
            1.0686894655227661,
            0.9439606070518494
          ],
          "unit_cosine": 0.5457711219787598
        },
        "18": {
          "raw_norms": [
            0.9736694097518921,
            0.8932512402534485
          ],
          "unit_cosine": 0.4976111054420471
        },
        "19": {
          "raw_norms": [
            0.900438129901886,
            0.8362836241722107
          ],
          "unit_cosine": 0.49202755093574524
        },
        "20": {
          "raw_norms": [
            0.8966621160507202,
            0.8302111029624939
          ],
          "unit_cosine": 0.494099497795105
        },
        "21": {
          "raw_norms": [
            0.904691755771637,
            0.8516377210617065
          ],
          "unit_cosine": 0.4579753875732422
        },
        "22": {
          "raw_norms": [
            0.9272667765617371,
            0.8753331899642944
          ],
          "unit_cosine": 0.42462873458862305
        },
        "23": {
          "raw_norms": [
            0.9357242584228516,
            0.8637674450874329
          ],
          "unit_cosine": 0.4329530596733093
        },
        "24": {
          "raw_norms": [
            0.9309875965118408,
            0.8970314860343933
          ],
          "unit_cosine": 0.4029037356376648
        },
        "25": {
          "raw_norms": [
            0.9552674293518066,
            0.9342299103736877
          ],
          "unit_cosine": 0.36799582839012146
        },
        "26": {
          "raw_norms": [
            0.9921653270721436,
            0.9756379723548889
          ],
          "unit_cosine": 0.3517686426639557
        },
        "27": {
          "raw_norms": [
            0.9789623618125916,
            0.965739369392395
          ],
          "unit_cosine": 0.3525131046772003
        },
        "28": {
          "raw_norms": [
            0.9136409163475037,
            0.8935139775276184
          ],
          "unit_cosine": 0.33978843688964844
        },
        "29": {
          "raw_norms": [
            0.7842392325401306,
            0.7465522289276123
          ],
          "unit_cosine": 0.4162614345550537
        },
        "30": {
          "raw_norms": [
            0.718264102935791,
            0.6872096061706543
          ],
          "unit_cosine": 0.43855321407318115
        }
      },
      "layer_measurements": {
        "9": {
          "coordinate_abs_mean_pre": [
            1.3059066534042358,
            0.4138435423374176
          ],
          "coordinate_mean_pre": [
            1.3059066534042358,
            0.1932363212108612
          ],
          "coordinate_mean_post": [
            -3.1447744369506836,
            4.643918037414551
          ],
          "swap_max_abs_error": 1.9073486328125e-06
        },
        "10": {
          "coordinate_abs_mean_pre": [
            3.6048030853271484,
            4.7706708908081055
          ],
          "coordinate_mean_pre": [
            -2.7302162647247314,
            4.310860633850098
          ],
          "coordinate_mean_post": [
            25.434085845947266,
            -23.853443145751953
          ],
          "swap_max_abs_error": 1.52587890625e-05
        },
        "11": {
          "coordinate_abs_mean_pre": [
            27.481067657470703,
            27.11251449584961
          ],
          "coordinate_mean_pre": [
            23.365814208984375,
            -22.51798439025879
          ],
          "coordinate_mean_post": [
            -160.16940307617188,
            161.0172119140625
          ],
          "swap_max_abs_error": 6.103515625e-05
        },
        "12": {
          "coordinate_abs_mean_pre": [
            177.85247802734375,
            178.30764770507812
          ],
          "coordinate_mean_pre": [
            -149.1272735595703,
            150.07113647460938
          ],
          "coordinate_mean_post": [
            1047.66650390625,
            -1046.72265625
          ],
          "swap_max_abs_error": 0.0009765625
        },
        "13": {
          "coordinate_abs_mean_pre": [
            1184.649658203125,
            1194.3157958984375
          ],
          "coordinate_mean_pre": [
            995.4944458007812,
            -1003.0909423828125
          ],
          "coordinate_mean_post": [
            -6998.84765625,
            6991.2529296875
          ],
          "swap_max_abs_error": 0.009765625
        },
        "14": {
          "coordinate_abs_mean_pre": [
            8042.25390625,
            8119.2724609375
          ],
          "coordinate_mean_pre": [
            -6755.9912109375,
            6821.306640625
          ],
          "coordinate_mean_post": [
            47553.203125,
            -47487.8828125
          ],
          "swap_max_abs_error": 0.015625
        },
        "15": {
          "coordinate_abs_mean_pre": [
            54440.8828125,
            54498.1640625
          ],
          "coordinate_mean_pre": [
            45734.4453125,
            -45781.90625
          ],
          "coordinate_mean_post": [
            -320331.15625,
            320283.5625
          ],
          "swap_max_abs_error": 0.875
        },
        "16": {
          "coordinate_abs_mean_pre": [
            383280.65625,
            387443.53125
          ],
          "coordinate_mean_pre": [
            -321983.59375,
            325479.34375
          ],
          "coordinate_mean_post": [
            2267868.0,
            -2264372.5
          ],
          "swap_max_abs_error": 1.0
        },
        "17": {
          "coordinate_abs_mean_pre": [
            2568911.0,
            2633849.5
          ],
          "coordinate_mean_pre": [
            2158076.0,
            -2212644.25
          ],
          "coordinate_mean_post": [
            -15324808.0,
            15270238.0
          ],
          "swap_max_abs_error": 12.0
        },
        "18": {
          "coordinate_abs_mean_pre": [
            17994136.0,
            17333442.0
          ],
          "coordinate_mean_pre": [
            -15116375.0,
            14561522.0
          ],
          "coordinate_mean_post": [
            103595232.0,
            -104150064.0
          ],
          "swap_max_abs_error": 96.0
        },
        "19": {
          "coordinate_abs_mean_pre": [
            120282008.0,
            118373648.0
          ],
          "coordinate_mean_pre": [
            101046384.0,
            -99445848.0
          ],
          "coordinate_mean_post": [
            -700922880.0,
            702523008.0
          ],
          "swap_max_abs_error": 1792.0
        },
        "20": {
          "coordinate_abs_mean_pre": [
            801218560.0,
            807067904.0
          ],
          "coordinate_mean_pre": [
            -673113216.0,
            678017280.0
          ],
          "coordinate_mean_post": [
            4731407360.0,
            -4726503424.0
          ],
          "swap_max_abs_error": 4096.0
        },
        "21": {
          "coordinate_abs_mean_pre": [
            5237050368.0,
            5162896384.0
          ],
          "coordinate_mean_pre": [
            4399727104.0,
            -4337528832.0
          ],
          "coordinate_mean_post": [
            -30549303296.0,
            30611499008.0
          ],
          "swap_max_abs_error": 24576.0
        },
        "22": {
          "coordinate_abs_mean_pre": [
            33408118784.0,
            33193922560.0
          ],
          "coordinate_mean_pre": [
            -28067340288.0,
            27887456256.0
          ],
          "coordinate_mean_post": [
            195751837696.0,
            -195931717632.0
          ],
          "swap_max_abs_error": 131072.0
        },
        "23": {
          "coordinate_abs_mean_pre": [
            223574589440.0,
            224678215680.0
          ],
          "coordinate_mean_pre": [
            187831615488.0,
            -188759900160.0
          ],
          "coordinate_mean_post": [
            -1318534774784.0,
            1317606522880.0
          ],
          "swap_max_abs_error": 1048576.0
        },
        "24": {
          "coordinate_abs_mean_pre": [
            1489741283328.0,
            1437614866432.0
          ],
          "coordinate_mean_pre": [
            -1251563274240.0,
            1207780507648.0
          ],
          "coordinate_mean_post": [
            8585815785472.0,
            -8629596454912.0
          ],
          "swap_max_abs_error": 14680064.0
        },
        "25": {
          "coordinate_abs_mean_pre": [
            9444390862848.0,
            9398869032960.0
          ],
          "coordinate_mean_pre": [
            7934488608768.0,
            -7896195661824.0
          ],
          "coordinate_mean_post": [
            -55388242182144.0,
            55426527789056.0
          ],
          "swap_max_abs_error": 50331648.0
        },
        "26": {
          "coordinate_abs_mean_pre": [
            61426261557248.0,
            60997230395392.0
          ],
          "coordinate_mean_pre": [
            -51605600731136.0,
            51245427458048.0
          ],
          "coordinate_mean_post": [
            359798604300288.0,
            -360158777573376.0
          ],
          "swap_max_abs_error": 402653184.0
        },
        "27": {
          "coordinate_abs_mean_pre": [
            425102239858688.0,
            423051392974848.0
          ],
          "coordinate_mean_pre": [
            357137200971776.0,
            -355413912453120.0
          ],
          "coordinate_mean_post": [
            -2493066917183488.0,
            2494789735940096.0
          ],
          "swap_max_abs_error": 3221225472.0
        },
        "28": {
          "coordinate_abs_mean_pre": [
            3104826758004736.0,
            3128059041415168.0
          ],
          "coordinate_mean_pre": [
            -2608444234268672.0,
            2627962176274432.0
          ],
          "coordinate_mean_post": [
            1.833718248164557e+16,
            -1.8317666150252544e+16
          ],
          "swap_max_abs_error": 12884901888.0
        },
        "29": {
          "coordinate_abs_mean_pre": [
            2.622479113650176e+16,
            2.637300831040307e+16
          ],
          "coordinate_mean_pre": [
            2.2032383364562944e+16,
            -2.215708344503501e+16
          ],
          "coordinate_mean_post": [
            -1.5472550964363264e+17,
            1.546007666134876e+17
          ],
          "swap_max_abs_error": 68719476736.0
        },
        "30": {
          "coordinate_abs_mean_pre": [
            1.997843895030907e+17,
            2.001884084866908e+17
          ],
          "coordinate_mean_pre": [
            -1.678459131784069e+17,
            1.681870710206628e+17
          ],
          "coordinate_mean_post": [
            1.1762859892581335e+18,
            -1.1759447283366625e+18
          ],
          "swap_max_abs_error": 824633720832.0
        }
      },
      "provenance": {
        "lens_file": "/__modal/volumes/vo-UTqV2w7ZVWoNtNbbwwfTeq/hf/hub/models--neuronpedia--jacobian-lens/snapshots/16a01f309fcec900fdcec3f4cd5b64f3d00e4d5a/qwen3.5-4b/jlens/Salesforce-wikitext/Qwen3.5-4B_jacobian_lens_n1000.pt",
        "lens_sha256": "1f9a8f8fd593f0ffec1a9640993257ca4560f8ae3e5602315643d5cc6818534e",
        "source_id": 6650,
        "target_id": 14437
      }
    },
    {
      "kind": "intervention",
      "source": "Canada",
      "target": "Egypt",
      "source_answer": "Ottawa",
      "target_answer": "Cairo",
      "band": "reference_fraction",
      "layers": [
        9,
        30
      ],
      "operator": "unit_exchange",
      "alpha": 1.0,
      "text": " Ottawa.\nA. True",
      "first_token": 31106,
      "hit_target": false,
      "stayed_source": true,
      "baseline_ok": true,
      "hook_calls": {
        "9": 1,
        "10": 1,
        "11": 1,
        "12": 1,
        "13": 1,
        "14": 1,
        "15": 1,
        "16": 1,
        "17": 1,
        "18": 1,
        "19": 1,
        "20": 1,
        "21": 1,
        "22": 1,
        "23": 1,
        "24": 1,
        "25": 1,
        "26": 1,
        "27": 1,
        "28": 1,
        "29": 1,
        "30": 1
      },
      "layer_geometry": {
        "9": {
          "raw_norms": [
            0.7754276990890503,
            0.7282156944274902
          ],
          "unit_cosine": 0.40403199195861816
        },
        "10": {
          "raw_norms": [
            0.8181906938552856,
            0.7612742185592651
          ],
          "unit_cosine": 0.41160649061203003
        },
        "11": {
          "raw_norms": [
            0.8938294053077698,
            0.8163343071937561
          ],
          "unit_cosine": 0.4278516471385956
        },
        "12": {
          "raw_norms": [
            0.9413021802902222,
            0.8598278760910034
          ],
          "unit_cosine": 0.44697147607803345
        },
        "13": {
          "raw_norms": [
            0.9814013838768005,
            0.895899772644043
          ],
          "unit_cosine": 0.46633750200271606
        },
        "14": {
          "raw_norms": [
            0.9960064888000488,
            0.9120956063270569
          ],
          "unit_cosine": 0.4756808578968048
        },
        "15": {
          "raw_norms": [
            1.0245786905288696,
            0.9396476149559021
          ],
          "unit_cosine": 0.4889812171459198
        },
        "16": {
          "raw_norms": [
            1.025071620941162,
            0.9254733324050903
          ],
          "unit_cosine": 0.5228548645973206
        },
        "17": {
          "raw_norms": [
            1.0686894655227661,
            0.9439606070518494
          ],
          "unit_cosine": 0.5457711219787598
        },
        "18": {
          "raw_norms": [
            0.9736694097518921,
            0.8932512402534485
          ],
          "unit_cosine": 0.4976111054420471
        },
        "19": {
          "raw_norms": [
            0.900438129901886,
            0.8362836241722107
          ],
          "unit_cosine": 0.49202755093574524
        },
        "20": {
          "raw_norms": [
            0.8966621160507202,
            0.8302111029624939
          ],
          "unit_cosine": 0.494099497795105
        },
        "21": {
          "raw_norms": [
            0.904691755771637,
            0.8516377210617065
          ],
          "unit_cosine": 0.4579753875732422
        },
        "22": {
          "raw_norms": [
            0.9272667765617371,
            0.8753331899642944
          ],
          "unit_cosine": 0.42462873458862305
        },
        "23": {
          "raw_norms": [
            0.9357242584228516,
            0.8637674450874329
          ],
          "unit_cosine": 0.4329530596733093
        },
        "24": {
          "raw_norms": [
            0.9309875965118408,
            0.8970314860343933
          ],
          "unit_cosine": 0.4029037356376648
        },
        "25": {
          "raw_norms": [
            0.9552674293518066,
            0.9342299103736877
          ],
          "unit_cosine": 0.36799582839012146
        },
        "26": {
          "raw_norms": [
            0.9921653270721436,
            0.9756379723548889
          ],
          "unit_cosine": 0.3517686426639557
        },
        "27": {
          "raw_norms": [
            0.9789623618125916,
            0.965739369392395
          ],
          "unit_cosine": 0.3525131046772003
        },
        "28": {
          "raw_norms": [
            0.9136409163475037,
            0.8935139775276184
          ],
          "unit_cosine": 0.33978843688964844
        },
        "29": {
          "raw_norms": [
            0.7842392325401306,
            0.7465522289276123
          ],
          "unit_cosine": 0.4162614345550537
        },
        "30": {
          "raw_norms": [
            0.718264102935791,
            0.6872096061706543
          ],
          "unit_cosine": 0.43855321407318115
        }
      },
      "layer_measurements": {
        "9": {
          "coordinate_abs_mean_pre": [
            1.012636423110962,
            0.30136746168136597
          ],
          "coordinate_mean_pre": [
            1.012636423110962,
            0.14071786403656006
          ],
          "coordinate_mean_post": [
            0.14071747660636902,
            1.012636661529541
          ],
          "swap_max_abs_error": 1.9371509552001953e-06
        },
        "10": {
          "coordinate_abs_mean_pre": [
            0.2882005274295807,
            1.0734668970108032
          ],
          "coordinate_mean_pre": [
            0.16108161211013794,
            1.0734668970108032
          ],
          "coordinate_mean_post": [
            1.0734667778015137,
            0.16108176112174988
          ],
          "swap_max_abs_error": 1.043081283569336e-06
        },
        "11": {
          "coordinate_abs_mean_pre": [
            1.0789192914962769,
            0.2878141403198242
          ],
          "coordinate_mean_pre": [
            1.0789192914962769,
            0.09639109671115875
          ],
          "coordinate_mean_post": [
            0.09639103710651398,
            1.0789191722869873
          ],
          "swap_max_abs_error": 4.76837158203125e-07
        },
        "12": {
          "coordinate_abs_mean_pre": [
            0.267180472612381,
            1.1103532314300537
          ],
          "coordinate_mean_pre": [
            0.16507579386234283,
            1.1103532314300537
          ],
          "coordinate_mean_post": [
            1.1103535890579224,
            0.16507567465305328
          ],
          "swap_max_abs_error": 9.5367431640625e-07
        },
        "13": {
          "coordinate_abs_mean_pre": [
            1.0387507677078247,
            0.2742622196674347
          ],
          "coordinate_mean_pre": [
            1.0387507677078247,
            0.18426743149757385
          ],
          "coordinate_mean_post": [
            0.18426740169525146,
            1.0387507677078247
          ],
          "swap_max_abs_error": 4.76837158203125e-07
        },
        "14": {
          "coordinate_abs_mean_pre": [
            0.339925616979599,
            1.0639824867248535
          ],
          "coordinate_mean_pre": [
            0.09837368130683899,
            1.0639824867248535
          ],
          "coordinate_mean_post": [
            1.0639827251434326,
            0.09837328642606735
          ],
          "swap_max_abs_error": 9.5367431640625e-07
        },
        "15": {
          "coordinate_abs_mean_pre": [
            1.1667805910110474,
            0.3612217605113983
          ],
          "coordinate_mean_pre": [
            1.1667805910110474,
            0.08403997123241425
          ],
          "coordinate_mean_post": [
            0.08403985947370529,
            1.1667805910110474
          ],
          "swap_max_abs_error": 5.662441253662109e-07
        },
        "16": {
          "coordinate_abs_mean_pre": [
            0.37395620346069336,
            1.209625005722046
          ],
          "coordinate_mean_pre": [
            0.16947129368782043,
            1.209625005722046
          ],
          "coordinate_mean_post": [
            1.209625005722046,
            0.16947123408317566
          ],
          "swap_max_abs_error": 4.76837158203125e-07
        },
        "17": {
          "coordinate_abs_mean_pre": [
            1.1997244358062744,
            0.39839857816696167
          ],
          "coordinate_mean_pre": [
            1.1997244358062744,
            0.17044979333877563
          ],
          "coordinate_mean_post": [
            0.17044949531555176,
            1.1997244358062744
          ],
          "swap_max_abs_error": 1.4901161193847656e-06
        },
        "18": {
          "coordinate_abs_mean_pre": [
            0.5244203209877014,
            1.278527021408081
          ],
          "coordinate_mean_pre": [
            0.3302046060562134,
            1.278527021408081
          ],
          "coordinate_mean_post": [
            1.2785272598266602,
            0.33020442724227905
          ],
          "swap_max_abs_error": 9.5367431640625e-07
        },
        "19": {
          "coordinate_abs_mean_pre": [
            1.5101536512374878,
            0.48089495301246643
          ],
          "coordinate_mean_pre": [
            1.5101536512374878,
            0.3355998396873474
          ],
          "coordinate_mean_post": [
            0.33559954166412354,
            1.5101537704467773
          ],
          "swap_max_abs_error": 1.1026859283447266e-06
        },
        "20": {
          "coordinate_abs_mean_pre": [
            0.7266254425048828,
            1.4155457019805908
          ],
          "coordinate_mean_pre": [
            0.690843403339386,
            1.4155457019805908
          ],
          "coordinate_mean_post": [
            1.41554594039917,
            0.6908434629440308
          ],
          "swap_max_abs_error": 5.960464477539062e-07
        },
        "21": {
          "coordinate_abs_mean_pre": [
            1.4512476921081543,
            0.8396610021591187
          ],
          "coordinate_mean_pre": [
            1.4512476921081543,
            0.7830265760421753
          ],
          "coordinate_mean_post": [
            0.7830265760421753,
            1.4512474536895752
          ],
          "swap_max_abs_error": 4.76837158203125e-07
        },
        "22": {
          "coordinate_abs_mean_pre": [
            1.0433900356292725,
            1.6743544340133667
          ],
          "coordinate_mean_pre": [
            0.9835814833641052,
            1.6743544340133667
          ],
          "coordinate_mean_post": [
            1.6743545532226562,
            0.9835817217826843
          ],
          "swap_max_abs_error": 7.152557373046875e-07
        },
        "23": {
          "coordinate_abs_mean_pre": [
            2.482694149017334,
            1.1046338081359863
          ],
          "coordinate_mean_pre": [
            2.482694149017334,
            1.0160924196243286
          ],
          "coordinate_mean_post": [
            1.0160915851593018,
            2.482694625854492
          ],
          "swap_max_abs_error": 2.2649765014648438e-06
        },
        "24": {
          "coordinate_abs_mean_pre": [
            1.5238852500915527,
            2.9243125915527344
          ],
          "coordinate_mean_pre": [
            1.4592430591583252,
            2.9243125915527344
          ],
          "coordinate_mean_post": [
            2.9243125915527344,
            1.4592432975769043
          ],
          "swap_max_abs_error": 8.344650268554688e-07
        },
        "25": {
          "coordinate_abs_mean_pre": [
            3.798278331756592,
            1.271815299987793
          ],
          "coordinate_mean_pre": [
            3.798278331756592,
            1.2320122718811035
          ],
          "coordinate_mean_post": [
            1.2320119142532349,
            3.798278331756592
          ],
          "swap_max_abs_error": 1.6689300537109375e-06
        },
        "26": {
          "coordinate_abs_mean_pre": [
            1.3558003902435303,
            3.6709470748901367
          ],
          "coordinate_mean_pre": [
            1.3108906745910645,
            3.6709470748901367
          ],
          "coordinate_mean_post": [
            3.670947313308716,
            1.3108904361724854
          ],
          "swap_max_abs_error": 1.1920928955078125e-06
        },
        "27": {
          "coordinate_abs_mean_pre": [
            3.974240303039551,
            1.4907402992248535
          ],
          "coordinate_mean_pre": [
            3.974240303039551,
            1.4907402992248535
          ],
          "coordinate_mean_post": [
            1.4907397031784058,
            3.97424054145813
          ],
          "swap_max_abs_error": 1.5497207641601562e-06
        },
        "28": {
          "coordinate_abs_mean_pre": [
            1.8464388847351074,
            4.541952133178711
          ],
          "coordinate_mean_pre": [
            1.8464388847351074,
            4.541952133178711
          ],
          "coordinate_mean_post": [
            4.541951656341553,
            1.8464394807815552
          ],
          "swap_max_abs_error": 1.9073486328125e-06
        },
        "29": {
          "coordinate_abs_mean_pre": [
            4.958871841430664,
            1.7965707778930664
          ],
          "coordinate_mean_pre": [
            4.958871841430664,
            1.7965707778930664
          ],
          "coordinate_mean_post": [
            1.7965703010559082,
            4.958871841430664
          ],
          "swap_max_abs_error": 1.2516975402832031e-06
        },
        "30": {
          "coordinate_abs_mean_pre": [
            1.5607243776321411,
            5.315586090087891
          ],
          "coordinate_mean_pre": [
            1.5607243776321411,
            5.315586090087891
          ],
          "coordinate_mean_post": [
            5.315586566925049,
            1.5607249736785889
          ],
          "swap_max_abs_error": 1.430511474609375e-06
        }
      },
      "provenance": {
        "lens_file": "/__modal/volumes/vo-UTqV2w7ZVWoNtNbbwwfTeq/hf/hub/models--neuronpedia--jacobian-lens/snapshots/16a01f309fcec900fdcec3f4cd5b64f3d00e4d5a/qwen3.5-4b/jlens/Salesforce-wikitext/Qwen3.5-4B_jacobian_lens_n1000.pt",
        "lens_sha256": "1f9a8f8fd593f0ffec1a9640993257ca4560f8ae3e5602315643d5cc6818534e",
        "source_id": 6650,
        "target_id": 14437
      }
    },
    {
      "kind": "intervention",
      "source": "Canada",
      "target": "Egypt",
      "source_answer": "Ottawa",
      "target_answer": "Cairo",
      "band": "reference_fraction",
      "layers": [
        9,
        30
      ],
      "operator": "unit_exchange",
      "alpha": 2.0,
      "text": " Canada Canada Canada Canada Canada Canada",
      "first_token": 6650,
      "hit_target": false,
      "stayed_source": false,
      "baseline_ok": true,
      "hook_calls": {
        "9": 1,
        "10": 1,
        "11": 1,
        "12": 1,
        "13": 1,
        "14": 1,
        "15": 1,
        "16": 1,
        "17": 1,
        "18": 1,
        "19": 1,
        "20": 1,
        "21": 1,
        "22": 1,
        "23": 1,
        "24": 1,
        "25": 1,
        "26": 1,
        "27": 1,
        "28": 1,
        "29": 1,
        "30": 1
      },
      "layer_geometry": {
        "9": {
          "raw_norms": [
            0.7754276990890503,
            0.7282156944274902
          ],
          "unit_cosine": 0.40403199195861816
        },
        "10": {
          "raw_norms": [
            0.8181906938552856,
            0.7612742185592651
          ],
          "unit_cosine": 0.41160649061203003
        },
        "11": {
          "raw_norms": [
            0.8938294053077698,
            0.8163343071937561
          ],
          "unit_cosine": 0.4278516471385956
        },
        "12": {
          "raw_norms": [
            0.9413021802902222,
            0.8598278760910034
          ],
          "unit_cosine": 0.44697147607803345
        },
        "13": {
          "raw_norms": [
            0.9814013838768005,
            0.895899772644043
          ],
          "unit_cosine": 0.46633750200271606
        },
        "14": {
          "raw_norms": [
            0.9960064888000488,
            0.9120956063270569
          ],
          "unit_cosine": 0.4756808578968048
        },
        "15": {
          "raw_norms": [
            1.0245786905288696,
            0.9396476149559021
          ],
          "unit_cosine": 0.4889812171459198
        },
        "16": {
          "raw_norms": [
            1.025071620941162,
            0.9254733324050903
          ],
          "unit_cosine": 0.5228548645973206
        },
        "17": {
          "raw_norms": [
            1.0686894655227661,
            0.9439606070518494
          ],
          "unit_cosine": 0.5457711219787598
        },
        "18": {
          "raw_norms": [
            0.9736694097518921,
            0.8932512402534485
          ],
          "unit_cosine": 0.4976111054420471
        },
        "19": {
          "raw_norms": [
            0.900438129901886,
            0.8362836241722107
          ],
          "unit_cosine": 0.49202755093574524
        },
        "20": {
          "raw_norms": [
            0.8966621160507202,
            0.8302111029624939
          ],
          "unit_cosine": 0.494099497795105
        },
        "21": {
          "raw_norms": [
            0.904691755771637,
            0.8516377210617065
          ],
          "unit_cosine": 0.4579753875732422
        },
        "22": {
          "raw_norms": [
            0.9272667765617371,
            0.8753331899642944
          ],
          "unit_cosine": 0.42462873458862305
        },
        "23": {
          "raw_norms": [
            0.9357242584228516,
            0.8637674450874329
          ],
          "unit_cosine": 0.4329530596733093
        },
        "24": {
          "raw_norms": [
            0.9309875965118408,
            0.8970314860343933
          ],
          "unit_cosine": 0.4029037356376648
        },
        "25": {
          "raw_norms": [
            0.9552674293518066,
            0.9342299103736877
          ],
          "unit_cosine": 0.36799582839012146
        },
        "26": {
          "raw_norms": [
            0.9921653270721436,
            0.9756379723548889
          ],
          "unit_cosine": 0.3517686426639557
        },
        "27": {
          "raw_norms": [
            0.9789623618125916,
            0.965739369392395
          ],
          "unit_cosine": 0.3525131046772003
        },
        "28": {
          "raw_norms": [
            0.9136409163475037,
            0.8935139775276184
          ],
          "unit_cosine": 0.33978843688964844
        },
        "29": {
          "raw_norms": [
            0.7842392325401306,
            0.7465522289276123
          ],
          "unit_cosine": 0.4162614345550537
        },
        "30": {
          "raw_norms": [
            0.718264102935791,
            0.6872096061706543
          ],
          "unit_cosine": 0.43855321407318115
        }
      },
      "layer_measurements": {
        "9": {
          "coordinate_abs_mean_pre": [
            1.012636423110962,
            0.30136746168136597
          ],
          "coordinate_mean_pre": [
            1.012636423110962,
            0.14071786403656006
          ],
          "coordinate_mean_post": [
            -0.7312012910842896,
            1.8845551013946533
          ],
          "swap_max_abs_error": 2.86102294921875e-06
        },
        "10": {
          "coordinate_abs_mean_pre": [
            1.1166753768920898,
            1.937713861465454
          ],
          "coordinate_mean_pre": [
            -0.6602194309234619,
            1.8913345336914062
          ],
          "coordinate_mean_post": [
            4.442887783050537,
            -3.211773157119751
          ],
          "swap_max_abs_error": 2.86102294921875e-06
        },
        "11": {
          "coordinate_abs_mean_pre": [
            4.787413597106934,
            3.9773197174072266
          ],
          "coordinate_mean_pre": [
            4.343718528747559,
            -3.2153592109680176
          ],
          "coordinate_mean_post": [
            -10.774438858032227,
            11.902795791625977
          ],
          "swap_max_abs_error": 1.1444091796875e-05
        },
        "12": {
          "coordinate_abs_mean_pre": [
            12.373729705810547,
            13.234137535095215
          ],
          "coordinate_mean_pre": [
            -10.425951957702637,
            11.634944915771484
          ],
          "coordinate_mean_post": [
            33.69584655761719,
            -32.486854553222656
          ],
          "swap_max_abs_error": 1.52587890625e-05
        },
        "13": {
          "coordinate_abs_mean_pre": [
            38.48303985595703,
            37.88249206542969
          ],
          "coordinate_mean_pre": [
            33.38045883178711,
            -32.41490173339844
          ],
          "coordinate_mean_post": [
            -98.21026611328125,
            99.17581176757812
          ],
          "swap_max_abs_error": 6.103515625e-05
        },
        "14": {
          "coordinate_abs_mean_pre": [
            112.053466796875,
            113.56352233886719
          ],
          "coordinate_mean_pre": [
            -96.41290283203125,
            98.06350708007812
          ],
          "coordinate_mean_post": [
            292.5400390625,
            -290.88946533203125
          ],
          "swap_max_abs_error": 0.0006103515625
        },
        "15": {
          "coordinate_abs_mean_pre": [
            337.4262390136719,
            336.21307373046875
          ],
          "coordinate_mean_pre": [
            291.0063781738281,
            -289.74737548828125
          ],
          "coordinate_mean_post": [
            -870.5010986328125,
            871.7599487304688
          ],
          "swap_max_abs_error": 0.0009765625
        },
        "16": {
          "coordinate_abs_mean_pre": [
            1018.86376953125,
            1008.1337280273438
          ],
          "coordinate_mean_pre": [
            -878.280029296875,
            869.343994140625
          ],
          "coordinate_mean_post": [
            2616.968505859375,
            -2625.904296875
          ],
          "swap_max_abs_error": 0.00390625
        },
        "17": {
          "coordinate_abs_mean_pre": [
            3021.6513671875,
            3022.56982421875
          ],
          "coordinate_mean_pre": [
            2605.08642578125,
            -2605.65576171875
          ],
          "coordinate_mean_post": [
            -7816.400390625,
            7815.828125
          ],
          "swap_max_abs_error": 0.013671875
        },
        "18": {
          "coordinate_abs_mean_pre": [
            8123.876953125,
            8183.56201171875
          ],
          "coordinate_mean_pre": [
            -7003.5458984375,
            7055.17919921875
          ],
          "coordinate_mean_post": [
            21113.91015625,
            -21062.2734375
          ],
          "swap_max_abs_error": 0.03125
        },
        "19": {
          "coordinate_abs_mean_pre": [
            22089.90234375,
            21903.90234375
          ],
          "coordinate_mean_pre": [
            19043.53515625,
            -18882.228515625
          ],
          "coordinate_mean_post": [
            -56808.015625,
            56969.296875
          ],
          "swap_max_abs_error": 0.078125
        },
        "20": {
          "coordinate_abs_mean_pre": [
            63086.88671875,
            63386.65625
          ],
          "coordinate_mean_pre": [
            -54385.0703125,
            54644.5234375
          ],
          "coordinate_mean_post": [
            163674.1875,
            -163414.6875
          ],
          "swap_max_abs_error": 0.3125
        },
        "21": {
          "coordinate_abs_mean_pre": [
            177722.53125,
            178615.90625
          ],
          "coordinate_mean_pre": [
            153212.5625,
            -153979.6875
          ],
          "coordinate_mean_post": [
            -461172.0,
            460404.75
          ],
          "swap_max_abs_error": 0.75
        },
        "22": {
          "coordinate_abs_mean_pre": [
            503381.5,
            500978.625
          ],
          "coordinate_mean_pre": [
            -433960.9375,
            431892.0625
          ],
          "coordinate_mean_post": [
            1297745.0,
            -1299813.75
          ],
          "swap_max_abs_error": 0.5
        },
        "23": {
          "coordinate_abs_mean_pre": [
            1458267.25,
            1434094.75
          ],
          "coordinate_mean_pre": [
            1257168.0,
            -1236326.0
          ],
          "coordinate_mean_post": [
            -3729822.0,
            3750662.5
          ],
          "swap_max_abs_error": 5.0
        },
        "24": {
          "coordinate_abs_mean_pre": [
            4068519.0,
            4138511.0
          ],
          "coordinate_mean_pre": [
            -3507473.0,
            3567850.0
          ],
          "coordinate_mean_post": [
            10643174.0,
            -10582793.0
          ],
          "swap_max_abs_error": 8.0
        },
        "25": {
          "coordinate_abs_mean_pre": [
            11691622.0,
            11696020.0
          ],
          "coordinate_mean_pre": [
            10079458.0,
            -10083184.0
          ],
          "coordinate_mean_post": [
            -30245824.0,
            30242104.0
          ],
          "swap_max_abs_error": 8.0
        },
        "26": {
          "coordinate_abs_mean_pre": [
            33912096.0,
            33850080.0
          ],
          "coordinate_mean_pre": [
            -29235408.0,
            29182282.0
          ],
          "coordinate_mean_post": [
            87599976.0,
            -87653104.0
          ],
          "swap_max_abs_error": 24.0
        },
        "27": {
          "coordinate_abs_mean_pre": [
            99463584.0,
            99306592.0
          ],
          "coordinate_mean_pre": [
            85748832.0,
            -85613032.0
          ],
          "coordinate_mean_post": [
            -256974992.0,
            257110720.0
          ],
          "swap_max_abs_error": 384.0
        },
        "28": {
          "coordinate_abs_mean_pre": [
            291203648.0,
            290534016.0
          ],
          "coordinate_mean_pre": [
            -251049904.0,
            250471072.0
          ],
          "coordinate_mean_post": [
            751992064.0,
            -752570624.0
          ],
          "swap_max_abs_error": 1280.0
        },
        "29": {
          "coordinate_abs_mean_pre": [
            899400064.0,
            879707648.0
          ],
          "coordinate_mean_pre": [
            775393408.0,
            -758409536.0
          ],
          "coordinate_mean_post": [
            -2292212736.0,
            2309196544.0
          ],
          "swap_max_abs_error": 1536.0
        },
        "30": {
          "coordinate_abs_mean_pre": [
            2643104256.0,
            2673523200.0
          ],
          "coordinate_mean_pre": [
            -2278688256.0,
            2304896768.0
          ],
          "coordinate_mean_post": [
            6888482816.0,
            -6862272000.0
          ],
          "swap_max_abs_error": 8192.0
        }
      },
      "provenance": {
        "lens_file": "/__modal/volumes/vo-UTqV2w7ZVWoNtNbbwwfTeq/hf/hub/models--neuronpedia--jacobian-lens/snapshots/16a01f309fcec900fdcec3f4cd5b64f3d00e4d5a/qwen3.5-4b/jlens/Salesforce-wikitext/Qwen3.5-4B_jacobian_lens_n1000.pt",
        "lens_sha256": "1f9a8f8fd593f0ffec1a9640993257ca4560f8ae3e5602315643d5cc6818534e",
        "source_id": 6650,
        "target_id": 14437
      }
    },
    {
      "kind": "intervention",
      "source": "Canada",
      "target": "Egypt",
      "source_answer": "Ottawa",
      "target_answer": "Cairo",
      "band": "reference_fraction",
      "layers": [
        9,
        30
      ],
      "operator": "unit_exchange",
      "alpha": 4.0,
      "text": " Canada Canada Canada Canada Canada Canada",
      "first_token": 6650,
      "hit_target": false,
      "stayed_source": false,
      "baseline_ok": true,
      "hook_calls": {
        "9": 1,
        "10": 1,
        "11": 1,
        "12": 1,
        "13": 1,
        "14": 1,
        "15": 1,
        "16": 1,
        "17": 1,
        "18": 1,
        "19": 1,
        "20": 1,
        "21": 1,
        "22": 1,
        "23": 1,
        "24": 1,
        "25": 1,
        "26": 1,
        "27": 1,
        "28": 1,
        "29": 1,
        "30": 1
      },
      "layer_geometry": {
        "9": {
          "raw_norms": [
            0.7754276990890503,
            0.7282156944274902
          ],
          "unit_cosine": 0.40403199195861816
        },
        "10": {
          "raw_norms": [
            0.8181906938552856,
            0.7612742185592651
          ],
          "unit_cosine": 0.41160649061203003
        },
        "11": {
          "raw_norms": [
            0.8938294053077698,
            0.8163343071937561
          ],
          "unit_cosine": 0.4278516471385956
        },
        "12": {
          "raw_norms": [
            0.9413021802902222,
            0.8598278760910034
          ],
          "unit_cosine": 0.44697147607803345
        },
        "13": {
          "raw_norms": [
            0.9814013838768005,
            0.895899772644043
          ],
          "unit_cosine": 0.46633750200271606
        },
        "14": {
          "raw_norms": [
            0.9960064888000488,
            0.9120956063270569
          ],
          "unit_cosine": 0.4756808578968048
        },
        "15": {
          "raw_norms": [
            1.0245786905288696,
            0.9396476149559021
          ],
          "unit_cosine": 0.4889812171459198
        },
        "16": {
          "raw_norms": [
            1.025071620941162,
            0.9254733324050903
          ],
          "unit_cosine": 0.5228548645973206
        },
        "17": {
          "raw_norms": [
            1.0686894655227661,
            0.9439606070518494
          ],
          "unit_cosine": 0.5457711219787598
        },
        "18": {
          "raw_norms": [
            0.9736694097518921,
            0.8932512402534485
          ],
          "unit_cosine": 0.4976111054420471
        },
        "19": {
          "raw_norms": [
            0.900438129901886,
            0.8362836241722107
          ],
          "unit_cosine": 0.49202755093574524
        },
        "20": {
          "raw_norms": [
            0.8966621160507202,
            0.8302111029624939
          ],
          "unit_cosine": 0.494099497795105
        },
        "21": {
          "raw_norms": [
            0.904691755771637,
            0.8516377210617065
          ],
          "unit_cosine": 0.4579753875732422
        },
        "22": {
          "raw_norms": [
            0.9272667765617371,
            0.8753331899642944
          ],
          "unit_cosine": 0.42462873458862305
        },
        "23": {
          "raw_norms": [
            0.9357242584228516,
            0.8637674450874329
          ],
          "unit_cosine": 0.4329530596733093
        },
        "24": {
          "raw_norms": [
            0.9309875965118408,
            0.8970314860343933
          ],
          "unit_cosine": 0.4029037356376648
        },
        "25": {
          "raw_norms": [
            0.9552674293518066,
            0.9342299103736877
          ],
          "unit_cosine": 0.36799582839012146
        },
        "26": {
          "raw_norms": [
            0.9921653270721436,
            0.9756379723548889
          ],
          "unit_cosine": 0.3517686426639557
        },
        "27": {
          "raw_norms": [
            0.9789623618125916,
            0.965739369392395
          ],
          "unit_cosine": 0.3525131046772003
        },
        "28": {
          "raw_norms": [
            0.9136409163475037,
            0.8935139775276184
          ],
          "unit_cosine": 0.33978843688964844
        },
        "29": {
          "raw_norms": [
            0.7842392325401306,
            0.7465522289276123
          ],
          "unit_cosine": 0.4162614345550537
        },
        "30": {
          "raw_norms": [
            0.718264102935791,
            0.6872096061706543
          ],
          "unit_cosine": 0.43855321407318115
        }
      },
      "layer_measurements": {
        "9": {
          "coordinate_abs_mean_pre": [
            1.012636423110962,
            0.30136746168136597
          ],
          "coordinate_mean_pre": [
            1.012636423110962,
            0.14071786403656006
          ],
          "coordinate_mean_post": [
            -2.475039005279541,
            3.628392457962036
          ],
          "swap_max_abs_error": 4.76837158203125e-06
        },
        "10": {
          "coordinate_abs_mean_pre": [
            2.9262986183166504,
            3.8447060585021973
          ],
          "coordinate_mean_pre": [
            -2.271416187286377,
            3.512479543685913
          ],
          "coordinate_mean_post": [
            20.864166259765625,
            -19.62310028076172
          ],
          "swap_max_abs_error": 7.62939453125e-06
        },
        "11": {
          "coordinate_abs_mean_pre": [
            24.311016082763672,
            23.513038635253906
          ],
          "coordinate_mean_pre": [
            20.981355667114258,
            -19.851346969604492
          ],
          "coordinate_mean_post": [
            -142.34945678710938,
            143.4794464111328
          ],
          "swap_max_abs_error": 0.0001220703125
        },
        "12": {
          "coordinate_abs_mean_pre": [
            164.31765747070312,
            164.5792694091797
          ],
          "coordinate_mean_pre": [
            -139.994140625,
            140.7127685546875
          ],
          "coordinate_mean_post": [
            982.8336181640625,
            -982.114990234375
          ],
          "swap_max_abs_error": 0.000732421875
        },
        "13": {
          "coordinate_abs_mean_pre": [
            1142.4534912109375,
            1146.7073974609375
          ],
          "coordinate_mean_pre": [
            975.3375244140625,
            -978.49755859375
          ],
          "coordinate_mean_post": [
            -6840.0029296875,
            6836.84228515625
          ],
          "swap_max_abs_error": 0.005859375
        },
        "14": {
          "coordinate_abs_mean_pre": [
            7867.7958984375,
            7939.95654296875
          ],
          "coordinate_mean_pre": [
            -6715.26171875,
            6777.1357421875
          ],
          "coordinate_mean_post": [
            47254.34375,
            -47192.47265625
          ],
          "swap_max_abs_error": 0.0625
        },
        "15": {
          "coordinate_abs_mean_pre": [
            54860.0546875,
            54816.3359375
          ],
          "coordinate_mean_pre": [
            46824.6171875,
            -46786.8203125
          ],
          "coordinate_mean_post": [
            -327621.15625,
            327658.9375
          ],
          "swap_max_abs_error": 0.09375
        },
        "16": {
          "coordinate_abs_mean_pre": [
            387555.125,
            383067.5625
          ],
          "coordinate_mean_pre": [
            -330778.09375,
            326948.5
          ],
          "coordinate_mean_post": [
            2300128.75,
            -2303958.5
          ],
          "swap_max_abs_error": 2.0
        },
        "17": {
          "coordinate_abs_mean_pre": [
            2682418.0,
            2680858.5
          ],
          "coordinate_mean_pre": [
            2289488.0,
            -2288151.5
          ],
          "coordinate_mean_post": [
            -16021075.0,
            16022406.0
          ],
          "swap_max_abs_error": 16.0
        },
        "18": {
          "coordinate_abs_mean_pre": [
            16813560.0,
            16951568.0
          ],
          "coordinate_mean_pre": [
            -14351000.0,
            14468448.0
          ],
          "coordinate_mean_post": [
            100926824.0,
            -100809360.0
          ],
          "swap_max_abs_error": 160.0
        },
        "19": {
          "coordinate_abs_mean_pre": [
            106603800.0,
            105719336.0
          ],
          "coordinate_mean_pre": [
            90987864.0,
            -90232392.0
          ],
          "coordinate_mean_post": [
            -633893376.0,
            634648640.0
          ],
          "swap_max_abs_error": 512.0
        },
        "20": {
          "coordinate_abs_mean_pre": [
            710049728.0,
            712280000.0
          ],
          "coordinate_mean_pre": [
            -606051968.0,
            607941504.0
          ],
          "coordinate_mean_post": [
            4249923072.0,
            -4248032512.0
          ],
          "swap_max_abs_error": 6144.0
        },
        "21": {
          "coordinate_abs_mean_pre": [
            4662285824.0,
            4691715072.0
          ],
          "coordinate_mean_pre": [
            3979358720.0,
            -4004405504.0
          ],
          "coordinate_mean_post": [
            -27955703808.0,
            27930648576.0
          ],
          "swap_max_abs_error": 16384.0
        },
        "22": {
          "coordinate_abs_mean_pre": [
            30810509312.0,
            30688030720.0
          ],
          "coordinate_mean_pre": [
            -26296821760.0,
            26192404480.0
          ],
          "coordinate_mean_post": [
            183660085248.0,
            -183764484096.0
          ],
          "swap_max_abs_error": 131072.0
        },
        "23": {
          "coordinate_abs_mean_pre": [
            208534454272.0,
            204868059136.0
          ],
          "coordinate_mean_pre": [
            177984733184.0,
            -174856175616.0
          ],
          "coordinate_mean_post": [
            -1233379393536.0,
            1236507557888.0
          ],
          "swap_max_abs_error": 2097152.0
        },
        "24": {
          "coordinate_abs_mean_pre": [
            1361654054912.0,
            1380261822464.0
          ],
          "coordinate_mean_pre": [
            -1162177675264.0,
            1178069106688.0
          ],
          "coordinate_mean_post": [
            8198809452544.0,
            -8182916186112.0
          ],
          "swap_max_abs_error": 6291456.0
        },
        "25": {
          "coordinate_abs_mean_pre": [
            9100492537856.0,
            9141266415616.0
          ],
          "coordinate_mean_pre": [
            7767255416832.0,
            -7802135773184.0
          ],
          "coordinate_mean_post": [
            -54510311440384.0,
            54475427414016.0
          ],
          "swap_max_abs_error": 12582912.0
        },
        "26": {
          "coordinate_abs_mean_pre": [
            61788494233600.0,
            61638451396608.0
          ],
          "coordinate_mean_pre": [
            -52736804519936.0,
            52608559480832.0
          ],
          "coordinate_mean_post": [
            368644626317312.0,
            -368772938465280.0
          ],
          "swap_max_abs_error": 268435456.0
        },
        "27": {
          "coordinate_abs_mean_pre": [
            423067431993344.0,
            422062342537216.0
          ],
          "coordinate_mean_pre": [
            361086222073856.0,
            -360226423308288.0
          ],
          "coordinate_mean_post": [
            -2524164627890176.0,
            2525024426655744.0
          ],
          "swap_max_abs_error": 805306368.0
        },
        "28": {
          "coordinate_abs_mean_pre": [
            2887855210758144.0,
            2883536621142016.0
          ],
          "coordinate_mean_pre": [
            -2464754492768256.0,
            2461066458038272.0
          ],
          "coordinate_mean_post": [
            1.723852769984512e+16,
            -1.724221063430144e+16
          ],
          "swap_max_abs_error": 21474836480.0
        },
        "29": {
          "coordinate_abs_mean_pre": [
            2.085568687951053e+16,
            2.040249266785485e+16
          ],
          "coordinate_mean_pre": [
            1.7800252513845248e+16,
            -1.7413330721308672e+16
          ],
          "coordinate_mean_post": [
            -1.2305409438541414e+17,
            1.234410108092416e+17
          ],
          "swap_max_abs_error": 34359738368.0
        },
        "30": {
          "coordinate_abs_mean_pre": [
            1.4348995250670797e+17,
            1.445334835307479e+17
          ],
          "coordinate_mean_pre": [
            -1.2246775404009882e+17,
            1.2335828114918605e+17
          ],
          "coordinate_mean_post": [
            8.60836378127106e+17,
            -8.599457049891308e+17
          ],
          "swap_max_abs_error": 274877906944.0
        }
      },
      "provenance": {
        "lens_file": "/__modal/volumes/vo-UTqV2w7ZVWoNtNbbwwfTeq/hf/hub/models--neuronpedia--jacobian-lens/snapshots/16a01f309fcec900fdcec3f4cd5b64f3d00e4d5a/qwen3.5-4b/jlens/Salesforce-wikitext/Qwen3.5-4B_jacobian_lens_n1000.pt",
        "lens_sha256": "1f9a8f8fd593f0ffec1a9640993257ca4560f8ae3e5602315643d5cc6818534e",
        "source_id": 6650,
        "target_id": 14437
      }
    },
    {
      "kind": "intervention",
      "source": "Canada",
      "target": "Egypt",
      "source_answer": "Ottawa",
      "target_answer": "Cairo",
      "band": "reference_fraction",
      "layers": [
        9,
        30
      ],
      "operator": "unit_transfer",
      "alpha": 1.0,
      "text": " Cairo.\nA. True",
      "first_token": 50779,
      "hit_target": true,
      "stayed_source": false,
      "baseline_ok": true,
      "hook_calls": {
        "9": 1,
        "10": 1,
        "11": 1,
        "12": 1,
        "13": 1,
        "14": 1,
        "15": 1,
        "16": 1,
        "17": 1,
        "18": 1,
        "19": 1,
        "20": 1,
        "21": 1,
        "22": 1,
        "23": 1,
        "24": 1,
        "25": 1,
        "26": 1,
        "27": 1,
        "28": 1,
        "29": 1,
        "30": 1
      },
      "layer_geometry": {
        "9": {
          "raw_norms": [
            0.7754276990890503,
            0.7282156944274902
          ],
          "unit_cosine": 0.40403199195861816
        },
        "10": {
          "raw_norms": [
            0.8181906938552856,
            0.7612742185592651
          ],
          "unit_cosine": 0.41160649061203003
        },
        "11": {
          "raw_norms": [
            0.8938294053077698,
            0.8163343071937561
          ],
          "unit_cosine": 0.4278516471385956
        },
        "12": {
          "raw_norms": [
            0.9413021802902222,
            0.8598278760910034
          ],
          "unit_cosine": 0.44697147607803345
        },
        "13": {
          "raw_norms": [
            0.9814013838768005,
            0.895899772644043
          ],
          "unit_cosine": 0.46633750200271606
        },
        "14": {
          "raw_norms": [
            0.9960064888000488,
            0.9120956063270569
          ],
          "unit_cosine": 0.4756808578968048
        },
        "15": {
          "raw_norms": [
            1.0245786905288696,
            0.9396476149559021
          ],
          "unit_cosine": 0.4889812171459198
        },
        "16": {
          "raw_norms": [
            1.025071620941162,
            0.9254733324050903
          ],
          "unit_cosine": 0.5228548645973206
        },
        "17": {
          "raw_norms": [
            1.0686894655227661,
            0.9439606070518494
          ],
          "unit_cosine": 0.5457711219787598
        },
        "18": {
          "raw_norms": [
            0.9736694097518921,
            0.8932512402534485
          ],
          "unit_cosine": 0.4976111054420471
        },
        "19": {
          "raw_norms": [
            0.900438129901886,
            0.8362836241722107
          ],
          "unit_cosine": 0.49202755093574524
        },
        "20": {
          "raw_norms": [
            0.8966621160507202,
            0.8302111029624939
          ],
          "unit_cosine": 0.494099497795105
        },
        "21": {
          "raw_norms": [
            0.904691755771637,
            0.8516377210617065
          ],
          "unit_cosine": 0.4579753875732422
        },
        "22": {
          "raw_norms": [
            0.9272667765617371,
            0.8753331899642944
          ],
          "unit_cosine": 0.42462873458862305
        },
        "23": {
          "raw_norms": [
            0.9357242584228516,
            0.8637674450874329
          ],
          "unit_cosine": 0.4329530596733093
        },
        "24": {
          "raw_norms": [
            0.9309875965118408,
            0.8970314860343933
          ],
          "unit_cosine": 0.4029037356376648
        },
        "25": {
          "raw_norms": [
            0.9552674293518066,
            0.9342299103736877
          ],
          "unit_cosine": 0.36799582839012146
        },
        "26": {
          "raw_norms": [
            0.9921653270721436,
            0.9756379723548889
          ],
          "unit_cosine": 0.3517686426639557
        },
        "27": {
          "raw_norms": [
            0.9789623618125916,
            0.965739369392395
          ],
          "unit_cosine": 0.3525131046772003
        },
        "28": {
          "raw_norms": [
            0.9136409163475037,
            0.8935139775276184
          ],
          "unit_cosine": 0.33978843688964844
        },
        "29": {
          "raw_norms": [
            0.7842392325401306,
            0.7465522289276123
          ],
          "unit_cosine": 0.4162614345550537
        },
        "30": {
          "raw_norms": [
            0.718264102935791,
            0.6872096061706543
          ],
          "unit_cosine": 0.43855321407318115
        }
      },
      "layer_measurements": {
        "9": {
          "source_abs_mean_pre": 1.0694901943206787,
          "source_mean_pre": 1.0694901943206787,
          "source_mean_post": 0.4321085214614868,
          "target_mean_pre": 0.5498549342155457,
          "target_mean_post": 1.1872369050979614
        },
        "10": {
          "source_abs_mean_pre": 0.49089229106903076,
          "source_mean_pre": 0.49089229106903076,
          "source_mean_post": 0.20205442607402802,
          "target_mean_pre": 1.252374529838562,
          "target_mean_post": 1.5412123203277588
        },
        "11": {
          "source_abs_mean_pre": 0.2563678026199341,
          "source_mean_pre": 0.2563678026199341,
          "source_mean_post": 0.10968741774559021,
          "target_mean_pre": 1.4295601844787598,
          "target_mean_post": 1.5762406587600708
        },
        "12": {
          "source_abs_mean_pre": 0.23264837265014648,
          "source_mean_pre": 0.23264837265014648,
          "source_mean_post": 0.1039872020483017,
          "target_mean_pre": 1.626427173614502,
          "target_mean_post": 1.7550883293151855
        },
        "13": {
          "source_abs_mean_pre": 0.1020941287279129,
          "source_mean_pre": 0.09933976083993912,
          "source_mean_post": 0.046325843781232834,
          "target_mean_pre": 1.7154192924499512,
          "target_mean_post": 1.7684330940246582
        },
        "14": {
          "source_abs_mean_pre": 0.16425564885139465,
          "source_mean_pre": -0.01070839911699295,
          "source_mean_post": -0.005093786865472794,
          "target_mean_pre": 1.7377427816390991,
          "target_mean_post": 1.7321282625198364
        },
        "15": {
          "source_abs_mean_pre": 0.1547638475894928,
          "source_mean_pre": 0.1262558251619339,
          "source_mean_post": 0.06173669174313545,
          "target_mean_pre": 1.7527904510498047,
          "target_mean_post": 1.8173096179962158
        },
        "16": {
          "source_abs_mean_pre": 0.20528802275657654,
          "source_mean_pre": 0.20528802275657654,
          "source_mean_post": 0.10733585059642792,
          "target_mean_pre": 1.9349286556243896,
          "target_mean_post": 2.0328807830810547
        },
        "17": {
          "source_abs_mean_pre": 0.14298886060714722,
          "source_mean_pre": 0.1395493447780609,
          "source_mean_post": 0.0761619359254837,
          "target_mean_pre": 2.0462331771850586,
          "target_mean_post": 2.1096205711364746
        },
        "18": {
          "source_abs_mean_pre": 0.20795655250549316,
          "source_mean_pre": 0.11054088175296783,
          "source_mean_post": 0.05500637739896774,
          "target_mean_pre": 2.3279244899749756,
          "target_mean_post": 2.3834590911865234
        },
        "19": {
          "source_abs_mean_pre": 0.14184586703777313,
          "source_mean_pre": 0.11818252503871918,
          "source_mean_post": 0.058149054646492004,
          "target_mean_pre": 2.8315811157226562,
          "target_mean_post": 2.8916144371032715
        },
        "20": {
          "source_abs_mean_pre": 0.2760692238807678,
          "source_mean_pre": 0.2760692238807678,
          "source_mean_post": 0.13640567660331726,
          "target_mean_pre": 2.947381019592285,
          "target_mean_post": 3.0870447158813477
        },
        "21": {
          "source_abs_mean_pre": 0.18555806577205658,
          "source_mean_pre": 0.18555806577205658,
          "source_mean_post": 0.08498106151819229,
          "target_mean_pre": 3.087859630584717,
          "target_mean_post": 3.18843674659729
        },
        "22": {
          "source_abs_mean_pre": 0.3499172627925873,
          "source_mean_pre": 0.3499172627925873,
          "source_mean_post": 0.14858485758304596,
          "target_mean_pre": 3.375065326690674,
          "target_mean_post": 3.57639741897583
        },
        "23": {
          "source_abs_mean_pre": 0.2803954780101776,
          "source_mean_pre": 0.23772956430912018,
          "source_mean_post": 0.10292576253414154,
          "target_mean_pre": 4.325075149536133,
          "target_mean_post": 4.459878921508789
        },
        "24": {
          "source_abs_mean_pre": 0.2699604034423828,
          "source_mean_pre": 0.2699604034423828,
          "source_mean_post": 0.10876801609992981,
          "target_mean_pre": 5.849419593811035,
          "target_mean_post": 6.0106120109558105
        },
        "25": {
          "source_abs_mean_pre": 0.2013583481311798,
          "source_mean_pre": 0.13076326251029968,
          "source_mean_post": 0.04812026768922806,
          "target_mean_pre": 5.953577041625977,
          "target_mean_post": 6.036220073699951
        },
        "26": {
          "source_abs_mean_pre": 0.13291537761688232,
          "source_mean_pre": -0.024445954710245132,
          "source_mean_post": -0.00859924964606762,
          "target_mean_pre": 5.911880970001221,
          "target_mean_post": 5.896034240722656
        },
        "27": {
          "source_abs_mean_pre": 0.5472521185874939,
          "source_mean_pre": 0.5098741054534912,
          "source_mean_post": 0.17973726987838745,
          "target_mean_pre": 6.6025543212890625,
          "target_mean_post": 6.932690620422363
        },
        "28": {
          "source_abs_mean_pre": 0.4311704933643341,
          "source_mean_pre": 0.3707726001739502,
          "source_mean_post": 0.12598426640033722,
          "target_mean_pre": 7.4496684074401855,
          "target_mean_post": 7.694457530975342
        },
        "29": {
          "source_abs_mean_pre": 0.4633481502532959,
          "source_mean_pre": 0.3062032461166382,
          "source_mean_post": 0.12746064364910126,
          "target_mean_pre": 7.841097831726074,
          "target_mean_post": 8.019840240478516
        },
        "30": {
          "source_abs_mean_pre": 0.5683246850967407,
          "source_mean_pre": -0.3373987078666687,
          "source_mean_post": -0.1479673683643341,
          "target_mean_pre": 6.880989074707031,
          "target_mean_post": 6.69155740737915
        }
      },
      "provenance": {
        "lens_file": "/__modal/volumes/vo-UTqV2w7ZVWoNtNbbwwfTeq/hf/hub/models--neuronpedia--jacobian-lens/snapshots/16a01f309fcec900fdcec3f4cd5b64f3d00e4d5a/qwen3.5-4b/jlens/Salesforce-wikitext/Qwen3.5-4B_jacobian_lens_n1000.pt",
        "lens_sha256": "1f9a8f8fd593f0ffec1a9640993257ca4560f8ae3e5602315643d5cc6818534e",
        "source_id": 6650,
        "target_id": 14437
      }
    },
    {
      "kind": "intervention",
      "source": "Canada",
      "target": "Egypt",
      "source_answer": "Ottawa",
      "target_answer": "Cairo",
      "band": "reference_fraction",
      "layers": [
        9,
        30
      ],
      "operator": "unit_transfer",
      "alpha": 2.0,
      "text": " Cairo.\nA. True",
      "first_token": 50779,
      "hit_target": true,
      "stayed_source": false,
      "baseline_ok": true,
      "hook_calls": {
        "9": 1,
        "10": 1,
        "11": 1,
        "12": 1,
        "13": 1,
        "14": 1,
        "15": 1,
        "16": 1,
        "17": 1,
        "18": 1,
        "19": 1,
        "20": 1,
        "21": 1,
        "22": 1,
        "23": 1,
        "24": 1,
        "25": 1,
        "26": 1,
        "27": 1,
        "28": 1,
        "29": 1,
        "30": 1
      },
      "layer_geometry": {
        "9": {
          "raw_norms": [
            0.7754276990890503,
            0.7282156944274902
          ],
          "unit_cosine": 0.40403199195861816
        },
        "10": {
          "raw_norms": [
            0.8181906938552856,
            0.7612742185592651
          ],
          "unit_cosine": 0.41160649061203003
        },
        "11": {
          "raw_norms": [
            0.8938294053077698,
            0.8163343071937561
          ],
          "unit_cosine": 0.4278516471385956
        },
        "12": {
          "raw_norms": [
            0.9413021802902222,
            0.8598278760910034
          ],
          "unit_cosine": 0.44697147607803345
        },
        "13": {
          "raw_norms": [
            0.9814013838768005,
            0.895899772644043
          ],
          "unit_cosine": 0.46633750200271606
        },
        "14": {
          "raw_norms": [
            0.9960064888000488,
            0.9120956063270569
          ],
          "unit_cosine": 0.4756808578968048
        },
        "15": {
          "raw_norms": [
            1.0245786905288696,
            0.9396476149559021
          ],
          "unit_cosine": 0.4889812171459198
        },
        "16": {
          "raw_norms": [
            1.025071620941162,
            0.9254733324050903
          ],
          "unit_cosine": 0.5228548645973206
        },
        "17": {
          "raw_norms": [
            1.0686894655227661,
            0.9439606070518494
          ],
          "unit_cosine": 0.5457711219787598
        },
        "18": {
          "raw_norms": [
            0.9736694097518921,
            0.8932512402534485
          ],
          "unit_cosine": 0.4976111054420471
        },
        "19": {
          "raw_norms": [
            0.900438129901886,
            0.8362836241722107
          ],
          "unit_cosine": 0.49202755093574524
        },
        "20": {
          "raw_norms": [
            0.8966621160507202,
            0.8302111029624939
          ],
          "unit_cosine": 0.494099497795105
        },
        "21": {
          "raw_norms": [
            0.904691755771637,
            0.8516377210617065
          ],
          "unit_cosine": 0.4579753875732422
        },
        "22": {
          "raw_norms": [
            0.9272667765617371,
            0.8753331899642944
          ],
          "unit_cosine": 0.42462873458862305
        },
        "23": {
          "raw_norms": [
            0.9357242584228516,
            0.8637674450874329
          ],
          "unit_cosine": 0.4329530596733093
        },
        "24": {
          "raw_norms": [
            0.9309875965118408,
            0.8970314860343933
          ],
          "unit_cosine": 0.4029037356376648
        },
        "25": {
          "raw_norms": [
            0.9552674293518066,
            0.9342299103736877
          ],
          "unit_cosine": 0.36799582839012146
        },
        "26": {
          "raw_norms": [
            0.9921653270721436,
            0.9756379723548889
          ],
          "unit_cosine": 0.3517686426639557
        },
        "27": {
          "raw_norms": [
            0.9789623618125916,
            0.965739369392395
          ],
          "unit_cosine": 0.3525131046772003
        },
        "28": {
          "raw_norms": [
            0.9136409163475037,
            0.8935139775276184
          ],
          "unit_cosine": 0.33978843688964844
        },
        "29": {
          "raw_norms": [
            0.7842392325401306,
            0.7465522289276123
          ],
          "unit_cosine": 0.4162614345550537
        },
        "30": {
          "raw_norms": [
            0.718264102935791,
            0.6872096061706543
          ],
          "unit_cosine": 0.43855321407318115
        }
      },
      "layer_measurements": {
        "9": {
          "source_abs_mean_pre": 1.0694901943206787,
          "source_mean_pre": 1.0694901943206787,
          "source_mean_post": -0.20527315139770508,
          "target_mean_pre": 0.5498549342155457,
          "target_mean_post": 1.8246188163757324
        },
        "10": {
          "source_abs_mean_pre": 0.10488736629486084,
          "source_mean_pre": -0.10488736629486084,
          "source_mean_post": 0.018542693927884102,
          "target_mean_pre": 1.849062442779541,
          "target_mean_post": 1.7256324291229248
        },
        "11": {
          "source_abs_mean_pre": 0.07717520743608475,
          "source_mean_pre": 0.07717520743608475,
          "source_mean_post": -0.01113614346832037,
          "target_mean_pre": 1.5963990688323975,
          "target_mean_post": 1.6847103834152222
        },
        "12": {
          "source_abs_mean_pre": 0.1137576773762703,
          "source_mean_pre": 0.1137576773762703,
          "source_mean_post": -0.012064807116985321,
          "target_mean_pre": 1.726149320602417,
          "target_mean_post": 1.8519716262817383
        },
        "13": {
          "source_abs_mean_pre": 0.051787227392196655,
          "source_mean_pre": -0.007042855955660343,
          "source_mean_post": 0.00047415075823664665,
          "target_mean_pre": 1.8111207485198975,
          "target_mean_post": 1.8036038875579834
        },
        "14": {
          "source_abs_mean_pre": 0.1238885298371315,
          "source_mean_pre": -0.06122326850891113,
          "source_mean_post": 0.0029778359457850456,
          "target_mean_pre": 1.7741215229034424,
          "target_mean_post": 1.7099204063415527
        },
        "15": {
          "source_abs_mean_pre": 0.13787841796875,
          "source_mean_pre": 0.13787841796875,
          "source_mean_post": -0.003038557944819331,
          "target_mean_pre": 1.7348809242248535,
          "target_mean_post": 1.8757977485656738
        },
        "16": {
          "source_abs_mean_pre": 0.14158928394317627,
          "source_mean_pre": 0.14158928394317627,
          "source_mean_post": 0.006472042296081781,
          "target_mean_pre": 1.9927281141281128,
          "target_mean_post": 2.127845287322998
        },
        "17": {
          "source_abs_mean_pre": 0.07279819250106812,
          "source_mean_pre": 0.03791254758834839,
          "source_mean_post": 0.003470600815489888,
          "target_mean_pre": 2.1274709701538086,
          "target_mean_post": 2.1619129180908203
        },
        "18": {
          "source_abs_mean_pre": 0.16653670370578766,
          "source_mean_pre": 0.036329422146081924,
          "source_mean_post": -0.00017364928498864174,
          "target_mean_pre": 2.3709120750427246,
          "target_mean_post": 2.4074151515960693
        },
        "19": {
          "source_abs_mean_pre": 0.14331449568271637,
          "source_mean_pre": 0.05267785117030144,
          "source_mean_post": -0.0008399691432714462,
          "target_mean_pre": 2.881929397583008,
          "target_mean_post": 2.9354469776153564
        },
        "20": {
          "source_abs_mean_pre": 0.21954438090324402,
          "source_mean_pre": 0.21954438090324402,
          "source_mean_post": -0.0025909096002578735,
          "target_mean_pre": 2.9742250442504883,
          "target_mean_post": 3.1963603496551514
        },
        "21": {
          "source_abs_mean_pre": 0.0709596574306488,
          "source_mean_pre": 0.05013919621706009,
          "source_mean_post": -0.004214131273329258,
          "target_mean_pre": 3.1963253021240234,
          "target_mean_post": 3.250678777694702
        },
        "22": {
          "source_abs_mean_pre": 0.26847344636917114,
          "source_mean_pre": 0.26188069581985474,
          "source_mean_post": -0.039476558566093445,
          "target_mean_pre": 3.4457125663757324,
          "target_mean_post": 3.747069835662842
        },
        "23": {
          "source_abs_mean_pre": 0.21375153958797455,
          "source_mean_pre": 0.0494777075946331,
          "source_mean_post": -0.0066346172243356705,
          "target_mean_pre": 4.498759746551514,
          "target_mean_post": 4.554871559143066
        },
        "24": {
          "source_abs_mean_pre": 0.16849324107170105,
          "source_mean_pre": 0.1675674319267273,
          "source_mean_post": -0.032540373504161835,
          "target_mean_pre": 5.869784355163574,
          "target_mean_post": 6.069891929626465
        },
        "25": {
          "source_abs_mean_pre": 0.11741046607494354,
          "source_mean_pre": -0.01634531281888485,
          "source_mean_post": 0.004315311089158058,
          "target_mean_pre": 6.00628662109375,
          "target_mean_post": 5.985625743865967
        },
        "26": {
          "source_abs_mean_pre": 0.1250016987323761,
          "source_mean_pre": -0.06491994857788086,
          "source_mean_post": 0.019246339797973633,
          "target_mean_pre": 5.845254421234131,
          "target_mean_post": 5.7610883712768555
        },
        "27": {
          "source_abs_mean_pre": 0.541312038898468,
          "source_mean_pre": 0.541312038898468,
          "source_mean_post": -0.15967312455177307,
          "target_mean_pre": 6.432164192199707,
          "target_mean_post": 7.133149147033691
        },
        "28": {
          "source_abs_mean_pre": 0.23469577729701996,
          "source_mean_pre": 0.0069932714104652405,
          "source_mean_post": -0.0022408850491046906,
          "target_mean_pre": 7.636837482452393,
          "target_mean_post": 7.646071434020996
        },
        "29": {
          "source_abs_mean_pre": 0.36331164836883545,
          "source_mean_pre": 0.16701197624206543,
          "source_mean_post": -0.027970850467681885,
          "target_mean_pre": 7.819127559661865,
          "target_mean_post": 8.014110565185547
        },
        "30": {
          "source_abs_mean_pre": 0.5783345699310303,
          "source_mean_pre": -0.4983147084712982,
          "source_mean_post": 0.06123961880803108,
          "target_mean_pre": 6.923140525817871,
          "target_mean_post": 6.363585948944092
        }
      },
      "provenance": {
        "lens_file": "/__modal/volumes/vo-UTqV2w7ZVWoNtNbbwwfTeq/hf/hub/models--neuronpedia--jacobian-lens/snapshots/16a01f309fcec900fdcec3f4cd5b64f3d00e4d5a/qwen3.5-4b/jlens/Salesforce-wikitext/Qwen3.5-4B_jacobian_lens_n1000.pt",
        "lens_sha256": "1f9a8f8fd593f0ffec1a9640993257ca4560f8ae3e5602315643d5cc6818534e",
        "source_id": 6650,
        "target_id": 14437
      }
    },
    {
      "kind": "intervention",
      "source": "Canada",
      "target": "Egypt",
      "source_answer": "Ottawa",
      "target_answer": "Cairo",
      "band": "reference_fraction",
      "layers": [
        9,
        30
      ],
      "operator": "unit_transfer",
      "alpha": 4.0,
      "text": " Canada.\nA. True",
      "first_token": 6650,
      "hit_target": false,
      "stayed_source": false,
      "baseline_ok": true,
      "hook_calls": {
        "9": 1,
        "10": 1,
        "11": 1,
        "12": 1,
        "13": 1,
        "14": 1,
        "15": 1,
        "16": 1,
        "17": 1,
        "18": 1,
        "19": 1,
        "20": 1,
        "21": 1,
        "22": 1,
        "23": 1,
        "24": 1,
        "25": 1,
        "26": 1,
        "27": 1,
        "28": 1,
        "29": 1,
        "30": 1
      },
      "layer_geometry": {
        "9": {
          "raw_norms": [
            0.7754276990890503,
            0.7282156944274902
          ],
          "unit_cosine": 0.40403199195861816
        },
        "10": {
          "raw_norms": [
            0.8181906938552856,
            0.7612742185592651
          ],
          "unit_cosine": 0.41160649061203003
        },
        "11": {
          "raw_norms": [
            0.8938294053077698,
            0.8163343071937561
          ],
          "unit_cosine": 0.4278516471385956
        },
        "12": {
          "raw_norms": [
            0.9413021802902222,
            0.8598278760910034
          ],
          "unit_cosine": 0.44697147607803345
        },
        "13": {
          "raw_norms": [
            0.9814013838768005,
            0.895899772644043
          ],
          "unit_cosine": 0.46633750200271606
        },
        "14": {
          "raw_norms": [
            0.9960064888000488,
            0.9120956063270569
          ],
          "unit_cosine": 0.4756808578968048
        },
        "15": {
          "raw_norms": [
            1.0245786905288696,
            0.9396476149559021
          ],
          "unit_cosine": 0.4889812171459198
        },
        "16": {
          "raw_norms": [
            1.025071620941162,
            0.9254733324050903
          ],
          "unit_cosine": 0.5228548645973206
        },
        "17": {
          "raw_norms": [
            1.0686894655227661,
            0.9439606070518494
          ],
          "unit_cosine": 0.5457711219787598
        },
        "18": {
          "raw_norms": [
            0.9736694097518921,
            0.8932512402534485
          ],
          "unit_cosine": 0.4976111054420471
        },
        "19": {
          "raw_norms": [
            0.900438129901886,
            0.8362836241722107
          ],
          "unit_cosine": 0.49202755093574524
        },
        "20": {
          "raw_norms": [
            0.8966621160507202,
            0.8302111029624939
          ],
          "unit_cosine": 0.494099497795105
        },
        "21": {
          "raw_norms": [
            0.904691755771637,
            0.8516377210617065
          ],
          "unit_cosine": 0.4579753875732422
        },
        "22": {
          "raw_norms": [
            0.9272667765617371,
            0.8753331899642944
          ],
          "unit_cosine": 0.42462873458862305
        },
        "23": {
          "raw_norms": [
            0.9357242584228516,
            0.8637674450874329
          ],
          "unit_cosine": 0.4329530596733093
        },
        "24": {
          "raw_norms": [
            0.9309875965118408,
            0.8970314860343933
          ],
          "unit_cosine": 0.4029037356376648
        },
        "25": {
          "raw_norms": [
            0.9552674293518066,
            0.9342299103736877
          ],
          "unit_cosine": 0.36799582839012146
        },
        "26": {
          "raw_norms": [
            0.9921653270721436,
            0.9756379723548889
          ],
          "unit_cosine": 0.3517686426639557
        },
        "27": {
          "raw_norms": [
            0.9789623618125916,
            0.965739369392395
          ],
          "unit_cosine": 0.3525131046772003
        },
        "28": {
          "raw_norms": [
            0.9136409163475037,
            0.8935139775276184
          ],
          "unit_cosine": 0.33978843688964844
        },
        "29": {
          "raw_norms": [
            0.7842392325401306,
            0.7465522289276123
          ],
          "unit_cosine": 0.4162614345550537
        },
        "30": {
          "raw_norms": [
            0.718264102935791,
            0.6872096061706543
          ],
          "unit_cosine": 0.43855321407318115
        }
      },
      "layer_measurements": {
        "9": {
          "source_abs_mean_pre": 1.0694901943206787,
          "source_mean_pre": 1.0694901943206787,
          "source_mean_post": -1.4800364971160889,
          "target_mean_pre": 0.5498549342155457,
          "target_mean_post": 3.0993824005126953
        },
        "10": {
          "source_abs_mean_pre": 1.2645480632781982,
          "source_mean_pre": -1.2645480632781982,
          "source_mean_post": 1.7116589546203613,
          "target_mean_pre": 3.019833564758301,
          "target_mean_post": 0.043626636266708374
        },
        "11": {
          "source_abs_mean_pre": 1.5925240516662598,
          "source_mean_pre": 1.5925240516662598,
          "source_mean_post": -2.0521154403686523,
          "target_mean_pre": 0.057115137577056885,
          "target_mean_post": 3.7017550468444824
        },
        "12": {
          "source_abs_mean_pre": 1.8109524250030518,
          "source_mean_pre": -1.8109524250030518,
          "source_mean_post": 2.1950812339782715,
          "target_mean_pre": 3.586991310119629,
          "target_mean_post": -0.4190415143966675
        },
        "13": {
          "source_abs_mean_pre": 2.0885443687438965,
          "source_mean_pre": 2.0885443687438965,
          "source_mean_post": -2.3697662353515625,
          "target_mean_pre": -0.3527800440788269,
          "target_mean_post": 4.105531692504883
        },
        "14": {
          "source_abs_mean_pre": 2.3503329753875732,
          "source_mean_pre": -2.3503329753875732,
          "source_mean_post": 2.578965663909912,
          "target_mean_pre": 3.9743309020996094,
          "target_mean_post": -0.9549676179885864
        },
        "15": {
          "source_abs_mean_pre": 2.591320514678955,
          "source_mean_pre": 2.591320514678955,
          "source_mean_post": -2.705535888671875,
          "target_mean_pre": -0.9030745029449463,
          "target_mean_post": 4.3937788009643555
        },
        "16": {
          "source_abs_mean_pre": 2.3800415992736816,
          "source_mean_pre": -2.3800415992736816,
          "source_mean_post": 2.162458658218384,
          "target_mean_pre": 4.328266143798828,
          "target_mean_post": -0.21423685550689697
        },
        "17": {
          "source_abs_mean_pre": 1.9975216388702393,
          "source_mean_pre": 1.9975216388702393,
          "source_mean_post": -1.6318082809448242,
          "target_mean_pre": -0.10671485215425491,
          "target_mean_post": 3.522613048553467
        },
        "18": {
          "source_abs_mean_pre": 1.6610482931137085,
          "source_mean_pre": -1.6610482931137085,
          "source_mean_post": 1.6769216060638428,
          "target_mean_pre": 3.5457851886749268,
          "target_mean_post": 0.20781570672988892
        },
        "19": {
          "source_abs_mean_pre": 1.7389816045761108,
          "source_mean_pre": 1.7389816045761108,
          "source_mean_post": -1.7944380044937134,
          "target_mean_pre": 0.21438685059547424,
          "target_mean_post": 3.747804641723633
        },
        "20": {
          "source_abs_mean_pre": 1.4733808040618896,
          "source_mean_pre": -1.4733808040618896,
          "source_mean_post": 1.508155107498169,
          "target_mean_pre": 3.831166982650757,
          "target_mean_post": 0.8496299982070923
        },
        "21": {
          "source_abs_mean_pre": 1.5365650653839111,
          "source_mean_pre": 1.5365650653839111,
          "source_mean_post": -1.7948591709136963,
          "target_mean_pre": 0.9184204936027527,
          "target_mean_post": 4.249842166900635
        },
        "22": {
          "source_abs_mean_pre": 1.4828307628631592,
          "source_mean_pre": -1.4828307628631592,
          "source_mean_post": 1.929882526397705,
          "target_mean_pre": 4.419759750366211,
          "target_mean_post": 1.0070469379425049
        },
        "23": {
          "source_abs_mean_pre": 2.5353469848632812,
          "source_mean_pre": 2.5353469848632812,
          "source_mean_post": -3.2152931690216064,
          "target_mean_pre": 1.2936979532241821,
          "target_mean_post": 7.044342517852783
        },
        "24": {
          "source_abs_mean_pre": 3.0683226585388184,
          "source_mean_pre": -3.0683226585388184,
          "source_mean_post": 4.260013103485107,
          "target_mean_pre": 9.004247665405273,
          "target_mean_post": 1.6759130954742432
        },
        "25": {
          "source_abs_mean_pre": 4.669875144958496,
          "source_mean_pre": 4.669875144958496,
          "source_mean_post": -7.135648727416992,
          "target_mean_pre": 1.7293105125427246,
          "target_mean_post": 13.534833908081055
        },
        "26": {
          "source_abs_mean_pre": 7.314621925354004,
          "source_mean_pre": -7.314621925354004,
          "source_mean_post": 11.651649475097656,
          "target_mean_pre": 13.196582794189453,
          "target_mean_post": -5.769686698913574
        },
        "27": {
          "source_abs_mean_pre": 11.285862922668457,
          "source_mean_pre": 11.285862922668457,
          "source_mean_post": -17.943939208984375,
          "target_mean_pre": -5.234004020690918,
          "target_mean_post": 23.99578857421875
        },
        "28": {
          "source_abs_mean_pre": 17.371417999267578,
          "source_mean_pre": -17.371417999267578,
          "source_mean_post": 28.503822326660156,
          "target_mean_pre": 21.835487365722656,
          "target_mean_post": -24.03976058959961
        },
        "29": {
          "source_abs_mean_pre": 20.795949935913086,
          "source_mean_pre": 20.795949935913086,
          "source_mean_post": -27.761642456054688,
          "target_mean_pre": -22.682891845703125,
          "target_mean_post": 25.87471580505371
        },
        "30": {
          "source_abs_mean_pre": 27.185592651367188,
          "source_mean_pre": -27.185592651367188,
          "source_mean_post": 33.867454528808594,
          "target_mean_pre": 18.641357421875,
          "target_mean_post": -42.41169357299805
        }
      },
      "provenance": {
        "lens_file": "/__modal/volumes/vo-UTqV2w7ZVWoNtNbbwwfTeq/hf/hub/models--neuronpedia--jacobian-lens/snapshots/16a01f309fcec900fdcec3f4cd5b64f3d00e4d5a/qwen3.5-4b/jlens/Salesforce-wikitext/Qwen3.5-4B_jacobian_lens_n1000.pt",
        "lens_sha256": "1f9a8f8fd593f0ffec1a9640993257ca4560f8ae3e5602315643d5cc6818534e",
        "source_id": 6650,
        "target_id": 14437
      }
    },
    {
      "kind": "intervention",
      "source": "Canada",
      "target": "Egypt",
      "source_answer": "Ottawa",
      "target_answer": "Cairo",
      "band": "early_mid",
      "layers": [
        4,
        13
      ],
      "operator": "raw_exchange",
      "alpha": 1.0,
      "text": " Ottawa.\nA. True",
      "first_token": 31106,
      "hit_target": false,
      "stayed_source": true,
      "baseline_ok": true,
      "hook_calls": {
        "4": 1,
        "5": 1,
        "6": 1,
        "7": 1,
        "8": 1,
        "9": 1,
        "10": 1,
        "11": 1,
        "12": 1,
        "13": 1
      },
      "layer_geometry": {
        "4": {
          "raw_norms": [
            0.8009634613990784,
            0.7109475135803223
          ],
          "unit_cosine": 0.423309326171875
        },
        "5": {
          "raw_norms": [
            0.8089549541473389,
            0.7202023267745972
          ],
          "unit_cosine": 0.42742499709129333
        },
        "6": {
          "raw_norms": [
            0.6168736219406128,
            0.5742366909980774
          ],
          "unit_cosine": 0.4361492097377777
        },
        "7": {
          "raw_norms": [
            0.6600071787834167,
            0.6201234459877014
          ],
          "unit_cosine": 0.41555055975914
        },
        "8": {
          "raw_norms": [
            0.7092791795730591,
            0.6724079847335815
          ],
          "unit_cosine": 0.4122127592563629
        },
        "9": {
          "raw_norms": [
            0.7754276990890503,
            0.7282156944274902
          ],
          "unit_cosine": 0.40403199195861816
        },
        "10": {
          "raw_norms": [
            0.8181906938552856,
            0.7612742185592651
          ],
          "unit_cosine": 0.41160649061203003
        },
        "11": {
          "raw_norms": [
            0.8938294053077698,
            0.8163343071937561
          ],
          "unit_cosine": 0.4278516471385956
        },
        "12": {
          "raw_norms": [
            0.9413021802902222,
            0.8598278760910034
          ],
          "unit_cosine": 0.44697147607803345
        },
        "13": {
          "raw_norms": [
            0.9814013838768005,
            0.895899772644043
          ],
          "unit_cosine": 0.46633750200271606
        }
      },
      "layer_measurements": {
        "4": {
          "coordinate_abs_mean_pre": [
            0.4688607156276703,
            0.24705083668231964
          ],
          "coordinate_mean_pre": [
            0.44955864548683167,
            0.24705083668231964
          ],
          "coordinate_mean_post": [
            0.24705073237419128,
            0.44955870509147644
          ],
          "swap_max_abs_error": 6.034970283508301e-07
        },
        "5": {
          "coordinate_abs_mean_pre": [
            0.2895171046257019,
            0.5155143141746521
          ],
          "coordinate_mean_pre": [
            0.2895171046257019,
            0.5155143141746521
          ],
          "coordinate_mean_post": [
            0.5155143141746521,
            0.2895171046257019
          ],
          "swap_max_abs_error": 4.470348358154297e-07
        },
        "6": {
          "coordinate_abs_mean_pre": [
            1.3697704076766968,
            0.38484588265419006
          ],
          "coordinate_mean_pre": [
            1.3697704076766968,
            0.38255026936531067
          ],
          "coordinate_mean_post": [
            0.38255009055137634,
            1.3697707653045654
          ],
          "swap_max_abs_error": 1.4975666999816895e-06
        },
        "7": {
          "coordinate_abs_mean_pre": [
            0.5456773042678833,
            1.1314464807510376
          ],
          "coordinate_mean_pre": [
            0.5306000113487244,
            1.1314464807510376
          ],
          "coordinate_mean_post": [
            1.1314467191696167,
            0.5305997133255005
          ],
          "swap_max_abs_error": 1.341104507446289e-06
        },
        "8": {
          "coordinate_abs_mean_pre": [
            1.248998999595642,
            0.42855674028396606
          ],
          "coordinate_mean_pre": [
            1.248998999595642,
            0.40018874406814575
          ],
          "coordinate_mean_post": [
            0.4001888632774353,
            1.2489988803863525
          ],
          "swap_max_abs_error": 4.76837158203125e-07
        },
        "9": {
          "coordinate_abs_mean_pre": [
            0.4562959671020508,
            1.0655652284622192
          ],
          "coordinate_mean_pre": [
            0.4562959671020508,
            1.0655652284622192
          ],
          "coordinate_mean_post": [
            1.0655652284622192,
            0.4562961161136627
          ],
          "swap_max_abs_error": 4.470348358154297e-07
        },
        "10": {
          "coordinate_abs_mean_pre": [
            1.0153682231903076,
            0.5486974716186523
          ],
          "coordinate_mean_pre": [
            1.0153682231903076,
            0.5486974716186523
          ],
          "coordinate_mean_post": [
            0.5486975312232971,
            1.0153682231903076
          ],
          "swap_max_abs_error": 3.5762786865234375e-07
        },
        "11": {
          "coordinate_abs_mean_pre": [
            0.5627062320709229,
            0.8222466707229614
          ],
          "coordinate_mean_pre": [
            0.5627062320709229,
            0.8222466707229614
          ],
          "coordinate_mean_post": [
            0.8222466707229614,
            0.5627062916755676
          ],
          "swap_max_abs_error": 4.76837158203125e-07
        },
        "12": {
          "coordinate_abs_mean_pre": [
            0.8301581144332886,
            0.6052221059799194
          ],
          "coordinate_mean_pre": [
            0.8301581144332886,
            0.6052221059799194
          ],
          "coordinate_mean_post": [
            0.6052220463752747,
            0.8301581144332886
          ],
          "swap_max_abs_error": 4.76837158203125e-07
        },
        "13": {
          "coordinate_abs_mean_pre": [
            0.5122517943382263,
            0.8093020915985107
          ],
          "coordinate_mean_pre": [
            0.5122517943382263,
            0.8093020915985107
          ],
          "coordinate_mean_post": [
            0.809302031993866,
            0.5122517347335815
          ],
          "swap_max_abs_error": 6.556510925292969e-07
        }
      },
      "provenance": {
        "lens_file": "/__modal/volumes/vo-UTqV2w7ZVWoNtNbbwwfTeq/hf/hub/models--neuronpedia--jacobian-lens/snapshots/16a01f309fcec900fdcec3f4cd5b64f3d00e4d5a/qwen3.5-4b/jlens/Salesforce-wikitext/Qwen3.5-4B_jacobian_lens_n1000.pt",
        "lens_sha256": "1f9a8f8fd593f0ffec1a9640993257ca4560f8ae3e5602315643d5cc6818534e",
        "source_id": 6650,
        "target_id": 14437
      }
    },
    {
      "kind": "intervention",
      "source": "Canada",
      "target": "Egypt",
      "source_answer": "Ottawa",
      "target_answer": "Cairo",
      "band": "early_mid",
      "layers": [
        4,
        13
      ],
      "operator": "raw_exchange",
      "alpha": 2.0,
      "text": " Canada-2015",
      "first_token": 6650,
      "hit_target": false,
      "stayed_source": false,
      "baseline_ok": true,
      "hook_calls": {
        "4": 1,
        "5": 1,
        "6": 1,
        "7": 1,
        "8": 1,
        "9": 1,
        "10": 1,
        "11": 1,
        "12": 1,
        "13": 1
      },
      "layer_geometry": {
        "4": {
          "raw_norms": [
            0.8009634613990784,
            0.7109475135803223
          ],
          "unit_cosine": 0.423309326171875
        },
        "5": {
          "raw_norms": [
            0.8089549541473389,
            0.7202023267745972
          ],
          "unit_cosine": 0.42742499709129333
        },
        "6": {
          "raw_norms": [
            0.6168736219406128,
            0.5742366909980774
          ],
          "unit_cosine": 0.4361492097377777
        },
        "7": {
          "raw_norms": [
            0.6600071787834167,
            0.6201234459877014
          ],
          "unit_cosine": 0.41555055975914
        },
        "8": {
          "raw_norms": [
            0.7092791795730591,
            0.6724079847335815
          ],
          "unit_cosine": 0.4122127592563629
        },
        "9": {
          "raw_norms": [
            0.7754276990890503,
            0.7282156944274902
          ],
          "unit_cosine": 0.40403199195861816
        },
        "10": {
          "raw_norms": [
            0.8181906938552856,
            0.7612742185592651
          ],
          "unit_cosine": 0.41160649061203003
        },
        "11": {
          "raw_norms": [
            0.8938294053077698,
            0.8163343071937561
          ],
          "unit_cosine": 0.4278516471385956
        },
        "12": {
          "raw_norms": [
            0.9413021802902222,
            0.8598278760910034
          ],
          "unit_cosine": 0.44697147607803345
        },
        "13": {
          "raw_norms": [
            0.9814013838768005,
            0.895899772644043
          ],
          "unit_cosine": 0.46633750200271606
        }
      },
      "layer_measurements": {
        "4": {
          "coordinate_abs_mean_pre": [
            0.4688607156276703,
            0.24705083668231964
          ],
          "coordinate_mean_pre": [
            0.44955864548683167,
            0.24705083668231964
          ],
          "coordinate_mean_post": [
            0.04454284906387329,
            0.6520666480064392
          ],
          "swap_max_abs_error": 1.1920928955078125e-06
        },
        "5": {
          "coordinate_abs_mean_pre": [
            0.41632044315338135,
            0.8408469557762146
          ],
          "coordinate_mean_pre": [
            0.1061205267906189,
            0.7009027600288391
          ],
          "coordinate_mean_post": [
            1.2956851720809937,
            -0.48866164684295654
          ],
          "swap_max_abs_error": 1.430511474609375e-06
        },
        "6": {
          "coordinate_abs_mean_pre": [
            3.810532808303833,
            2.4490561485290527
          ],
          "coordinate_mean_pre": [
            2.9725825786590576,
            -1.026268482208252
          ],
          "coordinate_mean_post": [
            -5.025120735168457,
            6.971437931060791
          ],
          "swap_max_abs_error": 2.6702880859375e-05
        },
        "7": {
          "coordinate_abs_mean_pre": [
            7.407280921936035,
            8.914531707763672
          ],
          "coordinate_mean_pre": [
            -4.455252647399902,
            6.370187282562256
          ],
          "coordinate_mean_post": [
            17.195632934570312,
            -15.2806978225708
          ],
          "swap_max_abs_error": 3.814697265625e-05
        },
        "8": {
          "coordinate_abs_mean_pre": [
            22.747207641601562,
            20.741104125976562
          ],
          "coordinate_mean_pre": [
            15.926248550415039,
            -13.68749713897705
          ],
          "coordinate_mean_post": [
            -43.301231384277344,
            45.53998565673828
          ],
          "swap_max_abs_error": 7.62939453125e-05
        },
        "9": {
          "coordinate_abs_mean_pre": [
            55.486732482910156,
            57.17818069458008
          ],
          "coordinate_mean_pre": [
            -37.39157485961914,
            39.374244689941406
          ],
          "coordinate_mean_post": [
            116.14006805419922,
            -114.15740966796875
          ],
          "swap_max_abs_error": 6.103515625e-05
        },
        "10": {
          "coordinate_abs_mean_pre": [
            156.7379150390625,
            156.84603881835938
          ],
          "coordinate_mean_pre": [
            107.64631652832031,
            -106.69608306884766
          ],
          "coordinate_mean_post": [
            -321.03839111328125,
            321.9886474609375
          ],
          "swap_max_abs_error": 0.0006103515625
        },
        "11": {
          "coordinate_abs_mean_pre": [
            421.94427490234375,
            428.5323791503906
          ],
          "coordinate_mean_pre": [
            -288.2174072265625,
            293.4085998535156
          ],
          "coordinate_mean_post": [
            875.0347900390625,
            -869.8433227539062
          ],
          "swap_max_abs_error": 0.00048828125
        },
        "12": {
          "coordinate_abs_mean_pre": [
            1189.500244140625,
            1183.41650390625
          ],
          "coordinate_mean_pre": [
            813.9849243164062,
            -809.113525390625
          ],
          "coordinate_mean_post": [
            -2432.212646484375,
            2437.08447265625
          ],
          "swap_max_abs_error": 0.005859375
        },
        "13": {
          "coordinate_abs_mean_pre": [
            3374.16552734375,
            3412.29736328125
          ],
          "coordinate_mean_pre": [
            -2307.45068359375,
            2334.257080078125
          ],
          "coordinate_mean_post": [
            6975.9658203125,
            -6949.1611328125
          ],
          "swap_max_abs_error": 0.01171875
        }
      },
      "provenance": {
        "lens_file": "/__modal/volumes/vo-UTqV2w7ZVWoNtNbbwwfTeq/hf/hub/models--neuronpedia--jacobian-lens/snapshots/16a01f309fcec900fdcec3f4cd5b64f3d00e4d5a/qwen3.5-4b/jlens/Salesforce-wikitext/Qwen3.5-4B_jacobian_lens_n1000.pt",
        "lens_sha256": "1f9a8f8fd593f0ffec1a9640993257ca4560f8ae3e5602315643d5cc6818534e",
        "source_id": 6650,
        "target_id": 14437
      }
    },
    {
      "kind": "intervention",
      "source": "Canada",
      "target": "Egypt",
      "source_answer": "Ottawa",
      "target_answer": "Cairo",
      "band": "early_mid",
      "layers": [
        4,
        13
      ],
      "operator": "raw_exchange",
      "alpha": 4.0,
      "text": " Canada: Canada: Canada:",
      "first_token": 6650,
      "hit_target": false,
      "stayed_source": false,
      "baseline_ok": true,
      "hook_calls": {
        "4": 1,
        "5": 1,
        "6": 1,
        "7": 1,
        "8": 1,
        "9": 1,
        "10": 1,
        "11": 1,
        "12": 1,
        "13": 1
      },
      "layer_geometry": {
        "4": {
          "raw_norms": [
            0.8009634613990784,
            0.7109475135803223
          ],
          "unit_cosine": 0.423309326171875
        },
        "5": {
          "raw_norms": [
            0.8089549541473389,
            0.7202023267745972
          ],
          "unit_cosine": 0.42742499709129333
        },
        "6": {
          "raw_norms": [
            0.6168736219406128,
            0.5742366909980774
          ],
          "unit_cosine": 0.4361492097377777
        },
        "7": {
          "raw_norms": [
            0.6600071787834167,
            0.6201234459877014
          ],
          "unit_cosine": 0.41555055975914
        },
        "8": {
          "raw_norms": [
            0.7092791795730591,
            0.6724079847335815
          ],
          "unit_cosine": 0.4122127592563629
        },
        "9": {
          "raw_norms": [
            0.7754276990890503,
            0.7282156944274902
          ],
          "unit_cosine": 0.40403199195861816
        },
        "10": {
          "raw_norms": [
            0.8181906938552856,
            0.7612742185592651
          ],
          "unit_cosine": 0.41160649061203003
        },
        "11": {
          "raw_norms": [
            0.8938294053077698,
            0.8163343071937561
          ],
          "unit_cosine": 0.4278516471385956
        },
        "12": {
          "raw_norms": [
            0.9413021802902222,
            0.8598278760910034
          ],
          "unit_cosine": 0.44697147607803345
        },
        "13": {
          "raw_norms": [
            0.9814013838768005,
            0.895899772644043
          ],
          "unit_cosine": 0.46633750200271606
        }
      },
      "layer_measurements": {
        "4": {
          "coordinate_abs_mean_pre": [
            0.4688607156276703,
            0.24705083668231964
          ],
          "coordinate_mean_pre": [
            0.44955864548683167,
            0.24705083668231964
          ],
          "coordinate_mean_post": [
            -0.36047297716140747,
            1.0570824146270752
          ],
          "swap_max_abs_error": 2.86102294921875e-06
        },
        "5": {
          "coordinate_abs_mean_pre": [
            1.134521484375,
            1.5852351188659668
          ],
          "coordinate_mean_pre": [
            -0.2507588267326355,
            1.0657988786697388
          ],
          "coordinate_mean_post": [
            5.01547384262085,
            -4.200431823730469
          ],
          "swap_max_abs_error": 1.1444091796875e-05
        },
        "6": {
          "coordinate_abs_mean_pre": [
            13.723260879516602,
            11.742773056030273
          ],
          "coordinate_mean_pre": [
            8.499434471130371,
            -6.172796726226807
          ],
          "coordinate_mean_post": [
            -50.189510345458984,
            52.516143798828125
          ],
          "swap_max_abs_error": 9.1552734375e-05
        },
        "7": {
          "coordinate_abs_mean_pre": [
            78.05376434326172,
            79.4193115234375
          ],
          "coordinate_mean_pre": [
            -44.80773162841797,
            46.91856384277344
          ],
          "coordinate_mean_post": [
            322.09759521484375,
            -319.98675537109375
          ],
          "swap_max_abs_error": 0.0009765625
        },
        "8": {
          "coordinate_abs_mean_pre": [
            486.25189208984375,
            479.177001953125
          ],
          "coordinate_mean_pre": [
            284.4676818847656,
            -279.0224304199219
          ],
          "coordinate_mean_post": [
            -1969.4927978515625,
            1974.93798828125
          ],
          "swap_max_abs_error": 0.0009765625
        },
        "9": {
          "coordinate_abs_mean_pre": [
            2933.38671875,
            2940.147705078125
          ],
          "coordinate_mean_pre": [
            -1711.7215576171875,
            1716.851318359375
          ],
          "coordinate_mean_post": [
            12002.5673828125,
            -11997.44140625
          ],
          "swap_max_abs_error": 0.015625
        },
        "10": {
          "coordinate_abs_mean_pre": [
            18868.515625,
            19137.5859375
          ],
          "coordinate_mean_pre": [
            11015.310546875,
            -11170.734375
          ],
          "coordinate_mean_post": [
            -77728.8515625,
            77573.4296875
          ],
          "swap_max_abs_error": 0.09375
        },
        "11": {
          "coordinate_abs_mean_pre": [
            118917.546875,
            120652.75
          ],
          "coordinate_mean_pre": [
            -69409.546875,
            70427.1875
          ],
          "coordinate_mean_post": [
            489937.40625,
            -488919.8125
          ],
          "swap_max_abs_error": 0.5
        },
        "12": {
          "coordinate_abs_mean_pre": [
            782352.25,
            779995.875
          ],
          "coordinate_mean_pre": [
            456597.34375,
            -455213.8125
          ],
          "coordinate_mean_post": [
            -3190648.0,
            3192031.75
          ],
          "swap_max_abs_error": 6.0
        },
        "13": {
          "coordinate_abs_mean_pre": [
            5194318.0,
            5240800.5
          ],
          "coordinate_mean_pre": [
            -3031486.25,
            3058522.0
          ],
          "coordinate_mean_post": [
            21328550.0,
            -21301518.0
          ],
          "swap_max_abs_error": 32.0
        }
      },
      "provenance": {
        "lens_file": "/__modal/volumes/vo-UTqV2w7ZVWoNtNbbwwfTeq/hf/hub/models--neuronpedia--jacobian-lens/snapshots/16a01f309fcec900fdcec3f4cd5b64f3d00e4d5a/qwen3.5-4b/jlens/Salesforce-wikitext/Qwen3.5-4B_jacobian_lens_n1000.pt",
        "lens_sha256": "1f9a8f8fd593f0ffec1a9640993257ca4560f8ae3e5602315643d5cc6818534e",
        "source_id": 6650,
        "target_id": 14437
      }
    },
    {
      "kind": "intervention",
      "source": "Canada",
      "target": "Egypt",
      "source_answer": "Ottawa",
      "target_answer": "Cairo",
      "band": "early_mid",
      "layers": [
        4,
        13
      ],
      "operator": "unit_exchange",
      "alpha": 1.0,
      "text": " Ottawa.\nA. True",
      "first_token": 31106,
      "hit_target": false,
      "stayed_source": true,
      "baseline_ok": true,
      "hook_calls": {
        "4": 1,
        "5": 1,
        "6": 1,
        "7": 1,
        "8": 1,
        "9": 1,
        "10": 1,
        "11": 1,
        "12": 1,
        "13": 1
      },
      "layer_geometry": {
        "4": {
          "raw_norms": [
            0.8009634613990784,
            0.7109475135803223
          ],
          "unit_cosine": 0.423309326171875
        },
        "5": {
          "raw_norms": [
            0.8089549541473389,
            0.7202023267745972
          ],
          "unit_cosine": 0.42742499709129333
        },
        "6": {
          "raw_norms": [
            0.6168736219406128,
            0.5742366909980774
          ],
          "unit_cosine": 0.4361492097377777
        },
        "7": {
          "raw_norms": [
            0.6600071787834167,
            0.6201234459877014
          ],
          "unit_cosine": 0.41555055975914
        },
        "8": {
          "raw_norms": [
            0.7092791795730591,
            0.6724079847335815
          ],
          "unit_cosine": 0.4122127592563629
        },
        "9": {
          "raw_norms": [
            0.7754276990890503,
            0.7282156944274902
          ],
          "unit_cosine": 0.40403199195861816
        },
        "10": {
          "raw_norms": [
            0.8181906938552856,
            0.7612742185592651
          ],
          "unit_cosine": 0.41160649061203003
        },
        "11": {
          "raw_norms": [
            0.8938294053077698,
            0.8163343071937561
          ],
          "unit_cosine": 0.4278516471385956
        },
        "12": {
          "raw_norms": [
            0.9413021802902222,
            0.8598278760910034
          ],
          "unit_cosine": 0.44697147607803345
        },
        "13": {
          "raw_norms": [
            0.9814013838768005,
            0.895899772644043
          ],
          "unit_cosine": 0.46633750200271606
        }
      },
      "layer_measurements": {
        "4": {
          "coordinate_abs_mean_pre": [
            0.3755401372909546,
            0.17564040422439575
          ],
          "coordinate_mean_pre": [
            0.3600798547267914,
            0.17564040422439575
          ],
          "coordinate_mean_post": [
            0.17564041912555695,
            0.360079824924469
          ],
          "swap_max_abs_error": 1.7881393432617188e-07
        },
        "5": {
          "coordinate_abs_mean_pre": [
            0.21249502897262573,
            0.40975475311279297
          ],
          "coordinate_mean_pre": [
            0.21249502897262573,
            0.40975475311279297
          ],
          "coordinate_mean_post": [
            0.40975481271743774,
            0.21249505877494812
          ],
          "swap_max_abs_error": 2.384185791015625e-07
        },
        "6": {
          "coordinate_abs_mean_pre": [
            0.8335753679275513,
            0.22893568873405457
          ],
          "coordinate_mean_pre": [
            0.8335753679275513,
            0.22715644538402557
          ],
          "coordinate_mean_post": [
            0.2271563857793808,
            0.8335756063461304
          ],
          "swap_max_abs_error": 9.5367431640625e-07
        },
        "7": {
          "coordinate_abs_mean_pre": [
            0.3511236608028412,
            0.7483870983123779
          ],
          "coordinate_mean_pre": [
            0.33915987610816956,
            0.7483870983123779
          ],
          "coordinate_mean_post": [
            0.7483870983123779,
            0.33915969729423523
          ],
          "swap_max_abs_error": 7.748603820800781e-07
        },
        "8": {
          "coordinate_abs_mean_pre": [
            0.886834979057312,
            0.30139780044555664
          ],
          "coordinate_mean_pre": [
            0.886834979057312,
            0.28037282824516296
          ],
          "coordinate_mean_post": [
            0.2803727090358734,
            0.8868348598480225
          ],
          "swap_max_abs_error": 4.76837158203125e-07
        },
        "9": {
          "coordinate_abs_mean_pre": [
            0.35069090127944946,
            0.8203483819961548
          ],
          "coordinate_mean_pre": [
            0.35069090127944946,
            0.8203483819961548
          ],
          "coordinate_mean_post": [
            0.8203485608100891,
            0.3506908416748047
          ],
          "swap_max_abs_error": 4.76837158203125e-07
        },
        "10": {
          "coordinate_abs_mean_pre": [
            0.8261085152626038,
            0.434828519821167
          ],
          "coordinate_mean_pre": [
            0.8261085152626038,
            0.434828519821167
          ],
          "coordinate_mean_post": [
            0.4348285496234894,
            0.8261085152626038
          ],
          "swap_max_abs_error": 4.76837158203125e-07
        },
        "11": {
          "coordinate_abs_mean_pre": [
            0.48810791969299316,
            0.7219223976135254
          ],
          "coordinate_mean_pre": [
            0.48810791969299316,
            0.7219223976135254
          ],
          "coordinate_mean_post": [
            0.7219223976135254,
            0.48810791969299316
          ],
          "swap_max_abs_error": 3.5762786865234375e-07
        },
        "12": {
          "coordinate_abs_mean_pre": [
            0.7685811519622803,
            0.5489957928657532
          ],
          "coordinate_mean_pre": [
            0.7685811519622803,
            0.5489957928657532
          ],
          "coordinate_mean_post": [
            0.5489959120750427,
            0.7685811519622803
          ],
          "swap_max_abs_error": 2.980232238769531e-07
        },
        "13": {
          "coordinate_abs_mean_pre": [
            0.4812101125717163,
            0.7797584533691406
          ],
          "coordinate_mean_pre": [
            0.4812101125717163,
            0.7797584533691406
          ],
          "coordinate_mean_post": [
            0.7797583341598511,
            0.48121005296707153
          ],
          "swap_max_abs_error": 5.364418029785156e-07
        }
      },
      "provenance": {
        "lens_file": "/__modal/volumes/vo-UTqV2w7ZVWoNtNbbwwfTeq/hf/hub/models--neuronpedia--jacobian-lens/snapshots/16a01f309fcec900fdcec3f4cd5b64f3d00e4d5a/qwen3.5-4b/jlens/Salesforce-wikitext/Qwen3.5-4B_jacobian_lens_n1000.pt",
        "lens_sha256": "1f9a8f8fd593f0ffec1a9640993257ca4560f8ae3e5602315643d5cc6818534e",
        "source_id": 6650,
        "target_id": 14437
      }
    },
    {
      "kind": "intervention",
      "source": "Canada",
      "target": "Egypt",
      "source_answer": "Ottawa",
      "target_answer": "Cairo",
      "band": "early_mid",
      "layers": [
        4,
        13
      ],
      "operator": "unit_exchange",
      "alpha": 2.0,
      "text": " Canada-5-Canada-",
      "first_token": 6650,
      "hit_target": false,
      "stayed_source": false,
      "baseline_ok": true,
      "hook_calls": {
        "4": 1,
        "5": 1,
        "6": 1,
        "7": 1,
        "8": 1,
        "9": 1,
        "10": 1,
        "11": 1,
        "12": 1,
        "13": 1
      },
      "layer_geometry": {
        "4": {
          "raw_norms": [
            0.8009634613990784,
            0.7109475135803223
          ],
          "unit_cosine": 0.423309326171875
        },
        "5": {
          "raw_norms": [
            0.8089549541473389,
            0.7202023267745972
          ],
          "unit_cosine": 0.42742499709129333
        },
        "6": {
          "raw_norms": [
            0.6168736219406128,
            0.5742366909980774
          ],
          "unit_cosine": 0.4361492097377777
        },
        "7": {
          "raw_norms": [
            0.6600071787834167,
            0.6201234459877014
          ],
          "unit_cosine": 0.41555055975914
        },
        "8": {
          "raw_norms": [
            0.7092791795730591,
            0.6724079847335815
          ],
          "unit_cosine": 0.4122127592563629
        },
        "9": {
          "raw_norms": [
            0.7754276990890503,
            0.7282156944274902
          ],
          "unit_cosine": 0.40403199195861816
        },
        "10": {
          "raw_norms": [
            0.8181906938552856,
            0.7612742185592651
          ],
          "unit_cosine": 0.41160649061203003
        },
        "11": {
          "raw_norms": [
            0.8938294053077698,
            0.8163343071937561
          ],
          "unit_cosine": 0.4278516471385956
        },
        "12": {
          "raw_norms": [
            0.9413021802902222,
            0.8598278760910034
          ],
          "unit_cosine": 0.44697147607803345
        },
        "13": {
          "raw_norms": [
            0.9814013838768005,
            0.895899772644043
          ],
          "unit_cosine": 0.46633750200271606
        }
      },
      "layer_measurements": {
        "4": {
          "coordinate_abs_mean_pre": [
            0.3755401372909546,
            0.17564040422439575
          ],
          "coordinate_mean_pre": [
            0.3600798547267914,
            0.17564040422439575
          ],
          "coordinate_mean_post": [
            -0.008799061179161072,
            0.544519305229187
          ],
          "swap_max_abs_error": 4.76837158203125e-07
        },
        "5": {
          "coordinate_abs_mean_pre": [
            0.30669140815734863,
            0.6836701035499573
          ],
          "coordinate_mean_pre": [
            0.04143965244293213,
            0.580863893032074
          ],
          "coordinate_mean_post": [
            1.1202881336212158,
            -0.49798446893692017
          ],
          "swap_max_abs_error": 9.5367431640625e-07
        },
        "6": {
          "coordinate_abs_mean_pre": [
            2.4012064933776855,
            1.5323363542556763
          ],
          "coordinate_mean_pre": [
            1.940063714981079,
            -0.7670450210571289
          ],
          "coordinate_mean_post": [
            -3.4741551876068115,
            4.647173881530762
          ],
          "swap_max_abs_error": 5.7220458984375e-06
        },
        "7": {
          "coordinate_abs_mean_pre": [
            5.079197883605957,
            6.09461784362793
          ],
          "coordinate_mean_pre": [
            -3.2870278358459473,
            4.559513568878174
          ],
          "coordinate_mean_post": [
            12.406052589416504,
            -11.133572578430176
          ],
          "swap_max_abs_error": 2.6702880859375e-05
        },
        "8": {
          "coordinate_abs_mean_pre": [
            16.74306297302246,
            15.396758079528809
          ],
          "coordinate_mean_pre": [
            12.323564529418945,
            -10.77393627166748
          ],
          "coordinate_mean_post": [
            -33.871437072753906,
            35.42106628417969
          ],
          "swap_max_abs_error": 1.52587890625e-05
        },
        "9": {
          "coordinate_abs_mean_pre": [
            44.91253662109375,
            45.73512268066406
          ],
          "coordinate_mean_pre": [
            -32.000511169433594,
            33.193145751953125
          ],
          "coordinate_mean_post": [
            98.3868408203125,
            -97.1941909790039
          ],
          "swap_max_abs_error": 0.000152587890625
        },
        "10": {
          "coordinate_abs_mean_pre": [
            132.9063720703125,
            132.05494689941406
          ],
          "coordinate_mean_pre": [
            96.22994232177734,
            -94.83672332763672
          ],
          "coordinate_mean_post": [
            -285.9033203125,
            287.2965087890625
          ],
          "swap_max_abs_error": 0.00048828125
        },
        "11": {
          "coordinate_abs_mean_pre": [
            389.5842590332031,
            388.38232421875
          ],
          "coordinate_mean_pre": [
            -280.6773681640625,
            280.38006591796875
          ],
          "coordinate_mean_post": [
            841.4375,
            -841.73486328125
          ],
          "swap_max_abs_error": 0.00048828125
        },
        "12": {
          "coordinate_abs_mean_pre": [
            1145.6685791015625,
            1142.097412109375
          ],
          "coordinate_mean_pre": [
            826.646240234375,
            -823.4522705078125
          ],
          "coordinate_mean_post": [
            -2473.551513671875,
            2476.7451171875
          ],
          "swap_max_abs_error": 0.0029296875
        },
        "13": {
          "coordinate_abs_mean_pre": [
            3398.60693359375,
            3418.9423828125
          ],
          "coordinate_mean_pre": [
            -2451.11474609375,
            2466.36083984375
          ],
          "coordinate_mean_post": [
            7383.8369140625,
            -7368.58984375
          ],
          "swap_max_abs_error": 0.00390625
        }
      },
      "provenance": {
        "lens_file": "/__modal/volumes/vo-UTqV2w7ZVWoNtNbbwwfTeq/hf/hub/models--neuronpedia--jacobian-lens/snapshots/16a01f309fcec900fdcec3f4cd5b64f3d00e4d5a/qwen3.5-4b/jlens/Salesforce-wikitext/Qwen3.5-4B_jacobian_lens_n1000.pt",
        "lens_sha256": "1f9a8f8fd593f0ffec1a9640993257ca4560f8ae3e5602315643d5cc6818534e",
        "source_id": 6650,
        "target_id": 14437
      }
    },
    {
      "kind": "intervention",
      "source": "Canada",
      "target": "Egypt",
      "source_answer": "Ottawa",
      "target_answer": "Cairo",
      "band": "early_mid",
      "layers": [
        4,
        13
      ],
      "operator": "unit_exchange",
      "alpha": 4.0,
      "text": " Canada-Canada-Canada-",
      "first_token": 6650,
      "hit_target": false,
      "stayed_source": false,
      "baseline_ok": true,
      "hook_calls": {
        "4": 1,
        "5": 1,
        "6": 1,
        "7": 1,
        "8": 1,
        "9": 1,
        "10": 1,
        "11": 1,
        "12": 1,
        "13": 1
      },
      "layer_geometry": {
        "4": {
          "raw_norms": [
            0.8009634613990784,
            0.7109475135803223
          ],
          "unit_cosine": 0.423309326171875
        },
        "5": {
          "raw_norms": [
            0.8089549541473389,
            0.7202023267745972
          ],
          "unit_cosine": 0.42742499709129333
        },
        "6": {
          "raw_norms": [
            0.6168736219406128,
            0.5742366909980774
          ],
          "unit_cosine": 0.4361492097377777
        },
        "7": {
          "raw_norms": [
            0.6600071787834167,
            0.6201234459877014
          ],
          "unit_cosine": 0.41555055975914
        },
        "8": {
          "raw_norms": [
            0.7092791795730591,
            0.6724079847335815
          ],
          "unit_cosine": 0.4122127592563629
        },
        "9": {
          "raw_norms": [
            0.7754276990890503,
            0.7282156944274902
          ],
          "unit_cosine": 0.40403199195861816
        },
        "10": {
          "raw_norms": [
            0.8181906938552856,
            0.7612742185592651
          ],
          "unit_cosine": 0.41160649061203003
        },
        "11": {
          "raw_norms": [
            0.8938294053077698,
            0.8163343071937561
          ],
          "unit_cosine": 0.4278516471385956
        },
        "12": {
          "raw_norms": [
            0.9413021802902222,
            0.8598278760910034
          ],
          "unit_cosine": 0.44697147607803345
        },
        "13": {
          "raw_norms": [
            0.9814013838768005,
            0.895899772644043
          ],
          "unit_cosine": 0.46633750200271606
        }
      },
      "layer_measurements": {
        "4": {
          "coordinate_abs_mean_pre": [
            0.3755401372909546,
            0.17564040422439575
          ],
          "coordinate_mean_pre": [
            0.3600798547267914,
            0.17564040422439575
          ],
          "coordinate_mean_post": [
            -0.37767791748046875,
            0.913398265838623
          ],
          "swap_max_abs_error": 7.152557373046875e-07
        },
        "5": {
          "coordinate_abs_mean_pre": [
            0.892290472984314,
            1.2991483211517334
          ],
          "coordinate_mean_pre": [
            -0.29087764024734497,
            0.9209961891174316
          ],
          "coordinate_mean_post": [
            4.55661678314209,
            -3.926499366760254
          ],
          "swap_max_abs_error": 3.814697265625e-06
        },
        "6": {
          "coordinate_abs_mean_pre": [
            8.60100269317627,
            7.541048049926758
          ],
          "coordinate_mean_pre": [
            5.689353942871094,
            -4.382169246673584
          ],
          "coordinate_mean_post": [
            -34.596744537353516,
            35.9039306640625
          ],
          "swap_max_abs_error": 3.0517578125e-05
        },
        "7": {
          "coordinate_abs_mean_pre": [
            53.17843246459961,
            54.55950164794922
          ],
          "coordinate_mean_pre": [
            -32.961116790771484,
            34.57918167114258
          ],
          "coordinate_mean_post": [
            237.2000732421875,
            -235.58204650878906
          ],
          "swap_max_abs_error": 0.0001220703125
        },
        "8": {
          "coordinate_abs_mean_pre": [
            357.9884948730469,
            355.46160888671875
          ],
          "coordinate_mean_pre": [
            225.1693878173828,
            -222.7638702392578
          ],
          "coordinate_mean_post": [
            -1566.563720703125,
            1568.968994140625
          ],
          "swap_max_abs_error": 0.0009765625
        },
        "9": {
          "coordinate_abs_mean_pre": [
            2371.697998046875,
            2352.57373046875
          ],
          "coordinate_mean_pre": [
            -1488.8045654296875,
            1477.6136474609375
          ],
          "coordinate_mean_post": [
            10376.869140625,
            -10388.0595703125
          ],
          "swap_max_abs_error": 0.009765625
        },
        "10": {
          "coordinate_abs_mean_pre": [
            16013.001953125,
            16089.177734375
          ],
          "coordinate_mean_pre": [
            10055.384765625,
            -10102.0537109375
          ],
          "coordinate_mean_post": [
            -70574.3515625,
            70527.6875
          ],
          "swap_max_abs_error": 0.03125
        },
        "11": {
          "coordinate_abs_mean_pre": [
            109836.1484375,
            109274.6484375
          ],
          "coordinate_mean_pre": [
            -68969.21875,
            68621.09375
          ],
          "coordinate_mean_post": [
            481392.0625,
            -481740.09375
          ],
          "swap_max_abs_error": 0.5
        },
        "12": {
          "coordinate_abs_mean_pre": [
            754510.25,
            751413.3125
          ],
          "coordinate_mean_pre": [
            473770.75,
            -471826.84375
          ],
          "coordinate_mean_post": [
            -3308620.5,
            3310564.5
          ],
          "swap_max_abs_error": 4.0
        },
        "13": {
          "coordinate_abs_mean_pre": [
            5228833.0,
            5251794.0
          ],
          "coordinate_mean_pre": [
            -3282919.0,
            3297274.5
          ],
          "coordinate_mean_post": [
            23037854.0,
            -23023500.0
          ],
          "swap_max_abs_error": 8.0
        }
      },
      "provenance": {
        "lens_file": "/__modal/volumes/vo-UTqV2w7ZVWoNtNbbwwfTeq/hf/hub/models--neuronpedia--jacobian-lens/snapshots/16a01f309fcec900fdcec3f4cd5b64f3d00e4d5a/qwen3.5-4b/jlens/Salesforce-wikitext/Qwen3.5-4B_jacobian_lens_n1000.pt",
        "lens_sha256": "1f9a8f8fd593f0ffec1a9640993257ca4560f8ae3e5602315643d5cc6818534e",
        "source_id": 6650,
        "target_id": 14437
      }
    },
    {
      "kind": "intervention",
      "source": "Canada",
      "target": "Egypt",
      "source_answer": "Ottawa",
      "target_answer": "Cairo",
      "band": "early_mid",
      "layers": [
        4,
        13
      ],
      "operator": "unit_transfer",
      "alpha": 1.0,
      "text": " Cairo.\nA. True",
      "first_token": 50779,
      "hit_target": true,
      "stayed_source": false,
      "baseline_ok": true,
      "hook_calls": {
        "4": 1,
        "5": 1,
        "6": 1,
        "7": 1,
        "8": 1,
        "9": 1,
        "10": 1,
        "11": 1,
        "12": 1,
        "13": 1
      },
      "layer_geometry": {
        "4": {
          "raw_norms": [
            0.8009634613990784,
            0.7109475135803223
          ],
          "unit_cosine": 0.423309326171875
        },
        "5": {
          "raw_norms": [
            0.8089549541473389,
            0.7202023267745972
          ],
          "unit_cosine": 0.42742499709129333
        },
        "6": {
          "raw_norms": [
            0.6168736219406128,
            0.5742366909980774
          ],
          "unit_cosine": 0.4361492097377777
        },
        "7": {
          "raw_norms": [
            0.6600071787834167,
            0.6201234459877014
          ],
          "unit_cosine": 0.41555055975914
        },
        "8": {
          "raw_norms": [
            0.7092791795730591,
            0.6724079847335815
          ],
          "unit_cosine": 0.4122127592563629
        },
        "9": {
          "raw_norms": [
            0.7754276990890503,
            0.7282156944274902
          ],
          "unit_cosine": 0.40403199195861816
        },
        "10": {
          "raw_norms": [
            0.8181906938552856,
            0.7612742185592651
          ],
          "unit_cosine": 0.41160649061203003
        },
        "11": {
          "raw_norms": [
            0.8938294053077698,
            0.8163343071937561
          ],
          "unit_cosine": 0.4278516471385956
        },
        "12": {
          "raw_norms": [
            0.9413021802902222,
            0.8598278760910034
          ],
          "unit_cosine": 0.44697147607803345
        },
        "13": {
          "raw_norms": [
            0.9814013838768005,
            0.895899772644043
          ],
          "unit_cosine": 0.46633750200271606
        }
      },
      "layer_measurements": {
        "4": {
          "source_abs_mean_pre": 0.4344301223754883,
          "source_mean_pre": 0.4344301223754883,
          "source_mean_post": 0.18389827013015747,
          "target_mean_pre": 0.32806530594825745,
          "target_mean_post": 0.5785971879959106
        },
        "5": {
          "source_abs_mean_pre": 0.24939356744289398,
          "source_mean_pre": 0.24939356744289398,
          "source_mean_post": 0.10659702122211456,
          "target_mean_pre": 0.633077085018158,
          "target_mean_post": 0.7758736610412598
        },
        "6": {
          "source_abs_mean_pre": 0.35890448093414307,
          "source_mean_pre": 0.35890448093414307,
          "source_mean_post": 0.15653589367866516,
          "target_mean_pre": 1.0818274021148682,
          "target_mean_post": 1.284196138381958
        },
        "7": {
          "source_abs_mean_pre": 0.21493850648403168,
          "source_mean_pre": 0.21493850648403168,
          "source_mean_post": 0.08931779861450195,
          "target_mean_pre": 1.2644132375717163,
          "target_mean_post": 1.3900339603424072
        },
        "8": {
          "source_abs_mean_pre": 0.15736959874629974,
          "source_mean_pre": 0.15736959874629974,
          "source_mean_post": 0.06486973166465759,
          "target_mean_pre": 1.3402801752090454,
          "target_mean_post": 1.4327800273895264
        },
        "9": {
          "source_abs_mean_pre": 0.1654818207025528,
          "source_mean_pre": 0.1654818207025528,
          "source_mean_post": 0.06685997545719147,
          "target_mean_pre": 1.4303054809570312,
          "target_mean_post": 1.5289273262023926
        },
        "10": {
          "source_abs_mean_pre": 0.17017032206058502,
          "source_mean_pre": 0.17017032206058502,
          "source_mean_post": 0.070043183863163,
          "target_mean_pre": 1.5931754112243652,
          "target_mean_post": 1.6933026313781738
        },
        "11": {
          "source_abs_mean_pre": 0.13486574590206146,
          "source_mean_pre": 0.13486574590206146,
          "source_mean_post": 0.057702548801898956,
          "target_mean_pre": 1.5699325799942017,
          "target_mean_post": 1.647095799446106
        },
        "12": {
          "source_abs_mean_pre": 0.1827857494354248,
          "source_mean_pre": 0.1827857494354248,
          "source_mean_post": 0.08169999718666077,
          "target_mean_pre": 1.709984540939331,
          "target_mean_post": 1.8110703229904175
        },
        "13": {
          "source_abs_mean_pre": 0.08302858471870422,
          "source_mean_pre": 0.06645339727401733,
          "source_mean_post": 0.030989695340394974,
          "target_mean_pre": 1.7646032571792603,
          "target_mean_post": 1.8000669479370117
        }
      },
      "provenance": {
        "lens_file": "/__modal/volumes/vo-UTqV2w7ZVWoNtNbbwwfTeq/hf/hub/models--neuronpedia--jacobian-lens/snapshots/16a01f309fcec900fdcec3f4cd5b64f3d00e4d5a/qwen3.5-4b/jlens/Salesforce-wikitext/Qwen3.5-4B_jacobian_lens_n1000.pt",
        "lens_sha256": "1f9a8f8fd593f0ffec1a9640993257ca4560f8ae3e5602315643d5cc6818534e",
        "source_id": 6650,
        "target_id": 14437
      }
    },
    {
      "kind": "intervention",
      "source": "Canada",
      "target": "Egypt",
      "source_answer": "Ottawa",
      "target_answer": "Cairo",
      "band": "early_mid",
      "layers": [
        4,
        13
      ],
      "operator": "unit_transfer",
      "alpha": 2.0,
      "text": " Cairo.\nA. True",
      "first_token": 50779,
      "hit_target": true,
      "stayed_source": false,
      "baseline_ok": true,
      "hook_calls": {
        "4": 1,
        "5": 1,
        "6": 1,
        "7": 1,
        "8": 1,
        "9": 1,
        "10": 1,
        "11": 1,
        "12": 1,
        "13": 1
      },
      "layer_geometry": {
        "4": {
          "raw_norms": [
            0.8009634613990784,
            0.7109475135803223
          ],
          "unit_cosine": 0.423309326171875
        },
        "5": {
          "raw_norms": [
            0.8089549541473389,
            0.7202023267745972
          ],
          "unit_cosine": 0.42742499709129333
        },
        "6": {
          "raw_norms": [
            0.6168736219406128,
            0.5742366909980774
          ],
          "unit_cosine": 0.4361492097377777
        },
        "7": {
          "raw_norms": [
            0.6600071787834167,
            0.6201234459877014
          ],
          "unit_cosine": 0.41555055975914
        },
        "8": {
          "raw_norms": [
            0.7092791795730591,
            0.6724079847335815
          ],
          "unit_cosine": 0.4122127592563629
        },
        "9": {
          "raw_norms": [
            0.7754276990890503,
            0.7282156944274902
          ],
          "unit_cosine": 0.40403199195861816
        },
        "10": {
          "raw_norms": [
            0.8181906938552856,
            0.7612742185592651
          ],
          "unit_cosine": 0.41160649061203003
        },
        "11": {
          "raw_norms": [
            0.8938294053077698,
            0.8163343071937561
          ],
          "unit_cosine": 0.4278516471385956
        },
        "12": {
          "raw_norms": [
            0.9413021802902222,
            0.8598278760910034
          ],
          "unit_cosine": 0.44697147607803345
        },
        "13": {
          "raw_norms": [
            0.9814013838768005,
            0.895899772644043
          ],
          "unit_cosine": 0.46633750200271606
        }
      },
      "layer_measurements": {
        "4": {
          "source_abs_mean_pre": 0.4344301223754883,
          "source_mean_pre": 0.4344301223754883,
          "source_mean_post": -0.06663354486227036,
          "target_mean_pre": 0.32806530594825745,
          "target_mean_post": 0.829129159450531
        },
        "5": {
          "source_abs_mean_pre": 0.049373745918273926,
          "source_mean_pre": 0.017350871115922928,
          "source_mean_post": -0.0025184794794768095,
          "target_mean_pre": 0.8658277988433838,
          "target_mean_post": 0.8856971263885498
        },
        "6": {
          "source_abs_mean_pre": 0.20645947754383087,
          "source_mean_pre": 0.20637565851211548,
          "source_mean_post": -0.02635449543595314,
          "target_mean_pre": 1.2207671403884888,
          "target_mean_post": 1.4534974098205566
        },
        "7": {
          "source_abs_mean_pre": 0.10321087390184402,
          "source_mean_pre": 0.028797384351491928,
          "source_mean_post": -0.0048638684675097466,
          "target_mean_pre": 1.4430469274520874,
          "target_mean_post": 1.476708173751831
        },
        "8": {
          "source_abs_mean_pre": 0.06359060108661652,
          "source_mean_pre": 0.06359060108661652,
          "source_mean_post": -0.011164933443069458,
          "target_mean_pre": 1.4207745790481567,
          "target_mean_post": 1.495530128479004
        },
        "9": {
          "source_abs_mean_pre": 0.09420451521873474,
          "source_mean_pre": 0.09420451521873474,
          "source_mean_post": -0.018081197515130043,
          "target_mean_pre": 1.491231918334961,
          "target_mean_post": 1.6035176515579224
        },
        "10": {
          "source_abs_mean_pre": 0.09567458927631378,
          "source_mean_pre": 0.09512290358543396,
          "source_mean_post": -0.016816459596157074,
          "target_mean_pre": 1.666649341583252,
          "target_mean_post": 1.7785887718200684
        },
        "11": {
          "source_abs_mean_pre": 0.056485533714294434,
          "source_mean_pre": 0.056485533714294434,
          "source_mean_post": -0.008150667883455753,
          "target_mean_pre": 1.6520029306411743,
          "target_mean_post": 1.7166390419006348
        },
        "12": {
          "source_abs_mean_pre": 0.12065190821886063,
          "source_mean_pre": 0.12065190821886063,
          "source_mean_post": -0.012795981951057911,
          "target_mean_pre": 1.7811758518218994,
          "target_mean_post": 1.914623737335205
        },
        "13": {
          "source_abs_mean_pre": 0.04802021384239197,
          "source_mean_pre": -0.022073183208703995,
          "source_mean_post": 0.0014860451919957995,
          "target_mean_pre": 1.8641901016235352,
          "target_mean_post": 1.8406307697296143
        }
      },
      "provenance": {
        "lens_file": "/__modal/volumes/vo-UTqV2w7ZVWoNtNbbwwfTeq/hf/hub/models--neuronpedia--jacobian-lens/snapshots/16a01f309fcec900fdcec3f4cd5b64f3d00e4d5a/qwen3.5-4b/jlens/Salesforce-wikitext/Qwen3.5-4B_jacobian_lens_n1000.pt",
        "lens_sha256": "1f9a8f8fd593f0ffec1a9640993257ca4560f8ae3e5602315643d5cc6818534e",
        "source_id": 6650,
        "target_id": 14437
      }
    },
    {
      "kind": "intervention",
      "source": "Canada",
      "target": "Egypt",
      "source_answer": "Ottawa",
      "target_answer": "Cairo",
      "band": "early_mid",
      "layers": [
        4,
        13
      ],
      "operator": "unit_transfer",
      "alpha": 4.0,
      "text": " Vancouver.\nA. True",
      "first_token": 21875,
      "hit_target": false,
      "stayed_source": false,
      "baseline_ok": true,
      "hook_calls": {
        "4": 1,
        "5": 1,
        "6": 1,
        "7": 1,
        "8": 1,
        "9": 1,
        "10": 1,
        "11": 1,
        "12": 1,
        "13": 1
      },
      "layer_geometry": {
        "4": {
          "raw_norms": [
            0.8009634613990784,
            0.7109475135803223
          ],
          "unit_cosine": 0.423309326171875
        },
        "5": {
          "raw_norms": [
            0.8089549541473389,
            0.7202023267745972
          ],
          "unit_cosine": 0.42742499709129333
        },
        "6": {
          "raw_norms": [
            0.6168736219406128,
            0.5742366909980774
          ],
          "unit_cosine": 0.4361492097377777
        },
        "7": {
          "raw_norms": [
            0.6600071787834167,
            0.6201234459877014
          ],
          "unit_cosine": 0.41555055975914
        },
        "8": {
          "raw_norms": [
            0.7092791795730591,
            0.6724079847335815
          ],
          "unit_cosine": 0.4122127592563629
        },
        "9": {
          "raw_norms": [
            0.7754276990890503,
            0.7282156944274902
          ],
          "unit_cosine": 0.40403199195861816
        },
        "10": {
          "raw_norms": [
            0.8181906938552856,
            0.7612742185592651
          ],
          "unit_cosine": 0.41160649061203003
        },
        "11": {
          "raw_norms": [
            0.8938294053077698,
            0.8163343071937561
          ],
          "unit_cosine": 0.4278516471385956
        },
        "12": {
          "raw_norms": [
            0.9413021802902222,
            0.8598278760910034
          ],
          "unit_cosine": 0.44697147607803345
        },
        "13": {
          "raw_norms": [
            0.9814013838768005,
            0.895899772644043
          ],
          "unit_cosine": 0.46633750200271606
        }
      },
      "layer_measurements": {
        "4": {
          "source_abs_mean_pre": 0.4344301223754883,
          "source_mean_pre": 0.4344301223754883,
          "source_mean_post": -0.5676971673965454,
          "target_mean_pre": 0.32806530594825745,
          "target_mean_post": 1.330193042755127
        },
        "5": {
          "source_abs_mean_pre": 0.43035098910331726,
          "source_mean_pre": -0.43035098910331726,
          "source_mean_post": 0.5552821159362793,
          "target_mean_pre": 1.3290891647338867,
          "target_mean_post": 0.34345653653144836
        },
        "6": {
          "source_abs_mean_pre": 0.980534553527832,
          "source_mean_pre": 0.980534553527832,
          "source_mean_post": -1.2309660911560059,
          "target_mean_pre": 0.5370209217071533,
          "target_mean_post": 2.7485225200653076
        },
        "7": {
          "source_abs_mean_pre": 1.104261040687561,
          "source_mean_pre": -1.104261040687561,
          "source_mean_post": 1.4772785902023315,
          "target_mean_pre": 2.7590713500976562,
          "target_mean_post": 0.17753158509731293
        },
        "8": {
          "source_abs_mean_pre": 1.4174021482467651,
          "source_mean_pre": 1.4174021482467651,
          "source_mean_post": -1.9151222705841064,
          "target_mean_pre": 0.21179136633872986,
          "target_mean_post": 3.5443150997161865
        },
        "9": {
          "source_abs_mean_pre": 1.6501882076263428,
          "source_mean_pre": -1.6501882076263428,
          "source_mean_post": 2.2836475372314453,
          "target_mean_pre": 3.279487133026123,
          "target_mean_post": -0.6543498039245605
        },
        "10": {
          "source_abs_mean_pre": 2.2678139209747314,
          "source_mean_pre": 2.2678139209747314,
          "source_mean_post": -3.0696535110473633,
          "target_mean_pre": -0.44107890129089355,
          "target_mean_post": 4.896389007568359
        },
        "11": {
          "source_abs_mean_pre": 2.845479965209961,
          "source_mean_pre": -2.845479965209961,
          "source_mean_post": 3.666666030883789,
          "target_mean_pre": 4.514362812042236,
          "target_mean_post": -1.9977833032608032
        },
        "12": {
          "source_abs_mean_pre": 3.5568127632141113,
          "source_mean_pre": 3.5568127632141113,
          "source_mean_post": -4.3112640380859375,
          "target_mean_pre": -1.7080339193344116,
          "target_mean_post": 6.160040855407715
        },
        "13": {
          "source_abs_mean_pre": 4.033760070800781,
          "source_mean_pre": -4.033760070800781,
          "source_mean_post": 4.576904296875,
          "target_mean_pre": 5.9367804527282715,
          "target_mean_post": -2.673886775970459
        }
      },
      "provenance": {
        "lens_file": "/__modal/volumes/vo-UTqV2w7ZVWoNtNbbwwfTeq/hf/hub/models--neuronpedia--jacobian-lens/snapshots/16a01f309fcec900fdcec3f4cd5b64f3d00e4d5a/qwen3.5-4b/jlens/Salesforce-wikitext/Qwen3.5-4B_jacobian_lens_n1000.pt",
        "lens_sha256": "1f9a8f8fd593f0ffec1a9640993257ca4560f8ae3e5602315643d5cc6818534e",
        "source_id": 6650,
        "target_id": 14437
      }
    }
  ]
}

Stopping app - local entrypoint completed.
✓ App completed. View run at
https://modal.com/apps/wassname/main/ap-kyvQCOanogM16lmyrQulLa
