scenario,identity,call,sequence_length,position,nonfinal_exact,next_block_exact,operator,removal_fraction,coordinate_before,coordinate_after,desired_norm,actual_norm,norm_error,orthogonal_change_norm,rounding_error_norm,rounding_bound
syco_bullshit_v2_leg_pnf_01,False,0,55,54,True,True,projection_removal,1.0,0.24113880097866058,0.0012365602888166904,0.24113880097866058,0.2405044287443161,0.0006343722343444824,0.0170106403529644,0.017055535688996315,0.08930765837430954
syco_bullshit_v2_leg_pnf_01,False,1,1,0,True,True,projection_removal,1.0,0.27155801653862,-0.00012747524306178093,0.27155801653862,0.2721498906612396,0.0005918741226196289,0.01589561440050602,0.01589612290263176,0.08579780161380768
syco_bullshit_v2_leg_pnf_01,False,2,1,0,True,True,projection_removal,1.0,0.7534477710723877,5.836132913827896e-05,0.7534477710723877,0.7537046074867249,0.0002568364143371582,0.021792199462652206,0.021792275831103325,0.11092677712440491
syco_bullshit_v2_leg_pnf_01,False,3,1,0,True,True,projection_removal,1.0,0.31537747383117676,-0.0012322776019573212,0.31537747383117676,0.317114919424057,0.001737445592880249,0.017895974218845367,0.017938336357474327,0.0947248786687851
syco_bullshit_v2_leg_pnf_01,False,4,1,0,True,True,projection_removal,1.0,0.2533232867717743,-0.0007800748571753502,0.2533232867717743,0.2548850178718567,0.0015617311000823975,0.01994788460433483,0.019963126629590988,0.09821426868438721
syco_bullshit_v2_leg_pnf_01,False,5,1,0,True,True,projection_removal,1.0,0.30775147676467896,0.00016666390001773834,0.30775147676467896,0.3081311285495758,0.0003796517848968506,0.0183404553681612,0.01834121160209179,0.09634482860565186
syco_bullshit_v2_leg_pnf_01,False,6,1,0,True,True,projection_removal,1.0,0.21992646157741547,-0.0002515772357583046,0.21992646157741547,0.22093671560287476,0.0010102540254592896,0.018295029178261757,0.018296757712960243,0.09501317888498306
syco_bullshit_v2_leg_pnf_01,False,7,1,0,True,True,projection_removal,1.0,0.20746257901191711,-0.00014726445078849792,0.20746257901191711,0.20859678089618683,0.0011342018842697144,0.020267710089683533,0.020268244668841362,0.10171009600162506
syco_bullshit_v2_leg_pnf_01,False,8,1,0,True,True,projection_removal,1.0,0.01807989552617073,0.0036385678686201572,0.01807989552617073,0.018198691308498383,0.00011879578232765198,0.011074303649365902,0.011656727641820908,0.08770693093538284
syco_bullshit_v2_leg_pnf_01,False,9,1,0,True,True,projection_removal,1.0,0.014202103950083256,0.004367315210402012,0.014202103950083256,0.013614551164209843,0.0005875527858734131,0.00941446702927351,0.010378116741776466,0.0907885804772377
syco_bullshit_v2_leg_pnf_01,False,10,1,0,True,True,projection_removal,1.0,0.3223660886287689,0.00026334915310144424,0.3223660886287689,0.3226604759693146,0.0002943873405456543,0.01896023377776146,0.018962059170007706,0.09888055920600891
syco_bullshit_v2_leg_pnf_01,False,11,1,0,True,True,projection_removal,1.0,-0.0908852145075798,-0.00020848587155342102,0.0908852219581604,0.09219575673341751,0.0013105347752571106,0.01666729710996151,0.01666860096156597,0.0965074747800827
syco_bullshit_v2_leg_pnf_01,False,12,1,0,True,True,projection_removal,1.0,0.24496975541114807,0.0006401771679520607,0.24496975541114807,0.24521686136722565,0.0002471059560775757,0.020840588957071304,0.020850416272878647,0.10207649320363998
syco_bullshit_v2_leg_pnf_01,False,13,1,0,True,True,projection_removal,1.0,0.2563290596008301,0.00014658900909125805,0.2563290596008301,0.2567344307899475,0.00040537118911743164,0.016826028004288673,0.01682666689157486,0.09120107442140579
syco_bullshit_v2_leg_pnf_01,False,14,1,0,True,True,projection_removal,1.0,0.2853509783744812,-0.00028141727671027184,0.2853509783744812,0.2863970398902893,0.0010460615158081055,0.020914500579237938,0.020916393026709557,0.10657734423875809
syco_bullshit_v2_leg_pnf_01,False,15,1,0,True,True,projection_removal,1.0,0.6195638179779053,-0.0007012318819761276,0.6195638179779053,0.6206551194190979,0.001091301441192627,0.02200525812804699,0.02201642282307148,0.10389132797718048
syco_bullshit_v2_leg_pnf_01,False,16,1,0,True,True,projection_removal,1.0,0.37233731150627136,0.00010196864604949951,0.37233731150627136,0.3727874755859375,0.0004501640796661377,0.02027863822877407,0.020278893411159515,0.10293295234441757
syco_bullshit_v2_leg_pnf_01,False,17,1,0,True,True,projection_removal,1.0,0.2851276993751526,-0.000528968870639801,0.2851276993751526,0.28634971380233765,0.0012220144271850586,0.019906874746084213,0.01991390809416771,0.10155895352363586
syco_bullshit_v2_leg_pnf_01,False,18,1,0,True,True,projection_removal,1.0,0.5015923976898193,-0.0002890489995479584,0.5015923976898193,0.502407431602478,0.0008150339126586914,0.02298552915453911,0.022987347096204758,0.10985387861728668
syco_bullshit_v2_leg_pnf_01,False,19,1,0,True,True,projection_removal,1.0,0.5132278203964233,-0.0005371980369091034,0.5132278203964233,0.5141339302062988,0.0009061098098754883,0.01947343349456787,0.019480841234326363,0.0966087281703949
syco_bullshit_v2_leg_pnf_01,False,20,1,0,True,True,projection_removal,1.0,0.004967310465872288,0.003544100560247898,0.004967310465872288,0.0030990210361778736,0.0018682894296944141,0.0027528859209269285,0.004487646743655205,0.08269061148166656
syco_bullshit_v2_leg_pnf_01,False,21,1,0,True,True,projection_removal,1.0,0.45923081040382385,-8.143717423081398e-06,0.45923081040382385,0.459664523601532,0.0004337131977081299,0.019775543361902237,0.019775545224547386,0.09635498374700546
syco_bullshit_v2_leg_pnf_01,False,22,1,0,True,True,projection_removal,1.0,0.562436580657959,0.00019073463045060635,0.562436580657959,0.5625821352005005,0.0001455545425415039,0.019451189786195755,0.01945212483406067,0.09988495707511902
syco_bullshit_v2_leg_pnf_01,False,23,1,0,True,True,projection_removal,1.0,0.4534941017627716,-0.00011386198457330465,0.4534941017627716,0.4540725350379944,0.0005784332752227783,0.0205333661288023,0.02053368277847767,0.1032269150018692
syco_bullshit_v2_leg_pnf_01,False,24,1,0,True,True,projection_removal,1.0,0.4178084135055542,-0.0007289485074579716,0.4178084135055542,0.41907817125320435,0.0012697577476501465,0.02128099836409092,0.021293481811881065,0.10324393212795258
syco_bullshit_v2_leg_pnf_01,False,25,1,0,True,True,projection_removal,1.0,0.6874094009399414,0.0007296325638890266,0.6874094009399414,0.6870269775390625,0.00038242340087890625,0.021847248077392578,0.021859435364603996,0.10900513082742691
syco_bullshit_v2_leg_pnf_01,False,26,1,0,True,True,projection_removal,1.0,0.19674663245677948,2.0701438188552856e-05,0.19674663245677948,0.19754216074943542,0.0007955282926559448,0.017939811572432518,0.017939824610948563,0.09999570995569229
syco_bullshit_v2_leg_pnf_01,False,27,1,0,True,True,projection_removal,1.0,0.38988935947418213,-0.0002582120359875262,0.38988935947418213,0.3906726837158203,0.0007833242416381836,0.02025488018989563,0.02025652304291725,0.09568082541227341
syco_bullshit_v2_leg_pnf_01,False,28,1,0,True,True,projection_removal,1.0,0.5119687914848328,-0.001280718483030796,0.5119688510894775,0.5137190818786621,0.0017502307891845703,0.02196311578154564,0.02200041525065899,0.10820519924163818
syco_bullshit_v2_leg_pnf_01,False,29,1,0,True,True,projection_removal,1.0,0.4462033212184906,0.00039598444709554315,0.4462033212184906,0.4462144076824188,1.1086463928222656e-05,0.019054550677537918,0.01905866339802742,0.10360689461231232
syco_bullshit_v2_leg_pnf_01,False,30,1,0,True,True,projection_removal,1.0,0.6576259732246399,0.0001376727595925331,0.6576259732246399,0.6578128337860107,0.0001868605613708496,0.020655710250139236,0.020656166598200798,0.1075347438454628
syco_bullshit_v2_leg_pnf_01,False,31,1,0,True,True,projection_removal,1.0,0.06449393928050995,0.0007709180936217308,0.06449393928050995,0.06651972234249115,0.002025783061981201,0.019085125997662544,0.01910068653523922,0.0943116694688797
syco_bullshit_v2_leg_pnf_01,False,32,1,0,True,True,projection_removal,1.0,0.37430357933044434,-0.0009133187122642994,0.37430357933044434,0.3757133185863495,0.0014097392559051514,0.019311362877488136,0.019332939758896828,0.09889331459999084
syco_bullshit_v2_leg_pnf_01,False,33,1,0,True,True,projection_removal,1.0,0.14834186434745789,0.0006949990056455135,0.14834186434745789,0.14852869510650635,0.00018683075904846191,0.016161534935235977,0.01617647334933281,0.0932156965136528
syco_bullshit_v2_leg_pnf_01,False,34,1,0,True,True,projection_removal,1.0,0.39384016394615173,-0.000367799773812294,0.39384016394615173,0.39482593536376953,0.0009857714176177979,0.02207459881901741,0.022077668458223343,0.10437753051519394
syco_bullshit_v2_leg_pnf_01,False,35,1,0,True,True,projection_removal,1.0,0.6555048823356628,0.00032111257314682007,0.6555048823356628,0.6555725336074829,6.765127182006836e-05,0.02257128618657589,0.022573567926883698,0.11123937368392944
syco_bullshit_v2_leg_pnf_01,False,36,1,0,True,True,projection_removal,1.0,0.4758560359477997,-0.000616762787103653,0.4758560359477997,0.4769001007080078,0.0010440647602081299,0.020186951383948326,0.02019636705517769,0.10437364876270294
syco_bullshit_v2_leg_pnf_01,False,37,1,0,True,True,projection_removal,1.0,0.4902503192424774,0.0006868024356663227,0.4902503192424774,0.4900519847869873,0.0001983344554901123,0.02187914028763771,0.021889925003051758,0.1094885915517807
syco_bullshit_v2_leg_pnf_01,False,38,1,0,True,True,projection_removal,1.0,0.5960476398468018,-0.0006305137649178505,0.5960476398468018,0.5969623327255249,0.0009146928787231445,0.018415138125419617,0.01842592842876911,0.09792372584342957
syco_bullshit_v2_leg_pnf_01,False,39,1,0,True,True,projection_removal,1.0,0.5891126394271851,-0.00031655561178922653,0.5891126394271851,0.5897457599639893,0.0006331205368041992,0.01932842843234539,0.019331015646457672,0.1046498566865921
syco_bullshit_v2_leg_pnf_01,False,40,1,0,True,True,projection_removal,1.0,0.3032160997390747,-0.0007168836891651154,0.3032160997390747,0.30448630452156067,0.001270204782485962,0.01834595948457718,0.018359964713454247,0.10001477599143982
syco_bullshit_v2_leg_pnf_01,False,41,1,0,True,True,projection_removal,1.0,0.4363284111022949,0.000816042535007,0.4363284111022949,0.43598347902297974,0.00034493207931518555,0.020261229947209358,0.020277654752135277,0.11015017330646515
syco_bullshit_v2_leg_pnf_01,False,42,1,0,True,True,projection_removal,1.0,0.39447662234306335,-0.0009161988273262978,0.39447662234306335,0.3958908021450043,0.001414179801940918,0.01985090784728527,0.019872037693858147,0.09764667600393295
syco_bullshit_v2_leg_pnf_01,False,43,1,0,True,True,projection_removal,1.0,0.2273607701063156,0.00017825234681367874,0.2273607701063156,0.22777073085308075,0.0004099607467651367,0.01635950431227684,0.01636047661304474,0.09530225396156311
syco_bullshit_v2_leg_pnf_01,False,44,1,0,True,True,projection_removal,1.0,0.1046634390950203,0.001240807119756937,0.1046634390950203,0.10450930148363113,0.00015413761138916016,0.015031812712550163,0.015082938596606255,0.0874551311135292
syco_bullshit_v2_leg_pnf_01,False,45,1,0,True,True,projection_removal,1.0,-0.04752229526638985,-0.0007182140834629536,0.04752229526638985,0.04907865449786186,0.0015563592314720154,0.014767996035516262,0.01478545181453228,0.09078890830278397
syco_bullshit_v2_leg_pnf_01,False,46,1,0,True,True,projection_removal,1.0,0.2535213232040405,0.0007047178223729134,0.2535213232040405,0.25356027483940125,3.8951635360717773e-05,0.01940719597041607,0.019419990479946136,0.10388847440481186
syco_bullshit_v2_leg_pnf_01,False,47,1,0,True,True,projection_removal,1.0,0.1715669333934784,9.734835475683212e-05,0.1715669333934784,0.17244058847427368,0.0008736550807952881,0.018274741247296333,0.018275000154972076,0.09800518304109573
syco_bullshit_v2_leg_pnf_01,False,48,1,0,True,True,projection_removal,1.0,0.6325905323028564,-0.0002699207980185747,0.6325905323028564,0.6331546902656555,0.0005641579627990723,0.01929452084004879,0.01929641328752041,0.10486017167568207
syco_bullshit_v2_leg_pnf_01,False,49,1,0,True,True,projection_removal,1.0,0.6223353147506714,-0.0011474636849015951,0.6223353147506714,0.6237217783927917,0.0013864636421203613,0.017277909442782402,0.017315948382019997,0.09959091991186142
syco_bullshit_v2_leg_pnf_01,False,50,1,0,True,True,projection_removal,1.0,0.49453431367874146,0.000376921147108078,0.49453434348106384,0.4944794476032257,5.4895877838134766e-05,0.017849504947662354,0.01785348914563656,0.10086559504270554
syco_bullshit_v2_leg_pnf_01,False,51,1,0,True,True,projection_removal,1.0,0.8822153210639954,-0.0003363434225320816,0.8822153210639954,0.8828119039535522,0.0005965828895568848,0.02144315466284752,0.02144578844308853,0.10813533514738083
syco_bullshit_v2_leg_pnf_01,False,52,1,0,True,True,projection_removal,1.0,0.8266873359680176,0.00010994495823979378,0.8266873359680176,0.8268855214118958,0.00019818544387817383,0.022583873942494392,0.022584138438105583,0.10966087877750397
syco_bullshit_v2_leg_pnf_01,False,53,1,0,True,True,projection_removal,1.0,0.6580946445465088,0.0003404170274734497,0.6580946445465088,0.6579815149307251,0.0001131296157836914,0.01730739325284958,0.017310746014118195,0.09928938746452332
syco_bullshit_v2_leg_pnf_01,False,54,1,0,True,True,projection_removal,1.0,0.3072872757911682,0.0005748807452619076,0.3072872757911682,0.3071381747722626,0.00014910101890563965,0.01616170071065426,0.016171913594007492,0.0869399905204773
syco_bullshit_v2_leg_pnf_01,False,55,1,0,True,True,projection_removal,1.0,0.024671679362654686,0.0033645285293459892,0.024671679362654686,0.025377197191119194,0.0007055178284645081,0.0137843182310462,0.014188989996910095,0.09293672442436218
syco_bullshit_v2_leg_pnf_01,False,56,1,0,True,True,projection_removal,1.0,0.3139164447784424,0.000919585581868887,0.3139164447784424,0.3135436177253723,0.00037282705307006836,0.018506422638893127,0.018529249355196953,0.1040024608373642
syco_bullshit_v2_leg_pnf_01,False,57,1,0,True,True,projection_removal,1.0,0.5935428142547607,0.0004882821813225746,0.5935428142547607,0.5934792160987854,6.35981559753418e-05,0.022454489022493362,0.02245980314910412,0.10605199635028839
syco_bullshit_v2_leg_pnf_01,False,58,1,0,True,True,projection_removal,1.0,0.6626266837120056,-0.00035121385008096695,0.6626266837120056,0.6632702946662903,0.000643610954284668,0.01968379318714142,0.019686929881572723,0.09402643144130707
syco_bullshit_v2_leg_pnf_01,False,59,1,0,True,True,projection_removal,1.0,0.24963945150375366,6.0366466641426086e-05,0.24963946640491486,0.24996507167816162,0.00032560527324676514,0.013887387700378895,0.013887519016861916,0.070119708776474
syco_bullshit_v2_leg_pnf_01,False,60,1,0,True,True,projection_removal,1.0,0.3163672089576721,2.0704814232885838e-05,0.3163672089576721,0.31670626997947693,0.00033906102180480957,0.01508951187133789,0.01508952584117651,0.08502114564180374
syco_bullshit_v2_leg_pnf_02,False,0,52,51,True,True,projection_removal,1.0,0.2868821918964386,2.177199348807335e-06,0.2868821918964386,0.2873835265636444,0.0005013346672058105,0.017006730660796165,0.017006730660796165,0.08691414445638657
syco_bullshit_v2_leg_pnf_02,False,1,1,0,True,True,projection_removal,1.0,0.50579434633255,-0.0010450280969962478,0.50579434633255,0.5072857737541199,0.0014914274215698242,0.021274004131555557,0.021299663931131363,0.09972545504570007
syco_bullshit_v2_leg_pnf_02,False,2,1,0,True,True,projection_removal,1.0,0.6948974132537842,-0.00041410746052861214,0.6948974132537842,0.6955454349517822,0.0006480216979980469,0.018038155511021614,0.018042907118797302,0.10164104402065277
syco_bullshit_v2_leg_pnf_02,False,3,1,0,True,True,projection_removal,1.0,0.5408122539520264,-0.000101480633020401,0.5408122539520264,0.541251540184021,0.0004392862319946289,0.019112125039100647,0.019112396985292435,0.09912022948265076
syco_bullshit_v2_leg_pnf_02,False,4,1,0,True,True,projection_removal,1.0,0.32996177673339844,4.00003045797348e-06,0.32996177673339844,0.3304941654205322,0.0005323886871337891,0.018817348405718803,0.018817348405718803,0.09706291556358337
syco_bullshit_v2_leg_pnf_02,False,5,1,0,True,True,projection_removal,1.0,0.639144778251648,6.252480670809746e-05,0.639144778251648,0.6394309401512146,0.0002861618995666504,0.02110031060874462,0.021100401878356934,0.10461216419935226
syco_bullshit_v2_leg_pnf_02,False,6,1,0,True,True,projection_removal,1.0,0.030319277197122574,0.0023663118481636047,0.030319277197122574,0.032182421535253525,0.001863144338130951,0.01594802737236023,0.016122624278068542,0.09967289119958878
syco_bullshit_v2_leg_pnf_02,False,7,1,0,True,True,projection_removal,1.0,0.548858642578125,-0.00014381739310920238,0.548858642578125,0.5493755340576172,0.0005168914794921875,0.02023829147219658,0.020238803699612617,0.10533414036035538
syco_bullshit_v2_leg_pnf_02,False,8,1,0,True,True,projection_removal,1.0,0.5289617776870728,-0.0004694554954767227,0.5289617776870728,0.5297725796699524,0.0008108019828796387,0.019016901031136513,0.019022691994905472,0.09841583669185638
syco_bullshit_v2_leg_pnf_02,False,9,1,0,True,True,projection_removal,1.0,0.4296678900718689,-0.0003685522824525833,0.4296678900718689,0.430446058511734,0.0007781684398651123,0.018770283088088036,0.01877390407025814,0.0924278125166893
syco_bullshit_v2_leg_pnf_02,False,10,1,0,True,True,projection_removal,1.0,0.4077083468437195,-0.0005013342015445232,0.4077083468437195,0.40857362747192383,0.0008652806282043457,0.017246078699827194,0.017253359779715538,0.08591818809509277
syco_bullshit_v2_leg_pnf_02,False,11,1,0,True,True,projection_removal,1.0,0.4431683123111725,0.0011684512719511986,0.4431683123111725,0.4424947500228882,0.0006735622882843018,0.02092122472822666,0.02095382660627365,0.10733398050069809
syco_bullshit_v2_leg_pnf_02,False,12,1,0,True,True,projection_removal,1.0,0.3311959505081177,0.0009283013641834259,0.3311959505081177,0.33080077171325684,0.00039517879486083984,0.018775541335344315,0.018798481673002243,0.09747155010700226
syco_bullshit_v2_leg_pnf_02,False,13,1,0,True,True,projection_removal,1.0,0.5122852325439453,1.983949914574623e-05,0.5122852325439453,0.512601912021637,0.0003166794776916504,0.01856927201151848,0.018569283187389374,0.09602956473827362
syco_bullshit_v2_leg_pnf_02,False,14,1,0,True,True,projection_removal,1.0,0.3786953091621399,0.0014855978079140186,0.3786953091621399,0.37784379720687866,0.0008515119552612305,0.021882683038711548,0.02193306013941765,0.10270683467388153
syco_bullshit_v2_leg_pnf_02,False,15,1,0,True,True,projection_removal,1.0,0.4203726351261139,-0.000581592321395874,0.4203726351261139,0.42133593559265137,0.0009633004665374756,0.01793467067182064,0.01794409193098545,0.0952610895037651
syco_bullshit_v2_leg_pnf_02,False,16,1,0,True,True,projection_removal,1.0,0.4339578449726105,4.717521369457245e-05,0.4339578449726105,0.4343218207359314,0.00036397576332092285,0.018891388550400734,0.01889144629240036,0.09160220623016357
syco_bullshit_v2_leg_pnf_02,False,17,1,0,True,True,projection_removal,1.0,0.40635666251182556,0.00017272122204303741,0.40635666251182556,0.40662306547164917,0.0002664029598236084,0.018895016983151436,0.01889580674469471,0.09505241364240646
syco_bullshit_v2_leg_pnf_02,False,18,1,0,True,True,projection_removal,1.0,0.3126063942909241,-0.0006073960103094578,0.3126063942909241,0.3138342797756195,0.0012278854846954346,0.019724680110812187,0.019734028726816177,0.10199294239282608
syco_bullshit_v2_leg_pnf_02,False,19,1,0,True,True,projection_removal,1.0,0.4036100506782532,-0.0004844851791858673,0.4036100506782532,0.40460890531539917,0.000998854637145996,0.020395474508404732,0.020401228219270706,0.09809793531894684
syco_bullshit_v2_leg_pnf_02,False,20,1,0,True,True,projection_removal,1.0,0.27765899896621704,0.00037153251469135284,0.27765899896621704,0.2778971791267395,0.00023818016052246094,0.01839751936495304,0.018401268869638443,0.09771036356687546
syco_bullshit_v2_leg_pnf_02,False,21,1,0,True,True,projection_removal,1.0,0.6287342309951782,-0.001389861572533846,0.6287342309951782,0.6305136680603027,0.0017794370651245117,0.02217436581850052,0.022217851132154465,0.1096421480178833
syco_bullshit_v2_leg_pnf_02,False,22,1,0,True,True,projection_removal,1.0,0.6204449534416199,0.0005871369503438473,0.6204449534416199,0.6201636791229248,0.00028127431869506836,0.019481608644127846,0.01949045993387699,0.1047200933098793
syco_bullshit_v2_leg_pnf_02,False,23,1,0,True,True,projection_removal,1.0,0.7827270030975342,0.0004845266230404377,0.7827270030975342,0.7825531363487244,0.00017386674880981445,0.02205130085349083,0.02205662801861763,0.10799857974052429
syco_bullshit_v2_leg_pnf_02,False,24,1,0,True,True,projection_removal,1.0,0.5612173676490784,0.0010729599744081497,0.5612173676490784,0.5606169700622559,0.0006003975868225098,0.023004313930869102,0.023029306903481483,0.11032362282276154
syco_bullshit_v2_leg_pnf_02,False,25,1,0,True,True,projection_removal,1.0,0.3223663866519928,0.0008511301130056381,0.3223663866519928,0.32199910283088684,0.00036728382110595703,0.0176509041339159,0.017671426758170128,0.0955340638756752
syco_bullshit_v2_leg_pnf_02,False,26,1,0,True,True,projection_removal,1.0,0.5442025065422058,0.0006436477415263653,0.5442025661468506,0.543912947177887,0.00028961896896362305,0.01963096112012863,0.019641518592834473,0.1000644862651825
syco_bullshit_v2_leg_pnf_02,False,27,1,0,True,True,projection_removal,1.0,0.5289248824119568,-0.0004497542977333069,0.5289248824119568,0.5297693014144897,0.000844419002532959,0.02045304700732231,0.020457984879612923,0.10808060318231583
syco_bullshit_v2_leg_pnf_02,False,28,1,0,True,True,projection_removal,1.0,0.4230126142501831,-0.0005542775616049767,0.4230126440525055,0.4239805340766907,0.0009678900241851807,0.018723372370004654,0.018731575459241867,0.09897954016923904
syco_bullshit_v2_leg_pnf_02,False,29,1,0,True,True,projection_removal,1.0,0.18999458849430084,0.0007040239870548248,0.18999458849430084,0.19011566042900085,0.00012107193470001221,0.01769380085170269,0.01770780421793461,0.09635074436664581
syco_bullshit_v2_leg_pnf_02,False,30,1,0,True,True,projection_removal,1.0,0.5296714305877686,-0.0003604586236178875,0.5296714305877686,0.5303784608840942,0.0007070302963256836,0.01916765794157982,0.01917104795575142,0.10104335844516754
syco_bullshit_v2_leg_pnf_02,False,31,1,0,True,True,projection_removal,1.0,0.20363947749137878,-0.000330453272908926,0.20363947749137878,0.2050289660692215,0.0013894885778427124,0.020810142159461975,0.02081276848912239,0.10579075664281845
syco_bullshit_v2_leg_pnf_02,False,32,1,0,True,True,projection_removal,1.0,0.7308542728424072,0.0002558613196015358,0.7308542728424072,0.730953574180603,9.930133819580078e-05,0.022772563621401787,0.022773997858166695,0.11209218204021454
syco_bullshit_v2_leg_pnf_02,False,33,1,0,True,True,projection_removal,1.0,0.3823191523551941,0.0007759672589600086,0.3823191523551941,0.38203543424606323,0.0002837181091308594,0.019388064742088318,0.01940358802676201,0.10177631676197052
syco_bullshit_v2_leg_pnf_02,False,34,1,0,True,True,projection_removal,1.0,0.4099003076553345,-0.0016390793025493622,0.4099003076553345,0.41198742389678955,0.002087116241455078,0.019206082448363304,0.019275907427072525,0.09556934982538223
syco_bullshit_v2_leg_pnf_02,False,35,1,0,True,True,projection_removal,1.0,0.15914678573608398,-0.0005347649566829205,0.15914678573608398,0.1605904996395111,0.001443713903427124,0.017062153667211533,0.017070531845092773,0.090480737388134
syco_bullshit_v2_leg_pnf_02,False,36,1,0,True,True,projection_removal,1.0,0.15852852165699005,-0.0009876192780211568,0.15852852165699005,0.16042356193065643,0.0018950402736663818,0.017038363963365555,0.017066966742277145,0.09045791625976562
syco_bullshit_v2_leg_pnf_02,False,37,1,0,True,True,projection_removal,1.0,0.29809966683387756,0.0007065394893288612,0.29809966683387756,0.298038125038147,6.154179573059082e-05,0.019595662131905556,0.01960838958621025,0.09666251391172409
syco_bullshit_v2_leg_pnf_02,False,38,1,0,True,True,projection_removal,1.0,0.32343271374702454,0.000666513224132359,0.32343271374702454,0.32330554723739624,0.0001271665096282959,0.018669363111257553,0.01868126168847084,0.08969925343990326
syco_bullshit_v2_leg_pnf_02,False,39,1,0,True,True,projection_removal,1.0,-0.2648605704307556,0.0005491888150572777,0.2648605704307556,0.266147643327713,0.0012870728969573975,0.019804952666163445,0.01981256529688835,0.10314517468214035
syco_bullshit_v2_leg_pnf_02,False,40,1,0,True,True,projection_removal,1.0,0.5100672245025635,-0.0010637859813869,0.5100672245025635,0.5115129947662354,0.001445770263671875,0.019760411232709885,0.01978903077542782,0.10634315013885498
syco_bullshit_v2_leg_pnf_02,False,41,1,0,True,True,projection_removal,1.0,0.1282118409872055,0.0009060362353920937,0.1282118409872055,0.12830521166324615,9.337067604064941e-05,0.015983983874320984,0.016009647399187088,0.09206914156675339
syco_bullshit_v2_leg_pnf_02,False,42,1,0,True,True,projection_removal,1.0,0.19680488109588623,0.00012895814143121243,0.19680488109588623,0.19739867746829987,0.0005937963724136353,0.016874518245458603,0.016875009983778,0.09817018359899521
syco_bullshit_v2_leg_pnf_02,False,43,1,0,True,True,projection_removal,1.0,0.5011358261108398,-0.00031366199254989624,0.5011358261108398,0.5018187761306763,0.0006829500198364258,0.019247572869062424,0.01925012841820717,0.10525655001401901
syco_bullshit_v2_leg_pnf_02,False,44,1,0,True,True,projection_removal,1.0,0.3421608507633209,0.0005081137642264366,0.3421608507633209,0.34216633439064026,5.4836273193359375e-06,0.01874280907213688,0.018749698996543884,0.10472071170806885
syco_bullshit_v2_leg_pnf_02,False,45,1,0,True,True,projection_removal,1.0,0.02483859658241272,0.003290182910859585,0.02483859658241272,0.025540199130773544,0.0007016025483608246,0.01371000986546278,0.014099261723458767,0.10032763332128525
syco_bullshit_v2_leg_pnf_02,False,46,1,0,True,True,projection_removal,1.0,0.03992609679698944,0.001063130795955658,0.03992609679698944,0.04195260629057884,0.0020265094935894012,0.01580154150724411,0.01583726331591606,0.08940812200307846
syco_bullshit_v2_leg_pnf_02,False,47,1,0,True,True,projection_removal,1.0,0.011291404254734516,0.004985526204109192,0.011291404254734516,0.009808403439819813,0.0014830008149147034,0.007512688636779785,0.00901641882956028,0.09256953001022339
syco_bullshit_v2_leg_pnf_02,False,48,1,0,True,True,projection_removal,1.0,0.1894184648990631,0.0006130491383373737,0.1894184798002243,0.18947987258434296,6.139278411865234e-05,0.015972431749105453,0.01598419062793255,0.08906128257513046
syco_bullshit_v2_leg_pnf_02,False,49,1,0,True,True,projection_removal,1.0,-0.025880588218569756,-0.003614471759647131,0.025880588218569756,0.025966718792915344,8.613057434558868e-05,0.013360070995986462,0.013840379193425179,0.09051083028316498
syco_bullshit_v2_leg_pnf_02,False,50,1,0,True,True,projection_removal,1.0,0.17383597791194916,-0.0011158366687595844,0.17383597791194916,0.1758662909269333,0.002030313014984131,0.017910713329911232,0.017945440486073494,0.0969587042927742
syco_bullshit_v2_leg_pnf_02,False,51,1,0,True,True,projection_removal,1.0,0.21545210480690002,0.00010219309478998184,0.21545211970806122,0.21636871993541718,0.000916600227355957,0.02097315341234207,0.02097340300679207,0.10094555467367172
syco_bullshit_v2_leg_pnf_02,False,52,1,0,True,True,projection_removal,1.0,0.28992071747779846,-0.00031732674688100815,0.28992071747779846,0.2908763289451599,0.0009556114673614502,0.01926177181303501,0.019264383241534233,0.09367857873439789
syco_bullshit_v2_leg_pnf_02,False,53,1,0,True,True,projection_removal,1.0,0.15827596187591553,-0.0002946583554148674,0.15827596187591553,0.1594877988100052,0.0012118369340896606,0.01707945205271244,0.01708199456334114,0.090275339782238
syco_bullshit_v2_leg_pnf_02,False,54,1,0,True,True,projection_removal,1.0,0.22014079988002777,0.0006586918607354164,0.22014079988002777,0.22016283869743347,2.2038817405700684e-05,0.01730009913444519,0.017312634736299515,0.09579648077487946
syco_bullshit_v2_leg_pnf_02,False,55,1,0,True,True,projection_removal,1.0,0.9607028961181641,-0.0005321071948856115,0.9607028961181641,0.9614956378936768,0.0007927417755126953,0.022390225902199745,0.022396547719836235,0.11047812551259995
syco_bullshit_v2_leg_pnf_02,False,56,1,0,True,True,projection_removal,1.0,0.8306342363357544,-0.00042067281901836395,0.8306342363357544,0.8313561081886292,0.0007218718528747559,0.02238762006163597,0.02239156886935234,0.10873487591743469
syco_bullshit_v2_leg_pnf_02,False,57,1,0,True,True,projection_removal,1.0,0.2726382911205292,0.0008533783257007599,0.2726382911205292,0.2723630964756012,0.0002751946449279785,0.01774001494050026,0.017760537564754486,0.09080817550420761
syco_bullshit_v2_leg_pnf_02,False,58,1,0,True,True,projection_removal,1.0,0.00012542353942990303,0.00012517767027020454,0.00012542353942990303,6.226875484571792e-06,0.00011919666576432064,6.222205684025539e-06,0.00012533697008620948,0.08938866853713989
syco_bullshit_v2_leg_pnf_02,False,59,1,0,True,True,projection_removal,1.0,0.0579850859940052,-6.209220737218857e-05,0.0579850897192955,0.06017014756798744,0.0021850578486919403,0.01584223471581936,0.01584235578775406,0.08872833102941513
syco_bullshit_v2_leg_pnf_02,False,60,1,0,True,True,projection_removal,1.0,0.05319664999842644,0.001395637635141611,0.05319664999842644,0.054535139352083206,0.0013384893536567688,0.017051128670573235,0.01710815355181694,0.09732351452112198
syco_bullshit_v2_leg_pnf_02,False,61,1,0,True,True,projection_removal,1.0,0.21836884319782257,0.0006615547463297844,0.21836884319782257,0.21857711672782898,0.0002082735300064087,0.01947990618646145,0.019491134211421013,0.10250205546617508
syco_bullshit_v2_leg_pnf_02,False,62,1,0,True,True,projection_removal,1.0,0.40971502661705017,-0.0001907823607325554,0.40971502661705017,0.4103350341320038,0.0006200075149536133,0.018767090514302254,0.018768059089779854,0.10000909119844437
syco_bullshit_v2_leg_pnf_02,False,63,1,0,True,True,projection_removal,1.0,0.7702488303184509,-0.0005782204680144787,0.7702488303184509,0.7710729241371155,0.0008240938186645508,0.019481800496578217,0.019490372389554977,0.10091608762741089
syco_bullshit_v2_leg_pnf_02,False,64,1,0,True,True,projection_removal,1.0,0.26485204696655273,0.0002761371433734894,0.26485204696655273,0.2649557590484619,0.00010371208190917969,0.014183239080011845,0.01418592780828476,0.07110986113548279
syco_bullshit_v2_leg_pnf_02,False,65,1,0,True,True,projection_removal,1.0,0.48039954900741577,-0.00036851863842457533,0.48039954900741577,0.48104068636894226,0.0006411373615264893,0.01619652658700943,0.01620071567595005,0.08691886812448502
syco_bullshit_v2_leg_pnf_03,False,0,59,58,True,True,projection_removal,1.0,0.30406463146209717,-0.00019403407350182533,0.30406463146209717,0.3048073947429657,0.0007427632808685303,0.018283143639564514,0.01828417181968689,0.0910375714302063
syco_bullshit_v2_leg_pnf_03,False,1,1,0,True,True,projection_removal,1.0,0.5009981989860535,-0.00015386007726192474,0.5009981989860535,0.5015477538108826,0.0005495548248291016,0.019917089492082596,0.0199176836758852,0.09662699699401855
syco_bullshit_v2_leg_pnf_03,False,2,1,0,True,True,projection_removal,1.0,0.3634212017059326,-0.0011940952390432358,0.363421231508255,0.3651367723941803,0.001715540885925293,0.019504163414239883,0.01954069174826145,0.09541674703359604
syco_bullshit_v2_leg_pnf_03,False,3,1,0,True,True,projection_removal,1.0,0.4073013961315155,-0.00039625586941838264,0.4073013961315155,0.4082125127315521,0.0009111166000366211,0.02049829810857773,0.020502125844359398,0.09869801253080368
syco_bullshit_v2_leg_pnf_03,False,4,1,0,True,True,projection_removal,1.0,0.37043097615242004,-0.000549571355804801,0.37043097615242004,0.3715405762195587,0.0011096000671386719,0.02038976550102234,0.02039717324078083,0.0988198071718216
syco_bullshit_v2_leg_pnf_03,False,5,1,0,True,True,projection_removal,1.0,0.42944419384002686,-0.0005255055148154497,0.42944419384002686,0.43032923340797424,0.0008850395679473877,0.017588244751095772,0.017596092075109482,0.09497710317373276
syco_bullshit_v2_leg_pnf_03,False,6,1,0,True,True,projection_removal,1.0,0.6511104702949524,0.00028971023857593536,0.6511105298995972,0.6511992812156677,8.875131607055664e-05,0.02219933271408081,0.02220122329890728,0.10931574553251266
syco_bullshit_v2_leg_pnf_03,False,7,1,0,True,True,projection_removal,1.0,0.29271167516708374,0.00036154408007860184,0.29271167516708374,0.2927968502044678,8.51750373840332e-05,0.016167860478162766,0.016171902418136597,0.08825301378965378
syco_bullshit_v2_leg_pnf_03,False,8,1,0,True,True,projection_removal,1.0,0.18403053283691406,0.0011116033419966698,0.18403054773807526,0.1837485134601593,0.0002820342779159546,0.017440468072891235,0.017475854605436325,0.09445308148860931
syco_bullshit_v2_leg_pnf_03,False,9,1,0,True,True,projection_removal,1.0,0.11234523355960846,-5.174335092306137e-05,0.11234523355960846,0.11365707218647003,0.0013118386268615723,0.016877496615052223,0.01687757670879364,0.08959515392780304
syco_bullshit_v2_leg_pnf_03,False,10,1,0,True,True,projection_removal,1.0,0.2422289103269577,0.00021258415654301643,0.2422289103269577,0.2426827847957611,0.00045387446880340576,0.017973637208342552,0.017974894493818283,0.09682097285985947
syco_bullshit_v2_leg_pnf_03,False,11,1,0,True,True,projection_removal,1.0,0.9116719961166382,-0.0008609415963292122,0.9116719961166382,0.9128364324569702,0.0011644363403320312,0.023538699373602867,0.02355443313717842,0.11424073576927185
syco_bullshit_v2_leg_pnf_03,False,12,1,0,True,True,projection_removal,1.0,0.4263414144515991,-0.0005000019446015358,0.4263414144515991,0.42723849415779114,0.0008970797061920166,0.01842234469950199,0.018429121002554893,0.10004257410764694
syco_bullshit_v2_leg_pnf_03,False,13,1,0,True,True,projection_removal,1.0,0.4657280445098877,-0.0006202198565006256,0.4657280445098877,0.4667735993862152,0.0010455548763275146,0.01992082968354225,0.019930485635995865,0.09918364882469177
syco_bullshit_v2_leg_pnf_03,False,14,1,0,True,True,projection_removal,1.0,0.5697238445281982,0.001309746876358986,0.5697238445281982,0.5687869191169739,0.0009369254112243652,0.020595654845237732,0.02063727006316185,0.10430456697940826
syco_bullshit_v2_leg_pnf_03,False,15,1,0,True,True,projection_removal,1.0,0.6793381571769714,-0.00016474537551403046,0.6793381571769714,0.6798460483551025,0.0005078911781311035,0.021594708785414696,0.021595338359475136,0.10928300023078918
syco_bullshit_v2_leg_pnf_03,False,16,1,0,True,True,projection_removal,1.0,0.5997812747955322,0.0014239351730793715,0.5997812747955322,0.5987176299095154,0.0010636448860168457,0.02077450416982174,0.020823262631893158,0.10297219455242157
syco_bullshit_v2_leg_pnf_03,False,17,1,0,True,True,projection_removal,1.0,0.41042396426200867,-0.0010870504193007946,0.41042396426200867,0.41203004121780396,0.001606076955795288,0.020682184025645256,0.020710712298750877,0.10034621506929398
syco_bullshit_v2_leg_pnf_03,False,18,1,0,True,True,projection_removal,1.0,0.460903137922287,0.0005446046125143766,0.460903137922287,0.46070873737335205,0.00019440054893493652,0.01796356588602066,0.017971821129322052,0.09332188218832016
syco_bullshit_v2_leg_pnf_03,False,19,1,0,True,True,projection_removal,1.0,-0.19663548469543457,0.0013993177562952042,0.19663548469543457,0.19878056645393372,0.0021450817584991455,0.017202984541654587,0.01725979894399643,0.09196659922599792
syco_bullshit_v2_leg_pnf_03,False,20,1,0,True,True,projection_removal,1.0,0.28940120339393616,-0.0006794556975364685,0.28940120339393616,0.29087233543395996,0.0014711320400238037,0.02144513465464115,0.021455897018313408,0.10249905288219452
syco_bullshit_v2_leg_pnf_03,False,21,1,0,True,True,projection_removal,1.0,0.625663697719574,0.0005991053767502308,0.625663697719574,0.6253358125686646,0.00032788515090942383,0.018429983407258987,0.018439730629324913,0.09871428459882736
syco_bullshit_v2_leg_pnf_03,False,22,1,0,True,True,projection_removal,1.0,0.4698648154735565,-0.0006259237416088581,0.4698648154735565,0.470831960439682,0.0009671449661254883,0.017905492335557938,0.017916448414325714,0.09060088545084
syco_bullshit_v2_leg_pnf_03,False,23,1,0,True,True,projection_removal,1.0,0.4746362268924713,0.00020064320415258408,0.4746362268924713,0.4748924672603607,0.0002562403678894043,0.02081291563808918,0.020813876762986183,0.10482407361268997
syco_bullshit_v2_leg_pnf_03,False,24,1,0,True,True,projection_removal,1.0,0.5962690711021423,0.0002110954374074936,0.5962690711021423,0.596516489982605,0.0002474188804626465,0.023379692807793617,0.023380644619464874,0.11101619154214859
syco_bullshit_v2_leg_pnf_03,False,25,1,0,True,True,projection_removal,1.0,0.5325736403465271,0.00018352922052145004,0.5325736403465271,0.5327727198600769,0.0001990795135498047,0.020189212635159492,0.020190048962831497,0.10194810479879379
syco_bullshit_v2_leg_pnf_03,False,26,1,0,True,True,projection_removal,1.0,0.8914581537246704,0.00015341362450271845,0.8914581537246704,0.8915392756462097,8.112192153930664e-05,0.02045506238937378,0.02045563794672489,0.10510900616645813
syco_bullshit_v2_leg_pnf_03,False,27,1,0,True,True,projection_removal,1.0,0.8663451075553894,-0.00042288657277822495,0.8663451075553894,0.8669824004173279,0.0006372928619384766,0.01926644891500473,0.01927109621465206,0.1005825474858284
syco_bullshit_v2_leg_pnf_03,False,28,1,0,True,True,projection_removal,1.0,0.7672773599624634,0.000584648922085762,0.7672773599624634,0.7669646739959717,0.0003126859664916992,0.020440159365534782,0.020448531955480576,0.10400821268558502
syco_bullshit_v2_leg_pnf_03,False,29,1,0,True,True,projection_removal,1.0,0.7174014449119568,-0.00042487739119678736,0.7174015045166016,0.7180538177490234,0.000652313232421875,0.01806781068444252,0.018072808161377907,0.09939774125814438
syco_bullshit_v2_leg_pnf_03,False,30,1,0,True,True,projection_removal,1.0,0.5680088996887207,0.0013329852372407913,0.5680088996887207,0.5669916868209839,0.0010172128677368164,0.01891377568244934,0.018960673362016678,0.10064021497964859
syco_bullshit_v2_leg_pnf_03,False,31,1,0,True,True,projection_removal,1.0,0.8817497491836548,0.000435682013630867,0.8817497491836548,0.8815717697143555,0.0001779794692993164,0.02131769061088562,0.02132214419543743,0.10832325369119644
syco_bullshit_v2_leg_pnf_03,False,32,1,0,True,True,projection_removal,1.0,0.9439283609390259,-0.0005622599273920059,0.9439283609390259,0.9447009563446045,0.0007725954055786133,0.019950304180383682,0.019958214834332466,0.11251550912857056
syco_bullshit_v2_leg_pnf_03,False,33,1,0,True,True,projection_removal,1.0,0.5140791535377502,-0.0007991176098585129,0.5140791535377502,0.5152891874313354,0.001210033893585205,0.020568881183862686,0.020584406331181526,0.10808037966489792
syco_bullshit_v2_leg_pnf_03,False,34,1,0,True,True,projection_removal,1.0,1.0755846500396729,0.000541532295756042,1.0755846500396729,1.0753185749053955,0.00026607513427734375,0.02431405521929264,0.024320071563124657,0.11855415999889374
syco_bullshit_v2_leg_pnf_03,False,35,1,0,True,True,projection_removal,1.0,0.5655166506767273,0.00048071378841996193,0.5655166506767273,0.5654441118240356,7.253885269165039e-05,0.02148023620247841,0.02148561365902424,0.1077115386724472
syco_bullshit_v2_leg_pnf_03,False,36,1,0,True,True,projection_removal,1.0,0.7322538495063782,0.00029646256007254124,0.7322538495063782,0.7322718501091003,1.800060272216797e-05,0.021455295383930206,0.021457340568304062,0.1063510924577713
syco_bullshit_v2_leg_pnf_03,False,37,1,0,True,True,projection_removal,1.0,0.9644929766654968,0.0008376520127058029,0.9644929766654968,0.96393883228302,0.0005541443824768066,0.023386763408780098,0.023401768878102303,0.11264300346374512
syco_bullshit_v2_leg_pnf_03,False,38,1,0,True,True,projection_removal,1.0,0.7712383270263672,-0.0008816276676952839,0.7712383270263672,0.7724317312240601,0.001193404197692871,0.021936004981398582,0.021953722462058067,0.1105455607175827
syco_bullshit_v2_leg_pnf_03,False,39,1,0,True,True,projection_removal,1.0,0.7491253614425659,-0.00020123180001974106,0.7491253614425659,0.7496018409729004,0.00047647953033447266,0.020326824858784676,0.020327815786004066,0.10501797497272491
syco_bullshit_v2_leg_pnf_03,False,40,1,0,True,True,projection_removal,1.0,0.9679638743400574,-0.0003121253103017807,0.9679638743400574,0.9685473442077637,0.0005834698677062988,0.02291194722056389,0.02291407808661461,0.10932628810405731
syco_bullshit_v2_leg_pnf_03,False,41,1,0,True,True,projection_removal,1.0,0.7807365655899048,-7.137283682823181e-05,0.7807365655899048,0.7811035513877869,0.0003669857978820801,0.02149500511586666,0.021495120599865913,0.1043575331568718
syco_bullshit_v2_leg_pnf_03,False,42,1,0,True,True,projection_removal,1.0,0.6945953369140625,0.0013314513489603996,0.6945953369140625,0.6936179995536804,0.00097733736038208,0.02215190790593624,0.022191867232322693,0.10800325125455856
syco_bullshit_v2_leg_pnf_03,False,43,1,0,True,True,projection_removal,1.0,0.8569316864013672,-0.00031704618595540524,0.8569316864013672,0.8575368523597717,0.000605165958404541,0.022233109921216965,0.022235367447137833,0.11635345220565796
syco_bullshit_v2_leg_pnf_03,False,44,1,0,True,True,projection_removal,1.0,0.558269202709198,-0.0006292155012488365,0.558269202709198,0.5593125224113464,0.0010433197021484375,0.021527333185076714,0.021536516025662422,0.10250087082386017
syco_bullshit_v2_leg_pnf_03,False,45,1,0,True,True,projection_removal,1.0,0.7077895402908325,-0.00013928813859820366,0.7077895402908325,0.7081496119499207,0.00036007165908813477,0.017670687288045883,0.017671236768364906,0.09681763499975204
syco_bullshit_v2_leg_pnf_03,False,46,1,0,True,True,projection_removal,1.0,0.555128276348114,7.805507630109787e-05,0.555128276348114,0.5553921461105347,0.0002638697624206543,0.019482413306832314,0.01948256976902485,0.09934192895889282
syco_bullshit_v2_leg_pnf_03,False,47,1,0,True,True,projection_removal,1.0,0.899165153503418,0.0007977127097547054,0.899165153503418,0.8986381888389587,0.0005269646644592285,0.02206512913107872,0.022079551592469215,0.1103910282254219
syco_bullshit_v2_leg_pnf_03,False,48,1,0,True,True,projection_removal,1.0,0.5907217264175415,0.0013951798900961876,0.5907217264175415,0.5897238254547119,0.0009979009628295898,0.021641429513692856,0.02168634720146656,0.10849256813526154
syco_bullshit_v2_leg_pnf_03,False,49,1,0,True,True,projection_removal,1.0,0.8479651808738708,-0.00015021022409200668,0.8479651808738708,0.848496675491333,0.0005314946174621582,0.025425996631383896,0.025426439940929413,0.10664822906255722
syco_bullshit_v2_leg_pnf_03,False,50,1,0,True,True,projection_removal,1.0,0.8698897957801819,-0.00043348874896764755,0.8698898553848267,0.8706018328666687,0.000711977481842041,0.02203511819243431,0.022039376199245453,0.11406095325946808
syco_bullshit_v2_leg_pnf_03,False,51,1,0,True,True,projection_removal,1.0,0.8204100131988525,0.0002914280630648136,0.8204100131988525,0.8203760981559753,3.3915042877197266e-05,0.02053731121122837,0.02053937315940857,0.10315659642219543
syco_bullshit_v2_leg_pnf_03,False,52,1,0,True,True,projection_removal,1.0,0.6668412089347839,1.2897886335849762e-05,0.6668412089347839,0.6670504212379456,0.0002092123031616211,0.017236169427633286,0.017236175015568733,0.09575627744197845
syco_bullshit_v2_leg_pnf_03,False,53,1,0,True,True,projection_removal,1.0,0.7333990931510925,0.0010257279500365257,0.7333990931510925,0.7326155304908752,0.0007835626602172852,0.018821993842720985,0.018849901854991913,0.09755399078130722
syco_bullshit_v2_leg_pnf_03,False,54,1,0,True,True,projection_removal,1.0,0.4228125810623169,-0.0003344654105603695,0.4228125810623169,0.42359378933906555,0.0007812082767486572,0.019458657130599022,0.01946152374148369,0.09994277358055115
syco_bullshit_v2_leg_pnf_03,False,55,1,0,True,True,projection_removal,1.0,0.945850133895874,0.0006572664715349674,0.945850133895874,0.9454519152641296,0.00039821863174438477,0.022131972014904022,0.02214173413813114,0.11063401401042938
syco_bullshit_v2_leg_pnf_03,False,56,1,0,True,True,projection_removal,1.0,0.9029794335365295,0.0011549349874258041,0.9029794335365295,0.9020857810974121,0.0008936524391174316,0.021672576665878296,0.021703282371163368,0.10509045422077179
syco_bullshit_v2_leg_pnf_03,False,57,1,0,True,True,projection_removal,1.0,0.7309773564338684,6.975466385483742e-05,0.7309773564338684,0.7311586737632751,0.00018131732940673828,0.01915515400469303,0.01915528066456318,0.09700612723827362
syco_bullshit_v2_leg_pnf_03,False,58,1,0,True,True,projection_removal,1.0,0.2452705055475235,0.0009899744763970375,0.2452705055475235,0.24466116726398468,0.0006093382835388184,0.01364180538803339,0.013677678070962429,0.06924518197774887
syco_bullshit_v2_leg_pnf_03,False,59,1,0,True,True,projection_removal,1.0,0.5100120306015015,-0.0011785603128373623,0.5100120306015015,0.5114225745201111,0.0014105439186096191,0.015405728481709957,0.015450737439095974,0.08815054595470428
syco_bullshit_v2_med_pnf_01,False,0,49,48,True,True,projection_removal,1.0,0.2057403326034546,-0.00044713146053254604,0.2057403326034546,0.20686157047748566,0.001121237874031067,0.016685113310813904,0.01669110544025898,0.08732794970273972
syco_bullshit_v2_med_pnf_01,False,1,1,0,True,True,projection_removal,1.0,0.26505884528160095,-9.046494960784912e-05,0.26505884528160095,0.26584938168525696,0.0007905364036560059,0.019281480461359024,0.019281692802906036,0.09557174891233444
syco_bullshit_v2_med_pnf_01,False,2,1,0,True,True,projection_removal,1.0,0.3531314432621002,0.0002046041190624237,0.3531314432621002,0.3534572124481201,0.00032576918601989746,0.019349321722984314,0.01935040019452572,0.10320185124874115
syco_bullshit_v2_med_pnf_01,False,3,1,0,True,True,projection_removal,1.0,0.575555145740509,-0.0010821649339050055,0.575555145740509,0.5770320296287537,0.001476883888244629,0.02133774757385254,0.021365173161029816,0.10268362611532211
syco_bullshit_v2_med_pnf_01,False,4,1,0,True,True,projection_removal,1.0,0.7176024317741394,0.001176726073026657,0.7176024317741394,0.7166778445243835,0.0009245872497558594,0.01902536302804947,0.019061744213104248,0.09835109114646912
syco_bullshit_v2_med_pnf_01,False,5,1,0,True,True,projection_removal,1.0,0.8744533658027649,-8.717179298400879e-05,0.8744533658027649,0.8748282194137573,0.00037485361099243164,0.022460022941231728,0.02246018685400486,0.10780950635671616
syco_bullshit_v2_med_pnf_01,False,6,1,0,True,True,projection_removal,1.0,0.6755917072296143,-0.0003426112234592438,0.6755917072296143,0.6761824488639832,0.0005907416343688965,0.018305890262126923,0.018309101462364197,0.10079342126846313
syco_bullshit_v2_med_pnf_01,False,7,1,0,True,True,projection_removal,1.0,0.4852643609046936,-0.0002731778658926487,0.485264390707016,0.4860140085220337,0.0007496178150177002,0.021512702107429504,0.021514438092708588,0.1016310602426529
syco_bullshit_v2_med_pnf_01,False,8,1,0,True,True,projection_removal,1.0,0.4576091766357422,0.001250656321644783,0.4576091766357422,0.45683085918426514,0.0007783174514770508,0.020771613344550133,0.020809238776564598,0.10398858040571213
syco_bullshit_v2_med_pnf_01,False,9,1,0,True,True,projection_removal,1.0,0.09624463319778442,-0.0005349393468350172,0.09624463319778442,0.09828486293554306,0.0020402297377586365,0.0171353742480278,0.017143722623586655,0.0932246595621109
syco_bullshit_v2_med_pnf_01,False,10,1,0,True,True,projection_removal,1.0,0.1984877735376358,0.00012238789349794388,0.1984877735376358,0.19911769032478333,0.000629916787147522,0.0172918438911438,0.01729227788746357,0.09649655222892761
syco_bullshit_v2_med_pnf_01,False,11,1,0,True,True,projection_removal,1.0,0.7732836604118347,-0.0002892361953854561,0.7732836604118347,0.7739200592041016,0.0006363987922668457,0.02317892014980316,0.023180723190307617,0.11270920187234879
syco_bullshit_v2_med_pnf_01,False,12,1,0,True,True,projection_removal,1.0,0.5403871536254883,8.084462024271488e-05,0.5403871536254883,0.5406661629676819,0.0002790093421936035,0.019711334258317947,0.01971150003373623,0.09600042551755905
syco_bullshit_v2_med_pnf_01,False,13,1,0,True,True,projection_removal,1.0,0.36310672760009766,0.0001793568953871727,0.36310672760009766,0.36352309584617615,0.0004163682460784912,0.02080625668168068,0.02080703154206276,0.0985981896519661
syco_bullshit_v2_med_pnf_01,False,14,1,0,True,True,projection_removal,1.0,0.515601634979248,-0.00031046755611896515,0.515601634979248,0.5163173079490662,0.0007156729698181152,0.020452303811907768,0.020454660058021545,0.10183102637529373
syco_bullshit_v2_med_pnf_01,False,15,1,0,True,True,projection_removal,1.0,0.22492553293704987,0.0003074146807193756,0.22492553293704987,0.22538600862026215,0.0004604756832122803,0.018589746206998825,0.018592288717627525,0.10209681838750839
syco_bullshit_v2_med_pnf_01,False,16,1,0,True,True,projection_removal,1.0,0.1755438894033432,0.0001667030155658722,0.1755438894033432,0.17636971175670624,0.0008258223533630371,0.01868724264204502,0.018687987700104713,0.10395582765340805
syco_bullshit_v2_med_pnf_01,False,17,1,0,True,True,projection_removal,1.0,0.5448075532913208,0.00011092051863670349,0.5448075532913208,0.5450958609580994,0.00028830766677856445,0.020858462899923325,0.020858759060502052,0.09970346093177795
syco_bullshit_v2_med_pnf_01,False,18,1,0,True,True,projection_removal,1.0,0.771375298500061,-4.979223012924194e-05,0.771375298500061,0.7716931700706482,0.0003178715705871582,0.02034054882824421,0.020340608432888985,0.10155145823955536
syco_bullshit_v2_med_pnf_01,False,19,1,0,True,True,projection_removal,1.0,0.44582676887512207,0.00024440325796604156,0.44582679867744446,0.4459153413772583,8.854269981384277e-05,0.017227686941623688,0.017229419201612473,0.09643186628818512
syco_bullshit_v2_med_pnf_01,False,20,1,0,True,True,projection_removal,1.0,0.22224517166614532,0.0010043890215456486,0.22224517166614532,0.22211958467960358,0.00012558698654174805,0.01973843388259411,0.019763968884944916,0.10381749272346497
syco_bullshit_v2_med_pnf_01,False,21,1,0,True,True,projection_removal,1.0,0.03121906891465187,0.0024754833430051804,0.03121906891465187,0.03180285915732384,0.0005837902426719666,0.013609792105853558,0.013833087868988514,0.09069537371397018
syco_bullshit_v2_med_pnf_01,False,22,1,0,True,True,projection_removal,1.0,0.4990721344947815,0.000366374384611845,0.4990721344947815,0.49920836091041565,0.00013622641563415527,0.022392742335796356,0.02239573933184147,0.10870792716741562
syco_bullshit_v2_med_pnf_01,False,23,1,0,True,True,projection_removal,1.0,0.8013551831245422,-0.00020858179777860641,0.8013551831245422,0.8018769025802612,0.0005217194557189941,0.022399084642529488,0.022400056943297386,0.10928022116422653
syco_bullshit_v2_med_pnf_01,False,24,1,0,True,True,projection_removal,1.0,0.5676397681236267,0.0008272146806120872,0.5676397681236267,0.5671138763427734,0.0005258917808532715,0.018486008048057556,0.018504511564970016,0.0989883542060852
syco_bullshit_v2_med_pnf_01,False,25,1,0,True,True,projection_removal,1.0,0.37500905990600586,0.0005726004019379616,0.37500905990600586,0.3749754726886749,3.358721733093262e-05,0.020095819607377052,0.020103972405195236,0.09713102132081985
syco_bullshit_v2_med_pnf_01,False,26,1,0,True,True,projection_removal,1.0,0.2465885579586029,-0.0007528457790613174,0.2465885579586029,0.2479659914970398,0.0013774335384368896,0.01758873648941517,0.01760484091937542,0.09541167318820953
syco_bullshit_v2_med_pnf_01,False,27,1,0,True,True,projection_removal,1.0,0.8364527821540833,-0.00042625563219189644,0.8364527821540833,0.8371344804763794,0.0006816983222961426,0.020682688802480698,0.020687079057097435,0.11220773309469223
syco_bullshit_v2_med_pnf_01,False,28,1,0,True,True,projection_removal,1.0,0.5252626538276672,-0.0002912897616624832,0.5252626538276672,0.5260372757911682,0.0007746219635009766,0.02254391275346279,0.022545792162418365,0.10691869258880615
syco_bullshit_v2_med_pnf_01,False,29,1,0,True,True,projection_removal,1.0,0.573554277420044,0.0005687368102371693,0.573554277420044,0.5732737183570862,0.00028055906295776367,0.018172170966863632,0.01818106137216091,0.09365823864936829
syco_bullshit_v2_med_pnf_01,False,30,1,0,True,True,projection_removal,1.0,0.9841783046722412,-0.00035104667767882347,0.9841783046722412,0.9848002791404724,0.0006219744682312012,0.023087231442332268,0.023089904338121414,0.10944581031799316
syco_bullshit_v2_med_pnf_01,False,31,1,0,True,True,projection_removal,1.0,0.5356295108795166,0.0006226496770977974,0.5356295108795166,0.5353860855102539,0.0002434253692626953,0.020124902948737144,0.02013450674712658,0.09690241515636444
syco_bullshit_v2_med_pnf_01,False,32,1,0,True,True,projection_removal,1.0,0.4220767617225647,-0.00032261619344353676,0.4220767915248871,0.42281103134155273,0.0007342398166656494,0.01865212805569172,0.018654918298125267,0.09827623516321182
syco_bullshit_v2_med_pnf_01,False,33,1,0,True,True,projection_removal,1.0,0.18340592086315155,-0.0016297437250614166,0.18340592086315155,0.1860596239566803,0.0026537030935287476,0.019493242725729942,0.019561251625418663,0.09843270480632782
syco_bullshit_v2_med_pnf_01,False,34,1,0,True,True,projection_removal,1.0,0.37386953830718994,-0.0007720309658907354,0.37386953830718994,0.37504687905311584,0.0011773407459259033,0.017427241429686546,0.017444342374801636,0.08870482444763184
syco_bullshit_v2_med_pnf_01,False,35,1,0,True,True,projection_removal,1.0,0.06400876492261887,0.0007204086286947131,0.06400876492261887,0.06550587713718414,0.001497112214565277,0.01689976453781128,0.016915112733840942,0.09550102800130844
syco_bullshit_v2_med_pnf_01,False,36,1,0,True,True,projection_removal,1.0,0.00020821020007133484,0.0002063661813735962,0.00020821020007133484,2.2921551135368645e-05,0.0001852886489359662,2.28454518946819e-05,0.00020760478219017386,0.09384623169898987
syco_bullshit_v2_med_pnf_01,False,37,1,0,True,True,projection_removal,1.0,0.24557921290397644,0.0015483405441045761,0.24557921290397644,0.2450464963912964,0.0005327165126800537,0.02228819765150547,0.02234192006289959,0.10691668838262558
syco_bullshit_v2_med_pnf_01,False,38,1,0,True,True,projection_removal,1.0,0.33556175231933594,0.00015021814033389091,0.33556175231933594,0.3359537720680237,0.00039201974868774414,0.0190792977809906,0.019079890102148056,0.0956348180770874
syco_bullshit_v2_med_pnf_01,False,39,1,0,True,True,projection_removal,1.0,-0.0007947888225317001,-0.0007392894476652145,0.0007947888225317001,0.0002451996842864901,0.0005495891673490405,0.00023883773246780038,0.0007769185467623174,0.09391672909259796
syco_bullshit_v2_med_pnf_01,False,40,1,0,True,True,projection_removal,1.0,-0.10682789981365204,0.0005208894144743681,0.10682790726423264,0.10847999155521393,0.0016520842909812927,0.015625040978193283,0.0156337209045887,0.08671271055936813
syco_bullshit_v2_med_pnf_01,False,41,1,0,True,True,projection_removal,1.0,0.18488147854804993,-0.00017802859656512737,0.18488147854804993,0.18592135608196259,0.0010398775339126587,0.017881125211715698,0.017882011830806732,0.10071941465139389
syco_bullshit_v2_med_pnf_01,False,42,1,0,True,True,projection_removal,1.0,0.48553556203842163,0.00040974654257297516,0.485535591840744,0.4856210947036743,8.550286293029785e-05,0.02192911133170128,0.021932942792773247,0.10575620085000992
syco_bullshit_v2_med_pnf_01,False,43,1,0,True,True,projection_removal,1.0,0.3872212767601013,-0.0013496233150362968,0.3872212767601013,0.38908857107162476,0.0018672943115234375,0.020066777244210243,0.02011210471391678,0.10388033837080002
syco_bullshit_v2_med_pnf_01,False,44,1,0,True,True,projection_removal,1.0,0.4075910747051239,-0.0008291974663734436,0.4075910747051239,0.4087632894515991,0.0011722147464752197,0.016737015917897224,0.016757553443312645,0.09525814652442932
syco_bullshit_v2_med_pnf_01,False,45,1,0,True,True,projection_removal,1.0,0.32428064942359924,0.0010461341589689255,0.32428064942359924,0.32384106516838074,0.00043958425521850586,0.01981075294315815,0.019838353618979454,0.09886623919010162
syco_bullshit_v2_med_pnf_01,False,46,1,0,True,True,projection_removal,1.0,0.6535419821739197,2.566725015640259e-06,0.6535419821739197,0.6538885831832886,0.0003466010093688965,0.02136128954589367,0.02136128768324852,0.11083848774433136
syco_bullshit_v2_med_pnf_01,False,47,1,0,True,True,projection_removal,1.0,0.6954593658447266,0.001435633166693151,0.6954593658447266,0.6944157481193542,0.0010436177253723145,0.02332458458840847,0.0233687125146389,0.11213895678520203
syco_bullshit_v2_med_pnf_01,False,48,1,0,True,True,projection_removal,1.0,0.4438161253929138,0.00019938405603170395,0.4438161253929138,0.44407716393470764,0.00026103854179382324,0.020224282518029213,0.020225265994668007,0.10119584202766418
syco_bullshit_v2_med_pnf_01,False,49,1,0,True,True,projection_removal,1.0,0.3082723617553711,9.416136890649796e-05,0.3082723617553711,0.3085024952888489,0.0002301335334777832,0.014142626896500587,0.014142940752208233,0.0725746750831604
syco_bullshit_v2_med_pnf_01,False,50,1,0,True,True,projection_removal,1.0,0.4767768085002899,-0.00010772515088319778,0.4767768085002899,0.47713136672973633,0.00035455822944641113,0.0153441671282053,0.015344544313848019,0.08614393323659897
syco_bullshit_v2_med_pnf_02,False,0,59,58,True,True,projection_removal,1.0,0.43434664607048035,-8.142553269863129e-05,0.43434664607048035,0.4348486363887787,0.0005019903182983398,0.019121874123811722,0.0191220473498106,0.09402492642402649
syco_bullshit_v2_med_pnf_02,False,1,1,0,True,True,projection_removal,1.0,0.7422435283660889,-0.0005971010541543365,0.7422435283660889,0.7430925965309143,0.0008490681648254395,0.01934339478611946,0.019352614879608154,0.09766794741153717
syco_bullshit_v2_med_pnf_02,False,2,1,0,True,True,projection_removal,1.0,0.6140190362930298,0.00019430369138717651,0.6140190362930298,0.6141173839569092,9.834766387939453e-05,0.018960734829306602,0.01896173134446144,0.09799809008836746
syco_bullshit_v2_med_pnf_02,False,3,1,0,True,True,projection_removal,1.0,0.52628493309021,0.0005219560116529465,0.52628493309021,0.526200532913208,8.440017700195312e-05,0.02145852893590927,0.02146488055586815,0.09747976064682007
syco_bullshit_v2_med_pnf_02,False,4,1,0,True,True,projection_removal,1.0,-0.0869813859462738,0.0008597723208367825,0.0869813859462738,0.08999282866716385,0.003011442720890045,0.019560817629098892,0.019579706713557243,0.1020398810505867
syco_bullshit_v2_med_pnf_02,False,5,1,0,True,True,projection_removal,1.0,0.3203054666519165,0.0002151038497686386,0.3203054666519165,0.32075655460357666,0.00045108795166015625,0.020661311224102974,0.020662428811192513,0.10229117423295975
syco_bullshit_v2_med_pnf_02,False,6,1,0,True,True,projection_removal,1.0,0.6802812218666077,-0.000245402567088604,0.6802812218666077,0.6808461546897888,0.0005649328231811523,0.020865993574261665,0.02086743339896202,0.10559974610805511
syco_bullshit_v2_med_pnf_02,False,7,1,0,True,True,projection_removal,1.0,0.5190238356590271,-0.0001065076794475317,0.5190238356590271,0.5194582939147949,0.00043445825576782227,0.018457824364304543,0.018458131700754166,0.09626167267560959
syco_bullshit_v2_med_pnf_02,False,8,1,0,True,True,projection_removal,1.0,0.4931025207042694,0.00036862632259726524,0.4931025207042694,0.4931871294975281,8.460879325866699e-05,0.021138161420822144,0.021141374483704567,0.10361309349536896
syco_bullshit_v2_med_pnf_02,False,9,1,0,True,True,projection_removal,1.0,0.3007510006427765,-0.0005944650620222092,0.3007510006427765,0.3020329475402832,0.0012819468975067139,0.02036593109369278,0.020374607294797897,0.10621105134487152
syco_bullshit_v2_med_pnf_02,False,10,1,0,True,True,projection_removal,1.0,0.7609059810638428,-0.00012262677773833275,0.7609059810638428,0.7613462805747986,0.00044029951095581055,0.022006358951330185,0.022006697952747345,0.10975199937820435
syco_bullshit_v2_med_pnf_02,False,11,1,0,True,True,projection_removal,1.0,-0.09726937115192413,-0.0008398843929171562,0.09726937115192413,0.09791653603315353,0.0006471648812294006,0.01700005866587162,0.01702079363167286,0.0861712321639061
syco_bullshit_v2_med_pnf_02,False,12,1,0,True,True,projection_removal,1.0,0.21628506481647491,0.0007085315883159637,0.21628506481647491,0.2162332981824875,5.176663398742676e-05,0.016842957586050034,0.01685786247253418,0.08954032510519028
syco_bullshit_v2_med_pnf_02,False,13,1,0,True,True,projection_removal,1.0,-0.10229186713695526,0.000574751989915967,0.10229186713695526,0.10378458350896835,0.001492716372013092,0.013773620128631592,0.01378560345619917,0.07799357920885086
syco_bullshit_v2_med_pnf_02,False,14,1,0,True,True,projection_removal,1.0,0.13324245810508728,-0.0004584845155477524,0.13324245810508728,0.1345367133617401,0.001294255256652832,0.01497228629887104,0.014979306608438492,0.08844183385372162
syco_bullshit_v2_med_pnf_02,False,15,1,0,True,True,projection_removal,1.0,0.08800914883613586,3.389897756278515e-05,0.08800914883613586,0.08920714259147644,0.0011979937553405762,0.014773867093026638,0.014773906208574772,0.08318359404802322
syco_bullshit_v2_med_pnf_02,False,16,1,0,True,True,projection_removal,1.0,0.508187472820282,-0.0005538985133171082,0.508187472820282,0.5092812776565552,0.0010938048362731934,0.023450391367077827,0.02345692552626133,0.11042796075344086
syco_bullshit_v2_med_pnf_02,False,17,1,0,True,True,projection_removal,1.0,0.6293864250183105,0.0008411593735218048,0.6293864250183105,0.6288278698921204,0.0005585551261901855,0.018843716010451317,0.018862472847104073,0.10134298354387283
syco_bullshit_v2_med_pnf_02,False,18,1,0,True,True,projection_removal,1.0,0.9491587281227112,0.00022283755242824554,0.9491587281227112,0.9491474032402039,1.1324882507324219e-05,0.020055949687957764,0.02005719020962715,0.11333546042442322
syco_bullshit_v2_med_pnf_02,False,19,1,0,True,True,projection_removal,1.0,0.8880858421325684,0.0007335171103477478,0.8880858421325684,0.8876394629478455,0.0004463791847229004,0.022570094093680382,0.022582005709409714,0.1127723753452301
syco_bullshit_v2_med_pnf_02,False,20,1,0,True,True,projection_removal,1.0,0.7242698073387146,0.0010722060687839985,0.7242698073387146,0.723499059677124,0.0007707476615905762,0.020867884159088135,0.02089538984000683,0.10551555454730988
syco_bullshit_v2_med_pnf_02,False,21,1,0,True,True,projection_removal,1.0,0.8524702191352844,-0.0007304288446903229,0.8524702191352844,0.8534658551216125,0.000995635986328125,0.021271804347634315,0.02128434181213379,0.10907428711652756
syco_bullshit_v2_med_pnf_02,False,22,1,0,True,True,projection_removal,1.0,0.7423253655433655,-0.0009950604289770126,0.7423253655433655,0.7436144351959229,0.001289069652557373,0.02091873809695244,0.020942378789186478,0.10799175500869751
syco_bullshit_v2_med_pnf_02,False,23,1,0,True,True,projection_removal,1.0,0.6062912940979004,0.000373676884919405,0.6062912940979004,0.6062085032463074,8.279085159301758e-05,0.01877443492412567,0.018778150901198387,0.09589342027902603
syco_bullshit_v2_med_pnf_02,False,24,1,0,True,True,projection_removal,1.0,0.8359490633010864,-0.0005001639947295189,0.8359490633010864,0.8368005156517029,0.0008514523506164551,0.024241548031568527,0.024246707558631897,0.11784621328115463
syco_bullshit_v2_med_pnf_02,False,25,1,0,True,True,projection_removal,1.0,0.8257665634155273,-0.0005317353643476963,0.8257666230201721,0.8265376687049866,0.0007710456848144531,0.019907591864466667,0.01991468109190464,0.10667506605386734
syco_bullshit_v2_med_pnf_02,False,26,1,0,True,True,projection_removal,1.0,0.625784695148468,0.0005834493786096573,0.625784695148468,0.6254411339759827,0.00034356117248535156,0.01729818992316723,0.017308004200458527,0.09590554982423782
syco_bullshit_v2_med_pnf_02,False,27,1,0,True,True,projection_removal,1.0,1.2829421758651733,-0.0009422153234481812,1.282942295074463,1.2840484380722046,0.0011061429977416992,0.020497087389230728,0.020518753677606583,0.11703237146139145
syco_bullshit_v2_med_pnf_02,False,28,1,0,True,True,projection_removal,1.0,0.48024773597717285,0.0003653340972959995,0.48024776577949524,0.48031407594680786,6.631016731262207e-05,0.02036529779434204,0.020368577912449837,0.10369782894849777
syco_bullshit_v2_med_pnf_02,False,29,1,0,True,True,projection_removal,1.0,0.7201117873191833,-2.4631153792142868e-05,0.7201117873191833,0.7204734086990356,0.0003616213798522949,0.02202359028160572,0.022023603320121765,0.10940393060445786
syco_bullshit_v2_med_pnf_02,False,30,1,0,True,True,projection_removal,1.0,0.5549225211143494,0.0009543001651763916,0.5549225211143494,0.5543544292449951,0.000568091869354248,0.020678073167800903,0.020700061693787575,0.10666670650243759
syco_bullshit_v2_med_pnf_02,False,31,1,0,True,True,projection_removal,1.0,0.6368687152862549,0.0004795899149030447,0.6368687152862549,0.6366333961486816,0.0002353191375732422,0.017646534368395805,0.01765305921435356,0.09750896692276001
syco_bullshit_v2_med_pnf_02,False,32,1,0,True,True,projection_removal,1.0,0.9457904696464539,9.965873323380947e-05,0.9457905292510986,0.9459007978439331,0.00011026859283447266,0.019922316074371338,0.019922565668821335,0.11577500402927399
syco_bullshit_v2_med_pnf_02,False,33,1,0,True,True,projection_removal,1.0,0.7763099074363708,0.0007116389460861683,0.7763099074363708,0.7758296728134155,0.00048023462295532227,0.018930742517113686,0.01894409768283367,0.10473838448524475
syco_bullshit_v2_med_pnf_02,False,34,1,0,True,True,projection_removal,1.0,0.46399232745170593,-0.0003151451237499714,0.46399232745170593,0.4647352695465088,0.0007429420948028564,0.019940894097089767,0.01994338072836399,0.09652114659547806
syco_bullshit_v2_med_pnf_02,False,35,1,0,True,True,projection_removal,1.0,0.7474002838134766,-0.00048768147826194763,0.7474002838134766,0.7481896281242371,0.000789344310760498,0.021225420758128166,0.0212310329079628,0.1062435582280159
syco_bullshit_v2_med_pnf_02,False,36,1,0,True,True,projection_removal,1.0,0.6518606543540955,3.2510608434677124e-05,0.6518606543540955,0.6521499156951904,0.0002892613410949707,0.02047766000032425,0.02047768607735634,0.10702032595872879
syco_bullshit_v2_med_pnf_02,False,37,1,0,True,True,projection_removal,1.0,0.744506299495697,-0.0007485849782824516,0.744506299495697,0.7456110715866089,0.0011047720909118652,0.023028207942843437,0.02304038777947426,0.10913650691509247
syco_bullshit_v2_med_pnf_02,False,38,1,0,True,True,projection_removal,1.0,0.3689945936203003,-5.389237776398659e-05,0.3689945936203003,0.36951470375061035,0.0005201101303100586,0.01855582557618618,0.018555903807282448,0.09743376821279526
syco_bullshit_v2_med_pnf_02,False,39,1,0,True,True,projection_removal,1.0,0.08459414541721344,0.00016132043674588203,0.08459414541721344,0.08600147068500519,0.001407325267791748,0.0163510013371706,0.016351796686649323,0.0925317257642746
syco_bullshit_v2_med_pnf_02,False,40,1,0,True,True,projection_removal,1.0,0.06640783697366714,0.00024315156042575836,0.06640783697366714,0.06786054372787476,0.001452706754207611,0.015075852163136005,0.015077812597155571,0.08990605175495148
syco_bullshit_v2_med_pnf_02,False,41,1,0,True,True,projection_removal,1.0,0.1000836193561554,0.0006161993369460106,0.10008362680673599,0.1014803871512413,0.00139676034450531,0.020112978294491768,0.02012242004275322,0.10927479714155197
syco_bullshit_v2_med_pnf_02,False,42,1,0,True,True,projection_removal,1.0,0.48460033535957336,0.0005764190573245287,0.48460036516189575,0.48444151878356934,0.00015884637832641602,0.02011403813958168,0.02012230083346367,0.10138250887393951
syco_bullshit_v2_med_pnf_02,False,43,1,0,True,True,projection_removal,1.0,0.02580523118376732,0.0023373449221253395,0.02580523118376732,0.02677532099187374,0.0009700898081064224,0.0128908921033144,0.013101075775921345,0.08884723484516144
syco_bullshit_v2_med_pnf_02,False,44,1,0,True,True,projection_removal,1.0,0.438882052898407,0.0006730291061103344,0.438882052898407,0.4387318193912506,0.00015023350715637207,0.021410422399640083,0.021420994773507118,0.10840784758329391
syco_bullshit_v2_med_pnf_02,False,45,1,0,True,True,projection_removal,1.0,0.8748999834060669,0.0001858595060184598,0.8748999834060669,0.8749862313270569,8.624792098999023e-05,0.021839682012796402,0.021840475499629974,0.10714716464281082
syco_bullshit_v2_med_pnf_02,False,46,1,0,True,True,projection_removal,1.0,0.4586336016654968,0.000561161432415247,0.4586336016654968,0.45853328704833984,0.00010031461715698242,0.020553065463900566,0.020560722798109055,0.10366957634687424
syco_bullshit_v2_med_pnf_02,False,47,1,0,True,True,projection_removal,1.0,0.511813223361969,0.00017062481492757797,0.511813223361969,0.5120090246200562,0.0001958012580871582,0.019371720030903816,0.019372472539544106,0.09886495769023895
syco_bullshit_v2_med_pnf_02,False,48,1,0,True,True,projection_removal,1.0,0.6120114922523499,-7.429718971252441e-05,0.6120114922523499,0.6123418211936951,0.00033032894134521484,0.01771867275238037,0.017718825489282608,0.09375961124897003
syco_bullshit_v2_med_pnf_02,False,49,1,0,True,True,projection_removal,1.0,0.5853497385978699,-0.0009142206981778145,0.5853497385978699,0.5865293145179749,0.0011795759201049805,0.017646852880716324,0.017670506611466408,0.09217525273561478
syco_bullshit_v2_med_pnf_02,False,50,1,0,True,True,projection_removal,1.0,0.3986165523529053,0.0003180020721629262,0.3986165523529053,0.3987388610839844,0.00012230873107910156,0.01873132400214672,0.018734021112322807,0.09869463741779327
syco_bullshit_v2_med_pnf_02,False,51,1,0,True,True,projection_removal,1.0,0.8614745736122131,-0.0005175855476409197,0.8614745736122131,0.8622902631759644,0.0008156895637512207,0.02268962748348713,0.022695519030094147,0.11331034451723099
syco_bullshit_v2_med_pnf_02,False,52,1,0,True,True,projection_removal,1.0,0.7659332156181335,-0.00022398971486836672,0.7659332156181335,0.7664660215377808,0.0005328059196472168,0.021767551079392433,0.02176870033144951,0.10541419684886932
syco_bullshit_v2_med_pnf_02,False,53,1,0,True,True,projection_removal,1.0,0.5322530269622803,-0.00010030739940702915,0.5322530269622803,0.532669186592102,0.00041615962982177734,0.01832258515059948,0.018322862684726715,0.09398715198040009
syco_bullshit_v2_med_pnf_02,False,54,1,0,True,True,projection_removal,1.0,0.60418701171875,-0.0003362984862178564,0.60418701171875,0.6047595739364624,0.0005725622177124023,0.01689537614583969,0.016898727044463158,0.09229692071676254
syco_bullshit_v2_med_pnf_02,False,55,1,0,True,True,projection_removal,1.0,0.5107321739196777,-0.0012312717735767365,0.5107321739196777,0.5124175548553467,0.0016853809356689453,0.021567245945334435,0.021602364256978035,0.11133304238319397
syco_bullshit_v2_med_pnf_02,False,56,1,0,True,True,projection_removal,1.0,0.6048763990402222,-0.0008056862279772758,0.6048763990402222,0.6059614419937134,0.001085042953491211,0.01839146949350834,0.018409116193652153,0.09777672588825226
syco_bullshit_v2_med_pnf_02,False,57,1,0,True,True,projection_removal,1.0,0.7160756587982178,0.00027580931782722473,0.7160757184028625,0.7161042094230652,2.849102020263672e-05,0.02087455242872238,0.02087637409567833,0.10860126465559006
syco_bullshit_v2_med_pnf_02,False,58,1,0,True,True,projection_removal,1.0,0.6857157945632935,0.0005770176649093628,0.6857157945632935,0.685467004776001,0.00024878978729248047,0.02121778577566147,0.021225634962320328,0.10748901963233948
syco_bullshit_v2_med_pnf_02,False,59,1,0,True,True,projection_removal,1.0,0.6030199527740479,-0.0006432295776903629,0.6030199527740479,0.604050874710083,0.0010309219360351562,0.021646907553076744,0.021656453609466553,0.10733570158481598
syco_bullshit_v2_med_pnf_02,False,60,1,0,True,True,projection_removal,1.0,0.5830627679824829,0.00031371135264635086,0.5830627679824829,0.5830755233764648,1.2755393981933594e-05,0.019518718123435974,0.01952124573290348,0.10050604492425919
syco_bullshit_v2_med_pnf_02,False,61,1,0,True,True,projection_removal,1.0,0.5046734809875488,2.926494926214218e-05,0.5046735405921936,0.5049708485603333,0.00029730796813964844,0.018152408301830292,0.018152432516217232,0.09484925121068954
syco_bullshit_v2_med_pnf_02,False,62,1,0,True,True,projection_removal,1.0,0.2898898422718048,0.0002478196984156966,0.2898898422718048,0.29018905758857727,0.00029921531677246094,0.017809266224503517,0.017810991033911705,0.09173151105642319
syco_bullshit_v2_med_pnf_02,False,63,1,0,True,True,projection_removal,1.0,0.6166671514511108,-0.00023101060651242733,0.6166671514511108,0.6172013282775879,0.0005341768264770508,0.019340749830007553,0.019342128187417984,0.10343053191900253
syco_bullshit_v2_med_pnf_02,False,64,1,0,True,True,projection_removal,1.0,0.582901656627655,0.001322723925113678,0.582901656627655,0.5819416642189026,0.0009599924087524414,0.020540423691272736,0.02058296464383602,0.10878770053386688
syco_bullshit_v2_med_pnf_02,False,65,1,0,True,True,projection_removal,1.0,0.29423847794532776,-0.0008179801516234875,0.29423847794532776,0.29558366537094116,0.0013451874256134033,0.017639026045799255,0.01765800267457962,0.09809812903404236
syco_bullshit_v2_med_pnf_02,False,66,1,0,True,True,projection_removal,1.0,0.3065222203731537,0.00022447085939347744,0.3065222203731537,0.3068360984325409,0.00031387805938720703,0.01816987618803978,0.018171263858675957,0.09051335602998734
syco_bullshit_v2_med_pnf_02,False,67,1,0,True,True,projection_removal,1.0,0.09182044863700867,7.883738726377487e-05,0.09182044863700867,0.09350466728210449,0.0016842186450958252,0.01807241700589657,0.018072590231895447,0.09455904364585876
syco_bullshit_v2_med_pnf_02,False,68,1,0,True,True,projection_removal,1.0,0.11786185950040817,0.0004951359005644917,0.11786186695098877,0.11878859996795654,0.0009267330169677734,0.018324099481105804,0.018330786377191544,0.10197126120328903
syco_bullshit_v2_med_pnf_02,False,69,1,0,True,True,projection_removal,1.0,0.1291486620903015,0.0004064817912876606,0.1291486620903015,0.12989413738250732,0.0007454752922058105,0.017262505367398262,0.017267294228076935,0.0960414931178093
syco_bullshit_v2_med_pnf_02,False,70,1,0,True,True,projection_removal,1.0,0.003909210208803415,0.0027533993124961853,0.003909210208803415,0.0024203406646847725,0.0014888695441186428,0.0021265698596835136,0.003479060949757695,0.08305135369300842
syco_bullshit_v2_med_pnf_02,False,71,1,0,True,True,projection_removal,1.0,0.2561948597431183,0.0002193036489188671,0.2561948597431183,0.2565268278121948,0.0003319680690765381,0.016809167340397835,0.016810597851872444,0.0924973338842392
syco_bullshit_v2_med_pnf_02,False,72,1,0,True,True,projection_removal,1.0,0.8592101335525513,-0.00018118973821401596,0.8592101335525513,0.8596940040588379,0.0004838705062866211,0.022826023399829865,0.02282674051821232,0.1168975830078125
syco_bullshit_v2_med_pnf_02,False,73,1,0,True,True,projection_removal,1.0,0.5827317237854004,-4.186900332570076e-05,0.5827317237854004,0.5831508636474609,0.0004191398620605469,0.020968914031982422,0.020968956872820854,0.10279354453086853
syco_bullshit_v2_med_pnf_02,False,74,1,0,True,True,projection_removal,1.0,0.4809589684009552,-4.7981273382902145e-05,0.4809589684009552,0.4814876616001129,0.0005286931991577148,0.02150987833738327,0.021509932354092598,0.10250043123960495
syco_bullshit_v2_med_pnf_02,False,75,1,0,True,True,projection_removal,1.0,0.21996621787548065,-0.00020037079229950905,0.21996621787548065,0.22059549391269684,0.0006292760372161865,0.01374964602291584,0.013751105405390263,0.08546026051044464
syco_bullshit_v2_med_pnf_02,False,76,1,0,True,True,projection_removal,1.0,0.3400377035140991,-0.0007776413112878799,0.3400377035140991,0.3412226736545563,0.0011849701404571533,0.01666504330933094,0.01668318174779415,0.0892142504453659
syco_bullshit_v2_med_pnf_02,False,77,1,0,True,True,projection_removal,1.0,0.16528327763080597,0.00025549938436597586,0.16528327763080597,0.16559568047523499,0.0003124028444290161,0.013702338561415672,0.013704719953238964,0.0835147574543953
syco_bullshit_v2_med_pnf_02,False,78,1,0,True,True,projection_removal,1.0,0.21342062950134277,0.0011840462684631348,0.21342062950134277,0.2129470705986023,0.0004735589027404785,0.01738004758954048,0.0174203310161829,0.09841777384281158
syco_bullshit_v2_med_pnf_02,False,79,1,0,True,True,projection_removal,1.0,0.4588291347026825,0.0007208399474620819,0.4588291347026825,0.4585515260696411,0.00027760863304138184,0.0201589222997427,0.02017180807888508,0.10523131489753723
syco_bullshit_v2_med_pnf_02,False,80,1,0,True,True,projection_removal,1.0,0.6696369051933289,0.0009161339839920402,0.6696369051933289,0.6690723896026611,0.0005645155906677246,0.02170199155807495,0.021721336990594864,0.1096372902393341
syco_bullshit_v2_med_pnf_02,False,81,1,0,True,True,projection_removal,1.0,0.7836634516716003,-0.0005247199442237616,0.7836634516716003,0.7844849228858948,0.0008214712142944336,0.02157387137413025,0.021580254659056664,0.10895529389381409
syco_bullshit_v2_med_pnf_02,False,82,1,0,True,True,projection_removal,1.0,0.6280494332313538,-0.001180688850581646,0.6280494928359985,0.6295163631439209,0.0014668703079223633,0.01898885704576969,0.019025513902306557,0.10131707042455673
syco_bullshit_v2_med_pnf_02,False,83,1,0,True,True,projection_removal,1.0,0.5459075570106506,0.0012110639363527298,0.5459075570106506,0.5449851751327515,0.0009223818778991699,0.01774274744093418,0.01778404414653778,0.09354612976312637
syco_bullshit_v2_med_pnf_02,False,84,1,0,True,True,projection_removal,1.0,0.9911481142044067,0.0004066361580044031,0.9911481142044067,0.990997314453125,0.00015079975128173828,0.02250940538942814,0.022513078525662422,0.10886173695325851
syco_bullshit_v2_med_pnf_02,False,85,1,0,True,True,projection_removal,1.0,0.6942140460014343,0.0024696970358490944,0.6942140460014343,0.6920833587646484,0.0021306872367858887,0.021656928583979607,0.02179728075861931,0.10910633206367493
syco_bullshit_v2_med_pnf_02,False,86,1,0,True,True,projection_removal,1.0,0.5977156758308411,0.0012296768836677074,0.5977156758308411,0.5967789888381958,0.0009366869926452637,0.018706995993852615,0.01874738559126854,0.09982256591320038
syco_bullshit_v2_med_pnf_02,False,87,1,0,True,True,projection_removal,1.0,0.6218845248222351,-0.0008719419129192829,0.6218845248222351,0.6230053901672363,0.0011208653450012207,0.017614178359508514,0.01763574220240116,0.09931600093841553
syco_bullshit_v2_med_pnf_02,False,88,1,0,True,True,projection_removal,1.0,0.8616406917572021,-0.0002931710332632065,0.8616406917572021,0.8622074127197266,0.0005667209625244141,0.0217177364975214,0.021719714626669884,0.11085867881774902
syco_bullshit_v2_med_pnf_02,False,89,1,0,True,True,projection_removal,1.0,0.6254644989967346,-0.0005882065743207932,0.6254644989967346,0.6263394355773926,0.000874936580657959,0.018943559378385544,0.01895269565284252,0.1020483672618866
syco_bullshit_v2_med_pnf_02,False,90,1,0,True,True,projection_removal,1.0,0.5345583558082581,0.00035182118881493807,0.5345583558082581,0.5345283150672913,3.0040740966796875e-05,0.01853920891880989,0.018542543053627014,0.10033822804689407
syco_bullshit_v2_med_pnf_02,False,91,1,0,True,True,projection_removal,1.0,0.64067542552948,-0.00016544177196919918,0.64067542552948,0.6411204934120178,0.0004450678825378418,0.018933724611997604,0.018934447318315506,0.1021701917052269
syco_bullshit_v2_med_pnf_02,False,92,1,0,True,True,projection_removal,1.0,0.9304569959640503,0.0020896103233098984,0.9304569959640503,0.9286667704582214,0.0017902255058288574,0.023562001064419746,0.02365443855524063,0.11314766108989716
syco_bullshit_v2_med_pnf_02,False,93,1,0,True,True,projection_removal,1.0,0.847691535949707,0.0002541644498705864,0.847691535949707,0.84765625,3.528594970703125e-05,0.019242314621806145,0.019243987277150154,0.10050440579652786
syco_bullshit_v2_med_pnf_02,False,94,1,0,True,True,projection_removal,1.0,0.29035481810569763,-6.317347288131714e-05,0.29035481810569763,0.29074689745903015,0.00039207935333251953,0.013823799788951874,0.013823945075273514,0.0701076090335846
syco_bullshit_v2_med_pnf_02,False,95,1,0,True,True,projection_removal,1.0,0.5622166991233826,0.000771612860262394,0.5622166991233826,0.5616984367370605,0.0005182623863220215,0.016876298934221268,0.016893940046429634,0.08621248602867126
syco_bullshit_v2_med_pnf_03,False,0,59,58,True,True,projection_removal,1.0,0.09214509278535843,-2.0992010831832886e-05,0.09214509278535843,0.0936480462551117,0.0015029534697532654,0.01659422181546688,0.016594236716628075,0.08524831384420395
syco_bullshit_v2_med_pnf_03,False,1,1,0,True,True,projection_removal,1.0,0.1907976269721985,0.00024574436247348785,0.19079764187335968,0.19130364060401917,0.0005059987306594849,0.016940996050834656,0.01694277673959732,0.08643455058336258
syco_bullshit_v2_med_pnf_03,False,2,1,0,True,True,projection_removal,1.0,0.1453748345375061,-6.148568354547024e-05,0.1453748345375061,0.14686788618564606,0.0014930516481399536,0.020455915480852127,0.02045600675046444,0.09763537347316742
syco_bullshit_v2_med_pnf_03,False,3,1,0,True,True,projection_removal,1.0,0.049516595900058746,0.0009767082519829273,0.049516595900058746,0.05038415268063545,0.0008675567805767059,0.013506738469004631,0.013541998341679573,0.08153921365737915
syco_bullshit_v2_med_pnf_03,False,4,1,0,True,True,projection_removal,1.0,0.08592440187931061,-0.0003264825791120529,0.08592440187931061,0.08778101205825806,0.0018566101789474487,0.01631755940616131,0.016320830211043358,0.09404213726520538
syco_bullshit_v2_med_pnf_03,False,5,1,0,True,True,projection_removal,1.0,0.4831736087799072,-0.0012700222432613373,0.4831736087799072,0.4847918748855591,0.0016182661056518555,0.018360204994678497,0.01840411126613617,0.09243248403072357
syco_bullshit_v2_med_pnf_03,False,6,1,0,True,True,projection_removal,1.0,0.2729228436946869,-0.0011516446247696877,0.2729228436946869,0.27478623390197754,0.0018633902072906494,0.019765986129641533,0.019799502566456795,0.0996413603425026
syco_bullshit_v2_med_pnf_03,False,7,1,0,True,True,projection_removal,1.0,0.32158714532852173,0.00028194976039230824,0.32158714532852173,0.3218698799610138,0.00028273463249206543,0.019057422876358032,0.01905950717628002,0.09858572483062744
syco_bullshit_v2_med_pnf_03,False,8,1,0,True,True,projection_removal,1.0,0.13113975524902344,-0.00043658725917339325,0.13113975524902344,0.13266852498054504,0.0015287697315216064,0.016987869516015053,0.016993479803204536,0.09187722206115723
syco_bullshit_v2_med_pnf_03,False,9,1,0,True,True,projection_removal,1.0,-0.01587064377963543,-0.005530346184968948,0.01587064377963543,0.014228776097297668,0.001641867682337761,0.009774335660040379,0.011230453848838806,0.0894780382514
syco_bullshit_v2_med_pnf_03,False,10,1,0,True,True,projection_removal,1.0,0.11700700968503952,-0.0008530300110578537,0.11700700968503952,0.11901377141475677,0.0020067617297172546,0.0165314432233572,0.01655343733727932,0.08299052715301514
syco_bullshit_v2_med_pnf_03,False,11,1,0,True,True,projection_removal,1.0,-0.19483409821987152,-0.00035207695327699184,0.19483409821987152,0.19537192583084106,0.0005378276109695435,0.018626093864440918,0.018629420548677444,0.09261557459831238
syco_bullshit_v2_med_pnf_03,False,12,1,0,True,True,projection_removal,1.0,-0.2476292997598648,7.084943354129791e-05,0.247629314661026,0.2483578771352768,0.0007285624742507935,0.01806190237402916,0.018062042072415352,0.09450167417526245
syco_bullshit_v2_med_pnf_03,False,13,1,0,True,True,projection_removal,1.0,-0.2158982902765274,0.0002142367884516716,0.2158983051776886,0.21663284301757812,0.0007345378398895264,0.015005105175077915,0.015006634406745434,0.08931008726358414
syco_bullshit_v2_med_pnf_03,False,14,1,0,True,True,projection_removal,1.0,-0.05788654834032059,-0.0005133859813213348,0.057886552065610886,0.06027449294924736,0.0023879408836364746,0.018475139513611794,0.0184822715818882,0.09870391339063644
syco_bullshit_v2_med_pnf_03,False,15,1,0,True,True,projection_removal,1.0,-0.0362233892083168,-0.0020559648983180523,0.0362233892083168,0.037530116736888885,0.0013067275285720825,0.015527356415987015,0.01566288247704506,0.09122342616319656
syco_bullshit_v2_med_pnf_03,False,16,1,0,True,True,projection_removal,1.0,0.028735674917697906,0.004365893080830574,0.028735674917697906,0.028764570131897926,2.8895214200019836e-05,0.015281216241419315,0.015892665833234787,0.09816209226846695
syco_bullshit_v2_med_pnf_03,False,17,1,0,True,True,projection_removal,1.0,0.07374949753284454,0.0008346335962414742,0.07374950498342514,0.07525326311588287,0.0015037581324577332,0.018613707274198532,0.01863241009414196,0.1004982441663742
syco_bullshit_v2_med_pnf_03,False,18,1,0,True,True,projection_removal,1.0,0.2204742133617401,0.0009786151349544525,0.2204742133617401,0.22018596529960632,0.00028824806213378906,0.01742231287062168,0.017449773848056793,0.09628845006227493
syco_bullshit_v2_med_pnf_03,False,19,1,0,True,True,projection_removal,1.0,0.19994999468326569,-0.00022758450359106064,0.19994999468326569,0.20079827308654785,0.0008482784032821655,0.015776904299855232,0.015778543427586555,0.08814498037099838
syco_bullshit_v2_med_pnf_03,False,20,1,0,True,True,projection_removal,1.0,-0.0211329348385334,-0.005011038854718208,0.0211329348385334,0.020163485780358315,0.000969449058175087,0.012109845876693726,0.01310565322637558,0.09036315232515335
syco_bullshit_v2_med_pnf_03,False,21,1,0,True,True,projection_removal,1.0,-0.10331226885318756,-0.00045156199485063553,0.10331226885318756,0.10432212799787521,0.0010098591446876526,0.0174005925655365,0.01740645058453083,0.09581663459539413
syco_bullshit_v2_med_pnf_03,False,22,1,0,True,True,projection_removal,1.0,0.20187914371490479,0.0009166589006781578,0.20187914371490479,0.20175093412399292,0.00012820959091186523,0.017820414155721664,0.017843980342149734,0.0950351133942604
syco_bullshit_v2_med_pnf_03,False,23,1,0,True,True,projection_removal,1.0,0.15031366050243378,0.0003680279478430748,0.15031366050243378,0.15100151300430298,0.0006878525018692017,0.017826208844780922,0.017830008640885353,0.09271311014890671
syco_bullshit_v2_med_pnf_03,False,24,1,0,True,True,projection_removal,1.0,0.3143373429775238,0.0006515374407172203,0.3143373429775238,0.3143060803413391,3.126263618469238e-05,0.019736263900995255,0.019747015088796616,0.09607680141925812
syco_bullshit_v2_med_pnf_03,False,25,1,0,True,True,projection_removal,1.0,0.1692887246608734,-0.00043871812522411346,0.1692887246608734,0.17082791030406952,0.001539185643196106,0.019358288496732712,0.01936326175928116,0.09540434181690216
syco_bullshit_v2_med_pnf_03,False,26,1,0,True,True,projection_removal,1.0,0.27885526418685913,0.00012116413563489914,0.27885526418685913,0.2793741524219513,0.0005188882350921631,0.018900901079177856,0.018901288509368896,0.09667205810546875
syco_bullshit_v2_med_pnf_03,False,27,1,0,True,True,projection_removal,1.0,0.23465454578399658,0.0003865053877234459,0.23465454578399658,0.23483555018901825,0.00018100440502166748,0.016318082809448242,0.0163226630538702,0.09044840186834335
syco_bullshit_v2_med_pnf_03,False,28,1,0,True,True,projection_removal,1.0,0.3080551028251648,0.0004402128979563713,0.3080551326274872,0.3080495595932007,5.5730342864990234e-06,0.01635582745075226,0.016361746937036514,0.09301786869764328
syco_bullshit_v2_med_pnf_03,False,29,1,0,True,True,projection_removal,1.0,0.1862594485282898,0.0007441117195412517,0.186259463429451,0.18640145659446716,0.00014199316501617432,0.018155548721551895,0.01817079819738865,0.09866076707839966
syco_bullshit_v2_med_pnf_03,False,30,1,0,True,True,projection_removal,1.0,0.4033340513706207,0.00015756674110889435,0.4033340513706207,0.4036695957183838,0.0003355443477630615,0.019944533705711365,0.019945155829191208,0.09890428930521011
syco_bullshit_v2_med_pnf_03,False,31,1,0,True,True,projection_removal,1.0,0.4959290325641632,-0.0004503689706325531,0.4959290325641632,0.49692612886428833,0.000997096300125122,0.023307612165808678,0.023311959579586983,0.10908787697553635
syco_bullshit_v2_med_pnf_03,False,32,1,0,True,True,projection_removal,1.0,0.3206385672092438,0.00014465302228927612,0.3206385672092438,0.32091692090034485,0.0002783536911010742,0.016471901908516884,0.01647253707051277,0.09320273250341415
syco_bullshit_v2_med_pnf_03,False,33,1,0,True,True,projection_removal,1.0,0.050185516476631165,0.0011221496388316154,0.050185516476631165,0.052680596709251404,0.0024950802326202393,0.019184188917279243,0.019216982647776604,0.10502041131258011
syco_bullshit_v2_med_pnf_03,False,34,1,0,True,True,projection_removal,1.0,0.17128391563892365,0.00010857731103897095,0.17128391563892365,0.17222893238067627,0.0009450167417526245,0.019021548330783844,0.019021859392523766,0.10471239686012268
syco_bullshit_v2_med_pnf_03,False,35,1,0,True,True,projection_removal,1.0,0.4998219311237335,0.0008779498748481274,0.4998219311237335,0.4994039237499237,0.00041800737380981445,0.02142495848238468,0.02144293300807476,0.10688938945531845
syco_bullshit_v2_med_pnf_03,False,36,1,0,True,True,projection_removal,1.0,0.15058521926403046,-0.0005626657512038946,0.15058521926403046,0.1521778106689453,0.001592591404914856,0.017673444002866745,0.017682403326034546,0.09790079295635223
syco_bullshit_v2_med_pnf_03,False,37,1,0,True,True,projection_removal,1.0,0.18742603063583374,0.0009283944964408875,0.18742603063583374,0.1872893124818802,0.00013671815395355225,0.017202280461788177,0.017227312549948692,0.09373772144317627
syco_bullshit_v2_med_pnf_03,False,38,1,0,True,True,projection_removal,1.0,0.05941060185432434,0.0005388557910919189,0.05941060185432434,0.060910653322935104,0.0015000514686107635,0.015627941116690636,0.01563723012804985,0.09034193307161331
syco_bullshit_v2_med_pnf_03,False,39,1,0,True,True,projection_removal,1.0,-0.003993483260273933,-0.003204550128430128,0.003993483260273933,0.0020525220315903425,0.0019409612286835909,0.0018948529614135623,0.0037228697910904884,0.09531044960021973
syco_bullshit_v2_med_pnf_03,False,40,1,0,True,True,projection_removal,1.0,0.015102805569767952,0.0040628500282764435,0.015102806501090527,0.014578811824321747,0.0005239946767687798,0.009521594271063805,0.010352167300879955,0.09167340397834778
syco_bullshit_v2_med_pnf_03,False,41,1,0,True,True,projection_removal,1.0,-0.015433364547789097,-0.003359423950314522,0.015433364547789097,0.015048314817249775,0.0003850497305393219,0.008981774561107159,0.0095894830301404,0.08786873519420624
syco_bullshit_v2_med_pnf_03,False,42,1,0,True,True,projection_removal,1.0,0.04921713471412659,0.00030087586492300034,0.04921713471412659,0.05172900855541229,0.0025118738412857056,0.016825351864099503,0.016828041523694992,0.09301582723855972
syco_bullshit_v2_med_pnf_03,False,43,1,0,True,True,projection_removal,1.0,-0.3708186745643616,8.774269372224808e-05,0.3708186745643616,0.3713996708393097,0.0005809962749481201,0.019137589260935783,0.01913778856396675,0.0974595919251442
syco_bullshit_v2_med_pnf_03,False,44,1,0,True,True,projection_removal,1.0,-0.26838773488998413,-0.0009757424704730511,0.26838773488998413,0.267984539270401,0.0004031956195831299,0.01751021482050419,0.01753738708794117,0.09749505668878555
syco_bullshit_v2_med_pnf_03,False,45,1,0,True,True,projection_removal,1.0,0.1395566463470459,9.103864431381226e-05,0.1395566463470459,0.1406097263097763,0.0010530799627304077,0.017900727689266205,0.01790095865726471,0.10038374364376068
syco_bullshit_v2_med_pnf_03,False,46,1,0,True,True,projection_removal,1.0,0.2587692141532898,0.0005110818892717361,0.2587692141532898,0.2589540481567383,0.00018483400344848633,0.01897025853395462,0.01897713914513588,0.09971397370100021
syco_bullshit_v2_med_pnf_03,False,47,1,0,True,True,projection_removal,1.0,0.33904290199279785,0.0006781797856092453,0.33904290199279785,0.338992714881897,5.0187110900878906e-05,0.020624443888664246,0.020635589957237244,0.10811668634414673
syco_bullshit_v2_med_pnf_03,False,48,1,0,True,True,projection_removal,1.0,0.35251301527023315,-0.00032999133691191673,0.35251301527023315,0.35329222679138184,0.0007792115211486816,0.017809998244047165,0.017813056707382202,0.09564891457557678
syco_bullshit_v2_med_pnf_03,False,49,1,0,True,True,projection_removal,1.0,0.25382670760154724,-0.0007126921555027366,0.25382670760154724,0.25523191690444946,0.0014052093029022217,0.01878950372338295,0.018803013488650322,0.10059215128421783
syco_bullshit_v2_med_pnf_03,False,50,1,0,True,True,projection_removal,1.0,0.33966195583343506,0.0010155299678444862,0.33966195583343506,0.3393537104129791,0.0003082454204559326,0.021898183971643448,0.021921716630458832,0.11035160720348358
syco_bullshit_v2_med_pnf_03,False,51,1,0,True,True,projection_removal,1.0,0.08013147860765457,-0.000121251679956913,0.08013147860765457,0.08236982673406601,0.002238348126411438,0.018554985523223877,0.018555382266640663,0.09658637642860413
syco_bullshit_v2_med_pnf_03,False,52,1,0,True,True,projection_removal,1.0,0.31481412053108215,-0.000614585354924202,0.31481412053108215,0.316049724817276,0.0012356042861938477,0.01980058290064335,0.01981012336909771,0.0965915396809578
syco_bullshit_v2_med_pnf_03,False,53,1,0,True,True,projection_removal,1.0,0.24825727939605713,7.818406447768211e-05,0.24825727939605713,0.24872726202011108,0.0004699826240539551,0.016507424414157867,0.01650761067867279,0.0927516296505928
syco_bullshit_v2_med_pnf_03,False,54,1,0,True,True,projection_removal,1.0,-0.07885797321796417,-0.0006621051579713821,0.07885797321796417,0.08010352402925491,0.001245550811290741,0.017377590760588646,0.01739019900560379,0.09207796305418015
syco_bullshit_v2_med_pnf_03,False,55,1,0,True,True,projection_removal,1.0,-0.31902918219566345,0.0007148049771785736,0.31902918219566345,0.3202802240848541,0.0012510418891906738,0.01852451078593731,0.018538299947977066,0.0997607409954071
syco_bullshit_v2_med_pnf_03,False,56,1,0,True,True,projection_removal,1.0,0.12278646230697632,-8.006580173969269e-06,0.12278646230697632,0.12409864366054535,0.0013121813535690308,0.01794380322098732,0.01794380508363247,0.10307420790195465
syco_bullshit_v2_med_pnf_03,False,57,1,0,True,True,projection_removal,1.0,0.13285797834396362,-0.0005888044834136963,0.13285797834396362,0.134441077709198,0.001583099365234375,0.016319988295435905,0.01633060909807682,0.090816929936409
syco_bullshit_v2_med_pnf_03,False,58,1,0,True,True,projection_removal,1.0,0.47296014428138733,-0.0001951809972524643,0.47296014428138733,0.47355538606643677,0.0005952417850494385,0.019463298842310905,0.01946427673101425,0.0977022722363472
syco_bullshit_v2_med_pnf_03,False,59,1,0,True,True,projection_removal,1.0,0.3903260827064514,0.0002619731239974499,0.3903260827064514,0.39047086238861084,0.00014477968215942383,0.01781415566802025,0.017816077917814255,0.09485245496034622
syco_bullshit_v2_med_pnf_03,False,60,1,0,True,True,projection_removal,1.0,0.4087505638599396,-0.0003447476774454117,0.4087505638599396,0.4095689654350281,0.000818401575088501,0.019692888483405113,0.019695904105901718,0.09505625069141388
syco_bullshit_v2_med_pnf_03,False,61,1,0,True,True,projection_removal,1.0,0.5332446098327637,-0.00040973396971821785,0.5332446098327637,0.533967912197113,0.0007233023643493652,0.01830577850341797,0.01831035688519478,0.10064258426427841
syco_bullshit_v2_med_pnf_03,False,62,1,0,True,True,projection_removal,1.0,0.6052860617637634,0.0010742032900452614,0.6052860617637634,0.6045485138893127,0.0007375478744506836,0.02016662061214447,0.02019519917666912,0.10561975091695786
syco_bullshit_v2_med_pnf_03,False,63,1,0,True,True,projection_removal,1.0,0.60971999168396,0.0002457965165376663,0.60971999168396,0.6098366379737854,0.00011664628982543945,0.02102508954703808,0.021026527509093285,0.10779042541980743
syco_bullshit_v2_med_pnf_03,False,64,1,0,True,True,projection_removal,1.0,0.7264161109924316,-0.00011463463306427002,0.7264161109924316,0.7268055081367493,0.00038939714431762695,0.01998044364154339,0.019980773329734802,0.0971246138215065
syco_bullshit_v2_med_pnf_03,False,65,1,0,True,True,projection_removal,1.0,0.25967103242874146,-0.00013826042413711548,0.25967103242874146,0.260206937789917,0.0005359053611755371,0.01438113208860159,0.014381797052919865,0.07032611966133118
syco_bullshit_v2_med_pnf_03,False,66,1,0,True,True,projection_removal,1.0,0.34235525131225586,0.0001758586149662733,0.34235525131225586,0.3425590693950653,0.00020381808280944824,0.01612316444516182,0.016124123707413673,0.08203703165054321
syco_bullshit_v2_sw_pnf_01,False,0,77,76,True,True,projection_removal,1.0,0.22775647044181824,0.00025753583759069443,0.22775647044181824,0.22807671129703522,0.00032024085521698,0.016224736347794533,0.01622677966952324,0.08644980937242508
syco_bullshit_v2_sw_pnf_01,False,1,1,0,True,True,projection_removal,1.0,0.3042515814304352,-0.0002887025475502014,0.3042515814304352,0.3049215078353882,0.0006699264049530029,0.015241573564708233,0.015244307927787304,0.08854179829359055
syco_bullshit_v2_sw_pnf_01,False,2,1,0,True,True,projection_removal,1.0,0.396565318107605,0.001155214849859476,0.396565318107605,0.3959384262561798,0.0006268918514251709,0.020447297021746635,0.020479904487729073,0.10192541778087616
syco_bullshit_v2_sw_pnf_01,False,3,1,0,True,True,projection_removal,1.0,0.4247465431690216,-0.0005620699375867844,0.424746572971344,0.42585766315460205,0.0011110901832580566,0.021616879850625992,0.021624187007546425,0.10439203679561615
syco_bullshit_v2_sw_pnf_01,False,4,1,0,True,True,projection_removal,1.0,0.7071602940559387,0.00011013448238372803,0.7071602940559387,0.7073942422866821,0.0002339482307434082,0.022078491747379303,0.02207876928150654,0.10571891814470291
syco_bullshit_v2_sw_pnf_01,False,5,1,0,True,True,projection_removal,1.0,0.8591434359550476,-0.00026848725974559784,0.8591434359550476,0.8597016334533691,0.0005581974983215332,0.022330306470394135,0.02233191765844822,0.11447244137525558
syco_bullshit_v2_sw_pnf_01,False,6,1,0,True,True,projection_removal,1.0,0.8802576661109924,0.0006348369643092155,0.8802576661109924,0.8798990249633789,0.0003586411476135254,0.022060543298721313,0.022069690749049187,0.10446164011955261
syco_bullshit_v2_sw_pnf_01,False,7,1,0,True,True,projection_removal,1.0,0.6018334627151489,-0.00019226502627134323,0.6018334627151489,0.602310061454773,0.00047659873962402344,0.018520012497901917,0.018521005287766457,0.09831642359495163
syco_bullshit_v2_sw_pnf_01,False,8,1,0,True,True,projection_removal,1.0,0.4154355823993683,-0.0002160533331334591,0.4154356122016907,0.416154146194458,0.000718533992767334,0.02044645883142948,0.02044760063290596,0.09960900247097015
syco_bullshit_v2_sw_pnf_01,False,9,1,0,True,True,projection_removal,1.0,0.4660170376300812,0.001082192175090313,0.4660170376300812,0.4653443694114685,0.0006726682186126709,0.019523682072758675,0.019553663209080696,0.09668423235416412
syco_bullshit_v2_sw_pnf_01,False,10,1,0,True,True,projection_removal,1.0,0.5309344530105591,-0.00019745808094739914,0.5309344530105591,0.5315417051315308,0.0006072521209716797,0.020859599113464355,0.02086053602397442,0.1082242876291275
syco_bullshit_v2_sw_pnf_01,False,11,1,0,True,True,projection_removal,1.0,0.39201194047927856,-0.00017869402654469013,0.39201197028160095,0.3928103446960449,0.0007983744144439697,0.022062605246901512,0.022063326090574265,0.10860782116651535
syco_bullshit_v2_sw_pnf_01,False,12,1,0,True,True,projection_removal,1.0,0.6335511803627014,-0.0012969705276191235,0.6335511803627014,0.6351237297058105,0.0015725493431091309,0.018708987161517143,0.018753886222839355,0.10044848918914795
syco_bullshit_v2_sw_pnf_01,False,13,1,0,True,True,projection_removal,1.0,0.6011496186256409,0.0006604576483368874,0.6011496186256409,0.6008331179618835,0.0003165006637573242,0.020321527495980263,0.020332252606749535,0.10341089963912964
syco_bullshit_v2_sw_pnf_01,False,14,1,0,True,True,projection_removal,1.0,0.47546470165252686,0.00045575760304927826,0.47546470165252686,0.47534307837486267,0.00012162327766418457,0.017822708934545517,0.01782853901386261,0.0945739820599556
syco_bullshit_v2_sw_pnf_01,False,15,1,0,True,True,projection_removal,1.0,0.5042218565940857,-0.000933649018406868,0.5042218565940857,0.505587100982666,0.0013652443885803223,0.020888540893793106,0.020909393206238747,0.10342133045196533
syco_bullshit_v2_sw_pnf_01,False,16,1,0,True,True,projection_removal,1.0,0.30759337544441223,-0.0005600065924227238,0.30759337544441223,0.30868393182754517,0.0010905563831329346,0.01809028349816799,0.018098950386047363,0.09777460992336273
syco_bullshit_v2_sw_pnf_01,False,17,1,0,True,True,projection_removal,1.0,0.5767681002616882,0.0005854347255080938,0.5767681002616882,0.5765650272369385,0.00020307302474975586,0.020992198958992958,0.02100035920739174,0.10128507018089294
syco_bullshit_v2_sw_pnf_01,False,18,1,0,True,True,projection_removal,1.0,0.3365919291973114,0.0003303720150142908,0.3365919291973114,0.3367740213871002,0.00018209218978881836,0.018570376560091972,0.01857331395149231,0.09793165326118469
syco_bullshit_v2_sw_pnf_01,False,19,1,0,True,True,projection_removal,1.0,0.6202864646911621,-0.0012320834212005138,0.6202864646911621,0.6218902468681335,0.0016037821769714355,0.021486936137080193,0.02152225375175476,0.1072823777794838
syco_bullshit_v2_sw_pnf_01,False,20,1,0,True,True,projection_removal,1.0,0.47576650977134705,-0.0007033310830593109,0.47576650977134705,0.47682932019233704,0.0010628104209899902,0.01851736567914486,0.0185307115316391,0.0985272005200386
syco_bullshit_v2_sw_pnf_01,False,21,1,0,True,True,projection_removal,1.0,0.3878559470176697,-0.0001554824411869049,0.3878559470176697,0.3885721266269684,0.0007161796092987061,0.020864252001047134,0.020864831283688545,0.09967808425426483
syco_bullshit_v2_sw_pnf_01,False,22,1,0,True,True,projection_removal,1.0,0.3857502341270447,1.5145167708396912e-05,0.3857502341270447,0.3862684667110443,0.0005182325839996338,0.02029522694647312,0.02029523253440857,0.09934607148170471
syco_bullshit_v2_sw_pnf_01,False,23,1,0,True,True,projection_removal,1.0,0.6700031161308289,0.0016416162252426147,0.6700031161308289,0.668739914894104,0.0012632012367248535,0.022509509697556496,0.022569330409169197,0.11177369207143784
syco_bullshit_v2_sw_pnf_01,False,24,1,0,True,True,projection_removal,1.0,0.3567039668560028,-0.0005099736154079437,0.3567039668560028,0.35784223675727844,0.0011382699012756348,0.02119394578039646,0.021200083196163177,0.11035607010126114
syco_bullshit_v2_sw_pnf_01,False,25,1,0,True,True,projection_removal,1.0,0.38506534695625305,-0.0005233045667409897,0.38506534695625305,0.38611385226249695,0.0010485053062438965,0.020131709054112434,0.020138511434197426,0.09921437501907349
syco_bullshit_v2_sw_pnf_01,False,26,1,0,True,True,projection_removal,1.0,0.4181446135044098,-0.00023154914379119873,0.4181446135044098,0.41883111000061035,0.0006864964962005615,0.019518418237566948,0.019519789144396782,0.09585799276828766
syco_bullshit_v2_sw_pnf_01,False,27,1,0,True,True,projection_removal,1.0,0.4707854092121124,0.0014667240902781487,0.4707854092121124,0.46977499127388,0.0010104179382324219,0.020704397931694984,0.020756296813488007,0.10572761297225952
syco_bullshit_v2_sw_pnf_01,False,28,1,0,True,True,projection_removal,1.0,0.34234172105789185,0.0007242150604724884,0.34234172105789185,0.34208548069000244,0.0002562403678894043,0.017889872193336487,0.017904531210660934,0.09822892397642136
syco_bullshit_v2_sw_pnf_01,False,29,1,0,True,True,projection_removal,1.0,0.2630847096443176,-0.00035444507375359535,0.2630847096443176,0.26399314403533936,0.0009084343910217285,0.01709139347076416,0.017095070332288742,0.09695980697870255
syco_bullshit_v2_sw_pnf_01,False,30,1,0,True,True,projection_removal,1.0,0.33837559819221497,0.000734429806470871,0.33837559819221497,0.3380011320114136,0.0003744661808013916,0.015594241209328175,0.01561152283102274,0.09066075831651688
syco_bullshit_v2_sw_pnf_01,False,31,1,0,True,True,projection_removal,1.0,0.01477882545441389,0.004918085876852274,0.01477882545441389,0.013576512224972248,0.0012023132294416428,0.009332079440355301,0.010548713617026806,0.09635225683450699
syco_bullshit_v2_sw_pnf_01,False,32,1,0,True,True,projection_removal,1.0,0.33847132325172424,0.0007320353761315346,0.33847132325172424,0.33831244707107544,0.0001588761806488037,0.019682087004184723,0.019695689901709557,0.10186189413070679
syco_bullshit_v2_sw_pnf_01,False,33,1,0,True,True,projection_removal,1.0,0.09527816623449326,-0.00028809159994125366,0.09527816623449326,0.09720965474843979,0.0019314885139465332,0.017797311767935753,0.017799649387598038,0.10149462521076202
syco_bullshit_v2_sw_pnf_01,False,34,1,0,True,True,projection_removal,1.0,0.5544808506965637,0.0007984405383467674,0.5544808506965637,0.5540161728858948,0.0004646778106689453,0.01922936551272869,0.0192459374666214,0.10583625733852386
syco_bullshit_v2_sw_pnf_01,False,35,1,0,True,True,projection_removal,1.0,0.33923572301864624,0.0006320687243714929,0.33923572301864624,0.33905866742134094,0.00017705559730529785,0.017555508762598038,0.017566878348588943,0.09220698475837708
syco_bullshit_v2_sw_pnf_01,False,36,1,0,True,True,projection_removal,1.0,0.8397696018218994,-0.0005805119872093201,0.8397696018218994,0.8405995965003967,0.0008299946784973145,0.020491525530815125,0.020499736070632935,0.10135497152805328
syco_bullshit_v2_sw_pnf_01,False,37,1,0,True,True,projection_removal,1.0,0.36875036358833313,-0.0004584030248224735,0.36875036358833313,0.36971017718315125,0.0009598135948181152,0.019253043457865715,0.019258495420217514,0.09412436932325363
syco_bullshit_v2_sw_pnf_01,False,38,1,0,True,True,projection_removal,1.0,0.45069804787635803,0.0002383701503276825,0.45069804787635803,0.45093095302581787,0.00023290514945983887,0.020612459629774094,0.020613839849829674,0.10170061141252518
syco_bullshit_v2_sw_pnf_01,False,39,1,0,True,True,projection_removal,1.0,0.35378485918045044,0.0007543200626969337,0.35378485918045044,0.35349875688552856,0.000286102294921875,0.01818956434726715,0.018205203115940094,0.09416171908378601
syco_bullshit_v2_sw_pnf_01,False,40,1,0,True,True,projection_removal,1.0,0.316295862197876,0.00011689960956573486,0.316295862197876,0.31676846742630005,0.00047260522842407227,0.01931607723236084,0.019316432997584343,0.09841328859329224
syco_bullshit_v2_sw_pnf_01,False,41,1,0,True,True,projection_removal,1.0,0.5356301069259644,0.0004733046516776085,0.5356301069259644,0.5354663729667664,0.00016373395919799805,0.01820373348891735,0.01820988580584526,0.09790315479040146
syco_bullshit_v2_sw_pnf_01,False,42,1,0,True,True,projection_removal,1.0,0.4053713083267212,0.0012302948161959648,0.4053713083267212,0.40476006269454956,0.0006112456321716309,0.02237650938332081,0.022410305216908455,0.10556846857070923
syco_bullshit_v2_sw_pnf_01,False,43,1,0,True,True,projection_removal,1.0,0.4984840750694275,-0.00046212784945964813,0.4984840750694275,0.4993731379508972,0.0008890628814697266,0.020641911774873734,0.020647086203098297,0.10648296028375626
syco_bullshit_v2_sw_pnf_01,False,44,1,0,True,True,projection_removal,1.0,0.10474907606840134,0.00014859437942504883,0.10474907606840134,0.10594765096902847,0.0011985749006271362,0.01684052124619484,0.01684117689728737,0.09671805053949356
syco_bullshit_v2_sw_pnf_01,False,45,1,0,True,True,projection_removal,1.0,-0.0064655477181077,-0.004199450835585594,0.0064655477181077,0.004557602573186159,0.0019079451449215412,0.003954331390559673,0.005768230184912682,0.09303060919046402
syco_bullshit_v2_sw_pnf_01,False,46,1,0,True,True,projection_removal,1.0,0.3426203727722168,0.000318421283736825,0.3426203727722168,0.342831552028656,0.00021117925643920898,0.019049251452088356,0.019051915034651756,0.10108692944049835
syco_bullshit_v2_sw_pnf_01,False,47,1,0,True,True,projection_removal,1.0,0.6272736191749573,-0.001360144466161728,0.6272736191749573,0.6290544271469116,0.0017808079719543457,0.023011768236756325,0.023051908239722252,0.11636912077665329
syco_bullshit_v2_sw_pnf_01,False,48,1,0,True,True,projection_removal,1.0,0.07094305753707886,0.0008186828345060349,0.07094305753707886,0.07256770879030228,0.0016246512532234192,0.01867195963859558,0.018689896911382675,0.09417963773012161
syco_bullshit_v2_sw_pnf_01,False,49,1,0,True,True,projection_removal,1.0,0.25865983963012695,-0.0012691309675574303,0.25865983963012695,0.26033174991607666,0.001671910285949707,0.014479944482445717,0.01453543733805418,0.08338656276464462
syco_bullshit_v2_sw_pnf_01,False,50,1,0,True,True,projection_removal,1.0,0.30150479078292847,-7.504923269152641e-05,0.30150479078292847,0.30214110016822815,0.0006363093852996826,0.01840962842106819,0.01840978115797043,0.09561296552419662
syco_bullshit_v2_sw_pnf_01,False,51,1,0,True,True,projection_removal,1.0,0.3788221478462219,0.000789217883720994,0.3788221478462219,0.37856894731521606,0.0002532005310058594,0.020140131935477257,0.020155591890215874,0.0998348668217659
syco_bullshit_v2_sw_pnf_01,False,52,1,0,True,True,projection_removal,1.0,0.5569051504135132,8.475733920931816e-06,0.5569051504135132,0.5572450160980225,0.00033986568450927734,0.019699107855558395,0.019699109718203545,0.10410220175981522
syco_bullshit_v2_sw_pnf_01,False,53,1,0,True,True,projection_removal,1.0,0.39328867197036743,-0.0010511984582990408,0.39328867197036743,0.39484119415283203,0.0015525221824645996,0.019891411066055298,0.01991916634142399,0.09852257370948792
syco_bullshit_v2_sw_pnf_01,False,54,1,0,True,True,projection_removal,1.0,0.7541409134864807,-0.0009184624068439007,0.7541409134864807,0.7553467154502869,0.0012058019638061523,0.020830532535910606,0.0208507739007473,0.10571402311325073
syco_bullshit_v2_sw_pnf_01,False,55,1,0,True,True,projection_removal,1.0,0.7226637601852417,-0.0006919940933585167,0.7226637601852417,0.7237063050270081,0.0010425448417663574,0.022519057616591454,0.022529687732458115,0.10519582778215408
syco_bullshit_v2_sw_pnf_01,False,56,1,0,True,True,projection_removal,1.0,0.7036466002464294,0.00023387279361486435,0.7036466002464294,0.7037461996078491,9.959936141967773e-05,0.021664094179868698,0.021665357053279877,0.1041177287697792
syco_bullshit_v2_sw_pnf_01,False,57,1,0,True,True,projection_removal,1.0,0.28055697679519653,-1.3421289622783661e-05,0.28055697679519653,0.2809358239173889,0.0003788471221923828,0.014323943294584751,0.014323948882520199,0.07158330082893372
syco_bullshit_v2_sw_pnf_01,False,58,1,0,True,True,projection_removal,1.0,0.49503007531166077,-0.00010068528354167938,0.49503007531166077,0.49538230895996094,0.0003522336483001709,0.015775665640830994,0.01577598787844181,0.08573109656572342
syco_bullshit_v2_sw_pnf_02,False,0,72,71,True,True,projection_removal,1.0,0.28852522373199463,0.0008820821531116962,0.28852522373199463,0.28825122117996216,0.0002740025520324707,0.01871495135128498,0.01873573288321495,0.0908326506614685
syco_bullshit_v2_sw_pnf_02,False,1,1,0,True,True,projection_removal,1.0,0.3469370901584625,0.00028911884874105453,0.3469370901584625,0.3471450209617615,0.0002079308032989502,0.018572794273495674,0.018575046211481094,0.09499290585517883
syco_bullshit_v2_sw_pnf_02,False,2,1,0,True,True,projection_removal,1.0,0.45342957973480225,9.024795144796371e-05,0.45342957973480225,0.4537240266799927,0.0002944469451904297,0.018675178289413452,0.018675394356250763,0.0948716551065445
syco_bullshit_v2_sw_pnf_02,False,3,1,0,True,True,projection_removal,1.0,0.7065830230712891,-0.0011100266128778458,0.7065830230712891,0.7079698443412781,0.0013868212699890137,0.019790446385741234,0.01982155814766884,0.0990448072552681
syco_bullshit_v2_sw_pnf_02,False,4,1,0,True,True,projection_removal,1.0,0.6090302467346191,-0.0001301267184317112,0.6090302467346191,0.6095300912857056,0.0004998445510864258,0.021226011216640472,0.021226409822702408,0.10740875452756882
syco_bullshit_v2_sw_pnf_02,False,5,1,0,True,True,projection_removal,1.0,0.7530002593994141,-0.0009131720289587975,0.7530003190040588,0.7542821168899536,0.0012817978858947754,0.02357691526412964,0.023594597354531288,0.11218845099210739
syco_bullshit_v2_sw_pnf_02,False,6,1,0,True,True,projection_removal,1.0,1.1625221967697144,-0.00038156844675540924,1.1625221967697144,1.1631426811218262,0.0006204843521118164,0.02355939894914627,0.023562494665384293,0.11936856061220169
syco_bullshit_v2_sw_pnf_02,False,7,1,0,True,True,projection_removal,1.0,1.3418772220611572,0.0009250473231077194,1.3418772220611572,1.34110689163208,0.0007703304290771484,0.02040798030793667,0.020428959280252457,0.12134076654911041
syco_bullshit_v2_sw_pnf_02,False,8,1,0,True,True,projection_removal,1.0,1.012549877166748,-0.0004880223423242569,1.012549877166748,1.0131925344467163,0.0006426572799682617,0.01772601343691349,0.017732713371515274,0.1076299250125885
syco_bullshit_v2_sw_pnf_02,False,9,1,0,True,True,projection_removal,1.0,0.744316041469574,-0.0005390280857682228,0.744316041469574,0.7451135516166687,0.0007975101470947266,0.01960507035255432,0.019612492993474007,0.10444493591785431
syco_bullshit_v2_sw_pnf_02,False,10,1,0,True,True,projection_removal,1.0,0.8754944205284119,-0.00035948283039033413,0.8754944205284119,0.8761264681816101,0.0006320476531982422,0.021867400035262108,0.02187034860253334,0.11023762077093124
syco_bullshit_v2_sw_pnf_02,False,11,1,0,True,True,projection_removal,1.0,0.7366137504577637,-0.0005364259704947472,0.7366137504577637,0.737417459487915,0.0008037090301513672,0.019821545109152794,0.01982882432639599,0.10439752042293549
syco_bullshit_v2_sw_pnf_02,False,12,1,0,True,True,projection_removal,1.0,1.007267713546753,0.00023060571402311325,1.007267713546753,1.0072979927062988,3.0279159545898438e-05,0.02289615198969841,0.022897306829690933,0.11305002868175507
syco_bullshit_v2_sw_pnf_02,False,13,1,0,True,True,projection_removal,1.0,0.4621075391769409,0.000659620389342308,0.4621075391769409,0.46193045377731323,0.00017708539962768555,0.021105723455548286,0.021116025745868683,0.10463081300258636
syco_bullshit_v2_sw_pnf_02,False,14,1,0,True,True,projection_removal,1.0,1.012152910232544,-4.6487897634506226e-05,1.0121530294418335,1.012489914894104,0.0003368854522705078,0.024244260042905807,0.02424430660903454,0.12280098348855972
syco_bullshit_v2_sw_pnf_02,False,15,1,0,True,True,projection_removal,1.0,0.556121826171875,0.0009004890453070402,0.556121826171875,0.5555965900421143,0.0005252361297607422,0.020402079448103905,0.020421920344233513,0.1047784760594368
syco_bullshit_v2_sw_pnf_02,False,16,1,0,True,True,projection_removal,1.0,0.4426668584346771,-0.0006161280907690525,0.4426668882369995,0.44369930028915405,0.001032412052154541,0.01921781711280346,0.019227689132094383,0.09833987802267075
syco_bullshit_v2_sw_pnf_02,False,17,1,0,True,True,projection_removal,1.0,0.06357225030660629,0.0001823072088882327,0.06357225030660629,0.06533131003379822,0.001759059727191925,0.015807809308171272,0.01580885984003544,0.08958873152732849
syco_bullshit_v2_sw_pnf_02,False,18,1,0,True,True,projection_removal,1.0,0.2585507929325104,-0.0003334661014378071,0.2585507929325104,0.25960519909858704,0.0010544061660766602,0.01933225430548191,0.019335132092237473,0.10162313282489777
syco_bullshit_v2_sw_pnf_02,False,19,1,0,True,True,projection_removal,1.0,0.6837230920791626,0.0015537496656179428,0.6837230920791626,0.6826103925704956,0.0011126995086669922,0.02454974316060543,0.024598898366093636,0.11674211919307709
syco_bullshit_v2_sw_pnf_02,False,20,1,0,True,True,projection_removal,1.0,0.709084689617157,0.00036768103018403053,0.709084689617157,0.70908522605896,5.364418029785156e-07,0.022847093641757965,0.022850047796964645,0.10634586960077286
syco_bullshit_v2_sw_pnf_02,False,21,1,0,True,True,projection_removal,1.0,0.6505613923072815,-0.00018526148051023483,0.6505613923072815,0.6510434746742249,0.0004820823669433594,0.01964985392987728,0.01965073123574257,0.1069331169128418
syco_bullshit_v2_sw_pnf_02,False,22,1,0,True,True,projection_removal,1.0,0.5667471885681152,0.0012921023881062865,0.5667471885681152,0.565750241279602,0.0009969472885131836,0.018286097794771194,0.018331725150346756,0.10129797458648682
syco_bullshit_v2_sw_pnf_02,False,23,1,0,True,True,projection_removal,1.0,0.5295559763908386,-0.0008333027362823486,0.5295559763908386,0.5307040214538574,0.0011480450630187988,0.01827750727534294,0.018296487629413605,0.10097530484199524
syco_bullshit_v2_sw_pnf_02,False,24,1,0,True,True,projection_removal,1.0,0.5884424448013306,-0.00012416020035743713,0.5884424448013306,0.5889387130737305,0.0004962682723999023,0.02092713862657547,0.020927507430315018,0.10324138402938843
syco_bullshit_v2_sw_pnf_02,False,25,1,0,True,True,projection_removal,1.0,0.3468562662601471,0.0009973137639462948,0.3468562662601471,0.3463180363178253,0.0005382299423217773,0.017825530841946602,0.017853407189249992,0.09667112678289413
syco_bullshit_v2_sw_pnf_02,False,26,1,0,True,True,projection_removal,1.0,0.549464762210846,0.00046127126552164555,0.549464762210846,0.5493655800819397,9.918212890625e-05,0.01994251273572445,0.019947847351431847,0.10681568086147308
syco_bullshit_v2_sw_pnf_02,False,27,1,0,True,True,projection_removal,1.0,0.47554126381874084,0.00020933803170919418,0.47554129362106323,0.4757139980792999,0.00017270445823669434,0.01905689761042595,0.019058044999837875,0.09738430380821228
syco_bullshit_v2_sw_pnf_02,False,28,1,0,True,True,projection_removal,1.0,0.7532929182052612,-0.000750463455915451,0.7532929182052612,0.7543457746505737,0.0010528564453125,0.021356763318181038,0.021369943395256996,0.1089370921254158
syco_bullshit_v2_sw_pnf_02,False,29,1,0,True,True,projection_removal,1.0,0.908078670501709,0.0010125748813152313,0.908078670501709,0.9072798490524292,0.0007988214492797852,0.0197012796998024,0.019727293401956558,0.11312954127788544
syco_bullshit_v2_sw_pnf_02,False,30,1,0,True,True,projection_removal,1.0,0.4634504020214081,0.0006593568250536919,0.4634503722190857,0.4632929265499115,0.00015744566917419434,0.02156931906938553,0.021579409018158913,0.10876527428627014
syco_bullshit_v2_sw_pnf_02,False,31,1,0,True,True,projection_removal,1.0,0.46724793314933777,3.6442652344703674e-05,0.46724793314933777,0.4677010774612427,0.0004531443119049072,0.021396487951278687,0.021396519616246223,0.10992642492055893
syco_bullshit_v2_sw_pnf_02,False,32,1,0,True,True,projection_removal,1.0,0.5187456011772156,0.0006017051637172699,0.5187456607818604,0.5185866355895996,0.0001590251922607422,0.021427609026432037,0.02143605798482895,0.10395944118499756
syco_bullshit_v2_sw_pnf_02,False,33,1,0,True,True,projection_removal,1.0,0.5153079032897949,6.650760769844055e-05,0.5153079032897949,0.5156193971633911,0.0003114938735961914,0.019751548767089844,0.019751662388443947,0.10179624706506729
syco_bullshit_v2_sw_pnf_02,False,34,1,0,True,True,projection_removal,1.0,0.7317445278167725,0.0012673576129600406,0.7317445874214172,0.7307320833206177,0.0010125041007995605,0.019286517053842545,0.01932809129357338,0.09854606539011002
syco_bullshit_v2_sw_pnf_02,False,35,1,0,True,True,projection_removal,1.0,0.3625827729701996,0.0009577804012224078,0.3625827729701996,0.36220625042915344,0.0003765225410461426,0.02051324024796486,0.02053559198975563,0.10498660802841187
syco_bullshit_v2_sw_pnf_02,False,36,1,0,True,True,projection_removal,1.0,0.12466800957918167,0.0001806812360882759,0.12466800957918167,0.1259399652481079,0.001271955668926239,0.019072452560067177,0.019073307514190674,0.09951259195804596
syco_bullshit_v2_sw_pnf_02,False,37,1,0,True,True,projection_removal,1.0,0.5710796117782593,0.0005007092840969563,0.5710796117782593,0.5710090398788452,7.05718994140625e-05,0.022156676277518272,0.02216232940554619,0.10978716611862183
syco_bullshit_v2_sw_pnf_02,False,38,1,0,True,True,projection_removal,1.0,0.6537268757820129,0.0005717861349694431,0.6537268757820129,0.6535019874572754,0.00022488832473754883,0.021301155909895897,0.021308837458491325,0.11205834150314331
syco_bullshit_v2_sw_pnf_02,False,39,1,0,True,True,projection_removal,1.0,0.39618122577667236,-0.0008815489709377289,0.39618122577667236,0.397544801235199,0.0013635754585266113,0.01956772617995739,0.019587580114603043,0.09892914444208145
syco_bullshit_v2_sw_pnf_02,False,40,1,0,True,True,projection_removal,1.0,0.40136244893074036,-0.0008892958285287023,0.40136244893074036,0.40279942750930786,0.0014369785785675049,0.02099423296749592,0.021013066172599792,0.10521135479211807
syco_bullshit_v2_sw_pnf_02,False,41,1,0,True,True,projection_removal,1.0,0.03292904794216156,0.0032367997337132692,0.03292904794216156,0.03363580256700516,0.0007067546248435974,0.015802878886461258,0.01613093726336956,0.10458837449550629
syco_bullshit_v2_sw_pnf_02,False,42,1,0,True,True,projection_removal,1.0,0.594807505607605,0.0012615695595741272,0.5948075652122498,0.5940709114074707,0.0007366538047790527,0.02498447708785534,0.025016339495778084,0.12125793844461441
syco_bullshit_v2_sw_pnf_02,False,43,1,0,True,True,projection_removal,1.0,0.48529958724975586,0.0005614417605102062,0.48529958724975586,0.48516198992729187,0.00013759732246398926,0.020273368805646896,0.02028113789856434,0.10511548817157745
syco_bullshit_v2_sw_pnf_02,False,44,1,0,True,True,projection_removal,1.0,0.6764278411865234,0.0007563186809420586,0.6764278411865234,0.6759418845176697,0.00048595666885375977,0.019107146188616753,0.01912209764122963,0.10875135660171509
syco_bullshit_v2_sw_pnf_02,False,45,1,0,True,True,projection_removal,1.0,0.15979157388210297,0.0011036163195967674,0.15979157388210297,0.1597525179386139,3.905594348907471e-05,0.01841004751622677,0.01844308339059353,0.09600266069173813
syco_bullshit_v2_sw_pnf_02,False,46,1,0,True,True,projection_removal,1.0,0.43532636761665344,0.0006969170644879341,0.43532639741897583,0.4353152811527252,1.1116266250610352e-05,0.024424823001027107,0.024434762075543404,0.11928481608629227
syco_bullshit_v2_sw_pnf_02,False,47,1,0,True,True,projection_removal,1.0,0.37667250633239746,0.00010928441770374775,0.37667250633239746,0.3770987391471863,0.00042623281478881836,0.020091736689209938,0.020092034712433815,0.10266824066638947
syco_bullshit_v2_sw_pnf_02,False,48,1,0,True,True,projection_removal,1.0,0.6600472331047058,0.0007397362496703863,0.6600472331047058,0.6596141457557678,0.0004330873489379883,0.020092973485589027,0.020106565207242966,0.10851592570543289
syco_bullshit_v2_sw_pnf_02,False,49,1,0,True,True,projection_removal,1.0,1.0755438804626465,0.0003143178764730692,1.0755438804626465,1.07554030418396,3.5762786865234375e-06,0.0258522629737854,0.02585417591035366,0.11931750923395157
syco_bullshit_v2_sw_pnf_02,False,50,1,0,True,True,projection_removal,1.0,1.4486812353134155,0.000430460087954998,1.4486812353134155,1.4484267234802246,0.00025451183319091797,0.02263518236577511,0.02263929508626461,0.13020899891853333
syco_bullshit_v2_sw_pnf_02,False,51,1,0,True,True,projection_removal,1.0,1.0589730739593506,0.00022776657715439796,1.0589730739593506,1.0590380430221558,6.496906280517578e-05,0.024876704439520836,0.024877743795514107,0.1156482845544815
syco_bullshit_v2_sw_pnf_02,False,52,1,0,True,True,projection_removal,1.0,0.9355185627937317,-0.0013946755789220333,0.9355185627937317,0.9371787905693054,0.0016602277755737305,0.022291842848062515,0.02233545295894146,0.10976921021938324
syco_bullshit_v2_sw_pnf_02,False,53,1,0,True,True,projection_removal,1.0,0.4834151566028595,0.0016116192564368248,0.4834151566028595,0.48223552107810974,0.0011796355247497559,0.020398715510964394,0.02046225033700466,0.10452431440353394
syco_bullshit_v2_sw_pnf_02,False,54,1,0,True,True,projection_removal,1.0,0.5545936822891235,0.0005613700486719608,0.5545936822891235,0.5543875694274902,0.00020611286163330078,0.019842740148305893,0.019850680604577065,0.09976517409086227
syco_bullshit_v2_sw_pnf_02,False,55,1,0,True,True,projection_removal,1.0,0.8351138830184937,-0.0002730784472078085,0.8351138830184937,0.835752546787262,0.0006386637687683105,0.0247183907777071,0.024719897657632828,0.11987246572971344
syco_bullshit_v2_sw_pnf_02,False,56,1,0,True,True,projection_removal,1.0,0.5776038765907288,-0.0006026457995176315,0.5776038765907288,0.5785554051399231,0.0009515285491943359,0.020093414932489395,0.020102443173527718,0.11137227714061737
syco_bullshit_v2_sw_pnf_02,False,57,1,0,True,True,projection_removal,1.0,0.4058569371700287,0.00018128089141100645,0.4058569371700287,0.4061093330383301,0.0002523958683013916,0.018772494047880173,0.01877337321639061,0.0964699536561966
syco_bullshit_v2_sw_pnf_02,False,58,1,0,True,True,projection_removal,1.0,0.19544634222984314,0.0006484119221568108,0.19544635713100433,0.1956150233745575,0.00016866624355316162,0.01786176487803459,0.017873534932732582,0.09532461315393448
syco_bullshit_v2_sw_pnf_02,False,59,1,0,True,True,projection_removal,1.0,0.2561889588832855,5.740742199122906e-05,0.2561889886856079,0.2568807601928711,0.0006917715072631836,0.01960587315261364,0.019605958834290504,0.10506318509578705
syco_bullshit_v2_sw_pnf_02,False,60,1,0,True,True,projection_removal,1.0,0.10230652987957001,0.00016570044681429863,0.10230652987957001,0.10367890447378159,0.0013723745942115784,0.01779266633093357,0.0177934393286705,0.09846208989620209
syco_bullshit_v2_sw_pnf_02,False,61,1,0,True,True,projection_removal,1.0,0.755430281162262,-0.0007215407676994801,0.755430281162262,0.7564131617546082,0.0009828805923461914,0.019886283203959465,0.019899364560842514,0.10378455370664597
syco_bullshit_v2_sw_pnf_02,False,62,1,0,True,True,projection_removal,1.0,0.2508860230445862,0.00035696476697921753,0.2508860230445862,0.25092613697052,4.011392593383789e-05,0.014112591743469238,0.014117106795310974,0.07121142745018005
syco_bullshit_v2_sw_pnf_02,False,63,1,0,True,True,projection_removal,1.0,0.42055270075798035,-0.00013245642185211182,0.42055270075798035,0.42097753286361694,0.0004248321056365967,0.015687717124819756,0.015688275918364525,0.08631618320941925
syco_bullshit_v2_sw_pnf_03,False,0,69,68,True,True,projection_removal,1.0,0.06432747840881348,0.0009177254978567362,0.06432747840881348,0.06540603935718536,0.0010785609483718872,0.016035525128245354,0.016061756759881973,0.08433985710144043
syco_bullshit_v2_sw_pnf_03,False,1,1,0,True,True,projection_removal,1.0,0.21450917422771454,-0.0003907913342118263,0.21450918912887573,0.21563240885734558,0.0011232197284698486,0.017755774781107903,0.017760079354047775,0.09100943058729172
syco_bullshit_v2_sw_pnf_03,False,2,1,0,True,True,projection_removal,1.0,0.2970755994319916,-0.0010196752846240997,0.2970755994319916,0.2986127436161041,0.0015371441841125488,0.017571374773979187,0.01760093867778778,0.09065571427345276
syco_bullshit_v2_sw_pnf_03,False,3,1,0,True,True,projection_removal,1.0,0.25004100799560547,-0.0006398363038897514,0.25004100799560547,0.2513731122016907,0.001332104206085205,0.018642118200659752,0.01865309663116932,0.09415481984615326
syco_bullshit_v2_sw_pnf_03,False,4,1,0,True,True,projection_removal,1.0,0.41065841913223267,0.00026802578940987587,0.41065841913223267,0.4109035134315491,0.00024509429931640625,0.020530931651592255,0.020532682538032532,0.10559399425983429
syco_bullshit_v2_sw_pnf_03,False,5,1,0,True,True,projection_removal,1.0,0.1640283763408661,-0.0003054961562156677,0.1640283763408661,0.16530583798885345,0.0012774616479873657,0.0178995318710804,0.017902139574289322,0.10066068172454834
syco_bullshit_v2_sw_pnf_03,False,6,1,0,True,True,projection_removal,1.0,0.6670141220092773,0.00025892036501318216,0.6670141220092773,0.667116105556488,0.00010198354721069336,0.02195054478943348,0.021952075883746147,0.11113572865724564
syco_bullshit_v2_sw_pnf_03,False,7,1,0,True,True,projection_removal,1.0,0.8706250786781311,0.0005884086713194847,0.8706250786781311,0.8703000545501709,0.0003250241279602051,0.02141290344297886,0.02142098732292652,0.11364563554525375
syco_bullshit_v2_sw_pnf_03,False,8,1,0,True,True,projection_removal,1.0,0.7175391912460327,-0.0005826218985021114,0.7175392508506775,0.7183247208595276,0.0007854700088500977,0.017095645889639854,0.017105555161833763,0.10047421604394913
syco_bullshit_v2_sw_pnf_03,False,9,1,0,True,True,projection_removal,1.0,0.4638315737247467,0.0013477345928549767,0.4638315737247467,0.4629141390323639,0.0009174346923828125,0.019949158653616905,0.019994616508483887,0.09821898490190506
syco_bullshit_v2_sw_pnf_03,False,10,1,0,True,True,projection_removal,1.0,0.5135944485664368,-0.0001918300986289978,0.5135944485664368,0.5142267346382141,0.0006322860717773438,0.021274326369166374,0.021275194361805916,0.11053404957056046
syco_bullshit_v2_sw_pnf_03,False,11,1,0,True,True,projection_removal,1.0,0.6154953837394714,0.00013281311839818954,0.6154954433441162,0.615778386592865,0.0002829432487487793,0.02261255495250225,0.02261294052004814,0.10894078016281128
syco_bullshit_v2_sw_pnf_03,False,12,1,0,True,True,projection_removal,1.0,0.0854080468416214,0.0007910593412816525,0.0854080468416214,0.08616752922534943,0.0007594823837280273,0.016273101791739464,0.01629231870174408,0.09314076602458954
syco_bullshit_v2_sw_pnf_03,False,13,1,0,True,True,projection_removal,1.0,-0.029510118067264557,-0.0020394017919898033,0.029510118067264557,0.030450336635112762,0.0009402185678482056,0.013137229718267918,0.01329459622502327,0.08411943912506104
syco_bullshit_v2_sw_pnf_03,False,14,1,0,True,True,projection_removal,1.0,0.1096116378903389,0.0012250114232301712,0.1096116378903389,0.10968591272830963,7.427483797073364e-05,0.016833201050758362,0.01687772199511528,0.08880151063203812
syco_bullshit_v2_sw_pnf_03,False,15,1,0,True,True,projection_removal,1.0,-0.03152603656053543,-0.0013350178487598896,0.03152603656053543,0.032843008637428284,0.0013169720768928528,0.01292924489825964,0.012997985817492008,0.09193991124629974
syco_bullshit_v2_sw_pnf_03,False,16,1,0,True,True,projection_removal,1.0,0.284891277551651,-8.748658001422882e-05,0.284891277551651,0.2853328585624695,0.00044158101081848145,0.01420935895293951,0.014209628105163574,0.07531276345252991
syco_bullshit_v2_sw_pnf_03,False,17,1,0,True,True,projection_removal,1.0,0.19020913541316986,0.0008808141574263573,0.19020915031433105,0.19017434120178223,3.4809112548828125e-05,0.017918044701218605,0.017939679324626923,0.0930151641368866
syco_bullshit_v2_sw_pnf_03,False,18,1,0,True,True,projection_removal,1.0,0.2540985643863678,8.422997780144215e-05,0.2540985941886902,0.25482094287872314,0.000722348690032959,0.020261961966753006,0.020262137055397034,0.1058708056807518
syco_bullshit_v2_sw_pnf_03,False,19,1,0,True,True,projection_removal,1.0,0.5086005926132202,1.4522112905979156e-05,0.5086005926132202,0.5090066194534302,0.00040602684020996094,0.020689362660050392,0.02068936824798584,0.109187051653862
syco_bullshit_v2_sw_pnf_03,False,20,1,0,True,True,projection_removal,1.0,0.2766299545764923,0.0006416980177164078,0.2766299545764923,0.27665311098098755,2.3156404495239258e-05,0.019162550568580627,0.01917327754199505,0.0964256078004837
syco_bullshit_v2_sw_pnf_03,False,21,1,0,True,True,projection_removal,1.0,0.5337316989898682,-0.0005880251992493868,0.5337316989898682,0.5346417427062988,0.0009100437164306641,0.01854832097887993,0.01855764351785183,0.10019627213478088
syco_bullshit_v2_sw_pnf_03,False,22,1,0,True,True,projection_removal,1.0,0.4084409475326538,6.635254248976707e-05,0.4084409475326538,0.4088726043701172,0.0004316568374633789,0.020176956430077553,0.020177066326141357,0.10041677951812744
syco_bullshit_v2_sw_pnf_03,False,23,1,0,True,True,projection_removal,1.0,0.541121780872345,-0.00023027113638818264,0.541121780872345,0.5417145490646362,0.0005927681922912598,0.01981593854725361,0.019817272201180458,0.09763191640377045
syco_bullshit_v2_sw_pnf_03,False,24,1,0,True,True,projection_removal,1.0,0.5972269773483276,0.0012403768487274647,0.5972269773483276,0.5963485240936279,0.000878453254699707,0.020765108987689018,0.020802104845643044,0.10492689162492752
syco_bullshit_v2_sw_pnf_03,False,25,1,0,True,True,projection_removal,1.0,0.32092225551605225,0.00041315751150250435,0.32092228531837463,0.32096466422080994,4.2378902435302734e-05,0.017093028873205185,0.017098018899559975,0.09225178509950638
syco_bullshit_v2_sw_pnf_03,False,26,1,0,True,True,projection_removal,1.0,0.2955145835876465,0.0003787511959671974,0.2955145835876465,0.29563477635383606,0.0001201927661895752,0.017171386629343033,0.017175566405057907,0.09087031334638596
syco_bullshit_v2_sw_pnf_03,False,27,1,0,True,True,projection_removal,1.0,0.12131453305482864,0.0002823849208652973,0.12131453305482864,0.12240663915872574,0.0010921061038970947,0.01829170249402523,0.01829388178884983,0.09637310355901718
syco_bullshit_v2_sw_pnf_03,False,28,1,0,True,True,projection_removal,1.0,0.3108939826488495,-0.00011620018631219864,0.3108939826488495,0.31148672103881836,0.0005927383899688721,0.01722177490592003,0.017222166061401367,0.09606350213289261
syco_bullshit_v2_sw_pnf_03,False,29,1,0,True,True,projection_removal,1.0,0.12184657156467438,-0.0001947786659002304,0.12184657156467438,0.12299374490976334,0.0011471733450889587,0.0152768325060606,0.015278073027729988,0.09058139473199844
syco_bullshit_v2_sw_pnf_03,False,30,1,0,True,True,projection_removal,1.0,0.08284931629896164,-8.165324106812477e-05,0.08284931629896164,0.08487497270107269,0.0020256564021110535,0.018061663955450058,0.01806185021996498,0.1016857922077179
syco_bullshit_v2_sw_pnf_03,False,31,1,0,True,True,projection_removal,1.0,0.21445560455322266,0.0014333301223814487,0.21445560455322266,0.21377678215503693,0.00067882239818573,0.017945874482393265,0.018003029748797417,0.09676084667444229
syco_bullshit_v2_sw_pnf_03,False,32,1,0,True,True,projection_removal,1.0,0.07143732160329819,0.00046040304005146027,0.07143732160329819,0.07300640642642975,0.0015690848231315613,0.017094407230615616,0.017100607976317406,0.09946884959936142
syco_bullshit_v2_sw_pnf_03,False,33,1,0,True,True,projection_removal,1.0,0.8751348853111267,-0.0002139238640666008,0.8751348853111267,0.8756060600280762,0.0004711747169494629,0.02122594229876995,0.021227018907666206,0.10746604949235916
syco_bullshit_v2_sw_pnf_03,False,34,1,0,True,True,projection_removal,1.0,0.617794930934906,-0.0005142376758158207,0.617794930934906,0.6187869906425476,0.0009920597076416016,0.02431165613234043,0.024317093193531036,0.11211651563644409
syco_bullshit_v2_sw_pnf_03,False,35,1,0,True,True,projection_removal,1.0,0.24514980614185333,0.0010363738983869553,0.24514982104301453,0.2447311282157898,0.00041869282722473145,0.017376666888594627,0.01740754395723343,0.09238184243440628
syco_bullshit_v2_sw_pnf_03,False,36,1,0,True,True,projection_removal,1.0,0.8786066770553589,2.5504501536488533e-05,0.8786066770553589,0.8788334131240845,0.00022673606872558594,0.02104729600250721,0.021047310903668404,0.10958734899759293
syco_bullshit_v2_sw_pnf_03,False,37,1,0,True,True,projection_removal,1.0,0.6747518181800842,0.00016008783131837845,0.6747518181800842,0.6750183701515198,0.0002665519714355469,0.023994818329811096,0.023995352908968925,0.10875658690929413
syco_bullshit_v2_sw_pnf_03,False,38,1,0,True,True,projection_removal,1.0,0.2005859613418579,-0.0004914691671729088,0.2005859613418579,0.20209164917469025,0.0015056878328323364,0.020220287144184113,0.020226262509822845,0.10563366860151291
syco_bullshit_v2_sw_pnf_03,False,39,1,0,True,True,projection_removal,1.0,0.5148318409919739,-0.0005649834638461471,0.5148318409919739,0.5158636569976807,0.0010318160057067871,0.021942565217614174,0.02194983884692192,0.11239466816186905
syco_bullshit_v2_sw_pnf_03,False,40,1,0,True,True,projection_removal,1.0,0.4536530077457428,0.0012436434626579285,0.4536530077457428,0.4529441297054291,0.0007088780403137207,0.0220012329518795,0.022036347538232803,0.1104947030544281
syco_bullshit_v2_sw_pnf_03,False,41,1,0,True,True,projection_removal,1.0,0.4988708794116974,0.0004976624622941017,0.4988708794116974,0.49877098202705383,9.989738464355469e-05,0.019922390580177307,0.019928615540266037,0.09794656932353973
syco_bullshit_v2_sw_pnf_03,False,42,1,0,True,True,projection_removal,1.0,0.6466069221496582,6.333249621093273e-05,0.6466069221496582,0.6468361020088196,0.00022917985916137695,0.019448138773441315,0.01944824308156967,0.10045244544744492
syco_bullshit_v2_sw_pnf_03,False,43,1,0,True,True,projection_removal,1.0,0.6450875997543335,0.0003313366323709488,0.6450875997543335,0.6451172828674316,2.968311309814453e-05,0.0215765330940485,0.02157907746732235,0.10776121914386749
syco_bullshit_v2_sw_pnf_03,False,44,1,0,True,True,projection_removal,1.0,0.48847392201423645,0.0012704671826213598,0.48847392201423645,0.48758792877197266,0.0008859932422637939,0.01934109814465046,0.01938273385167122,0.10142438113689423
syco_bullshit_v2_sw_pnf_03,False,45,1,0,True,True,projection_removal,1.0,0.5227632522583008,-0.00107499398291111,0.5227632522583008,0.5241977572441101,0.0014345049858093262,0.019414320588111877,0.01944405399262905,0.10196484625339508
syco_bullshit_v2_sw_pnf_03,False,46,1,0,True,True,projection_removal,1.0,0.4259435534477234,-0.00027469266206026077,0.4259435534477234,0.42658060789108276,0.000637054443359375,0.01758788339793682,0.017590021714568138,0.09663202613592148
syco_bullshit_v2_sw_pnf_03,False,47,1,0,True,True,projection_removal,1.0,0.040034472942352295,0.0007550790905952454,0.040034472942352295,0.0423399843275547,0.002305511385202408,0.015804998576641083,0.01582302153110504,0.0961017981171608
syco_bullshit_v2_sw_pnf_03,False,48,1,0,True,True,projection_removal,1.0,0.3822841942310333,-0.00020814687013626099,0.3822841942310333,0.3830004036426544,0.0007162094116210938,0.019719261676073074,0.01972036063671112,0.10266665369272232
syco_bullshit_v2_sw_pnf_03,False,49,1,0,True,True,projection_removal,1.0,0.6834584474563599,1.717265695333481e-05,0.6834584474563599,0.6837945580482483,0.00033611059188842773,0.021972456946969032,0.02197246439754963,0.1082337275147438
syco_bullshit_v2_sw_pnf_03,False,50,1,0,True,True,projection_removal,1.0,0.5133426189422607,-0.0011704117059707642,0.5133426189422607,0.5149054527282715,0.0015628337860107422,0.020087504759430885,0.02012159861624241,0.10047489404678345
syco_bullshit_v2_sw_pnf_03,False,51,1,0,True,True,projection_removal,1.0,0.7974757552146912,0.0005076962988823652,0.7974757552146912,0.7973690629005432,0.00010669231414794922,0.02530623786151409,0.025311347097158432,0.10554998368024826
syco_bullshit_v2_sw_pnf_03,False,52,1,0,True,True,projection_removal,1.0,0.49824053049087524,-0.0003995858132839203,0.49824053049087524,0.4991024136543274,0.0008618831634521484,0.021472901105880737,0.02147662080824375,0.10732624679803848
syco_bullshit_v2_sw_pnf_03,False,53,1,0,True,True,projection_removal,1.0,0.47225335240364075,0.0006097219884395599,0.47225335240364075,0.472110778093338,0.00014257431030273438,0.021000007167458534,0.02100885845720768,0.10753200948238373
syco_bullshit_v2_sw_pnf_03,False,54,1,0,True,True,projection_removal,1.0,0.29195600748062134,-0.00042626727372407913,0.29195600748062134,0.29294222593307495,0.0009862184524536133,0.018102658912539482,0.01810767874121666,0.09890106320381165
syco_bullshit_v2_sw_pnf_03,False,55,1,0,True,True,projection_removal,1.0,0.08984885364770889,-0.0005462337285280228,0.08984885364770889,0.091794453561306,0.001945599913597107,0.01596723310649395,0.015976574271917343,0.09680578112602234
syco_bullshit_v2_sw_pnf_03,False,56,1,0,True,True,projection_removal,1.0,-0.1341947615146637,-0.0009881346486508846,0.1341947615146637,0.13444797694683075,0.0002532154321670532,0.018228689208626747,0.018255457282066345,0.10259319096803665
syco_bullshit_v2_sw_pnf_03,False,57,1,0,True,True,projection_removal,1.0,0.28282925486564636,-0.0012064483016729355,0.28282925486564636,0.2847823202610016,0.0019530653953552246,0.020612802356481552,0.020648056641221046,0.10432570427656174
syco_bullshit_v2_sw_pnf_03,False,58,1,0,True,True,projection_removal,1.0,0.3767835199832916,-9.812181815505028e-05,0.376783549785614,0.37744587659835815,0.0006623268127441406,0.020627155900001526,0.02062739059329033,0.10718660056591034
syco_bullshit_v2_sw_pnf_03,False,59,1,0,True,True,projection_removal,1.0,0.3236308991909027,0.00037009455263614655,0.3236308991909027,0.3235868215560913,4.407763481140137e-05,0.014517584815621376,0.014522296376526356,0.07278413325548172
syco_bullshit_v2_sw_pnf_03,False,60,1,0,True,True,projection_removal,1.0,0.5041263699531555,-0.00035710004158318043,0.5041263699531555,0.5047316551208496,0.0006052851676940918,0.01582385040819645,0.015827879309654236,0.0893271416425705
syco_bullshit_v2_sw_pnf_04,False,0,75,74,True,True,projection_removal,1.0,0.4626927673816681,0.0007119951769709587,0.4626927673816681,0.46240776777267456,0.0002849996089935303,0.019867155700922012,0.019879911094903946,0.09097141027450562
syco_bullshit_v2_sw_pnf_04,False,1,1,0,True,True,projection_removal,1.0,0.3269982635974884,0.0005341661162674427,0.3269982635974884,0.32692670822143555,7.155537605285645e-05,0.017387395724654198,0.01739560067653656,0.0907365009188652
syco_bullshit_v2_sw_pnf_04,False,2,1,0,True,True,projection_removal,1.0,0.6001878976821899,-0.00032790564000606537,0.6001878976821899,0.6009134650230408,0.0007255673408508301,0.0218673013150692,0.021869754418730736,0.10792449116706848
syco_bullshit_v2_sw_pnf_04,False,3,1,0,True,True,projection_removal,1.0,0.7449221611022949,0.00041121430695056915,0.7449221611022949,0.7448375821113586,8.45789909362793e-05,0.022066883742809296,0.02207072079181671,0.10978252440690994
syco_bullshit_v2_sw_pnf_04,False,4,1,0,True,True,projection_removal,1.0,0.7847352623939514,0.0003442969173192978,0.7847352623939514,0.7846537232398987,8.153915405273438e-05,0.02029501460492611,0.020297929644584656,0.11482323706150055
syco_bullshit_v2_sw_pnf_04,False,5,1,0,True,True,projection_removal,1.0,1.159010410308838,0.0013574426993727684,1.159010410308838,1.1578216552734375,0.0011887550354003906,0.019780278205871582,0.01982683129608631,0.11997588723897934
syco_bullshit_v2_sw_pnf_04,False,6,1,0,True,True,projection_removal,1.0,0.049471624195575714,0.0016391649842262268,0.049471624195575714,0.050764039158821106,0.0012924149632453918,0.017001306638121605,0.017080143094062805,0.09065181016921997
syco_bullshit_v2_sw_pnf_04,False,7,1,0,True,True,projection_removal,1.0,0.5131310224533081,-0.0009539499878883362,0.5131310224533081,0.5145426988601685,0.0014116764068603516,0.021698644384741783,0.02171960286796093,0.10399305075407028
syco_bullshit_v2_sw_pnf_04,False,8,1,0,True,True,projection_removal,1.0,0.5164189338684082,-0.0019081654027104378,0.5164189338684082,0.5186499357223511,0.002231001853942871,0.018291862681508064,0.018391136080026627,0.09679143875837326
syco_bullshit_v2_sw_pnf_04,False,9,1,0,True,True,projection_removal,1.0,0.2755264937877655,-0.000282997265458107,0.2755264937877655,0.2766261100769043,0.001099616289138794,0.02123781479895115,0.02123970352113247,0.10080484300851822
syco_bullshit_v2_sw_pnf_04,False,10,1,0,True,True,projection_removal,1.0,0.27565598487854004,-0.001017504371702671,0.27565598487854004,0.2774738073348999,0.0018178224563598633,0.02106037177145481,0.02108493074774742,0.10421761870384216
syco_bullshit_v2_sw_pnf_04,False,11,1,0,True,True,projection_removal,1.0,0.1915707141160965,-0.00024885497987270355,0.1915707141160965,0.19276945292949677,0.0011987388134002686,0.01911221817135811,0.01911384053528309,0.10144855082035065
syco_bullshit_v2_sw_pnf_04,False,12,1,0,True,True,projection_removal,1.0,0.49169132113456726,0.0006022396264597774,0.49169132113456726,0.49168723821640015,4.082918167114258e-06,0.024249698966741562,0.024257181212306023,0.10916224867105484
syco_bullshit_v2_sw_pnf_04,False,13,1,0,True,True,projection_removal,1.0,0.3293130397796631,0.0006692840252071619,0.3293130397796631,0.32915183901786804,0.00016120076179504395,0.01828315667808056,0.0182954054325819,0.10008709132671356
syco_bullshit_v2_sw_pnf_04,False,14,1,0,True,True,projection_removal,1.0,0.2099979817867279,0.0006015151739120483,0.2099979817867279,0.21015582978725433,0.00015784800052642822,0.01784915290772915,0.017859285697340965,0.09808917343616486
syco_bullshit_v2_sw_pnf_04,False,15,1,0,True,True,projection_removal,1.0,0.15984892845153809,0.0023098094388842583,0.15984892845153809,0.15868090093135834,0.0011680275201797485,0.019002113491296768,0.019141994416713715,0.09987182915210724
syco_bullshit_v2_sw_pnf_04,False,16,1,0,True,True,projection_removal,1.0,0.6524950861930847,0.0005523788277059793,0.6524950861930847,0.6523301005363464,0.00016498565673828125,0.022494325414299965,0.02250112220644951,0.1157551258802414
syco_bullshit_v2_sw_pnf_04,False,17,1,0,True,True,projection_removal,1.0,0.46106475591659546,0.00034826132468879223,0.46106475591659546,0.4611354470252991,7.069110870361328e-05,0.019651535898447037,0.019654620438814163,0.10277755558490753
syco_bullshit_v2_sw_pnf_04,False,18,1,0,True,True,projection_removal,1.0,0.38934457302093506,-0.0006406967295333743,0.38934457302093506,0.39055392146110535,0.001209348440170288,0.021063968539237976,0.02107371762394905,0.0973053127527237
syco_bullshit_v2_sw_pnf_04,False,19,1,0,True,True,projection_removal,1.0,0.6621013283729553,0.000657280907034874,0.6621013283729553,0.6617432832717896,0.0003580451011657715,0.019878797233104706,0.01988964155316353,0.10666753351688385
syco_bullshit_v2_sw_pnf_04,False,20,1,0,True,True,projection_removal,1.0,0.28535526990890503,-0.001669139601290226,0.28535526990890503,0.28773197531700134,0.0023767054080963135,0.020165763795375824,0.02023472636938095,0.09963855892419815
syco_bullshit_v2_sw_pnf_04,False,21,1,0,True,True,projection_removal,1.0,0.5836807489395142,-0.00026129093021154404,0.5836807489395142,0.5842893123626709,0.0006085634231567383,0.020130513235926628,0.020132215693593025,0.10225600749254227
syco_bullshit_v2_sw_pnf_04,False,22,1,0,True,True,projection_removal,1.0,0.2994740307331085,1.0177609510719776e-05,0.2994740307331085,0.3000551164150238,0.0005810856819152832,0.01882866956293583,0.01882867142558098,0.09640178829431534
syco_bullshit_v2_sw_pnf_04,False,23,1,0,True,True,projection_removal,1.0,0.4794444739818573,-7.641478441655636e-05,0.4794444739818573,0.47991347312927246,0.00046899914741516113,0.0194107498973608,0.01941090077161789,0.10316652804613113
syco_bullshit_v2_sw_pnf_04,False,24,1,0,True,True,projection_removal,1.0,0.3192759156227112,-0.0006683124229311943,0.3192759156227112,0.3205636143684387,0.001287698745727539,0.019918134436011314,0.019929341971874237,0.10310950875282288
syco_bullshit_v2_sw_pnf_04,False,25,1,0,True,True,projection_removal,1.0,0.33942222595214844,0.001007169485092163,0.33942222595214844,0.33894461393356323,0.0004776120185852051,0.018939169123768806,0.018965929746627808,0.0992167666554451
syco_bullshit_v2_sw_pnf_04,False,26,1,0,True,True,projection_removal,1.0,0.40635746717453003,-0.0011224155314266682,0.40635746717453003,0.40804213285446167,0.0016846656799316406,0.021408453583717346,0.021437868475914,0.109348364174366
syco_bullshit_v2_sw_pnf_04,False,27,1,0,True,True,projection_removal,1.0,0.5834257006645203,0.000820421613752842,0.5834257006645203,0.5829773545265198,0.0004483461380004883,0.02083510160446167,0.020851263776421547,0.10768048465251923
syco_bullshit_v2_sw_pnf_04,False,28,1,0,True,True,projection_removal,1.0,0.47122856974601746,7.116235792636871e-06,0.47122856974601746,0.471597820520401,0.0003692507743835449,0.01883813366293907,0.01883813366293907,0.09992361068725586
syco_bullshit_v2_sw_pnf_04,False,29,1,0,True,True,projection_removal,1.0,0.311160147190094,-0.0002158544957637787,0.311160147190094,0.3119398355484009,0.0007796883583068848,0.01874782145023346,0.018749061971902847,0.10093404352664948
syco_bullshit_v2_sw_pnf_04,False,30,1,0,True,True,projection_removal,1.0,0.5394944548606873,0.0010186773724853992,0.5394944548606873,0.5389525890350342,0.0005418658256530762,0.022672263905405998,0.02269514836370945,0.1134682148694992
syco_bullshit_v2_sw_pnf_04,False,31,1,0,True,True,projection_removal,1.0,0.8586835265159607,-0.000485491007566452,0.8586835265159607,0.8595099449157715,0.000826418399810791,0.024223225191235542,0.024228081107139587,0.1207318902015686
syco_bullshit_v2_sw_pnf_04,False,32,1,0,True,True,projection_removal,1.0,0.8015189170837402,0.0019509303383529186,0.8015189170837402,0.7999706864356995,0.0015482306480407715,0.02537914365530014,0.025454016402363777,0.10620462149381638
syco_bullshit_v2_sw_pnf_04,False,33,1,0,True,True,projection_removal,1.0,0.486691951751709,-0.000376187264919281,0.486691951751709,0.48747169971466064,0.0007797479629516602,0.019833073019981384,0.019836638122797012,0.10160332918167114
syco_bullshit_v2_sw_pnf_04,False,34,1,0,True,True,projection_removal,1.0,0.5476418733596802,0.0013015484437346458,0.5476418733596802,0.5467357635498047,0.0009061098098754883,0.02079635299742222,0.020837057381868362,0.11342775076627731
syco_bullshit_v2_sw_pnf_04,False,35,1,0,True,True,projection_removal,1.0,0.6420560479164124,-0.0006403625011444092,0.6420560479164124,0.6429799199104309,0.0009238719940185547,0.019099397584795952,0.019110120832920074,0.10801666975021362
syco_bullshit_v2_sw_pnf_04,False,36,1,0,True,True,projection_removal,1.0,0.4922099709510803,0.001409693155437708,0.4922100007534027,0.49115630984306335,0.0010536909103393555,0.018698936328291893,0.018752001225948334,0.0992794781923294
syco_bullshit_v2_sw_pnf_04,False,37,1,0,True,True,projection_removal,1.0,0.12139764428138733,0.000579584389925003,0.12139764428138733,0.12211674451828003,0.0007191002368927002,0.017763258889317513,0.017772717401385307,0.10144297778606415
syco_bullshit_v2_sw_pnf_04,False,38,1,0,True,True,projection_removal,1.0,0.569854199886322,0.0007261354476213455,0.569854199886322,0.5695555210113525,0.0002986788749694824,0.022058818489313126,0.022070761770009995,0.10967086255550385
syco_bullshit_v2_sw_pnf_04,False,39,1,0,True,True,projection_removal,1.0,0.26640748977661133,-0.0001352350227534771,0.26640748977661133,0.2672973871231079,0.000889897346496582,0.02007068321108818,0.020071139559149742,0.10374236106872559
syco_bullshit_v2_sw_pnf_04,False,40,1,0,True,True,projection_removal,1.0,0.33086150884628296,-0.00012553588021546602,0.33086150884628296,0.3313950002193451,0.0005334913730621338,0.016439056023955345,0.01643953286111355,0.0871674194931984
syco_bullshit_v2_sw_pnf_04,False,41,1,0,True,True,projection_removal,1.0,0.2680480182170868,0.0005458025261759758,0.2680480182170868,0.2682102620601654,0.00016224384307861328,0.019482063129544258,0.019489720463752747,0.09516066312789917
syco_bullshit_v2_sw_pnf_04,False,42,1,0,True,True,projection_removal,1.0,0.33811867237091064,-0.0001293201930820942,0.33811867237091064,0.33857858180999756,0.00045990943908691406,0.014957977458834648,0.014958535321056843,0.08680615574121475
syco_bullshit_v2_sw_pnf_04,False,43,1,0,True,True,projection_removal,1.0,0.6942732930183411,0.0009701121598482132,0.6942732930183411,0.6935802698135376,0.0006930232048034668,0.019603056833148003,0.019627047702670097,0.10160856693983078
syco_bullshit_v2_sw_pnf_04,False,44,1,0,True,True,projection_removal,1.0,0.4279184639453888,-0.0002750502899289131,0.4279184639453888,0.42860904335975647,0.0006905794143676758,0.018870001658797264,0.018872005864977837,0.09430328011512756
syco_bullshit_v2_sw_pnf_04,False,45,1,0,True,True,projection_removal,1.0,0.39937663078308105,0.0008463989943265915,0.39937663078308105,0.399175763130188,0.0002008676528930664,0.022694004699587822,0.022709786891937256,0.11481000483036041
syco_bullshit_v2_sw_pnf_04,False,46,1,0,True,True,projection_removal,1.0,0.945365846157074,-0.0009601172059774399,0.945365846157074,0.9466472268104553,0.0012813806533813477,0.024668103083968163,0.024686774238944054,0.11718527972698212
syco_bullshit_v2_sw_pnf_04,False,47,1,0,True,True,projection_removal,1.0,0.39824748039245605,-0.0004841005429625511,0.39824748039245605,0.39924079179763794,0.0009933114051818848,0.02016635239124298,0.020172152668237686,0.09582170844078064
syco_bullshit_v2_sw_pnf_04,False,48,1,0,True,True,projection_removal,1.0,0.40309470891952515,-0.0008368035778403282,0.40309473872184753,0.40444260835647583,0.001347869634628296,0.020325277000665665,0.020342497155070305,0.1022326722741127
syco_bullshit_v2_sw_pnf_04,False,49,1,0,True,True,projection_removal,1.0,0.5199258327484131,-0.0007012216374278069,0.5199258327484131,0.5209702849388123,0.00104445219039917,0.018906252458691597,0.01891925558447838,0.10556970536708832
syco_bullshit_v2_sw_pnf_04,False,50,1,0,True,True,projection_removal,1.0,0.4216243624687195,-0.0007752971723675728,0.4216243624687195,0.4227776527404785,0.0011532902717590332,0.01787252351641655,0.01788933388888836,0.09748594462871552
syco_bullshit_v2_sw_pnf_04,False,51,1,0,True,True,projection_removal,1.0,0.5868807435035706,0.0007103299722075462,0.5868807435035706,0.5864538550376892,0.00042688846588134766,0.018244095146656036,0.018257930874824524,0.1022946909070015
syco_bullshit_v2_sw_pnf_04,False,52,1,0,True,True,projection_removal,1.0,0.12664510309696198,-0.0010659429244697094,0.12664511799812317,0.12899097800254822,0.002345860004425049,0.018125608563423157,0.018156928941607475,0.09961679577827454
syco_bullshit_v2_sw_pnf_04,False,53,1,0,True,True,projection_removal,1.0,0.22242145240306854,0.0005377442575991154,0.22242145240306854,0.2230149209499359,0.0005934685468673706,0.022434372454881668,0.022440819069743156,0.114577516913414
syco_bullshit_v2_sw_pnf_04,False,54,1,0,True,True,projection_removal,1.0,0.23648826777935028,-0.0006231274455785751,0.23648826777935028,0.2376963049173355,0.0012080371379852295,0.016664769500494003,0.016676416620612144,0.09117642790079117
syco_bullshit_v2_sw_pnf_04,False,55,1,0,True,True,projection_removal,1.0,0.4018751382827759,-0.0004907110705971718,0.40187516808509827,0.4028034806251526,0.0009283125400543213,0.018773283809423447,0.01877969317138195,0.10454605519771576
syco_bullshit_v2_sw_pnf_04,False,56,1,0,True,True,projection_removal,1.0,0.21647235751152039,0.001399155706167221,0.21647237241268158,0.2161627560853958,0.0003096163272857666,0.02167636714875698,0.021721478551626205,0.11163296550512314
syco_bullshit_v2_sw_pnf_04,False,57,1,0,True,True,projection_removal,1.0,0.4665219485759735,0.0003363927826285362,0.4665219485759735,0.4666602611541748,0.00013831257820129395,0.02103065699338913,0.021033337339758873,0.10613992810249329
syco_bullshit_v2_sw_pnf_04,False,58,1,0,True,True,projection_removal,1.0,0.4840838313102722,0.00032397545874118805,0.4840838313102722,0.4841737449169159,8.991360664367676e-05,0.020013656467199326,0.020016277208924294,0.09910579025745392
syco_bullshit_v2_sw_pnf_04,False,59,1,0,True,True,projection_removal,1.0,0.5177946090698242,-0.0008646163623780012,0.517794668674469,0.5190407633781433,0.0012460947036743164,0.019910285249352455,0.019929029047489166,0.09607617557048798
syco_bullshit_v2_sw_pnf_04,False,60,1,0,True,True,projection_removal,1.0,0.5695639252662659,0.0016487031243741512,0.5695639252662659,0.5683149695396423,0.0012489557266235352,0.02131854183971882,0.021382220089435577,0.09794884920120239
syco_bullshit_v2_sw_pnf_04,False,61,1,0,True,True,projection_removal,1.0,0.5719649791717529,0.00018576811999082565,0.5719649791717529,0.5721626877784729,0.0001977086067199707,0.02094660885632038,0.02094743400812149,0.09668491780757904
syco_bullshit_v2_sw_pnf_04,False,62,1,0,True,True,projection_removal,1.0,0.09905587881803513,-0.00024547427892684937,0.09905587881803513,0.10099527984857559,0.0019394010305404663,0.018419882282614708,0.018421515822410583,0.09732921421527863
syco_bullshit_v2_sw_pnf_04,False,63,1,0,True,True,projection_removal,1.0,0.12225692719221115,-0.0004336182028055191,0.12225692719221115,0.12376921623945236,0.001512289047241211,0.016303636133670807,0.016309406608343124,0.08981297165155411
syco_bullshit_v2_sw_pnf_04,False,64,1,0,True,True,projection_removal,1.0,-0.343889445066452,0.0005030534230172634,0.343889445066452,0.34484028816223145,0.0009508430957794189,0.01756383292376995,0.017571041360497475,0.0959126278758049
syco_bullshit_v2_sw_pnf_04,False,65,1,0,True,True,projection_removal,1.0,-0.0789460614323616,0.00016882922500371933,0.0789460614323616,0.08147279173135757,0.0025267302989959717,0.019458871334791183,0.01945960335433483,0.1050545796751976
syco_bullshit_v2_sw_pnf_04,False,66,1,0,True,True,projection_removal,1.0,0.40716686844825745,-0.00026914384216070175,0.40716686844825745,0.4080204665660858,0.0008535981178283691,0.02182740531861782,0.021829066798090935,0.10739223659038544
syco_bullshit_v2_sw_pnf_04,False,67,1,0,True,True,projection_removal,1.0,0.232273131608963,0.0005884049460291862,0.232273131608963,0.2323503941297531,7.72625207901001e-05,0.017575284466147423,0.017585130408406258,0.09534230828285217
syco_bullshit_v2_sw_pnf_04,False,68,1,0,True,True,projection_removal,1.0,0.5129914283752441,-0.001006492879241705,0.5129914283752441,0.514407753944397,0.001416325569152832,0.020529570057988167,0.020554227754473686,0.10631893575191498
syco_bullshit_v2_sw_pnf_04,False,69,1,0,True,True,projection_removal,1.0,0.6423591375350952,-0.0002963123843073845,0.6423591375350952,0.6429042220115662,0.0005450844764709473,0.017880801111459732,0.01788325607776642,0.09833399206399918
syco_bullshit_v2_sw_pnf_04,False,70,1,0,True,True,projection_removal,1.0,0.46122676134109497,0.0006409185007214546,0.46122679114341736,0.4609532952308655,0.0002734959125518799,0.018396755680441856,0.01840790919959545,0.10148543119430542
syco_bullshit_v2_sw_pnf_04,False,71,1,0,True,True,projection_removal,1.0,0.22712823748588562,0.0008773468434810638,0.22712823748588562,0.22703255712985992,9.56803560256958e-05,0.018822960555553436,0.01884339563548565,0.10099902004003525
syco_bullshit_v2_sw_pnf_04,False,72,1,0,True,True,projection_removal,1.0,0.6538450717926025,-0.0005103991134092212,0.6538450717926025,0.6547263860702515,0.0008813142776489258,0.0220424123108387,0.022048313170671463,0.10945126414299011
syco_bullshit_v2_sw_pnf_04,False,73,1,0,True,True,projection_removal,1.0,0.6394466757774353,-0.0013671964406967163,0.6394466757774353,0.6411876678466797,0.0017409920692443848,0.021894657984375954,0.02193729393184185,0.10241750627756119
syco_bullshit_v2_sw_pnf_04,False,74,1,0,True,True,projection_removal,1.0,0.2671945095062256,-0.0004801712930202484,0.2671945095062256,0.2680804133415222,0.0008859038352966309,0.014747419394552708,0.014755228534340858,0.07121972739696503
syco_bullshit_v2_sw_pnf_04,False,75,1,0,True,True,projection_removal,1.0,0.473564475774765,0.00047943717800080776,0.473564475774765,0.4733327031135559,0.00023177266120910645,0.015313531272113323,0.01532103680074215,0.08651791512966156
syco_bullshit_v2_fin_pnf_01,False,0,61,60,True,True,projection_removal,1.0,0.24534165859222412,0.0009315893985331059,0.24534165859222412,0.2449662983417511,0.00037536025047302246,0.016498805955052376,0.016525086015462875,0.08762216567993164
syco_bullshit_v2_fin_pnf_01,False,1,1,0,True,True,projection_removal,1.0,0.09034520387649536,-0.0002066618762910366,0.09034520387649536,0.09221644699573517,0.0018712431192398071,0.01744263991713524,0.017443861812353134,0.09228860586881638
syco_bullshit_v2_fin_pnf_01,False,2,1,0,True,True,projection_removal,1.0,0.2458890676498413,0.0007590611930936575,0.2458890676498413,0.2455814778804779,0.0003075897693634033,0.01488474104553461,0.014904085546731949,0.0877755805850029
syco_bullshit_v2_fin_pnf_01,False,3,1,0,True,True,projection_removal,1.0,0.538102388381958,5.874037742614746e-05,0.538102388381958,0.538482666015625,0.0003802776336669922,0.02174423635005951,0.021744316443800926,0.10424356162548065
syco_bullshit_v2_fin_pnf_01,False,4,1,0,True,True,projection_removal,1.0,0.7678609490394592,8.118315599858761e-05,0.7678609490394592,0.7680373191833496,0.00017637014389038086,0.019898492842912674,0.019898660480976105,0.10844812542200089
syco_bullshit_v2_fin_pnf_01,False,5,1,0,True,True,projection_removal,1.0,0.5176777839660645,0.0006196931935846806,0.5176777839660645,0.5173959732055664,0.0002818107604980469,0.01869778521358967,0.018708055838942528,0.09599482268095016
syco_bullshit_v2_fin_pnf_01,False,6,1,0,True,True,projection_removal,1.0,0.5899646878242493,-0.000767834484577179,0.5899646878242493,0.5910439491271973,0.001079261302947998,0.019180743023753166,0.019196107983589172,0.09785856306552887
syco_bullshit_v2_fin_pnf_01,False,7,1,0,True,True,projection_removal,1.0,0.7788442373275757,0.00020746421068906784,0.7788442373275757,0.7789032459259033,5.900859832763672e-05,0.020375175401568413,0.020376231521368027,0.1042964830994606
syco_bullshit_v2_fin_pnf_01,False,8,1,0,True,True,projection_removal,1.0,0.49250710010528564,0.001261037541553378,0.49250710010528564,0.4915207028388977,0.0009863972663879395,0.01641944982111454,0.016467781737446785,0.0924176499247551
syco_bullshit_v2_fin_pnf_01,False,9,1,0,True,True,projection_removal,1.0,0.9543276429176331,0.001839697826653719,0.9543276429176331,0.9527928233146667,0.0015348196029663086,0.024101080372929573,0.024171190336346626,0.11541864275932312
syco_bullshit_v2_fin_pnf_01,False,10,1,0,True,True,projection_removal,1.0,0.8424020409584045,0.0008314475417137146,0.8424020409584045,0.8418599367141724,0.0005421042442321777,0.022078508511185646,0.02209416776895523,0.11206316202878952
syco_bullshit_v2_fin_pnf_01,False,11,1,0,True,True,projection_removal,1.0,0.38726094365119934,0.00114507507532835,0.38726094365119934,0.38657525181770325,0.0006856918334960938,0.018836727365851402,0.0188714899122715,0.09730707854032516
syco_bullshit_v2_fin_pnf_01,False,12,1,0,True,True,projection_removal,1.0,0.6280216574668884,-0.0006703032413497567,0.6280216574668884,0.6290349364280701,0.0010132789611816406,0.020767193287611008,0.020778009667992592,0.10719059407711029
syco_bullshit_v2_fin_pnf_01,False,13,1,0,True,True,projection_removal,1.0,0.2574927508831024,-0.00034647807478904724,0.2574927508831024,0.2586987614631653,0.0012060105800628662,0.021072227507829666,0.02107507549226284,0.10603305697441101
syco_bullshit_v2_fin_pnf_01,False,14,1,0,True,True,projection_removal,1.0,0.08887455612421036,3.419164568185806e-05,0.08887455612421036,0.09052146226167679,0.0016469061374664307,0.01736452616751194,0.017364559695124626,0.09519443660974503
syco_bullshit_v2_fin_pnf_01,False,15,1,0,True,True,projection_removal,1.0,-0.005788172595202923,-0.003080642782151699,0.005788172595202923,0.004535514861345291,0.0012526577338576317,0.0036387057043612003,0.004767655394971371,0.08625753223896027
syco_bullshit_v2_fin_pnf_01,False,16,1,0,True,True,projection_removal,1.0,-0.07735052704811096,0.000331721268594265,0.07735052704811096,0.07956377416849136,0.0022132471203804016,0.017200687900185585,0.017203886061906815,0.09552530199289322
syco_bullshit_v2_fin_pnf_01,False,17,1,0,True,True,projection_removal,1.0,0.0143339978531003,0.004738442599773407,0.0143339978531003,0.013718780130147934,0.0006152177229523659,0.009804622270166874,0.010889612138271332,0.10210826247930527
syco_bullshit_v2_fin_pnf_01,False,18,1,0,True,True,projection_removal,1.0,0.5168598294258118,-0.00037008547224104404,0.5168598294258118,0.5177406668663025,0.0008808374404907227,0.022991394624114037,0.022994372993707657,0.11118799448013306
syco_bullshit_v2_fin_pnf_01,False,19,1,0,True,True,projection_removal,1.0,0.3906254768371582,0.00027319020591676235,0.3906254768371582,0.39084023237228394,0.00021475553512573242,0.019523246213793755,0.019525155425071716,0.09899540990591049
syco_bullshit_v2_fin_pnf_01,False,20,1,0,True,True,projection_removal,1.0,0.3348590135574341,0.0008957225363701582,0.3348590135574341,0.33435648679733276,0.0005025267601013184,0.016210293397307396,0.016235021874308586,0.0960431843996048
syco_bullshit_v2_fin_pnf_01,False,21,1,0,True,True,projection_removal,1.0,0.1857723742723465,-0.00011530797928571701,0.1857723891735077,0.18668755888938904,0.0009151697158813477,0.017261862754821777,0.01726224645972252,0.10108201950788498
syco_bullshit_v2_fin_pnf_01,False,22,1,0,True,True,projection_removal,1.0,0.3495316505432129,0.00012441258877515793,0.3495316505432129,0.34990236163139343,0.000370711088180542,0.018611561506986618,0.018611978739500046,0.1023709774017334
syco_bullshit_v2_fin_pnf_01,False,23,1,0,True,True,projection_removal,1.0,0.925494909286499,-1.4267396181821823e-05,0.925494909286499,0.9257722496986389,0.0002773404121398926,0.022066570818424225,0.022066576406359673,0.11001238226890564
syco_bullshit_v2_fin_pnf_01,False,24,1,0,True,True,projection_removal,1.0,0.47990530729293823,0.00046629784628748894,0.47990530729293823,0.47985559701919556,4.971027374267578e-05,0.01999659091234207,0.020002033561468124,0.10053294897079468
syco_bullshit_v2_fin_pnf_01,False,25,1,0,True,True,projection_removal,1.0,0.6736184358596802,0.00027404725551605225,0.6736184358596802,0.6736196279525757,1.1920928955078125e-06,0.01924939826130867,0.019251344725489616,0.10124529153108597
syco_bullshit_v2_fin_pnf_01,False,26,1,0,True,True,projection_removal,1.0,0.5545499920845032,6.172480061650276e-05,0.5545499920845032,0.5547681450843811,0.0002181529998779297,0.01762540079653263,0.017625508829951286,0.089634969830513
syco_bullshit_v2_fin_pnf_01,False,27,1,0,True,True,projection_removal,1.0,0.7333688735961914,0.00045019015669822693,0.7333688735961914,0.7332221865653992,0.00014668703079223633,0.02108515053987503,0.0210899505764246,0.10652424395084381
syco_bullshit_v2_fin_pnf_01,False,28,1,0,True,True,projection_removal,1.0,1.2260037660598755,0.0010974588803946972,1.2260037660598755,1.225130558013916,0.0008732080459594727,0.023389015346765518,0.023414703086018562,0.11472972482442856
syco_bullshit_v2_fin_pnf_01,False,29,1,0,True,True,projection_removal,1.0,0.8127562403678894,0.0007760070730000734,0.8127562999725342,0.8122565746307373,0.000499725341796875,0.021176166832447052,0.021190371364355087,0.10367168486118317
syco_bullshit_v2_fin_pnf_01,False,30,1,0,True,True,projection_removal,1.0,0.530505895614624,0.00016383733600378036,0.530505895614624,0.530737578868866,0.00023168325424194336,0.02048315480351448,0.02048380859196186,0.10247758030891418
syco_bullshit_v2_fin_pnf_01,False,31,1,0,True,True,projection_removal,1.0,0.5110970139503479,-0.0007500257343053818,0.5110970139503479,0.5123289227485657,0.0012319087982177734,0.022225353866815567,0.02223799005150795,0.1056622788310051
syco_bullshit_v2_fin_pnf_01,False,32,1,0,True,True,projection_removal,1.0,0.5216518640518188,-0.0013439776375889778,0.5216518640518188,0.5233693718910217,0.0017175078392028809,0.01976185105741024,0.019807519391179085,0.10043001174926758
syco_bullshit_v2_fin_pnf_01,False,33,1,0,True,True,projection_removal,1.0,0.904918372631073,0.002067414578050375,0.9049184322357178,0.9031378030776978,0.0017806291580200195,0.022797536104917526,0.022891173139214516,0.11582005023956299
syco_bullshit_v2_fin_pnf_01,False,34,1,0,True,True,projection_removal,1.0,0.7122108936309814,-0.0006268513388931751,0.7122108936309814,0.7131810188293457,0.0009701251983642578,0.02210884727537632,0.022117746993899345,0.10573293268680573
syco_bullshit_v2_fin_pnf_01,False,35,1,0,True,True,projection_removal,1.0,0.8046471476554871,-0.0004416240844875574,0.8046471476554871,0.805370569229126,0.000723421573638916,0.02130311168730259,0.021307682618498802,0.10493562370538712
syco_bullshit_v2_fin_pnf_01,False,36,1,0,True,True,projection_removal,1.0,0.4733288884162903,-0.0002916017547249794,0.4733288884162903,0.4739830791950226,0.0006541907787322998,0.018543263897299767,0.01854555308818817,0.09512639790773392
syco_bullshit_v2_fin_pnf_01,False,37,1,0,True,True,projection_removal,1.0,0.6340359449386597,9.295996278524399e-05,0.6340359449386597,0.6343027353286743,0.00026679039001464844,0.02135132998228073,0.0213515292853117,0.10656192898750305
syco_bullshit_v2_fin_pnf_01,False,38,1,0,True,True,projection_removal,1.0,0.32935869693756104,2.9563438147306442e-05,0.32935869693756104,0.32980111241340637,0.0004424154758453369,0.017631154507398605,0.017631176859140396,0.09730879962444305
syco_bullshit_v2_fin_pnf_01,False,39,1,0,True,True,projection_removal,1.0,-0.17590555548667908,-0.0008359616622328758,0.17590555548667908,0.17582271993160248,8.283555507659912e-05,0.016257252544164658,0.016278738155961037,0.09374567121267319
syco_bullshit_v2_fin_pnf_01,False,40,1,0,True,True,projection_removal,1.0,-0.005501760169863701,-0.003637404181063175,0.005501760169863701,0.003834666684269905,0.0016670934855937958,0.00335093610920012,0.004945638123899698,0.09325157850980759
syco_bullshit_v2_fin_pnf_01,False,41,1,0,True,True,projection_removal,1.0,-0.26009854674339294,-0.001511423964984715,0.26009854674339294,0.25930139422416687,0.0007971525192260742,0.019232334569096565,0.019291628152132034,0.1025678813457489
syco_bullshit_v2_fin_pnf_01,False,42,1,0,True,True,projection_removal,1.0,0.43188467621803284,0.00045697297900915146,0.4318847060203552,0.43197324872016907,8.854269981384277e-05,0.02170228585600853,0.021707095205783844,0.10995076596736908
syco_bullshit_v2_fin_pnf_01,False,43,1,0,True,True,projection_removal,1.0,0.6125673055648804,-0.0008348089177161455,0.6125673055648804,0.6137866973876953,0.0012193918228149414,0.021721860393881798,0.021737899631261826,0.10819032043218613
syco_bullshit_v2_fin_pnf_01,False,44,1,0,True,True,projection_removal,1.0,0.5641372799873352,4.2748404666781425e-05,0.5641372799873352,0.564461350440979,0.00032407045364379883,0.02035483345389366,0.020354878157377243,0.10150404274463654
syco_bullshit_v2_fin_pnf_01,False,45,1,0,True,True,projection_removal,1.0,0.2465011328458786,0.0005550030618906021,0.2465011328458786,0.246421217918396,7.991492748260498e-05,0.015294747427105904,0.015304814092814922,0.0929185226559639
syco_bullshit_v2_fin_pnf_01,False,46,1,0,True,True,projection_removal,1.0,0.612866222858429,-2.758670598268509e-05,0.6128662824630737,0.6132396459579468,0.0003733634948730469,0.020581118762493134,0.020581137388944626,0.109013132750988
syco_bullshit_v2_fin_pnf_01,False,47,1,0,True,True,projection_removal,1.0,0.20497651398181915,-0.0007614563219249249,0.20497651398181915,0.20633241534233093,0.0013559013605117798,0.01564992032945156,0.015668438747525215,0.09424902498722076
syco_bullshit_v2_fin_pnf_01,False,48,1,0,True,True,projection_removal,1.0,0.47788116335868835,-0.0005202526226639748,0.47788119316101074,0.47888660430908203,0.001005411148071289,0.021553901955485344,0.021560177206993103,0.10409103333950043
syco_bullshit_v2_fin_pnf_01,False,49,1,0,True,True,projection_removal,1.0,0.8743038773536682,0.000988552113994956,0.8743038773536682,0.8735766410827637,0.000727236270904541,0.021379051730036736,0.021401910111308098,0.10623405128717422
syco_bullshit_v2_fin_pnf_01,False,50,1,0,True,True,projection_removal,1.0,0.7966324090957642,2.6406720280647278e-05,0.7966324090957642,0.7968735694885254,0.00024116039276123047,0.020647993311285973,0.020648010075092316,0.09735570102930069
syco_bullshit_v2_fin_pnf_01,False,51,1,0,True,True,projection_removal,1.0,0.29352617263793945,0.00042601022869348526,0.29352617263793945,0.29343247413635254,9.369850158691406e-05,0.013961243443191051,0.013967741280794144,0.07059797644615173
syco_bullshit_v2_fin_pnf_01,False,52,1,0,True,True,projection_removal,1.0,0.4408261477947235,-0.0002378756762482226,0.4408261775970459,0.4413544833660126,0.0005283057689666748,0.01600901037454605,0.016010776162147522,0.08436012268066406
syco_bullshit_v2_fin_pnf_02,False,0,70,69,True,True,projection_removal,1.0,0.3265877366065979,0.0008558186236768961,0.3265877366065979,0.32625672221183777,0.00033101439476013184,0.01849498599767685,0.01851476915180683,0.09188923984766006
syco_bullshit_v2_fin_pnf_02,False,1,1,0,True,True,projection_removal,1.0,0.5060621500015259,6.608432158827782e-05,0.5060621500015259,0.5063874125480652,0.00032526254653930664,0.019895615056157112,0.019895724952220917,0.09360585361719131
syco_bullshit_v2_fin_pnf_02,False,2,1,0,True,True,projection_removal,1.0,0.590131938457489,-0.000897443387657404,0.590131938457489,0.5913596153259277,0.0012276768684387207,0.019752833992242813,0.019773220643401146,0.09820391982793808
syco_bullshit_v2_fin_pnf_02,False,3,1,0,True,True,projection_removal,1.0,0.5716646909713745,-0.0006289961747825146,0.5716646909713745,0.5726327896118164,0.0009680986404418945,0.019715191796422005,0.019725210964679718,0.09761960804462433
syco_bullshit_v2_fin_pnf_02,False,4,1,0,True,True,projection_removal,1.0,0.3797059655189514,0.001150582917034626,0.3797059953212738,0.3790905773639679,0.0006154179573059082,0.020139509811997414,0.02017235942184925,0.09779518097639084
syco_bullshit_v2_fin_pnf_02,False,5,1,0,True,True,projection_removal,1.0,0.5567447543144226,0.00023239059373736382,0.5567447543144226,0.5568567514419556,0.00011199712753295898,0.019578194245696068,0.01957957074046135,0.1040249839425087
syco_bullshit_v2_fin_pnf_02,False,6,1,0,True,True,projection_removal,1.0,0.49766606092453003,-0.0008179191499948502,0.49766606092453003,0.4989379644393921,0.0012719035148620605,0.021281003952026367,0.02129671350121498,0.09946700930595398
syco_bullshit_v2_fin_pnf_02,False,7,1,0,True,True,projection_removal,1.0,0.48554497957229614,-0.0002610227093100548,0.48554497957229614,0.48629873991012573,0.0007537603378295898,0.021887073293328285,0.021888630464673042,0.10741327702999115
syco_bullshit_v2_fin_pnf_02,False,8,1,0,True,True,projection_removal,1.0,0.5392045974731445,0.0005816756747663021,0.5392045974731445,0.5389112234115601,0.00029337406158447266,0.017632117494940758,0.017641719430685043,0.09511444717645645
syco_bullshit_v2_fin_pnf_02,False,9,1,0,True,True,projection_removal,1.0,0.3400338888168335,0.0010008132085204124,0.3400338888168335,0.3396953344345093,0.00033855438232421875,0.021204525604844093,0.021228140220046043,0.10489578545093536
syco_bullshit_v2_fin_pnf_02,False,10,1,0,True,True,projection_removal,1.0,0.7055538892745972,0.0006133271381258965,0.7055538892745972,0.705283522605896,0.0002703666687011719,0.02199271135032177,0.02200126275420189,0.10572629421949387
syco_bullshit_v2_fin_pnf_02,False,11,1,0,True,True,projection_removal,1.0,0.6967094540596008,0.00041309744119644165,0.6967094540596008,0.696658730506897,5.072355270385742e-05,0.022462178021669388,0.02246597409248352,0.10395976901054382
syco_bullshit_v2_fin_pnf_02,False,12,1,0,True,True,projection_removal,1.0,0.4574645161628723,0.0013288914924487472,0.4574645161628723,0.45656996965408325,0.0008945465087890625,0.019912060350179672,0.01995636150240898,0.10056447982788086
syco_bullshit_v2_fin_pnf_02,False,13,1,0,True,True,projection_removal,1.0,0.3557531237602234,0.0008064114954322577,0.3557531237602234,0.35551586747169495,0.00023725628852844238,0.020107561722397804,0.02012372389435768,0.09464146196842194
syco_bullshit_v2_fin_pnf_02,False,14,1,0,True,True,projection_removal,1.0,0.5791972279548645,0.00011087767779827118,0.5791972279548645,0.5793549418449402,0.0001577138900756836,0.017635663971304893,0.0176360122859478,0.09237731993198395
syco_bullshit_v2_fin_pnf_02,False,15,1,0,True,True,projection_removal,1.0,0.37854498624801636,9.679724462330341e-05,0.37854498624801636,0.3789515197277069,0.00040653347969055176,0.01953209564089775,0.01953233778476715,0.10024676471948624
syco_bullshit_v2_fin_pnf_02,False,16,1,0,True,True,projection_removal,1.0,0.6271091103553772,0.0012055831030011177,0.6271091103553772,0.6262413263320923,0.0008677840232849121,0.02058175951242447,0.02061706781387329,0.10951326042413712
syco_bullshit_v2_fin_pnf_02,False,17,1,0,True,True,projection_removal,1.0,0.36604806780815125,-0.0008577844128012657,0.36604806780815125,0.3673105537891388,0.0012624859809875488,0.017237966880202293,0.017259294167160988,0.091654472053051
syco_bullshit_v2_fin_pnf_02,False,18,1,0,True,True,projection_removal,1.0,0.22205089032649994,-0.00013032136484980583,0.22205089032649994,0.22287580370903015,0.0008249133825302124,0.017582306638360023,0.017582789063453674,0.09444817900657654
syco_bullshit_v2_fin_pnf_02,False,19,1,0,True,True,projection_removal,1.0,0.43478673696517944,-0.0002594310790300369,0.43478673696517944,0.4354952871799469,0.0007085502147674561,0.01978030614554882,0.01978200115263462,0.09720820933580399
syco_bullshit_v2_fin_pnf_02,False,20,1,0,True,True,projection_removal,1.0,0.33649513125419617,-6.185006350278854e-05,0.33649513125419617,0.337018221616745,0.0005230903625488281,0.017629897221922874,0.01763000339269638,0.09336505830287933
syco_bullshit_v2_fin_pnf_02,False,21,1,0,True,True,projection_removal,1.0,0.6998003721237183,-0.0004665176384150982,0.6998003721237183,0.7005559802055359,0.000755608081817627,0.020126285031437874,0.020131688565015793,0.10370209068059921
syco_bullshit_v2_fin_pnf_02,False,22,1,0,True,True,projection_removal,1.0,0.6660780906677246,-0.0003114428836852312,0.6660780906677246,0.6666595339775085,0.0005814433097839355,0.018965892493724823,0.018968451768159866,0.10192926228046417
syco_bullshit_v2_fin_pnf_02,False,23,1,0,True,True,projection_removal,1.0,0.44781240820884705,0.0002926653251051903,0.44781240820884705,0.4478525221347809,4.011392593383789e-05,0.01726548746228218,0.017267970368266106,0.09390956163406372
syco_bullshit_v2_fin_pnf_02,False,24,1,0,True,True,projection_removal,1.0,0.5007944107055664,-0.0001986287534236908,0.5007944107055664,0.5013283491134644,0.0005339384078979492,0.01834179274737835,0.018342865630984306,0.090286023914814
syco_bullshit_v2_fin_pnf_02,False,25,1,0,True,True,projection_removal,1.0,0.32343223690986633,0.00037253834307193756,0.32343223690986633,0.3236205577850342,0.00018832087516784668,0.01904395781457424,0.019047601148486137,0.09282481670379639
syco_bullshit_v2_fin_pnf_02,False,26,1,0,True,True,projection_removal,1.0,0.4936816692352295,-0.0009315097704529762,0.4936816692352295,0.49504366517066956,0.0013619959354400635,0.02063412219285965,0.020655151456594467,0.09559471905231476
syco_bullshit_v2_fin_pnf_02,False,27,1,0,True,True,projection_removal,1.0,0.7396630048751831,-0.0003684200346469879,0.7396630048751831,0.7403674721717834,0.0007044672966003418,0.022303691133856773,0.022306734696030617,0.1083623468875885
syco_bullshit_v2_fin_pnf_02,False,28,1,0,True,True,projection_removal,1.0,0.2988789975643158,-0.0009115638677030802,0.2988789975643158,0.30029425024986267,0.001415252685546875,0.017387630417943,0.017411502078175545,0.09737545251846313
syco_bullshit_v2_fin_pnf_02,False,29,1,0,True,True,projection_removal,1.0,0.23526276648044586,0.0007991581223905087,0.23526276648044586,0.2351105958223343,0.00015217065811157227,0.017430266365408897,0.017448578029870987,0.09664466232061386
syco_bullshit_v2_fin_pnf_02,False,30,1,0,True,True,projection_removal,1.0,0.5164720416069031,-0.0008395197801291943,0.5164720416069031,0.5177785754203796,0.0013065338134765625,0.02198673225939274,0.022002751007676125,0.10784809291362762
syco_bullshit_v2_fin_pnf_02,False,31,1,0,True,True,projection_removal,1.0,0.533403217792511,5.1089562475681305e-05,0.533403217792511,0.5337613821029663,0.00035816431045532227,0.02090533636510372,0.020905401557683945,0.10179832577705383
syco_bullshit_v2_fin_pnf_02,False,32,1,0,True,True,projection_removal,1.0,0.22915562987327576,0.0005101468414068222,0.22915562987327576,0.22919726371765137,4.163384437561035e-05,0.015894701704382896,0.015902888029813766,0.08883259445428848
syco_bullshit_v2_fin_pnf_02,False,33,1,0,True,True,projection_removal,1.0,0.19984613358974457,-0.0012402203865349293,0.19984613358974457,0.20193065702915192,0.0020845234394073486,0.018444359302520752,0.0184860210865736,0.10237891227006912
syco_bullshit_v2_fin_pnf_02,False,34,1,0,True,True,projection_removal,1.0,0.5487924814224243,-0.0004191948100924492,0.5487924814224243,0.5497183203697205,0.0009258389472961426,0.0235983245074749,0.023602047935128212,0.11130537837743759
syco_bullshit_v2_fin_pnf_02,False,35,1,0,True,True,projection_removal,1.0,0.3147215247154236,-0.000524876406416297,0.3147215247154236,0.3158903419971466,0.0011688172817230225,0.020154746249318123,0.020161587744951248,0.10594359785318375
syco_bullshit_v2_fin_pnf_02,False,36,1,0,True,True,projection_removal,1.0,0.3948820233345032,0.00091353221796453,0.3948820233345032,0.39441442489624023,0.00046759843826293945,0.018748829141259193,0.01877107284963131,0.09641332924365997
syco_bullshit_v2_fin_pnf_02,False,37,1,0,True,True,projection_removal,1.0,0.3729676604270935,-0.000346330925822258,0.3729676604270935,0.37376639246940613,0.0007987320423126221,0.0183842945843935,0.018387554213404655,0.0953914225101471
syco_bullshit_v2_fin_pnf_02,False,38,1,0,True,True,projection_removal,1.0,0.46283218264579773,0.00014350959099829197,0.46283218264579773,0.4630889892578125,0.0002568066120147705,0.01925252191722393,0.01925305835902691,0.0954505056142807
syco_bullshit_v2_fin_pnf_02,False,39,1,0,True,True,projection_removal,1.0,0.4111158847808838,-0.0006785979494452477,0.4111158847808838,0.4123061001300812,0.0011902153491973877,0.0205411147326231,0.02055230922996998,0.10412357747554779
syco_bullshit_v2_fin_pnf_02,False,40,1,0,True,True,projection_removal,1.0,0.2834455668926239,-0.00023907888680696487,0.2834455668926239,0.284336119890213,0.0008905529975891113,0.019239967688918114,0.0192414503544569,0.10146673768758774
syco_bullshit_v2_fin_pnf_02,False,41,1,0,True,True,projection_removal,1.0,0.4270462691783905,-0.0003202119842171669,0.4270462691783905,0.4277774691581726,0.0007311999797821045,0.018746845424175262,0.018749579787254333,0.10159509629011154
syco_bullshit_v2_fin_pnf_02,False,42,1,0,True,True,projection_removal,1.0,0.3240926265716553,0.0003561023622751236,0.3240926265716553,0.3242483139038086,0.0001556873321533203,0.018214548006653786,0.018218033015727997,0.09430384635925293
syco_bullshit_v2_fin_pnf_02,False,43,1,0,True,True,projection_removal,1.0,0.591940701007843,0.0012231655418872833,0.591940701007843,0.5910288095474243,0.0009118914604187012,0.01917976140975952,0.019218727946281433,0.1006106287240982
syco_bullshit_v2_fin_pnf_02,False,44,1,0,True,True,projection_removal,1.0,0.47313323616981506,-2.8913840651512146e-05,0.47313326597213745,0.47361427545547485,0.00048100948333740234,0.02069338783621788,0.020693406462669373,0.09961424767971039
syco_bullshit_v2_fin_pnf_02,False,45,1,0,True,True,projection_removal,1.0,0.5202537178993225,-0.0007357308641076088,0.5202537178993225,0.5214136242866516,0.0011599063873291016,0.021044092252850533,0.021056927740573883,0.10792212188243866
syco_bullshit_v2_fin_pnf_02,False,46,1,0,True,True,projection_removal,1.0,0.48350271582603455,-0.0014865905977785587,0.48350271582603455,0.4854357838630676,0.001933068037033081,0.020824305713176727,0.02087727002799511,0.10270426422357559
syco_bullshit_v2_fin_pnf_02,False,47,1,0,True,True,projection_removal,1.0,0.737991452217102,0.00043241167441010475,0.737991452217102,0.737877607345581,0.0001138448715209961,0.021660882979631424,0.021665187552571297,0.11166611313819885
syco_bullshit_v2_fin_pnf_02,False,48,1,0,True,True,projection_removal,1.0,0.5923300385475159,0.0013833115808665752,0.5923300385475159,0.5914008617401123,0.0009291768074035645,0.02318206988275051,0.023223329335451126,0.10521414130926132
syco_bullshit_v2_fin_pnf_02,False,49,1,0,True,True,projection_removal,1.0,0.6217472553253174,-0.0004920833744108677,0.6217472553253174,0.6226653456687927,0.0009180903434753418,0.023020001128315926,0.02302526868879795,0.10212017595767975
syco_bullshit_v2_fin_pnf_02,False,50,1,0,True,True,projection_removal,1.0,0.5941279530525208,0.0010750233195722103,0.5941279530525208,0.5934872031211853,0.0006407499313354492,0.022689174860715866,0.022714613005518913,0.11024586111307144
syco_bullshit_v2_fin_pnf_02,False,51,1,0,True,True,projection_removal,1.0,0.4978436529636383,0.00029105832800269127,0.4978436529636383,0.4979289770126343,8.532404899597168e-05,0.019357891753315926,0.019360078498721123,0.10002362728118896
syco_bullshit_v2_fin_pnf_02,False,52,1,0,True,True,projection_removal,1.0,0.3878076672554016,-0.0007158902008086443,0.3878076672554016,0.38912954926490784,0.0013218820095062256,0.021707594394683838,0.021719397976994514,0.09960529953241348
syco_bullshit_v2_fin_pnf_02,False,53,1,0,True,True,projection_removal,1.0,0.1971055418252945,0.00017040502279996872,0.1971055567264557,0.1976751685142517,0.0005696117877960205,0.0170879103243351,0.017088759690523148,0.09613751620054245
syco_bullshit_v2_fin_pnf_02,False,54,1,0,True,True,projection_removal,1.0,0.02722397819161415,0.0024303384125232697,0.02722397819161415,0.02868228405714035,0.0014583058655261993,0.01442041527479887,0.014623777009546757,0.09258770942687988
syco_bullshit_v2_fin_pnf_02,False,55,1,0,True,True,projection_removal,1.0,0.2932173013687134,0.0010233446955680847,0.2932173013687134,0.2926235795021057,0.000593721866607666,0.01584615372121334,0.01587914675474167,0.08919423818588257
syco_bullshit_v2_fin_pnf_02,False,56,1,0,True,True,projection_removal,1.0,0.5271567702293396,-0.0013169404119253159,0.5271567702293396,0.5288358926773071,0.0016791224479675293,0.01958680897951126,0.01963098533451557,0.10110326111316681
syco_bullshit_v2_fin_pnf_02,False,57,1,0,True,True,projection_removal,1.0,0.2620786726474762,0.0005146078765392303,0.2620786726474762,0.26230210065841675,0.00022342801094055176,0.01966359280049801,0.019670328125357628,0.10083109140396118
syco_bullshit_v2_fin_pnf_02,False,58,1,0,True,True,projection_removal,1.0,0.15176349878311157,0.0003773798234760761,0.15176349878311157,0.1524083912372589,0.0006448924541473389,0.017622144892811775,0.01762618124485016,0.09610756486654282
syco_bullshit_v2_fin_pnf_02,False,59,1,0,True,True,projection_removal,1.0,0.44205453991889954,-0.0005698204040527344,0.44205453991889954,0.44300320744514465,0.0009486675262451172,0.018316710367798805,0.018325572833418846,0.09622619301080704
syco_bullshit_v2_fin_pnf_02,False,60,1,0,True,True,projection_removal,1.0,0.4695650041103363,-0.0002418896183371544,0.4695650041103363,0.47036421298980713,0.0007992088794708252,0.022885160520672798,0.02288644015789032,0.10450291633605957
syco_bullshit_v2_fin_pnf_02,False,61,1,0,True,True,projection_removal,1.0,0.6498061418533325,-0.0005495124496519566,0.6498061418533325,0.650726854801178,0.000920712947845459,0.02197035774588585,0.02197723463177681,0.10986284166574478
syco_bullshit_v2_fin_pnf_02,False,62,1,0,True,True,projection_removal,1.0,0.7313674092292786,0.0005140188150107861,0.7313674092292786,0.7311833500862122,0.00018405914306640625,0.02195673994719982,0.02196275256574154,0.10846405476331711
syco_bullshit_v2_fin_pnf_02,False,63,1,0,True,True,projection_removal,1.0,0.7187264561653137,-0.0008012463804334402,0.7187264561653137,0.7198478579521179,0.0011214017868041992,0.021472206339240074,0.021487146615982056,0.10599254816770554
syco_bullshit_v2_fin_pnf_02,False,64,1,0,True,True,projection_removal,1.0,0.6074398756027222,0.0004384698113426566,0.6074398756027222,0.6073735952377319,6.628036499023438e-05,0.021255139261484146,0.02125965617597103,0.09783081710338593
syco_bullshit_v2_fin_pnf_02,False,65,1,0,True,True,projection_removal,1.0,0.7090731263160706,0.0014763595536351204,0.7090731263160706,0.7079944610595703,0.0010786652565002441,0.02373993769288063,0.023785825818777084,0.10707350075244904
syco_bullshit_v2_fin_pnf_02,False,66,1,0,True,True,projection_removal,1.0,0.30657902359962463,0.0003321790136396885,0.30657902359962463,0.3068425953388214,0.00026357173919677734,0.01910954713821411,0.01911243237555027,0.09309981763362885
syco_bullshit_v2_fin_pnf_02,False,67,1,0,True,True,projection_removal,1.0,0.19054748117923737,-0.00028825621120631695,0.19054748117923737,0.19153082370758057,0.0009833425283432007,0.01630566455423832,0.01630820892751217,0.08805649727582932
syco_bullshit_v2_fin_pnf_02,False,68,1,0,True,True,projection_removal,1.0,0.5031769871711731,-0.0004980838857591152,0.5031769871711731,0.504027247428894,0.0008502602577209473,0.018826153129339218,0.018832752481102943,0.10144119709730148
syco_bullshit_v2_fin_pnf_02,False,69,1,0,True,True,projection_removal,1.0,0.5095104575157166,-0.0010943622328341007,0.5095104575157166,0.5109794735908508,0.0014690160751342773,0.019575800746679306,0.019606342539191246,0.10335735231637955
syco_bullshit_v2_fin_pnf_02,False,70,1,0,True,True,projection_removal,1.0,0.2683991491794586,0.0003302509430795908,0.2683991491794586,0.2686687409877777,0.0002695918083190918,0.01794213056564331,0.017945168539881706,0.09806988388299942
syco_bullshit_v2_fin_pnf_02,False,71,1,0,True,True,projection_removal,1.0,0.2523362338542938,0.00028254464268684387,0.2523362338542938,0.25271785259246826,0.0003816187381744385,0.018309904262423515,0.018312085419893265,0.09787937253713608
syco_bullshit_v2_fin_pnf_02,False,72,1,0,True,True,projection_removal,1.0,-0.020511211827397346,-0.0034955807495862246,0.020511211827397346,0.020310787484049797,0.00020042434334754944,0.011090352199971676,0.011628194712102413,0.084710992872715
syco_bullshit_v2_fin_pnf_02,False,73,1,0,True,True,projection_removal,1.0,0.36132389307022095,0.0006514238193631172,0.36132386326789856,0.36120864748954773,0.00011521577835083008,0.01967056281864643,0.01968134194612503,0.10162413865327835
syco_bullshit_v2_fin_pnf_02,False,74,1,0,True,True,projection_removal,1.0,0.3260115385055542,-2.204952761530876e-05,0.3260115385055542,0.32648560404777527,0.00047406554222106934,0.01717812940478325,0.017178142443299294,0.09358782321214676
syco_bullshit_v2_fin_pnf_02,False,75,1,0,True,True,projection_removal,1.0,0.2612782418727875,0.001484725158661604,0.2612782418727875,0.2604597508907318,0.0008184909820556641,0.01861952804028988,0.01867864280939102,0.09974346309900284
syco_bullshit_v2_fin_pnf_02,False,76,1,0,True,True,projection_removal,1.0,0.3400440216064453,0.0013321221340447664,0.3400440216064453,0.33927106857299805,0.0007729530334472656,0.019471261650323868,0.019516779109835625,0.09965939074754715
syco_bullshit_v2_fin_pnf_02,False,77,1,0,True,True,projection_removal,1.0,0.6702478528022766,0.0008727621752768755,0.6702478528022766,0.6696901321411133,0.0005577206611633301,0.020541897043585777,0.020560434088110924,0.10011307895183563
syco_bullshit_v2_fin_pnf_02,False,78,1,0,True,True,projection_removal,1.0,0.2911331355571747,0.00014771521091461182,0.2911331355571747,0.29133743047714233,0.00020429491996765137,0.014316150918602943,0.01431691087782383,0.07144098728895187
syco_bullshit_v2_fin_pnf_02,False,79,1,0,True,True,projection_removal,1.0,0.3087199330329895,0.0005276203737594187,0.3087199330329895,0.308557391166687,0.00016254186630249023,0.015006485395133495,0.015015760436654091,0.08274674415588379
syco_bullshit_v2_phys_pnf_01,False,0,73,72,True,True,projection_removal,1.0,0.38039329648017883,0.00044444226659834385,0.38039329648017883,0.3803775906562805,1.570582389831543e-05,0.01805832050740719,0.01806379109621048,0.09034986048936844
syco_bullshit_v2_phys_pnf_01,False,1,1,0,True,True,projection_removal,1.0,0.6988837122917175,-0.0007187869632616639,0.6988837718963623,0.6998778581619263,0.0009940862655639648,0.019635319709777832,0.019648466259241104,0.09798645973205566
syco_bullshit_v2_phys_pnf_01,False,2,1,0,True,True,projection_removal,1.0,0.356547474861145,-0.0002745605306699872,0.3565475046634674,0.35730865597724915,0.0007611513137817383,0.018644722178578377,0.018646741285920143,0.0936773493885994
syco_bullshit_v2_phys_pnf_01,False,3,1,0,True,True,projection_removal,1.0,0.4930296242237091,0.0007653720676898956,0.4930296242237091,0.4926837980747223,0.0003458261489868164,0.020326310768723488,0.02034071274101734,0.09654282033443451
syco_bullshit_v2_phys_pnf_01,False,4,1,0,True,True,projection_removal,1.0,0.3115514814853668,0.0005633278051391244,0.3115514814853668,0.3113063871860504,0.00024509429931640625,0.014073237776756287,0.014084510505199432,0.08497541397809982
syco_bullshit_v2_phys_pnf_01,False,5,1,0,True,True,projection_removal,1.0,0.17004947364330292,0.00074811652302742,0.17004947364330292,0.17014528810977936,9.581446647644043e-05,0.016926223412156105,0.01694275252521038,0.08914104849100113
syco_bullshit_v2_phys_pnf_01,False,6,1,0,True,True,projection_removal,1.0,0.0009793941862881184,0.000926207285374403,0.0009793941862881184,0.0002600929292384535,0.0007193012861534953,0.0002545974566601217,0.0009605656377971172,0.09479083865880966
syco_bullshit_v2_phys_pnf_01,False,7,1,0,True,True,projection_removal,1.0,0.10314580798149109,-0.0005616676062345505,0.10314580798149109,0.1052577793598175,0.002111971378326416,0.017999179661273956,0.01800793968141079,0.0987958088517189
syco_bullshit_v2_phys_pnf_01,False,8,1,0,True,True,projection_removal,1.0,0.6421252489089966,0.00036908267065882683,0.6421252489089966,0.6420779824256897,4.7266483306884766e-05,0.020327016711235046,0.020330365747213364,0.10544446855783463
syco_bullshit_v2_phys_pnf_01,False,9,1,0,True,True,projection_removal,1.0,0.5928230285644531,-0.0002431599423289299,0.5928230285644531,0.5934152007102966,0.0005921721458435059,0.020358195528388023,0.020359644666314125,0.09870141744613647
syco_bullshit_v2_phys_pnf_01,False,10,1,0,True,True,projection_removal,1.0,0.6149585247039795,1.8984079360961914e-05,0.6149585247039795,0.6152384877204895,0.00027996301651000977,0.01919083669781685,0.019190846011042595,0.0938667505979538
syco_bullshit_v2_phys_pnf_01,False,11,1,0,True,True,projection_removal,1.0,0.08632739633321762,-0.0003070579841732979,0.08632739633321762,0.08769897371530533,0.0013715773820877075,0.013623233884572983,0.013626692816615105,0.08097706735134125
syco_bullshit_v2_phys_pnf_01,False,12,1,0,True,True,projection_removal,1.0,0.1369277983903885,-0.00035091093741357327,0.1369277983903885,0.13818183541297913,0.0012540370225906372,0.015771612524986267,0.015775518491864204,0.09337148815393448
syco_bullshit_v2_phys_pnf_01,False,13,1,0,True,True,projection_removal,1.0,0.4336742162704468,0.0006969738751649857,0.4336742162704468,0.4334285259246826,0.00024569034576416016,0.019772570580244064,0.019784849137067795,0.10174008458852768
syco_bullshit_v2_phys_pnf_01,False,14,1,0,True,True,projection_removal,1.0,-0.005622377153486013,-0.003765711560845375,0.005622377153486013,0.003776360070332885,0.0018460170831531286,0.003288428531959653,0.004999449476599693,0.07964349538087845
syco_bullshit_v2_phys_pnf_01,False,15,1,0,True,True,projection_removal,1.0,0.3118400573730469,0.00026014866307377815,0.31184008717536926,0.3120737075805664,0.00023362040519714355,0.017548827454447746,0.01755075715482235,0.09805838018655777
syco_bullshit_v2_phys_pnf_01,False,16,1,0,True,True,projection_removal,1.0,0.41072022914886475,0.0010334029793739319,0.41072022914886475,0.410131573677063,0.0005886554718017578,0.019097404554486275,0.019125351682305336,0.09723059833049774
syco_bullshit_v2_phys_pnf_01,False,17,1,0,True,True,projection_removal,1.0,0.41680771112442017,-0.00027219951152801514,0.41680771112442017,0.417522132396698,0.000714421272277832,0.019206950441002846,0.0192088820040226,0.09836321324110031
syco_bullshit_v2_phys_pnf_01,False,18,1,0,True,True,projection_removal,1.0,-0.10775308310985565,-0.0011942344717681408,0.10775308310985565,0.10757561773061752,0.00017746537923812866,0.01475624181330204,0.014804496429860592,0.08603057265281677
syco_bullshit_v2_phys_pnf_01,False,19,1,0,True,True,projection_removal,1.0,-0.03967107832431793,-0.00025299424305558205,0.03967107832431793,0.0421832799911499,0.00251220166683197,0.015021591447293758,0.015023722313344479,0.08857281506061554
syco_bullshit_v2_phys_pnf_01,False,20,1,0,True,True,projection_removal,1.0,0.17167897522449493,0.0008517196401953697,0.17167897522449493,0.17177318036556244,9.420514106750488e-05,0.018002254888415337,0.01802239380776882,0.09551268070936203
syco_bullshit_v2_phys_pnf_01,False,21,1,0,True,True,projection_removal,1.0,-0.05299752205610275,-0.00021261349320411682,0.05299752578139305,0.05421812832355499,0.0012206025421619415,0.012383755296468735,0.012385579757392406,0.07371772825717926
syco_bullshit_v2_phys_pnf_01,False,22,1,0,True,True,projection_removal,1.0,0.0082425931468606,0.0034602461382746696,0.0082425931468606,0.007232526782900095,0.0010100663639605045,0.005425712559372187,0.006435175891965628,0.08381573855876923
syco_bullshit_v2_phys_pnf_01,False,23,1,0,True,True,projection_removal,1.0,0.3770124316215515,-0.00048324745148420334,0.3770124614238739,0.3779872953891754,0.0009748339653015137,0.01926875114440918,0.019274814054369926,0.09664209932088852
syco_bullshit_v2_phys_pnf_01,False,24,1,0,True,True,projection_removal,1.0,0.5955158472061157,-3.523239865899086e-05,0.5955158472061157,0.5959397554397583,0.0004239082336425781,0.021524829789996147,0.021524857729673386,0.1016516387462616
syco_bullshit_v2_phys_pnf_01,False,25,1,0,True,True,projection_removal,1.0,0.4254436492919922,4.982040263712406e-05,0.4254436492919922,0.4258571267127991,0.00041347742080688477,0.019860872998833656,0.01986093632876873,0.09997205436229706
syco_bullshit_v2_phys_pnf_01,False,26,1,0,True,True,projection_removal,1.0,0.14484837651252747,0.00015569478273391724,0.14484837651252747,0.14548902213573456,0.0006406456232070923,0.015200510621070862,0.015201306901872158,0.08946200460195541
syco_bullshit_v2_phys_pnf_01,False,27,1,0,True,True,projection_removal,1.0,0.14866949617862701,-0.00010687950998544693,0.14866949617862701,0.14965219795703888,0.0009827017784118652,0.01616722345352173,0.016167575493454933,0.09245698899030685
syco_bullshit_v2_phys_pnf_01,False,28,1,0,True,True,projection_removal,1.0,0.2286623865365982,0.0004828281234949827,0.2286624014377594,0.22878721356391907,0.00012481212615966797,0.01666378229856491,0.016670776531100273,0.09302733838558197
syco_bullshit_v2_phys_pnf_01,False,29,1,0,True,True,projection_removal,1.0,0.11291959136724472,9.28882509469986e-05,0.11291959136724472,0.11398425698280334,0.0010646656155586243,0.01620304025709629,0.01620330475270748,0.08844330906867981
syco_bullshit_v2_phys_pnf_01,False,30,1,0,True,True,projection_removal,1.0,0.32986345887184143,0.0008372217416763306,0.32986345887184143,0.3294844627380371,0.0003789961338043213,0.017365358769893646,0.017385514453053474,0.09335489571094513
syco_bullshit_v2_phys_pnf_01,False,31,1,0,True,True,projection_removal,1.0,-0.07728763669729233,0.000832180492579937,0.07728763669729233,0.07962093502283096,0.0023332983255386353,0.01538760680705309,0.015410096384584904,0.088656485080719
syco_bullshit_v2_phys_pnf_01,False,32,1,0,True,True,projection_removal,1.0,0.20041799545288086,-1.130206510424614e-05,0.20041799545288086,0.2012184113264084,0.0008004158735275269,0.017803912982344627,0.017803916707634926,0.0968373715877533
syco_bullshit_v2_phys_pnf_01,False,33,1,0,True,True,projection_removal,1.0,0.866640031337738,-0.0010601896792650223,0.866640031337738,0.8679698705673218,0.0013298392295837402,0.021628355607390404,0.02165433019399643,0.10483700782060623
syco_bullshit_v2_phys_pnf_01,False,34,1,0,True,True,projection_removal,1.0,0.5046449899673462,0.00045639462769031525,0.5046449899673462,0.5045694708824158,7.551908493041992e-05,0.019592182710766792,0.01959748938679695,0.10115212947130203
syco_bullshit_v2_phys_pnf_01,False,35,1,0,True,True,projection_removal,1.0,0.40729403495788574,0.0002293456345796585,0.40729406476020813,0.4075494408607483,0.00025537610054016113,0.019866056740283966,0.01986737735569477,0.09411563724279404
syco_bullshit_v2_phys_pnf_01,False,36,1,0,True,True,projection_removal,1.0,0.2375001162290573,0.00025800056755542755,0.2375001162290573,0.2378208041191101,0.0003206878900527954,0.01657705567777157,0.01657905802130699,0.09004413336515427
syco_bullshit_v2_phys_pnf_01,False,37,1,0,True,True,projection_removal,1.0,0.3800322115421295,9.411631617695093e-05,0.3800322115421295,0.3803790509700775,0.00034683942794799805,0.01831415854394436,0.01831440068781376,0.09368099272251129
syco_bullshit_v2_phys_pnf_01,False,38,1,0,True,True,projection_removal,1.0,-0.15670405328273773,-0.0003309287130832672,0.15670405328273773,0.15734440088272095,0.0006403475999832153,0.01745552197098732,0.017458656802773476,0.08831360936164856
syco_bullshit_v2_phys_pnf_01,False,39,1,0,True,True,projection_removal,1.0,0.05262736976146698,0.0006489073857665062,0.05262736976146698,0.053572915494441986,0.0009455457329750061,0.012972835451364517,0.012989053502678871,0.07916946709156036
syco_bullshit_v2_phys_pnf_01,False,40,1,0,True,True,projection_removal,1.0,0.24060660600662231,0.0002722032368183136,0.24060660600662231,0.24091005325317383,0.00030344724655151367,0.016641663387417793,0.016643885523080826,0.09161042422056198
syco_bullshit_v2_phys_pnf_01,False,41,1,0,True,True,projection_removal,1.0,0.15996964275836945,0.0008666622452437878,0.15996964275836945,0.15998758375644684,1.7940998077392578e-05,0.016800062730908394,0.016822397708892822,0.08419308811426163
syco_bullshit_v2_phys_pnf_01,False,42,1,0,True,True,projection_removal,1.0,-0.10446125268936157,-0.0009363493882119656,0.10446125268936157,0.10437222570180893,8.902698755264282e-05,0.013272108510136604,0.01330509502440691,0.07654890418052673
syco_bullshit_v2_phys_pnf_01,False,43,1,0,True,True,projection_removal,1.0,-0.21433991193771362,-0.0006145439110696316,0.21433991193771362,0.21421509981155396,0.00012481212615966797,0.01447477750480175,0.014487811364233494,0.07721739262342453
syco_bullshit_v2_phys_pnf_01,False,44,1,0,True,True,projection_removal,1.0,-0.29437556862831116,0.0003394722007215023,0.29437556862831116,0.295193076133728,0.0008175075054168701,0.016795825213193893,0.01679925061762333,0.0913640558719635
syco_bullshit_v2_phys_pnf_01,False,45,1,0,True,True,projection_removal,1.0,-0.06909704208374023,-0.0007079290226101875,0.06909704208374023,0.07091966271400452,0.0018226206302642822,0.018775450065732002,0.018788790330290794,0.0939100831747055
syco_bullshit_v2_phys_pnf_01,False,46,1,0,True,True,projection_removal,1.0,-0.1474647969007492,-0.0007180310785770416,0.1474647969007492,0.147678405046463,0.00021360814571380615,0.01656281016767025,0.016578370705246925,0.08655676990747452
syco_bullshit_v2_phys_pnf_01,False,47,1,0,True,True,projection_removal,1.0,-0.047348108142614365,-0.0013419510796666145,0.047348108142614365,0.04904567077755928,0.0016975626349449158,0.016997259110212326,0.01705014519393444,0.09356629103422165
syco_bullshit_v2_phys_pnf_01,False,48,1,0,True,True,projection_removal,1.0,0.3018176555633545,0.0003101709298789501,0.3018176555633545,0.30206602811813354,0.00024837255477905273,0.018361831083893776,0.018364451825618744,0.09679411351680756
syco_bullshit_v2_phys_pnf_01,False,49,1,0,True,True,projection_removal,1.0,0.23206694424152374,0.000750446692109108,0.23206694424152374,0.2320837825536728,1.683831214904785e-05,0.018855618312954903,0.01887054555118084,0.09385780990123749
syco_bullshit_v2_phys_pnf_01,False,50,1,0,True,True,projection_removal,1.0,0.4077127277851105,0.0007788864895701408,0.4077127277851105,0.40722131729125977,0.000491410493850708,0.015294801443815231,0.015314612537622452,0.08819721639156342
syco_bullshit_v2_phys_pnf_01,False,51,1,0,True,True,projection_removal,1.0,0.2644786834716797,6.407499313354492e-07,0.2644786834716797,0.2650994062423706,0.000620722770690918,0.018139706924557686,0.018139706924557686,0.09314623475074768
syco_bullshit_v2_phys_pnf_01,False,52,1,0,True,True,projection_removal,1.0,0.2307865470647812,-0.0006334995850920677,0.2307865470647812,0.23214618861675262,0.0013596415519714355,0.018349457532167435,0.018360383808612823,0.09076642245054245
syco_bullshit_v2_phys_pnf_01,False,53,1,0,True,True,projection_removal,1.0,-0.03436348959803581,-0.001528996042907238,0.03436348959803581,0.0357988104224205,0.0014353208243846893,0.014263616874814034,0.014345332980155945,0.08566692471504211
syco_bullshit_v2_phys_pnf_01,False,54,1,0,True,True,projection_removal,1.0,-0.5130003690719604,0.0010007028467953205,0.5130003690719604,0.5143012404441833,0.0013008713722229004,0.017570361495018005,0.017598832026124,0.09254562854766846
syco_bullshit_v2_phys_pnf_01,False,55,1,0,True,True,projection_removal,1.0,-0.11456992477178574,-0.0013820230960845947,0.11456992477178574,0.11468908190727234,0.00011915713548660278,0.018495604395866394,0.018547168001532555,0.0965290367603302
syco_bullshit_v2_phys_pnf_01,False,56,1,0,True,True,projection_removal,1.0,0.4199792444705963,0.00011902209371328354,0.4199792444705963,0.4204789698123932,0.000499725341796875,0.022802889347076416,0.022803200408816338,0.10959181934595108
syco_bullshit_v2_phys_pnf_01,False,57,1,0,True,True,projection_removal,1.0,0.23125755786895752,-5.887076258659363e-05,0.23125755786895752,0.2320861667394638,0.0008286088705062866,0.01888532005250454,0.018885411322116852,0.09380089491605759
syco_bullshit_v2_phys_pnf_01,False,58,1,0,True,True,projection_removal,1.0,0.23746351897716522,0.00015493063256144524,0.23746351897716522,0.2378063201904297,0.00034280121326446533,0.015383332967758179,0.01538411621004343,0.08854404091835022
syco_bullshit_v2_phys_pnf_01,False,59,1,0,True,True,projection_removal,1.0,0.40978381037712097,0.0005901013500988483,0.40978381037712097,0.40962061285972595,0.00016319751739501953,0.018696101382374763,0.01870541088283062,0.10017675161361694
syco_bullshit_v2_phys_pnf_01,False,60,1,0,True,True,projection_removal,1.0,0.23410917818546295,-0.00038487184792757034,0.23410919308662415,0.23507408797740936,0.0009648948907852173,0.016502778977155685,0.016507267951965332,0.08875411748886108
syco_bullshit_v2_phys_pnf_01,False,61,1,0,True,True,projection_removal,1.0,-0.03095313161611557,-0.0022188324946910143,0.03095313161611557,0.03209640458226204,0.0011432729661464691,0.014300975948572159,0.01447207760065794,0.08850041776895523
syco_bullshit_v2_phys_pnf_01,False,62,1,0,True,True,projection_removal,1.0,-0.13287070393562317,0.0007542255334556103,0.13287070393562317,0.134317085146904,0.0014463812112808228,0.01361819077283144,0.013639060780405998,0.083084337413311
syco_bullshit_v2_phys_pnf_01,False,63,1,0,True,True,projection_removal,1.0,-0.22541047632694244,-0.0005306480452418327,0.22541047632694244,0.2255174070596695,0.00010693073272705078,0.016947312280535698,0.016955621540546417,0.09402421116828918
syco_bullshit_v2_phys_pnf_01,False,64,1,0,True,True,projection_removal,1.0,-0.12034393846988678,0.0011618011631071568,0.12034393846988678,0.1227191686630249,0.0023752301931381226,0.017214488238096237,0.017253652215003967,0.09191767871379852
syco_bullshit_v2_phys_pnf_01,False,65,1,0,True,True,projection_removal,1.0,-0.08833250403404236,-0.0003764962311834097,0.08833250403404236,0.08922211080789566,0.000889606773853302,0.014977679587900639,0.01498241163790226,0.08621736615896225
syco_bullshit_v2_phys_pnf_01,False,66,1,0,True,True,projection_removal,1.0,0.17518985271453857,0.0006934367120265961,0.17518985271453857,0.17550688982009888,0.00031703710556030273,0.018805215135216713,0.018817992880940437,0.10341363400220871
syco_bullshit_v2_phys_pnf_01,False,67,1,0,True,True,projection_removal,1.0,0.9270052313804626,-0.0005681924521923065,0.9270052313804626,0.9277807474136353,0.0007755160331726074,0.01961732842028141,0.019625553861260414,0.10998953133821487
syco_bullshit_v2_phys_pnf_01,False,68,1,0,True,True,projection_removal,1.0,0.6081833243370056,9.01632010936737e-05,0.6081833243370056,0.6084842085838318,0.0003008842468261719,0.02181028015911579,0.021810468286275864,0.1073324903845787
syco_bullshit_v2_phys_pnf_01,False,69,1,0,True,True,projection_removal,1.0,0.3093627691268921,-0.0004198994720354676,0.3093627691268921,0.3102860152721405,0.0009232461452484131,0.01766616851091385,0.01767115853726864,0.09148075431585312
syco_bullshit_v2_phys_pnf_01,False,70,1,0,True,True,projection_removal,1.0,0.32172107696533203,0.001200439757667482,0.32172107696533203,0.3210236430168152,0.0006974339485168457,0.017965473234653473,0.01800554245710373,0.08901157975196838
syco_bullshit_v2_phys_pnf_01,False,71,1,0,True,True,projection_removal,1.0,0.34783658385276794,0.0010960465297102928,0.34783658385276794,0.34721389412879944,0.0006226897239685059,0.018124166876077652,0.01815727911889553,0.08859873563051224
syco_bullshit_v2_phys_pnf_01,False,72,1,0,True,True,projection_removal,1.0,0.6957716941833496,-0.0003969087265431881,0.6957716941833496,0.6965117454528809,0.00074005126953125,0.021853338927030563,0.021856946870684624,0.1110890656709671
syco_bullshit_v2_phys_pnf_01,False,73,1,0,True,True,projection_removal,1.0,0.7370169758796692,-0.00040034297853708267,0.7370169758796692,0.7376617789268494,0.0006448030471801758,0.01901203766465187,0.019016237929463387,0.10144033282995224
syco_bullshit_v2_phys_pnf_01,False,74,1,0,True,True,projection_removal,1.0,0.27211329340934753,0.0008633476682007313,0.27211329340934753,0.271801620721817,0.0003116726875305176,0.017310049384832382,0.017331572249531746,0.0892861858010292
syco_bullshit_v2_phys_pnf_01,False,75,1,0,True,True,projection_removal,1.0,0.38806724548339844,0.00011022528633475304,0.38806724548339844,0.3883287310600281,0.00026148557662963867,0.016987476497888565,0.016987834125757217,0.09143311530351639
syco_bullshit_v2_phys_pnf_01,False,76,1,0,True,True,projection_removal,1.0,0.3468649685382843,0.00013376586139202118,0.3468649685382843,0.34705954790115356,0.0001945793628692627,0.0151009326800704,0.015101528726518154,0.09051784127950668
syco_bullshit_v2_phys_pnf_01,False,77,1,0,True,True,projection_removal,1.0,0.7041913270950317,-0.00011080317199230194,0.7041913270950317,0.7045873403549194,0.0003960132598876953,0.02005663327872753,0.020056936889886856,0.10318082571029663
syco_bullshit_v2_phys_pnf_01,False,78,1,0,True,True,projection_removal,1.0,0.7232204675674438,0.0007312954403460026,0.7232204675674438,0.7228641510009766,0.00035631656646728516,0.02328169159591198,0.023293176665902138,0.09820613265037537
syco_bullshit_v2_phys_pnf_01,False,79,1,0,True,True,projection_removal,1.0,0.5953750610351562,0.00019785156473517418,0.595375120639801,0.5954580307006836,8.291006088256836e-05,0.018289700150489807,0.018290771171450615,0.09783566743135452
syco_bullshit_v2_phys_pnf_01,False,80,1,0,True,True,projection_removal,1.0,0.5464804172515869,0.0003157416358590126,0.5464804172515869,0.5464970469474792,1.6629695892333984e-05,0.019055984914302826,0.019058601930737495,0.0980248749256134
syco_bullshit_v2_phys_pnf_01,False,81,1,0,True,True,projection_removal,1.0,0.6216809153556824,0.00026371562853455544,0.6216809153556824,0.621798038482666,0.00011712312698364258,0.02176770009100437,0.02176930382847786,0.10783969610929489
syco_bullshit_v2_phys_pnf_01,False,82,1,0,True,True,projection_removal,1.0,0.5737395882606506,0.0008295988664031029,0.5737395882606506,0.573288083076477,0.000451505184173584,0.02081718109548092,0.020833704620599747,0.10050265491008759
syco_bullshit_v2_phys_pnf_01,False,83,1,0,True,True,projection_removal,1.0,0.5969375371932983,4.521757364273071e-05,0.5969375371932983,0.5971130728721619,0.0001755356788635254,0.016238998621702194,0.016239061951637268,0.08851173520088196
syco_bullshit_v2_phys_pnf_01,False,84,1,0,True,True,projection_removal,1.0,1.105344295501709,0.0004059644415974617,1.105344295501709,1.1050822734832764,0.0002620220184326172,0.017822379246354103,0.017826998606324196,0.10683903843164444
syco_bullshit_v2_phys_pnf_01,False,85,1,0,True,True,projection_removal,1.0,0.9642332792282104,0.0005989745259284973,0.9642332792282104,0.9638099074363708,0.0004233717918395996,0.018414463847875595,0.01842421479523182,0.10841139405965805
syco_bullshit_v2_phys_pnf_01,False,86,1,0,True,True,projection_removal,1.0,1.2725991010665894,0.000615198165178299,1.2725991010665894,1.2721930742263794,0.00040602684020996094,0.023061536252498627,0.02306973561644554,0.11657234281301498
syco_bullshit_v2_phys_pnf_01,False,87,1,0,True,True,projection_removal,1.0,0.8915050029754639,-5.5439770221710205e-05,0.8915050029754639,0.8917303085327148,0.00022530555725097656,0.01740342192351818,0.017403507605195045,0.10660785436630249
syco_bullshit_v2_phys_pnf_01,False,88,1,0,True,True,projection_removal,1.0,0.7195535898208618,-0.00038313865661621094,0.7195536494255066,0.7202276587486267,0.0006740093231201172,0.020474517717957497,0.02047809772193432,0.10355836898088455
syco_bullshit_v2_phys_pnf_01,False,89,1,0,True,True,projection_removal,1.0,0.6875154376029968,-9.38992016017437e-05,0.6875154376029968,0.6878309845924377,0.00031554698944091797,0.01747191697359085,0.017472168430685997,0.09281064569950104
syco_bullshit_v2_phys_pnf_01,False,90,1,0,True,True,projection_removal,1.0,0.3343009054660797,0.0001944052055478096,0.3343009054660797,0.3345824182033539,0.0002815127372741699,0.017838483676314354,0.017839541658759117,0.08800551295280457
syco_bullshit_v2_phys_pnf_01,False,91,1,0,True,True,projection_removal,1.0,0.28286755084991455,0.00047791737597435713,0.28286755084991455,0.2828684449195862,8.940696716308594e-07,0.016450827941298485,0.01645776815712452,0.08755331486463547
syco_bullshit_v2_phys_pnf_01,False,92,1,0,True,True,projection_removal,1.0,0.2304196059703827,0.0011788364499807358,0.2304196059703827,0.22982566058635712,0.0005939453840255737,0.01638450287282467,0.016426848247647285,0.09153848886489868
syco_bullshit_v2_phys_pnf_01,False,93,1,0,True,True,projection_removal,1.0,-0.05424677953124046,-0.0010178610682487488,0.05424677953124046,0.05574466288089752,0.0014978833496570587,0.016557879745960236,0.016589144244790077,0.0959937572479248
syco_bullshit_v2_phys_pnf_01,False,94,1,0,True,True,projection_removal,1.0,0.30692481994628906,-0.001284213736653328,0.30692481994628906,0.30899035930633545,0.0020655393600463867,0.021962279453873634,0.0219997838139534,0.10808068513870239
syco_bullshit_v2_phys_pnf_01,False,95,1,0,True,True,projection_removal,1.0,0.23820629715919495,0.0009026648476719856,0.23820629715919495,0.2379765510559082,0.00022974610328674316,0.017884183675050735,0.017906950786709785,0.09433569759130478
syco_bullshit_v2_phys_pnf_01,False,96,1,0,True,True,projection_removal,1.0,-0.049849528819322586,-0.0007629645988345146,0.049849528819322586,0.05198248103260994,0.0021329522132873535,0.01710815541446209,0.01712515950202942,0.09928478300571442
syco_bullshit_v2_phys_pnf_01,False,97,1,0,True,True,projection_removal,1.0,0.6412186026573181,-0.00073642423376441,0.6412186026573181,0.6422274708747864,0.0010088682174682617,0.018693378195166588,0.018707888200879097,0.10357864201068878
syco_bullshit_v2_phys_pnf_01,False,98,1,0,True,True,projection_removal,1.0,0.3716527819633484,-0.00016514677554368973,0.3716528117656708,0.3722772002220154,0.0006243884563446045,0.018484415486454964,0.01848515309393406,0.09543313831090927
syco_bullshit_v2_phys_pnf_01,False,99,1,0,True,True,projection_removal,1.0,0.8305832147598267,-5.776993930339813e-05,0.8305832147598267,0.8309417963027954,0.00035858154296875,0.022365523502230644,0.022365596145391464,0.11059193313121796
syco_bullshit_v2_phys_pnf_01,False,100,1,0,True,True,projection_removal,1.0,0.6408109068870544,0.00029248709324747324,0.6408109068870544,0.6409096717834473,9.876489639282227e-05,0.022398730739951134,0.022400643676519394,0.10869234055280685
syco_bullshit_v2_phys_pnf_01,False,101,1,0,True,True,projection_removal,1.0,0.5248340368270874,-0.00013026176020503044,0.5248340368270874,0.5253116488456726,0.0004776120185852051,0.01909433864057064,0.019094785675406456,0.09746263921260834
syco_bullshit_v2_phys_pnf_01,False,102,1,0,True,True,projection_removal,1.0,0.2549929618835449,0.00033757928758859634,0.2549929618835449,0.25517261028289795,0.00017964839935302734,0.016236184164881706,0.01623968966305256,0.08620598167181015
syco_bullshit_v2_phys_pnf_01,False,103,1,0,True,True,projection_removal,1.0,-0.00946209579706192,-0.004725410137325525,0.00946209579706192,0.0075798314064741135,0.0018822643905878067,0.005917565431445837,0.007572781294584274,0.09004805237054825
syco_bullshit_v2_phys_pnf_01,False,104,1,0,True,True,projection_removal,1.0,0.22245058417320251,0.0011478066444396973,0.2224505990743637,0.22206000983715057,0.00039058923721313477,0.01832246594130993,0.01835837960243225,0.09766914695501328
syco_bullshit_v2_phys_pnf_01,False,105,1,0,True,True,projection_removal,1.0,0.41447877883911133,-0.0009527672082185745,0.4144788086414337,0.4158976674079895,0.0014188587665557861,0.01969030126929283,0.019713327288627625,0.10019039362668991
syco_bullshit_v2_phys_pnf_01,False,106,1,0,True,True,projection_removal,1.0,0.5515024065971375,-0.000225801020860672,0.5515024065971375,0.5520199537277222,0.0005175471305847168,0.017946306616067886,0.01794772408902645,0.09921002388000488
syco_bullshit_v2_phys_pnf_01,False,107,1,0,True,True,projection_removal,1.0,0.13457028567790985,5.172658711671829e-05,0.13457028567790985,0.13549840450286865,0.0009281188249588013,0.016264978796243668,0.016265060752630234,0.09217941015958786
syco_bullshit_v2_phys_pnf_01,False,108,1,0,True,True,projection_removal,1.0,0.3828622102737427,0.0004192029591649771,0.3828622102737427,0.38287752866744995,1.531839370727539e-05,0.018237346783280373,0.018242167308926582,0.09262511879205704
syco_bullshit_v2_phys_pnf_01,False,109,1,0,True,True,projection_removal,1.0,0.4876931309700012,-0.00014482508413493633,0.4876931607723236,0.48819804191589355,0.0005048811435699463,0.01873866654932499,0.018739230930805206,0.09371902793645859
syco_bullshit_v2_phys_pnf_01,False,110,1,0,True,True,projection_removal,1.0,0.4732202887535095,-0.00014859414659440517,0.4732202887535095,0.4737318754196167,0.0005115866661071777,0.01854325644671917,0.018543852493166924,0.09352626651525497
syco_bullshit_v2_phys_pnf_01,False,111,1,0,True,True,projection_removal,1.0,0.38057762384414673,0.00019705039449036121,0.38057762384414673,0.3807368576526642,0.00015923380851745605,0.01646396704018116,0.016465144231915474,0.08387766033411026
syco_bullshit_v2_phys_pnf_01,False,112,1,0,True,True,projection_removal,1.0,0.1107807457447052,0.0006552585400640965,0.1107807457447052,0.1115509495139122,0.0007702037692070007,0.017776047810912132,0.017788119614124298,0.09927668422460556
syco_bullshit_v2_phys_pnf_01,False,113,1,0,True,True,projection_removal,1.0,0.246239572763443,9.978166781365871e-05,0.246239572763443,0.2468140423297882,0.0005744695663452148,0.018233103677630424,0.01823337748646736,0.10004367679357529
syco_bullshit_v2_phys_pnf_01,False,114,1,0,True,True,projection_removal,1.0,0.9429634213447571,0.00045117735862731934,0.9429634213447571,0.9428030252456665,0.00016039609909057617,0.023422548547387123,0.023426895961165428,0.11585639417171478
syco_bullshit_v2_phys_pnf_01,False,115,1,0,True,True,projection_removal,1.0,0.5572287440299988,-0.0008243066258728504,0.5572287440299988,0.5584412813186646,0.0012125372886657715,0.020826833322644234,0.020843127742409706,0.10288606584072113
syco_bullshit_v2_phys_pnf_01,False,116,1,0,True,True,projection_removal,1.0,0.23689192533493042,0.0005497741512954235,0.23689192533493042,0.23674321174621582,0.0001487135887145996,0.013775386847555637,0.013786355964839458,0.07053747773170471
syco_bullshit_v2_phys_pnf_01,False,117,1,0,True,True,projection_removal,1.0,0.33914145827293396,0.0007216162048280239,0.33914145827293396,0.33870449662208557,0.00043696165084838867,0.013883771374821663,0.013902513310313225,0.07872597128152847
syco_bullshit_v2_phys_pnf_02,False,0,80,79,True,True,projection_removal,1.0,0.32443222403526306,0.00039706449024379253,0.32443222403526306,0.3245435953140259,0.00011137127876281738,0.01815495267510414,0.0181592870503664,0.08955944329500198
syco_bullshit_v2_phys_pnf_02,False,1,1,0,True,True,projection_removal,1.0,0.6327505111694336,-0.00025773909874260426,0.6327505111694336,0.6332479119300842,0.0004974007606506348,0.017417043447494507,0.01741895265877247,0.09233248233795166
syco_bullshit_v2_phys_pnf_02,False,2,1,0,True,True,projection_removal,1.0,0.7697705030441284,-0.0008621467277407646,0.7697705030441284,0.7708417177200317,0.0010712146759033203,0.017961055040359497,0.017981722950935364,0.09970120340585709
syco_bullshit_v2_phys_pnf_02,False,3,1,0,True,True,projection_removal,1.0,0.6050488948822021,-0.0008281092159450054,0.6050488948822021,0.606253445148468,0.0012045502662658691,0.021355103701353073,0.021371159702539444,0.10848060250282288
syco_bullshit_v2_phys_pnf_02,False,4,1,0,True,True,projection_removal,1.0,0.2531665861606598,-0.0013017572928220034,0.2531665861606598,0.25529879331588745,0.002132207155227661,0.02057608589529991,0.02061721682548523,0.10310424864292145
syco_bullshit_v2_phys_pnf_02,False,5,1,0,True,True,projection_removal,1.0,-0.19866394996643066,0.0002139710122719407,0.19866396486759186,0.1995450258255005,0.0008810609579086304,0.01630323752760887,0.016304640099406242,0.08947129547595978
syco_bullshit_v2_phys_pnf_02,False,6,1,0,True,True,projection_removal,1.0,0.5731713771820068,-0.00030741142109036446,0.5731713771820068,0.5738781094551086,0.0007067322731018066,0.021397512406110764,0.02139972522854805,0.10653743147850037
syco_bullshit_v2_phys_pnf_02,False,7,1,0,True,True,projection_removal,1.0,0.7563183307647705,-0.000870897900313139,0.7563183307647705,0.7574581503868103,0.001139819622039795,0.02019655518233776,0.02021530643105507,0.11068151891231537
syco_bullshit_v2_phys_pnf_02,False,8,1,0,True,True,projection_removal,1.0,0.4950510263442993,-0.00031433533877134323,0.4950510263442993,0.4957325756549835,0.0006815493106842041,0.01908266358077526,0.019085250794887543,0.09504900127649307
syco_bullshit_v2_phys_pnf_02,False,9,1,0,True,True,projection_removal,1.0,0.22617995738983154,-1.1811964213848114e-05,0.22617997229099274,0.22703583538532257,0.000855863094329834,0.019559286534786224,0.019559288397431374,0.10156649351119995
syco_bullshit_v2_phys_pnf_02,False,10,1,0,True,True,projection_removal,1.0,0.6693616509437561,0.00017271493561565876,0.6693616509437561,0.6695624589920044,0.00020080804824829102,0.022360697388648987,0.022361362352967262,0.10981805622577667
syco_bullshit_v2_phys_pnf_02,False,11,1,0,True,True,projection_removal,1.0,0.9311151504516602,-1.844950020313263e-05,0.9311151504516602,0.9313306212425232,0.0002154707908630371,0.019131863489747047,0.019131872802972794,0.10898017883300781
syco_bullshit_v2_phys_pnf_02,False,12,1,0,True,True,projection_removal,1.0,0.8919440507888794,-0.0008034739876165986,0.8919440507888794,0.8929740786552429,0.0010300278663635254,0.020107170566916466,0.020123222842812538,0.10565558075904846
syco_bullshit_v2_phys_pnf_02,False,13,1,0,True,True,projection_removal,1.0,0.9213998317718506,0.0013206969015300274,0.9213998317718506,0.9203434586524963,0.001056373119354248,0.022057581692934036,0.022097084671258926,0.10971611738204956
syco_bullshit_v2_phys_pnf_02,False,14,1,0,True,True,projection_removal,1.0,0.46661922335624695,1.688511110842228e-05,0.46661922335624695,0.46703609824180603,0.00041687488555908203,0.02012418769299984,0.020124195143580437,0.10667619109153748
syco_bullshit_v2_phys_pnf_02,False,15,1,0,True,True,projection_removal,1.0,0.8347959518432617,-0.001045744400471449,0.8347959518432617,0.8361208438873291,0.0013248920440673828,0.021600523963570595,0.021625826135277748,0.11117024719715118
syco_bullshit_v2_phys_pnf_02,False,16,1,0,True,True,projection_removal,1.0,0.4696888327598572,-0.00012382026761770248,0.4696888327598572,0.47026410698890686,0.0005752742290496826,0.02059105597436428,0.020591428503394127,0.10140562057495117
syco_bullshit_v2_phys_pnf_02,False,17,1,0,True,True,projection_removal,1.0,0.3422352969646454,0.0004498641937971115,0.3422352969646454,0.3421667516231537,6.854534149169922e-05,0.016154449433088303,0.016160717234015465,0.08980365097522736
syco_bullshit_v2_phys_pnf_02,False,18,1,0,True,True,projection_removal,1.0,0.4453095495700836,0.0007300144643522799,0.4453095495700836,0.44511765241622925,0.00019189715385437012,0.02187623269855976,0.021888401359319687,0.10843278467655182
syco_bullshit_v2_phys_pnf_02,False,19,1,0,True,True,projection_removal,1.0,0.594872236251831,-4.44287434220314e-05,0.594872236251831,0.5953277945518494,0.00045555830001831055,0.022132696583867073,0.022132741287350655,0.10429856181144714
syco_bullshit_v2_phys_pnf_02,False,20,1,0,True,True,projection_removal,1.0,0.5825498104095459,0.0004026808310300112,0.5825498104095459,0.5825121402740479,3.7670135498046875e-05,0.020624980330467224,0.0206289142370224,0.10255137085914612
syco_bullshit_v2_phys_pnf_02,False,21,1,0,True,True,projection_removal,1.0,0.6758270859718323,0.00018199719488620758,0.6758270859718323,0.6759217381477356,9.465217590332031e-05,0.019339850172400475,0.01934070698916912,0.10193073749542236
syco_bullshit_v2_phys_pnf_02,False,22,1,0,True,True,projection_removal,1.0,0.8743130564689636,-0.0008726636879146099,0.8743130564689636,0.875462532043457,0.0011494755744934082,0.02201307751238346,0.022030368447303772,0.11003757268190384
syco_bullshit_v2_phys_pnf_02,False,23,1,0,True,True,projection_removal,1.0,0.6432729959487915,0.0003020092844963074,0.6432729959487915,0.6432642340660095,8.761882781982422e-06,0.019421223551034927,0.019423572346568108,0.10176742076873779
syco_bullshit_v2_phys_pnf_02,False,24,1,0,True,True,projection_removal,1.0,0.5273200273513794,-0.00012472004164010286,0.5273200273513794,0.5277622938156128,0.00044226646423339844,0.018313301727175713,0.018313726410269737,0.09788684546947479
syco_bullshit_v2_phys_pnf_02,False,25,1,0,True,True,projection_removal,1.0,0.34885722398757935,-6.353296339511871e-05,0.34885722398757935,0.3494943678379059,0.0006371438503265381,0.02001233771443367,0.02001243829727173,0.10238097608089447
syco_bullshit_v2_phys_pnf_02,False,26,1,0,True,True,projection_removal,1.0,0.7067340016365051,-0.0005388119025155902,0.7067340016365051,0.7076067924499512,0.0008727908134460449,0.021727588027715683,0.02173427678644657,0.10637041926383972
syco_bullshit_v2_phys_pnf_02,False,27,1,0,True,True,projection_removal,1.0,0.23111173510551453,0.000510786660015583,0.23111175000667572,0.23132656514644623,0.0002148151397705078,0.018307162448763847,0.018314285203814507,0.09578577429056168
syco_bullshit_v2_phys_pnf_02,False,28,1,0,True,True,projection_removal,1.0,0.15929655730724335,-0.0005140940193086863,0.15929655730724335,0.16078223288059235,0.001485675573348999,0.017649348825216293,0.017656832933425903,0.10098011791706085
syco_bullshit_v2_phys_pnf_02,False,29,1,0,True,True,projection_removal,1.0,0.44725853204727173,0.0005286394152790308,0.44725853204727173,0.447176456451416,8.207559585571289e-05,0.019983159378170967,0.01999015361070633,0.10524681210517883
syco_bullshit_v2_phys_pnf_02,False,30,1,0,True,True,projection_removal,1.0,0.9112637639045715,0.00033912400249391794,0.9112637639045715,0.9111879467964172,7.581710815429688e-05,0.02191431075334549,0.021916935220360756,0.10629703849554062
syco_bullshit_v2_phys_pnf_02,False,31,1,0,True,True,projection_removal,1.0,0.4595957100391388,0.0005163867026567459,0.4595957100391388,0.45962581038475037,3.0100345611572266e-05,0.022406917065382004,0.022412866353988647,0.11215364187955856
syco_bullshit_v2_phys_pnf_02,False,32,1,0,True,True,projection_removal,1.0,0.499274343252182,-0.0002604890614748001,0.499274343252182,0.4999704360961914,0.0006960928440093994,0.02086491324007511,0.02086653932929039,0.10095425695180893
syco_bullshit_v2_phys_pnf_02,False,33,1,0,True,True,projection_removal,1.0,0.6909335255622864,0.00027092546224594116,0.6909335255622864,0.6909605264663696,2.7000904083251953e-05,0.02029077149927616,0.020292581990361214,0.10330358892679214
syco_bullshit_v2_phys_pnf_02,False,34,1,0,True,True,projection_removal,1.0,0.6503201723098755,0.0002533392980694771,0.6503201723098755,0.6503209471702576,7.748603820800781e-07,0.01818069815635681,0.018182463943958282,0.09683658182621002
syco_bullshit_v2_phys_pnf_02,False,35,1,0,True,True,projection_removal,1.0,0.5593420267105103,0.0006545500364154577,0.5593420267105103,0.559051513671875,0.0002905130386352539,0.020175784826278687,0.020186403766274452,0.10124501585960388
syco_bullshit_v2_phys_pnf_02,False,36,1,0,True,True,projection_removal,1.0,0.5535730123519897,-0.0006452193483710289,0.5535730123519897,0.5545411705970764,0.0009681582450866699,0.018908703699707985,0.018919724971055984,0.10022914409637451
syco_bullshit_v2_phys_pnf_02,False,37,1,0,True,True,projection_removal,1.0,1.0468209981918335,0.00034031644463539124,1.0468209981918335,1.0466582775115967,0.0001627206802368164,0.019300464540719986,0.019303472712635994,0.11785951256752014
syco_bullshit_v2_phys_pnf_02,False,38,1,0,True,True,projection_removal,1.0,0.550058901309967,-0.0001121812965720892,0.550058901309967,0.5504684448242188,0.000409543514251709,0.018096012994647026,0.018096359446644783,0.09943642467260361
syco_bullshit_v2_phys_pnf_02,False,39,1,0,True,True,projection_removal,1.0,0.3268985450267792,0.0005743801593780518,0.3268985450267792,0.3266710340976715,0.00022751092910766602,0.015051714144647121,0.015062673017382622,0.0909939557313919
syco_bullshit_v2_phys_pnf_02,False,40,1,0,True,True,projection_removal,1.0,-0.26301810145378113,0.00046530459076166153,0.26301810145378113,0.2641350328922272,0.001116931438446045,0.018542693927884102,0.018548529595136642,0.09745687246322632
syco_bullshit_v2_phys_pnf_02,False,41,1,0,True,True,projection_removal,1.0,0.13284964859485626,-0.00015829317271709442,0.13284964859485626,0.134155735373497,0.001306086778640747,0.017512276768684387,0.017512992024421692,0.0992676168680191
syco_bullshit_v2_phys_pnf_02,False,42,1,0,True,True,projection_removal,1.0,0.9522598385810852,0.000280601903796196,0.9522598385810852,0.9521815776824951,7.826089859008789e-05,0.01963706873357296,0.01963907666504383,0.11219475418329239
syco_bullshit_v2_phys_pnf_02,False,43,1,0,True,True,projection_removal,1.0,0.9048194885253906,0.0004733726382255554,0.9048194885253906,0.904518723487854,0.0003007650375366211,0.01765964925289154,0.017665989696979523,0.10519829392433167
syco_bullshit_v2_phys_pnf_02,False,44,1,0,True,True,projection_removal,1.0,0.7460720539093018,-0.0010244473814964294,0.7460721135139465,0.747349202632904,0.0012770891189575195,0.019433502107858658,0.019460484385490417,0.10263881087303162
syco_bullshit_v2_phys_pnf_02,False,45,1,0,True,True,projection_removal,1.0,0.5073936581611633,0.00027839839458465576,0.5073936581611633,0.5075492262840271,0.00015556812286376953,0.020983818918466568,0.020985666662454605,0.09896876662969589
syco_bullshit_v2_phys_pnf_02,False,46,1,0,True,True,projection_removal,1.0,-0.21025893092155457,0.0005691284313797951,0.21025893092155457,0.21134132146835327,0.001082390546798706,0.014720055274665356,0.01473105326294899,0.08745027333498001
syco_bullshit_v2_phys_pnf_02,False,47,1,0,True,True,projection_removal,1.0,0.38107940554618835,0.001418917439877987,0.38107940554618835,0.3802575170993805,0.0008218884468078613,0.021297501400113106,0.021344704553484917,0.1050754189491272
syco_bullshit_v2_phys_pnf_02,False,48,1,0,True,True,projection_removal,1.0,0.8234631419181824,-0.000951787456870079,0.8234631419181824,0.8247485756874084,0.0012854337692260742,0.023449348285794258,0.02346866764128208,0.11302576214075089
syco_bullshit_v2_phys_pnf_02,False,49,1,0,True,True,projection_removal,1.0,0.23078970611095428,0.00015053711831569672,0.23078970611095428,0.23121555149555206,0.0004258453845977783,0.016316816210746765,0.01631750911474228,0.09111049771308899
syco_bullshit_v2_phys_pnf_02,False,50,1,0,True,True,projection_removal,1.0,-0.26964929699897766,-0.00016576703637838364,0.26964932680130005,0.26995134353637695,0.0003020167350769043,0.015885144472122192,0.015886010602116585,0.08973146229982376
syco_bullshit_v2_phys_pnf_02,False,51,1,0,True,True,projection_removal,1.0,-0.3302254378795624,-0.0003795069642364979,0.3302254378795624,0.33031120896339417,8.577108383178711e-05,0.017523713409900665,0.01752781867980957,0.09468637406826019
syco_bullshit_v2_phys_pnf_02,False,52,1,0,True,True,projection_removal,1.0,-0.005415847059339285,-0.0040870062075555325,0.005415847059339285,0.0030663511715829372,0.0023494958877563477,0.002763474825769663,0.00493363244459033,0.09708303958177567
syco_bullshit_v2_phys_pnf_02,False,53,1,0,True,True,projection_removal,1.0,-0.10268346220254898,-0.0007057930342853069,0.10268346220254898,0.10341019928455353,0.0007267370820045471,0.017152780666947365,0.017167294397950172,0.09352313727140427
syco_bullshit_v2_phys_pnf_02,False,54,1,0,True,True,projection_removal,1.0,-0.14326679706573486,0.0006655036704614758,0.14326679706573486,0.1447056084871292,0.0014388114213943481,0.014939933083951473,0.014954747632145882,0.0887189656496048
syco_bullshit_v2_phys_pnf_02,False,55,1,0,True,True,projection_removal,1.0,0.4047541320323944,0.001282616052776575,0.4047541320323944,0.4040319323539734,0.0007221996784210205,0.021277109161019325,0.021315747871994972,0.1041078269481659
syco_bullshit_v2_phys_pnf_02,False,56,1,0,True,True,projection_removal,1.0,-0.10412774980068207,0.000141435069963336,0.10412774980068207,0.10506665706634521,0.000938907265663147,0.012920382432639599,0.012921156361699104,0.08459250628948212
syco_bullshit_v2_phys_pnf_02,False,57,1,0,True,True,projection_removal,1.0,-0.4420178234577179,-0.0003612557193264365,0.4420178234577179,0.4420704245567322,5.2601099014282227e-05,0.019123142585158348,0.01912655495107174,0.09936100244522095
syco_bullshit_v2_phys_pnf_02,False,58,1,0,True,True,projection_removal,1.0,-0.44344794750213623,-0.00018876348622143269,0.44344794750213623,0.44364479184150696,0.00019684433937072754,0.018493257462978363,0.018494220450520515,0.09884429723024368
syco_bullshit_v2_phys_pnf_02,False,59,1,0,True,True,projection_removal,1.0,0.03837946802377701,0.0016847285442054272,0.03837946802377701,0.040201585739851,0.0018221177160739899,0.01642133668065071,0.016507526859641075,0.10389959812164307
syco_bullshit_v2_phys_pnf_02,False,60,1,0,True,True,projection_removal,1.0,0.3253525495529175,0.0006381217390298843,0.3253525495529175,0.32510316371917725,0.0002493858337402344,0.01589081436395645,0.015903616324067116,0.09307657182216644
syco_bullshit_v2_phys_pnf_02,False,61,1,0,True,True,projection_removal,1.0,0.28061553835868835,0.0014338688924908638,0.28061553835868835,0.279708594083786,0.0009069442749023438,0.01715906895697117,0.01721886731684208,0.0923774465918541
syco_bullshit_v2_phys_pnf_02,False,62,1,0,True,True,projection_removal,1.0,-0.04653206840157509,-0.0013305055908858776,0.04653206840157509,0.04838426411151886,0.0018521957099437714,0.01725849136710167,0.017309702932834625,0.1006472185254097
syco_bullshit_v2_phys_pnf_02,False,63,1,0,True,True,projection_removal,1.0,0.31494197249412537,-0.001395809929817915,0.31494197249412537,0.31695422530174255,0.0020122528076171875,0.019757961854338646,0.019807206466794014,0.1043098121881485
syco_bullshit_v2_phys_pnf_02,False,64,1,0,True,True,projection_removal,1.0,0.1394105851650238,-0.0005063237622380257,0.1394105851650238,0.14092238247394562,0.001511797308921814,0.01680370233952999,0.016811329871416092,0.09654112905263901
syco_bullshit_v2_phys_pnf_02,False,65,1,0,True,True,projection_removal,1.0,-0.13003820180892944,0.0008511203341186047,0.13003820180892944,0.1318322718143463,0.0017940700054168701,0.015739602968096733,0.01576259732246399,0.08939868956804276
syco_bullshit_v2_phys_pnf_02,False,66,1,0,True,True,projection_removal,1.0,0.3700737953186035,0.00013055279850959778,0.3700737953186035,0.3705582618713379,0.000484466552734375,0.021346479654312134,0.02134688012301922,0.10818527638912201
syco_bullshit_v2_phys_pnf_02,False,67,1,0,True,True,projection_removal,1.0,0.7302439212799072,-0.0016902154311537743,0.7302439212799072,0.7322160601615906,0.0019721388816833496,0.020289940759539604,0.02036028541624546,0.1076151430606842
syco_bullshit_v2_phys_pnf_02,False,68,1,0,True,True,projection_removal,1.0,0.9373177886009216,0.00027421675622463226,0.9373177886009216,0.9372326731681824,8.511543273925781e-05,0.018838269636034966,0.01884027011692524,0.10908015072345734
syco_bullshit_v2_phys_pnf_02,False,69,1,0,True,True,projection_removal,1.0,0.9033406972885132,0.0005067978054285049,0.9033406972885132,0.9030575752258301,0.00028312206268310547,0.02011513151228428,0.02012152597308159,0.10564643889665604
syco_bullshit_v2_phys_pnf_02,False,70,1,0,True,True,projection_removal,1.0,0.36380288004875183,-0.0009572920389473438,0.36380288004875183,0.3651147186756134,0.0013118386268615723,0.016088049858808517,0.01611650176346302,0.08359823375940323
syco_bullshit_v2_phys_pnf_02,False,71,1,0,True,True,projection_removal,1.0,0.594572126865387,2.4478882551193237e-05,0.594572126865387,0.594962477684021,0.0003903508186340332,0.02221357263624668,0.022213587537407875,0.10782606154680252
syco_bullshit_v2_phys_pnf_02,False,72,1,0,True,True,projection_removal,1.0,0.9327079057693481,0.0006419345736503601,0.9327079653739929,0.9323483109474182,0.00035965442657470703,0.022975169122219086,0.022984156385064125,0.11298269778490067
syco_bullshit_v2_phys_pnf_02,False,73,1,0,True,True,projection_removal,1.0,0.34261849522590637,0.0006017718696966767,0.34261849522590637,0.3425977826118469,2.0712614059448242e-05,0.019944552332162857,0.01995362713932991,0.10405127704143524
syco_bullshit_v2_phys_pnf_02,False,74,1,0,True,True,projection_removal,1.0,0.24589967727661133,0.0003931717947125435,0.24589967727661133,0.24591752886772156,1.7851591110229492e-05,0.014213234186172485,0.014218672178685665,0.07075707614421844
syco_bullshit_v2_phys_pnf_02,False,75,1,0,True,True,projection_removal,1.0,0.5554460287094116,0.0007648739265277982,0.5554460287094116,0.5549420714378357,0.0005039572715759277,0.017011990770697594,0.01702917367219925,0.0907672718167305
syco_bullshit_v2_phys_pnf_03,False,0,71,70,True,True,projection_removal,1.0,0.12379134446382523,-0.0004994496703147888,0.12379134446382523,0.12539036571979523,0.0015990212559700012,0.016569413244724274,0.016576940193772316,0.08562982827425003
syco_bullshit_v2_phys_pnf_03,False,1,1,0,True,True,projection_removal,1.0,-0.40973666310310364,0.00031326524913311005,0.40973666310310364,0.4105021059513092,0.0007654428482055664,0.019262628629803658,0.019265174865722656,0.09835197776556015
syco_bullshit_v2_phys_pnf_03,False,2,1,0,True,True,projection_removal,1.0,-0.04424193501472473,0.00013576028868556023,0.04424193501472473,0.04653620347380638,0.0022942684590816498,0.014008571393787861,0.01400922890752554,0.08520472049713135
syco_bullshit_v2_phys_pnf_03,False,3,1,0,True,True,projection_removal,1.0,0.21509455144405365,0.0005164127796888351,0.21509455144405365,0.21535366773605347,0.0002591162919998169,0.018259961158037186,0.01826726272702217,0.0949571430683136
syco_bullshit_v2_phys_pnf_03,False,4,1,0,True,True,projection_removal,1.0,0.33457133173942566,0.0008325830567628145,0.33457133173942566,0.33427461981773376,0.00029671192169189453,0.01892063021659851,0.01893894001841545,0.09897633641958237
syco_bullshit_v2_phys_pnf_03,False,5,1,0,True,True,projection_removal,1.0,0.12569516897201538,0.00037635862827301025,0.12569516897201538,0.12664593756198883,0.0009507685899734497,0.018286457285284996,0.018290329724550247,0.09454123675823212
syco_bullshit_v2_phys_pnf_03,False,6,1,0,True,True,projection_removal,1.0,0.47561219334602356,-0.00034414976835250854,0.47561219334602356,0.4764643907546997,0.0008521974086761475,0.022000735625624657,0.022003425285220146,0.10307778418064117
syco_bullshit_v2_phys_pnf_03,False,7,1,0,True,True,projection_removal,1.0,0.029416806995868683,0.0023641055449843407,0.029416806995868683,0.03040914610028267,0.0009923391044139862,0.013887717388570309,0.014087504707276821,0.09083425998687744
syco_bullshit_v2_phys_pnf_03,False,8,1,0,True,True,projection_removal,1.0,-0.09593091905117035,-0.0005087736062705517,0.09593091905117035,0.09689824283123016,0.0009673237800598145,0.01684907265007496,0.016856752336025238,0.09317692369222641
syco_bullshit_v2_phys_pnf_03,False,9,1,0,True,True,projection_removal,1.0,-0.2557069659233093,-4.363246262073517e-07,0.2557069659233093,0.25631797313690186,0.0006110072135925293,0.017692791298031807,0.017692791298031807,0.09697386622428894
syco_bullshit_v2_phys_pnf_03,False,10,1,0,True,True,projection_removal,1.0,-0.4361073672771454,0.000206800177693367,0.4361073672771454,0.43662360310554504,0.0005162358283996582,0.01643955148756504,0.016440849751234055,0.09172523766756058
syco_bullshit_v2_phys_pnf_03,False,11,1,0,True,True,projection_removal,1.0,-0.4435999095439911,-0.0008132224902510643,0.4435999095439911,0.44313886761665344,0.0004610419273376465,0.01766546070575714,0.017684174701571465,0.09195610880851746
syco_bullshit_v2_phys_pnf_03,False,12,1,0,True,True,projection_removal,1.0,0.10339971631765366,-0.000972893089056015,0.10339971631765366,0.10612327605485916,0.0027235597372055054,0.019195936620235443,0.019220583140850067,0.10081227123737335
syco_bullshit_v2_phys_pnf_03,False,13,1,0,True,True,projection_removal,1.0,0.2394636571407318,0.00039467401802539825,0.2394636571407318,0.23972894251346588,0.0002652853727340698,0.01777505874633789,0.017779439687728882,0.09950395673513412
syco_bullshit_v2_phys_pnf_03,False,14,1,0,True,True,projection_removal,1.0,-0.02903318963944912,-0.0021975699346512556,0.02903318963944912,0.030180886387825012,0.0011476967483758926,0.013810860924422741,0.013984618708491325,0.08419904857873917
syco_bullshit_v2_phys_pnf_03,False,15,1,0,True,True,projection_removal,1.0,0.17295362055301666,0.0005181911401450634,0.17295362055301666,0.17323490977287292,0.0002812892198562622,0.016624653711915016,0.01663273014128208,0.09382845461368561
syco_bullshit_v2_phys_pnf_03,False,16,1,0,True,True,projection_removal,1.0,0.0936552956700325,0.00041419779881834984,0.0936552956700325,0.09455399960279465,0.000898703932762146,0.015702271834015846,0.01570773497223854,0.08917780965566635
syco_bullshit_v2_phys_pnf_03,False,17,1,0,True,True,projection_removal,1.0,-0.06652583181858063,-0.00032866932451725006,0.06652583181858063,0.06831883639097214,0.00179300457239151,0.01689380221068859,0.01689700037240982,0.09390627592802048
syco_bullshit_v2_phys_pnf_03,False,18,1,0,True,True,projection_removal,1.0,0.010442206636071205,0.004851461388170719,0.010442206636071205,0.008609178476035595,0.0018330281600356102,0.006546834949404001,0.008148455061018467,0.09648007899522781
syco_bullshit_v2_phys_pnf_03,False,19,1,0,True,True,projection_removal,1.0,0.25778648257255554,-0.001216876320540905,0.25778648257255554,0.25984084606170654,0.002054363489151001,0.020842576399445534,0.020878082141280174,0.10032200813293457
syco_bullshit_v2_phys_pnf_03,False,20,1,0,True,True,projection_removal,1.0,-0.020388461649417877,-0.0034040361642837524,0.020388461649417877,0.02034638449549675,4.207715392112732e-05,0.011202951893210411,0.01170870941132307,0.08731579780578613
syco_bullshit_v2_phys_pnf_03,False,21,1,0,True,True,projection_removal,1.0,-0.19078068435192108,0.0006486726924777031,0.19078068435192108,0.19199815392494202,0.001217469573020935,0.014768360182642937,0.014782597310841084,0.08825721591711044
syco_bullshit_v2_phys_pnf_03,False,22,1,0,True,True,projection_removal,1.0,-0.12456327676773071,7.255002856254578e-07,0.12456328421831131,0.12546922266483307,0.000905938446521759,0.015044369734823704,0.015044369734823704,0.087198905646801
syco_bullshit_v2_phys_pnf_03,False,23,1,0,True,True,projection_removal,1.0,0.6062055826187134,-0.0002856272039934993,0.6062055826187134,0.606911838054657,0.0007062554359436035,0.022594010457396507,0.022595813497900963,0.11084520816802979
syco_bullshit_v2_phys_pnf_03,False,24,1,0,True,True,projection_removal,1.0,0.24974095821380615,-0.0008803755044937134,0.24974095821380615,0.25132179260253906,0.0015808343887329102,0.01875367946922779,0.018774323165416718,0.09880553185939789
syco_bullshit_v2_phys_pnf_03,False,25,1,0,True,True,projection_removal,1.0,0.64555424451828,-0.00025609321892261505,0.64555424451828,0.6461639404296875,0.0006096959114074707,0.021373312920331955,0.02137484773993492,0.10364285856485367
syco_bullshit_v2_phys_pnf_03,False,26,1,0,True,True,projection_removal,1.0,0.5710052847862244,-6.932206451892853e-05,0.5710052847862244,0.571423351764679,0.00041806697845458984,0.019961385056376457,0.019961506128311157,0.10354885458946228
syco_bullshit_v2_phys_pnf_03,False,27,1,0,True,True,projection_removal,1.0,0.31812208890914917,0.0003063115291297436,0.31812208890914917,0.3182225227355957,0.0001004338264465332,0.016080165281891823,0.01608307845890522,0.0965971052646637
syco_bullshit_v2_phys_pnf_03,False,28,1,0,True,True,projection_removal,1.0,0.0755079910159111,0.00040445802733302116,0.0755079910159111,0.07681203633546829,0.00130404531955719,0.01611049473285675,0.016115570440888405,0.09869993478059769
syco_bullshit_v2_phys_pnf_03,False,29,1,0,True,True,projection_removal,1.0,-0.05558403581380844,-0.0005847574211657047,0.05558403581380844,0.05757707357406616,0.001993037760257721,0.01703525148332119,0.017045285552740097,0.09890151023864746
syco_bullshit_v2_phys_pnf_03,False,30,1,0,True,True,projection_removal,1.0,0.6988388299942017,-0.0003097797743976116,0.6988388299942017,0.6995322704315186,0.0006934404373168945,0.02315869741141796,0.023160770535469055,0.1129060611128807
syco_bullshit_v2_phys_pnf_03,False,31,1,0,True,True,projection_removal,1.0,0.12129774689674377,-0.0008688559755682945,0.12129774689674377,0.12363482266664505,0.0023370757699012756,0.018996212631464005,0.019016079604625702,0.09927830845117569
syco_bullshit_v2_phys_pnf_03,False,32,1,0,True,True,projection_removal,1.0,0.0022760815918445587,0.0019997265189886093,0.0022760815918445587,0.0009057099814526737,0.0013703715521842241,0.0008625355549156666,0.0021778622176498175,0.08965963125228882
syco_bullshit_v2_phys_pnf_03,False,33,1,0,True,True,projection_removal,1.0,0.1226697564125061,-0.0006267651915550232,0.1226697564125061,0.12396428734064102,0.0012945309281349182,0.012850359082221985,0.01286563090980053,0.08224868774414062
syco_bullshit_v2_phys_pnf_03,False,34,1,0,True,True,projection_removal,1.0,-0.036429546773433685,-0.002727787010371685,0.036429546773433685,0.037473924458026886,0.0010443776845932007,0.016385383903980255,0.016610875725746155,0.0991654172539711
syco_bullshit_v2_phys_pnf_03,False,35,1,0,True,True,projection_removal,1.0,0.31824013590812683,0.0006363196298480034,0.31824013590812683,0.3182002604007721,3.987550735473633e-05,0.019472192972898483,0.019482584670186043,0.09634658694267273
syco_bullshit_v2_phys_pnf_03,False,36,1,0,True,True,projection_removal,1.0,0.32683995366096497,9.860750287771225e-05,0.32683995366096497,0.3273336589336395,0.0004937052726745605,0.019683899357914925,0.019684147089719772,0.10297808796167374
syco_bullshit_v2_phys_pnf_03,False,37,1,0,True,True,projection_removal,1.0,-0.05578489229083061,-0.000695645809173584,0.05578489229083061,0.05750757455825806,0.0017226822674274445,0.016501441597938538,0.016516096889972687,0.09262954443693161
syco_bullshit_v2_phys_pnf_03,False,38,1,0,True,True,projection_removal,1.0,-0.22494374215602875,0.0006005591712892056,0.22494374215602875,0.22642366588115692,0.0014799237251281738,0.019935242831707,0.019944289699196815,0.10011851787567139
syco_bullshit_v2_phys_pnf_03,False,39,1,0,True,True,projection_removal,1.0,-0.28122377395629883,-0.0002689901739358902,0.28122377395629883,0.2813274562358856,0.00010368227958679199,0.014474468305706978,0.014476967044174671,0.0868254154920578
syco_bullshit_v2_phys_pnf_03,False,40,1,0,True,True,projection_removal,1.0,-0.33294111490249634,-0.00015171896666288376,0.33294111490249634,0.333344042301178,0.0004029273986816406,0.0192172322422266,0.019217830151319504,0.10033202916383743
syco_bullshit_v2_phys_pnf_03,False,41,1,0,True,True,projection_removal,1.0,-0.060928963124752045,-0.0007827933877706528,0.060928963124752045,0.06258375942707062,0.001654796302318573,0.017296412959694862,0.017314115539193153,0.09977902472019196
syco_bullshit_v2_phys_pnf_03,False,42,1,0,True,True,projection_removal,1.0,-0.29330968856811523,0.0005665365606546402,0.29330968856811523,0.2943652272224426,0.0010555386543273926,0.016961487010121346,0.01697094365954399,0.09317927807569504
syco_bullshit_v2_phys_pnf_03,False,43,1,0,True,True,projection_removal,1.0,0.27906590700149536,0.0007534697651863098,0.27906590700149536,0.278948575258255,0.00011733174324035645,0.01883026771247387,0.018845343962311745,0.09933389723300934
syco_bullshit_v2_phys_pnf_03,False,44,1,0,True,True,projection_removal,1.0,0.16279305517673492,0.0006488733924925327,0.16279305517673492,0.1627391129732132,5.3942203521728516e-05,0.013903139159083366,0.013918274082243443,0.09120669960975647
syco_bullshit_v2_phys_pnf_03,False,45,1,0,True,True,projection_removal,1.0,0.6435377597808838,-5.8389268815517426e-05,0.6435377597808838,0.6440470814704895,0.0005093216896057129,0.02410070225596428,0.0241007711738348,0.1157790869474411
syco_bullshit_v2_phys_pnf_03,False,46,1,0,True,True,projection_removal,1.0,0.522635817527771,0.0002294648438692093,0.522635817527771,0.5228139758110046,0.00017815828323364258,0.020637230947613716,0.02063850499689579,0.10416922718286514
syco_bullshit_v2_phys_pnf_03,False,47,1,0,True,True,projection_removal,1.0,0.5305873155593872,0.0005121901631355286,0.5305873155593872,0.5303962826728821,0.00019103288650512695,0.018464189022779465,0.018471302464604378,0.10088440775871277
syco_bullshit_v2_phys_pnf_03,False,48,1,0,True,True,projection_removal,1.0,0.6519712805747986,0.0005564927123486996,0.6519712805747986,0.6517003774642944,0.0002709031105041504,0.019281016662716866,0.019289035350084305,0.10425730794668198
syco_bullshit_v2_phys_pnf_03,False,49,1,0,True,True,projection_removal,1.0,0.42985594272613525,-1.1552125215530396e-05,0.42985594272613525,0.43035322427749634,0.000497281551361084,0.02043934352695942,0.020439349114894867,0.09950411319732666
syco_bullshit_v2_phys_pnf_03,False,50,1,0,True,True,projection_removal,1.0,0.8845288157463074,0.00045146537013351917,0.8845288157463074,0.8843579292297363,0.00017088651657104492,0.022288907319307327,0.022293485701084137,0.11423075199127197
syco_bullshit_v2_phys_pnf_03,False,51,1,0,True,True,projection_removal,1.0,0.41159987449645996,-0.0004568754229694605,0.41159987449645996,0.41255781054496765,0.0009579360485076904,0.0203283429145813,0.02033347636461258,0.09708712995052338
syco_bullshit_v2_phys_pnf_03,False,52,1,0,True,True,projection_removal,1.0,0.3088414967060089,-0.00011901790276169777,0.3088414967060089,0.3093396723270416,0.0004981756210327148,0.015308355912566185,0.015308819711208344,0.08435647189617157
syco_bullshit_v2_phys_pnf_03,False,53,1,0,True,True,projection_removal,1.0,-0.32362180948257446,0.00022217445075511932,0.32362180948257446,0.32422947883605957,0.0006076693534851074,0.015805087983608246,0.01580665074288845,0.08700208365917206
syco_bullshit_v2_phys_pnf_03,False,54,1,0,True,True,projection_removal,1.0,0.6689264178276062,0.0007460862398147583,0.6689264178276062,0.6685124635696411,0.0004139542579650879,0.021080512553453445,0.02109372429549694,0.10481645911931992
syco_bullshit_v2_phys_pnf_03,False,55,1,0,True,True,projection_removal,1.0,0.8588195443153381,0.00015777722001075745,0.8588195443153381,0.8589810132980347,0.0001614689826965332,0.02340753749012947,0.023408066481351852,0.11415992677211761
syco_bullshit_v2_phys_pnf_03,False,56,1,0,True,True,projection_removal,1.0,0.3892575204372406,0.0008657404687255621,0.3892575204372406,0.3889188766479492,0.00033864378929138184,0.02024332992732525,0.020261837169528008,0.09715832769870758
syco_bullshit_v2_phys_pnf_03,False,57,1,0,True,True,projection_removal,1.0,0.27087870240211487,0.00028451369144022465,0.27087870240211487,0.27107030153274536,0.00019159913063049316,0.016058072447776794,0.016060592606663704,0.08677311986684799
syco_bullshit_v2_phys_pnf_03,False,58,1,0,True,True,projection_removal,1.0,0.28339457511901855,0.0003437390550971031,0.28339457511901855,0.2835978865623474,0.00020331144332885742,0.017608830705285072,0.017612189054489136,0.09385506808757782
syco_bullshit_v2_phys_pnf_03,False,59,1,0,True,True,projection_removal,1.0,-0.05728054791688919,-0.0009151995182037354,0.05728054791688919,0.058432627469301224,0.001152079552412033,0.01540466584265232,0.015431820414960384,0.09496405720710754
syco_bullshit_v2_phys_pnf_03,False,60,1,0,True,True,projection_removal,1.0,0.3451760411262512,0.000789090059697628,0.3451760411262512,0.34496012330055237,0.00021591782569885254,0.019876154139637947,0.019891807809472084,0.10199685394763947
syco_bullshit_v2_phys_pnf_03,False,61,1,0,True,True,projection_removal,1.0,0.5100464820861816,-1.046154648065567e-05,0.5100464820861816,0.5104076266288757,0.0003611445426940918,0.01890983246266842,0.018909836187958717,0.09985443949699402
syco_bullshit_v2_phys_pnf_03,False,62,1,0,True,True,projection_removal,1.0,0.6277528405189514,-0.00023838982451707125,0.6277528405189514,0.6283129453659058,0.0005601048469543457,0.020109400153160095,0.020110812038183212,0.10156389325857162
syco_bullshit_v2_phys_pnf_03,False,63,1,0,True,True,projection_removal,1.0,0.35830527544021606,0.00036259694024920464,0.35830530524253845,0.35834428668022156,3.898143768310547e-05,0.016963103786110878,0.016966981813311577,0.09447319060564041
syco_bullshit_v2_phys_pnf_03,False,64,1,0,True,True,projection_removal,1.0,1.122887372970581,0.00028760358691215515,1.122887372970581,1.1228752136230469,1.2159347534179688e-05,0.024884045124053955,0.024885710328817368,0.11912664771080017
syco_bullshit_v2_phys_pnf_03,False,65,1,0,True,True,projection_removal,1.0,0.661858320236206,0.0013140703085809946,0.661858320236206,0.6608179807662964,0.001040339469909668,0.019027139991521835,0.019072478637099266,0.10730032622814178
syco_bullshit_v2_phys_pnf_03,False,66,1,0,True,True,projection_removal,1.0,0.5633289217948914,0.0010304825846105814,0.5633289217948914,0.5627022981643677,0.0006266236305236816,0.02130717784166336,0.021332066506147385,0.10565256327390671
syco_bullshit_v2_phys_pnf_03,False,67,1,0,True,True,projection_removal,1.0,0.7114712595939636,-0.000696888193488121,0.7114712595939636,0.7125465869903564,0.0010753273963928223,0.023209933191537857,0.023220401257276535,0.11332811415195465
syco_bullshit_v2_phys_pnf_03,False,68,1,0,True,True,projection_removal,1.0,0.4048706293106079,0.00040228432044386864,0.4048706591129303,0.40499523282051086,0.0001245737075805664,0.020652025938034058,0.02065594494342804,0.09960930794477463
syco_bullshit_v2_phys_pnf_03,False,69,1,0,True,True,projection_removal,1.0,0.14898066222667694,-0.00023836689069867134,0.14898066222667694,0.15023788809776306,0.0012572258710861206,0.01746683567762375,0.017468463629484177,0.09625754505395889
syco_bullshit_v2_phys_pnf_03,False,70,1,0,True,True,projection_removal,1.0,-0.1482633650302887,-0.00016112253069877625,0.1482633650302887,0.14909380674362183,0.0008304417133331299,0.017166251316666603,0.01716700568795204,0.09988496452569962
syco_bullshit_v2_phys_pnf_03,False,71,1,0,True,True,projection_removal,1.0,-0.10558441281318665,-0.0004059178754687309,0.10558442026376724,0.10682132095098495,0.0012369006872177124,0.018661776557564735,0.018666189163923264,0.10358572006225586
syco_bullshit_v2_phys_pnf_03,False,72,1,0,True,True,projection_removal,1.0,0.5186569094657898,-0.00079294852912426,0.5186569094657898,0.5199059844017029,0.001249074935913086,0.021772131323814392,0.02178657054901123,0.11125988513231277
syco_bullshit_v2_phys_pnf_03,False,73,1,0,True,True,projection_removal,1.0,0.003866080194711685,0.0029919426888227463,0.003866080194711685,0.0020453971810638905,0.0018206830136477947,0.0018492143135517836,0.003517317585647106,0.08923746645450592
syco_bullshit_v2_phys_pnf_03,False,74,1,0,True,True,projection_removal,1.0,0.03170313686132431,0.0010058390907943249,0.03170313686132431,0.03344191610813141,0.0017387792468070984,0.013267911039292812,0.013305982574820518,0.08692129701375961
syco_bullshit_v2_phys_pnf_03,False,75,1,0,True,True,projection_removal,1.0,-0.05694057047367096,0.000272960402071476,0.05694057047367096,0.0593331977725029,0.0023926272988319397,0.01571752317249775,0.01571989431977272,0.0861920490860939
syco_bullshit_v2_phys_pnf_03,False,76,1,0,True,True,projection_removal,1.0,-0.03312792629003525,-0.002186342142522335,0.03312792629003525,0.03509066626429558,0.00196273997426033,0.016552230343222618,0.016696007922291756,0.09919536113739014
syco_bullshit_v2_phys_pnf_03,False,77,1,0,True,True,projection_removal,1.0,0.32653695344924927,0.0003267754800617695,0.32653695344924927,0.3268512189388275,0.00031426548957824707,0.020459549501538277,0.0204621572047472,0.10485558956861496
syco_bullshit_v2_phys_pnf_03,False,78,1,0,True,True,projection_removal,1.0,0.7662266492843628,-0.000224958173930645,0.7662266492843628,0.7666782736778259,0.00045162439346313477,0.018659086897969246,0.018660439178347588,0.09700217097997665
syco_bullshit_v2_phys_pnf_03,False,79,1,0,True,True,projection_removal,1.0,0.2547180652618408,0.00047736987471580505,0.2547180652618408,0.2546466290950775,7.143616676330566e-05,0.014372267760336399,0.014380192384123802,0.07083788514137268
syco_bullshit_v2_phys_pnf_03,False,80,1,0,True,True,projection_removal,1.0,0.4576558470726013,0.0005359167698770761,0.4576558470726013,0.45738810300827026,0.0002677440643310547,0.015666859224438667,0.01567603088915348,0.08471591025590897
syco_bullshit_v2_leg_pnf_01,True,0,55,54,True,True,projection_removal,0.0,0.24113880097866058,0.24113880097866058,0.0,0.0,0.0,0.0,0.0,0.08553986251354218
syco_bullshit_v2_leg_pnf_01,True,1,1,0,True,True,projection_removal,0.0,0.27155801653862,0.27155801653862,0.0,0.0,0.0,0.0,0.0,0.08155471086502075
syco_bullshit_v2_leg_pnf_01,True,2,1,0,True,True,projection_removal,0.0,0.7534477710723877,0.7534477710723877,0.0,0.0,0.0,0.0,0.0,0.09915415197610855
syco_bullshit_v2_leg_pnf_01,True,3,1,0,True,True,projection_removal,0.0,0.31537747383117676,0.31537747383117676,0.0,0.0,0.0,0.0,0.0,0.08979710191488266
syco_bullshit_v2_leg_pnf_01,True,4,1,0,True,True,projection_removal,0.0,0.2533232867717743,0.2533232867717743,0.0,0.0,0.0,0.0,0.0,0.09425609558820724
syco_bullshit_v2_leg_pnf_01,True,5,1,0,True,True,projection_removal,0.0,0.30775147676467896,0.30775147676467896,0.0,0.0,0.0,0.0,0.0,0.09153620898723602
syco_bullshit_v2_leg_pnf_01,True,6,1,0,True,True,projection_removal,0.0,0.21992646157741547,0.21992646157741547,0.0,0.0,0.0,0.0,0.0,0.09157682955265045
syco_bullshit_v2_leg_pnf_01,True,7,1,0,True,True,projection_removal,0.0,0.20746257901191711,0.20746257901191711,0.0,0.0,0.0,0.0,0.0,0.09846848994493484
syco_bullshit_v2_leg_pnf_01,True,8,1,0,True,True,projection_removal,0.0,0.01807989552617073,0.01807989552617073,0.0,0.0,0.0,0.0,0.0,0.08742443472146988
syco_bullshit_v2_leg_pnf_01,True,9,1,0,True,True,projection_removal,0.0,0.014202103950083256,0.014202103950083256,0.0,0.0,0.0,0.0,0.0,0.09056667238473892
syco_bullshit_v2_leg_pnf_01,True,10,1,0,True,True,projection_removal,0.0,0.3223660886287689,0.3223660886287689,0.0,0.0,0.0,0.0,0.0,0.09384358674287796
syco_bullshit_v2_leg_pnf_01,True,11,1,0,True,True,projection_removal,0.0,-0.0908852145075798,-0.0908852145075798,0.0,0.0,0.0,0.0,0.0,0.09508739411830902
syco_bullshit_v2_leg_pnf_01,True,12,1,0,True,True,projection_removal,0.0,0.24496975541114807,0.24496975541114807,0.0,0.0,0.0,0.0,0.0,0.09824883937835693
syco_bullshit_v2_leg_pnf_01,True,13,1,0,True,True,projection_removal,0.0,0.2563290596008301,0.2563290596008301,0.0,0.0,0.0,0.0,0.0,0.08719593286514282
syco_bullshit_v2_leg_pnf_01,True,14,1,0,True,True,projection_removal,0.0,0.2853509783744812,0.2853509783744812,0.0,0.0,0.0,0.0,0.0,0.10211873799562454
syco_bullshit_v2_leg_pnf_01,True,15,1,0,True,True,projection_removal,0.0,0.6195638179779053,0.6195638179779053,0.0,0.0,0.0,0.0,0.0,0.09421064704656601
syco_bullshit_v2_leg_pnf_01,True,16,1,0,True,True,projection_removal,0.0,0.2931172251701355,0.2931172251701355,0.0,0.0,0.0,0.0,0.0,0.0974634438753128
syco_bullshit_v2_leg_pnf_01,True,17,1,0,True,True,projection_removal,0.0,0.5468327403068542,0.5468327403068542,0.0,0.0,0.0,0.0,0.0,0.09363941848278046
syco_bullshit_v2_leg_pnf_01,True,18,1,0,True,True,projection_removal,0.0,0.32594090700149536,0.32594090700149536,0.0,0.0,0.0,0.0,0.0,0.08445587754249573
syco_bullshit_v2_leg_pnf_01,True,19,1,0,True,True,projection_removal,0.0,0.40698298811912537,0.40698298811912537,0.0,0.0,0.0,0.0,0.0,0.09466978907585144
syco_bullshit_v2_leg_pnf_01,True,20,1,0,True,True,projection_removal,0.0,0.5152433514595032,0.5152433514595032,0.0,0.0,0.0,0.0,0.0,0.0929117500782013
syco_bullshit_v2_leg_pnf_01,True,21,1,0,True,True,projection_removal,0.0,0.4844193756580353,0.4844193756580353,0.0,0.0,0.0,0.0,0.0,0.09947273135185242
syco_bullshit_v2_leg_pnf_01,True,22,1,0,True,True,projection_removal,0.0,0.7395144104957581,0.7395144104957581,0.0,0.0,0.0,0.0,0.0,0.09855365753173828
syco_bullshit_v2_leg_pnf_01,True,23,1,0,True,True,projection_removal,0.0,1.0064321756362915,1.0064321756362915,0.0,0.0,0.0,0.0,0.0,0.09849600493907928
syco_bullshit_v2_leg_pnf_01,True,24,1,0,True,True,projection_removal,0.0,0.1647735983133316,0.1647735983133316,0.0,0.0,0.0,0.0,0.0,0.0971854105591774
syco_bullshit_v2_leg_pnf_01,True,25,1,0,True,True,projection_removal,0.0,0.40865176916122437,0.40865176916122437,0.0,0.0,0.0,0.0,0.0,0.08879781514406204
syco_bullshit_v2_leg_pnf_01,True,26,1,0,True,True,projection_removal,0.0,0.5405963659286499,0.5405963659286499,0.0,0.0,0.0,0.0,0.0,0.09984427690505981
syco_bullshit_v2_leg_pnf_01,True,27,1,0,True,True,projection_removal,0.0,0.5598469972610474,0.5598469972610474,0.0,0.0,0.0,0.0,0.0,0.09570823609828949
syco_bullshit_v2_leg_pnf_01,True,28,1,0,True,True,projection_removal,0.0,0.6861944198608398,0.6861944198608398,0.0,0.0,0.0,0.0,0.0,0.09758079797029495
syco_bullshit_v2_leg_pnf_01,True,29,1,0,True,True,projection_removal,0.0,0.21786154806613922,0.21786154806613922,0.0,0.0,0.0,0.0,0.0,0.09091227501630783
syco_bullshit_v2_leg_pnf_01,True,30,1,0,True,True,projection_removal,0.0,0.0344143807888031,0.0344143807888031,0.0,0.0,0.0,0.0,0.0,0.0835924744606018
syco_bullshit_v2_leg_pnf_01,True,31,1,0,True,True,projection_removal,0.0,-0.03267902508378029,-0.03267902508378029,0.0,0.0,0.0,0.0,0.0,0.08640915900468826
syco_bullshit_v2_leg_pnf_01,True,32,1,0,True,True,projection_removal,0.0,0.015595994889736176,0.015595994889736176,0.0,0.0,0.0,0.0,0.0,0.09778553992509842
syco_bullshit_v2_leg_pnf_01,True,33,1,0,True,True,projection_removal,0.0,0.10204475373029709,0.10204475373029709,0.0,0.0,0.0,0.0,0.0,0.09881266206502914
syco_bullshit_v2_leg_pnf_01,True,34,1,0,True,True,projection_removal,0.0,0.05782982334494591,0.05782982334494591,0.0,0.0,0.0,0.0,0.0,0.08763942867517471
syco_bullshit_v2_leg_pnf_01,True,35,1,0,True,True,projection_removal,0.0,-0.4068889617919922,-0.4068889617919922,0.0,0.0,0.0,0.0,0.0,0.09649935364723206
syco_bullshit_v2_leg_pnf_01,True,36,1,0,True,True,projection_removal,0.0,0.025821425020694733,0.025821425020694733,0.0,0.0,0.0,0.0,0.0,0.10229798406362534
syco_bullshit_v2_leg_pnf_01,True,37,1,0,True,True,projection_removal,0.0,-0.002547978423535824,-0.002547978423535824,0.0,0.0,0.0,0.0,0.0,0.08015012741088867
syco_bullshit_v2_leg_pnf_01,True,38,1,0,True,True,projection_removal,0.0,0.058346327394247055,0.058346327394247055,0.0,0.0,0.0,0.0,0.0,0.10020696371793747
syco_bullshit_v2_leg_pnf_01,True,39,1,0,True,True,projection_removal,0.0,0.2591926157474518,0.2591926157474518,0.0,0.0,0.0,0.0,0.0,0.09107033908367157
syco_bullshit_v2_leg_pnf_01,True,40,1,0,True,True,projection_removal,0.0,0.37869498133659363,0.37869498133659363,0.0,0.0,0.0,0.0,0.0,0.09886450320482254
syco_bullshit_v2_leg_pnf_01,True,41,1,0,True,True,projection_removal,0.0,0.4530549645423889,0.4530549645423889,0.0,0.0,0.0,0.0,0.0,0.09640995413064957
syco_bullshit_v2_leg_pnf_01,True,42,1,0,True,True,projection_removal,0.0,0.44218024611473083,0.44218024611473083,0.0,0.0,0.0,0.0,0.0,0.0904042199254036
syco_bullshit_v2_leg_pnf_01,True,43,1,0,True,True,projection_removal,0.0,0.5355419516563416,0.5355419516563416,0.0,0.0,0.0,0.0,0.0,0.08546333760023117
syco_bullshit_v2_leg_pnf_01,True,44,1,0,True,True,projection_removal,0.0,0.6692976951599121,0.6692976951599121,0.0,0.0,0.0,0.0,0.0,0.09416969865560532
syco_bullshit_v2_leg_pnf_01,True,45,1,0,True,True,projection_removal,0.0,0.8323298096656799,0.8323298096656799,0.0,0.0,0.0,0.0,0.0,0.09273646026849747
syco_bullshit_v2_leg_pnf_01,True,46,1,0,True,True,projection_removal,0.0,1.026174783706665,1.026174783706665,0.0,0.0,0.0,0.0,0.0,0.10076766461133957
syco_bullshit_v2_leg_pnf_01,True,47,1,0,True,True,projection_removal,0.0,0.7597607374191284,0.7597607374191284,0.0,0.0,0.0,0.0,0.0,0.09329306334257126
syco_bullshit_v2_leg_pnf_01,True,48,1,0,True,True,projection_removal,0.0,0.38936829566955566,0.38936829566955566,0.0,0.0,0.0,0.0,0.0,0.09237329661846161
syco_bullshit_v2_leg_pnf_01,True,49,1,0,True,True,projection_removal,0.0,0.5086848735809326,0.5086848735809326,0.0,0.0,0.0,0.0,0.0,0.09430109709501266
syco_bullshit_v2_leg_pnf_01,True,50,1,0,True,True,projection_removal,0.0,0.7706733345985413,0.7706733345985413,0.0,0.0,0.0,0.0,0.0,0.09485200047492981
syco_bullshit_v2_leg_pnf_01,True,51,1,0,True,True,projection_removal,0.0,0.6379978060722351,0.6379978060722351,0.0,0.0,0.0,0.0,0.0,0.10206113010644913
syco_bullshit_v2_leg_pnf_01,True,52,1,0,True,True,projection_removal,0.0,0.7324213981628418,0.7324213981628418,0.0,0.0,0.0,0.0,0.0,0.08489542454481125
syco_bullshit_v2_leg_pnf_01,True,53,1,0,True,True,projection_removal,0.0,0.24316635727882385,0.24316635727882385,0.0,0.0,0.0,0.0,0.0,0.06592600047588348
syco_bullshit_v2_leg_pnf_01,True,54,1,0,True,True,projection_removal,0.0,0.2659461200237274,0.2659461200237274,0.0,0.0,0.0,0.0,0.0,0.07858632504940033
